start_time,end_time
6.1434162639625,9.3801334760375
15.8708090979625,18.9114480805
24.509015416962498,27.745732629037498
33.1122173659625,36.3489345780375
