start_time,end_time
6.8278474523125,10.8491884236875
18.3943075043125,22.415648475687497
31.5330741963125,35.5544151676875
42.7693545753125,46.7906955466875
