start_time,end_time
5.9372076789125,9.5277561010875
14.9138545119125,18.504402934087498
25.7441097489125,29.334658171087497
35.9286761689125,39.5192245910875
