start_time,end_time
6.7864680859624995,10.2668635680375
17.0542399799625,20.534635462037496
24.9720228539625,28.452418336037496
34.618179216962496,38.0985746990375
