start_time,end_time
5.6384034533375,9.0012594686625
14.9654142803375,18.3282702956625
20.5761555143375,23.9390115296625
29.62856015325,32.405858263662495
