start_time,end_time
3.03655574205,6.9466691459500005
14.309976017050001,18.22008942095
23.400756026,26.837533911949997
37.530045259050006,41.44015866295
