start_time,end_time
3.6975108690374996,7.771907502962501
12.3607369270375,16.435133560962498
24.4959775595,26.7941378039625
36.74396633925,40.2416117869625
