start_time,end_time
2.6802166275750006,6.2701973604250005
11.710225922575,15.300206655425
22.654293305575,26.244274038425
34.419985704575,38.009966437425
