start_time,end_time
3.8390000812750005,7.861330344725
14.400490261275001,18.422820524725
29.888468764275,33.910799027725
40.125856735275,44.148186998724995
