start_time,end_time
7.8565340147375,11.70883146175
15.881418771737499,19.7940682102625
25.8046982617375,29.7173477002625
37.8866209097375,41.7992703482625
