start_time,end_time
2.6819806695,6.163512602500001
15.2655988355,18.7471307685
24.006106350499998,27.487638283499997
34.714438374500006,38.1959703075
