start_time,end_time
7.835371135375,10.6072948975
13.889764174375,17.471952643625
25.595570159375,29.177758628625
32.579142386375004,36.161330855624996
