start_time,end_time
7.798321788312501,10.60906523125
17.692096277312498,21.2181304625
26.5857669933125,30.1684865626875
35.5122807513125,39.0950003206875
