start_time,end_time
6.780473255075,9.8766070195
15.480656095075,18.843638200925
23.663292754074998,27.026274859925
32.361618491075,35.724600596925
