start_time,end_time
3.4131419262750002,6.648303311725001
11.152991587275,14.388152972725
25.554695344275,28.3516138545
29.804853057275,33.040014442724996
