start_time,end_time
6.4475375988375,10.247938955162502
15.804124873837502,19.6045262301625
26.3419041078375,30.142305464162497
37.2856475768375,41.0860489331625
