start_time,end_time
5.2976495381,9.0979993659
13.3594319091,17.159781736899998
22.7653393881,26.565689215899997
35.9944681121,39.7948179399
