start_time,end_time
6.0842631902874995,10.1580277677125
14.820305029287498,18.894069606712495
25.2559218132875,29.329686390712496
36.73764577425,40.5924416837125
