start_time,end_time
5.398049754025,8.671371833975
14.862961993025,18.136284072975
22.543766364025,25.817088443975
28.733220799499996,30.833975167974998
