start_time,end_time
6.943963313325,10.676913316675
15.480493708325,19.213443711674998
25.303122957325,29.036072960675
33.531536044324994,37.264486047675
