start_time,end_time
8.3053409824875,12.6561598055125
19.1119806884875,23.4627995115125
37.0833549044875,39.50818823025
43.8859366384875,48.2367554615125
