start_time,end_time
6.515171731624999,10.010743482375
13.176555266625,16.672127017374997
25.347747886625,28.843319637374996
33.664808153625,37.160379904375
