start_time,end_time
5.48752628015,8.76039761385
14.15105055515,17.42392188885
22.33285962915,25.605730962849997
30.815930050150005,34.088801383850004
