start_time,end_time
5.058154799412501,8.6897658925875
17.372605771412502,21.004216864587498
24.528163480412502,28.159774573587498
32.31611093175,34.5800240705875
