start_time,end_time
3.8882884276250005,8.272623024375
20.186170181625,24.570504778375
32.035585276625,36.419919873375
41.605865268624996,45.990199865375
