start_time,end_time
7.939773487399999,10.317959524
16.483955081399998,19.9793429386
25.887859025399997,29.383246882599998
34.8722581804,38.3676460376
