start_time,end_time
7.3934215130375,10.77390699975
16.2935196910375,19.9256917909625
25.0407701020375,28.6729422019625
33.3207886460375,36.95296074596249
