start_time,end_time
4.0487780825,7.995526315499999
14.555022431500001,18.5017706645
25.902655519499998,29.8494037525
36.7318441275,40.6785923605
