start_time,end_time
8.414362063225,12.2123129585
16.535553896224997,20.599247783775
24.920494215225,28.984188102775
38.557088165225004,42.620782052775
