start_time,end_time
5.1004117245875,9.0495492814125
13.404348309587501,17.3534858664125
24.3147249095875,28.2638624664125
35.49137556825,39.3930416824125
