start_time,end_time
6.7784084548125,10.425196111187502
16.9379980478125,20.584785704187496
23.1186412288125,26.765428885187497
35.8913283128125,39.5381159691875
