start_time,end_time
8.50097960125,10.825024485
17.96644556525,21.613952910749997
27.371646331250002,31.019153676749998
35.72128571925,39.368793064749994
