start_time,end_time
6.867690018375,10.931257617625
17.856664698375,21.920232297625
28.746010726375,32.809578325625
38.594998033375,42.658565632625
