start_time,end_time
7.157639510987499,11.5418294010125
19.7269302679875,24.111120158012497
31.217847570987498,35.60203746101249
42.2443627639875,46.628552654012495
