start_time,end_time
7.3768483526375,11.728569683362501
19.6697139766375,24.0214353073625
30.0811436006375,34.432864931362495
42.8748003586375,47.22652168936249
