start_time,end_time
7.3458192908374995,11.079836509162499
15.837088806837501,19.5711060251625
22.2267814555,25.9162144071625
34.7581331998375,38.4921504181625
