start_time,end_time
6.6146086981500005,10.63037565385
18.42738760815,22.44315456385
28.77720269615,32.79296965185
36.157669557,39.38551219985
