start_time,end_time
8.282385142275,12.412333109725
17.507534819274998,21.637482786725
27.835068861274998,31.965016828725
37.299479674500006,39.719408914725
