start_time,end_time
5.782405941737499,9.7858049902625
17.3085078297375,21.311906878262498
28.8438427457375,32.8472417942625
39.8746151417375,43.878014190262505
