start_time,end_time
1.6268766498125,5.206106760187501
13.1625644438125,16.7417945541875
22.6138972218125,26.1931273321875
33.7349778848125,37.3142079951875
