start_time,end_time
8.0427365766375,10.98421799575
17.1256695706375,20.820934969362497
28.1493430336375,31.8446084323625
39.565196534637494,43.2604619333625
