start_time,end_time
7.8939133063,11.9463457097
17.3136667873,21.366099190699998
26.6602966983,30.7127291017
37.7132411643,41.7656735677
