start_time,end_time
3.3107921778625,6.306488662137501
11.516479167862501,14.5121756521375
19.5947980468625,22.5904945311375
28.9766358028625,31.9723322871375
