start_time,end_time
3.5174772343000003,7.5433204697
17.7756552303,21.801498465699996
29.0025609803,33.0284042157
41.8200441293,45.8458873647
