start_time,end_time
8.196411813725,12.1808352285
17.332518868725,21.386769437274996
27.171858541725,31.226109110274997
38.556755706725,42.611006275274995
