start_time,end_time
3.9166125242250005,8.100290067775001
19.981016252225,24.164693795774998
31.914406672225,36.098084215774996
39.083058046225,43.266735589774996
