start_time,end_time
7.679174431662501,11.8621893783375
18.8690576296625,23.0520725763375
30.8996484016625,35.0826633483375
42.0668943406625,46.249909287337495
