start_time,end_time
2.5594876549875,5.555583731012501
12.7801440989875,15.7762401750125
17.3073071735,19.668044097012498
25.96096076025,27.924939090012497
