start_time,end_time
7.1489125241875,10.845080809812501
17.6624642871875,21.3586325728125
27.9828252821875,31.678993567812498
38.4076278741875,42.1037961598125
