start_time,end_time
4.2456857177,7.8249107763
13.187162602699999,16.766387661299998
23.429931533700003,27.0091565923
33.0832737327,36.662498791299996
