start_time,end_time
7.745326246712501,11.875855045287501
17.9273832977125,22.0579120962875
28.1350327897125,32.265561588287504
38.7507492677125,42.88127806628749
