start_time,end_time
5.3032564935375,9.3057568344625
18.4804780575375,22.482978398462496
25.755346452537502,29.757846793462498
38.0497039745375,42.052204315462504
