start_time,end_time
8.116556934512499,12.05066054325
17.6401203545125,21.655318517487498
28.9725313515125,32.9877295144875
38.4973329615125,42.5125311244875
