start_time,end_time
9.174643680812501,12.08313892125
17.717100701812498,21.7420423781875
27.8884632508125,31.9134049271875
41.4037256118125,45.4286672881875
