timestamp,_data,_check_fields,time,_data_parsed
6849563282,"array('h', [-1, -4, -5, -1, -1, 0, -2, -5])",False,6.849563282,"[-4, -5, -6, -1, -1, -1, -1, -6]"
6871005128,"array('h', [-1, 1, -2, -3, -1, 0, 0, 3])",False,6.871005128,"[0, 1, -3, -5, -2, 0, -1, 3]"
6885553993,"array('h', [1, 0, 2, 4, 1, 0, -3, -3])",False,6.885553993,"[0, 1, 2, 3, 1, 0, -1, -1]"
6916542118,"array('h', [-2, -2, -5, -3, 0, -3, -1, 0])",False,6.916542118,"[-1, -1, -2, 1, 0, -2, -3, -3]"
6932005316,"array('h', [0, -4, -3, -4, -2, 1, -2, 0])",False,6.932005316,"[-1, -4, -5, -5, -1, -2, -2, 0]"
6945776429,"array('h', [-4, -3, -5, -3, -3, -2, -1, 0])",False,6.945776429,"[-2, -4, -5, -5, -3, 1, -2, -1]"
6968639166,"array('h', [0, -4, 0, 0, 0, 0, -2, 0])",False,6.968639166,"[-2, -3, -3, -3, -3, -2, -2, -1]"
6991717863,"array('h', [-3, 0, -2, -1, 0, -2, 0, 0])",False,6.991717863,"[-2, -5, -2, 0, 0, -2, -1, 0]"
7013152015,"array('h', [2, 0, 4, 4, 1, -2, 0, 1])",False,7.013152015,"[-1, 0, 0, -1, 0, -1, -2, 0]"
7027336256,"array('h', [1, 5, 6, 7, 1, -3, -1, -1])",False,7.027336256,"[-1, -1, -1, 0, 1, -3, 0, 2]"
7050933674,"array('h', [2, -2, 1, -5, -3, 0, 0, 0])",False,7.050933674,"[2, 2, 6, 6, 1, -3, 0, 0]"
7073002011,"array('h', [3, 20, 3, 0, 0, -5, -9, -8])",False,7.073002011,"[4, 4, 7, 7, 2, -2, -2, -1]"
7088405751,"array('h', [0, 2, 14, 21, 8, 5, 0, 0])",False,7.088405751,"[0, -3, 0, -5, -4, -2, 0, -1]"
7110336808,"array('h', [-2, -2, -16, -13, -7, -4, 0, 0])",False,7.110336808,"[6, 16, 1, -7, -3, -4, -8, -5]"
7132923011,"array('h', [2, -1, 2, 4, 2, 3, -1, 1])",False,7.132923011,"[1, 16, 18, 24, 10, 1, -6, -8]"
7147209054,"array('h', [-3, 1, -21, -16, -8, -6, -4, -3])",False,7.147209054,"[-2, -9, -5, 0, -2, 4, 7, 8]"
7170429534,"array('h', [3, 0, 7, 22, 5, -1, -3, 0])",False,7.170429534,"[1, 5, -8, -5, -3, -5, -7, -7]"
7193054119,"array('h', [10, 17, 29, 66, 16, 2, 3, 5])",False,7.193054119,"[0, -9, -7, -5, -2, 4, 5, 8]"
7207911004,"array('h', [-2, 1, 6, -7, -6, -1, -8, -11])",False,7.207911004,"[-1, 9, -6, -2, -2, -6, -10, -9]"
7231153272,"array('h', [-2, 7, 18, 14, 8, 6, 5, 2])",False,7.231153272,"[-2, -8, -22, -11, -7, -6, 0, 3]"
7253104033,"array('h', [1, 0, 1, 12, 3, 3, 3, 2])",False,7.253104033,"[12, 19, 52, 86, 26, 6, 0, 4]"
7267221484,"array('h', [0, -2, 5, 12, 1, 0, 3, 5])",False,7.267221484,"[5, 8, -4, 16, -3, -3, -1, -1]"
7290471626,"array('h', [-10, -5, -1, 0, -1, 1, -3, -10])",False,7.290471626,"[-6, 3, 26, 1, 0, 2, -7, -12]"
7313251258,"array('h', [-17, -4, 7, 6, 3, -1, 0, -9])",False,7.313251258,"[0, 7, 7, 10, 7, 7, 6, 4]"
7328041572,"array('h', [16, 11, -5, -3, -1, 3, 2, 2])",False,7.328041572,"[0, 2, 8, 17, 5, 3, 5, 4]"
7366185142,"array('h', [9, -1, -5, -1, -5, -18, -8, -24])",False,7.366185142,"[1, -3, 4, 11, 1, 1, 3, 2]"
7372892139,"array('h', [0, -13, -7, -4, -5, -6, 4, 19])",False,7.372892139,"[-2, -2, -2, 4, -1, 0, 0, 3]"
7395451859,"array('h', [29, 22, 10, 6, 2, -3, -10, 7])",False,7.395451859,"[-22, -8, 6, 4, 1, 0, -4, -21]"
7417937452,"array('h', [26, 6, -8, -7, -3, -2, 9, 34])",False,7.417937452,"[-5, 1, 1, 3, 2, 0, -1, 2]"
7440300102,"array('h', [-29, -13, -14, -9, -3, 4, 10, 10])",False,7.440300102,"[15, 12, -3, -2, -1, 2, 6, -1]"
7447077361,"array('h', [-13, 0, -2, 0, 1, 3, -4, -10])",False,7.447077361,"[13, 0, -7, -3, -7, -16, -15, -28]"
7470467001,"array('h', [-40, 17, 5, 1, 1, -4, -1, -29])",False,7.470467001,"[0, -16, -8, -4, -5, -14, 10, 17]"
7492804893,"array('h', [-11, -11, -4, -2, -7, -11, -31, -35])",False,7.492804893,"[11, 8, 6, 3, -1, 3, -10, 7]"
7515576297,"array('h', [-27, 0, 6, 3, 4, 5, -6, -21])",False,7.515576297,"[48, 26, 5, 2, 2, -9, -3, 25]"
7530437988,"array('h', [16, 12, 6, 6, 10, 26, -30, -39])",False,7.530437988,"[-2, -8, -12, -9, -5, 3, 14, 24]"
7552693386,"array('h', [0, -3, -5, -6, -1, 4, -6, 8])",False,7.552693386,"[-17, -6, -16, -11, -3, 3, 8, 22]"
7575615312,"array('h', [19, 17, 12, 6, 10, 12, 0, 12])",False,7.575615312,"[-29, -11, -2, 3, 2, 3, -5, -29]"
7590386424,"array('h', [-32, 3, 7, 6, 5, 3, 5, -1])",False,7.590386424,"[-19, 29, 5, -1, 2, 0, 2, -3]"
7612737611,"array('h', [37, 15, 3, 2, 3, 4, 6, 28])",False,7.612737611,"[-44, -12, -2, 1, -3, -13, -22, -60]"
7635504497,"array('h', [-14, 2, -6, -5, -5, -6, -12, -50])",False,7.635504497,"[5, 1, 0, -3, -6, -6, -26, -8]"
7650694363,"array('h', [15, -6, -13, -9, -12, -19, -26, -34])",False,7.650694363,"[-43, -9, 5, 6, 9, 13, -4, -40]"
7672737935,"array('h', [5, 6, 0, -1, -3, 4, 12, 25])",False,7.672737935,"[41, 31, 11, 8, 10, 26, -35, -31]"
7695418182,"array('h', [18, 11, 1, 0, 0, -5, 6, 31])",False,7.695418182,"[-21, -25, -14, -10, -4, 7, -7, 2]"
7710228105,"array('h', [18, -3, -10, -8, -8, 0, -9, 10])",False,7.710228105,"[37, 36, 17, 7, 11, 7, 1, 19]"
7732924738,"array('h', [-1, 4, 2, 0, 2, -4, -2, -31])",False,7.732924738,"[-27, -9, 4, 4, 6, 13, -1, -2]"
7755566981,"array('h', [13, 13, 12, 7, 5, 5, 2, 17])",False,7.755566981,"[-6, 21, 12, 8, 7, -2, 12, 12]"
7770426614,"array('h', [26, -7, 0, 0, 2, 4, 7, 46])",False,7.770426614,"[38, 4, -4, -2, 0, 6, -1, 22]"
7793055722,"array('h', [5, -11, -5, -1, -4, -10, 6, 36])",False,7.793055722,"[-20, 9, -2, -3, -4, -6, -11, -59]"
7815589397,"array('h', [11, 17, 8, 6, 8, -4, -4, 2])",False,7.815589397,"[12, -13, -18, -12, -15, -26, -31, -41]"
7830389892,"array('h', [-4, -30, -7, 0, 2, 19, 25, -6])",False,7.830389892,"[17, 7, -2, -2, -5, 8, 5, 21]"
7853101047,"array('h', [-27, -11, 0, 2, 1, -9, -12, -14])",False,7.853101047,"[-1, 10, 2, 0, 1, -7, 16, 24]"
7881402529,"array('h', [-28, -11, -6, -7, -12, -53, -52, -10])",False,7.881402529,"[33, 8, -2, -3, -3, 1, -4, 37]"
7890431490,"array('h', [-26, -15, 0, 2, 11, 28, -13, -34])",False,7.89043149,"[7, -7, -12, -10, -9, -5, -8, -10]"
7913039357,"array('h', [-29, -27, -21, -14, -13, -18, -16, 12])",False,7.913039357,"[0, 9, 7, 4, 6, -2, -2, -27]"
7935485634,"array('h', [7, 17, 5, -8, 6, 18, 39, 39])",False,7.935485634,"[14, 9, 9, 4, 3, 5, 0, 10]"
7950392268,"array('h', [-1, 12, 3, 0, 3, -2, -8, 0])",False,7.950392268,"[22, 6, 8, 7, 8, 5, 9, 43]"
7973077026,"array('h', [-13, -22, -12, -15, -24, -28, -11, -12])",False,7.973077026,"[21, -24, -12, -7, -8, -1, 6, 47]"
7995611705,"array('h', [37, -5, -9, -2, 17, 9, -24, 2])",False,7.995611705,"[-1, 10, 6, 7, 5, -16, 5, 21]"
8010595800,"array('h', [-59, 9, 8, 13, -1, 1, -7, -58])",False,8.0105958,"[15, 8, 4, 2, 4, 5, -5, -3]"
8033182093,"array('h', [47, 5, -11, -10, -11, -7, -6, 10])",False,8.033182093,"[-5, -32, -7, 1, 6, 15, 30, -2]"
8055335404,"array('h', [3, 0, 0, 5, 1, -17, 25, 23])",False,8.055335404,"[-33, -14, 0, 3, -1, 3, -5, -23]"
8077880218,"array('h', [10, -5, -7, -3, 17, 23, 7, 27])",False,8.077880218,"[-20, -10, -8, -7, -9, -60, -56, 4]"
8092887554,"array('h', [-59, -40, -12, -18, -36, -25, -33, -37])",False,8.092887554,"[-38, -13, 2, 0, -2, -5, -23, -41]"
8115395809,"array('h', [-16, 10, 8, 25, 21, 15, 1, -25])",False,8.115395809,"[-19, -23, -10, -4, 9, 25, -22, -10]"
8130281442,"array('h', [0, -5, 6, 16, 25, -10, -19, -10])",False,8.130281442,"[-32, -22, -18, -13, -17, -26, 0, 11]"
8152539888,"array('h', [-21, -29, -15, -13, -14, -7, 0, 12])",False,8.152539888,"[10, 18, 5, -12, 7, 23, 33, 52]"
8175499899,"array('h', [7, -16, -7, -7, -2, -6, -9, -5])",False,8.175499899,"[11, 20, 8, 7, 13, 7, 6, -4]"
8189696235,"array('h', [-36, -28, -8, 3, -7, -17, -8, -26])",False,8.189696235,"[-38, -22, -12, -18, -32, -39, -25, -9]"
8212868410,"array('h', [11, 15, 5, -3, -10, 1, -3, -21])",False,8.21286841,"[46, -11, -13, -7, 7, 4, -6, -1]"
8235404810,"array('h', [-7, -11, -3, 5, 6, -4, -3, 10])",False,8.23540481,"[-12, -4, -2, 3, 10, 2, -31, -15]"
8249638382,"array('h', [15, 40, 26, 7, -15, -39, -9, -32])",False,8.249638382,"[-46, 17, 7, 15, 0, 5, 0, -65]"
8273253941,"array('h', [-13, -40, -46, -12, -5, 0, -7, -5])",False,8.273253941,"[50, -1, -13, -16, -18, -10, -7, 25]"
8295256014,"array('h', [-7, 3, 15, 3, -8, -7, -13, -8])",False,8.295256014,"[11, 4, -1, 6, 5, -24, 16, 12]"
8309540202,"array('h', [14, 31, 10, 3, 10, 8, 12, 19])",False,8.309540202,"[5, -3, -2, 2, 13, 23, 34, 40]"
8332699022,"array('h', [-2, -3, -2, -2, 3, 30, -3, 2])",False,8.332699022,"[-17, -27, -14, -17, -4, -6, -37, -10]"
8355692768,"array('h', [-14, -34, -44, -10, -5, -41, 13, 11])",False,8.355692768,"[-69, -31, -7, -7, -41, -18, -11, -44]"
8369564478,"array('h', [-9, -29, -48, -22, -3, 31, -2, -20])",False,8.369564478,"[2, 16, 14, 33, 48, 20, -6, -17]"
8392573029,"array('h', [11, -28, -10, -10, -8, 0, -12, 8])",False,8.392573029,"[-1, -2, 3, 13, 10, -15, -16, -16]"
8415342471,"array('h', [7, 21, -8, -23, -18, -15, -21, -4])",False,8.415342471,"[-31, -41, -13, -9, 0, -8, -4, 17]"
8429662243,"array('h', [-20, 9, 7, -3, -5, -11, -10, -29])",False,8.429662243,"[19, -1, -9, -13, -18, -3, -5, -2]"
8452434084,"array('h', [18, 8, 8, 10, 11, 0, 1, 14])",False,8.452434084,"[-33, -45, -12, 0, 7, -17, -10, -14]"
8475364224,"array('h', [5, -33, -41, -19, -2, 13, 1, -10])",False,8.475364224,"[-11, 4, 3, 4, -17, -10, -7, -31]"
8498020715,"array('h', [12, 57, 69, 19, 22, 6, -6, -16])",False,8.498020715,"[-1, 0, -4, -8, -5, -1, -4, -18]"
8513315314,"array('h', [59, 21, -9, -11, -4, 7, 5, 28])",False,8.513315314,"[9, -1, 5, 11, 8, 3, 0, 19]"
8542982465,"array('h', [35, -22, -38, -15, -14, 4, -11, -1])",False,8.542982465,"[-5, 29, 19, 5, -17, -49, -17, -41]"
8558000087,"array('h', [33, 17, -17, -10, -23, 0, 11, 28])",False,8.558000087,"[19, -1, -16, -4, -5, -3, 3, -4]"
8580330150,"array('h', [1, -18, -44, -7, 4, 13, 0, 24])",False,8.58033015,"[-37, -51, -40, -11, -11, -5, -25, -16]"
8595355055,"array('h', [25, 4, 20, 9, 5, 10, 9, 18])",False,8.595355055,"[17, 40, 41, 10, -1, -5, 5, 7]"
8609593533,"array('h', [25, 1, -12, -7, -14, -7, -3, 0])",False,8.609593533,"[7, 16, -4, 1, 10, 12, 6, 16]"
8632901882,"array('h', [-17, -11, -24, -20, -29, -16, 8, -2])",False,8.632901882,"[-4, 2, 0, -4, 5, 35, -2, 2]"
8655376063,"array('h', [27, 81, 48, 12, 2, 5, -5, 3])",False,8.655376063,"[-5, -34, -33, -5, -7, -39, 13, 15]"
8669735848,"array('h', [13, -1, 10, -8, -39, -30, 4, 39])",False,8.669735848,"[-27, -33, -64, -24, -2, 0, 1, -16]"
8692902058,"array('h', [-10, -39, -22, 10, 6, -12, 4, 0])",False,8.692902058,"[17, -29, -20, -16, -6, 41, -2, -6]"
8715377083,"array('h', [-22, 58, 56, 13, -2, 0, 9, -8])",False,8.715377083,"[0, -18, -10, -10, -11, -27, -24, 8]"
8729653729,"array('h', [-36, -67, 2, 6, 2, 7, -16, -31])",False,8.729653729,"[16, 27, -12, -30, -21, -4, -13, -5]"
8753389253,"array('h', [-36, -97, -59, -33, -21, 5, 23, -16])",False,8.753389253,"[-30, 12, 20, 5, -3, -15, -18, -37]"
8775388089,"array('h', [10, 103, 85, 56, 30, 17, 11, -23])",False,8.775388089,"[14, 1, -6, 3, 8, -6, 4, 14]"
8797762448,"array('h', [17, 31, 32, 35, 24, 30, 14, 30])",False,8.797762448,"[24, -6, -7, -2, 6, 21, 3, 4]"
8812767154,"array('h', [21, 8, -17, -13, -14, -12, 0, 19])",False,8.812767154,"[-17, -30, -33, -18, 0, -3, -7, -27]"
8835389683,"array('h', [-47, 103, 126, 78, 8, 0, -3, -81])",False,8.835389683,"[50, 109, 118, 36, 33, 21, 1, 3]"
8857977115,"array('h', [-46, -169, -72, -10, -3, -27, -24, -14])",False,8.857977115,"[38, -35, -74, -34, -25, -6, 2, 27]"
8872716664,"array('h', [-3, 5, -45, -19, -9, 16, -6, -12])",False,8.872716664,"[57, 12, -2, -1, 3, 15, -11, -2]"
8895462816,"array('h', [-3, 29, 51, 15, -19, -41, -16, -11])",False,8.895462816,"[13, -10, -36, -20, -40, -5, 10, 23]"
8917984160,"array('h', [11, 50, 63, 30, 24, 28, 23, 17])",False,8.91798416,"[33, 9, -36, -5, 7, 6, 2, 30]"
8933019428,"array('h', [6, -92, -88, -21, -5, -18, -8, 33])",False,8.933019428,"[-15, -18, -11, -2, 0, 23, 8, 20]"
8955570314,"array('h', [-20, -117, -74, -21, -16, -21, -17, -20])",False,8.955570314,"[52, 2, 10, 11, 7, -7, 2, 17]"
8978020452,"array('h', [8, -132, -108, -2, -8, -22, 8, 20])",False,8.978020452,"[4, 19, 0, -13, -21, 4, 2, -8]"
8993220788,"array('h', [15, -23, -4, 20, 31, 6, -1, 8])",False,8.993220788,"[-7, -46, -51, -22, -31, -32, 4, 8]"
9015367612,"array('h', [-38, -33, -55, -18, -12, -36, -22, -41])",False,9.015367612,"[10, 106, 64, 10, 4, 17, -1, -16]"
9037924511,"array('h', [10, -20, 8, 1, 0, 23, 6, -4])",False,9.037924511,"[36, 14, 16, 1, -29, -23, 0, 50]"
9052875215,"array('h', [-4, 88, 79, 23, 13, -5, -7, -11])",False,9.052875215,"[-10, -20, -3, -6, -26, -29, 2, 5]"
9076611506,"array('h', [-2, 31, -34, -3, 10, 24, 2, 0])",False,9.076611506,"[-6, -32, -18, 17, 15, -3, 13, 16]"
9097892635,"array('h', [32, 34, 10, 6, 6, -23, -7, 24])",False,9.097892635,"[-31, 79, 77, 13, -7, -2, 0, -33]"
9112693358,"array('h', [-39, -99, -97, -30, -9, -11, -22, -45])",False,9.112693358,"[-32, -80, -10, 5, 3, 6, -10, -9]"
9135425644,"array('h', [5, -25, -10, -11, -13, -24, -20, -4])",False,9.135425644,"[-43, -106, -47, -25, -16, 14, 9, -39]"
9157887734,"array('h', [-48, -75, -19, -14, -14, -28, -14, -13])",False,9.157887734,"[-8, 22, 5, 3, -2, -4, 28, -6]"
9172752296,"array('h', [-49, -28, -8, -1, -18, -11, -7, -10])",False,9.172752296,"[23, 127, 127, 91, 53, 47, 3, -18]"
9195500001,"array('h', [-13, -28, 7, 14, 6, -2, 2, -8])",False,9.195500001,"[11, -27, -40, -12, -3, 3, 18, 49]"
9217786041,"array('h', [-16, 40, 5, 21, 20, 22, -5, -41])",False,9.217786041,"[29, 42, 22, 7, -6, -2, -5, 10]"
9232681221,"array('h', [23, 48, 54, 14, 4, 3, 7, 27])",False,9.232681221,"[-57, 103, 116, 73, 6, -5, -1, -91]"
9255497906,"array('h', [-1, 50, 33, 12, -9, 8, 15, 18])",False,9.255497906,"[-44, -123, -23, 13, -3, -27, -22, -19]"
9277758328,"array('h', [21, 58, 31, 1, -8, 12, 1, 4])",False,9.277758328,"[-26, -107, -90, -27, 1, 8, -15, -13]"
9292979531,"array('h', [-27, -55, 10, -1, -11, 2, -9, -18])",False,9.292979531,"[10, 72, -1, -11, -29, -11, -9, -11]"
9315429260,"array('h', [9, 102, 94, 23, -5, 0, 1, 2])",False,9.31542926,"[-15, 6, 85, 37, 3, -31, -11, -9]"
9337818657,"array('h', [12, 56, 56, 26, 19, -7, -3, -11])",False,9.337818657,"[29, 63, 28, 11, 14, 32, 26, 21]"
9352721480,"array('h', [5, -31, -31, -14, 17, 23, 13, 11])",False,9.35272148,"[-10, -93, -55, -2, 7, -15, -4, 39]"
9382823330,"array('h', [-9, -6, -11, -24, -15, 16, 7, -7])",False,9.38282333,"[2, -127, -115, -44, -26, -25, -26, -17]"
9397755379,"array('h', [11, -3, -42, -14, -9, -28, -9, 14])",False,9.397755379,"[-31, -109, -60, 5, -9, -25, 5, 0]"
9412232410,"array('h', [32, -17, -23, -5, 12, 3, -10, 48])",False,9.41223241,"[45, -128, -112, -1, 8, -5, 6, 29]"
9435483634,"array('h', [21, 20, 27, 13, 11, 18, 2, 10])",False,9.435483634,"[-19, 30, 37, 23, 29, -5, -7, -9]"
9465517739,"array('h', [7, 14, -2, 0, 2, 5, -12, -31])",False,9.465517739,"[-24, -71, -86, -25, -15, -32, -23, -43]"
9488610476,"array('h', [10, 66, 41, 9, 0, -5, -4, 10])",False,9.488610476,"[-4, -7, 7, -4, -5, 15, 5, -5]"
9495466109,"array('h', [1, 0, 9, 8, 5, 3, 10, 13])",False,9.495466109,"[15, 68, 94, 32, 20, 12, 0, -7]"
9517816693,"array('h', [-54, 78, 68, 12, -3, -22, -20, -37])",False,9.517816693,"[-24, 57, -13, -3, 4, -3, -10, -15]"
9547931424,"array('h', [20, 72, 61, 16, 4, 0, 7, 15])",False,9.547931424,"[28, 39, -4, 7, 16, 27, 11, 21]"
9555560120,"array('h', [-1, -63, -25, -10, -12, -13, 2, 30])",False,9.55556012,"[15, 2, -18, -3, 1, -43, -21, 9]"
9577948117,"array('h', [-12, 33, 27, 32, 26, -8, -14, -12])",False,9.577948117,"[-41, -98, -93, -33, -12, -2, -16, -47]"
9600664354,"array('h', [28, -69, -74, -1, 23, 10, 5, 35])",False,9.600664354,"[0, -40, -26, -10, -9, -22, -26, -11]"
9615445589,"array('h', [-41, -47, -56, -20, -13, -22, -10, 7])",False,9.615445589,"[-18, -42, 4, -15, -19, -40, -13, 3]"
9637971099,"array('h', [-2, 23, 16, 10, 17, 22, 3, 24])",False,9.637971099,"[-83, -86, -38, -7, -13, -4, -13, -33]"
9660956247,"array('h', [21, 72, 88, 42, 27, 28, -1, 9])",False,9.660956247,"[-4, 11, 20, 4, -17, -24, -1, 15]"
9675282472,"array('h', [-19, -109, -90, -29, -26, -29, -11, -20])",False,9.675282472,"[-40, -51, -6, 20, 17, 18, 2, -35]"
9697844560,"array('h', [-14, -7, -3, 8, 2, 6, -6, -24])",False,9.69784456,"[7, 68, 11, 18, 19, 11, -6, -28]"
9720371218,"array('h', [5, 14, -15, -1, -8, -13, -10, -15])",False,9.720371218,"[7, 43, 59, 20, 5, 14, 6, 15]"
9742940295,"array('h', [11, -27, -12, -1, 6, 2, 6, 2])",False,9.742940295,"[13, 32, 25, 6, -4, -3, 16, 31]"
9757920767,"array('h', [-15, -71, -41, -2, 11, 6, 17, 23])",False,9.757920767,"[8, 99, 55, 17, -13, 21, 10, 6]"
9780255895,"array('h', [-26, -20, 16, -1, 0, -16, -18, -31])",False,9.780255895,"[7, -29, -9, -14, -7, 2, -6, -4]"
9802924988,"array('h', [-20, 80, 97, 30, 21, 44, 20, 16])",False,9.802924988,"[-25, -5, 55, 15, -12, 7, -7, -18]"
9825362113,"array('h', [-48, -130, -132, -26, 3, -38, -18, 0])",False,9.825362113,"[4, 75, 64, 12, -7, -6, 1, 5]"
9840597082,"array('h', [6, -2, 20, 11, 7, 1, 0, 4])",False,9.840597082,"[27, 108, 103, 41, 24, -3, -2, -13]"
9855477897,"array('h', [3, 0, -24, -20, -21, -5, -1, -13])",False,9.855477897,"[-8, -57, -50, -14, 14, 8, 6, 7]"
9877855570,"array('h', [11, 18, 27, -4, -22, -12, -8, -11])",False,9.87785557,"[11, 2, -3, -20, 8, 36, 18, 4]"
9900263816,"array('h', [-2, -11, 4, -2, -2, -6, 0, -19])",False,9.900263816,"[-18, -7, -22, -22, -29, -10, -5, -8]"
9915426155,"array('h', [-4, -41, -32, -11, -16, -11, 0, -3])",False,9.915426155,"[24, -18, -59, -16, 5, -26, -7, 27]"
9938333225,"array('h', [0, -43, -15, -17, -14, 8, 1, 2])",False,9.938333225,"[35, 8, 6, 3, 7, 7, -15, 47]"
9960375353,"array('h', [-7, 2, 8, 9, 0, -5, 11, 12])",False,9.960375353,"[15, -19, -9, 2, 14, 17, 7, 22]"
9975136323,"array('h', [-12, 10, 27, 12, 6, 0, -14, -30])",False,9.975136323,"[24, 59, 46, 19, 7, 13, -13, -35]"
9997779152,"array('h', [-28, -36, -27, -10, -7, -10, -6, -17])",False,9.997779152,"[-10, -4, -27, -13, -6, -5, -9, -4]"
10020371562,"array('h', [15, 51, 33, 13, 7, -1, -1, 7])",False,10.020371562,"[29, 99, 81, 28, 9, -1, 0, 10]"
10034683941,"array('h', [10, 66, 6, -6, -7, -11, -8, 4])",False,10.034683941,"[-21, -39, -24, -5, -3, 3, 12, 18]"
10057823777,"array('h', [1, 29, 47, 12, 3, 6, -7, 3])",False,10.057823777,"[-52, 102, 89, 21, 3, -28, -29, -55]"
10080481993,"array('h', [19, 113, 57, 8, -3, -7, -4, -10])",False,10.080481993,"[14, 97, 78, 17, -1, 4, 10, 22]"
10102957915,"array('h', [12, -9, 0, 3, 1, 3, -8, 22])",False,10.102957915,"[14, -76, -40, -11, -3, -10, 7, 29]"
10117912869,"array('h', [11, -16, -8, -4, 3, 0, 20, 52])",False,10.117912869,"[-19, 29, 42, 16, -4, -17, -11, 4]"
10140278447,"array('h', [7, 48, 23, 0, -7, -5, -16, -32])",False,10.140278447,"[4, -27, -36, 26, 45, 5, -6, 1]"
10155367865,"array('h', [10, 63, 13, 5, 0, -13, 0, 22])",False,10.155367865,"[27, -43, -52, -8, 5, 2, 3, 35]"
10177928746,"array('h', [-16, -36, -31, -8, 3, -1, 2, 8])",False,10.177928746,"[-50, -79, -82, -23, -5, -18, -8, 12]"
10179573743,"array('h', [-16, -45, -8, 16, 24, 17, 8, -34])",False,10.179573743,"[-9, 38, 21, 5, 2, 6, -3, 11]"
10200257254,"array('h', [9, 22, 9, 2, -19, 7, -6, 0])",False,10.200257254,"[27, 66, 84, 44, 44, 51, 9, 34]"
10215452280,"array('h', [-22, -66, 8, 9, 17, 3, -1, -21])",False,10.21545228,"[-5, -14, -2, 5, -11, -21, -16, -24]"
10237869248,"array('h', [20, 12, 0, 14, 25, 4, -10, -4])",False,10.237869248,"[-19, -116, -92, -31, -20, -13, -3, -11]"
10260304502,"array('h', [-51, -50, -34, -29, -29, -8, 4, -9])",False,10.260304502,"[-15, 19, 10, 17, 5, 2, -13, -35]"
10275495038,"array('h', [-16, -24, -13, -10, -6, -4, -7, -12])",False,10.275495038,"[10, 20, -5, -2, -9, -8, -4, -5]"
10298000119,"array('h', [12, 28, 21, 20, 19, 6, 1, 8])",False,10.298000119,"[11, -40, -39, -9, 1, -9, -6, -12]"
10320354061,"array('h', [6, 35, 6, -18, -26, 6, -30, -18])",False,10.320354061,"[-5, -32, 6, 13, 20, 21, 30, 34]"
10342267262,"array('h', [50, -16, 3, 2, 5, 26, 1, 21])",False,10.342267262,"[-25, -100, -76, -24, -6, -22, -13, -13]"
10358008453,"array('h', [-51, -28, -12, -9, -6, -17, 7, 6])",False,10.358008453,"[-25, 63, 110, 31, 17, 9, -4, -22]"
10380786192,"array('h', [-29, -6, 2, 1, -1, -18, 1, -27])",False,10.380786192,"[-19, 41, 40, 10, 11, 41, 18, 21]"
10401347672,"array('h', [13, -10, -5, -3, -2, -8, 3, 6])",False,10.401347672,"[-56, -128, -121, -15, 15, -44, -19, 0]"
10424754588,"array('h', [-39, -25, 0, -1, 2, 7, 14, 34])",False,10.424754588,"[5, -33, -16, -5, -5, -6, -6, 1]"
10440256998,"array('h', [18, 2, 10, 12, 11, 4, 9, 3])",False,10.440256998,"[6, 26, 22, 6, 2, 8, 8, -1]"
10462082888,"array('h', [25, 23, 7, 7, 4, 8, 3, 5])",False,10.462082888,"[5, -13, -37, -33, -40, -21, -13, -22]"
10477809931,"array('h', [15, 7, 7, 4, 4, 0, 4, 23])",False,10.477809931,"[12, 30, 56, 11, -7, -3, -1, -6]"
10500198283,"array('h', [-11, 2, -8, -4, -7, -2, -2, -13])",False,10.500198283,"[-5, -24, -13, -7, -4, -10, -4, -24]"
10523640370,"array('h', [0, -24, -8, -3, -2, -2, -5, 5])",False,10.52364037,"[-8, -48, -43, -17, -22, -14, 3, 0]"
10537970146,"array('h', [-2, -44, -32, -5, 1, 6, 7, 23])",False,10.537970146,"[8, -28, 10, -5, -6, 13, -2, 2]"
10560524133,"array('h', [-7, -25, -15, -8, -3, -5, -9, -35])",False,10.560524133,"[-18, -44, -46, -22, -18, -9, 12, 9]"
10575653403,"array('h', [6, 32, 27, 12, 6, 6, 6, -2])",False,10.575653403,"[7, 55, 80, 44, 20, 5, 1, 1]"
10597923527,"array('h', [-5, -5, -3, -5, -7, -7, -7, -9])",False,10.597923527,"[-36, -46, -45, -24, -10, -9, -19, -45]"
10635438933,"array('h', [-2, -29, -16, -8, -6, -1, -13, -6])",False,10.635438933,"[-11, 1, 22, 15, 1, -5, -1, -1]"
10641528822,"array('h', [-3, -9, 12, 4, 1, -4, 3, 3])",False,10.641528822,"[4, 26, -2, -4, 5, -3, -4, 0]"
10658002654,"array('h', [-8, -18, -27, -16, -8, -2, 5, 0])",False,10.658002654,"[23, 92, 36, 8, -8, -13, -5, 9]"
10695494753,"array('h', [-4, 3, 7, 3, 0, -1, 7, 2])",False,10.695494753,"[-4, 21, 14, -2, 4, 5, -11, 4]"
10702212596,"array('h', [7, 24, 11, 6, 2, 2, -1, 1])",False,10.702212596,"[9, 66, 63, 15, -5, -4, -3, -6]"
10717936481,"array('h', [-2, -20, -6, 2, -1, -2, -1, -3])",False,10.717936481,"[27, 120, 59, 12, 4, 0, -6, -2]"
10748532380,"array('h', [3, 0, -4, 0, 2, 0, -3, 1])",False,10.74853238,"[0, -61, -37, -9, -6, -4, -10, 22]"
10762090479,"array('h', [-2, 33, 10, -3, -1, -4, -3, -4])",False,10.762090479,"[25, 18, 29, 12, 12, 8, 29, 68]"
10778480928,"array('h', [-13, -31, -42, -20, -9, -4, -4, -6])",False,10.778480928,"[-6, 8, -20, -21, -13, -13, -19, -38]"
10800362967,"array('h', [-1, -24, -29, -6, 0, 0, 0, 0])",False,10.800362967,"[21, 91, 60, 25, 0, -5, -3, 7]"
10822166315,"array('h', [4, 36, 2, 2, 2, 0, 0, -2])",False,10.822166315,"[-6, 14, -37, -18, 0, -15, -2, 25]"
10838015013,"array('h', [0, 0, -7, -11, -6, -3, -2, -2])",False,10.838015013,"[-21, -59, -18, 8, 8, 6, 8, -5]"
10860755186,"array('h', [-17, -60, -19, -9, -5, -1, -1, -2])",False,10.860755186,"[-12, -30, -6, 11, 28, 21, 5, -40]"
10882070485,"array('h', [5, -12, -17, -7, -2, -1, -2, 0])",False,10.882070485,"[10, 22, 3, 7, -25, 3, -6, 7]"
10897951216,"array('h', [-6, -24, -2, 0, -2, 0, 0, -1])",False,10.897951216,"[-21, -57, 21, 3, 9, 8, -1, -22]"
10920408070,"array('h', [0, 0, 26, 9, 3, 1, 0, 0])",False,10.92040807,"[6, -20, -7, 22, 37, 2, -10, -14]"
10942375317,"array('h', [-1, -13, -8, -3, -2, -2, 0, 0])",False,10.942375317,"[1, 1, -2, -7, -7, 0, -2, 2]"
10957883662,"array('h', [1, 5, 1, 0, 0, 1, 0, 1])",False,10.957883662,"[-64, -60, -48, -31, -26, -8, 1, -20]"
10980362279,"array('h', [0, 2, 3, 3, 1, 0, 2, 0])",False,10.980362279,"[-5, -24, -1, -8, -9, -10, -7, -5]"
11003559720,"array('h', [-1, -7, -1, -3, 0, 0, -1, -2])",False,11.00355972,"[19, 44, 22, 28, 31, 19, 2, 6]"
11018508393,"array('h', [-5, 2, 0, 0, 0, -2, -1, -2])",False,11.018508393,"[-12, 15, 5, -20, -31, -11, -26, -14]"
11040354237,"array('h', [0, -1, 7, 0, 0, 0, -2, -1])",False,11.040354237,"[60, 32, 13, -3, -3, 39, -16, 1]"
11062137580,"array('h', [-2, 0, -1, 2, -2, -4, 0, -1])",False,11.06213758,"[-2, -58, -13, -1, 4, -2, 12, 28]"
11077867224,"array('h', [0, 0, -11, -2, -1, 0, 0, -1])",False,11.077867224,"[-53, 0, -4, -10, -11, -15, 4, -7]"
11100415334,"array('h', [0, 1, 0, -3, -2, 0, -1, 0])",False,11.100415334,"[-33, -20, -2, 5, 2, -23, 0, -31]"
11139145351,"array('h', [1, 3, -1, 0, 0, 0, -1, 0])",False,11.139145351,"[30, -4, -2, -5, -5, -6, 6, 11]"
11140026717,"array('h', [-3, -4, -1, 1, 1, -2, -1, -3])",False,11.140026717,"[-49, -22, -6, -2, 1, 5, 8, 25]"
11160465122,"array('h', [3, 4, 0, 0, 0, 0, -1, 1])",False,11.160465122,"[1, -24, 8, 6, 11, 6, 18, 29]"
11183684622,"array('h', [-2, -4, -7, -6, -7, -3, -1, -2])",False,11.183684622,"[26, 34, 11, 14, 7, 7, 1, -15]"
11212247017,"array('h', [0, 0, 0, 0, 0, 1, -1, 0])",False,11.212247017,"[25, 2, 4, 3, 6, 6, 7, 24]"
11220314206,"array('h', [0, 0, -2, -2, -4, 0, 0, 1])",False,11.220314206,"[12, 24, 12, 7, 2, 0, 3, 14]"
11243543598,"array('h', [1, 1, 3, 4, 3, 0, 0, 0])",False,11.243543598,"[-10, -12, -15, -8, -6, -3, -2, -6]"
11257738983,"array('h', [1, 0, 0, 4, 0, -1, 0, 1])",False,11.257738983,"[-6, -5, 0, -1, -5, -4, -6, -9]"
11280508258,"array('h', [-3, -3, -3, -5, -4, -2, -3, -2])",False,11.280508258,"[5, -47, -29, -7, 1, 5, 3, 31]"
11303746465,"array('h', [-1, 3, 5, 1, 0, -2, 2, 1])",False,11.303746465,"[-11, -41, -28, -6, 0, 2, 4, -3]"
11317944079,"array('h', [-2, -4, 1, 0, 0, 0, -4, -4])",False,11.317944079,"[-1, -8, -7, -7, -5, -6, -12, -39]"
11340338583,"array('h', [-1, 0, -5, -4, -3, -1, 0, 0])",False,11.340338583,"[4, 30, 32, 17, 11, 10, 10, 7]"
11363594666,"array('h', [-2, -4, 0, -2, -1, 0, -3, -3])",False,11.363594666,"[-3, 6, -1, -6, -10, -11, -7, -14]"
11377927143,"array('h', [-1, -1, -6, -4, -3, -2, 0, -2])",False,11.377927143,"[-6, -41, -24, -12, -7, 0, -16, -7]"
11407215984,"array('h', [0, -2, -1, 0, 0, 1, 0, -1])",False,11.407215984,"[0, -5, 13, 6, 1, -4, -1, 0]"
11423722180,"array('h', [1, 3, -1, -2, -1, 0, 0, 0])",False,11.42372218,"[-8, -22, -9, -8, -4, -3, 4, 3]"
11437997813,"array('h', [1, -2, 1, 0, 0, -1, 0, 0])",False,11.437997813,"[-8, -8, -21, -12, -6, -3, 7, 0]"
11460312130,"array('h', [-4, 0, 0, 0, 0, 0, 0, 0])",False,11.46031213,"[-4, -2, 6, 2, -2, -1, 7, 3]"
11460312131,"array('h', [4, 8, 8, 2, 0, 0, 0, 1])",False,18.540657217,"[2, 4, 3, -1, -2, -1, 0, 2]"
11482752988,"array('h', [-2, -2, -6, -3, -4, -2, -4, 0])",False,18.563098074,"[0, 3, 0, -1, -4, -2, -4, -1]"
11505582797,"array('h', [3, 8, 10, 4, 1, 0, 0, 1])",False,18.585927883,"[1, 3, 4, 3, 0, 0, -1, 2]"
11520472908,"array('h', [-6, -10, -14, -6, -4, -3, -2, -2])",False,18.600817994,"[-2, -2, -5, -6, -2, -2, -1, -1]"
11542599870,"array('h', [0, 3, 15, 25, 3, 0, -1, -2])",False,18.622944956,"[-5, -7, 0, 15, -1, -3, -3, -4]"
11556666492,"array('h', [-4, -5, -5, -1, -4, -1, -2, 0])",False,18.637011578,"[1, 4, 11, 14, 2, 0, -1, 0]"
11587598090,"array('h', [0, 1, 14, 16, 1, 0, -1, 0])",False,18.667943176,"[-6, -6, -2, 4, -4, -2, -3, -1]"
11602531311,"array('h', [-4, -9, -21, -54, -36, -11, -5, -4])",False,18.682876397,"[0, 0, 10, 2, -3, -2, 0, 0]"
11625106438,"array('h', [0, 7, 2, -10, -36, -7, -16, -12])",False,18.705451524,"[-5, -7, -24, -62, -48, -14, -9, -8]"
11640145554,"array('h', [-1, 0, 3, -2, 25, 3, -10, -2])",False,18.72049064,"[1, 7, 5, 2, -26, -4, -16, -11]"
11662621364,"array('h', [2, 0, 35, 27, 13, 6, 4, 5])",False,18.74296645,"[0, 2, 8, -6, 28, 3, -10, -3]"
11685211678,"array('h', [-1, 0, 38, 18, -1, 1, 3, 2])",False,18.765556764,"[1, -6, 26, 26, 13, 7, 5, 6]"
11707543411,"array('h', [2, 0, -23, -8, -2, -3, -2, -2])",False,18.787888497,"[1, 6, 56, 27, 1, 3, 3, 3]"
11722448508,"array('h', [-4, -4, -7, 6, 4, 0, 1, 2])",False,18.802793594,"[-1, -7, -29, -13, -6, -4, -1, -2]"
11745310609,"array('h', [-4, -9, -19, 8, 0, 0, 4, 3])",False,18.825655695,"[2, 5, 0, 9, 7, 1, -1, 1]"
11760169612,"array('h', [4, 5, 26, 8, 0, -1, -1, 1])",False,18.840514698,"[-11, -15, -29, 0, -1, -1, 5, 3]"
11782351627,"array('h', [-2, 0, -8, -12, -1, -2, -1, -4])",False,18.862696713,"[4, 2, 12, 20, 4, 1, 1, 4]"
11805000566,"array('h', [-3, -7, -11, 0, -5, -1, -1, -3])",False,18.885345652,"[1, 5, 16, -9, -5, -4, -3, -2]"
11820203881,"array('h', [-1, 0, 1, 1, -3, -1, -2, -2])",False,18.900548967,"[-3, -4, -15, -5, 2, 0, -1, -3]"
11842625972,"array('h', [1, 3, -7, -4, 2, 0, -1, -2])",False,18.922971058,"[-3, -5, -8, -4, -11, -4, -3, -5]"
11872897831,"array('h', [-31, -24, -21, -16, -8, -6, -7, -13])",False,18.953242917,"[-2, -1, 1, 6, 2, 1, -1, -1]"
11880228666,"array('h', [-28, -9, -8, -3, 0, -2, -4, -5])",False,18.960573752,"[2, 8, -7, -9, -1, -2, -3, -4]"
11902953002,"array('h', [18, 7, -1, -3, -4, -1, 1, 5])",False,18.983298088,"[-31, -29, -23, -14, -6, -5, -6, -12]"
11925240070,"array('h', [-18, 0, 3, 3, 1, 2, 2, 0])",False,19.005585156,"[-34, -9, -8, -7, -4, -4, -7, -9]"
11940098614,"array('h', [-10, -8, -8, -9, -3, -9, -12, -10])",False,19.0204437,"[12, 1, -5, -3, -2, -1, 2, 5]"
11962790586,"array('h', [-10, -3, -2, 0, 1, 1, -3, -3])",False,19.043135672,"[-2, 8, 5, 2, -1, 2, 2, 3]"
11985275587,"array('h', [2, 3, 2, 1, 0, 0, 5, 1])",False,19.065620673,"[-23, -8, -4, -4, 0, -4, -4, -7]"
12015120585,"array('h', [-9, 14, 2, 4, 3, 3, 1, 1])",False,19.095465671,"[-4, -6, -8, -7, -2, -7, -14, -9]"
12022479091,"array('h', [-38, -36, -8, -4, -5, -8, 2, -15])",False,19.102824177,"[-12, -1, 2, 2, 1, 4, 5, -1]"
12045280365,"array('h', [-9, -12, -9, -4, -2, -10, -7, -2])",False,19.125625451,"[7, 6, 1, 2, 2, 0, 2, 2]"
12060216161,"array('h', [14, 5, 3, 0, -2, 0, 4, 6])",False,19.140561247,"[-18, 13, 4, 4, 2, 4, 4, -1]"
12082735960,"array('h', [-8, -5, -9, -4, -2, -5, 0, -3])",False,19.163081046,"[-38, -45, -12, -5, -5, -11, 0, -17]"
12105388190,"array('h', [4, 7, 5, 2, 2, 3, 7, -1])",False,19.185733276,"[-9, -6, -8, -5, -3, -10, -7, -2]"
12120066865,"array('h', [-6, -12, -3, -1, 0, -1, -2, -3])",False,19.200411951,"[14, 1, 2, 1, -1, 0, 4, 7]"
12142625108,"array('h', [12, -8, -13, -10, -9, 3, 5, 21])",False,19.222970194,"[-5, -3, -7, -5, -4, -5, 0, -2]"
12165021344,"array('h', [11, -9, -5, -1, 0, -9, -6, -6])",False,19.24536643,"[-2, 5, 0, 1, 1, 1, 6, -2]"
12180067668,"array('h', [27, 24, 14, 7, 9, 24, 32, 30])",False,19.260412754,"[1, -5, 3, 2, 3, 2, 2, -4]"
12202569006,"array('h', [45, 23, 8, 6, 8, 27, 15, 35])",False,19.282914092,"[-3, -11, -11, -8, -8, -1, 0, 10]"
12225051558,"array('h', [41, -23, -2, 1, -4, -17, 0, 14])",False,19.305396644,"[20, -13, -14, -8, -5, 1, 2, 16]"
12247560491,"array('h', [-10, -23, -10, 0, 2, -4, 0, -11])",False,19.327905577,"[8, 3, 4, 2, 2, -9, -1, -8]"
12262425372,"array('h', [18, 3, 4, 1, -4, -10, -7, -2])",False,19.342770458,"[37, 26, 13, 9, 14, 39, 41, 47]"
12276088026,"array('h', [8, -9, -1, 0, 0, 7, 23, 17])",False,19.356433112,"[45, 24, 9, 5, 3, 14, 4, 25]"
12299883336,"array('h', [-40, 21, 11, 1, -1, 11, -11, -35])",False,19.380228422,"[41, -33, -5, 2, -1, -12, 6, 19]"
12322788323,"array('h', [-7, -8, -7, -3, 0, -2, 7, -7])",False,19.403133409,"[-10, -18, -9, -1, -2, -11, -4, -14]"
12345121991,"array('h', [7, 3, 1, 1, 0, -4, -18, -27])",False,19.425467077,"[11, -2, 3, 4, 1, -4, -7, -6]"
12359603910,"array('h', [-9, -3, 1, 0, -1, -10, -13, 4])",False,19.439948996,"[24, -7, -2, -3, -6, -5, 19, 23]"
12382796944,"array('h', [20, -7, -2, -4, -2, -6, 2, 10])",False,19.46314203,"[-38, 13, 10, 4, 5, 22, 1, -26]"
12405029262,"array('h', [-15, -27, -15, -6, -5, -9, -1, -1])",False,19.485374348,"[-20, 7, -1, -4, -7, -6, -7, -19]"
12419544378,"array('h', [-28, -20, -13, -10, -6, 0, -3, -18])",False,19.499889464,"[1, -7, -4, 1, 5, 3, 6, -15]"
12442755022,"array('h', [-43, -13, -6, -4, -3, 4, 7, -55])",False,19.523100108,"[6, 2, 0, 0, -4, -14, -31, -21]"
12465269141,"array('h', [-7, 10, 1, -3, -3, 6, 3, -6])",False,19.545614227,"[-11, -1, 5, 2, 2, -4, 1, 12]"
12479464419,"array('h', [33, -8, -13, -8, 0, 3, 45, 29])",False,19.559809505,"[30, -18, -11, -8, -6, -12, -4, 9]"
12502563253,"array('h', [0, -11, -4, -3, -6, -3, -22, -18])",False,19.582908339,"[-32, -19, -9, -4, -4, -5, 5, -5]"
12525649903,"array('h', [7, 8, 6, 7, 6, 17, -3, 11])",False,19.605994989,"[-18, -31, -21, -14, -8, -4, -11, -17]"
12539535171,"array('h', [-34, 16, 14, 8, -2, -11, -35, -46])",False,19.619880257,"[-51, -3, 0, -1, -2, 9, 17, -56]"
12570323668,"array('h', [-13, -17, -8, 0, 20, 26, 65, 25])",False,19.650668754,"[-12, -3, -5, -6, -5, 1, -10, -20]"
12585019309,"array('h', [26, 1, 0, 0, 2, -2, 18, -6])",False,19.665364395,"[29, 9, -4, -5, 1, 11, 52, 36]"
12599286039,"array('h', [40, 4, -3, -2, -6, -2, 1, -7])",False,19.679631125,"[12, -24, -15, -9, -7, -10, -7, -13]"
12622702076,"array('h', [60, 5, -4, 0, 2, 10, 54, 30])",False,19.703047162,"[4, 5, 6, 4, 1, 15, -12, 6]"
12644959480,"array('h', [25, -6, 0, -1, -14, 0, -1, -9])",False,19.725304566,"[-9, 14, 11, 10, 4, 2, -20, -18]"
12667698637,"array('h', [-49, -17, -1, 11, 23, 21, 11, -27])",False,19.748043723,"[-38, 6, 8, 5, 1, -4, -12, -31]"
12682560444,"array('h', [-1, -13, -4, -4, -3, 2, -1, -19])",False,19.76290553,"[0, -17, -9, 0, 25, 32, 81, 34]"
12704949807,"array('h', [17, 27, 3, -5, -4, 3, -16, -2])",False,19.785294893,"[32, 3, 0, -3, -8, -15, -6, -17]"
12735293938,"array('h', [4, -21, -9, -6, 0, 28, 12, 26])",False,19.815639024,"[39, 8, -1, 0, 0, 6, 14, -3]"
12742494910,"array('h', [-16, 16, 5, -12, -41, -6, -8, -33])",False,19.822839996,"[64, 0, -9, -4, -2, 5, 51, 33]"
12764862209,"array('h', [-16, -24, -10, 9, 0, -7, -14, 0])",False,19.845207295,"[30, 1, 6, 2, -11, 5, 5, -8]"
12787621556,"array('h', [29, -6, -8, -22, -43, -24, 22, 22])",False,19.867966642,"[-41, -20, -6, 6, 12, 12, 4, -26]"
12802675856,"array('h', [-11, -13, 0, -2, -9, 21, 4, -6])",False,19.883020942,"[-23, -17, 0, 7, 16, 18, 10, -23]"
12825128710,"array('h', [-3, 4, 6, 6, 0, 2, -9, -20])",False,19.905473796,"[22, 17, -2, -15, -21, -12, -20, -14]"
12847663968,"array('h', [28, 23, 7, 1, 12, 14, 4, 26])",False,19.928009054,"[9, 5, 0, 4, 16, 30, 1, 22]"
12862628058,"array('h', [10, 32, 7, 0, 6, 14, 11, 24])",False,19.942973144,"[-3, -14, -7, -19, -32, 9, 10, 2]"
12884916832,"array('h', [11, -6, -11, 10, -9, -21, -13, -23])",False,19.965261918,"[-21, 15, 6, 0, -25, -6, -19, -34]"
12907689243,"array('h', [-10, 15, -10, -3, -9, -30, -2, -8])",False,19.988034329,"[-10, -31, -14, 4, -4, -14, -5, 12]"
12930065475,"array('h', [44, -49, -88, -43, -59, -45, -16, 31])",False,20.010410561,"[37, -3, -8, -26, -48, -21, 24, 23]"
12945009737,"array('h', [-32, 34, 26, 8, 24, 51, 6, -30])",False,20.025354823,"[-25, -12, 3, 4, -2, 24, 1, -14]"
12967476396,"array('h', [-42, 40, -20, -8, 10, -1, -2, -18])",False,20.047821482,"[7, -2, 1, 1, -6, 2, -8, -15]"
12982520467,"array('h', [11, -64, -55, -24, -46, -20, 15, -2])",False,20.062865553,"[17, 29, 14, 10, 18, 11, -1, 13]"
13005296702,"array('h', [31, -3, 12, 19, 27, 22, 12, 18])",False,20.085641788,"[25, 26, 3, -9, 3, 21, 17, 40]"
13035196126,"array('h', [23, 66, 8, -17, -46, -37, 9, 76])",False,20.115541212,"[2, 12, -1, 18, 1, -14, -12, -19]"
13042462034,"array('h', [-10, -136, -95, -11, -2, -27, -2, 4])",False,20.12280712,"[5, -4, -12, -4, -15, -25, -4, -19]"
13064962839,"array('h', [-33, -80, -65, -35, -33, -7, -13, -43])",False,20.145307925,"[3, 1, -44, -15, -24, -46, -11, 15]"
13087625821,"array('h', [-21, 33, 43, 24, 5, 3, 12, -3])",False,20.167970907,"[46, -55, -76, -48, -59, -14, -9, 18]"
13087635604,"array('h', [49, 53, 49, 13, 3, -26, -29, -13])",False,20.16798069,"[-72, 82, 64, 38, 66, 63, 7, -44]"
13102549079,"array('h', [-13, -41, -82, -26, 7, 3, 15, 49])",False,20.182894165,"[-12, -5, -70, -42, -36, -28, -2, -6]"
13125086382,"array('h', [5, -40, -23, 4, 9, -5, -8, 0])",False,20.205431468,"[1, -49, -21, 3, -18, -5, 17, -5]"
13147447292,"array('h', [-41, -101, -38, -16, -8, -5, 0, -29])",False,20.227792378,"[43, -18, -13, -1, 9, 17, 13, 19]"
13162566091,"array('h', [-28, -26, 1, -3, -13, -2, 4, 2])",False,20.242911177,"[17, 91, 40, 3, -28, -31, 7, 79]"
13185109524,"array('h', [39, 33, 43, 24, 13, 24, 8, 37])",False,20.26545461,"[-1, -128, -109, -29, -25, -34, 6, 17]"
13207636773,"array('h', [-14, -47, -51, -29, -21, -36, -20, -23])",False,20.287981859,"[-30, -105, -64, -16, -9, -12, -22, -40]"
13222850798,"array('h', [-9, -83, -73, -23, 5, -1, -23, -23])",False,20.303195884,"[-38, -5, -15, -18, -29, 6, 16, -19]"
13245050483,"array('h', [5, -18, -14, -8, 1, -3, -12, -13])",False,20.325395569,"[30, 69, 94, 50, 27, -18, -18, -4]"
13267547356,"array('h', [-8, -29, -15, 0, 3, -7, -11, -10])",False,20.347892442,"[26, 4, -37, -29, -12, -14, -12, 3]"
13282555577,"array('h', [-48, 11, 40, 17, 0, -9, 4, -18])",False,20.362900663,"[-17, -47, -65, -7, 20, 3, 17, 60]"
13305164193,"array('h', [24, -13, -11, -9, -11, -10, -3, 7])",False,20.385509279,"[5, -50, -21, -1, 1, -5, -16, -35]"
13343361308,"array('h', [26, 78, 92, 40, 11, 0, -11, -40])",False,20.423706394,"[-52, -106, -38, -18, -12, -10, 6, -10]"
13343958494,"array('h', [64, 3, -2, 10, 8, 5, -1, 12])",False,20.42430358,"[-21, -11, 7, 2, -8, 4, 2, -9]"
13365253855,"array('h', [-20, 32, 50, 17, 28, 27, 20, -4])",False,20.445598941,"[43, 29, 45, 21, 8, 20, 11, 53]"
13403398661,"array('h', [-9, 8, 13, 8, 3, 12, 10, 2])",False,20.483743747,"[-14, -34, -42, -19, -11, -28, -20, -33]"
13404109369,"array('h', [-6, 7, 3, 2, -5, 10, -9, -12])",False,20.484454455,"[-10, -94, -84, -38, -13, -18, -25, -14]"
13425023004,"array('h', [-47, -88, -56, 1, 7, -15, -7, -24])",False,20.50536809,"[-1, -26, -21, 2, 21, 11, -15, -27]"
13463309955,"array('h', [0, -53, -41, -21, -13, -11, -25, -33])",False,20.543655041,"[9, -31, -24, -19, -16, -19, -12, 2]"
13485808636,"array('h', [0, -31, -19, -11, 15, 11, -3, 4])",False,20.566153722,"[-43, -3, 24, 26, 21, 3, -5, -29]"
13486606253,"array('h', [0, 25, 1, -4, -10, -13, -9, -2])",False,20.566951339,"[-21, -1, 17, -6, -23, -21, 7, 5]"
13507606553,"array('h', [12, -76, -71, -26, -23, -17, -7, 0])",False,20.587951639,"[34, 8, 8, 8, 6, 0, -12, -12]"
13522529938,"array('h', [12, 52, -1, 5, 7, 0, 3, 45])",False,20.602875024,"[30, 86, 104, 42, 6, -4, -6, -33]"
13553321222,"array('h', [-2, -43, -37, -7, 15, -14, 9, 20])",False,20.633666308,"[66, -18, -32, 2, 12, 11, -4, 16]"
13567565630,"array('h', [13, 72, 46, 25, 38, -4, -9, -17])",False,20.647910716,"[-32, 53, 80, 27, 31, 28, 27, -5]"
13582549871,"array('h', [-4, -78, -49, -18, -17, -5, -1, -7])",False,20.662894957,"[-6, -11, -13, -2, -2, 10, 5, 0]"
13604993952,"array('h', [-13, -48, -23, 1, 5, 10, -3, 0])",False,20.685339038,"[-3, 34, 34, 15, 2, 16, -3, -6]"
13627448218,"array('h', [-26, -40, -34, -15, -5, 4, -8, -21])",False,20.707793304,"[-45, -94, -72, -11, -4, -14, -12, -27]"
13642609793,"array('h', [50, 68, 54, 5, -3, 12, 27, 25])",False,20.722954879,"[-17, -50, -26, 3, 6, -13, -16, -28]"
13687046929,"array('h', [12, 46, 41, 5, -24, -18, -4, 9])",False,20.767392015,"[7, -65, -56, -41, -16, 1, -21, -20]"
13694285963,"array('h', [2, 65, 34, 9, 1, -3, 11, -7])",False,20.774631049,"[-5, 30, 28, 20, 33, 9, 5, 17]"
13702525353,"array('h', [-21, -22, 11, 12, 4, -1, -6, -9])",False,20.782870439,"[7, -34, -55, -38, -48, -28, -19, -18]"
13725243973,"array('h', [-10, -112, -78, -29, -13, -5, 1, 2])",False,20.805589059,"[14, -41, -38, 1, 9, -5, 2, 23]"
13747805902,"array('h', [-16, 4, 10, 0, 1, 26, 0, -3])",False,20.828150988,"[10, 48, -17, -11, -10, -5, 2, 42]"
13762730973,"array('h', [-30, -62, -45, -10, 5, 0, 3, -11])",False,20.843076059,"[-4, -47, -22, 8, 35, -13, 11, 18]"
13785181792,"array('h', [-14, -117, -107, -44, -2, 6, 15, 5])",False,20.865526878,"[18, 81, 38, 15, 26, -4, -11, -20]"
13807564071,"array('h', [5, -27, -7, -1, -15, -3, 13, 22])",False,20.887909157,"[-9, -76, -35, -8, -7, -8, -4, -8]"
13822621808,"array('h', [-22, -31, -47, -30, -8, -2, -18, -34])",False,20.902966894,"[-5, -59, -43, -9, -6, 13, 3, 3]"
13845130159,"array('h', [-26, -46, -75, -20, 0, -1, -20, -64])",False,20.925475245,"[-38, -41, -19, -3, 4, 1, -19, -23]"
13867695265,"array('h', [-18, -70, -51, -30, -19, -10, -10, -3])",False,20.948040351,"[31, 22, 1, -12, -7, 17, 26, 10]"
13882496429,"array('h', [-41, 12, -15, 4, 13, -1, -18, -31])",False,20.962841515,"[38, 81, 85, 16, -14, -9, 6, 25]"
13905101027,"array('h', [-15, -13, -32, 2, 22, 1, -5, -10])",False,20.985446113,"[-1, 35, 5, -1, -18, -14, 2, -4]"
13928695496,"array('h', [-17, -22, -2, -6, -10, -8, 0, -8])",False,21.009040582,"[0, 67, 61, 19, 9, -1, 8, -7]"
13964450743,"array('h', [5, 21, 8, 4, 0, 8, -4, -11])",False,21.044795829,"[-28, -73, -37, 1, 1, -2, -8, -9]"
13965149773,"array('h', [23, 54, 56, 19, 7, 18, 3, 7])",False,21.045494859,"[-4, -98, -61, -32, -18, -5, 3, 6]"
13988307785,"array('h', [5, 4, -21, -21, -3, 1, 12, 20])",False,21.068652871,"[-22, 16, 8, 5, 9, 33, -1, -7]"
14009442148,"array('h', [-14, 10, -14, -4, -9, -3, -13, -12])",False,21.089787234,"[-28, -73, -39, -13, -2, -7, 3, -10]"
14025247372,"array('h', [-14, 26, 21, 3, -2, -3, -13, -28])",False,21.105592458,"[-18, -108, -117, -44, 6, 12, 15, 2]"
14047823869,"array('h', [14, 52, 23, -10, -7, 6, -3, -6])",False,21.128168955,"[5, -56, -18, -7, -21, -6, 17, 23]"
14070815377,"array('h', [15, 31, 1, -15, -6, -1, -8, 0])",False,21.151160463,"[-11, -6, -26, -19, -7, 0, -9, -10]"
14085225598,"array('h', [19, 119, 107, 47, 14, -1, 6, 14])",False,21.165570684,"[-35, -59, -77, -30, -5, -3, -26, -73]"
14122875809,"array('h', [19, 55, 49, 19, -2, -12, 22, 33])",False,21.203220895,"[-11, -46, -62, -21, -6, -4, -11, -25]"
14129566553,"array('h', [-28, 62, 29, 11, 8, 2, 18, -25])",False,21.209911639,"[-37, -62, -39, -25, -18, -12, -16, -12]"
14161705556,"array('h', [6, 92, 81, 30, 17, 12, -1, 5])",False,21.242050642,"[-29, 44, -10, 18, 32, 6, -14, -29]"
14167726384,"array('h', [-22, -25, -3, -13, -3, 2, 11, 13])",False,21.24807147,"[-20, -49, -41, -9, 8, -5, -5, -8]"
14189618092,"array('h', [15, 100, 75, 15, 3, 4, -3, -19])",False,21.269963178,"[-9, 5, 15, 2, -6, -4, 3, -6]"
14205144668,"array('h', [47, 66, 77, 48, 22, 22, 19, 31])",False,21.285489754,"[-1, 6, -6, -3, -4, 6, -9, -17]"
14234498567,"array('h', [-34, -51, -35, -20, -13, 0, -3, -23])",False,21.314843653,"[34, 71, 75, 29, 13, 23, 8, 15]"
14249519156,"array('h', [1, -33, -22, -15, -16, -4, 9, 30])",False,21.329864242,"[-2, -3, -30, -27, -8, -1, 7, 12]"
14265249451,"array('h', [-1, -41, -28, -4, -11, -8, 8, 16])",False,21.345594537,"[0, 15, -8, -2, -4, 2, -1, 7]"
14288357843,"array('h', [-7, -40, -30, -18, -8, -16, -29, -41])",False,21.368702929,"[-29, 14, -3, -4, -11, -10, -26, -41]"
14309548694,"array('h', [0, -11, -15, 5, 7, -13, -17, 0])",False,21.38989378,"[12, 51, 45, 6, 3, 8, 3, -5]"
14325223489,"array('h', [8, 39, 17, 6, 4, 0, -3, 12])",False,21.405568575,"[12, 36, -11, -29, -18, -1, -15, -10]"
14347998846,"array('h', [22, 25, -14, -23, -38, -16, -8, -14])",False,21.428343932,"[19, 59, 49, 15, 10, 1, 3, 10]"
14370818158,"array('h', [-43, -59, -16, -19, -22, 4, 3, 0])",False,21.451163244,"[22, 126, 107, 47, 7, -7, 6, 19]"
14385086784,"array('h', [-40, -40, -32, -22, -5, 2, -4, 8])",False,21.46543187,"[11, 32, 31, 12, 0, -10, 30, 30]"
14408920204,"array('h', [16, 47, 31, 13, 4, 5, 8, 11])",False,21.48926529,"[-29, 79, 38, 15, 9, 4, 11, -33]"
14430915312,"array('h', [-11, -28, -38, -24, -9, -6, -12, -4])",False,21.511260398,"[6, 88, 82, 30, 19, 13, 1, 9]"
14445163211,"array('h', [8, -16, -5, 2, 2, -5, 0, -19])",False,21.525508297,"[-16, -25, -1, -11, -3, 4, 11, 18]"
14468769936,"array('h', [-7, 8, 0, 10, 12, -1, -15, -21])",False,21.549115022,"[-5, 79, 54, 2, -1, 0, -4, -27]"
14492201022,"array('h', [22, 14, 5, 6, 8, 17, 20, 1])",False,21.572546108,"[66, 101, 106, 56, 25, 23, 16, 32]"
14505101120,"array('h', [-12, 4, 0, 5, 11, 31, -13, -6])",False,21.585446206,"[-23, -28, -15, -2, -2, 7, 6, -11]"
14528533624,"array('h', [0, 0, 12, 6, 3, -7, -36, -12])",False,21.60887871,"[-14, -48, -28, -24, -18, -4, -3, -1]"
14550881518,"array('h', [30, -1, 2, 1, 5, 5, 17, 43])",False,21.631226604,"[2, -30, -29, -9, -15, -7, 17, 41]"
14565249354,"array('h', [-17, -13, 0, 2, 2, -4, -19, -11])",False,21.64559444,"[-2, -48, -23, -5, -8, -9, -7, -11]"
14588130018,"array('h', [7, -3, -9, -3, 2, 15, -28, 7])",False,21.668475104,"[-9, -33, -38, -22, -9, -21, -33, -40]"
14610854136,"array('h', [15, -20, -5, -7, -7, -7, -2, 11])",False,21.691199222,"[3, -5, 0, 17, 15, -7, -11, 11]"
14625322919,"array('h', [-42, -21, -11, -4, 0, 2, -8, -12])",False,21.705668005,"[10, 44, 11, -2, -3, -4, -4, 8]"
14648309402,"array('h', [-17, -2, -1, 0, -4, -1, -5, -22])",False,21.728654488,"[21, 24, -11, -19, -35, -14, -9, -14]"
14670751575,"array('h', [-3, 13, 1, 1, 0, 1, -8, -32])",False,21.751096661,"[-32, -51, -16, -22, -29, 0, 5, -2]"
14685502482,"array('h', [11, -4, -6, -4, -7, -4, -4, -10])",False,21.765847568,"[-60, -60, -38, -24, -4, 7, -7, 6]"
14708260828,"array('h', [-13, -11, 0, 2, 5, 7, 3, 2])",False,21.788605914,"[21, 39, 23, 7, 0, 1, 10, 14]"
14730828719,"array('h', [17, 6, -6, -9, -11, -6, -8, -6])",False,21.811173805,"[-15, 6, -9, -8, 0, 3, -8, 0]"
14744835884,"array('h', [-6, -4, -1, -1, 3, 1, 2, 5])",False,21.82518097,"[11, -40, -34, -19, -10, -13, -4, -9]"
14768231593,"array('h', [9, 5, -1, -2, -3, -3, -5, 0])",False,21.848576679,"[-10, 4, 7, 14, 13, 1, -7, -28]"
14798726440,"array('h', [-1, 1, -1, 0, 1, 0, 1, 7])",False,21.879071526,"[11, 8, 0, 8, 9, -2, -8, -9]"
14805189040,"array('h', [1, -13, -4, -5, -4, -7, -12, -16])",False,21.885534126,"[11, 16, 3, 4, 10, 27, 23, -2]"
14828166963,"array('h', [-13, -6, -13, -3, 2, 0, -10, -14])",False,21.908512049,"[-9, 2, 5, 9, 12, 27, -23, -3]"
14850957957,"array('h', [-17, 1, -1, 0, 0, 0, 2, -10])",False,21.931303043,"[-4, -1, 7, 1, 0, -11, -35, -19]"
14887468838,"array('h', [-2, -13, -15, -6, 0, 0, 0, 1])",False,21.967813924,"[37, 1, 10, 8, 10, 10, 19, 54]"
14888266575,"array('h', [0, -5, -10, -5, -4, -5, -10, -9])",False,21.968611661,"[-17, -17, -9, -5, -3, -10, -15, -15]"
14910845152,"array('h', [0, 9, 10, 2, 6, 2, -1, 1])",False,21.991190238,"[-4, -1, 1, 6, 10, 19, -31, 5]"
14932546847,"array('h', [-2, 18, -1, -3, 0, 1, 1, -7])",False,22.012891933,"[29, -17, -16, -15, -13, -5, -9, 12]"
14955842038,"array('h', [-5, -8, -10, -3, -2, -1, -1, -1])",False,22.036187124,"[-30, -22, 0, 2, 4, 0, -2, 0]"
14977667892,"array('h', [-9, 1, 4, -1, -1, -1, 0, -11])",False,22.058012978,"[-30, -16, -17, -11, -9, -2, -11, -21]"
14992770793,"array('h', [-2, 6, 3, 3, 2, -1, -8, -5])",False,22.073115879,"[-17, 8, 10, 8, 5, 3, -2, -26]"
15007486412,"array('h', [0, 6, 10, 7, 3, 1, 4, -1])",False,22.087831498,"[11, 10, -7, -7, -8, -4, -13, -31]"
15029948137,"array('h', [-3, -19, -30, -12, -5, -1, -3, 0])",False,22.110293223,"[-1, -9, -2, 1, 0, 1, 2, -4]"
15052659627,"array('h', [-3, -9, 2, -3, -3, -1, -1, -4])",False,22.133004713,"[-4, -9, -2, -1, 1, 4, 0, 2]"
15067490421,"array('h', [0, -5, 11, 6, 0, 0, -4, -1])",False,22.147835507,"[10, 7, -7, -8, -9, -4, -6, -8]"
15090132793,"array('h', [-4, -27, -27, -12, -7, -3, -1, -4])",False,22.170477879,"[2, -4, -1, -3, 0, -2, 0, 8]"
15112657961,"array('h', [-5, -19, 3, 1, 0, -1, -5, -6])",False,22.193003047,"[-1, 3, -2, -1, 0, 0, -2, -4]"
15127467493,"array('h', [-1, -5, -10, -2, -1, 0, -1, -1])",False,22.207812579,"[11, 6, -1, -1, -2, -3, -3, 11]"
15150009213,"array('h', [0, 9, 1, 2, 1, 0, 0, -2])",False,22.230354299,"[-9, -10, -3, -2, 0, -2, -3, -11]"
15172547189,"array('h', [8, 30, 13, 5, -2, -4, -4, -1])",False,22.252892275,"[3, -13, -11, -7, -4, -8, -18, -16]"
15187838230,"array('h', [6, 10, 35, 17, 4, 0, -1, 2])",False,22.268183316,"[-26, 2, -8, 0, 5, 4, 0, -15]"
15210009135,"array('h', [3, 9, 17, 13, 7, 2, 2, 0])",False,22.290354221,"[-7, -6, -3, -2, -1, -1, 1, -3]"
15233327283,"array('h', [-9, -26, -1, 3, 3, 2, 1, 0])",False,22.313672369,"[-3, -11, -19, -8, -1, -1, -2, -2]"
15248302371,"array('h', [-2, -21, -18, -2, 0, 3, 4, 3])",False,22.328647457,"[1, -6, -6, -4, -3, -5, -11, -8]"
15270202636,"array('h', [0, -3, 16, 7, 1, 0, 3, 3])",False,22.350547722,"[1, 15, 11, 2, 6, 2, 0, 1]"
15292380169,"array('h', [4, 19, -9, -5, -5, -5, -3, -3])",False,22.372725255,"[-4, 15, -2, -3, 1, 3, 3, -6]"
15306762766,"array('h', [-11, -22, -11, -4, -4, -5, -4, -4])",False,22.387107852,"[-3, -3, -11, -5, -5, -4, -4, -3]"
15329948298,"array('h', [-6, -15, -10, -4, -3, -3, 0, -1])",False,22.410293384,"[-11, -5, 3, 0, 1, 2, 4, -7]"
15352519777,"array('h', [2, 6, -8, -1, 1, 0, -2, -1])",False,22.432864863,"[-3, 10, 2, -1, -2, -5, -12, -11]"
15366950050,"array('h', [0, 10, -25, -32, -16, -11, -8, -7])",False,22.447295136,"[-1, 6, 13, 11, 8, 4, 4, 1]"
15390070711,"array('h', [-13, -19, -3, -7, -6, -2, -3, -3])",False,22.470415797,"[-1, -4, -11, -4, -5, -3, -2, -4]"
15412710898,"array('h', [3, 6, 11, 10, 1, 0, 1, 0])",False,22.493055984,"[-4, -23, -27, -12, -4, 0, -1, 1]"
15427052040,"array('h', [-1, -10, -9, -5, -1, 0, -2, 2])",False,22.507397126,"[-3, -2, 17, 3, -3, -3, -5, -7]"
15457844101,"array('h', [-1, 2, 5, 8, 0, -1, -1, -2])",False,22.538189187,"[1, -12, 0, 3, 1, 1, -2, 2]"
15480188657,"array('h', [-1, 5, 3, 12, 5, -1, 0, 2])",False,22.560533743,"[-7, -29, -28, -14, -9, -5, -4, -8]"
15495192265,"array('h', [6, 18, 26, 20, 7, 3, 0, 1])",False,22.575537351,"[-3, -17, 8, 4, 1, 0, -4, -4]"
15510627544,"array('h', [-5, -1, -11, -14, -6, -1, 0, 0])",False,22.59097263,"[-3, -7, -14, -3, -2, -1, -3, -3]"
15532495962,"array('h', [2, 6, -2, -1, 1, 0, 0, 1])",False,22.612841048,"[1, 7, 3, 2, 1, 1, 1, -1]"
15555227209,"array('h', [-4, -6, -4, -3, -1, -1, -2, -2])",False,22.635572295,"[7, 29, 8, 5, -1, -3, -5, -4]"
15570077463,"array('h', [1, 1, 0, -4, -2, -3, -2, -1])",False,22.650422549,"[8, 17, 32, 12, 0, -3, -2, 3]"
15593299941,"array('h', [-4, -7, -10, -8, -5, -2, -3, 0])",False,22.673645027,"[6, 10, 28, 20, 9, 4, 1, 1]"
15615160536,"array('h', [1, 4, 6, 4, 2, 0, -6, -5])",False,22.695505622,"[-4, -6, 7, 5, 4, 1, 2, 1]"
15630260446,"array('h', [-3, -1, 0, -1, 0, 0, -3, 0])",False,22.710605532,"[-8, -32, -10, 3, 3, 4, 2, 0]"
15652502675,"array('h', [1, 2, 9, 6, 1, 0, 3, 1])",False,22.732847761,"[-1, -14, -14, -3, 0, 2, 5, 6]"
15674850008,"array('h', [-1, -3, -7, -3, 0, 0, -1, 0])",False,22.755195094,"[1, 1, 22, 10, 1, 0, 2, 1]"
15698369138,"array('h', [-1, -3, 5, 1, 0, 0, 0, 0])",False,22.778714224,"[4, 20, -19, -10, -6, -6, -4, -2]"
15712631381,"array('h', [-3, -5, -3, -4, -1, -1, -1, -2])",False,22.792976467,"[-13, -27, -6, -2, -4, -5, -5, -6]"
15735300186,"array('h', [1, 2, 0, 2, 0, 0, 0, -2])",False,22.815645272,"[-6, -14, -14, -6, -4, -4, 0, 0]"
15750100586,"array('h', [0, -2, -10, -7, -2, -2, -1, 0])",False,22.830445672,"[0, 0, -7, 0, 1, 0, -2, -3]"
15772507242,"array('h', [0, 0, -1, -1, -1, -2, 0, -2])",False,22.852852328,"[5, 19, -20, -23, -10, -9, -7, -5]"
15795124062,"array('h', [-2, -5, -6, -6, -2, 0, -2, -1])",False,22.875469148,"[-14, -18, -21, -28, -16, -9, -8, -7]"
15817669129,"array('h', [0, 0, -5, -2, -3, 0, -1, 0])",False,22.898014215,"[-2, -2, 20, 18, 5, 3, 2, 0]"
15832733279,"array('h', [-2, -6, -6, -4, -1, 0, 0, 0])",False,22.913078365,"[1, -1, -9, -8, -5, -2, -2, 1]"
15855036537,"array('h', [0, 2, 1, -1, 0, -2, -1, -2])",False,22.935381623,"[0, -7, 4, 7, 3, 2, -1, 1]"
15870345764,"array('h', [-2, -5, -8, -4, -2, -1, 0, 1])",False,22.95069085,"[-4, 2, -4, 1, -3, -4, -3, -3]"
15899993836,"array('h', [0, 0, 1, -1, -4, 0, -1, -1])",False,22.980338922,"[3, 10, 16, 24, 11, 1, 1, 4]"
15915199651,"array('h', [-3, -7, -6, -4, -1, 0, -2, 0])",False,22.995544737,"[4, 15, 18, 11, 3, 2, -2, 1]"
15930639840,"array('h', [2, 7, 7, 3, 1, 0, 0, 0])",False,23.010984926,"[-4, 1, -5, -8, -4, -1, 0, 0]"
15952396334,"array('h', [-3, -5, -5, -4, -2, -2, -2, -1])",False,23.03274142,"[0, 4, -10, -9, -1, -1, -1, 2]"
15982744075,"array('h', [2, 6, 3, -1, -1, -1, -1, 0])",False,23.063089161,"[-2, -2, 1, 3, 1, -1, -2, -2]"
15990085730,"array('h', [-4, -3, -13, -7, -1, 0, -2, -1])",False,23.070430816,"[-2, -3, -4, -8, -4, -3, -3, -2]"
16012828346,"array('h', [-2, -1, 0, 0, -1, -1, 0, -2])",False,23.093173432,"[-1, -2, -6, -6, -4, -4, -3, 0]"
16041286826,"array('h', [0, 0, -3, -1, -3, -1, 1, 2])",False,23.121631912,"[-3, -4, -3, -3, -2, 0, -4, -3]"
16050168656,"array('h', [1, 4, 1, 1, 0, -1, 0, 0])",False,23.130513742,"[1, 5, 5, 4, 3, 0, -7, -4]"
16073075566,"array('h', [-4, -10, -9, -5, 0, -1, -1, -2])",False,23.153420652,"[-3, -2, 4, 0, -1, 1, 1, 2]"
16073075567,"array('h', [0, -3, 0, 0, 1, -1, -3, -1])",False,30.481643678,"[-1, -3, 1, -1, 1, -1, -3, -2]"
16095123060,"array('h', [-3, -1, 1, 0, 0, 0, -3, -1])",False,30.503691171,"[-3, -2, 1, 0, 0, -1, -3, -2]"
16101903757,"array('h', [0, -1, -2, -2, -1, -1, 0, -2])",False,30.510471868,"[0, -2, -2, -2, -2, -2, 0, -2]"
16131181751,"array('h', [0, 0, 0, 0, 0, -2, 0, -2])",False,30.539749862,"[-1, -1, -1, -1, 1, -2, 0, -2]"
16170054930,"array('h', [-2, -4, -4, -3, -4, -1, 0, -3])",False,30.578623041,"[-3, -5, -4, -3, -4, -2, -1, -3]"
16184349174,"array('h', [0, 0, 0, 1, 0, -2, -1, 0])",False,30.592917285,"[1, 0, 1, 2, 1, -2, -2, -1]"
16213921952,"array('h', [-3, -2, -2, -4, -4, 0, -2, -2])",False,30.622490063,"[-4, -3, -3, -5, -4, 0, -2, -2]"
16222004021,"array('h', [-4, -5, -5, -11, -5, -3, -5, -2])",False,30.630572132,"[-4, -5, -5, -11, -6, -4, -5, -2]"
16252758971,"array('h', [2, 0, -14, -2, 8, 5, 0, 1])",False,30.661327082,"[2, 0, -14, -2, 8, 5, 1, 1]"
16266030285,"array('h', [15, 26, 46, 58, 26, 3, 6, 9])",False,30.674598396,"[16, 27, 46, 58, 26, 4, 7, 9]"
16281973236,"array('h', [6, 15, 31, 64, 21, -4, -7, 0])",False,30.690541347,"[7, 16, 32, 64, 22, -5, -8, 0]"
16304317282,"array('h', [0, 3, 47, 50, -1, 5, 13, 2])",False,30.712885393,"[-1, 3, 47, 50, -2, 5, 14, 3]"
16326862626,"array('h', [1, 9, 7, -17, -1, -5, -7, -8])",False,30.735430737,"[1, 9, 7, -17, -2, -6, -8, -8]"
16341908672,"array('h', [0, 3, -13, 27, 5, -1, -7, -9])",False,30.750476783,"[0, 3, -14, 28, 5, -2, -7, -9]"
16364414030,"array('h', [-18, -52, -83, -128, -50, -12, -7, -6])",False,30.772982141,"[-19, -52, -83, -128, -50, -12, -8, -7]"
16393619539,"array('h', [15, 26, 56, 84, 32, 6, 4, 8])",False,30.80218765,"[15, 26, 56, 84, 32, 7, 4, 9]"
16401857864,"array('h', [20, -7, -11, -13, 1, 0, 1, 1])",False,30.810425975,"[20, -8, -12, -13, 1, 0, 2, 2]"
16424838075,"array('h', [-5, 36, 23, 17, 10, 3, 0, 0])",False,30.833406186,"[-5, 36, 23, 17, 11, 3, 0, 1]"
16463199351,"array('h', [-11, -14, 0, 36, 2, 1, -4, -1])",False,30.871767462,"[-12, -15, -1, 36, 3, 1, -4, -2]"
16465486742,"array('h', [-7, -15, 6, 17, 1, -2, -2, -2])",False,30.874054853,"[-7, -15, 7, 18, 2, -2, -3, -3]"
16484525707,"array('h', [-9, -29, -16, -12, -1, 0, 0, -2])",False,30.893093818,"[-10, -30, -17, -13, -2, 0, -1, -3]"
16506060414,"array('h', [-5, -20, -6, -13, -5, -2, 0, 0])",False,30.914628525,"[-6, -21, -7, -14, -6, -2, 0, 1]"
16521927709,"array('h', [1, 5, 6, 9, 2, -2, -4, -3])",False,30.93049582,"[1, 5, 7, 10, 2, -3, -4, -4]"
16566934786,"array('h', [7, 12, 1, -3, -1, 0, 0, 0])",False,30.975502897,"[8, 12, 1, -4, -2, 0, -1, -1]"
16567622777,"array('h', [9, 11, 10, 6, 3, -1, 5, 9])",False,30.976190888,"[9, 12, 10, 7, 4, -1, 5, 10]"
16581790709,"array('h', [43, 9, 6, 7, 6, 6, -4, 11])",False,30.99035882,"[43, 9, 7, 7, 7, 7, -5, 11]"
16604448761,"array('h', [24, 14, 0, 0, 2, 3, 10, 15])",False,31.013016872,"[25, 14, 1, -1, 2, 4, 10, 16]"
16627609791,"array('h', [-34, -15, -3, -2, 0, -1, 12, 6])",False,31.036177902,"[-35, -15, -3, -2, 0, -1, 13, 7]"
16641938567,"array('h', [47, 18, 2, 1, 0, -7, -23, -1])",False,31.050506678,"[47, 19, 2, 2, 1, -7, -23, -2]"
16664230627,"array('h', [25, 48, 16, 6, 7, 11, 19, 18])",False,31.072798738,"[26, 49, 17, 6, 8, 11, 19, 19]"
16687681911,"array('h', [-57, 1, -4, 2, 0, -3, -2, -27])",False,31.096250022,"[-58, 2, -4, 2, 1, -3, -3, -27]"
16701843809,"array('h', [-36, -21, -8, -6, -12, -35, -6, -18])",False,31.11041192,"[-37, -22, -9, -7, -13, -36, -6, -19]"
16724449185,"array('h', [10, -16, -2, 5, 2, 5, -38, -8])",False,31.133017296,"[11, -16, -2, 5, 3, 6, -38, -9]"
16747523442,"array('h', [55, 43, -3, -6, -10, -48, -43, 21])",False,31.156091553,"[55, 44, -4, -7, -11, -48, -44, 21]"
16770061885,"array('h', [-35, -19, 2, 7, 7, -2, -29, -60])",False,31.178629996,"[-36, -19, 3, 7, 7, -3, -30, -60]"
16784503721,"array('h', [-54, -50, -19, -17, -17, -30, -1, -3])",False,31.193071832,"[-54, -51, -20, -17, -18, -30, -1, -3]"
16807601832,"array('h', [4, 22, 3, -1, 2, 35, 22, 9])",False,31.216169943,"[4, 23, 4, -1, 3, 35, 23, 9]"
16821925714,"array('h', [37, 32, 0, -4, -5, -6, -9, -7])",False,31.230493825,"[37, 33, 1, -5, -5, -7, -9, -7]"
16844467426,"array('h', [87, 14, 3, 0, -7, -30, 3, 47])",False,31.253035537,"[87, 14, 4, 1, -8, -30, 4, 48]"
16867616198,"array('h', [-15, 7, -7, -7, -6, 30, 25, 22])",False,31.276184309,"[-16, 8, -7, -7, -6, 30, 26, 23]"
16888721646,"array('h', [-10, -18, -7, -1, 2, 18, -16, 25])",False,31.297289757,"[-10, -19, -8, -1, 3, 18, -16, 26]"
16904410090,"array('h', [17, -34, -9, 0, 6, 6, -14, -22])",False,31.312978201,"[18, -34, -10, 0, 6, 7, -14, -22]"
16927554599,"array('h', [22, 23, 17, 13, 20, 29, 11, 5])",False,31.33612271,"[22, 23, 17, 14, 20, 29, 12, 5]"
16942083340,"array('h', [-15, -4, -1, -5, -15, -28, -15, 4])",False,31.350651451,"[-15, -5, -2, -6, -15, -29, -15, 5]"
16978784911,"array('h', [-51, -61, -14, -2, 1, -4, -20, -3])",False,31.387353022,"[-52, -61, -15, -2, 1, -4, -20, -3]"
16987590521,"array('h', [45, 27, 6, 1, 2, -1, -27, 15])",False,31.396158632,"[45, 27, 7, 2, 3, -2, -28, 15]"
17001987989,"array('h', [43, 2, -4, -3, -7, -14, 8, 34])",False,31.4105561,"[44, 3, -4, -3, -7, -14, 9, 34]"
17024443245,"array('h', [12, 6, 6, 10, 8, -4, 21, 16])",False,31.433011356,"[12, 7, 6, 10, 8, -4, 21, 16]"
17047453287,"array('h', [-23, -16, -1, 0, 4, 5, -47, -10])",False,31.456021398,"[-24, -17, -2, -1, 5, 5, -47, -10]"
17061886550,"array('h', [1, -27, -11, -1, 4, 13, 31, 15])",False,31.470454661,"[2, -27, -11, -2, 5, 14, 31, 15]"
17084346377,"array('h', [-17, -27, -16, -10, -9, -4, -13, -36])",False,31.492914488,"[-18, -27, -16, -11, -9, -4, -13, -36]"
17113534611,"array('h', [-24, -23, -5, -1, -6, 2, 60, -21])",False,31.522102722,"[-24, -24, -6, -1, -6, 2, 61, -21]"
17122017577,"array('h', [39, 19, 4, 1, 3, -12, -22, 45])",False,31.530585688,"[39, 19, 5, 2, 4, -12, -22, 45]"
17144388141,"array('h', [-6, -8, 6, 12, 25, 25, 47, 52])",False,31.552956252,"[-7, -9, 7, 13, 25, 25, 47, 53]"
17175252998,"array('h', [11, 7, 1, -6, 0, -21, 30, -6])",False,31.583821109,"[11, 7, 1, -6, 1, -21, 30, -7]"
17188804087,"array('h', [-7, 13, 0, -3, 0, 33, 39, 13])",False,31.597372198,"[-8, 14, 1, -3, 0, 33, 40, 14]"
17204366537,"array('h', [-25, -13, -13, -10, -10, -4, 1, -19])",False,31.612934648,"[-25, -14, -13, -10, -10, -5, 1, -19]"
17227727168,"array('h', [-44, 5, 3, 6, 1, -7, -17, -49])",False,31.636295279,"[-44, 5, 4, 7, 2, -7, -18, -50]"
17248609008,"array('h', [59, 28, 9, 9, -9, 11, 2, 53])",False,31.657177119,"[60, 28, 10, 9, -9, 12, 2, 53]"
17287168167,"array('h', [-6, 19, 6, 31, 46, 43, 0, -28])",False,31.695736278,"[-7, 19, 6, 31, 46, 44, 0, -28]"
17287695431,"array('h', [22, 2, -1, -5, -15, -14, -4, -18])",False,31.696263542,"[23, 2, -1, -5, -15, -15, -5, -18]"
17308797451,"array('h', [23, -14, -9, 8, 11, 24, -14, 18])",False,31.717365562,"[23, -15, -10, 8, 12, 25, -15, 18]"
17347030940,"array('h', [-9, -19, -9, 0, -6, -7, 17, 7])",False,31.755599051,"[-10, -19, -10, 0, -6, -7, 18, 7]"
17347712847,"array('h', [-16, 5, -10, -13, -6, 0, -2, -18])",False,31.756280958,"[-16, 6, -11, -14, -6, -1, -2, -18]"
17376202956,"array('h', [8, 11, 6, 13, 16, 0, 1, -10])",False,31.784771067,"[9, 12, 6, 14, 17, 0, 2, -10]"
17384459831,"array('h', [15, 28, 13, 8, -10, -25, -13, -14])",False,31.793027942,"[16, 28, 14, 8, -10, -26, -13, -14]"
17407843454,"array('h', [55, 4, -1, 3, 11, 37, 22, 7])",False,31.816411565,"[55, 5, -1, 4, 12, 37, 23, 8]"
17428611306,"array('h', [-15, -29, -8, -2, -20, -58, -9, 2])",False,31.837179417,"[-15, -30, -9, -2, -20, -59, -9, 2]"
17452668982,"array('h', [11, 56, 46, 15, 22, 29, 7, 26])",False,31.861237093,"[11, 57, 47, 15, 23, 30, 8, 26]"
17467611170,"array('h', [-21, -82, -78, -20, -29, -14, -9, -4])",False,31.876179281,"[-21, -82, -78, -20, -29, -15, -9, -5]"
17490150599,"array('h', [-3, -32, -38, -16, -13, -55, -19, -1])",False,31.89871871,"[-3, -33, -39, -17, -14, -55, -20, -2]"
17504468575,"array('h', [28, -123, -109, -32, 3, 51, 2, -8])",False,31.913036686,"[29, -124, -110, -32, 4, 51, 2, -9]"
17535139121,"array('h', [26, 94, 81, 19, 0, -20, -4, 13])",False,31.943707232,"[26, 95, 81, 20, 1, -21, -4, 14]"
17550116930,"array('h', [75, 97, 80, 24, 10, 7, 10, 69])",False,31.958685041,"[75, 97, 81, 25, 10, 7, 10, 70]"
17564513558,"array('h', [-33, -47, -21, -24, 15, 22, -3, -4])",False,31.973081669,"[-33, -47, -21, -24, 16, 22, -4, -5]"
17587183652,"array('h', [-8, 36, 19, 0, -16, -12, -19, -48])",False,31.995751763,"[-9, 37, 20, 0, -16, -13, -19, -49]"
17609485246,"array('h', [29, 95, 1, 7, -8, 20, 3, 0])",False,32.018053357,"[29, 95, 1, 8, -8, 21, 4, 0]"
17631769902,"array('h', [-43, 126, 123, 50, 22, 27, 22, 9])",False,32.040338013,"[-43, 127, 124, 51, 22, 28, 23, 9]"
17647101989,"array('h', [-10, -72, -73, -26, 6, -1, -4, -25])",False,32.0556701,"[-11, -72, -73, -26, 7, -1, -5, -25]"
17669285336,"array('h', [-4, -40, -6, -5, -5, -4, -18, -63])",False,32.077853447,"[-5, -41, -7, -5, -6, -5, -19, -64]"
17683958555,"array('h', [-13, 62, 41, 9, 21, 8, 0, 22])",False,32.092526666,"[-13, 63, 41, 10, 21, 8, 1, 22]"
17714432336,"array('h', [27, 73, 40, -10, -19, 4, 25, 63])",False,32.123000447,"[27, 73, 40, -10, -19, 4, 26, 64]"
17729349786,"array('h', [-8, -7, -5, -5, 4, 33, 6, 0])",False,32.137917897,"[-9, -7, -6, -6, 5, 33, 6, 0]"
17751894305,"array('h', [-29, -69, -39, 4, 41, 0, -8, 0])",False,32.160462416,"[-29, -69, -39, 5, 41, 1, -9, 0]"
17766965804,"array('h', [3, 79, 77, 24, 23, 7, -4, -19])",False,32.175533915,"[4, 79, 77, 24, 23, 8, -4, -19]"
17789317592,"array('h', [18, 84, 79, 45, 4, -1, 4, -3])",False,32.197885703,"[18, 85, 80, 45, 4, -1, 5, -3]"
17812003813,"array('h', [-8, 56, 10, 15, 11, 0, -31, -23])",False,32.220571924,"[-9, 56, 10, 15, 11, 1, -32, -23]"
17826292600,"array('h', [17, -32, -39, -34, -27, -28, -28, -28])",False,32.234860711,"[17, -33, -39, -34, -27, -29, -29, -29]"
17849482085,"array('h', [17, -3, 27, 8, 4, 13, 10, 27])",False,32.258050196,"[17, -3, 27, 9, 4, 13, 10, 27]"
17871764855,"array('h', [-10, -74, -62, -48, -42, -18, -32, -4])",False,32.280332966,"[-10, -75, -62, -48, -42, -18, -32, -5]"
17894506315,"array('h', [-18, -63, -15, -15, -4, -5, -15, -13])",False,32.303074426,"[-18, -63, -15, -15, -5, -5, -15, -13]"
17909352472,"array('h', [9, -24, -8, 17, 21, 15, 18, 18])",False,32.317920583,"[10, -25, -9, 17, 22, 15, 18, 19]"
17931964937,"array('h', [-29, -68, -44, -19, -14, -17, 0, -14])",False,32.340533048,"[-29, -69, -44, -19, -14, -17, 0, -15]"
17946775232,"array('h', [5, 58, 37, 15, -8, 12, -11, -36])",False,32.355343343,"[6, 59, 38, 16, -8, 13, -12, -36]"
17969413958,"array('h', [4, -9, 1, -2, -15, -25, -3, 12])",False,32.377982069,"[5, -9, 2, -3, -16, -26, -4, 13]"
17992092908,"array('h', [69, 25, 31, 8, 9, 11, 4, 36])",False,32.400661019,"[70, 26, 32, 9, 10, 12, 5, 36]"
18007401905,"array('h', [5, 81, 32, 0, -1, 9, 2, 3])",False,32.415970016,"[6, 81, 33, 0, -1, 10, 3, 4]"
18029459797,"array('h', [22, -36, -4, 20, 16, 8, 7, 37])",False,32.438027908,"[23, -36, -4, 20, 16, 8, 7, 37]"
18052114052,"array('h', [6, -48, 2, 25, 30, 11, 31, 48])",False,32.460682163,"[6, -49, 2, 26, 30, 12, 31, 49]"
18066933453,"array('h', [-10, -12, -32, -9, -11, -26, -25, -27])",False,32.475501564,"[-10, -12, -32, -9, -12, -27, -26, -27]"
18089648638,"array('h', [14, -35, -41, -12, 0, -9, 0, 52])",False,32.498216749,"[14, -36, -41, -12, -1, -10, 1, 52]"
18111734130,"array('h', [-10, -14, -41, -14, -18, -18, -9, -36])",False,32.520302241,"[-10, -15, -42, -15, -19, -18, -10, -37]"
18126931743,"array('h', [-21, 49, 76, 34, 8, 9, -8, 9])",False,32.535499854,"[-21, 50, 77, 35, 8, 9, -9, 10]"
18149174548,"array('h', [-28, -24, -13, -14, -40, -8, -19, -60])",False,32.557742659,"[-28, -24, -13, -14, -41, -9, -20, -60]"
18172157514,"array('h', [10, -40, -21, 2, 1, 16, 1, -9])",False,32.580725625,"[11, -41, -21, 3, 2, 16, 1, -9]"
18194557585,"array('h', [-12, 26, 37, 16, 12, 4, 12, -19])",False,32.603125696,"[-12, 27, 37, 16, 13, 4, 13, -19]"
18209502761,"array('h', [28, 18, 21, 12, -7, -4, -11, 0])",False,32.618070872,"[28, 18, 21, 12, -7, -5, -11, 1]"
18239575791,"array('h', [-13, 116, 93, 23, 2, 9, -6, -8])",False,32.648143902,"[-14, 116, 94, 24, 3, 9, -6, -8]"
18246851865,"array('h', [-4, 24, 7, 11, 25, 9, -3, -9])",False,32.655419976,"[-5, 25, 7, 11, 26, 10, -4, -9]"
18269413708,"array('h', [-26, -76, -23, -2, 5, -3, -3, -8])",False,32.677981819,"[-27, -76, -24, -2, 5, -3, -3, -9]"
18292244769,"array('h', [-17, 25, -30, -6, -1, -6, -1, -15])",False,32.70081288,"[-18, 26, -30, -6, -1, -7, -1, -15]"
18306357377,"array('h', [20, -50, -30, -6, -5, 5, 14, 32])",False,32.714925488,"[21, -50, -31, -7, -6, 6, 14, 33]"
18329461988,"array('h', [-18, -58, -49, -22, -18, 0, 14, 27])",False,32.738030099,"[-18, -59, -49, -22, -19, -1, 14, 28]"
18351795820,"array('h', [8, 8, 34, 13, 28, 20, 6, 4])",False,32.760363931,"[9, 8, 34, 14, 28, 20, 6, 4]"
18366248109,"array('h', [-5, 94, 31, 2, -8, 1, 14, 14])",False,32.77481622,"[-5, 95, 31, 2, -9, 2, 14, 14]"
18389594985,"array('h', [0, -36, -20, 0, 13, 2, 0, 5])",False,32.798163096,"[0, -36, -21, -1, 13, 3, 0, 5]"
18412155074,"array('h', [-31, -55, -66, -25, -7, -5, 6, 43])",False,32.820723185,"[-32, -55, -67, -25, -7, -5, 7, 44]"
18426462251,"array('h', [-8, -69, -44, -8, -2, 8, 20, 5])",False,32.835030362,"[-8, -70, -44, -9, -3, 9, 20, 5]"
18449492389,"array('h', [-42, -9, 36, 2, -31, -8, -2, -16])",False,32.8580605,"[-43, -10, 36, 2, -32, -9, -2, -17]"
18471820361,"array('h', [-37, -127, -103, -48, -20, -6, 5, 39])",False,32.880388472,"[-37, -128, -103, -48, -20, -6, 6, 40]"
18494460771,"array('h', [-23, -77, -80, -34, -11, -1, 5, 4])",False,32.903028882,"[-23, -77, -81, -35, -12, -1, 5, 4]"
18509289521,"array('h', [-4, 97, 126, 51, 12, -21, -1, 15])",False,32.917857632,"[-4, 97, 127, 52, 12, -21, -1, 16]"
18532349557,"array('h', [5, -59, -53, -22, 4, 0, -9, 6])",False,32.940917668,"[5, -60, -53, -23, 4, 0, -10, 6]"
18546257045,"array('h', [-1, 33, -15, -4, 2, -19, -30, -28])",False,32.954825156,"[-2, 34, -15, -5, 2, -20, -30, -28]"
18569513197,"array('h', [37, 64, 52, 16, 9, 15, 10, 12])",False,32.978081308,"[38, 65, 52, 17, 10, 15, 10, 13]"
18592383047,"array('h', [-45, -124, -62, -29, -19, -12, -3, -21])",False,33.000951158,"[-46, -125, -62, -29, -19, -13, -3, -21]"
18614535165,"array('h', [-34, -14, -5, -1, -13, -1, -13, -19])",False,33.023103276,"[-34, -15, -6, -1, -14, -2, -13, -19]"
18629350259,"array('h', [-22, -57, -81, -23, -6, -5, -10, -23])",False,33.03791837,"[-23, -58, -82, -24, -7, -5, -11, -23]"
18651782315,"array('h', [-18, 11, -1, -1, -5, 0, 2, -2])",False,33.060350426,"[-18, 11, -2, -2, -6, 0, 3, -2]"
18674249313,"array('h', [9, 45, 20, -6, -28, -16, -7, -8])",False,33.082817424,"[9, 45, 20, -6, -28, -16, -7, -8]"
18689389408,"array('h', [-43, -96, -65, -13, 12, 14, 13, 9])",False,33.097957519,"[-43, -97, -66, -14, 13, 14, 13, 9]"
18712367536,"array('h', [20, 38, 31, 10, 10, -3, -23, -15])",False,33.120935647,"[21, 38, 32, 11, 11, -3, -23, -16]"
18734599394,"array('h', [-3, -32, -76, -38, -22, -5, -6, 11])",False,33.143167505,"[-4, -32, -76, -38, -23, -6, -7, 12]"
18749395175,"array('h', [-13, -98, -104, -18, -3, 1, 3, 0])",False,33.157963286,"[-14, -98, -104, -18, -4, 1, 3, 1]"
18771917826,"array('h', [-22, -74, -79, -37, 0, 24, 14, 26])",False,33.180485937,"[-23, -74, -80, -37, 1, 24, 15, 27]"
18794555821,"array('h', [27, 35, -5, -1, 0, 0, -1, -2])",False,33.203123932,"[28, 35, -5, -1, 1, 0, -1, -3]"
18816871154,"array('h', [-24, -87, -83, -40, -27, -8, -26, -55])",False,33.225439265,"[-24, -87, -83, -40, -27, -9, -26, -55]"
18831790744,"array('h', [-4, -37, -59, -27, -8, -1, 0, 1])",False,33.240358855,"[-5, -38, -60, -27, -9, -1, 1, 1]"
18846388205,"array('h', [104, 124, 84, 30, -8, -9, 6, 38])",False,33.254956316,"[104, 125, 85, 31, -8, -10, 6, 39]"
18869367846,"array('h', [-9, -34, -27, -14, -12, 8, 0, -3])",False,33.277935957,"[-9, -35, -27, -14, -13, 8, 0, -3]"
18891728354,"array('h', [35, 82, 41, 15, -1, 1, 4, 21])",False,33.300296465,"[35, 82, 41, 16, -1, 1, 4, 21]"
18921834765,"array('h', [-23, -1, 17, 2, -3, 0, 8, 10])",False,33.330402876,"[-23, -1, 17, 2, -3, 0, 9, 11]"
18929195264,"array('h', [-5, -34, 6, 6, 5, 11, 3, -1])",False,33.337763375,"[-5, -35, 6, 6, 6, 11, 3, -1]"
18951815912,"array('h', [16, 82, 90, 43, 20, 2, 17, 23])",False,33.360384023,"[17, 83, 91, 44, 21, 3, 17, 23]"
18974537069,"array('h', [15, -43, -41, -15, 13, 17, 9, 35])",False,33.38310518,"[16, -44, -41, -16, 13, 17, 9, 35]"
18989403170,"array('h', [56, 126, 81, 30, 13, 13, 12, 9])",False,33.397971281,"[56, 127, 81, 30, 14, 13, 12, 9]"
19011782804,"array('h', [-28, -38, -36, -6, 4, 8, 3, -13])",False,33.420350915,"[-29, -38, -37, -6, 4, 8, 3, -14]"
19034487023,"array('h', [-10, -9, -29, -22, -7, -19, -7, -20])",False,33.443055134,"[-10, -10, -29, -22, -8, -19, -8, -21]"
19049302823,"array('h', [-27, -5, 36, 19, -7, -6, 4, -13])",False,33.457870934,"[-28, -6, 36, 19, -7, -6, 5, -13]"
19071923257,"array('h', [10, 3, -13, -10, -12, -11, -4, 5])",False,33.480491368,"[10, 3, -14, -11, -13, -12, -5, 5]"
19094425725,"array('h', [0, 23, 18, -4, -18, 0, 2, 15])",False,33.502993836,"[1, 24, 18, -4, -18, 1, 3, 15]"
19117470751,"array('h', [15, 34, 34, 3, -2, -17, -25, -17])",False,33.526038862,"[16, 35, 35, 4, -2, -18, -26, -17]"
19131799623,"array('h', [7, 2, 8, 1, -10, -29, -19, -13])",False,33.540367734,"[8, 2, 8, 1, -11, -29, -19, -14]"
19154427404,"array('h', [-43, -29, -32, -25, -14, -8, -21, -53])",False,33.562995515,"[-44, -29, -32, -26, -15, -9, -22, -54]"
19169403472,"array('h', [-38, -52, -25, -14, -1, 4, -8, -18])",False,33.577971583,"[-39, -52, -26, -15, -2, 4, -9, -19]"
19192086603,"array('h', [-23, -32, -7, 19, 35, 11, -23, -22])",False,33.600654714,"[-23, -32, -7, 19, 35, 12, -24, -23]"
19222241212,"array('h', [23, 21, 19, 24, 12, -24, 7, 7])",False,33.630809323,"[23, 21, 20, 25, 13, -24, 7, 7]"
19237090624,"array('h', [-10, 0, 5, 7, 8, 13, 25, 27])",False,33.645658735,"[-10, -1, 5, 7, 8, 13, 25, 28]"
19251978786,"array('h', [-68, -31, -3, -1, -3, -21, -71, -49])",False,33.660546897,"[-68, -31, -3, -1, -3, -22, -71, -49]"
19274377031,"array('h', [0, 8, -6, -6, -5, 47, 37, 23])",False,33.682945142,"[-1, 9, -6, -6, -6, 47, 37, 24]"
19288886503,"array('h', [-6, -14, -17, -23, -23, -28, 14, -17])",False,33.697454614,"[-6, -15, -17, -24, -24, -29, 14, -18]"
19319495275,"array('h', [1, -9, -9, -4, -8, -46, 2, -19])",False,33.728063386,"[1, -9, -10, -4, -8, -46, 2, -20]"
19334608986,"array('h', [2, -25, -7, -2, 2, -11, 0, 21])",False,33.743177097,"[3, -25, -7, -2, 2, -11, 1, 21]"
19348690961,"array('h', [4, -6, -6, -5, -7, -6, -2, 12])",False,33.757259072,"[5, -6, -7, -6, -8, -7, -2, 12]"
19372072257,"array('h', [17, 7, -2, -4, -3, -7, 3, 3])",False,33.780640368,"[17, 7, -2, -5, -3, -7, 4, 4]"
19394997907,"array('h', [13, 8, -1, -1, -1, -1, 0, 0])",False,33.803566018,"[14, 8, -1, -2, -2, -2, 0, 0]"
19408803639,"array('h', [20, 13, -9, -9, -9, -11, 0, -2])",False,33.81737175,"[20, 14, -9, -9, -9, -12, 0, -3]"
19432062545,"array('h', [-7, 2, 0, -1, -1, -1, -5, 2])",False,33.840630656,"[-7, 2, 0, -1, -1, -1, -5, 3]"
19454458053,"array('h', [-1, -8, -7, -4, -3, -3, 0, -3])",False,33.863026164,"[-2, -9, -7, -5, -4, -4, 0, -3]"
19477103376,"array('h', [6, 9, 9, 4, 2, 1, 3, -7])",False,33.885671487,"[6, 10, 10, 5, 3, 1, 4, -8]"
19491979199,"array('h', [-3, 6, 8, 1, 0, -5, -14, -19])",False,33.90054731,"[-3, 6, 8, 1, -1, -5, -14, -19]"
19514375495,"array('h', [-7, -13, -15, -6, -4, -6, -5, -6])",False,33.922943606,"[-8, -13, -16, -7, -5, -6, -6, -6]"
19529190210,"array('h', [5, 73, 72, 19, 4, 1, -6, 2])",False,33.937758321,"[6, 74, 72, 19, 4, 1, -7, 2]"
19559547636,"array('h', [2, 32, 24, 2, -3, -10, -12, -12])",False,33.968115747,"[2, 33, 24, 3, -3, -10, -12, -12]"
19574277306,"array('h', [2, 18, 22, 10, 7, 4, 0, 1])",False,33.982845417,"[3, 18, 22, 10, 7, 4, 0, 2]"
19596916086,"array('h', [-2, -2, -2, -3, 1, 2, -3, 0])",False,34.005484197,"[-3, -3, -3, -3, 1, 2, -4, 1]"
19611881604,"array('h', [-1, -3, -17, -5, -3, -1, 0, 7])",False,34.020449715,"[-1, -4, -18, -5, -4, -1, 1, 7]"
19634568499,"array('h', [-4, -32, -21, 0, 0, 0, 8, 10])",False,34.04313661,"[-5, -32, -21, 0, -1, 0, 8, 10]"
19657059896,"array('h', [-1, -11, -8, -1, -1, -1, -3, 0])",False,34.065628007,"[-1, -11, -8, -1, -2, -1, -3, 0]"
19672269841,"array('h', [0, 3, 8, 6, 2, 0, 0, -5])",False,34.080837952,"[-1, 3, 8, 6, 3, 0, 0, -6]"
19694355240,"array('h', [-1, -11, -17, -9, -4, 1, 6, 1])",False,34.102923351,"[-2, -12, -17, -10, -4, 2, 7, 1]"
19717107470,"array('h', [-3, -5, 14, 1, 0, 0, -2, 0])",False,34.125675581,"[-3, -5, 14, 2, -1, -1, -3, -1]"
19731922490,"array('h', [-5, -20, -9, -3, -3, -4, -3, -2])",False,34.140490601,"[-5, -20, -10, -4, -3, -4, -3, -3]"
19754406034,"array('h', [3, 22, 7, 1, 0, 1, 0, 1])",False,34.162974145,"[3, 23, 7, 1, 0, 1, -1, 1]"
19777015197,"array('h', [0, -10, -31, -13, -4, -2, -2, 0])",False,34.185583308,"[0, -10, -31, -13, -5, -2, -2, -1]"
19791975554,"array('h', [2, 15, -4, -3, -2, -2, -1, 0])",False,34.200543665,"[2, 15, -5, -3, -2, -2, -2, -1]"
19814378822,"array('h', [4, 5, 6, 6, 0, -2, -7, -5])",False,34.222946933,"[4, 5, 7, 6, -1, -3, -7, -5]"
19836973445,"array('h', [-3, -4, -1, -5, 0, 0, -1, -2])",False,34.245541556,"[-3, -5, -1, -5, -1, 1, -1, -2]"
19852003967,"array('h', [-3, -20, -16, -3, 1, 2, 4, 2])",False,34.260572078,"[-3, -20, -17, -4, 1, 3, 5, 2]"
19874528450,"array('h', [4, 15, 29, 22, 8, 5, 4, 4])",False,34.283096561,"[5, 16, 30, 23, 8, 5, 5, 5]"
19896916182,"array('h', [3, 33, 18, 12, 4, 0, 1, -1])",False,34.305484293,"[3, 34, 18, 13, 5, 1, 1, -1]"
19919948043,"array('h', [-5, -19, 5, 2, -1, 0, 0, 0])",False,34.328516154,"[-6, -19, 6, 3, -1, -1, 0, 0]"
19950125023,"array('h', [-1, 12, 16, 1, -1, 1, 1, 2])",False,34.358693134,"[-1, 12, 16, 2, -1, 1, 2, 2]"
19956781716,"array('h', [-4, -5, 1, 5, 5, 3, 0, 1])",False,34.365349827,"[-5, -6, 1, 5, 6, 4, 1, 1]"
19979513977,"array('h', [-19, -51, 4, -5, -7, -1, 0, -2])",False,34.388082088,"[-19, -51, 4, -5, -7, -1, 0, -2]"
20002029659,"array('h', [-6, -12, 2, 0, 1, -1, -2, -2])",False,34.41059777,"[-6, -12, 2, 0, 1, -1, -3, -2]"
20017136739,"array('h', [-6, -30, -30, -17, -8, -3, -1, 0])",False,34.42570485,"[-6, -31, -30, -17, -9, -3, -2, -1]"
20039785919,"array('h', [-1, -18, -23, -15, -7, -1, 0, 0])",False,34.44835403,"[-2, -19, -23, -15, -7, -2, 1, 1]"
20055017788,"array('h', [-8, -27, -27, -19, -8, -5, -1, 0])",False,34.463585899,"[-9, -27, -27, -19, -8, -5, -1, 0]"
20076939546,"array('h', [0, 4, -1, 2, 2, 1, -1, -3])",False,34.485507657,"[1, 5, -1, 2, 3, 1, -1, -3]"
20091754067,"array('h', [-2, 3, -9, -32, -15, -7, -8, -8])",False,34.500322178,"[-3, 4, -10, -32, -16, -8, -8, -9]"
20114832206,"array('h', [5, 6, 1, 8, 3, 0, -1, 0])",False,34.523400317,"[5, 7, 1, 8, 3, -1, -1, 1]"
20144411108,"array('h', [3, 13, 16, 3, 0, 0, 0, 2])",False,34.552979219,"[3, 13, 16, 4, 0, 1, 1, 2]"
20159131295,"array('h', [0, -3, -5, 0, -1, 0, -3, -1])",False,34.567699406,"[0, -3, -5, 0, -1, -1, -3, -1]"
20174472325,"array('h', [-3, -5, -5, -2, 1, 0, 0, 0])",False,34.583040436,"[-3, -5, -6, -2, 2, 0, 0, -1]"
20196822531,"array('h', [1, 3, -1, 8, 3, 1, 0, 2])",False,34.605390642,"[1, 3, -2, 9, 3, 1, -1, 2]"
20226998649,"array('h', [0, 1, 2, -3, -2, -1, -2, 0])",False,34.63556676,"[0, 1, 3, -3, -2, -1, -2, 0]"
20258220354,"array('h', [3, 11, 6, 4, 2, 0, -1, 1])",False,34.666788465,"[4, 11, 6, 4, 2, 0, -1, 1]"
20264212023,"array('h', [0, -1, -4, -1, -2, -1, 0, -1])",False,34.672780134,"[0, -1, -4, -1, -3, -1, 0, -1]"
20286843786,"array('h', [-1, 0, 3, 2, 0, 1, -2, 0])",False,34.695411897,"[-1, 0, 3, 2, 0, 1, -3, 0]"
20294344218,"array('h', [-4, -6, -8, -5, -3, -4, -4, -4])",False,34.702912329,"[-4, -6, -9, -6, -4, -5, -4, -5]"
20324529837,"array('h', [-1, -2, 1, 4, 2, 0, -1, 0])",False,34.733097948,"[-1, -2, 2, 5, 3, 1, -1, 0]"
20331157129,"array('h', [3, 6, 0, 0, 0, -1, -1, 0])",False,34.73972524,"[3, 7, 0, 0, -1, -2, -2, 1]"
20361922641,"array('h', [-2, 1, -2, -3, -3, -2, 0, -1])",False,34.770490752,"[-2, 1, -3, -3, -3, -2, 0, -2]"
20377059955,"array('h', [-2, -3, -1, 0, 0, 0, 0, 0])",False,34.785628066,"[-2, -3, -2, 0, -1, -1, -1, 0]"
20391946162,"array('h', [1, 7, 8, 5, 7, 1, 1, 0])",False,34.800514273,"[2, 7, 8, 5, 8, 2, 2, 1]"
20422038346,"array('h', [0, 1, 11, 8, 3, 0, 0, -2])",False,34.830606457,"[1, 2, 12, 9, 4, 1, 0, -2]"
20436936298,"array('h', [0, 1, -6, -3, -2, 0, -1, 0])",False,34.845504409,"[-1, 2, -6, -3, -2, 0, -1, 0]"
20451356716,"array('h', [0, -1, 0, 1, -1, 0, 1, 0])",False,34.859924827,"[0, -1, 1, 2, -1, -1, 1, 0]"
20482436887,"array('h', [-1, 2, 4, 0, 0, -2, 0, -1])",False,34.891004998,"[-1, 3, 5, 1, -1, -2, 0, -1]"
20504363663,"array('h', [0, -1, -1, 1, -2, -2, 0, 1])",False,34.912931774,"[-1, -2, -1, 1, -2, -2, 0, 1]"
20519328053,"array('h', [0, -3, -1, 0, -1, 0, -1, 0])",False,34.927896164,"[-1, -4, -2, 0, -2, -1, -2, 0]"
20534722668,"array('h', [-2, -2, 3, 0, 0, 0, 0, 0])",False,34.943290779,"[-2, -3, 3, -1, -1, -1, 1, 0]"
20558028826,"array('h', [0, -2, -1, 4, 0, 0, -1, -1])",False,34.966596937,"[-1, -2, -1, 5, 1, 0, -1, -1]"
20579088800,"array('h', [-1, -3, -6, -2, -3, 0, -1, -1])",False,34.987656911,"[-1, -4, -6, -3, -3, -1, -2, -2]"
20602960120,"array('h', [-2, 0, 1, 0, 0, 0, -1, -1])",False,35.011528231,"[-2, 0, 1, 0, 0, -1, -2, -2]"
20625922589,"array('h', [-5, -4, -11, -6, 0, -2, -3, -4])",False,35.0344907,"[-6, -5, -12, -6, 0, -2, -4, -4]"
20670782092,"array('h', [0, 2, 2, 0, 0, 0, 0, 0])",False,35.079350203,"[0, 2, 3, 0, -1, 0, 0, 1]"
20679080375,"array('h', [-1, 0, -1, 0, -1, -1, -1, 0])",False,35.087648486,"[-1, 0, -2, 0, -2, -1, -1, -1]"
20679803561,"array('h', [0, 1, 0, 1, -1, -2, 0, 1])",False,35.088371672,"[0, 1, -1, 1, -1, -3, -1, 1]"
20699304120,"array('h', [6, 4, 0, 7, 2, 0, 0, -1])",False,35.107872231,"[7, 5, 0, 7, 2, -1, -1, -2]"
20715158149,"array('h', [0, 1, 4, 1, 0, 0, -1, 1])",False,35.12372626,"[0, 1, 4, 1, -1, 0, -1, 1]"
20715158150,"array('h', [0, 0, 0, 0, 0, 1, 0, -2])",False,41.701157926,"[-2, -2, 0, 1, -1, 0, -1, -3]"
20738176611,"array('h', [0, -1, -1, 0, -1, -1, 0, -1])",False,41.724176387,"[1, -1, -3, -1, -3, -1, -1, -2]"
20751897088,"array('h', [-1, 0, -2, -3, -1, 0, 0, -1])",False,41.737896864,"[-1, 0, -1, -2, -1, -1, -1, -1]"
20775800072,"array('h', [-1, -1, 0, 0, 0, -1, 0, 0])",False,41.761799848,"[-1, -2, -3, -1, -1, -2, 0, -2]"
20797828934,"array('h', [-1, 0, -2, -3, 0, 0, -1, -1])",False,41.78382871,"[-2, -1, -1, -3, -2, -1, -2, 0]"
20812040200,"array('h', [0, -1, 0, 0, -1, -2, -1, 0])",False,41.798039976,"[-1, 1, 0, 1, 0, -1, 1, -1]"
20842724169,"array('h', [-1, 2, 0, -4, 0, 0, 0, 0])",False,41.828723945,"[-2, -2, -2, -4, -1, -1, -2, -1]"
20863760524,"array('h', [0, -5, -3, 0, -1, -1, -2, 0])",False,41.8497603,"[-1, -1, -3, -2, -2, -2, -2, -2]"
20871985227,"array('h', [-2, 2, 1, -1, -2, 0, 0, -2])",False,41.857985003,"[-1, 2, 4, -1, -1, -1, 0, 1]"
20895208748,"array('h', [3, 2, 4, 3, 1, 0, 0, 2])",False,41.881208524,"[-1, -1, -2, -4, 2, 0, 0, -2]"
20917848621,"array('h', [0, -16, -8, 0, -2, -1, -1, 4])",False,41.903848397,"[-1, -2, -3, -2, -2, -1, -2, 0]"
20940214265,"array('h', [0, 5, 11, 5, 4, 0, 0, 0])",False,41.926214041,"[0, -1, -1, 0, -2, -1, -1, -2]"
20955223700,"array('h', [-3, -3, -27, -9, -3, -2, -2, -3])",False,41.941223476,"[-3, -5, -1, -3, -4, 0, -1, -2]"
20977800844,"array('h', [0, 5, 7, 18, 7, 1, 0, 0])",False,41.96380062,"[3, 21, 17, 9, 6, 3, 1, 0]"
20999579208,"array('h', [-2, 1, 1, 0, 0, 2, 0, 0])",False,41.985578984,"[4, -28, -22, -10, -9, -4, -2, 7]"
21014300742,"array('h', [-1, 8, 34, 8, 6, -4, -2, -4])",False,42.000300518,"[-1, -1, 15, 15, 6, 2, -1, 1]"
21036976141,"array('h', [-5, -2, 17, 10, -11, -11, -2, -1])",False,42.022975917,"[1, -4, -6, -5, -1, -1, 0, 2]"
21059638467,"array('h', [3, 10, 54, 62, 18, 10, 4, 2])",False,42.045638243,"[-2, 7, 1, -5, -2, 0, -1, -3]"
21073973499,"array('h', [4, 17, 44, 44, 42, 10, 1, 1])",False,42.059973275,"[-3, -4, -26, 12, 6, -2, -4, -4]"
21097175573,"array('h', [-1, -5, -60, -44, -19, -7, -2, -3])",False,42.083175349,"[-1, 1, -9, -19, -6, 0, 1, 0]"
21119591447,"array('h', [1, 10, 7, 17, 3, 4, 4, 6])",False,42.105591223,"[2, 11, 32, 55, 17, 6, 1, 4]"
21142100795,"array('h', [-8, -22, -45, -52, -10, -2, -1, -3])",False,42.128100571,"[-5, -4, -16, -38, -6, -2, 0, -5]"
21156949943,"array('h', [0, 0, -5, 0, 0, -2, -3, -1])",False,42.142949719,"[-1, 9, 39, 23, 5, 0, -3, -3]"
21179484709,"array('h', [1, 5, -9, 4, -4, -3, -3, -3])",False,42.165484485,"[-3, 8, 42, 15, 2, -16, -3, -2]"
21194519397,"array('h', [1, 12, 13, 3, 0, 0, -1, -1])",False,42.180519173,"[-7, -11, -3, 9, -12, -1, -1, -3]"
21216863433,"array('h', [-8, -20, -7, 2, -2, 0, -1, -2])",False,42.202863209,"[6, 15, 67, 62, 7, 4, 4, 6]"
21247120027,"array('h', [13, 9, 10, 6, 4, 1, 2, 5])",False,42.233119803,"[5, 22, 72, 90, 71, 23, 5, 1]"
21253760445,"array('h', [-1, -3, -5, -2, -2, -1, -1, -3])",False,42.239760221,"[3, 6, -10, -27, -3, -4, -4, -2]"
21277017320,"array('h', [8, 8, 4, 1, 0, 0, 1, 4])",False,42.263017096,"[-6, -11, -66, -27, -9, -4, -1, -3]"
21300359358,"array('h', [-12, -13, -8, -4, -2, -1, -7, -10])",False,42.286359134,"[8, 23, 7, 7, -4, 1, 3, 7]"
21313749332,"array('h', [8, 11, 11, 4, 2, 2, 2, 7])",False,42.299749108,"[-10, -16, -18, -12, -4, 3, 3, 0]"
21336847806,"array('h', [0, -11, -7, -6, -3, -2, 0, -2])",False,42.322847582,"[-3, -12, -43, -43, -5, -3, -2, 1]"
21359563000,"array('h', [-49, -24, 3, 5, 3, 7, 5, 0])",False,42.345562776,"[-5, -12, -15, -31, -7, -3, -4, -7]"
21373785591,"array('h', [28, 21, 9, 5, 2, 3, 4, 1])",False,42.359785367,"[2, 9, -5, 25, -1, -4, -5, -1]"
21396964753,"array('h', [24, 8, 1, -2, -2, -2, -1, 7])",False,42.382964529,"[3, 3, -10, -5, -2, -3, -2, -2]"
21419428912,"array('h', [17, 26, -1, -1, -1, -9, -9, -6])",False,42.405428688,"[2, 21, 20, 7, -2, -1, -3, -4]"
21441957976,"array('h', [-13, -7, 5, 4, 2, 3, -3, -12])",False,42.427957752,"[-5, -13, -8, 0, -2, -1, -1, -1]"
21457049765,"array('h', [-25, -14, -3, -4, -3, -10, -3, -16])",False,42.443049541,"[-8, -14, 4, 7, 1, 2, -1, 0]"
21479545215,"array('h', [7, -3, 0, 0, 0, 13, 14, 14])",False,42.465544991,"[13, 5, 3, 2, 2, 1, 2, 4]"
21502079297,"array('h', [16, -12, -6, -2, -3, -10, 9, 33])",False,42.488079073,"[7, 3, 2, 3, 2, 0, 0, 0]"
21517082639,"array('h', [-38, -11, 7, 4, 0, -18, -12, -24])",False,42.503082415,"[-1, 2, 0, -1, -1, -1, -1, 0]"
21539474403,"array('h', [-21, -30, -12, -4, 0, 10, 6, -1])",False,42.525474179,"[2, 2, -1, 0, -3, -2, 0, -1]"
21562147300,"array('h', [6, 7, 2, 0, -2, -1, -6, -14])",False,42.548147076,"[8, 1, -3, -3, -1, -1, -2, 1]"
21577084434,"array('h', [72, 29, 1, -1, 0, 5, -5, 16])",False,42.56308421,"[-21, -12, -2, 0, -1, 0, -8, -11]"
21599451804,"array('h', [5, 18, 7, 0, -5, -13, -13, -3])",False,42.58545158,"[4, 5, 5, 1, 0, 2, 2, 4]"
21622063555,"array('h', [9, 1, -4, -3, -2, -1, -9, -7])",False,42.608063331,"[31, 14, 7, 0, 1, 0, 5, 11]"
21637007035,"array('h', [-15, 5, 9, 7, 4, -7, 3, -5])",False,42.623006811,"[-44, -32, -11, -6, -4, -3, -3, -12]"
21659635990,"array('h', [43, 28, 4, 0, 0, 4, 29, 59])",False,42.645635766,"[-27, -21, 2, 3, 2, 9, 10, 3]"
21682157805,"array('h', [-2, -34, -5, -2, -3, -16, -9, -33])",False,42.668157581,"[-19, 8, 13, 11, 7, 5, 2, 0]"
21697153252,"array('h', [-12, -1, 0, 10, 12, -2, 11, 1])",False,42.683153028,"[52, 21, 6, 1, -2, 1, 7, 5]"
21719330225,"array('h', [-23, 1, 7, 3, 1, 0, -4, -15])",False,42.705330001,"[23, 14, 3, -2, -1, -2, -5, 4]"
21742192276,"array('h', [-14, -33, -22, -15, -14, -20, -34, -21])",False,42.728192052,"[8, 6, -8, -5, -4, -10, -8, 3]"
21757158809,"array('h', [-40, -23, -9, -9, -9, -1, -43, -36])",False,42.743158585,"[27, 45, 10, 5, 1, -6, -5, -11]"
21779984174,"array('h', [0, -4, -3, 0, 8, 29, 44, 22])",False,42.76598395,"[-31, -31, 0, 3, 5, 6, -11, -18]"
21802070306,"array('h', [-9, -10, 3, 5, 6, 3, 4, -27])",False,42.788070082,"[-21, -14, -4, -6, -8, -11, 5, -8]"
21816939898,"array('h', [-5, -6, -17, -14, -12, -17, 4, -20])",False,42.802939674,"[-12, 10, 8, 3, 5, -1, -5, -12]"
21839430888,"array('h', [-19, -5, -4, 0, -3, 21, 14, 2])",False,42.825430664,"[0, -30, -14, -9, -6, 12, 16, 10]"
21861892171,"array('h', [-31, -15, -5, -2, -5, 1, 5, -20])",False,42.847891947,"[34, 8, 0, 3, 2, 6, 22, 60]"
21877144557,"array('h', [12, 14, 3, -2, -4, -8, -19, -5])",False,42.863144333,"[-16, -11, 3, 0, -6, -33, -15, -15]"
21899660183,"array('h', [-12, 21, 3, -4, -13, -36, -38, -34])",False,42.885659959,"[-45, -32, -2, 1, 0, -6, -3, -16]"
21922061822,"array('h', [66, 36, 15, 12, 0, -26, 28, 51])",False,42.908061598,"[-19, -7, -4, -1, 0, 6, -2, -7]"
21937153683,"array('h', [-39, -21, -4, -8, -3, -23, -12, -20])",False,42.923153459,"[-12, -28, -7, -2, -1, 4, 10, -3]"
21967168366,"array('h', [3, -5, -2, 0, -5, -21, -16, -36])",False,42.953168142,"[5, 4, -5, -6, -5, 1, -22, -25]"
21982099711,"array('h', [-1, 17, 0, 0, 16, 15, 2, 9])",False,42.968099487,"[97, 59, 15, 6, 2, 3, 14, 32]"
21997071993,"array('h', [25, 3, 0, -1, -9, -22, -6, 7])",False,42.983071769,"[16, -5, -3, -4, -2, -2, -30, -5]"
22019632417,"array('h', [0, -8, -12, -12, 7, 24, 18, 2])",False,43.005632193,"[11, 29, 5, -2, -9, -17, 2, -6]"
22041986616,"array('h', [-15, 0, 0, -15, -10, 6, 6, -5])",False,43.027986392,"[11, 10, 3, 0, 0, 1, -17, 10]"
22057036688,"array('h', [-21, 5, 3, -3, -42, -16, -2, -7])",False,43.043036464,"[-20, -17, -5, 0, 1, -7, -7, -43]"
22079440510,"array('h', [25, 3, 2, 3, 18, 25, 12, 19])",False,43.065440286,"[10, 19, 12, 7, 3, -3, 17, 37]"
22102011413,"array('h', [-6, -22, -19, -8, -12, -12, 0, 5])",False,43.088011189,"[28, 47, 12, 4, 1, 1, 30, 49]"
22116436774,"array('h', [14, 45, 43, 3, 4, 4, 7, 5])",False,43.10243655,"[34, -38, -10, -5, -3, -1, 2, 8]"
22139517118,"array('h', [-28, 10, 32, 11, 4, 4, -28, -75])",False,43.125516894,"[-19, -20, -8, -6, -8, -27, -11, -43]"
22169586911,"array('h', [6, 28, -14, -12, -14, -10, -1, -14])",False,43.155586687,"[-12, 3, 14, 26, 27, 9, 21, 6]"
22184499178,"array('h', [-17, -20, -7, 0, -10, -5, -29, -17])",False,43.170498954,"[-20, -15, -11, -11, -9, -9, -12, -4]"
22199626322,"array('h', [16, 26, 26, 10, -5, 22, 18, 25])",False,43.185626098,"[-16, 22, 20, 13, 10, 8, 8, -26]"
22221889469,"array('h', [-24, -70, -51, -14, -9, -7, -5, -5])",False,43.207889245,"[-25, -62, -39, -28, -25, -38, -56, -9]"
22236374213,"array('h', [-23, -13, -1, 4, 17, 16, -17, -36])",False,43.222373989,"[-25, -19, -9, -7, -8, 3, -43, -60]"
22259539420,"array('h', [-22, 8, -4, 2, 14, 9, 0, -22])",False,43.245539196,"[-32, -8, -4, -6, -4, 6, -6, 14]"
22281926377,"array('h', [44, 56, 41, 15, 27, 36, 49, 43])",False,43.267926153,"[-11, -20, -8, -1, 8, 31, 31, -12]"
22304356020,"array('h', [-5, 22, 18, 1, 0, -8, -10, 6])",False,43.290355796,"[15, 6, 10, 10, 12, 16, 40, 27]"
22319479955,"array('h', [54, 95, 48, 13, 0, 0, -8, -19])",False,43.305479731,"[-20, -17, -8, -5, -3, -12, -17, -66]"
22349612158,"array('h', [30, -50, -104, -44, -14, -17, -16, -13])",False,43.335611934,"[-21, -7, -17, -15, -17, -25, -4, -11]"
22356394395,"array('h', [-10, -14, 22, 20, 17, 13, -7, -21])",False,43.342394171,"[23, 2, -7, -1, 2, 32, 47, 20]"
22379456687,"array('h', [4, -8, -66, -23, -19, -35, -1, 0])",False,43.365456463,"[-62, -17, -5, -1, -10, 5, -24, -30]"
22401851458,"array('h', [56, 89, 73, 40, 25, 18, 10, 33])",False,43.387851234,"[-32, -15, -3, 0, 0, 3, 22, -17]"
22424597121,"array('h', [25, -36, -55, -21, -12, -14, 6, 53])",False,43.410596897,"[57, 18, 1, -5, -7, -6, -7, 16]"
22439644775,"array('h', [-5, 20, 39, 23, 5, 0, 7, 6])",False,43.425644551,"[-67, 6, 0, -5, -10, -22, -62, -58]"
22462012408,"array('h', [12, 79, 62, 32, 8, 2, 9, -9])",False,43.448012184,"[44, 44, 15, 2, -10, -42, -8, 3]"
22484632010,"array('h', [-36, -33, -17, -18, -7, -6, -2, -21])",False,43.470631786,"[47, 10, 1, 5, -9, -24, 14, 27]"
22499541546,"array('h', [-8, -40, -59, -18, -11, -7, -9, -8])",False,43.485541322,"[20, 46, 23, 11, 11, -23, 17, 45]"
22529675985,"array('h', [10, -27, -24, -13, -8, -6, -10, 0])",False,43.515675761,"[-55, -71, -22, -18, -17, -25, -22, -57]"
22544619749,"array('h', [-6, -39, -29, -13, -20, -36, -13, 10])",False,43.530619525,"[14, 25, 6, 4, 2, -27, -18, -22]"
22559551065,"array('h', [-16, 29, 38, 13, 1, 0, 3, 0])",False,43.545550841,"[-6, -1, -5, -1, 6, 13, -5, -19]"
22581749159,"array('h', [-14, -93, -73, -17, -14, -29, -1, 7])",False,43.567748935,"[4, 12, 4, 4, 12, -5, 4, 15]"
22611956442,"array('h', [2, 43, 49, 33, 25, 28, 23, -2])",False,43.597956218,"[34, 19, -2, -10, -2, 2, -4, 23]"
22619474227,"array('h', [-21, 27, 22, 0, -17, -9, -33, -42])",False,43.605474003,"[-1, -20, -10, 2, -17, -30, -4, -27]"
22641952928,"array('h', [-26, 14, -6, -3, 1, -5, -17, -14])",False,43.627952704,"[5, -1, -8, -22, 26, 61, 39, 36]"
22664683842,"array('h', [3, 20, 7, 13, 7, -1, 0, 19])",False,43.650683618,"[-19, 1, -5, -15, -21, -8, -7, -30]"
22679893109,"array('h', [9, 34, 35, 11, 11, 35, 11, 1])",False,43.665892885,"[-31, 0, 9, -3, -38, -23, -2, -5]"
22701969832,"array('h', [-6, 39, 1, 12, 13, 26, 0, 5])",False,43.687969608,"[-1, 5, 2, -6, -29, 8, 9, 10]"
22724533109,"array('h', [2, -52, -51, -34, -10, -12, -1, 23])",False,43.710532885,"[32, 15, 2, 8, 30, 24, 9, 13]"
22739532406,"array('h', [14, 23, 32, 13, -11, -12, -3, 2])",False,43.725532182,"[-12, -39, -19, -8, -13, -9, -1, 4]"
22762160738,"array('h', [-29, -85, -86, -42, -13, -12, 2, -11])",False,43.748160514,"[12, 9, 2, -6, -4, -3, 14, 26]"
22784637744,"array('h', [-39, -27, 5, 5, 10, -4, -34, -68])",False,43.77063752,"[10, 48, 35, 2, 0, -1, -2, -21]"
22799646289,"array('h', [4, -11, -25, -20, -19, -14, 14, 37])",False,43.785646065,"[-25, 24, 72, 20, 13, 12, -20, -42]"
22822071397,"array('h', [-27, 2, 0, -14, -4, 8, 0, -39])",False,43.808071173,"[-12, -3, -29, -6, -7, -5, -19, -75]"
22844841293,"array('h', [3, -40, -37, -25, -29, -5, 0, 8])",False,43.830841069,"[5, 53, 15, -10, -16, -6, -3, -9]"
22859490951,"array('h', [66, 21, -25, 1, 6, -12, 3, 79])",False,43.845490727,"[-12, -32, -27, -3, -12, -22, -23, 3]"
22881879497,"array('h', [36, 54, 48, 32, 29, 24, 16, 45])",False,43.867879273,"[-10, -15, -1, 1, -8, 24, -21, -35]"
22904723159,"array('h', [-5, -87, -43, -15, 0, 7, 12, -13])",False,43.890722935,"[31, 68, 67, 23, -1, 18, 35, 62]"
22919514121,"array('h', [-18, -10, -42, 0, 5, 1, -3, -8])",False,43.905513897,"[-37, -109, -96, -29, -20, -14, -10, -18]"
22942089323,"array('h', [5, 66, 67, 17, 2, 4, 4, 1])",False,43.928089099,"[-10, -40, -13, 1, 12, 18, -12, -24]"
22972208873,"array('h', [-3, -55, -58, -10, -1, -9, -6, 19])",False,43.958208649,"[-36, 26, 28, 13, 20, 4, -16, -28]"
22979455665,"array('h', [9, -31, -12, -4, 0, 8, 8, 15])",False,43.965455441,"[-25, -50, -60, -16, 5, 17, -13, -42]"
23001881751,"array('h', [-21, 7, 7, 14, 2, -13, -19, -31])",False,43.987881527,"[25, 88, 73, 31, 38, 23, 42, 26]"
23024513719,"array('h', [3, -3, 9, -3, 15, 29, 6, 13])",False,44.010513495,"[38, 39, 24, 2, 12, 35, 41, 48]"
23039562380,"array('h', [33, 46, 51, 2, -18, -22, -14, 6])",False,44.025562156,"[-5, -6, -11, -3, 4, -12, -8, -1]"
23069582683,"array('h', [15, 39, 45, 15, 0, -9, -5, -4])",False,44.055582459,"[27, 118, 99, 29, 3, -1, -13, 1]"
23092178564,"array('h', [-4, -24, -10, 4, -3, -11, 5, 11])",False,44.07817834,"[54, 49, -16, -12, -11, -4, -11, -39]"
23099649871,"array('h', [17, 59, 51, 10, -3, -26, -23, 8])",False,44.085649647,"[50, -56, -120, -47, -15, -22, -13, 7]"
23122127298,"array('h', [8, 31, 29, 3, -11, -22, -15, 0])",False,44.108127074,"[-22, -7, 21, 10, 18, 13, -13, -31]"
23144446557,"array('h', [28, 3, -24, 2, 25, 19, 7, 15])",False,44.130446333,"[1, -56, -37, -1, -6, -3, -9, -18]"
23167043749,"array('h', [-20, -58, -46, -12, -4, -2, -24, -22])",False,44.153043525,"[3, 46, -25, -5, -2, -33, 8, 4]"
23189571804,"array('h', [19, -19, 22, 6, 5, 16, 5, 7])",False,44.17557158,"[38, 14, -7, -3, -7, -6, -1, 25]"
23204458411,"array('h', [36, 4, 6, -8, -24, -13, 9, 19])",False,44.190458187,"[59, 113, 89, 55, 34, 26, 14, 27]"
23219427111,"array('h', [-53, -111, -89, -24, -13, -26, -36, -58])",False,44.205426887,"[32, -68, -78, -35, -15, -20, 11, 86]"
23241886281,"array('h', [2, -55, -58, -10, 7, 12, 9, 20])",False,44.227886057,"[-29, -24, -17, -8, -16, -16, -1, -11]"
23264447053,"array('h', [15, -5, 10, 0, 0, -1, -7, -6])",False,44.250446829,"[31, 97, 106, 65, 30, 24, 13, 8]"
23279497140,"array('h', [23, -11, -6, 1, 23, 19, -7, -1])",False,44.265496916,"[-6, 49, 35, 10, -4, -15, 13, 1]"
23301987965,"array('h', [25, 53, 11, 8, -5, -6, 4, 27])",False,44.287987741,"[-22, -1, 5, -2, -3, 4, -8, -45]"
23332021059,"array('h', [17, 17, -3, -10, -6, 1, 27, 39])",False,44.318020835,"[-31, -47, -39, -25, -9, -8, 0, 4]"
23339329967,"array('h', [3, 36, 46, 8, -7, -11, -6, -4])",False,44.325329743,"[-7, -51, -65, -16, -11, -17, -11, -11]"
23362353109,"array('h', [-5, -10, 1, -11, -14, -10, -14, -24])",False,44.348352885,"[10, -9, -29, -18, -13, 12, -15, -20]"
23384594713,"array('h', [-18, -67, -42, 5, -5, -19, 0, 2])",False,44.370594489,"[13, -49, -19, -8, -6, -36, -5, 38]"
23399173548,"array('h', [16, 10, 10, -7, -15, -5, -2, 6])",False,44.385173324,"[-22, -34, -36, -18, -29, -30, -22, -23]"
23421928589,"array('h', [8, -20, -2, 9, -3, -12, -3, 15])",False,44.407928365,"[-10, 37, 47, 17, 5, -1, 11, 23]"
23444401697,"array('h', [8, 38, 0, 1, 2, -5, -17, 17])",False,44.430401473,"[-6, -21, -6, 2, -6, -15, -4, -3]"
23467071367,"array('h', [4, 6, -1, 5, 6, 2, 4, -12])",False,44.453071143,"[-42, -128, -102, -25, -16, -34, 0, -3]"
23481984170,"array('h', [-2, 8, 33, 9, 9, 5, 8, 26])",False,44.467983946,"[43, 63, 66, 38, 28, 40, 29, 23]"
23511956499,"array('h', [-23, -71, -35, -10, 5, 11, 2, -6])",False,44.497956275,"[-41, 53, 43, 25, 8, 0, -7, -48]"
23518876399,"array('h', [-4, -34, -3, -5, -5, -1, -8, -16])",False,44.504876175,"[-15, -8, 13, -12, -27, -2, -44, -37]"
23549516157,"array('h', [3, 11, -13, -4, -8, -9, 4, 4])",False,44.535515933,"[-18, 38, -23, -10, -3, -22, -13, -4]"
23564444920,"array('h', [-14, 2, 8, 6, 1, -9, -8, -9])",False,44.550444696,"[-30, 13, 26, 24, 23, 11, -11, -18]"
23579077070,"array('h', [-23, -22, 0, -5, -6, 0, -10, -25])",False,44.565076846,"[28, 11, -4, 0, -8, 0, 13, 59]"
23601963656,"array('h', [-47, -111, -52, -22, -20, -5, -10, -37])",False,44.587963432,"[3, 47, 33, 11, 18, 26, 1, -37]"
23632406413,"array('h', [-2, 14, 11, 0, 4, 7, -8, -4])",False,44.618406189,"[-5, 48, 50, 33, 21, 58, 16, 26]"
23638894093,"array('h', [16, 1, -12, 9, 14, 10, 6, 14])",False,44.624893869,"[-7, -4, -60, -24, -3, -8, -11, 0]"
23661879832,"array('h', [31, 44, 2, -15, -8, -16, -14, 7])",False,44.647879608,"[15, -28, -26, -20, -5, -4, -1, 31]"
23684440208,"array('h', [-8, 97, 73, 17, -23, -26, -11, -29])",False,44.670439984,"[-13, -36, -2, -9, -10, -8, 3, 1]"
23698727833,"array('h', [-5, 46, 58, 20, 6, 4, -3, -15])",False,44.684727609,"[39, 50, 31, 15, -17, -27, -12, 7]"
23722162244,"array('h', [-4, -41, -16, 6, 11, 0, 0, 9])",False,44.70816202,"[-62, -128, -128, -60, -14, 0, 15, -14]"
23744657491,"array('h', [-18, -74, -62, -24, -11, 2, 7, 2])",False,44.730657267,"[-32, -47, 0, -1, 14, -7, -38, -74]"
23767289551,"array('h', [8, -28, -29, -9, -3, -1, 4, 4])",False,44.753289327,"[-20, 14, 17, 10, -8, -19, -21, -23]"
23782149266,"array('h', [-16, -50, -32, -6, 1, 1, 3, 3])",False,44.768149042,"[3, -37, -60, -38, -14, 2, 23, 34]"
23812199114,"array('h', [-13, -49, -15, -14, -13, -4, -2, -39])",False,44.79819889,"[-23, 7, 28, -1, -9, -10, 6, -10]"
23827101892,"array('h', [-3, 19, 6, -6, -13, 11, 8, 14])",False,44.813101668,"[-16, 1, -34, -30, -14, 12, -9, -50]"
23842095753,"array('h', [19, 20, -17, -2, 0, -18, 3, 9])",False,44.828095529,"[-2, -57, -23, -13, -23, 2, 8, 16]"
23864639907,"array('h', [7, -11, -2, -3, 7, -4, -7, 1])",False,44.850639683,"[76, -10, -62, -22, -18, -40, -2, 99]"
23887059781,"array('h', [11, 63, 58, 15, -7, 0, 3, 28])",False,44.873059557,"[53, 109, 55, 40, 47, 35, 12, 43]"
23909624313,"array('h', [-40, -4, 8, -4, -11, -10, -14, -49])",False,44.895624089,"[30, -28, 1, 16, 7, 2, 12, 54]"
23924544296,"array('h', [-17, -21, -15, -5, -4, -14, -12, -20])",False,44.910544072,"[-5, -18, 20, -2, 18, 28, 25, -13]"
23947012947,"array('h', [-2, -5, -7, 12, 20, 26, 19, 24])",False,44.933012723,"[-11, -107, -109, -21, -7, -8, -9, -24]"
23961924869,"array('h', [-2, -56, -52, -25, -14, -10, -35, -7])",False,44.947924645,"[-23, 19, -6, 8, 5, 1, 2, 3]"
23984515423,"array('h', [7, -7, -14, -14, -10, -5, 2, 3])",False,44.970515199,"[6, 97, 89, 21, 13, 19, 11, 3]"
24007050194,"array('h', [-14, -9, 1, 7, 9, 11, 2, -5])",False,44.99304997,"[12, -23, -21, 2, -13, -27, -18, -3]"
24022046181,"array('h', [3, -20, -16, -16, -10, 1, -10, 5])",False,45.008045957,"[-23, -80, -72, -21, 8, 16, 15, 40]"
24044502424,"array('h', [-19, -18, -15, -6, -2, -3, -3, -5])",False,45.0305022,"[29, 7, 15, 6, -5, -9, -8, 6]"
24067234039,"array('h', [24, 17, 6, 8, 9, 0, 13, -3])",False,45.053233815,"[-15, -55, -34, -1, 2, 6, 5, -10]"
24081612540,"array('h', [-37, -17, -9, -2, -3, 4, -7, -35])",False,45.067612316,"[-32, 51, 44, 18, -2, -15, -30, -38]"
24104629203,"array('h', [37, 55, 14, 5, 4, 0, 9, 26])",False,45.090628979,"[19, -19, -7, 2, 35, 34, 14, 27]"
24127027354,"array('h', [-9, 10, 1, -1, -5, -4, -14, -35])",False,45.11302713,"[16, -4, 18, -19, -31, 5, -3, 8]"
24141394217,"array('h', [-26, -33, -4, 0, 0, -5, 2, 6])",False,45.127393993,"[38, 127, 108, 29, -1, -42, -26, -2]"
24164671514,"array('h', [54, 29, -1, -4, -1, 0, -2, 30])",False,45.15067129,"[11, -47, -16, 1, -4, 0, 2, 3]"
24165941455,"array('h', [-38, -8, -16, -11, -10, -11, -13, -17])",False,45.151941231,"[5, 60, 55, 13, -7, -3, 6, 1]"
24186946591,"array('h', [5, 2, -1, -2, -2, 0, 1, 2])",False,45.172946367,"[-14, -61, -45, 3, 6, -30, -8, 12]"
24225349422,"array('h', [4, 5, 5, 2, 1, -2, -2, 1])",False,45.211349198,"[38, 96, 95, 15, -9, -16, -18, 20]"
24227484555,"array('h', [7, 2, 1, 1, 0, 3, 2, 5])",False,45.213484331,"[-2, 41, 12, -4, -16, -33, -27, -18]"
24247078861,"array('h', [11, 11, 24, 10, 4, 1, 4, 30])",False,45.233078637,"[12, 6, 33, 15, 13, -8, -2, 16]"
24276431317,"array('h', [8, 24, -11, -6, -2, 0, 4, 11])",False,45.262431093,"[47, 6, -57, -9, 17, 29, 13, 23]"
24284606591,"array('h', [8, 40, 30, 11, 4, 0, 4, 13])",False,45.270606367,"[-34, -37, -21, -6, 10, -2, -27, -39]"
24307039712,"array('h', [1, 3, 7, 0, -2, -2, 0, 2])",False,45.293039488,"[-2, -83, -46, -8, -8, -4, -18, 7]"
24328883196,"array('h', [3, 11, 5, 3, 3, 1, 6, 1])",False,45.314882972,"[20, 14, 49, 8, 5, 28, 15, -9]"
24366374782,"array('h', [1, -6, -10, -6, -3, 0, 0, -1])",False,45.352374558,"[58, 12, 15, -3, -13, -12, 13, 46]"
24366995262,"array('h', [-2, 0, 0, 0, -1, -2, -2, -1])",False,45.352995038,"[-29, -73, -55, -23, -36, -31, -20, -37]"
24388985554,"array('h', [1, 5, -2, 0, -2, 0, 0, 3])",False,45.37498533,"[-40, -90, -75, -19, -1, -17, -30, -51]"
24404602371,"array('h', [-2, -2, 0, -2, -1, -2, -2, -3])",False,45.390602147,"[-19, -98, -101, -22, 7, 11, -5, 5]"
24427113230,"array('h', [1, -5, -16, -4, -1, 1, -1, -1])",False,45.413113006,"[27, 6, 24, 8, -3, 5, 21, 34]"
24448931882,"array('h', [0, 6, 10, 8, 3, 0, 1, 0])",False,45.434931658,"[15, -10, -16, -8, 6, -3, -24, -32]"
24464552234,"array('h', [4, 11, 4, 5, 1, 0, -4, -2])",False,45.45055201,"[14, -30, 5, -1, 21, 31, -2, 8]"
24487049344,"array('h', [-3, 5, 2, 0, -1, -3, -1, 0])",False,45.47304912,"[37, 54, 12, 19, 12, -11, -5, 10]"
24508934050,"array('h', [6, 17, -6, -10, -4, -1, -2, 1])",False,45.494933826,"[20, 29, -14, -11, -14, 10, 15, 43]"
24524697409,"array('h', [0, 25, 10, 5, 2, 0, 0, 0])",False,45.510697185,"[14, 45, 27, 1, -8, -14, 20, 22]"
24555301434,"array('h', [0, 10, -3, -6, -3, 0, -2, -2])",False,45.54130121,"[15, -7, -4, -2, 2, 3, 21, 40]"
24562035090,"array('h', [0, -7, -7, -2, 0, -2, 0, 1])",False,45.548034866,"[-4, 65, 67, 2, -21, -11, -22, -36]"
24584644291,"array('h', [-1, 16, 8, -1, -1, 0, -2, -1])",False,45.570644067,"[-6, -25, 3, -3, -5, -20, -19, -23]"
24607084232,"array('h', [-4, -16, -4, -1, -1, -1, 0, 0])",False,45.593084008,"[-13, -65, -58, -11, -14, -5, 12, 8]"
24643842683,"array('h', [-8, -27, 7, 0, -4, 0, -2, 0])",False,45.629842459,"[-16, -40, -11, 13, -5, -25, -17, -10]"
24666374153,"array('h', [-17, -63, -55, -38, -18, -8, -4, -4])",False,45.652373929,"[20, 10, 9, -11, -15, -3, 7, 15]"
24667133571,"array('h', [-7, -17, -13, -9, -4, -3, -2, -4])",False,45.653133347,"[17, -9, -5, 3, -12, -7, -1, 17]"
24704010834,"array('h', [5, 22, 16, 7, 2, 1, 0, 1])",False,45.69001061,"[-3, -21, 3, 10, 3, -15, -15, 7]"
24704670577,"array('h', [-1, 0, -6, -7, -6, -1, -3, 0])",False,45.690670353,"[16, 74, 9, 8, 3, -9, -16, 28]"
24727050557,"array('h', [-2, 0, -7, -6, -4, -1, 0, 1])",False,45.713050333,"[4, -29, -35, -14, 2, 12, 4, -11]"
24750109015,"array('h', [3, 0, -1, -1, -1, 0, 0, 1])",False,45.736108791,"[1, 57, 63, 29, 11, -10, 1, -10]"
24764532525,"array('h', [0, 4, 0, 0, 0, -3, 0, -1])",False,45.750532301,"[-1, -44, -15, -4, 12, 15, 16, 40]"
24787033509,"array('h', [1, 4, 8, 2, 0, -1, 0, -2])",False,45.773033285,"[-24, -21, 14, -5, -1, 9, 2, 2]"
24809055657,"array('h', [0, -2, 9, 3, 1, 0, 1, 0])",False,45.795055433,"[-15, -90, -55, -7, 12, 6, -5, -27]"
24824554136,"array('h', [0, 0, 0, -2, -1, 1, 0, 0])",False,45.810553912,"[-8, -31, 7, -10, -19, -3, -8, -11]"
24846914677,"array('h', [0, 0, 0, 0, 0, 0, 0, 0])",False,45.832914453,"[19, 41, 1, 1, 0, -6, 8, 17]"
24868909705,"array('h', [0, -2, -1, 0, -2, 0, 0, -1])",False,45.854909481,"[-25, -32, -30, -6, -9, -17, -9, -27]"
24884541954,"array('h', [-1, 0, 3, 1, 0, -1, 0, 0])",False,45.87054173,"[1, 30, 33, 14, 4, 0, 3, 17]"
24915638481,"array('h', [-3, -5, -4, -3, -2, -1, -2, -2])",False,45.901638257,"[-34, -22, -2, -9, -2, -8, -26, -41]"
24936932007,"array('h', [-1, -2, 0, 0, 0, -2, -1, -2])",False,45.922931783,"[-33, -91, -40, -16, -24, 3, 3, -34]"
24944631459,"array('h', [0, 0, -2, -2, -1, 0, -1, 0])",False,45.930631235,"[-47, -84, -35, -15, -7, -10, -20, -25]"
24975202523,"array('h', [0, 0, 4, 2, 1, -1, -1, -1])",False,45.961202299,"[-8, -23, -12, -20, -12, 13, -3, -15]"
24988909489,"array('h', [0, 2, 2, 0, -2, 0, 1, -2])",False,45.974909265,"[24, 72, 39, 35, 29, 4, -4, 11]"
25004471682,"array('h', [-1, -1, 4, 1, 0, -2, -2, -3])",False,45.990471458,"[2, -57, -54, -19, 1, 16, 12, 23]"
25035091780,"array('h', [-2, 1, 0, -3, -3, -2, -1, -1])",False,46.021091556,"[51, 73, 15, -6, -7, -27, -22, -1]"
25048886823,"array('h', [-6, -8, -7, -5, -4, -3, -3, -2])",False,46.034886599,"[-1, 103, 68, 7, -13, -19, -11, -10]"
25064455858,"array('h', [0, 0, 0, 0, -1, 1, 0, 0])",False,46.050455634,"[-22, 33, 34, 9, -36, -27, -10, -38]"
25087139621,"array('h', [-1, -1, 0, 0, 0, -2, 0, 0])",False,46.073139397,"[13, 127, 123, 42, 26, 12, 0, -9]"
25110250903,"array('h', [-1, -3, -3, -4, -2, -1, 0, 0])",False,46.096250679,"[-21, -88, -51, -9, 0, -1, -8, -3]"
25124373667,"array('h', [-1, 0, 0, 1, 0, -1, -1, 1])",False,46.110373443,"[6, -19, -2, 15, 13, 0, 10, 19]"
25146973480,"array('h', [0, 4, 0, 1, 0, 0, 0, 0])",False,46.132973256,"[-31, -91, -79, -40, -19, 2, 2, -3]"
25170124414,"array('h', [0, 0, 1, 0, -2, -1, 0, -3])",False,46.15612419,"[11, -37, -37, -5, -3, 0, 9, 1]"
25192673027,"array('h', [0, 1, 0, 1, 0, 1, 0, 0])",False,46.178672803,"[-1, -33, -28, -11, -2, 0, 4, 13]"
25207021584,"array('h', [-2, -2, -3, 0, 0, -1, -2, -1])",False,46.19302136,"[-14, -40, -24, -4, -1, 0, 1, 1]"
25230196026,"array('h', [-2, -2, -1, -2, 1, 0, -1, -1])",False,46.216195802,"[-20, -70, -34, -10, 1, -2, 0, -42]"
25266356448,"array('h', [-1, -4, 0, 0, 0, 0, 0, 0])",False,46.252356224,"[-12, -34, -7, -27, -39, -3, -2, -15]"
25267083681,"array('h', [-1, 0, 0, -2, -1, 0, 0, 0])",False,46.253083457,"[14, 75, 40, 20, 20, 18, 12, 16]"
25290089914,"array('h', [-1, -1, 0, 0, -1, 0, -1, 0])",False,46.27608969,"[-12, -49, -73, -34, -37, -18, 3, 15]"
25304460322,"array('h', [-3, -1, -6, -2, -2, -1, -2, 0])",False,46.290460098,"[51, 77, 48, 25, 29, -18, -1, 3]"
25349586476,"array('h', [0, -1, 0, 3, 2, 0, 0, 0])",False,46.335586252,"[-20, -63, -48, -22, -2, 2, -10, -2]"
