time,.data
1969-12-31 18:00:06.801000000,(-1 -1 0 1 1 -1 0 0)
1969-12-31 18:00:06.801000000,(0 0 0 2 -1 -1 -1 0)
1969-12-31 18:00:06.808229271,(0 1 3 -1 -2 0 -1 0)
1969-12-31 18:00:06.808229271,(-1 -3 -3 -2 -2 -1 -3 -2)
1969-12-31 18:00:06.824753320,(-2 -1 -1 -2 -1 -2 -1 -2)
1969-12-31 18:00:06.824753320,(0 -2 -4 -2 -2 -1 -1 0)
1969-12-31 18:00:06.831982591,(-1 1 -2 0 0 2 0 -1)
1969-12-31 18:00:06.831982591,(-1 -2 1 -1 -2 -6 1 -2)
1969-12-31 18:00:06.848506639,(1 0 2 -2 -2 -7 -3 0)
1969-12-31 18:00:06.848506639,(0 -2 -3 -10 -15 12 2 1)
1969-12-31 18:00:06.850572145,(-4 -4 -5 -9 0 -12 -15 -8)
1969-12-31 18:00:06.850572145,(0 1 0 -14 -4 -16 6 -1)
1969-12-31 18:00:06.862965181,(-4 0 1 12 12 25 -22 -8)
1969-12-31 18:00:06.863997934,(0 1 1 5 15 -12 13 5)
1969-12-31 18:00:06.870194453,(2 -4 -5 0 -17 26 -5 6)
1969-12-31 18:00:06.870194453,(-5 -6 -7 -21 -32 -27 8 -1)
1969-12-31 18:00:06.887751254,(1 3 1 -16 11 -39 -16 -9)
1969-12-31 18:00:06.887751254,(-3 -1 2 20 -9 35 -3 -5)
1969-12-31 18:00:06.893947772,(5 9 12 45 74 9 17 3)
1969-12-31 18:00:06.893947772,(0 -4 -3 19 24 14 0 6)
1969-12-31 18:00:06.910471821,(-4 -6 -7 -29 -43 -10 8 3)
1969-12-31 18:00:06.910471821,(-11 -7 -4 -23 -23 -25 -35 -15)
1969-12-31 18:00:06.912537327,(-1 -5 -5 -27 -27 3 11 -1)
1969-12-31 18:00:06.912537327,(0 0 -1 -8 -11 29 0 -1)
1969-12-31 18:00:06.924930363,(3 0 -4 3 3 -17 19 3)
1969-12-31 18:00:06.924930363,(7 1 -3 -11 -10 -37 -6 8)
1969-12-31 18:00:06.933192387,(-9 -8 -3 -13 -21 30 -3 -6)
1969-12-31 18:00:06.933192387,(8 14 16 24 44 4 -8 -4)
1969-12-31 18:00:06.948683683,(3 -2 4 29 12 -8 -2 2)
1969-12-31 18:00:06.948683683,(-25 -17 -6 -1 2 11 5 -9)
1969-12-31 18:00:06.955912954,(-2 -2 -9 -17 -26 -43 -9 -1)
1969-12-31 18:00:06.955912954,(-2 -2 -5 2 7 2 0 -3)
1969-12-31 18:00:06.972437002,(4 4 5 0 1 21 -3 2)
1969-12-31 18:00:06.972437002,(10 9 4 4 15 4 15 8)
1969-12-31 18:00:06.974502508,(-1 -1 3 4 6 4 2 -2)
1969-12-31 18:00:06.974502508,(-8 -5 -1 -3 -8 -4 7 4)
1969-12-31 18:00:06.986895544,(3 1 -1 1 0 -2 3 0)
1969-12-31 18:00:06.986895544,(0 -3 0 -3 4 8 3 1)
1969-12-31 18:00:06.995157569,(-1 1 -2 -8 -11 -9 -4 -6)
1969-12-31 18:00:06.995157569,(1 -3 -5 0 -2 -2 -9 -1)
1969-12-31 18:00:07.010648864,(-3 -5 -2 -1 -1 3 0 2)
1969-12-31 18:00:07.010648864,(1 1 -2 -5 -5 2 -2 -4)
1969-12-31 18:00:07.017878135,(1 4 -3 1 8 -2 5 4)
1969-12-31 18:00:07.017878135,(4 5 15 12 -4 -11 -7 -2)
1969-12-31 18:00:07.034402184,(-7 -2 -3 -4 -2 13 4 3)
1969-12-31 18:00:07.034402184,(5 1 -4 -2 2 -5 -1 -2)
1969-12-31 18:00:07.036467690,(0 1 7 11 7 -10 -8 -8)
1969-12-31 18:00:07.036467690,(-4 -7 -8 -7 -4 6 -1 0)
1969-12-31 18:00:07.049893479,(-6 -2 -1 -6 -7 4 -1 -10)
1969-12-31 18:00:07.049893479,(4 4 6 5 6 -1 -3 -1)
1969-12-31 18:00:07.058155503,(-4 -4 -2 0 4 -4 -2 -1)
1969-12-31 18:00:07.058155503,(-1 1 1 -6 -11 1 -8 -9)
1969-12-31 18:00:07.072614045,(-2 -3 0 1 3 5 1 2)
1969-12-31 18:00:07.072614045,(-1 -6 -3 2 3 -3 2 2)
1969-12-31 18:00:07.079843317,(-1 0 1 -2 -4 -4 -4 -5)
1969-12-31 18:00:07.079843317,(1 1 0 -1 -1 3 3 6)
1969-12-31 18:00:07.095334612,(-3 -4 -3 -1 0 -2 -3 2)
1969-12-31 18:00:07.095334612,(-2 0 0 1 1 1 0 -4)
1969-12-31 18:00:07.104629389,(-2 -4 -1 0 -2 2 6 6)
1969-12-31 18:00:07.104629389,(-2 -1 -4 -14 -11 -1 3 6)
1969-12-31 18:00:07.109793154,(0 1 3 16 10 2 -4 -10)
1969-12-31 18:00:07.110825907,(0 1 2 3 1 4 5 6)
1969-12-31 18:00:07.120120685,(1 0 -2 0 1 -5 -5 -4)
1969-12-31 18:00:07.120120685,(-3 -4 -2 1 0 -3 0 -1)
1969-12-31 18:00:07.134579227,(-2 -3 -5 -6 -5 0 1 0)
1969-12-31 18:00:07.134579227,(-1 -3 -3 -2 -2 -1 0 -3)
1969-12-31 18:00:07.141808498,(0 -2 -6 1 -2 -4 -2 0)
1969-12-31 18:00:07.141808498,(1 0 -3 -2 0 -3 -3 -3)
1969-12-31 18:00:07.158332546,(-3 -2 -5 -9 -4 -2 0 0)
1969-12-31 18:00:07.158332546,(1 0 0 1 2 -4 -7 -7)
1969-12-31 18:00:07.160398053,(3 0 0 -4 -3 -2 -1 0)
1969-12-31 18:00:07.160398053,(-2 -3 -2 0 -2 1 -1 -5)
1969-12-31 18:00:07.181053113,(0 -1 0 -2 0 2 2 1)
1969-12-31 18:00:07.181053113,(0 2 2 -1 -1 -1 2 3)
1969-12-31 18:00:07.183118619,(-2 -1 -1 -1 -2 0 -1 1)
1969-12-31 18:00:07.183118619,(-1 -5 -5 0 0 0 0 -3)
1969-12-31 18:00:07.196544408,(0 6 3 -1 -1 0 -2 -4)
1969-12-31 18:00:07.196544408,(6 0 -6 -4 -1 -2 -4 1)
1969-12-31 18:00:07.203773680,(-6 -13 -5 -4 -2 1 4 8)
1969-12-31 18:00:07.203773680,(3 18 19 9 3 0 -11 -7)
1969-12-31 18:00:07.220297728,(-4 -8 -6 -5 -4 -2 4 10)
1969-12-31 18:00:07.220297728,(-6 -6 -3 0 -1 -1 -5 -10)
1969-12-31 18:00:07.222363234,(4 5 -3 1 3 4 8 13)
1969-12-31 18:00:07.222363234,(-2 -8 -9 -7 -8 -9 -10 -9)
1969-12-31 18:00:07.234756270,(-5 0 -7 -4 -3 -2 -13 -25)
1969-12-31 18:00:07.234756270,(16 25 25 7 4 -1 -5 18)
1969-12-31 18:00:07.244051048,(-6 -11 -5 2 1 -2 -1 -9)
1969-12-31 18:00:07.244051048,(-17 -14 -7 -6 -5 -6 -11 -28)
1969-12-31 18:00:07.258509590,(4 5 3 0 -2 1 -2 -7)
1969-12-31 18:00:07.258509590,(5 -4 -8 -3 -1 1 7 5)
1969-12-31 18:00:07.265738861,(-8 5 1 -5 -4 -6 -8 -5)
1969-12-31 18:00:07.265738861,(1 -1 6 4 4 4 5 3)
1969-12-31 18:00:07.282262909,(3 -4 -3 -1 1 0 5 12)
1969-12-31 18:00:07.282262909,(-5 -4 -1 1 -1 -2 -2 -7)
1969-12-31 18:00:07.283295662,(10 5 1 0 -3 -1 4 15)
1969-12-31 18:00:07.284328415,(-3 2 -4 1 1 2 6 1)
1969-12-31 18:00:07.296721452,(-2 0 2 -1 -1 -2 -2 -3)
1969-12-31 18:00:07.296721452,(-14 -12 -4 -5 -3 -4 -3 1)
1969-12-31 18:00:07.306016229,(-9 4 5 2 0 -2 -10 -34)
1969-12-31 18:00:07.306016229,(45 10 2 1 2 7 15 50)
1969-12-31 18:00:07.320474770,(-32 -12 -3 -1 -3 -8 -15 -28)
1969-12-31 18:00:07.320474770,(12 5 0 0 -3 3 2 0)
1969-12-31 18:00:07.334933314,(-34 -25 -13 -9 -7 -4 -3 -5)
1969-12-31 18:00:07.334933314,(-13 -4 -4 -1 -1 -1 -4 -24)
1969-12-31 18:00:07.344228091,(10 3 3 2 1 5 9 -2)
1969-12-31 18:00:07.344228091,(28 11 6 5 3 4 14 31)
1969-12-31 18:00:07.346293597,(17 6 2 2 3 6 -3 12)
1969-12-31 18:00:07.346293597,(-2 6 2 -1 -4 -23 -6 -4)
1969-12-31 18:00:07.358686633,(28 9 3 3 3 7 13 36)
1969-12-31 18:00:07.358686633,(-14 -18 -10 -5 -5 -30 -29 -35)
1969-12-31 18:00:07.367981410,(-57 -16 -6 -4 -5 -8 -7 -35)
1969-12-31 18:00:07.367981410,(-5 -1 4 5 7 20 -2 19)
1969-12-31 18:00:07.382439953,(41 20 2 0 0 16 18 7)
1969-12-31 18:00:07.382439953,(18 9 -1 2 2 -20 -20 -3)
1969-12-31 18:00:07.390701977,(36 13 6 4 6 19 28 28)
1969-12-31 18:00:07.390701977,(-22 -15 -8 -5 2 15 -35 -24)
1969-12-31 18:00:07.406193272,(-36 -15 0 -1 -11 -49 -16 -20)
1969-12-31 18:00:07.406193272,(-3 4 1 1 7 36 31 41)
1969-12-31 18:00:07.408258778,(40 13 5 3 4 18 -18 -34)
1969-12-31 18:00:07.408258778,(-51 -5 -2 -1 -8 -15 21 -20)
1969-12-31 18:00:07.420651815,(39 14 5 2 3 4 -15 32)
1969-12-31 18:00:07.420651815,(-89 -29 -10 -7 -12 -13 18 -56)
1969-12-31 18:00:07.429946592,(9 -3 -6 -5 0 3 -12 -7)
1969-12-31 18:00:07.429946592,(5 -10 -12 -11 -11 -10 -11 -84)
1969-12-31 18:00:07.444405134,(0 6 4 6 6 -4 -36 -50)
1969-12-31 18:00:07.444405134,(-12 -13 -7 -4 -6 -6 -7 -6)
1969-12-31 18:00:07.451634405,(81 53 21 14 12 17 40 91)
1969-12-31 18:00:07.451634405,(-14 -9 -14 -9 -11 -20 -15 0)
1969-12-31 18:00:07.468158454,(-46 -19 -6 -7 -2 6 16 -15)
1969-12-31 18:00:07.468158454,(-13 -19 -13 -10 -6 0 -21 -69)
1969-12-31 18:00:07.470223960,(-1 -1 4 4 3 2 22 19)
1969-12-31 18:00:07.470223960,(30 18 12 9 6 4 -14 62)
1969-12-31 18:00:07.482616996,(13 2 3 1 -1 -14 -30 12)
1969-12-31 18:00:07.482616996,(23 8 2 2 3 22 41 65)
1969-12-31 18:00:07.491911773,(-21 -14 -8 -7 -10 -34 -27 -17)
1969-12-31 18:00:07.491911773,(-10 0 1 3 3 20 36 4)
1969-12-31 18:00:07.514632340,(0 -8 -6 -4 -5 -23 -41 -1)
1969-12-31 18:00:07.514632340,(27 19 9 8 6 1 -9 28)
1969-12-31 18:00:07.516697846,(-34 -21 -6 -8 -12 -21 -33 -64)
1969-12-31 18:00:07.516697846,(12 5 -6 -5 -10 -41 -2 24)
1969-12-31 18:00:07.530123635,(-10 -16 -4 -4 -4 2 14 7)
1969-12-31 18:00:07.530123635,(14 10 2 2 0 -7 2 10)
1969-12-31 18:00:07.531156388,(-28 -14 -11 -8 -6 -4 -17 -23)
1969-12-31 18:00:07.531156388,(22 3 8 9 12 30 16 55)
1969-12-31 18:00:07.544582178,(-9 -6 -9 -8 -9 -4 0 -48)
1969-12-31 18:00:07.544582178,(-21 -5 -4 -5 -5 -10 -21 -37)
1969-12-31 18:00:07.553876955,(5 4 5 2 1 12 22 44)
1969-12-31 18:00:07.553876955,(-31 -18 -8 -7 -2 8 -9 -34)
1969-12-31 18:00:07.575564768,(17 14 6 7 9 26 66 77)
1969-12-31 18:00:07.575564768,(-5 -10 -7 -6 -4 8 -24 -36)
1969-12-31 18:00:07.584859546,(4 4 1 1 -1 -9 -3 32)
1969-12-31 18:00:07.584859546,(73 36 15 11 14 33 50 87)
1969-12-31 18:00:07.600350841,(-37 -26 -13 -8 -8 -23 -30 -49)
1969-12-31 18:00:07.600350841,(-28 -1 2 4 2 17 -18 -27)
1969-12-31 18:00:07.601383594,(-9 12 1 -2 -6 -23 -10 -15)
1969-12-31 18:00:07.601383594,(-11 -29 -7 -4 -3 -26 -10 -22)
1969-12-31 18:00:07.613776630,(-17 -19 -8 -3 0 14 21 16)
1969-12-31 18:00:07.613776630,(-2 -9 -2 -2 1 -9 -9 -7)
1969-12-31 18:00:07.623071407,(20 9 4 3 4 9 6 1)
1969-12-31 18:00:07.623071407,(10 14 4 2 -1 2 -3 -11)
1969-12-31 18:00:07.638562703,(27 17 9 6 5 10 8 29)
1969-12-31 18:00:07.638562703,(47 9 4 5 8 34 28 70)
1969-12-31 18:00:07.640628209,(-40 -22 -10 -7 -7 -29 -20 -55)
1969-12-31 18:00:07.640628209,(-8 -2 -2 -3 2 18 -7 -29)
1969-12-31 18:00:07.661283269,(-1 4 2 -1 2 8 17 -5)
1969-12-31 18:00:07.662316022,(35 17 9 6 6 5 5 24)
1969-12-31 18:00:07.663348775,(6 6 -3 -1 2 10 14 55)
1969-12-31 18:00:07.663348775,(-20 -24 -4 -2 -8 -20 -15 -15)
1969-12-31 18:00:07.675741812,(-2 -3 -7 -6 -3 10 0 11)
1969-12-31 18:00:07.675741812,(-20 -9 -4 -4 -7 -21 15 -11)
1969-12-31 18:00:07.685036589,(18 12 8 6 5 6 -10 2)
1969-12-31 18:00:07.685036589,(27 14 3 3 4 11 4 2)
1969-12-31 18:00:07.700527884,(-35 -22 -11 -10 -12 -22 -32 -16)
1969-12-31 18:00:07.700527884,(11 2 1 2 2 -5 7 3)
1969-12-31 18:00:07.702593390,(-10 -19 -10 -6 -6 -4 0 -26)
1969-12-31 18:00:07.702593390,(-4 8 -2 -6 -2 10 -31 -58)
1969-12-31 18:00:07.724281204,(-4 -6 -1 0 -3 -26 -3 18)
1969-12-31 18:00:07.724281204,(-17 7 5 5 3 19 2 -28)
1969-12-31 18:00:07.725313957,(-19 -12 -4 -2 -2 -8 -9 -12)
1969-12-31 18:00:07.725313957,(-34 -11 -5 -3 -5 -17 5 5)
1969-12-31 18:00:07.737706993,(46 22 10 9 13 40 23 17)
1969-12-31 18:00:07.737706993,(-31 -16 -10 -9 -12 -54 -48 -76)
1969-12-31 18:00:07.748034523,(17 11 6 6 17 72 -15 -35)
1969-12-31 18:00:07.748034523,(-38 -1 0 -2 -14 -46 26 2)
1969-12-31 18:00:07.762493066,(-16 -5 -7 -6 -1 15 -20 -56)
1969-12-31 18:00:07.762493066,(15 16 8 4 2 -6 23 43)
1969-12-31 18:00:07.764558572,(6 -6 0 -2 -5 -10 14 36)
1969-12-31 18:00:07.764558572,(50 20 4 2 3 -3 -4 31)
1969-12-31 18:00:07.786246385,(6 -14 -2 0 0 13 13 7)
1969-12-31 18:00:07.786246385,(-24 -4 -4 -1 -1 2 2 -29)
1969-12-31 18:00:07.787279138,(-20 6 8 7 5 -15 4 5)
1969-12-31 18:00:07.787279138,(-21 -5 -5 -4 0 17 23 2)
1969-12-31 18:00:07.799672175,(-15 2 -2 -5 -6 -9 -28 -50)
1969-12-31 18:00:07.799672175,(46 12 7 5 1 -20 9 108)
1969-12-31 18:00:07.808966951,(-1 -8 -10 -10 -3 48 -5 -34)
1969-12-31 18:00:07.808966951,(23 15 11 12 19 80 17 53)
1969-12-31 18:00:07.823425494,(81 40 15 12 2 -59 18 23)
1969-12-31 18:00:07.824458247,(-78 -47 -23 -21 -23 -56 -47 -61)
1969-12-31 18:00:07.832720271,(-17 -6 2 2 -1 -10 -10 -9)
1969-12-31 18:00:07.832720271,(21 -3 -3 -1 -1 14 -11 -8)
1969-12-31 18:00:07.847178814,(-3 13 3 1 0 13 19 6)
1969-12-31 18:00:07.847178814,(61 18 4 5 10 38 4 73)
1969-12-31 18:00:07.848211567,(-13 -6 -1 0 -6 -40 -17 -6)
1969-12-31 18:00:07.848211567,(-53 -22 -11 -9 0 39 6 -15)
1969-12-31 18:00:07.869899380,(10 12 7 5 13 16 -3 4)
1969-12-31 18:00:07.869899380,(16 14 6 5 -4 -26 -5 13)
1969-12-31 18:00:07.871964886,(-43 -16 -15 -14 -1 -25 -22 -83)
1969-12-31 18:00:07.871964886,(16 -31 -15 -10 -24 -30 1 30)
1969-12-31 18:00:07.885390676,(-23 0 -4 -11 -44 -13 -6 20)
1969-12-31 18:00:07.885390676,(-30 -19 -9 -11 -12 14 1 -52)
1969-12-31 18:00:07.893652700,(43 9 2 -1 -3 -33 -1 48)
1969-12-31 18:00:07.893652700,(9 13 5 3 19 8 -10 -7)
1969-12-31 18:00:07.909143995,(23 -1 -2 4 22 29 25 6)
1969-12-31 18:00:07.909143995,(-22 -5 -2 -1 -4 7 12 -7)
1969-12-31 18:00:07.910176748,(-28 -21 -11 -3 0 -9 2 -3)
1969-12-31 18:00:07.910176748,(-3 6 2 0 2 -11 -8 6)
1969-12-31 18:00:07.932897314,(-26 -9 -3 2 6 -5 -11 -19)
1969-12-31 18:00:07.932897314,(66 30 8 -2 -25 -22 -5 57)
1969-12-31 18:00:07.932897314,(-30 -8 -8 -11 -6 68 7 -18)
1969-12-31 18:00:07.933930068,(8 -8 -3 -5 -7 -26 20 35)
1969-12-31 18:00:07.947355857,(-63 -40 -9 -3 8 -11 -33 -47)
1969-12-31 18:00:07.947355857,(35 -5 -6 -2 5 6 4 -32)
1969-12-31 18:00:07.956650634,(31 24 9 5 -7 -11 9 5)
1969-12-31 18:00:07.956650634,(5 6 -3 -8 -18 -25 -24 -29)
1969-12-31 18:00:07.971109177,(0 11 3 5 9 3 1 7)
1969-12-31 18:00:07.971109177,(37 23 9 12 49 70 17 17)
1969-12-31 18:00:07.972141930,(-43 -37 -15 -9 -47 -63 -31 -13)
1969-12-31 18:00:07.972141930,(18 -4 2 0 -11 -48 -23 0)
1969-12-31 18:00:07.994862496,(-27 -3 -7 -7 -9 -1 -15 -14)
1969-12-31 18:00:07.994862496,(-27 -8 0 3 30 85 44 -9)
1969-12-31 18:00:07.995895249,(54 37 16 4 -2 -30 -23 50)
1969-12-31 18:00:07.995895249,(-27 -5 -1 0 -5 -14 3 -12)
1969-12-31 18:00:08.009321039,(78 38 18 18 36 40 62 102)
1969-12-31 18:00:08.009321039,(-52 -30 -6 15 61 27 -13 -22)
1969-12-31 18:00:08.010353792,(7 5 4 7 -21 4 16 44)
1969-12-31 18:00:08.010353792,(-14 -12 -11 -41 -77 -89 -36 -5)
1969-12-31 18:00:08.034107111,(18 15 3 -11 -6 -19 7 16)
1969-12-31 18:00:08.034107111,(9 6 2 -6 -3 25 7 5)
1969-12-31 18:00:08.034107111,(-24 -20 -4 10 47 1 20 -35)
1969-12-31 18:00:08.034107111,(-1 -22 -7 13 47 45 -5 0)
1969-12-31 18:00:08.056827678,(-5 9 1 1 -18 -17 -4 -17)
1969-12-31 18:00:08.056827678,(2 -14 -10 -12 -37 -42 -22 -4)
1969-12-31 18:00:08.056827678,(7 -2 -2 -8 -5 15 11 0)
1969-12-31 18:00:08.056827678,(-5 23 10 17 19 25 23 -9)
1969-12-31 18:00:08.079548244,(-46 -20 -7 -3 26 29 -21 -23)
1969-12-31 18:00:08.079548244,(-56 -35 -20 -19 -56 -87 -44 -90)
1969-12-31 18:00:08.080580997,(30 2 0 -8 -20 -10 12 31)
1969-12-31 18:00:08.080580997,(-15 0 -1 3 29 22 7 -25)
1969-12-31 18:00:08.095039540,(7 21 7 10 -8 5 -13 -28)
1969-12-31 18:00:08.095039540,(-21 -28 -9 3 19 -12 -5 -9)
1969-12-31 18:00:08.096072293,(28 4 -1 -22 -55 -26 3 8)
1969-12-31 18:00:08.096072293,(-76 -31 -20 -10 3 5 -12 -54)
1969-12-31 18:00:08.118792859,(-32 -21 2 -11 -28 -10 0 -7)
1969-12-31 18:00:08.118792859,(-10 15 6 10 25 25 1 3)
1969-12-31 18:00:08.119825612,(40 25 -15 -4 0 -3 5 -2)
1969-12-31 18:00:08.119825612,(18 -13 7 11 45 15 -9 -14)
1969-12-31 18:00:08.133251402,(13 5 3 0 -52 -24 37 74)
1969-12-31 18:00:08.133251402,(1 -8 -8 -16 -30 -25 -28 -23)
1969-12-31 18:00:08.134284155,(-21 8 13 19 44 39 38 12)
1969-12-31 18:00:08.134284155,(75 36 -22 3 37 45 21 41)
1969-12-31 18:00:08.157004721,(-56 -37 28 7 7 -12 -13 -70)
1969-12-31 18:00:08.157004721,(16 9 -1 -9 -34 -25 -1 -3)
1969-12-31 18:00:08.158037474,(10 -10 -25 -13 -18 -18 -22 23)
1969-12-31 18:00:08.158037474,(22 -26 -41 -25 -17 -2 3 -14)
1969-12-31 18:00:08.179725288,(6 32 36 25 51 57 -5 7)
1969-12-31 18:00:08.179725288,(13 -11 -8 29 43 -2 25 50)
1969-12-31 18:00:08.180758041,(-6 36 21 -9 -12 -6 -10 7)
1969-12-31 18:00:08.180758041,(-52 -37 11 -12 -82 -53 -14 49)
1969-12-31 18:00:08.195216583,(56 -16 -42 -26 -13 -8 -5 33)
1969-12-31 18:00:08.195216583,(24 19 -2 -8 -9 14 31 42)
1969-12-31 18:00:08.196249336,(32 -4 -19 9 40 40 26 19)
1969-12-31 18:00:08.196249336,(5 -6 51 42 61 24 4 46)
1969-12-31 18:00:08.218969903,(-59 0 -31 -15 -8 -23 -26 -43)
1969-12-31 18:00:08.218969903,(16 54 93 19 -48 -2 33 80)
1969-12-31 18:00:08.220002656,(22 -4 -38 -24 2 -5 -23 -18)
1969-12-31 18:00:08.220002656,(76 63 17 8 -12 -23 16 65)
1969-12-31 18:00:08.242723222,(-31 -87 -42 -5 18 4 -6 -9)
1969-12-31 18:00:08.242723222,(50 -49 -69 -18 12 2 -10 -10)
1969-12-31 18:00:08.243755975,(-55 35 73 19 5 22 20 -13)
1969-12-31 18:00:08.243755975,(12 76 36 -4 -37 -15 -3 6)
1969-12-31 18:00:08.267509295,(24 20 -22 -8 11 -7 9 44)
1969-12-31 18:00:08.267509295,(6 -41 -60 -17 -2 0 5 -45)
1969-12-31 18:00:08.268542048,(-11 72 82 46 61 24 -3 -29)
1969-12-31 18:00:08.268542048,(-54 2 46 17 -25 -35 -40 -31)
1969-12-31 18:00:08.281967837,(41 38 -18 -15 -44 -33 -12 -15)
1969-12-31 18:00:08.281967837,(-51 -104 -32 -2 52 36 -29 -72)
1969-12-31 18:00:08.283000590,(-47 -43 -47 -18 -52 -32 -13 -26)
1969-12-31 18:00:08.283000590,(-19 -22 -13 -4 44 33 -5 -89)
1969-12-31 18:00:08.303655651,(-47 25 57 12 -28 -22 -17 -86)
1969-12-31 18:00:08.303655651,(-62 54 14 -18 -33 -35 -41 -90)
1969-12-31 18:00:08.304688404,(-24 -3 30 35 52 18 12 42)
1969-12-31 18:00:08.304688404,(-35 -51 -39 -4 -1 20 15 -26)
1969-12-31 18:00:08.320179699,(33 -63 -77 -22 -9 -17 3 24)
1969-12-31 18:00:08.320179699,(21 90 55 14 11 15 0 7)
1969-12-31 18:00:08.321212452,(-7 36 67 24 13 -13 7 28)
1969-12-31 18:00:08.321212452,(-35 -84 -56 -11 18 -12 -21 -69)
1969-12-31 18:00:08.342900266,(50 14 -3 -5 -18 29 14 95)
1969-12-31 18:00:08.342900266,(-46 -37 -20 -25 -30 -31 -21 -49)
1969-12-31 18:00:08.343933019,(66 12 -5 -22 -29 9 3 79)
1969-12-31 18:00:08.343933019,(76 19 -14 14 44 31 29 39)
1969-12-31 18:00:08.365620832,(-29 15 33 27 46 10 -34 -70)
1969-12-31 18:00:08.365620832,(24 44 53 32 -8 -7 43 40)
1969-12-31 18:00:08.366653585,(-2 -53 -66 -33 -50 -16 -28 -42)
1969-12-31 18:00:08.366653585,(18 49 26 -10 -36 -18 6 39)
1969-12-31 18:00:08.381112127,(-38 -43 -21 -12 20 -9 -14 -28)
1969-12-31 18:00:08.381112127,(2 12 14 26 39 21 2 40)
1969-12-31 18:00:08.382144880,(-30 -7 -31 -10 5 28 33 35)
1969-12-31 18:00:08.383177634,(-48 -77 -47 -29 -8 -5 -31 -82)
1969-12-31 18:00:08.405898200,(0 55 23 1 -28 -19 9 14)
1969-12-31 18:00:08.405898200,(21 26 17 11 21 8 12 65)
1969-12-31 18:00:08.406930953,(-30 -32 21 18 67 28 2 -30)
1969-12-31 18:00:08.406930953,(48 77 21 -7 -94 -31 50 76)
1969-12-31 18:00:08.428618767,(31 -15 12 8 59 43 20 -53)
1969-12-31 18:00:08.428618767,(24 -25 -34 -7 -28 -13 -10 -9)
1969-12-31 18:00:08.428618767,(7 -63 -64 -54 -65 -62 -57 -37)
1969-12-31 18:00:08.429651520,(30 -41 -44 -21 1 7 5 27)
1969-12-31 18:00:08.444110062,(-15 59 72 22 7 -1 -10 11)
1969-12-31 18:00:08.444110062,(39 48 2 3 20 14 14 18)
1969-12-31 18:00:08.445142815,(27 20 15 34 44 37 21 -5)
1969-12-31 18:00:08.445142815,(-5 -13 -2 8 10 -10 3 37)
1969-12-31 18:00:08.466830629,(28 -38 -54 -25 -4 -7 -23 -36)
1969-12-31 18:00:08.466830629,(-72 -68 -39 -19 -49 -11 -20 -58)
1969-12-31 18:00:08.467863382,(-41 13 33 -15 -26 -16 -23 -8)
1969-12-31 18:00:08.467863382,(-37 29 2 -10 -43 -35 8 -19)
1969-12-31 18:00:08.490583948,(-5 -33 2 8 0 15 40 70)
1969-12-31 18:00:08.490583948,(36 -19 -12 5 35 27 22 41)
1969-12-31 18:00:08.490583948,(-44 -52 -74 -14 13 -5 -6 -54)
1969-12-31 18:00:08.491616701,(15 88 71 50 26 14 3 31)
1969-12-31 18:00:08.506075243,(-23 19 47 7 18 9 -4 -41)
1969-12-31 18:00:08.506075243,(-12 34 32 14 10 -6 -2 -6)
1969-12-31 18:00:08.513304515,(10 -74 -56 -28 -66 -24 -26 -7)
1969-12-31 18:00:08.513304515,(12 -23 -26 -13 29 11 0 12)
1969-12-31 18:00:08.529828563,(19 9 1 7 -11 -5 -7 9)
1969-12-31 18:00:08.529828563,(-73 -44 -28 -8 59 40 -36 -35)
1969-12-31 18:00:08.530861316,(36 27 19 13 -21 -22 61 7)
1969-12-31 18:00:08.530861316,(-11 9 13 -13 -33 -21 -28 6)
1969-12-31 18:00:08.551516377,(-3 -11 -6 2 17 13 -11 -16)
1969-12-31 18:00:08.552549130,(16 -19 -27 -2 30 6 13 10)
1969-12-31 18:00:08.552549130,(66 4 -30 -13 -40 -3 31 57)
1969-12-31 18:00:08.552549130,(-77 8 60 16 18 17 -30 -43)
1969-12-31 18:00:08.567007672,(15 31 -19 -20 -12 4 18 57)
1969-12-31 18:00:08.567007672,(15 127 105 19 -45 -34 12 28)
1969-12-31 18:00:08.583531720,(40 -7 -7 16 52 26 16 69)
1969-12-31 18:00:08.583531720,(67 -31 -39 -1 12 15 39 54)
1969-12-31 18:00:08.590760991,(-24 -50 -35 -10 9 -9 -24 -23)
1969-12-31 18:00:08.590760991,(15 -50 -36 -18 -35 -9 -34 15)
1969-12-31 18:00:08.591793744,(-24 30 28 0 16 8 -17 -44)
1969-12-31 18:00:08.591793744,(-35 -54 -42 -26 -50 -59 -30 -13)
1969-12-31 18:00:08.613481558,(29 -5 -7 5 13 17 35 24)
1969-12-31 18:00:08.613481558,(33 60 -1 -10 -8 -3 25 47)
1969-12-31 18:00:08.614514311,(-66 44 96 48 11 5 -23 -31)
1969-12-31 18:00:08.614514311,(-30 -56 -51 -11 44 32 -16 -59)
1969-12-31 18:00:08.627940100,(-14 41 40 0 -73 -45 6 12)
1969-12-31 18:00:08.627940100,(67 -65 -65 -14 6 1 -6 -2)
1969-12-31 18:00:08.637234878,(0 -18 -21 13 65 41 49 24)
1969-12-31 18:00:08.637234878,(-11 61 35 3 -1 -6 -5 -24)
1969-12-31 18:00:08.652726173,(-27 71 69 6 -65 -43 -18 -15)
1969-12-31 18:00:08.652726173,(8 -9 12 10 13 0 25 15)
1969-12-31 18:00:08.653758926,(22 -40 -32 -3 33 27 18 26)
1969-12-31 18:00:08.653758926,(49 -42 -44 -5 -8 -15 -7 59)
1969-12-31 18:00:08.675446739,(13 -31 -27 -9 9 0 -16 -42)
1969-12-31 18:00:08.675446739,(-83 2 13 -17 -35 -12 -1 -67)
1969-12-31 18:00:08.676479492,(2 -31 -18 1 5 0 -19 -22)
1969-12-31 18:00:08.676479492,(29 61 44 18 2 -3 8 2)
1969-12-31 18:00:08.700232812,(-14 -27 -24 -16 -17 8 21 21)
1969-12-31 18:00:08.700232812,(9 13 1 -8 -17 -4 27 57)
1969-12-31 18:00:08.701265565,(40 -30 -56 -23 6 -7 -19 16)
1969-12-31 18:00:08.701265565,(-70 -4 24 21 61 44 16 -79)
1969-12-31 18:00:08.714691354,(-23 30 26 20 -5 -7 0 17)
1969-12-31 18:00:08.714691354,(-34 37 39 9 -21 -8 -45 -41)
1969-12-31 18:00:08.715724107,(-6 -1 -11 -38 -50 -41 -27 -27)
1969-12-31 18:00:08.715724107,(1 15 -4 -3 -21 0 26 12)
1969-12-31 18:00:08.738444674,(18 -10 -6 17 51 26 -8 7)
1969-12-31 18:00:08.738444674,(7 -77 -49 -1 15 -1 -5 3)
1969-12-31 18:00:08.738444674,(-37 102 93 -7 -73 -81 -22 -21)
1969-12-31 18:00:08.738444674,(-29 -50 -38 -19 9 7 -21 -64)
1969-12-31 18:00:08.752903216,(-57 -30 -25 -3 17 4 5 -29)
1969-12-31 18:00:08.752903216,(13 -11 -21 11 28 25 -9 -20)
1969-12-31 18:00:08.761165240,(54 15 5 21 55 43 41 36)
1969-12-31 18:00:08.761165240,(-37 -22 17 -18 -77 -50 -15 -45)
1969-12-31 18:00:08.776656536,(5 3 -15 -2 24 21 -9 16)
1969-12-31 18:00:08.776656536,(6 59 68 15 -6 -2 4 2)
1969-12-31 18:00:08.777689289,(-70 -69 -57 -10 26 16 -43 -100)
1969-12-31 18:00:08.777689289,(74 50 22 14 21 31 38 79)
1969-12-31 18:00:08.800409855,(8 -24 -36 -20 -69 -48 -10 0)
1969-12-31 18:00:08.800409855,(10 -4 28 27 88 61 28 41)
1969-12-31 18:00:08.800409855,(-15 -17 1 -29 -108 -64 3 9)
1969-12-31 18:00:08.800409855,(32 -7 -15 8 66 52 -39 0)
1969-12-31 18:00:08.814868398,(47 21 2 -3 -20 -20 -1 25)
1969-12-31 18:00:08.814868398,(-68 -40 -36 -24 -52 -5 -56 -79)
1969-12-31 18:00:08.823130422,(10 1 -6 4 27 -16 14 21)
1969-12-31 18:00:08.823130422,(-4 -34 -12 9 12 19 -5 4)
1969-12-31 18:00:08.838621717,(-26 -3 -15 -29 -22 -32 -39 -56)
1969-12-31 18:00:08.838621717,(7 8 34 21 20 7 24 4)
1969-12-31 18:00:08.839654470,(101 68 -50 8 39 58 34 75)
1969-12-31 18:00:08.839654470,(-88 -29 68 17 -32 -32 -21 -68)
1969-12-31 18:00:08.862375037,(8 27 0 4 25 15 29 39)
1969-12-31 18:00:08.862375037,(-25 -79 -80 -34 -11 -20 -20 -39)
1969-12-31 18:00:08.862375037,(13 48 41 10 -41 -28 -7 -16)
1969-12-31 18:00:08.862375037,(46 -16 -38 -15 13 16 31 44)
1969-12-31 18:00:08.886128356,(33 -2 -4 12 49 20 2 35)
1969-12-31 18:00:08.886128356,(-20 8 13 8 32 14 9 4)
1969-12-31 18:00:08.887161109,(2 -38 -36 -25 -71 -52 -15 -20)
1969-12-31 18:00:08.887161109,(-33 -4 -10 3 69 62 11 -12)
1969-12-31 18:00:08.900586899,(29 22 35 27 26 13 6 8)
1969-12-31 18:00:08.900586899,(73 58 33 -5 -55 -46 34 51)
1969-12-31 18:00:08.901619652,(-76 60 80 33 52 35 -29 -59)
1969-12-31 18:00:08.901619652,(33 -13 0 10 -1 1 19 80)
1969-12-31 18:00:08.924340218,(19 -51 -75 -29 -6 -7 -21 -34)
1969-12-31 18:00:08.924340218,(0 -10 -8 -1 -31 -22 6 18)
1969-12-31 18:00:08.925372971,(-36 -15 4 0 14 13 -4 -31)
1969-12-31 18:00:08.925372971,(30 4 -30 -19 -45 -38 -5 -9)
1969-12-31 18:00:08.948093538,(10 22 31 22 49 28 -8 33)
1969-12-31 18:00:08.948093538,(-32 13 29 0 -22 -11 -6 -34)
1969-12-31 18:00:08.949126291,(-16 -27 -1 5 -16 -22 -15 -28)
1969-12-31 18:00:08.949126291,(-35 -39 -65 -44 -33 -22 -24 -41)
1969-12-31 18:00:08.962552080,(-17 -35 -4 -4 -6 -4 10 -28)
1969-12-31 18:00:08.962552080,(15 47 35 35 74 46 8 15)
1969-12-31 18:00:08.970814104,(17 -36 -36 -23 -48 -31 -8 26)
1969-12-31 18:00:08.970814104,(5 9 16 -12 -43 -41 -6 -32)
1969-12-31 18:00:08.985272647,(13 45 18 11 22 52 41 53)
1969-12-31 18:00:08.985272647,(12 -11 11 -5 -54 -85 -39 -21)
1969-12-31 18:00:08.986305400,(-63 -38 -33 -16 53 46 -47 -60)
1969-12-31 18:00:08.986305400,(2 26 42 41 45 38 47 65)
1969-12-31 18:00:09.010058719,(49 14 9 7 57 24 27 7)
1969-12-31 18:00:09.010058719,(-53 1 -7 -24 -55 -59 -65 -72)
1969-12-31 18:00:09.010058719,(16 -54 -38 -39 -9 -8 16 18)
1969-12-31 18:00:09.010058719,(21 55 33 7 -7 -14 -4 2)
1969-12-31 18:00:09.024517262,(-64 -60 -25 0 46 39 -4 -19)
1969-12-31 18:00:09.024517262,(27 -16 -30 5 38 35 14 34)
1969-12-31 18:00:09.025550015,(9 13 13 6 -25 -25 8 36)
1969-12-31 18:00:09.025550015,(-5 2 -8 1 8 6 -11 -15)
1969-12-31 18:00:09.047237828,(-2 -25 -6 6 5 19 25 10)
1969-12-31 18:00:09.047237828,(-8 43 32 10 -9 -5 0 2)
1969-12-31 18:00:09.048270581,(16 -28 -6 -3 -42 -53 -17 34)
1969-12-31 18:00:09.048270581,(14 38 24 0 -3 5 16 27)
1969-12-31 18:00:09.072023901,(-19 -14 -16 -10 -14 -34 -19 -25)
1969-12-31 18:00:09.072023901,(-2 -46 -55 -39 -70 -46 12 14)
1969-12-31 18:00:09.072023901,(16 32 43 29 57 75 8 11)
1969-12-31 18:00:09.072023901,(60 54 24 29 41 21 19 63)
1969-12-31 18:00:09.086482443,(-47 -94 -52 -34 -75 -66 -46 -66)
1969-12-31 18:00:09.086482443,(18 55 7 10 117 90 43 55)
1969-12-31 18:00:09.087515196,(15 40 39 7 -20 6 -7 -14)
1969-12-31 18:00:09.087515196,(-23 -31 -37 -24 -83 -100 -31 -7)
1969-12-31 18:00:09.109203010,(-79 23 30 -17 -85 -55 -37 -24)
1969-12-31 18:00:09.109203010,(50 -25 -32 8 61 50 13 61)
1969-12-31 18:00:09.110235763,(29 -23 -10 7 37 36 14 53)
1969-12-31 18:00:09.110235763,(-95 -78 -53 -32 -7 -3 -46 -82)
1969-12-31 18:00:09.133989082,(-10 54 39 7 10 45 13 -19)
1969-12-31 18:00:09.133989082,(14 -28 15 17 -25 -45 -4 3)
1969-12-31 18:00:09.135021835,(35 86 60 40 47 27 35 39)
1969-12-31 18:00:09.135021835,(-11 -23 -9 -15 -43 -49 -14 -30)
1969-12-31 18:00:09.148447625,(63 -24 -38 -19 -28 -17 -10 22)
1969-12-31 18:00:09.148447625,(-50 -11 19 0 4 33 11 14)
1969-12-31 18:00:09.149480378,(25 8 6 27 57 27 16 -6)
1969-12-31 18:00:09.149480378,(39 46 21 19 64 40 -10 -30)
1969-12-31 18:00:09.171168191,(-55 -58 -35 -11 11 -10 -14 -44)
1969-12-31 18:00:09.172200944,(-59 0 -7 -26 -84 -66 -24 -52)
1969-12-31 18:00:09.172200944,(-21 -43 -35 -15 -38 -32 10 -8)
1969-12-31 18:00:09.172200944,(-7 -9 -3 -10 14 28 -2 -12)
1969-12-31 18:00:09.195954264,(73 40 40 7 -18 -9 37 96)
1969-12-31 18:00:09.195954264,(-9 -6 -36 -13 34 8 -41 -91)
1969-12-31 18:00:09.195954264,(14 60 54 31 4 -12 1 19)
1969-12-31 18:00:09.196987017,(-71 -76 -48 -22 -8 21 12 -44)
1969-12-31 18:00:09.218674830,(-3 14 27 28 81 61 33 19)
1969-12-31 18:00:09.218674830,(51 -19 -40 -3 -23 -26 38 68)
1969-12-31 18:00:09.219707583,(-41 -62 -60 -47 -57 -19 -23 -45)
1969-12-31 18:00:09.219707583,(37 85 47 6 -29 -48 -13 21)
1969-12-31 18:00:09.233133373,(-24 46 21 -12 -55 -16 -2 3)
1969-12-31 18:00:09.233133373,(-8 -19 -15 -7 18 6 -7 -46)
1969-12-31 18:00:09.234166126,(3 11 2 9 28 18 4 8)
1969-12-31 18:00:09.234166126,(8 -24 -19 8 30 24 8 12)
1969-12-31 18:00:09.257919445,(47 -28 -35 3 35 -2 13 30)
1969-12-31 18:00:09.257919445,(-50 11 56 4 -55 -13 -33 -18)
1969-12-31 18:00:09.257919445,(20 10 5 9 40 23 25 43)
1969-12-31 18:00:09.257919445,(-17 -66 -57 -20 -10 37 -26 -21)
1969-12-31 18:00:09.272377988,(30 80 46 -7 -91 -115 -34 -42)
1969-12-31 18:00:09.272377988,(-12 29 51 31 65 47 14 -10)
1969-12-31 18:00:09.273410741,(57 -21 -54 -30 -22 -23 14 65)
1969-12-31 18:00:09.273410741,(-47 -7 29 34 106 64 -3 -55)
1969-12-31 18:00:09.296131307,(24 -14 -20 -3 -16 18 29 38)
1969-12-31 18:00:09.296131307,(-46 -40 -46 -42 -69 -65 -58 -57)
1969-12-31 18:00:09.297164060,(-46 -4 12 11 74 54 0 -19)
1969-12-31 18:00:09.297164060,(68 39 -16 -9 -42 -59 11 64)
1969-12-31 18:00:09.319884627,(18 32 71 48 70 73 26 34)
1969-12-31 18:00:09.319884627,(-47 -2 -9 -13 -13 -8 -17 -64)
1969-12-31 18:00:09.320917380,(8 -10 -23 -24 -36 -9 -7 -5)
1969-12-31 18:00:09.320917380,(-30 12 51 22 -3 -12 4 7)
1969-12-31 18:00:09.334343169,(-39 -18 -21 10 22 -3 -18 -52)
1969-12-31 18:00:09.334343169,(58 14 -21 -10 -11 17 19 56)
1969-12-31 18:00:09.335375921,(-33 45 61 20 -7 -17 -17 -44)
1969-12-31 18:00:09.335375921,(14 11 19 30 102 99 31 21)
1969-12-31 18:00:09.358096489,(37 -9 -14 -27 -107 -103 4 38)
1969-12-31 18:00:09.358096489,(-56 -76 -81 -59 -48 -45 -29 -53)
1969-12-31 18:00:09.359129242,(-24 -39 -5 -2 21 25 17 2)
1969-12-31 18:00:09.359129242,(11 48 28 0 2 -7 -2 9)
1969-12-31 18:00:09.381849808,(47 12 5 48 108 75 35 58)
1969-12-31 18:00:09.381849808,(32 45 11 11 27 50 31 85)
1969-12-31 18:00:09.382882561,(-2 -10 29 9 -48 -76 -20 -34)
1969-12-31 18:00:09.382882561,(-67 -43 -12 -14 16 26 -44 -67)
1969-12-31 18:00:09.395275598,(12 22 9 -20 -97 -90 -12 11)
1969-12-31 18:00:09.395275598,(73 2 -36 -19 3 4 -4 50)
1969-12-31 18:00:09.404570375,(-24 26 15 17 42 32 -4 -27)
1969-12-31 18:00:09.404570375,(30 -9 8 18 19 7 26 60)
1969-12-31 18:00:09.420061670,(-35 -10 -26 -21 -9 11 -19 -32)
1969-12-31 18:00:09.420061670,(-4 -32 22 19 -3 -10 -11 -14)
1969-12-31 18:00:09.421094423,(-13 11 2 1 -1 -11 -20 -10)
1969-12-31 18:00:09.421094423,(11 -28 -40 -36 -49 -12 5 -8)
1969-12-31 18:00:09.443814990,(3 -17 -30 -20 0 3 -4 -13)
1969-12-31 18:00:09.443814990,(-24 33 33 35 82 60 42 4)
1969-12-31 18:00:09.444847743,(13 -7 4 25 -3 -23 -3 4)
1969-12-31 18:00:09.444847743,(18 2 -20 -20 -56 -47 -3 46)
1969-12-31 18:00:09.457240779,(-88 6 47 33 90 71 -13 -79)
1969-12-31 18:00:09.457240779,(59 -46 -53 -29 -80 -48 38 65)
1969-12-31 18:00:09.473764827,(4 55 48 21 80 73 -18 -17)
1969-12-31 18:00:09.473764827,(14 17 0 -11 -92 -85 1 -3)
1969-12-31 18:00:09.482026852,(-14 -12 -26 -20 -18 1 -10 0)
1969-12-31 18:00:09.482026852,(69 35 19 36 86 59 40 63)
1969-12-31 18:00:09.483059605,(8 -59 -47 4 75 66 53 56)
1969-12-31 18:00:09.483059605,(5 85 76 11 -62 -62 -24 9)
1969-12-31 18:00:09.505780171,(5 -25 -9 -24 -37 -35 -32 -21)
1969-12-31 18:00:09.505780171,(-6 -35 -7 17 80 45 2 -11)
1969-12-31 18:00:09.506812924,(21 -33 -51 -50 -128 -78 16 33)
1969-12-31 18:00:09.506812924,(52 50 29 26 81 42 10 23)
1969-12-31 18:00:09.519205960,(-2 -11 -25 1 19 15 2 -3)
1969-12-31 18:00:09.519205960,(-22 60 110 36 9 8 4 13)
1969-12-31 18:00:09.527467985,(-62 -41 -37 -21 -18 -15 -24 -79)
1969-12-31 18:00:09.527467985,(15 -30 -44 -10 9 10 -11 -2)
1969-12-31 18:00:09.543992033,(30 -55 -59 -28 -19 -7 -4 28)
1969-12-31 18:00:09.543992033,(-13 7 42 4 -41 -49 -17 -24)
1969-12-31 18:00:09.543992033,(33 36 -12 -10 2 15 3 19)
1969-12-31 18:00:09.543992033,(18 23 41 50 79 72 55 48)
1969-12-31 18:00:09.567745353,(-14 -14 -11 -13 -48 -47 -30 -25)
1969-12-31 18:00:09.567745353,(37 -26 -43 -46 -73 -26 -5 21)
1969-12-31 18:00:09.568778106,(-26 -24 -22 -29 -13 -42 -24 -26)
1969-12-31 18:00:09.568778106,(-72 -57 -66 -45 3 3 -14 -61)
1969-12-31 18:00:09.581171142,(17 109 93 66 53 64 30 20)
1969-12-31 18:00:09.581171142,(17 7 -1 19 46 13 14 10)
1969-12-31 18:00:09.590465919,(24 10 9 20 -20 -17 3 32)
1969-12-31 18:00:09.590465919,(-8 -21 -14 10 35 20 16 -46)
1969-12-31 18:00:09.605957215,(51 4 -34 -14 18 16 -41 -9)
1969-12-31 18:00:09.605957215,(-113 -49 16 2 -15 -25 -28 -78)
1969-12-31 18:00:09.606989968,(28 11 -10 -3 56 30 19 21)
1969-12-31 18:00:09.606989968,(18 14 -2 -20 -125 -76 3 38)
1969-12-31 18:00:09.629710534,(-91 -90 -66 -47 -16 -22 -19 -60)
1969-12-31 18:00:09.629710534,(52 127 93 41 49 44 11 26)
1969-12-31 18:00:09.630743287,(-14 -26 6 24 49 30 1 -21)
1969-12-31 18:00:09.630743287,(6 -4 4 -2 -16 -2 19 37)
1969-12-31 18:00:09.643136323,(-21 -14 -1 3 -12 -9 5 -11)
1969-12-31 18:00:09.643136323,(81 -15 -58 -15 -1 12 33 92)
1969-12-31 18:00:09.651398348,(-108 -82 -25 -13 -3 -35 -48 -98)
1969-12-31 18:00:09.651398348,(-22 9 -3 -39 -106 -94 -37 -28)
1969-12-31 18:00:09.667922396,(13 -2 -12 -21 13 18 6 2)
1969-12-31 18:00:09.667922396,(24 50 23 39 55 45 24 32)
1969-12-31 18:00:09.668955149,(-48 -9 45 17 -18 -22 -14 -53)
1969-12-31 18:00:09.668955149,(24 -37 -43 -8 23 13 -20 -46)
1969-12-31 18:00:09.698904987,(17 -30 -16 2 32 16 23 42)
1969-12-31 18:00:09.698904987,(-120 -61 -36 -23 5 -6 -34 -119)
1969-12-31 18:00:09.699937740,(46 41 -3 -16 -77 -23 -14 40)
1969-12-31 18:00:09.699937740,(-25 -1 10 -13 -28 -34 -9 -2)
1969-12-31 18:00:09.705101505,(-6 -10 13 -14 -25 -6 1 -5)
1969-12-31 18:00:09.705101505,(46 38 1 24 46 26 12 11)
1969-12-31 18:00:09.715429035,(14 -12 -23 2 49 50 6 -6)
1969-12-31 18:00:09.715429035,(4 -8 -15 -8 -32 -15 -9 5)
1969-12-31 18:00:09.729887577,(26 47 61 28 2 -4 7 30)
1969-12-31 18:00:09.729887577,(-19 -38 -41 -37 -49 -26 -11 -6)
1969-12-31 18:00:09.731953084,(6 23 25 19 25 9 7 14)
1969-12-31 18:00:09.731953084,(-5 12 12 18 58 41 4 -9)
1969-12-31 18:00:09.753640897,(21 17 3 19 80 59 35 54)
1969-12-31 18:00:09.753640897,(-21 -24 -18 -26 -119 -82 -17 -85)
1969-12-31 18:00:09.755706403,(-13 1 -25 -30 -25 -1 -32 -30)
1969-12-31 18:00:09.755706403,(6 13 22 18 20 -4 5 2)
1969-12-31 18:00:09.767066686,(-17 -8 4 -2 -12 -15 -13 -21)
1969-12-31 18:00:09.767066686,(-19 -22 -5 -19 -35 -10 10 13)
1969-12-31 18:00:09.776361464,(19 7 -20 -3 37 25 20 38)
1969-12-31 18:00:09.776361464,(12 11 13 32 29 12 -12 1)
1969-12-31 18:00:09.790820006,(-5 6 3 20 30 40 1 15)
1969-12-31 18:00:09.790820006,(-5 -22 -20 -13 -26 -41 -20 -21)
1969-12-31 18:00:09.800114783,(15 20 9 -6 -13 -3 26 18)
1969-12-31 18:00:09.800114783,(-25 -15 2 -20 -51 -76 -78 -82)
1969-12-31 18:00:09.815606078,(17 0 1 -1 3 15 5 3)
1969-12-31 18:00:09.815606078,(7 10 -12 -9 -4 -2 -11 2)
1969-12-31 18:00:09.816638831,(-9 -5 8 10 53 50 14 13)
1969-12-31 18:00:09.816638831,(-5 1 2 36 78 59 44 27)
1969-12-31 18:00:09.839359398,(-12 -36 -43 -61 -118 -109 -30 -15)
1969-12-31 18:00:09.839359398,(-40 58 56 9 33 13 -19 -48)
1969-12-31 18:00:09.840392151,(3 -36 -8 10 18 6 11 19)
1969-12-31 18:00:09.840392151,(-59 -17 -5 7 35 45 24 18)
1969-12-31 18:00:09.853817940,(-3 -13 -15 -13 -61 -72 -9 -13)
1969-12-31 18:00:09.853817940,(47 10 -26 -11 9 12 8 62)
1969-12-31 18:00:09.860014459,(1 -30 -11 -11 -34 -28 -24 -45)
1969-12-31 18:00:09.860014459,(-18 -10 -3 -5 11 22 7 0)
1969-12-31 18:00:09.877571260,(-14 24 17 18 29 21 11 -4)
1969-12-31 18:00:09.877571260,(-14 -22 -6 -1 2 -2 -3 -2)
1969-12-31 18:00:09.878604013,(2 9 -4 -6 -24 -18 0 -15)
1969-12-31 18:00:09.878604013,(28 3 -5 -15 -16 -6 9 22)
1969-12-31 18:00:09.900291826,(1 10 13 31 47 30 -18 -36)
1969-12-31 18:00:09.900291826,(15 -10 -1 10 7 3 0 13)
1969-12-31 18:00:09.902357333,(-25 -6 -6 -9 -24 -15 -9 -17)
1969-12-31 18:00:09.902357333,(-11 -2 -4 -10 -16 -22 -11 -11)
1969-12-31 18:00:09.915783122,(14 30 19 13 17 20 11 1)
1969-12-31 18:00:09.915783122,(-71 -63 -25 -8 35 21 -23 -83)
1969-12-31 18:00:09.921979640,(3 7 3 -7 -62 -64 -2 20)
1969-12-31 18:00:09.921979640,(31 0 -14 -24 -32 -8 -2 33)
1969-12-31 18:00:09.939536441,(34 16 15 6 13 10 5 7)
1969-12-31 18:00:09.939536441,(0 -2 14 7 15 12 6 22)
1969-12-31 18:00:09.940569194,(12 22 12 10 14 16 22 12)
1969-12-31 18:00:09.940569194,(8 -5 3 20 32 15 -19 1)
1969-12-31 18:00:09.961224255,(-27 -27 -23 -12 -13 -20 3 -27)
1969-12-31 18:00:09.961224255,(41 12 -8 -1 7 8 13 40)
1969-12-31 18:00:09.970519032,(45 20 15 0 -17 -24 -14 25)
1969-12-31 18:00:09.970519032,(33 23 5 -11 -35 10 10 13)
1969-12-31 18:00:09.977748303,(3 11 12 -5 17 19 43 26)
1969-12-31 18:00:09.977748303,(-8 -3 2 29 17 -18 -23 -1)
1969-12-31 18:00:09.983944821,(0 8 5 8 26 46 29 29)
1969-12-31 18:00:09.983944821,(-15 -12 -10 6 15 -32 -16 -22)
1969-12-31 18:00:10.001501623,(-45 -12 -6 -23 -97 -90 -42 -35)
1969-12-31 18:00:10.001501623,(0 -3 -3 -15 -3 40 16 6)
1969-12-31 18:00:10.003567129,(43 22 7 1 -26 -34 22 43)
1969-12-31 18:00:10.003567129,(-4 -4 2 1 35 38 -6 -26)
1969-12-31 18:00:10.024222189,(20 10 7 9 30 24 6 21)
1969-12-31 18:00:10.024222189,(45 29 9 7 -5 -7 14 37)
1969-12-31 18:00:10.026287695,(61 7 1 9 23 42 30 80)
1969-12-31 18:00:10.026287695,(-82 -39 -14 -12 -10 -15 -3 -8)
1969-12-31 18:00:10.039713485,(38 9 6 12 18 -5 -7 22)
1969-12-31 18:00:10.039713485,(-44 -10 -2 -2 -13 20 11 -21)
1969-12-31 18:00:10.045910003,(19 25 1 -8 0 -12 6 2)
1969-12-31 18:00:10.045910003,(53 15 8 4 4 -11 4 12)
1969-12-31 18:00:10.063466804,(-33 -14 -7 -6 -14 -10 0 -5)
1969-12-31 18:00:10.063466804,(26 14 2 3 12 47 5 10)
1969-12-31 18:00:10.064499557,(-56 -22 -4 -4 -11 -25 -18 -53)
1969-12-31 18:00:10.064499557,(22 16 4 -1 -5 -1 16 36)
1969-12-31 18:00:10.094449395,(27 8 3 7 19 18 -22 -8)
1969-12-31 18:00:10.094449395,(17 13 2 -10 -15 -16 2 6)
1969-12-31 18:00:10.095482148,(-52 -44 -19 -12 -9 -5 -17 -52)
1969-12-31 18:00:10.095482148,(-49 -7 4 13 8 17 -44 -62)
1969-12-31 18:00:10.100645913,(24 -11 -6 -1 8 3 7 23)
1969-12-31 18:00:10.101678666,(23 2 0 0 -6 -18 13 67)
1969-12-31 18:00:10.107875184,(-50 -12 -10 -13 -18 -25 -30 -67)
1969-12-31 18:00:10.107875184,(56 22 10 2 7 14 18 48)
1969-12-31 18:00:10.125431986,(-3 -13 -9 -3 6 25 -2 11)
1969-12-31 18:00:10.125431986,(-19 -10 -10 -13 -16 -29 27 9)
1969-12-31 18:00:10.127497492,(10 16 5 1 -1 -15 -34 -14)
1969-12-31 18:00:10.127497492,(30 -7 -5 -4 -7 1 10 46)
1969-12-31 18:00:10.149185305,(-19 12 13 12 15 16 3 28)
1969-12-31 18:00:10.149185305,(82 28 7 5 0 -7 -3 33)
1969-12-31 18:00:10.150218058,(-31 -23 -3 0 4 11 -14 -16)
1969-12-31 18:00:10.151250811,(-7 5 -1 -5 -10 -23 5 1)
1969-12-31 18:00:10.162611095,(-13 -6 -4 -5 -12 -42 -4 -11)
1969-12-31 18:00:10.162611095,(-9 0 3 1 4 -1 -16 -23)
1969-12-31 18:00:10.171905872,(26 10 4 4 4 7 18 31)
1969-12-31 18:00:10.171905872,(3 1 0 0 -2 3 1 0)
1969-12-31 18:00:10.194626438,(9 -4 -4 -3 4 19 6 6)
1969-12-31 18:00:10.194626438,(31 19 8 11 10 1 13 29)
1969-12-31 18:00:10.196691945,(17 3 -3 -2 1 6 0 24)
1969-12-31 18:00:10.196691945,(-29 2 1 3 2 13 30 43)
1969-12-31 18:00:10.210117734,(-33 -15 -5 -2 1 2 -15 -37)
1969-12-31 18:00:10.210117734,(5 -8 2 1 0 -4 -4 5)
1969-12-31 18:00:10.212183240,(44 34 15 12 8 12 15 18)
1969-12-31 18:00:10.212183240,(25 0 -3 -4 -1 4 9 54)
1969-12-31 18:00:10.224576276,(7 -12 2 2 4 10 2 37)
1969-12-31 18:00:10.224576276,(20 -3 -5 -5 -10 -22 -3 13)
1969-12-31 18:00:10.233871053,(14 40 12 5 3 5 -3 7)
1969-12-31 18:00:10.233871053,(-35 -19 -1 3 4 5 6 -27)
1969-12-31 18:00:10.248329596,(-65 -28 -13 -8 -6 -5 -21 -64)
1969-12-31 18:00:10.248329596,(44 24 12 10 10 18 22 53)
1969-12-31 18:00:10.256591620,(13 -3 1 -1 -1 1 -1 25)
1969-12-31 18:00:10.256591620,(50 15 6 0 3 3 15 48)
1969-12-31 18:00:10.272082915,(-11 4 -4 -5 -3 12 -5 -47)
1969-12-31 18:00:10.272082915,(-17 -3 -1 -3 -6 -19 -7 -8)
1969-12-31 18:00:10.274148421,(-2 14 4 2 0 -3 1 -24)
1969-12-31 18:00:10.274148421,(-3 -18 -7 -1 -3 -4 -13 -17)
1969-12-31 18:00:10.294803482,(75 28 5 -2 -2 -6 6 37)
1969-12-31 18:00:10.294803482,(21 4 -5 -6 -2 4 -3 -9)
1969-12-31 18:00:10.302032753,(31 -7 6 14 13 19 30 74)
1969-12-31 18:00:10.302032753,(-31 -31 -21 -21 -24 -36 -54 -68)
1969-12-31 18:00:10.311327530,(93 46 13 9 11 23 37 97)
1969-12-31 18:00:10.311327530,(-61 -45 -31 -31 -26 -31 -49 -78)
1969-12-31 18:00:10.312360283,(12 1 0 2 7 5 12 30)
1969-12-31 18:00:10.312360283,(-15 3 11 15 10 19 24 -6)
1969-12-31 18:00:10.334048097,(-18 11 32 25 18 10 15 -7)
1969-12-31 18:00:10.334048097,(-118 -52 -35 -26 -20 -32 -74 -119)
1969-12-31 18:00:10.336113603,(2 -16 -11 -11 -10 -11 -12 -3)
1969-12-31 18:00:10.336113603,(9 -16 -43 -49 -15 -6 0 2)
1969-12-31 18:00:10.348506639,(-15 3 -7 -6 8 -2 -8 -21)
1969-12-31 18:00:10.348506639,(-11 5 61 72 15 9 15 9)
1969-12-31 18:00:10.357801416,(-32 -3 8 14 2 -4 -17 -46)
1969-12-31 18:00:10.357801416,(19 22 12 8 3 0 -4 -22)
1969-12-31 18:00:10.372259959,(-21 -15 -27 -18 -12 -5 -3 -2)
1969-12-31 18:00:10.372259959,(-14 -22 -25 -26 -4 0 -2 -8)
1969-12-31 18:00:10.379489230,(0 -10 -9 -2 -4 -3 1 -1)
1969-12-31 18:00:10.379489230,(12 15 8 1 -1 3 6 4)
1969-12-31 18:00:10.396013278,(-28 -22 -9 -15 -7 -7 -5 9)
1969-12-31 18:00:10.396013278,(16 6 -5 -8 -3 1 9 17)
1969-12-31 18:00:10.398078784,(-8 -2 0 -3 -2 -1 -5 -15)
1969-12-31 18:00:10.398078784,(-15 -5 0 -1 1 -5 -10 -38)
1969-12-31 18:00:10.419766598,(-11 -10 -1 0 -5 -5 -5 -15)
1969-12-31 18:00:10.419766598,(4 -2 -3 -1 0 3 0 2)
1969-12-31 18:00:10.420799351,(-11 1 1 -6 -3 -4 -2 -2)
1969-12-31 18:00:10.420799351,(-4 -1 3 2 0 0 -3 2)
1969-12-31 18:00:10.435257893,(-1 -1 3 8 -2 -6 -3 -19)
1969-12-31 18:00:10.435257893,(2 4 -3 -2 4 4 3 -1)
1969-12-31 18:00:10.436290646,(-21 -12 -9 -12 -5 -4 -10 -30)
1969-12-31 18:00:10.436290646,(8 7 7 10 2 2 0 4)
1969-12-31 18:00:10.466240484,(-7 -7 -5 1 2 3 9 -12)
1969-12-31 18:00:10.466240484,(-3 3 -2 -6 -1 -1 -2 9)
1969-12-31 18:00:10.467273237,(-15 -10 -6 -4 -8 -5 -17 -19)
1969-12-31 18:00:10.467273237,(5 3 8 6 3 -3 2 -4)
1969-12-31 18:00:10.472437002,(-10 -18 -17 -7 -3 -4 -7 -4)
1969-12-31 18:00:10.472437002,(3 14 6 0 4 3 21 13)
1969-12-31 18:00:10.481731779,(10 1 -14 -12 -9 -2 8 14)
1969-12-31 18:00:10.481731779,(7 -8 1 10 8 3 -11 11)
1969-12-31 18:00:10.497223075,(-11 12 15 -2 0 4 0 -19)
1969-12-31 18:00:10.497223075,(-3 -6 -6 -4 -5 -7 -16 -9)
1969-12-31 18:00:10.498255828,(-4 11 11 2 0 2 12 17)
1969-12-31 18:00:10.498255828,(-1 -10 -4 3 2 3 11 -4)
1969-12-31 18:00:10.519943641,(5 -6 -12 0 -4 -2 4 16)
1969-12-31 18:00:10.519943641,(-1 -18 -18 -10 -2 -1 3 0)
1969-12-31 18:00:10.522009147,(8 -2 -8 -9 1 1 -3 21)
1969-12-31 18:00:10.522009147,(-10 23 15 4 -3 0 7 -20)
1969-12-31 18:00:10.534402184,(-5 10 7 3 0 -1 -1 4)
1969-12-31 18:00:10.534402184,(0 7 8 -4 -2 -3 -4 6)
1969-12-31 18:00:10.543696961,(0 -3 5 0 -2 -1 -9 -7)
1969-12-31 18:00:10.543696961,(1 -26 -27 -11 -6 -4 -7 -2)
1969-12-31 18:00:10.559188256,(-1 4 -6 -7 -4 0 16 -5)
1969-12-31 18:00:10.559188256,(-2 9 14 3 1 -8 -31 -15)
1969-12-31 18:00:10.561253762,(-4 2 10 9 6 7 15 0)
1969-12-31 18:00:10.561253762,(-3 10 -2 -7 -4 0 -2 -1)
1969-12-31 18:00:10.581908823,(-1 -34 -10 2 -3 -1 1 7)
1969-12-31 18:00:10.581908823,(-6 -21 -26 7 3 3 -5 1)
1969-12-31 18:00:10.583974329,(-4 11 24 9 -2 -4 -7 -11)
1969-12-31 18:00:10.583974329,(7 25 -4 -26 -8 -4 -5 2)
1969-12-31 18:00:10.596367365,(-10 -9 -15 -25 -8 -3 -7 -2)
1969-12-31 18:00:10.596367365,(-9 -33 -9 20 3 4 5 -5)
1969-12-31 18:00:10.605662142,(7 15 28 33 12 5 0 -7)
1969-12-31 18:00:10.605662142,(15 34 44 51 16 8 12 25)
1969-12-31 18:00:10.621153438,(-11 -22 -25 -25 -9 -9 -22 -28)
1969-12-31 18:00:10.621153438,(-3 17 7 -11 -7 -2 1 -4)
1969-12-31 18:00:10.622186191,(-12 -26 -43 -19 -6 -6 -3 -9)
1969-12-31 18:00:10.622186191,(-2 -14 1 -17 -7 1 9 9)
1969-12-31 18:00:10.643874004,(7 11 11 17 5 0 -7 2)
1969-12-31 18:00:10.643874004,(4 4 -8 -19 -6 0 3 0)
1969-12-31 18:00:10.645939510,(-5 -46 -50 -29 -11 -2 -1 -3)
1969-12-31 18:00:10.645939510,(-2 49 49 29 11 2 -2 0)
1969-12-31 18:00:10.667627324,(-12 -11 -8 -10 -9 -5 -15 -12)
1969-12-31 18:00:10.667627324,(10 13 7 -9 0 3 7 2)
1969-12-31 18:00:10.668660077,(-4 -16 -12 12 5 1 -1 -1)
1969-12-31 18:00:10.668660077,(-13 -39 -52 -47 -16 -10 -9 -10)
1969-12-31 18:00:10.683118619,(1 44 75 57 10 -1 -3 1)
1969-12-31 18:00:10.683118619,(2 -28 -45 -15 1 1 7 7)
1969-12-31 18:00:10.684151372,(1 21 47 18 4 -3 -1 1)
1969-12-31 18:00:10.684151372,(8 -4 14 38 17 2 0 2)
1969-12-31 18:00:10.705839186,(-13 -42 -63 -59 -17 -8 4 4)
1969-12-31 18:00:10.705839186,(3 -29 -34 4 7 -2 -6 0)
1969-12-31 18:00:10.707904692,(23 65 72 22 11 0 -1 -1)
1969-12-31 18:00:10.707904692,(2 14 12 26 1 1 9 11)
1969-12-31 18:00:10.728559752,(-8 -13 -17 -2 0 -2 3 -2)
1969-12-31 18:00:10.728559752,(-14 -10 9 -10 -9 -4 -11 -12)
1969-12-31 18:00:10.730625258,(-13 -33 -40 -26 -8 -4 -5 -9)
1969-12-31 18:00:10.730625258,(0 0 -8 -17 -4 -1 1 1)
1969-12-31 18:00:10.744051048,(5 -5 2 4 1 -1 -4 -1)
1969-12-31 18:00:10.744051048,(-2 6 0 -13 -2 4 7 7)
1969-12-31 18:00:10.751280319,(-28 -55 -25 -18 -7 -4 -4 -7)
1969-12-31 18:00:10.751280319,(7 47 -14 -29 -12 -6 -6 -9)
1969-12-31 18:00:10.767804367,(19 15 13 27 10 3 -2 2)
1969-12-31 18:00:10.767804367,(10 41 64 43 20 11 9 7)
1969-12-31 18:00:10.769869873,(-1 7 -19 -18 -8 -4 -2 1)
1969-12-31 18:00:10.769869873,(-21 -59 -39 -11 -2 0 -3 -7)
1969-12-31 18:00:10.791557687,(-6 -9 -39 -22 -13 -5 -3 -1)
1969-12-31 18:00:10.791557687,(18 46 73 46 18 7 5 2)
1969-12-31 18:00:10.792590440,(2 4 38 42 7 2 1 2)
1969-12-31 18:00:10.792590440,(4 -7 -15 -8 -5 -3 -2 2)
1969-12-31 18:00:10.806016229,(-3 -14 -41 -24 -4 -3 -4 -2)
1969-12-31 18:00:10.806016229,(-3 -18 -9 -3 -1 1 3 3)
1969-12-31 18:00:10.813245500,(-12 -10 -21 -19 -7 -3 -3 -4)
1969-12-31 18:00:10.813245500,(0 -4 -1 -2 2 -2 -3 -5)
1969-12-31 18:00:10.830802302,(1 -1 24 17 6 1 -1 0)
1969-12-31 18:00:10.830802302,(-5 -5 -24 -20 -11 -6 -3 -3)
1969-12-31 18:00:10.835966067,(2 4 -19 -16 -8 -4 -3 0)
1969-12-31 18:00:10.835966067,(0 -9 17 8 -1 1 -2 -3)
1969-12-31 18:00:10.853522868,(1 16 23 13 6 1 1 0)
1969-12-31 18:00:10.853522868,(-3 -5 -12 3 -3 -3 1 2)
1969-12-31 18:00:10.854555621,(3 19 15 8 2 -2 -2 -3)
1969-12-31 18:00:10.854555621,(-5 -16 -19 -16 -6 -3 -4 -4)
1969-12-31 18:00:10.854555621,(1 -1 -8 6 -3 -10 10 3)
1969-12-31 18:00:10.854555621,(1 0 -5 -12 -2 -4 7 3)
1969-12-31 18:00:10.854555621,(2 -3 1 2 -1 1 22 5)
1969-12-31 18:00:10.855588374,(-1 0 -7 -3 -1 -10 -22 -4)
1969-12-31 18:00:10.870046916,(-4 -4 13 5 3 8 -2 0)
1969-12-31 18:00:10.870046916,(-1 1 -8 -4 -3 -9 -2 -1)
1969-12-31 18:00:10.871079670,(1 -1 -5 -10 -6 -1 -7 -4)
1969-12-31 18:00:10.871079670,(1 -1 -3 1 1 4 19 3)
1969-12-31 18:00:10.884505459,(-2 1 1 0 0 1 -9 -2)
1969-12-31 18:00:10.884505459,(1 -5 -7 -3 2 -2 2 0)
1969-12-31 18:00:10.885538212,(-4 -4 -6 -4 -1 -8 -6 -2)
1969-12-31 18:00:10.885538212,(-2 -3 0 -1 -1 -1 10 2)
1969-12-31 18:00:10.907226025,(1 5 0 -2 0 -5 -2 0)
1969-12-31 18:00:10.907226025,(-1 -3 2 2 1 2 -1 -3)
1969-12-31 18:00:10.915488050,(-6 -2 1 1 -1 -3 -9 -6)
1969-12-31 18:00:10.915488050,(1 -4 -12 -6 -4 2 8 5)
1969-12-31 18:00:10.932012098,(5 6 11 3 0 5 -1 2)
1969-12-31 18:00:10.932012098,(3 3 -1 10 4 0 0 11)
1969-12-31 18:00:10.932012098,(-5 0 1 -4 -5 -10 -11 -26)
1969-12-31 18:00:10.932012098,(4 -2 -5 2 0 -3 14 20)
1969-12-31 18:00:10.945437887,(-3 -4 -18 -7 1 -3 -1 -3)
1969-12-31 18:00:10.945437887,(-3 6 23 4 -2 -2 -12 -19)
1969-12-31 18:00:10.954732665,(-2 2 7 8 4 2 2 5)
1969-12-31 18:00:10.954732665,(1 -1 -4 -4 -4 5 0 -6)
1969-12-31 18:00:10.969191207,(-3 -6 -2 -3 -2 6 -4 -4)
1969-12-31 18:00:10.969191207,(-1 -11 -11 -9 -7 2 -4 4)
1969-12-31 18:00:10.970223960,(-3 -4 -3 -6 -9 -1 -9 -6)
1969-12-31 18:00:10.970223960,(-4 4 10 4 -1 3 -3 -9)
1969-12-31 18:00:10.993977279,(0 -2 0 4 1 5 -2 1)
1969-12-31 18:00:10.993977279,(-3 -5 -9 -4 -2 6 1 1)
1969-12-31 18:00:10.993977279,(1 -1 1 -1 -2 2 0 7)
1969-12-31 18:00:10.993977279,(0 0 -3 4 0 0 1 -4)
1969-12-31 18:00:11.007403069,(1 0 14 0 -4 -3 -4 -5)
1969-12-31 18:00:11.007403069,(-1 1 -2 1 1 3 2 5)
1969-12-31 18:00:11.016697846,(-1 -1 -4 -2 1 0 0 4)
1969-12-31 18:00:11.016697846,(-2 2 17 17 5 1 5 6)
1969-12-31 18:00:11.031156388,(0 -8 -22 -16 -8 -7 -7 -8)
1969-12-31 18:00:11.032189141,(1 1 -3 -3 -2 -2 -4 -6)
1969-12-31 18:00:11.032189141,(3 0 -4 -2 -2 -4 1 5)
1969-12-31 18:00:11.032189141,(-3 -2 -5 -4 1 -1 5 -1)
1969-12-31 18:00:11.055942461,(-3 0 -1 -2 0 -1 7 8)
1969-12-31 18:00:11.055942461,(-2 0 -1 -1 0 -2 -4 -9)
1969-12-31 18:00:11.056975214,(0 0 1 0 -2 -2 -1 -1)
1969-12-31 18:00:11.056975214,(-4 -2 -1 -5 -4 -2 -3 -4)
1969-12-31 18:00:11.070401003,(-3 -1 4 2 0 4 1 5)
1969-12-31 18:00:11.070401003,(-2 -2 -4 -4 -2 -3 -8 -8)
1969-12-31 18:00:11.078663027,(-1 -1 -1 0 -3 -2 -3 0)
1969-12-31 18:00:11.078663027,(-2 -2 2 0 -4 -2 -5 -5)
1969-12-31 18:00:11.093121570,(-1 0 -1 0 0 1 -3 -1)
1969-12-31 18:00:11.093121570,(0 0 -3 -3 -2 -1 5 6)
1969-12-31 18:00:11.094154323,(-2 -4 -2 -1 -2 -6 -14 -13)
1969-12-31 18:00:11.094154323,(0 1 1 -3 -3 -4 -1 1)
1969-12-31 18:00:11.117907642,(0 1 -2 1 3 2 1 3)
1969-12-31 18:00:11.117907642,(0 -2 -5 -3 -1 -2 -2 -4)
1969-12-31 18:00:11.117907642,(0 -6 -4 -1 -1 -1 1 2)
1969-12-31 18:00:11.118940395,(3 6 -1 -3 -2 -2 -1 -3)
1969-12-31 18:00:11.131333432,(-5 -6 -1 1 1 -2 0 5)
1969-12-31 18:00:11.131333432,(8 9 10 3 2 -1 5 23)
1969-12-31 18:00:11.139595456,(-3 -2 -5 -3 -5 -3 2 -11)
1969-12-31 18:00:11.139595456,(-6 -3 -2 0 2 -5 -13 -15)
1969-12-31 18:00:11.155086751,(0 5 8 2 -1 0 8 13)
1969-12-31 18:00:11.155086751,(-7 -7 -16 -7 -3 -5 -9 -27)
1969-12-31 18:00:11.156119504,(4 -2 4 0 -1 0 4 6)
1969-12-31 18:00:11.156119504,(-7 -8 -4 -1 -2 1 10 13)
1969-12-31 18:00:11.179872824,(7 0 -1 3 5 -7 -21 -15)
1969-12-31 18:00:11.179872824,(0 6 1 -2 -2 0 1 3)
1969-12-31 18:00:11.179872824,(0 -1 -5 -3 0 0 0 3)
1969-12-31 18:00:11.179872824,(3 2 0 0 -2 0 -5 -11)
1969-12-31 18:00:11.193298613,(-2 0 2 0 -2 -1 2 -1)
1969-12-31 18:00:11.193298613,(1 -4 -6 -1 -3 0 1 6)
1969-12-31 18:00:11.202593390,(-3 1 3 -1 1 -2 -1 -3)
1969-12-31 18:00:11.202593390,(4 1 1 1 1 -1 0 1)
1969-12-31 18:00:11.217051933,(0 -1 -1 -3 -2 -3 2 0)
1969-12-31 18:00:11.217051933,(-3 1 -5 -3 0 -5 -5 -17)
1969-12-31 18:00:11.218084686,(5 2 0 1 2 -2 -5 14)
1969-12-31 18:00:11.218084686,(-8 -6 2 3 7 11 8 -5)
1969-12-31 18:00:11.241838005,(3 -11 -21 -18 -14 -11 2 8)
1969-12-31 18:00:11.241838005,(-3 3 14 13 11 14 16 7)
1969-12-31 18:00:11.242870758,(-13 0 3 -3 -5 -10 -9 -18)
1969-12-31 18:00:11.242870758,(11 3 -10 -3 -1 -6 7 14)
1969-12-31 18:00:11.255263795,(2 -13 -6 -4 -1 -2 1 -1)
1969-12-31 18:00:11.255263795,(-1 19 1 -4 -2 -2 6 -8)
1969-12-31 18:00:11.264558572,(-23 -2 20 8 5 -2 -1 5)
1969-12-31 18:00:11.264558572,(7 0 -1 -4 -1 -4 -9 -18)
1969-12-31 18:00:11.279017114,(-12 -3 -1 -2 0 4 12 10)
1969-12-31 18:00:11.279017114,(-1 -11 -7 -5 -5 -1 -15 -15)
1969-12-31 18:00:11.280049867,(9 0 0 0 -2 8 -10 2)
1969-12-31 18:00:11.280049867,(-4 -1 5 0 -6 4 0 3)
1969-12-31 18:00:11.303803187,(6 1 1 5 -2 9 -2 -3)
1969-12-31 18:00:11.303803187,(10 -1 8 2 -5 3 -4 15)
1969-12-31 18:00:11.303803187,(0 4 -1 2 0 5 0 -5)
1969-12-31 18:00:11.304835940,(-14 -9 -2 1 -2 2 -10 -12)
1969-12-31 18:00:11.317228975,(14 12 3 2 -1 8 1 -13)
1969-12-31 18:00:11.317228975,(4 3 1 4 2 -10 -2 36)
1969-12-31 18:00:11.326523753,(-13 -2 -2 1 7 18 -5 1)
1969-12-31 18:00:11.326523753,(-4 -12 -11 -9 -16 -24 7 -18)
1969-12-31 18:00:11.340982296,(38 11 6 6 7 -14 -6 -9)
1969-12-31 18:00:11.340982296,(11 9 8 5 8 12 -9 21)
1969-12-31 18:00:11.342015049,(3 3 -1 0 -1 13 25 -2)
1969-12-31 18:00:11.342015049,(8 13 8 6 6 1 -5 11)
1969-12-31 18:00:11.365768368,(-98 -34 -9 -5 -4 -14 -6 -45)
1969-12-31 18:00:11.365768368,(20 1 -9 -8 -4 -7 -6 7)
1969-12-31 18:00:11.365768368,(-5 -6 -11 -8 -4 -10 0 -16)
1969-12-31 18:00:11.365768368,(-1 -4 0 -1 0 6 14 44)
1969-12-31 18:00:11.388488935,(19 14 3 3 0 5 -10 -27)
1969-12-31 18:00:11.388488935,(9 15 9 7 5 1 0 2)
1969-12-31 18:00:11.389521688,(13 28 4 -1 -4 8 4 -25)
1969-12-31 18:00:11.389521688,(-12 -27 -6 -1 -1 -22 -5 11)
1969-12-31 18:00:11.402947477,(-35 -23 -12 -5 0 9 21 -14)
1969-12-31 18:00:11.402947477,(1 -8 -6 -4 -2 15 12 2)
1969-12-31 18:00:11.403980230,(10 1 5 4 1 -16 -23 -61)
1969-12-31 18:00:11.403980230,(10 27 7 1 3 5 -16 -10)
1969-12-31 18:00:11.427733550,(-6 -8 11 7 6 27 20 70)
1969-12-31 18:00:11.427733550,(-10 -15 -13 -15 -24 -68 -26 -85)
1969-12-31 18:00:11.428766303,(34 4 -9 -8 -7 -4 5 24)
1969-12-31 18:00:11.428766303,(-31 -10 -5 -3 -1 -11 9 -5)
1969-12-31 18:00:11.450454116,(33 11 4 1 0 25 -3 13)
1969-12-31 18:00:11.450454116,(11 13 4 4 5 20 16 24)
1969-12-31 18:00:11.451486869,(21 0 4 6 2 -13 -6 43)
1969-12-31 18:00:11.451486869,(-8 -3 -2 1 0 3 -9 -50)
1969-12-31 18:00:11.464912659,(-6 -4 -10 -9 -12 -50 -22 4)
1969-12-31 18:00:11.464912659,(-38 -17 -4 -4 4 68 0 -18)
1969-12-31 18:00:11.465945412,(-19 -10 -4 -3 -6 -12 4 -48)
1969-12-31 18:00:11.465945412,(0 1 -2 -2 2 28 5 -7)
1969-12-31 18:00:11.489698731,(12 26 14 10 3 -23 -56 -1)
1969-12-31 18:00:11.489698731,(-18 -16 -14 -9 -8 -17 -8 -73)
1969-12-31 18:00:11.490731484,(-6 0 6 6 10 15 21 48)
1969-12-31 18:00:11.490731484,(62 21 7 4 10 39 30 62)
1969-12-31 18:00:11.512419298,(16 4 -7 -11 -28 -85 -8 -50)
1969-12-31 18:00:11.512419298,(-45 -22 -2 0 -3 -22 -21 -7)
1969-12-31 18:00:11.513452051,(-11 -13 -9 -5 3 36 2 2)
1969-12-31 18:00:11.513452051,(1 4 7 3 -1 -8 20 30)
1969-12-31 18:00:11.526877840,(29 11 0 1 6 20 -7 16)
1969-12-31 18:00:11.526877840,(-79 -30 -11 -2 1 1 7 -16)
1969-12-31 18:00:11.536172617,(53 -3 -6 -5 -15 -59 8 86)
1969-12-31 18:00:11.536172617,(-59 -30 -15 -10 2 60 37 10)
1969-12-31 18:00:11.551663913,(-18 -2 -3 -3 5 53 10 -30)
1969-12-31 18:00:11.551663913,(12 2 1 0 -13 -70 -38 -36)
1969-12-31 18:00:11.552696666,(-19 -6 -2 0 4 6 -19 -48)
1969-12-31 18:00:11.552696666,(18 10 2 -4 -13 -49 -17 11)
1969-12-31 18:00:11.574384479,(-1 -3 -2 2 6 28 40 31)
1969-12-31 18:00:11.574384479,(25 0 0 -2 0 3 0 60)
1969-12-31 18:00:11.575417232,(22 29 14 10 11 25 25 85)
1969-12-31 18:00:11.575417232,(-14 -20 -11 -9 -9 -16 -55 -67)
1969-12-31 18:00:11.588843022,(-35 -12 -3 -2 3 43 19 -37)
1969-12-31 18:00:11.588843022,(-23 2 0 -1 -3 -20 -3 13)
1969-12-31 18:00:11.589875775,(39 -7 -4 -3 -6 -10 48 58)
1969-12-31 18:00:11.589875775,(-19 15 13 8 4 -2 -25 -92)
1969-12-31 18:00:11.613629094,(-10 -30 -24 -19 -12 -13 20 74)
1969-12-31 18:00:11.613629094,(33 7 2 -1 5 23 13 22)
1969-12-31 18:00:11.614661847,(-18 -5 -5 -4 -5 4 -26 -80)
1969-12-31 18:00:11.614661847,(10 21 4 7 3 2 25 50)
1969-12-31 18:00:11.636349661,(-16 -5 3 2 4 14 -20 -49)
1969-12-31 18:00:11.636349661,(13 5 4 4 1 -23 10 10)
1969-12-31 18:00:11.637382414,(-8 -17 -10 -8 -10 -28 -26 12)
1969-12-31 18:00:11.637382414,(-43 -14 -9 -10 -11 9 -41 -68)
1969-12-31 18:00:11.650808203,(7 10 3 1 1 -17 -4 8)
1969-12-31 18:00:11.650808203,(16 4 0 1 4 22 9 22)
1969-12-31 18:00:11.651840956,(-27 -1 1 2 4 7 11 13)
1969-12-31 18:00:11.651840956,(2 -6 -3 -2 -6 -30 -31 -55)
1969-12-31 18:00:11.682823547,(-9 5 2 3 2 15 1 -8)
1969-12-31 18:00:11.682823547,(-8 -13 -5 -7 -6 0 -22 -74)
1969-12-31 18:00:11.683856300,(-15 1 0 1 3 5 7 7)
1969-12-31 18:00:11.683856300,(36 10 5 7 6 5 23 84)
1969-12-31 18:00:11.698314842,(-5 -4 -4 -5 -4 -19 -8 -24)
1969-12-31 18:00:11.698314842,(51 31 16 14 12 10 24 63)
1969-12-31 18:00:11.699347595,(1 -19 -14 -10 -4 25 -14 45)
1969-12-31 18:00:11.699347595,(15 -10 -7 -9 -14 -58 -3 15)
1969-12-31 18:00:11.712773384,(13 6 4 2 -3 -21 -61 -34)
1969-12-31 18:00:11.712773384,(-22 0 -1 -2 2 25 30 20)
1969-12-31 18:00:11.722068162,(-6 5 2 -1 -5 -48 -24 -10)
1969-12-31 18:00:11.722068162,(-7 -3 -3 -2 1 32 10 2)
1969-12-31 18:00:11.737559457,(10 0 3 4 6 5 22 27)
1969-12-31 18:00:11.737559457,(21 -2 -10 -9 -7 9 -2 -6)
1969-12-31 18:00:11.738592210,(-13 -3 -1 -4 -5 3 -35 -63)
1969-12-31 18:00:11.738592210,(8 2 4 3 4 -2 19 39)
1969-12-31 18:00:11.760280024,(7 9 8 6 4 -7 -4 2)
1969-12-31 18:00:11.760280024,(-37 -31 -14 -8 -7 -1 0 16)
1969-12-31 18:00:11.762345530,(17 15 3 3 -2 -11 27 -6)
1969-12-31 18:00:11.762345530,(-19 -13 -3 -6 -6 -27 -32 -14)
1969-12-31 18:00:11.774738566,(-2 -5 -4 -5 -6 -6 5 -10)
1969-12-31 18:00:11.774738566,(24 12 3 4 0 -15 16 15)
1969-12-31 18:00:11.784033343,(-15 -8 -6 -4 -3 6 13 -23)
1969-12-31 18:00:11.784033343,(9 -2 0 2 4 10 -1 16)
1969-12-31 18:00:11.799524639,(49 27 11 8 9 15 21 53)
1969-12-31 18:00:11.799524639,(-16 -22 -8 -4 -1 4 -2 4)
1969-12-31 18:00:11.800557392,(8 12 7 6 7 8 -9 -18)
1969-12-31 18:00:11.800557392,(10 12 7 6 9 39 49 22)
1969-12-31 18:00:11.822245205,(5 10 6 3 -3 -41 -33 -7)
1969-12-31 18:00:11.822245205,(19 14 8 4 -1 -1 -5 2)
1969-12-31 18:00:11.824310711,(-13 -6 -2 -2 2 12 10 5)
1969-12-31 18:00:11.824310711,(-17 -11 -5 -1 -4 -26 -16 -21)
1969-12-31 18:00:11.836703747,(49 11 0 -2 -2 0 -10 -6)
1969-12-31 18:00:11.836703747,(40 16 3 -1 0 -18 5 40)
1969-12-31 18:00:11.845998525,(-58 -21 -8 -7 -4 15 -2 -87)
1969-12-31 18:00:11.845998525,(19 7 -3 -4 -6 -26 -52 -6)
1969-12-31 18:00:11.861489820,(-16 -4 -2 -3 2 34 9 25)
1969-12-31 18:00:11.861489820,(-3 -8 1 5 19 35 14 -13)
1969-12-31 18:00:11.862522573,(-2 1 4 3 -7 24 18 8)
1969-12-31 18:00:11.862522573,(10 -1 -6 -8 -22 -83 -40 -16)
1969-12-31 18:00:11.884210387,(-17 4 0 2 4 27 0 -38)
1969-12-31 18:00:11.884210387,(-8 -5 -6 -5 -15 -51 -1 23)
1969-12-31 18:00:11.886275893,(-47 -11 -10 -5 45 75 -12 -43)
1969-12-31 18:00:11.886275893,(14 14 6 1 -24 22 21 -20)
1969-12-31 18:00:11.907963706,(-26 -27 -15 -25 -59 -71 -16 -21)
1969-12-31 18:00:11.907963706,(-43 -6 4 5 11 36 -4 -48)
1969-12-31 18:00:11.908996459,(42 19 11 11 3 -15 5 24)
1969-12-31 18:00:11.908996459,(-12 5 -1 0 26 18 -3 -26)
1969-12-31 18:00:11.923455001,(1 -7 -4 3 13 18 38 78)
1969-12-31 18:00:11.923455001,(14 7 3 5 8 5 -7 -13)
1969-12-31 18:00:11.924487754,(-31 -20 -18 -26 -52 -56 -50 -77)
1969-12-31 18:00:11.924487754,(-8 12 9 7 19 62 29 5)
1969-12-31 18:00:11.946175568,(-34 -10 3 8 8 -43 -21 -25)
1969-12-31 18:00:11.946175568,(-6 1 -2 0 33 91 7 10)
1969-12-31 18:00:11.948241074,(9 6 12 27 26 -9 34 104)
1969-12-31 18:00:11.948241074,(4 -17 -9 -9 -24 -68 -20 14)
1969-12-31 18:00:11.960634110,(6 1 0 2 -34 -27 -24 -19)
1969-12-31 18:00:11.960634110,(-28 -11 -12 -19 -30 -20 -9 -39)
1969-12-31 18:00:11.969928888,(13 24 10 4 13 10 23 47)
1969-12-31 18:00:11.969928888,(22 -4 -2 -8 -3 37 26 12)
1969-12-31 18:00:11.992649454,(-43 -19 -5 -1 28 27 7 -3)
1969-12-31 18:00:11.992649454,(25 7 2 3 14 0 -6 5)
1969-12-31 18:00:11.994714960,(57 24 8 13 4 -19 9 61)
1969-12-31 18:00:11.994714960,(-29 -34 -32 -2 71 82 24 -36)
1969-12-31 18:00:12.008140749,(-14 -1 14 -3 -78 -70 -7 3)
1969-12-31 18:00:12.008140749,(-29 1 25 2 -39 -41 -17 -4)
1969-12-31 18:00:12.010206256,(-7 -16 -10 16 85 59 10 -25)
1969-12-31 18:00:12.010206256,(35 -17 -16 -9 -93 -58 -5 53)
1969-12-31 18:00:12.022599292,(14 43 -5 -11 31 52 18 -14)
1969-12-31 18:00:12.022599292,(-22 -23 21 12 23 9 -3 1)
1969-12-31 18:00:12.031894069,(-45 -13 15 11 10 -21 -30 -44)
1969-12-31 18:00:12.031894069,(-2 13 -14 -19 -48 -49 -14 -5)
1969-12-31 18:00:12.047385364,(42 14 -5 2 26 18 9 28)
1969-12-31 18:00:12.047385364,(6 -46 -64 -26 -32 -14 6 26)
1969-12-31 18:00:12.048418117,(1 -13 16 11 42 30 3 -21)
1969-12-31 18:00:12.048418117,(-44 0 -16 -21 -4 0 -21 -44)
1969-12-31 18:00:12.078367955,(-42 1 48 11 -38 -12 -29 -59)
1969-12-31 18:00:12.078367955,(4 24 17 11 4 -5 6 3)
1969-12-31 18:00:12.079400708,(61 -44 -73 -26 -33 -31 -13 -8)
1969-12-31 18:00:12.079400708,(5 26 17 30 63 50 32 25)
1969-12-31 18:00:12.084564473,(-59 -27 -14 -19 -24 -38 -28 -51)
1969-12-31 18:00:12.084564473,(75 -6 -34 -8 -4 -14 -7 2)
1969-12-31 18:00:12.093859251,(1 -6 -19 -17 -52 -26 -30 4)
1969-12-31 18:00:12.093859251,(84 73 -22 -12 -28 -18 11 61)
1969-12-31 18:00:12.109350546,(32 121 94 71 89 76 39 86)
1969-12-31 18:00:12.109350546,(39 9 -5 16 36 15 25 43)
1969-12-31 18:00:12.110383299,(-15 -17 -36 -44 -91 -52 -4 -4)
1969-12-31 18:00:12.110383299,(-47 -48 -25 11 34 19 -1 47)
1969-12-31 18:00:12.132071112,(-51 -128 -96 -33 48 34 -39 -68)
1969-12-31 18:00:12.132071112,(30 119 88 14 -37 -58 -4 -9)
1969-12-31 18:00:12.134136618,(10 89 73 39 -5 7 5 -1)
1969-12-31 18:00:12.134136618,(40 26 50 18 -10 -23 38 55)
1969-12-31 18:00:12.146529655,(79 -30 -34 -30 -52 -13 1 116)
1969-12-31 18:00:12.146529655,(-54 -128 -116 -57 -11 -9 -15 -93)
1969-12-31 18:00:12.155824432,(14 -3 18 3 51 51 4 20)
1969-12-31 18:00:12.155824432,(-52 61 64 39 54 19 -19 -33)
1969-12-31 18:00:12.171315727,(11 -7 -5 22 -5 -5 40 9)
1969-12-31 18:00:12.171315727,(66 -42 -39 -18 2 30 37 88)
1969-12-31 18:00:12.172348480,(-97 -43 -52 -63 -38 -43 -33 -72)
1969-12-31 18:00:12.172348480,(-78 -3 89 21 -44 -32 -33 -43)
1969-12-31 18:00:12.194036294,(-15 -6 -37 -2 21 -6 21 -15)
1969-12-31 18:00:12.194036294,(8 6 -7 27 42 55 29 40)
1969-12-31 18:00:12.196101800,(-9 -7 7 34 67 27 28 -41)
1969-12-31 18:00:12.196101800,(28 -128 -128 -71 -94 -49 -47 -74)
1969-12-31 18:00:12.208494836,(-32 123 111 32 -3 -6 -3 51)
1969-12-31 18:00:12.208494836,(-50 -9 19 9 -9 -15 -45 -98)
1969-12-31 18:00:12.217789613,(14 -5 16 21 49 16 -4 38)
1969-12-31 18:00:12.217789613,(9 25 -32 3 21 28 29 -35)
1969-12-31 18:00:12.233280909,(50 -116 -81 -7 34 4 -11 -16)
1969-12-31 18:00:12.233280909,(34 25 -14 -2 -41 -9 39 20)
1969-12-31 18:00:12.235346415,(-56 88 108 2 -31 -25 -66 -49)
1969-12-31 18:00:12.235346415,(-26 12 -3 -4 7 5 -3 7)
1969-12-31 18:00:12.254968722,(20 -89 -97 -43 -18 44 12 -11)
1969-12-31 18:00:12.254968722,(-39 26 -51 -43 -5 -51 -22 -30)
1969-12-31 18:00:12.264263500,(-5 69 50 19 -6 11 26 37)
1969-12-31 18:00:12.264263500,(9 -64 -34 -3 11 -14 -1 -36)
1969-12-31 18:00:12.270460018,(17 17 -25 -27 -60 -37 -14 11)
1969-12-31 18:00:12.270460018,(-15 29 34 26 56 13 -52 -41)
1969-12-31 18:00:12.279754795,(27 -117 -106 -33 -70 -11 47 78)
1969-12-31 18:00:12.279754795,(62 127 108 41 67 50 13 55)
1969-12-31 18:00:12.294213337,(15 -27 -41 -12 4 -9 26 10)
1969-12-31 18:00:12.294213337,(-17 65 110 66 70 72 16 10)
1969-12-31 18:00:12.301442607,(-13 -35 -8 3 -44 -50 -27 -50)
1969-12-31 18:00:12.301442607,(-33 -44 -6 -10 -9 -29 -5 -6)
1969-12-31 18:00:12.317966657,(-2 -47 -57 -34 -34 -19 -23 -31)
1969-12-31 18:00:12.317966657,(-18 14 -13 -27 -33 -18 -5 -5)
1969-12-31 18:00:12.320032163,(30 46 41 29 48 46 73 25)
1969-12-31 18:00:12.320032163,(27 -112 -120 -50 5 0 -87 -30)
1969-12-31 18:00:12.341719976,(-62 69 108 21 -29 -20 -3 -29)
1969-12-31 18:00:12.341719976,(25 1 1 9 -16 -10 -3 67)
1969-12-31 18:00:12.343785482,(22 -23 -15 13 40 18 1 -8)
1969-12-31 18:00:12.343785482,(17 54 6 1 -14 -7 20 -11)
1969-12-31 18:00:12.356178519,(-55 42 84 21 39 37 -2 -56)
1969-12-31 18:00:12.356178519,(-17 -110 -77 -50 -98 -79 -38 -16)
1969-12-31 18:00:12.363407790,(-7 45 8 -6 -18 1 -1 4)
1969-12-31 18:00:12.363407790,(30 -68 -45 -10 -4 4 50 79)
1969-12-31 18:00:12.379931838,(20 11 -8 24 62 3 -49 -66)
1969-12-31 18:00:12.379931838,(-28 56 44 12 18 16 6 10)
1969-12-31 18:00:12.381997344,(11 -45 -54 -31 -43 -33 -45 -4)
1969-12-31 18:00:12.381997344,(30 14 14 -6 -13 26 15 -3)
1969-12-31 18:00:12.403685158,(-16 -71 -46 -5 10 -12 25 16)
1969-12-31 18:00:12.403685158,(-1 -112 -74 -11 14 -4 0 11)
1969-12-31 18:00:12.404717911,(58 98 51 23 76 34 1 39)
1969-12-31 18:00:12.404717911,(-98 64 104 17 -60 -31 -24 -55)
1969-12-31 18:00:12.426405724,(30 41 14 -3 -46 -4 20 33)
1969-12-31 18:00:12.426405724,(47 -59 -42 -4 24 5 28 27)
1969-12-31 18:00:12.428471230,(-18 29 -2 -6 -6 -12 -45 5)
1969-12-31 18:00:12.428471230,(-5 -6 -19 17 15 2 15 6)
1969-12-31 18:00:12.441897020,(28 38 62 41 24 20 37 56)
1969-12-31 18:00:12.441897020,(-21 27 5 -11 8 20 -49 -67)
1969-12-31 18:00:12.443962526,(33 -33 -57 -39 -42 -6 36 12)
1969-12-31 18:00:12.443962526,(-63 -66 -21 -16 19 -6 18 5)
1969-12-31 18:00:12.465650339,(36 44 17 16 9 -7 -19 4)
1969-12-31 18:00:12.465650339,(-3 -42 -26 -5 8 39 43 44)
1969-12-31 18:00:12.466683092,(10 26 52 35 15 -31 -70 3)
1969-12-31 18:00:12.466683092,(-19 -5 -6 -7 76 33 30 9)
1969-12-31 18:00:12.480108882,(-18 -55 -78 -36 -65 -16 -31 -27)
1969-12-31 18:00:12.480108882,(20 43 28 14 -4 -29 1 -4)
1969-12-31 18:00:12.487338153,(6 -110 -76 -38 -28 2 41 14)
1969-12-31 18:00:12.487338153,(28 92 94 49 27 53 0 15)
1969-12-31 18:00:12.503862201,(2 -8 -40 -2 8 -32 -1 -48)
1969-12-31 18:00:12.503862201,(-48 29 47 -3 -9 -10 -36 -11)
1969-12-31 18:00:12.505927707,(-36 -34 -26 0 -26 -12 29 -13)
1969-12-31 18:00:12.505927707,(7 4 19 31 32 28 5 50)
1969-12-31 18:00:12.527615521,(5 -48 -56 -35 25 65 51 13)
1969-12-31 18:00:12.527615521,(17 73 72 21 -6 -41 -18 -7)
1969-12-31 18:00:12.528648274,(13 -27 -28 -9 -27 -30 -3 -2)
1969-12-31 18:00:12.528648274,(-5 -105 -94 -40 -10 -3 10 -17)
1969-12-31 18:00:12.542074063,(0 69 79 25 32 18 6 19)
1969-12-31 18:00:12.542074063,(6 7 -57 -21 -44 -16 -1 -24)
1969-12-31 18:00:12.549303334,(-28 11 100 35 44 46 -20 -26)
1969-12-31 18:00:12.549303334,(42 37 6 -1 -52 -42 0 18)
1969-12-31 18:00:12.566860136,(4 -25 -43 -4 16 -11 -9 6)
1969-12-31 18:00:12.566860136,(27 66 77 30 30 34 49 23)
1969-12-31 18:00:12.567892889,(-54 17 -4 -7 -7 -19 -76 -91)
1969-12-31 18:00:12.567892889,(40 -53 -56 -17 -21 -1 7 55)
1969-12-31 18:00:12.589580702,(-66 -21 11 7 35 12 -10 -26)
1969-12-31 18:00:12.589580702,(28 -49 -34 -17 -35 -32 15 -9)
1969-12-31 18:00:12.590613455,(1 76 27 4 -20 -1 0 -1)
1969-12-31 18:00:12.590613455,(-13 -4 8 -27 -93 -80 -52 -83)
1969-12-31 18:00:12.604039245,(29 -31 -22 2 33 18 -49 19)
1969-12-31 18:00:12.604039245,(-36 9 9 4 3 7 -8 -18)
1969-12-31 18:00:12.611268516,(32 -43 -24 15 45 35 53 60)
1969-12-31 18:00:12.611268516,(-21 -13 -54 -21 31 19 -2 -70)
1969-12-31 18:00:12.627792564,(18 18 65 24 -15 -10 21 35)
1969-12-31 18:00:12.627792564,(-54 -11 -13 12 10 -1 -30 -36)
1969-12-31 18:00:12.629858070,(29 -1 -1 -18 -3 11 27 34)
1969-12-31 18:00:12.629858070,(-29 18 3 20 66 47 11 -13)
1969-12-31 18:00:12.651545884,(22 15 5 2 -47 -30 22 10)
1969-12-31 18:00:12.651545884,(24 -27 -17 -7 2 11 -39 -2)
1969-12-31 18:00:12.653611390,(-59 -26 21 0 -2 -52 -14 -73)
1969-12-31 18:00:12.653611390,(23 42 8 -8 -38 15 26 48)
1969-12-31 18:00:12.664971673,(-57 11 35 3 25 -2 21 -17)
1969-12-31 18:00:12.664971673,(15 -33 -56 -20 -1 48 42 42)
1969-12-31 18:00:12.682528474,(-21 -3 -16 -6 -7 -30 -3 -15)
1969-12-31 18:00:12.682528474,(-4 -84 -60 -1 41 24 9 12)
1969-12-31 18:00:12.689757746,(-3 82 84 18 -23 -25 -23 -49)
1969-12-31 18:00:12.689757746,(-15 -35 -50 -21 -23 -11 -6 15)
1969-12-31 18:00:12.691823252,(53 53 25 -14 -29 10 23 23)
1969-12-31 18:00:12.691823252,(-26 -53 25 9 -11 -28 -6 0)
1969-12-31 18:00:12.713511065,(16 61 -26 -9 23 20 6 17)
1969-12-31 18:00:12.713511065,(38 43 62 34 24 24 37 35)
1969-12-31 18:00:12.714543818,(-9 -74 -47 -19 -18 -15 1 13)
1969-12-31 18:00:12.714543818,(23 58 25 31 41 -6 -20 14)
1969-12-31 18:00:12.726936855,(-13 -75 -50 -18 34 43 28 -17)
1969-12-31 18:00:12.726936855,(-69 -1 23 -28 -91 -49 -43 -57)
1969-12-31 18:00:12.736231632,(51 26 -31 -1 1 -22 -5 -14)
1969-12-31 18:00:12.736231632,(-18 -9 -9 0 45 23 -15 -34)
1969-12-31 18:00:12.751722927,(6 -75 -1 15 1 -2 26 27)
1969-12-31 18:00:12.751722927,(-20 87 52 24 15 5 -4 -13)
1969-12-31 18:00:12.753788433,(6 19 -13 -15 -26 10 10 38)
1969-12-31 18:00:12.753788433,(30 -3 14 -9 -31 -16 13 34)
1969-12-31 18:00:12.775476247,(-23 -22 -48 -5 37 27 -29 -81)
1969-12-31 18:00:12.775476247,(-15 -26 23 10 -16 -31 20 8)
1969-12-31 18:00:12.776509000,(-28 78 77 -4 -46 -47 -63 -50)
1969-12-31 18:00:12.776509000,(44 35 -4 12 48 26 -7 26)
1969-12-31 18:00:12.788902036,(-34 -94 -48 -17 -47 -31 -23 -22)
1969-12-31 18:00:12.788902036,(26 25 -9 -37 -19 4 17 24)
1969-12-31 18:00:12.798196813,(-10 -63 -51 -18 -14 13 39 29)
1969-12-31 18:00:12.798196813,(2 76 46 21 32 -1 -6 -16)
1969-12-31 18:00:12.813688109,(6 3 -1 -2 -17 6 -32 7)
1969-12-31 18:00:12.813688109,(-4 -26 -35 4 53 21 -4 -16)
1969-12-31 18:00:12.815753615,(36 -1 22 31 6 27 13 26)
1969-12-31 18:00:12.815753615,(-48 58 79 -3 -49 -38 -14 -32)
1969-12-31 18:00:12.837441428,(62 9 -75 -9 27 11 16 44)
1969-12-31 18:00:12.837441428,(-21 32 72 10 -25 -45 -66 -37)
1969-12-31 18:00:12.838474181,(25 13 4 18 48 47 22 23)
1969-12-31 18:00:12.838474181,(-46 -83 -43 -13 -37 -17 -31 -21)
1969-12-31 18:00:12.860161995,(22 38 6 -14 -13 -8 15 20)
1969-12-31 18:00:12.860161995,(69 58 47 65 122 79 34 59)
1969-12-31 18:00:12.862227501,(-57 -89 -1 -5 -77 -61 1 -18)
1969-12-31 18:00:12.862227501,(-29 32 21 -35 -30 -22 -16 -62)
1969-12-31 18:00:12.875653290,(-42 5 29 -10 2 -17 -15 -18)
1969-12-31 18:00:12.875653290,(24 -72 -110 -49 -36 -56 -29 1)
1969-12-31 18:00:12.877718796,(-10 -17 -16 42 108 68 43 30)
1969-12-31 18:00:12.877718796,(38 -12 -37 -28 -58 -6 17 51)
1969-12-31 18:00:12.898373857,(-75 -12 -1 -19 -33 -28 -32 -47)
1969-12-31 18:00:12.898373857,(-26 -6 5 12 28 22 -3 -54)
1969-12-31 18:00:12.906635881,(11 -95 -112 -33 -10 1 15 29)
1969-12-31 18:00:12.906635881,(-25 48 73 31 -35 -31 9 -9)
1969-12-31 18:00:12.912832399,(67 43 -37 -17 -1 10 -24 56)
1969-12-31 18:00:12.912832399,(-20 21 56 22 6 0 54 74)
1969-12-31 18:00:12.922127176,(-21 94 78 38 41 -4 -83 -102)
1969-12-31 18:00:12.922127176,(55 -88 -92 -8 8 32 26 82)
1969-12-31 18:00:12.937618472,(22 -6 8 -23 -49 -30 27 11)
1969-12-31 18:00:12.937618472,(-18 13 42 4 -12 -19 -9 7)
1969-12-31 18:00:12.939683978,(-5 -34 -66 -17 85 59 -23 -23)
1969-12-31 18:00:12.939683978,(-21 7 34 12 -53 -27 11 43)
1969-12-31 18:00:12.968601062,(12 -1 14 -2 -13 -5 3 -28)
1969-12-31 18:00:12.968601062,(-48 -93 -71 -32 -43 -7 -34 -36)
1969-12-31 18:00:12.970666568,(-13 -40 -24 -27 5 -15 14 24)
1969-12-31 18:00:12.970666568,(38 37 -19 20 79 48 23 21)
1969-12-31 18:00:12.974797580,(-39 24 75 33 12 6 23 19)
1969-12-31 18:00:12.974797580,(15 30 19 3 -1 3 15 -11)
1969-12-31 18:00:12.984092358,(0 71 25 14 -13 4 6 18)
1969-12-31 18:00:12.984092358,(-33 -128 -128 -63 -3 -4 -17 -33)
1969-12-31 18:00:12.999583653,(44 96 58 26 3 16 -1 16)
1969-12-31 18:00:12.999583653,(33 77 56 49 60 20 22 -11)
1969-12-31 18:00:13.001649159,(29 32 2 -32 -79 -61 -1 -22)
1969-12-31 18:00:13.001649159,(-76 -91 15 8 -4 3 -14 -33)
1969-12-31 18:00:13.023336973,(-34 -58 -49 -43 -54 -59 -62 -83)
1969-12-31 18:00:13.023336973,(15 -45 -64 -19 14 11 24 6)
1969-12-31 18:00:13.024369726,(15 -28 -21 -6 26 34 -13 -3)
1969-12-31 18:00:13.024369726,(-6 51 28 14 6 -30 27 -21)
1969-12-31 18:00:13.036762762,(-25 -63 -26 1 8 4 8 23)
1969-12-31 18:00:13.036762762,(2 -13 -27 -27 -34 -14 -38 0)
1969-12-31 18:00:13.046057539,(0 -38 -9 -9 -18 -28 -1 21)
1969-12-31 18:00:13.046057539,(-7 127 118 60 49 32 3 -11)
1969-12-31 18:00:13.061548834,(54 25 1 18 44 30 23 71)
1969-12-31 18:00:13.061548834,(-8 -46 -24 -7 -17 -14 -11 -54)
1969-12-31 18:00:13.063614340,(-30 -39 -39 -15 -21 -5 -11 -28)
1969-12-31 18:00:13.063614340,(15 8 -1 -20 4 7 -23 -7)
1969-12-31 18:00:13.085302154,(21 29 12 22 27 11 22 45)
1969-12-31 18:00:13.085302154,(26 58 40 6 -21 28 4 23)
1969-12-31 18:00:13.086334907,(-10 22 37 28 24 7 -4 5)
1969-12-31 18:00:13.086334907,(25 -14 -16 -27 -44 -42 2 -2)
1969-12-31 18:00:13.098727943,(-26 -57 -50 -37 -53 -18 -2 -17)
1969-12-31 18:00:13.098727943,(16 -33 -35 -16 -1 -4 22 11)
1969-12-31 18:00:13.116284745,(-27 18 40 38 66 29 14 41)
1969-12-31 18:00:13.116284745,(4 22 -15 -5 -23 -7 -5 -55)
1969-12-31 18:00:13.123514016,(-16 1 6 -14 -20 -14 -22 -46)
1969-12-31 18:00:13.123514016,(-18 -30 -42 -13 14 9 11 3)
1969-12-31 18:00:13.124546769,(-49 12 66 15 -7 -1 8 8)
1969-12-31 18:00:13.125579522,(57 20 -19 2 16 7 14 95)
1969-12-31 18:00:13.147267335,(-43 -48 -56 -16 -7 -14 -39 -74)
1969-12-31 18:00:13.147267335,(-9 32 62 16 2 0 -1 -4)
1969-12-31 18:00:13.148300089,(22 -16 -59 -28 -17 -12 -5 -8)
1969-12-31 18:00:13.148300089,(1 -20 -30 0 20 18 6 24)
1969-12-31 18:00:13.160693125,(29 75 78 28 -1 -9 3 8)
1969-12-31 18:00:13.160693125,(-34 -45 -31 -13 -25 -23 -14 5)
1969-12-31 18:00:13.187544703,(23 -12 -21 -12 8 13 24 26)
1969-12-31 18:00:13.187544703,(16 25 32 19 37 36 8 -1)
1969-12-31 18:00:13.188577456,(38 -6 -24 -29 -77 -45 -55 27)
1969-12-31 18:00:13.188577456,(-71 -43 -35 -22 26 -2 -13 -77)
1969-12-31 18:00:13.191675716,(14 28 39 38 6 -4 7 13)
1969-12-31 18:00:13.191675716,(25 -6 -33 -5 39 32 9 -1)
1969-12-31 18:00:13.209232517,(-42 26 65 56 61 14 11 -25)
1969-12-31 18:00:13.209232517,(19 -8 -41 -40 -99 -61 -54 -2)
1969-12-31 18:00:13.210265270,(-41 -5 24 -14 -14 10 4 -20)
1969-12-31 18:00:13.210265270,(29 2 16 7 -4 -10 -2 23)
1969-12-31 18:00:13.222658306,(47 43 -9 9 27 30 31 36)
1969-12-31 18:00:13.222658306,(-31 40 78 34 28 12 -10 -21)
1969-12-31 18:00:13.232985837,(45 -24 -63 -27 -17 -16 -9 -12)
1969-12-31 18:00:13.232985837,(-20 -6 26 -4 -23 -13 -17 5)
1969-12-31 18:00:13.255706403,(-26 -67 -42 -14 9 8 21 12)
1969-12-31 18:00:13.255706403,(45 -10 -21 7 50 40 17 45)
1969-12-31 18:00:13.256739156,(8 10 -11 -100 -126 -92 -26 0)
1969-12-31 18:00:13.256739156,(-17 11 34 87 95 30 -3 -27)
1969-12-31 18:00:13.271197698,(-38 -26 -20 -3 -2 -6 -20 -28)
1969-12-31 18:00:13.271197698,(0 -8 -4 15 21 20 8 5)
1969-12-31 18:00:13.272230451,(11 30 24 0 -59 -23 -12 1)
1969-12-31 18:00:13.272230451,(-6 -8 -22 -17 20 3 17 3)
1969-12-31 18:00:13.284623488,(52 26 25 25 24 37 32 48)
1969-12-31 18:00:13.284623488,(6 -1 2 8 5 0 13 -22)
1969-12-31 18:00:13.293918265,(11 0 -9 -4 3 13 11 -27)
1969-12-31 18:00:13.293918265,(-39 -4 -9 -40 -61 -61 -87 -93)
1969-12-31 18:00:13.309409560,(19 2 14 2 9 2 20 53)
1969-12-31 18:00:13.309409560,(-13 -16 -9 -19 6 37 28 63)
1969-12-31 18:00:13.315606078,(30 18 0 22 30 38 37 16)
1969-12-31 18:00:13.315606078,(-53 -40 -8 -15 -52 -62 0 -24)
1969-12-31 18:00:13.333162880,(-7 14 9 -3 -2 -16 -36 -36)
1969-12-31 18:00:13.333162880,(-5 -13 -12 -6 -13 -9 -7 -3)
1969-12-31 18:00:13.334195632,(62 38 12 23 46 32 16 28)
1969-12-31 18:00:13.334195632,(40 0 -1 -2 9 48 32 28)
1969-12-31 18:00:13.355883446,(-54 -18 -8 -24 -33 -29 -25 -38)
1969-12-31 18:00:13.355883446,(-3 25 27 12 6 -6 10 -1)
1969-12-31 18:00:13.357948952,(-31 -26 -11 9 10 11 -12 -15)
1969-12-31 18:00:13.357948952,(58 20 3 -8 -14 -5 7 41)
1969-12-31 18:00:13.370341989,(-22 -19 -18 -9 -10 3 5 -31)
1969-12-31 18:00:13.370341989,(0 -13 -11 -11 -16 -21 -18 -10)
1969-12-31 18:00:13.379636766,(1 3 -6 -45 -42 1 -20 11)
1969-12-31 18:00:13.379636766,(8 13 17 58 67 18 -11 11)
1969-12-31 18:00:13.395128061,(7 -2 7 28 6 12 62 1)
1969-12-31 18:00:13.395128061,(-30 -2 -5 -1 -9 -32 -7 -14)
1969-12-31 18:00:13.396160814,(32 8 2 13 3 5 -31 -3)
1969-12-31 18:00:13.396160814,(1 -5 -5 -29 -29 -29 12 18)
1969-12-31 18:00:13.417848628,(10 17 12 1 20 55 35 44)
1969-12-31 18:00:13.417848628,(5 -5 -11 -10 -16 -31 -22 -57)
1969-12-31 18:00:13.419914134,(-9 -24 -19 -18 -4 -5 2 -15)
1969-12-31 18:00:13.419914134,(-5 13 10 -8 -11 -2 -10 -15)
1969-12-31 18:00:13.433339923,(49 2 4 10 21 36 20 32)
1969-12-31 18:00:13.433339923,(0 25 5 -5 -13 -26 5 15)
1969-12-31 18:00:13.435405429,(-73 -47 -14 8 17 -8 -9 -16)
1969-12-31 18:00:13.435405429,(-18 7 -2 -6 -12 12 4 -29)
1969-12-31 18:00:13.457093243,(-37 -24 -11 -17 -20 -7 -7 -14)
1969-12-31 18:00:13.457093243,(88 26 11 10 14 6 -6 76)
1969-12-31 18:00:13.458125996,(-13 17 5 18 10 -15 -3 -45)
1969-12-31 18:00:13.458125996,(-55 -6 14 5 -5 24 28 31)
1969-12-31 18:00:13.479813809,(-14 -19 -26 -27 -16 -25 -39 -29)
1969-12-31 18:00:13.479813809,(1 -12 -13 -4 0 2 10 -9)
1969-12-31 18:00:13.481879315,(-9 -3 4 16 13 10 12 40)
1969-12-31 18:00:13.481879315,(20 8 3 -12 -20 -9 -24 1)
1969-12-31 18:00:13.510796400,(86 50 31 18 18 2 11 60)
1969-12-31 18:00:13.510796400,(-99 -55 -40 -16 -8 -3 -31 -102)
1969-12-31 18:00:13.512861906,(19 4 7 4 1 -4 2 12)
1969-12-31 18:00:13.512861906,(-17 -15 -9 -10 -8 -9 -4 -11)
1969-12-31 18:00:13.519058424,(-31 -20 -1 4 6 2 5 23)
1969-12-31 18:00:13.519058424,(10 -1 6 5 2 4 -7 -22)
1969-12-31 18:00:13.520091177,(-25 8 -3 -2 -2 -8 -3 -19)
1969-12-31 18:00:13.520091177,(-5 -19 -16 -15 -12 -2 -15 -18)
1969-12-31 18:00:13.541778991,(2 10 6 6 5 -9 -1 -6)
1969-12-31 18:00:13.541778991,(-3 0 2 1 3 17 12 18)
1969-12-31 18:00:13.543844497,(-4 3 9 8 5 1 -1 -2)
1969-12-31 18:00:13.543844497,(2 -1 0 1 -3 1 0 -2)
1969-12-31 18:00:13.556237533,(-3 3 -15 -18 -15 -18 -14 -15)
1969-12-31 18:00:13.556237533,(0 -4 6 0 0 3 4 15)
1969-12-31 18:00:13.563466804,(27 9 6 10 9 5 5 14)
1969-12-31 18:00:13.563466804,(-16 -14 -11 -8 -8 -9 -13 -5)
1969-12-31 18:00:13.579990853,(-24 -9 -1 -2 -1 -6 -4 -5)
1969-12-31 18:00:13.579990853,(30 23 12 9 10 15 12 15)
1969-12-31 18:00:13.588252877,(13 13 9 14 8 6 8 7)
1969-12-31 18:00:13.588252877,(-1 -12 -11 -12 -12 -5 -7 -12)
1969-12-31 18:00:13.612006197,(-7 3 -6 -6 -5 -12 -12 -20)
1969-12-31 18:00:13.612006197,(7 -3 1 -1 2 10 8 27)
1969-12-31 18:00:13.613038950,(-3 9 -8 -6 0 0 1 -1)
1969-12-31 18:00:13.613038950,(-15 -14 -1 -2 -2 -3 -4 -14)
1969-12-31 18:00:13.618202715,(8 -13 2 2 -2 -3 -8 -10)
1969-12-31 18:00:13.618202715,(-22 -6 -8 1 4 6 5 10)
1969-12-31 18:00:13.627497492,(-22 -11 2 2 -3 -6 -9 -21)
1969-12-31 18:00:13.627497492,(27 22 21 10 1 4 2 8)
1969-12-31 18:00:13.642988787,(6 7 -7 1 -1 -5 -1 1)
1969-12-31 18:00:13.642988787,(5 -1 4 2 -1 2 4 4)
1969-12-31 18:00:13.644021540,(-6 -15 -16 -10 0 1 -4 -6)
1969-12-31 18:00:13.644021540,(-19 -12 -10 -8 -5 -6 -13 -22)
1969-12-31 18:00:13.665709354,(-11 -4 -5 -10 -8 -9 -5 -16)
1969-12-31 18:00:13.665709354,(5 -3 -3 6 5 3 -2 0)
1969-12-31 18:00:13.667774860,(7 -1 -10 -9 -3 0 5 10)
1969-12-31 18:00:13.667774860,(0 16 31 14 3 -2 1 -2)
1969-12-31 18:00:13.680167896,(-13 -6 0 1 0 -3 -3 -8)
1969-12-31 18:00:13.680167896,(21 2 -17 -8 -3 4 4 6)
1969-12-31 18:00:13.689462673,(-6 -5 -1 -4 -3 -3 -3 -1)
1969-12-31 18:00:13.689462673,(0 -7 2 6 -1 -1 -8 -4)
1969-12-31 18:00:13.704953969,(-6 -4 -10 -2 0 -2 9 -5)
1969-12-31 18:00:13.704953969,(2 -16 -14 -10 -4 -2 -8 -7)
1969-12-31 18:00:13.705986722,(-14 10 37 16 6 5 2 1)
1969-12-31 18:00:13.705986722,(3 7 -14 -12 -7 -4 -2 0)
1969-12-31 18:00:13.727674535,(-1 9 24 17 5 0 7 2)
1969-12-31 18:00:13.727674535,(14 -11 -27 -13 -3 -1 -15 -10)
1969-12-31 18:00:13.729740041,(-15 7 7 -2 -3 -8 -9 -10)
1969-12-31 18:00:13.729740041,(2 -44 -30 -6 3 6 5 9)
1969-12-31 18:00:13.742133078,(-7 8 -6 -2 -3 0 5 0)
1969-12-31 18:00:13.742133078,(-2 34 54 22 5 5 3 3)
1969-12-31 18:00:13.751427855,(6 -12 -25 -5 0 5 4 -1)
1969-12-31 18:00:13.751427855,(1 19 -4 -5 -4 -3 6 -3)
1969-12-31 18:00:13.766919150,(-3 -37 -35 -22 -11 -10 -35 -8)
1969-12-31 18:00:13.766919150,(3 -4 0 5 4 2 17 10)
1969-12-31 18:00:13.767951903,(3 20 23 9 2 1 -5 5)
1969-12-31 18:00:13.767951903,(2 5 -3 0 1 -1 1 0)
1969-12-31 18:00:13.797901741,(-6 -4 9 4 3 3 -1 -10)
1969-12-31 18:00:13.797901741,(-1 -24 -30 -13 -5 -1 -2 -1)
1969-12-31 18:00:13.798934494,(2 4 6 -3 -3 -5 -8 -2)
1969-12-31 18:00:13.798934494,(-2 26 18 11 6 9 12 3)
1969-12-31 18:00:13.804098259,(13 -23 -24 -8 -5 -2 2 4)
1969-12-31 18:00:13.804098259,(-7 59 65 17 4 1 -6 0)
1969-12-31 18:00:13.813393036,(-9 -43 -37 -10 -3 0 0 -10)
1969-12-31 18:00:13.813393036,(0 -10 -6 -5 -5 -3 -10 -2)
1969-12-31 18:00:13.828884332,(3 28 24 11 1 3 -7 -6)
1969-12-31 18:00:13.828884332,(5 -18 -16 -5 -2 1 8 5)
1969-12-31 18:00:13.829917085,(18 18 -11 -15 -7 -2 -1 7)
1969-12-31 18:00:13.829917085,(-25 -18 14 14 8 1 -6 -8)
1969-12-31 18:00:13.850572145,(-12 -41 -20 -16 -7 1 2 0)
1969-12-31 18:00:13.850572145,(4 27 21 8 0 -5 0 1)
1969-12-31 18:00:13.859866922,(-5 16 23 14 3 2 0 -3)
1969-12-31 18:00:13.859866922,(4 16 -4 -12 -5 -1 -5 -8)
1969-12-31 18:00:13.867096194,(14 14 -4 3 0 -4 2 5)
1969-12-31 18:00:13.867096194,(-14 -72 -46 -10 -1 -1 0 0)
1969-12-31 18:00:13.875358218,(13 60 46 16 5 -2 5 4)
1969-12-31 18:00:13.875358218,(0 -11 -11 -7 -3 0 11 7)
1969-12-31 18:00:13.890849513,(-18 -21 -5 -5 1 -6 -11 -5)
1969-12-31 18:00:13.890849513,(0 -4 -27 -29 -10 -5 -3 -1)
1969-12-31 18:00:13.891882266,(3 -23 -16 6 4 -2 7 1)
1969-12-31 18:00:13.891882266,(-12 9 -4 -20 -7 -6 4 -6)
1969-12-31 18:00:13.913570080,(18 29 47 26 6 -3 -13 3)
1969-12-31 18:00:13.913570080,(8 24 3 16 11 9 6 2)
1969-12-31 18:00:13.915635586,(-20 -74 -37 -32 -14 -5 -2 -1)
1969-12-31 18:00:13.915635586,(23 65 30 17 3 0 -3 -2)
1969-12-31 18:00:13.928028622,(6 51 40 13 3 3 7 0)
1969-12-31 18:00:13.928028622,(-5 2 -15 -11 -6 -4 -3 -5)
1969-12-31 18:00:13.936290646,(-6 -32 -12 0 2 5 -3 5)
1969-12-31 18:00:13.936290646,(-3 -27 -7 -9 -4 -4 -2 -4)
1969-12-31 18:00:13.952814695,(-9 -19 -12 -12 -3 1 2 -1)
1969-12-31 18:00:13.952814695,(6 36 49 19 3 -1 -1 -5)
1969-12-31 18:00:13.953847448,(-20 -55 -39 -22 -9 -9 -5 -7)
1969-12-31 18:00:13.953847448,(0 4 -2 -6 -2 -4 -3 2)
1969-12-31 18:00:13.953847448,(7 5 -5 -13 16 -30 -24 -2)
1969-12-31 18:00:13.953847448,(27 20 8 0 -13 6 19 13)
1969-12-31 18:00:13.954880201,(-6 -3 -1 3 6 0 -13 -5)
1969-12-31 18:00:13.954880201,(0 5 15 31 39 32 22 5)
1969-12-31 18:00:13.977600767,(15 13 7 6 -13 -31 9 8)
1969-12-31 18:00:13.977600767,(-1 -5 -1 2 24 50 38 11)
1969-12-31 18:00:13.978633520,(1 -6 -14 -16 -25 -22 -30 -9)
1969-12-31 18:00:13.978633520,(-17 -14 -13 -22 -3 1 -5 -3)
1969-12-31 18:00:13.992059310,(-12 -13 -1 -9 -13 -12 7 -2)
1969-12-31 18:00:13.992059310,(15 13 -7 -8 -7 -36 14 6)
1969-12-31 18:00:14.000321334,(-6 2 10 0 2 22 5 4)
1969-12-31 18:00:14.000321334,(8 -2 -18 -10 4 -65 3 4)
1969-12-31 18:00:14.016845382,(2 -1 9 9 7 37 12 -3)
1969-12-31 18:00:14.016845382,(2 8 14 30 3 20 8 1)
1969-12-31 18:00:14.016845382,(12 6 -1 0 3 12 -22 -4)
1969-12-31 18:00:14.016845382,(-2 -4 9 14 6 8 -6 -1)
1969-12-31 18:00:14.032336677,(-18 -7 -11 -18 -12 -33 -18 -7)
1969-12-31 18:00:14.032336677,(12 8 -2 -23 -8 12 8 0)
1969-12-31 18:00:14.038533196,(1 1 2 5 4 15 35 7)
1969-12-31 18:00:14.038533196,(5 -3 -5 -2 0 -20 -38 -2)
1969-12-31 18:00:14.054024491,(1 -5 -10 -21 -20 5 3 -4)
1969-12-31 18:00:14.054024491,(-10 -5 -5 11 9 4 -19 -8)
1969-12-31 18:00:14.062286515,(1 -2 12 -3 -11 -10 -8 0)
1969-12-31 18:00:14.062286515,(-2 7 13 8 3 26 27 -2)
1969-12-31 18:00:14.078810564,(1 2 13 20 1 1 -22 -2)
1969-12-31 18:00:14.078810564,(-9 -7 -5 5 8 -8 -21 -8)
1969-12-31 18:00:14.078810564,(3 1 -1 5 1 9 14 3)
1969-12-31 18:00:14.078810564,(4 2 0 -5 -10 1 -6 -3)
1969-12-31 18:00:14.094301859,(-4 -2 -2 6 2 18 -7 2)
1969-12-31 18:00:14.094301859,(-2 -6 -2 -10 -8 -7 -1 -3)
1969-12-31 18:00:14.100498377,(4 0 -6 -4 -3 -6 -6 -5)
1969-12-31 18:00:14.100498377,(-2 -2 -2 2 -4 10 -3 -2)
1969-12-31 18:00:14.115989672,(1 0 -2 3 3 -4 -2 0)
1969-12-31 18:00:14.117022425,(-3 -7 -4 -8 -5 -4 5 3)
1969-12-31 18:00:14.124251697,(5 9 5 4 2 -2 -2 0)
1969-12-31 18:00:14.124251697,(-1 -1 2 6 3 -9 -6 -2)
1969-12-31 18:00:14.140775745,(1 -3 -6 -2 0 4 7 -2)
1969-12-31 18:00:14.140775745,(-1 -2 -1 -6 -4 -8 -3 0)
1969-12-31 18:00:14.140775745,(-11 -5 -4 1 1 -3 -8 -3)
1969-12-31 18:00:14.140775745,(2 3 0 1 1 -2 8 2)
1969-12-31 18:00:14.156267040,(1 0 0 2 1 -2 0 -1)
1969-12-31 18:00:14.156267040,(0 4 6 -1 1 4 -3 -2)
1969-12-31 18:00:14.162463559,(4 3 2 0 3 -5 1 5)
1969-12-31 18:00:14.162463559,(-6 -8 -5 -5 -4 -3 0 -8)
1969-12-31 18:00:14.177954854,(-5 -3 0 0 -2 2 -1 -4)
1969-12-31 18:00:14.177954854,(-2 4 6 2 1 -2 -5 2)
1969-12-31 18:00:14.186216878,(7 3 1 4 3 2 3 7)
1969-12-31 18:00:14.186216878,(1 0 -2 -2 0 -3 1 3)
1969-12-31 18:00:14.203773680,(-2 -7 -8 -3 -1 -1 -2 -2)
1969-12-31 18:00:14.203773680,(2 -2 -6 -2 -2 -7 1 0)
1969-12-31 18:00:14.204806433,(0 3 -3 -3 2 -4 1 1)
1969-12-31 18:00:14.204806433,(4 0 -3 0 1 1 3 6)
1969-12-31 18:00:14.218232222,(4 7 12 6 4 -1 5 10)
1969-12-31 18:00:14.218232222,(-8 -11 -8 -6 -2 -5 -3 -16)
1969-12-31 18:00:14.224428740,(-7 9 5 -1 0 -4 -3 -9)
1969-12-31 18:00:14.224428740,(-11 -1 -2 -2 -1 -2 3 0)
1969-12-31 18:00:14.239920035,(12 -5 -2 -2 -1 0 3 16)
1969-12-31 18:00:14.239920035,(2 -7 -11 -10 -7 -4 9 4)
1969-12-31 18:00:14.248182060,(0 15 8 5 2 -3 -18 -9)
1969-12-31 18:00:14.248182060,(-3 -2 -4 -5 -1 -1 2 -3)
1969-12-31 18:00:14.264706108,(11 6 -7 -6 -2 2 9 36)
1969-12-31 18:00:14.264706108,(0 2 18 7 0 -3 -6 -31)
1969-12-31 18:00:14.264706108,(-23 -14 -5 -3 2 2 4 3)
1969-12-31 18:00:14.264706108,(-12 3 0 -1 -4 -5 -8 -19)
1969-12-31 18:00:14.287426675,(-4 -11 -7 -4 -1 1 8 36)
1969-12-31 18:00:14.287426675,(23 15 5 5 3 5 -3 -9)
1969-12-31 18:00:14.288459428,(-21 -18 -9 -2 -2 -6 -10 -17)
1969-12-31 18:00:14.288459428,(8 -3 0 -2 -2 0 4 18)
1969-12-31 18:00:14.310147241,(1 6 1 0 0 3 -8 -40)
1969-12-31 18:00:14.310147241,(34 5 -4 -3 -2 -1 10 55)
1969-12-31 18:00:14.311179994,(-35 -4 -1 -1 -1 -5 5 2)
1969-12-31 18:00:14.311179994,(8 -6 -6 -2 -4 -5 -3 -17)
1969-12-31 18:00:14.333900561,(-16 -11 -5 -5 -3 -8 -15 -34)
1969-12-31 18:00:14.333900561,(-24 4 3 -2 -1 6 4 -29)
1969-12-31 18:00:14.334933314,(23 -7 -3 0 -1 2 -5 23)
1969-12-31 18:00:14.334933314,(-9 -2 9 4 4 0 -4 20)
1969-12-31 18:00:14.349391856,(4 6 2 -1 -4 7 -4 -22)
1969-12-31 18:00:14.349391856,(2 3 2 1 -4 -14 -24 -21)
1969-12-31 18:00:14.350424609,(15 -7 -10 -6 0 22 8 7)
1969-12-31 18:00:14.350424609,(23 9 3 2 -1 -16 -5 -5)
1969-12-31 18:00:14.373145176,(-19 -5 -5 -2 -5 4 -3 16)
1969-12-31 18:00:14.373145176,(-35 1 2 3 -9 -30 33 5)
1969-12-31 18:00:14.373145176,(9 8 2 0 8 -7 -45 -8)
1969-12-31 18:00:14.374177929,(10 -10 -9 -9 -12 -14 -9 -16)
1969-12-31 18:00:14.395865742,(-56 -40 -16 -13 -12 -1 -29 -30)
1969-12-31 18:00:14.395865742,(12 6 4 2 4 7 7 20)
1969-12-31 18:00:14.396898495,(-11 6 4 2 -3 9 5 -10)
1969-12-31 18:00:14.396898495,(-8 -10 -6 -1 4 51 -10 -54)
1969-12-31 18:00:14.411357037,(16 16 5 5 -2 -64 -14 25)
1969-12-31 18:00:14.411357037,(-5 -16 -8 -5 -13 23 29 53)
1969-12-31 18:00:14.412389790,(-6 -11 -4 -3 -9 -40 -16 -6)
1969-12-31 18:00:14.412389790,(-26 2 -5 -5 -4 -4 -45 -35)
1969-12-31 18:00:14.435110357,(2 -7 -5 -2 6 33 33 1)
1969-12-31 18:00:14.435110357,(-1 -6 1 0 4 -4 -14 20)
1969-12-31 18:00:14.435110357,(10 -5 -3 0 0 8 28 27)
1969-12-31 18:00:14.435110357,(19 8 1 0 0 -5 2 54)
1969-12-31 18:00:14.457830924,(-5 -1 -5 -4 -6 -14 -11 -13)
1969-12-31 18:00:14.457830924,(-4 -5 -8 -6 2 4 -1 -11)
1969-12-31 18:00:14.458863677,(13 -4 -5 -7 -4 0 11 4)
1969-12-31 18:00:14.458863677,(-6 -1 7 9 12 10 29 42)
1969-12-31 18:00:14.473322219,(38 18 8 4 5 31 14 -2)
1969-12-31 18:00:14.473322219,(-20 -14 -9 -3 -2 -19 -34 -41)
1969-12-31 18:00:14.474354972,(-70 -27 -22 -17 -23 -38 6 -16)
1969-12-31 18:00:14.474354972,(8 9 5 0 -3 -24 26 62)
1969-12-31 18:00:14.497075539,(-9 8 6 3 7 19 -2 -9)
1969-12-31 18:00:14.497075539,(-7 -15 -15 -15 -10 14 14 31)
1969-12-31 18:00:14.497075539,(47 28 19 11 9 5 9 21)
1969-12-31 18:00:14.497075539,(-8 -24 -22 -15 -11 9 1 27)
1969-12-31 18:00:14.519796105,(13 -5 -5 -7 -14 -51 13 7)
1969-12-31 18:00:14.519796105,(-12 9 7 5 3 -30 -25 -61)
1969-12-31 18:00:14.520828858,(5 -5 -10 -9 -3 35 -16 14)
1969-12-31 18:00:14.520828858,(40 16 6 2 -2 -8 31 57)
1969-12-31 18:00:14.535287400,(-26 -1 8 8 9 15 -5 -30)
1969-12-31 18:00:14.535287400,(-3 -4 -5 -3 -2 1 2 3)
1969-12-31 18:00:14.536320153,(9 7 10 11 9 -3 17 11)
1969-12-31 18:00:14.536320153,(-12 -7 -6 -4 -3 -2 -8 -72)
1969-12-31 18:00:14.559040720,(70 18 11 12 15 29 29 79)
1969-12-31 18:00:14.559040720,(-2 12 15 16 13 4 3 3)
1969-12-31 18:00:14.559040720,(15 22 -3 -6 -6 -12 -25 -52)
1969-12-31 18:00:14.559040720,(0 10 9 8 5 1 -20 -11)
1969-12-31 18:00:14.581761287,(-13 -20 -1 3 2 14 24 -15)
1969-12-31 18:00:14.581761287,(-8 -21 -9 -7 -3 25 -33 -14)
1969-12-31 18:00:14.582794040,(14 2 8 6 8 -20 20 16)
1969-12-31 18:00:14.582794040,(-32 -8 -11 -14 -22 -57 -35 -91)
1969-12-31 18:00:14.598285335,(-4 8 2 -3 -4 13 12 -11)
1969-12-31 18:00:14.598285335,(-15 0 0 -1 1 -14 -48 -26)
1969-12-31 18:00:14.605514606,(-1 0 -1 0 -2 16 -14 -19)
1969-12-31 18:00:14.605514606,(-19 -5 -1 3 3 3 3 -18)
1969-12-31 18:00:14.621005901,(5 -3 -6 -3 1 -1 -1 55)
1969-12-31 18:00:14.621005901,(35 11 2 0 5 27 51 94)
1969-12-31 18:00:14.621005901,(12 -7 6 3 8 10 -2 -4)
1969-12-31 18:00:14.621005901,(20 15 0 -4 -3 -2 -4 -23)
1969-12-31 18:00:14.643726468,(-23 -6 -9 -8 -4 5 -8 -44)
1969-12-31 18:00:14.643726468,(36 3 4 5 3 -14 20 56)
1969-12-31 18:00:14.644759221,(-48 -15 -9 -7 -5 -10 -40 -60)
1969-12-31 18:00:14.644759221,(17 -8 5 8 9 19 27 66)
1969-12-31 18:00:14.668512541,(-16 2 -1 -1 -6 -15 -38 -66)
1969-12-31 18:00:14.668512541,(19 20 8 4 3 -13 33 -4)
1969-12-31 18:00:14.669545294,(-16 -12 -5 -3 -2 -3 0 30)
1969-12-31 18:00:14.669545294,(-2 -8 -1 -2 -5 -4 18 -1)
1969-12-31 18:00:14.674709059,(-34 -10 -13 -12 -13 -15 -51 -89)
1969-12-31 18:00:14.674709059,(-7 0 2 1 1 7 34 9)
1969-12-31 18:00:14.681938330,(23 -9 -5 -3 -1 24 22 13)
1969-12-31 18:00:14.681938330,(4 12 3 2 3 0 12 8)
1969-12-31 18:00:14.697429625,(-16 -2 0 1 -3 -13 54 127)
1969-12-31 18:00:14.697429625,(-43 -18 -14 -13 -9 0 -60 -128)
1969-12-31 18:00:14.704658896,(-17 -6 2 2 4 17 9 -13)
1969-12-31 18:00:14.704658896,(35 14 11 7 7 10 -4 -3)
1969-12-31 18:00:14.713953674,(-32 -20 -10 -5 -5 -8 3 38)
1969-12-31 18:00:14.713953674,(-1 7 -9 -9 -11 -4 -6 -14)
1969-12-31 18:00:14.720150192,(8 2 2 1 4 9 9 24)
1969-12-31 18:00:14.720150192,(13 2 4 5 6 7 5 42)
1969-12-31 18:00:14.736674240,(20 -3 1 1 2 13 2 -43)
1969-12-31 18:00:14.736674240,(58 11 4 2 2 6 19 92)
1969-12-31 18:00:14.743903511,(9 5 3 0 -4 -26 -13 -65)
1969-12-31 18:00:14.743903511,(-10 -7 -1 1 -1 -1 -67 -63)
1969-12-31 18:00:14.759394807,(11 -2 -12 -13 -9 -16 -8 -4)
1969-12-31 18:00:14.759394807,(13 8 8 6 4 3 -4 -3)
1969-12-31 18:00:14.775918855,(43 28 15 13 10 9 37 55)
1969-12-31 18:00:14.775918855,(-47 -22 -19 -19 -16 -23 -12 -20)
1969-12-31 18:00:14.777984361,(21 15 7 7 4 3 20 2)
1969-12-31 18:00:14.777984361,(-16 -16 -8 -6 -7 -19 -39 -40)
1969-12-31 18:00:14.782115373,(-18 -21 -3 0 -2 -4 8 17)
1969-12-31 18:00:14.782115373,(-16 30 3 1 -2 4 -15 -48)
1969-12-31 18:00:14.797606669,(50 15 10 10 13 12 11 40)
1969-12-31 18:00:14.797606669,(-101 -47 -21 -17 -14 -22 -26 -98)
1969-12-31 18:00:14.805868693,(3 -20 -12 -11 -9 -11 -21 6)
1969-12-31 18:00:14.805868693,(9 -6 3 4 8 14 42 75)
1969-12-31 18:00:14.821359988,(-6 23 17 12 9 -10 -9 -71)
1969-12-31 18:00:14.821359988,(5 0 -4 -5 -2 45 -13 -10)
1969-12-31 18:00:14.828589259,(-10 -3 -2 -2 1 19 6 -11)
1969-12-31 18:00:14.828589259,(-12 -5 0 1 2 6 -4 20)
1969-12-31 18:00:14.845113308,(32 14 12 6 4 3 1 42)
1969-12-31 18:00:14.845113308,(-5 4 5 4 3 -11 30 63)
1969-12-31 18:00:14.846146061,(-44 -19 -15 -13 -12 -15 -41 -54)
1969-12-31 18:00:14.846146061,(-16 -8 -1 2 4 20 14 -30)
1969-12-31 18:00:14.859571850,(2 -2 6 5 5 5 -7 10)
1969-12-31 18:00:14.859571850,(9 11 -6 -6 -6 -9 -7 -7)
1969-12-31 18:00:14.867833874,(2 17 -3 -4 -5 -4 1 -1)
1969-12-31 18:00:14.867833874,(-55 -38 -10 -5 -5 -12 -3 -23)
1969-12-31 18:00:14.883325170,(10 3 5 3 5 -3 -17 -69)
1969-12-31 18:00:14.883325170,(9 -11 -4 -5 -6 -5 -34 -69)
1969-12-31 18:00:14.890554441,(16 21 12 11 7 8 34 43)
1969-12-31 18:00:14.890554441,(16 -3 -8 -9 -9 -16 -27 -53)
1969-12-31 18:00:14.907078489,(48 8 -3 -2 7 51 24 54)
1969-12-31 18:00:14.907078489,(-37 -13 -8 -7 -11 -24 -28 -77)
1969-12-31 18:00:14.908111242,(-4 2 2 2 -3 -8 32 43)
1969-12-31 18:00:14.908111242,(7 -2 -2 -1 2 1 -12 37)
1969-12-31 18:00:14.921537032,(23 2 -1 2 2 3 -14 44)
1969-12-31 18:00:14.921537032,(-7 6 1 1 2 -1 1 -24)
1969-12-31 18:00:14.929799056,(-1 -7 -7 -6 -8 -16 -19 -28)
1969-12-31 18:00:14.929799056,(3 5 7 5 5 11 17 1)
1969-12-31 18:00:14.953552375,(32 38 8 1 3 -2 12 34)
1969-12-31 18:00:14.953552375,(-44 -42 -6 -2 -5 -53 -7 -6)
1969-12-31 18:00:14.954585128,(0 2 2 6 10 41 -13 -54)
1969-12-31 18:00:14.954585128,(-2 -2 -7 -6 -8 -14 11 -15)
1969-12-31 18:00:14.969043671,(-2 -12 -5 -3 -5 -3 -8 -4)
1969-12-31 18:00:14.969043671,(78 48 21 16 15 16 21 117)
1969-12-31 18:00:14.970076424,(-27 -22 -15 -14 -15 -17 -42 -71)
1969-12-31 18:00:14.970076424,(38 19 12 8 8 16 28 84)
1969-12-31 18:00:14.983502213,(-95 -36 -22 -20 -21 -51 -53 -104)
1969-12-31 18:00:14.983502213,(9 3 3 2 7 31 26 18)
1969-12-31 18:00:14.991764237,(2 -5 -4 -2 -2 3 14 -15)
1969-12-31 18:00:14.991764237,(-10 2 3 1 1 1 -20 -24)
1969-12-31 18:00:15.007255533,(-15 -17 -12 -9 -8 -7 -4 3)
1969-12-31 18:00:15.007255533,(-53 -8 3 6 5 3 2 -51)
1969-12-31 18:00:15.014484804,(25 27 14 9 10 24 29 83)
1969-12-31 18:00:15.014484804,(-2 -4 -2 -1 -1 -10 -14 -31)
1969-12-31 18:00:15.031008852,(27 9 5 3 2 2 25 66)
1969-12-31 18:00:15.031008852,(-4 -4 0 1 5 24 0 -18)
1969-12-31 18:00:15.032041605,(51 7 -4 -5 -7 -31 15 52)
1969-12-31 18:00:15.032041605,(10 -3 -7 -7 -4 4 -9 -13)
1969-12-31 18:00:15.045467395,(-44 -9 0 0 -4 -22 -28 -62)
1969-12-31 18:00:15.045467395,(26 7 0 0 -3 -8 17 16)
1969-12-31 18:00:15.053729419,(-19 -11 0 0 4 19 -3 -27)
1969-12-31 18:00:15.053729419,(-2 -5 -4 -3 -2 11 17 70)
1969-12-31 18:00:15.077482738,(-28 -14 -9 -10 -17 -26 14 3)
1969-12-31 18:00:15.077482738,(28 5 0 -2 -2 -12 -5 43)
1969-12-31 18:00:15.078515491,(35 17 7 5 6 5 14 73)
1969-12-31 18:00:15.078515491,(-11 -15 -4 -5 -7 -19 -13 -39)
1969-12-31 18:00:15.092974034,(10 10 3 6 14 53 -5 14)
1969-12-31 18:00:15.092974034,(2 2 1 -1 -14 -22 22 53)
1969-12-31 18:00:15.094006787,(37 17 8 6 5 -23 10 37)
1969-12-31 18:00:15.094006787,(6 2 2 3 5 23 25 84)
1969-12-31 18:00:15.107432576,(8 -9 -5 -6 1 20 -10 -27)
1969-12-31 18:00:15.107432576,(69 26 11 6 -1 -47 38 81)
1969-12-31 18:00:15.115694600,(0 12 6 3 -2 3 -44 -43)
1969-12-31 18:00:15.115694600,(-16 -13 -6 -1 -3 -26 -11 -58)
1969-12-31 18:00:15.131185896,(-30 -15 -5 -5 -4 7 -11 -23)
1969-12-31 18:00:15.131185896,(37 19 8 6 8 6 11 48)
1969-12-31 18:00:15.138415167,(-68 -30 -20 -13 -3 -12 -10 -56)
1969-12-31 18:00:15.138415167,(7 11 5 1 -8 7 5 -16)
1969-12-31 18:00:15.154939215,(50 35 19 13 5 -17 39 101)
1969-12-31 18:00:15.154939215,(-69 -33 -17 -11 5 36 -49 -128)
1969-12-31 18:00:15.155971968,(-8 0 0 2 0 -17 6 26)
1969-12-31 18:00:15.155971968,(-22 -17 0 15 43 15 -18 -29)
1969-12-31 18:00:15.170430510,(-3 -12 -6 -9 -34 -15 30 48)
1969-12-31 18:00:15.170430510,(45 14 -4 -25 -48 -4 10 33)
1969-12-31 18:00:15.177659782,(-27 -20 -12 -14 -9 -22 -5 -32)
1969-12-31 18:00:15.177659782,(12 1 -4 -1 11 -24 -11 14)
1969-12-31 18:00:15.193151077,(16 8 9 23 45 31 11 37)
1969-12-31 18:00:15.193151077,(-9 1 -2 -5 -24 3 3 -13)
1969-12-31 18:00:15.200380348,(14 3 1 1 -3 -13 8 0)
1969-12-31 18:00:15.200380348,(10 7 -1 -11 -34 -15 -4 -58)
1969-12-31 18:00:15.216904397,(33 -8 -3 -1 15 14 15 41)
1969-12-31 18:00:15.216904397,(-44 -19 -7 2 23 9 -28 -59)
1969-12-31 18:00:15.217937150,(-15 3 5 11 14 28 -1 -27)
1969-12-31 18:00:15.217937150,(1 13 9 9 38 30 16 30)
1969-12-31 18:00:15.231362939,(10 0 -9 -13 -5 4 -10 -58)
1969-12-31 18:00:15.231362939,(7 13 4 -6 -66 -48 -15 -22)
1969-12-31 18:00:15.239624963,(24 0 3 0 3 13 10 6)
1969-12-31 18:00:15.239624963,(-24 -22 -7 -13 -29 -23 -37 -97)
1969-12-31 18:00:15.255116258,(-18 -4 -2 -3 13 -10 -8 -21)
1969-12-31 18:00:15.255116258,(-7 -6 -1 11 42 31 15 28)
1969-12-31 18:00:15.262345530,(6 4 -5 -7 -1 -5 -1 27)
1969-12-31 18:00:15.262345530,(10 8 -8 -8 -1 21 20 41)
1969-12-31 18:00:15.278869578,(-25 -10 14 22 4 -6 -11 -31)
1969-12-31 18:00:15.278869578,(-21 10 11 24 35 17 3 14)
1969-12-31 18:00:15.279902331,(24 2 -4 4 -12 -1 -16 -7)
1969-12-31 18:00:15.279902331,(-17 -13 -18 -39 -41 -17 -11 -72)
1969-12-31 18:00:15.293328120,(-3 18 22 2 8 -7 -4 2)
1969-12-31 18:00:15.293328120,(35 13 -17 12 19 24 14 67)
1969-12-31 18:00:15.301590145,(-2 -52 -14 -10 20 8 -3 -18)
1969-12-31 18:00:15.301590145,(40 64 29 14 -37 -34 -2 22)
1969-12-31 18:00:15.317081440,(30 -35 -49 -27 -46 -30 -19 12)
1969-12-31 18:00:15.317081440,(18 21 31 -10 17 25 22 39)
1969-12-31 18:00:15.324310711,(-4 -8 -16 6 25 16 -8 -19)
1969-12-31 18:00:15.324310711,(4 -16 -26 -8 3 -4 -16 -17)
1969-12-31 18:00:15.340834760,(-63 -37 7 8 8 6 3 -2)
1969-12-31 18:00:15.340834760,(-15 13 -39 -19 5 -14 -34 -54)
1969-12-31 18:00:15.341867513,(-67 4 51 27 1 0 -14 -41)
1969-12-31 18:00:15.341867513,(19 -63 -52 -16 -1 11 30 87)
1969-12-31 18:00:15.355293302,(-3 63 10 -14 -28 -18 -22 -49)
1969-12-31 18:00:15.355293302,(-38 34 48 21 -7 1 -6 16)
1969-12-31 18:00:15.363555326,(49 12 -3 2 -3 2 37 70)
1969-12-31 18:00:15.363555326,(-51 -35 3 3 -10 -1 -26 -103)
1969-12-31 18:00:15.379046621,(19 -30 -40 7 40 12 -3 -19)
1969-12-31 18:00:15.379046621,(7 -75 -31 -23 -22 -29 -37 -21)
1969-12-31 18:00:15.386275893,(-4 30 7 -7 -23 -21 11 39)
1969-12-31 18:00:15.386275893,(18 6 8 16 22 8 33 83)
1969-12-31 18:00:15.402799941,(-13 -14 -4 -20 -28 -12 -18 -20)
1969-12-31 18:00:15.402799941,(38 -30 -44 -6 15 19 24 -6)
1969-12-31 18:00:15.403832694,(33 68 31 -1 -1 -2 -17 -76)
1969-12-31 18:00:15.403832694,(-28 70 58 20 12 1 2 10)
1969-12-31 18:00:15.417258483,(8 10 10 21 35 25 24 38)
1969-12-31 18:00:15.417258483,(-54 -88 -8 6 3 -5 -14 -48)
1969-12-31 18:00:15.425520508,(44 18 -49 -19 -35 7 19 14)
1969-12-31 18:00:15.425520508,(-87 -10 80 24 9 -3 -9 3)
1969-12-31 18:00:15.449273827,(26 -66 -36 -7 -2 0 -18 -4)
1969-12-31 18:00:15.449273827,(28 69 16 -7 -18 -7 -15 -16)
1969-12-31 18:00:15.450306580,(-8 -36 -34 -20 -6 -9 -7 -16)
1969-12-31 18:00:15.450306580,(25 2 -11 15 49 47 4 18)
1969-12-31 18:00:15.464765122,(-19 12 12 11 -2 -15 10 19)
1969-12-31 18:00:15.464765122,(-39 -82 -43 -36 -67 -60 -22 -56)
1969-12-31 18:00:15.465797875,(8 11 10 0 -12 -3 -3 58)
1969-12-31 18:00:15.465797875,(-4 4 -6 -10 -9 -4 0 -2)
1969-12-31 18:00:15.479223665,(34 5 -1 11 35 32 24 38)
1969-12-31 18:00:15.479223665,(3 -11 -23 -2 28 12 4 3)
1969-12-31 18:00:15.487485689,(-24 41 27 2 -32 -23 -8 16)
1969-12-31 18:00:15.487485689,(8 6 18 9 18 19 16 9)
1969-12-31 18:00:15.502976984,(-12 -46 -22 -25 -34 -22 -8 2)
1969-12-31 18:00:15.502976984,(3 93 54 66 92 33 11 -48)
1969-12-31 18:00:15.510206256,(-65 -56 -61 -48 -59 -16 -46 -90)
1969-12-31 18:00:15.510206256,(17 -4 11 -7 -34 -29 -1 -4)
1969-12-31 18:00:15.526730304,(-28 -53 -59 -39 -50 -20 2 9)
1969-12-31 18:00:15.526730304,(-30 86 83 11 -17 -25 -17 4)
1969-12-31 18:00:15.527763057,(-26 -30 1 29 57 21 25 62)
1969-12-31 18:00:15.527763057,(62 7 -39 2 12 18 21 9)
1969-12-31 18:00:15.541188846,(-39 -13 3 -2 3 -6 -43 -43)
1969-12-31 18:00:15.541188846,(35 -84 -102 -20 0 11 23 39)
1969-12-31 18:00:15.557712895,(37 97 112 58 57 21 2 11)
1969-12-31 18:00:15.557712895,(-14 28 14 -23 -83 -47 -9 19)
1969-12-31 18:00:15.564942166,(-15 -59 -49 -11 -6 -6 13 8)
1969-12-31 18:00:15.564942166,(1 48 49 5 1 17 -1 12)
1969-12-31 18:00:15.573204190,(65 -30 -50 8 71 33 11 21)
1969-12-31 18:00:15.573204190,(11 53 22 6 -21 -21 0 -1)
1969-12-31 18:00:15.596957510,(-11 7 44 -2 -22 -15 -20 -39)
1969-12-31 18:00:15.596957510,(3 -21 -23 -8 3 9 10 -21)
1969-12-31 18:00:15.597990263,(49 -68 -81 -7 28 36 50 60)
1969-12-31 18:00:15.597990263,(-41 62 66 39 22 -14 -21 -48)
1969-12-31 18:00:15.611416052,(8 1 -30 -26 -60 -37 -44 -59)
1969-12-31 18:00:15.611416052,(-56 -36 -6 3 16 35 1 -23)
1969-12-31 18:00:15.619678076,(1 -56 -31 -15 -48 -38 -5 10)
1969-12-31 18:00:15.619678076,(71 -128 -128 -43 35 24 -11 21)
1969-12-31 18:00:15.636202125,(59 106 25 37 35 15 28 22)
1969-12-31 18:00:15.636202125,(-52 76 99 32 -39 -25 -19 -36)
1969-12-31 18:00:15.636202125,(-35 -16 -30 -19 -29 -10 -11 -41)
1969-12-31 18:00:15.636202125,(-14 -11 -11 5 16 10 -5 8)
1969-12-31 18:00:15.658922691,(4 -23 -18 -9 12 16 19 -21)
1969-12-31 18:00:15.658922691,(80 -36 -49 -10 23 7 16 80)
1969-12-31 18:00:15.659955444,(-102 -21 23 5 -11 -13 -5 -54)
1969-12-31 18:00:15.659955444,(6 -96 -105 -42 -15 2 -8 13)
1969-12-31 18:00:15.673381233,(15 84 51 16 33 11 16 16)
1969-12-31 18:00:15.673381233,(-7 -78 -49 -14 -59 -32 -1 36)
1969-12-31 18:00:15.681643258,(-40 41 19 -28 -45 -28 -36 -45)
1969-12-31 18:00:15.681643258,(17 67 58 34 25 9 7 11)
1969-12-31 18:00:15.698167306,(7 -70 -59 -1 47 25 11 10)
1969-12-31 18:00:15.698167306,(4 23 -33 -11 30 43 -10 -23)
1969-12-31 18:00:15.698167306,(-58 44 65 5 -49 -52 -23 -54)
1969-12-31 18:00:15.698167306,(-68 -89 -59 -28 -50 -50 -50 -51)
1969-12-31 18:00:15.720887873,(-25 43 31 -2 0 -1 -4 -37)
1969-12-31 18:00:15.720887873,(-24 -128 -95 -23 4 -1 21 17)
1969-12-31 18:00:15.721920626,(62 -2 -39 10 53 48 13 18)
1969-12-31 18:00:15.721920626,(-110 127 127 52 19 11 -22 -97)
1969-12-31 18:00:15.735346415,(-9 -2 -6 24 6 -7 27 13)
1969-12-31 18:00:15.735346415,(108 14 -2 13 5 12 -18 35)
1969-12-31 18:00:15.743608439,(1 -125 -104 -69 -64 -20 18 33)
1969-12-31 18:00:15.743608439,(-17 -46 -42 -27 -8 -11 3 -11)
1969-12-31 18:00:15.758066981,(-29 77 81 25 24 6 -13 -36)
1969-12-31 18:00:15.758066981,(-56 9 8 -16 -17 -20 -33 -70)
1969-12-31 18:00:15.767361759,(76 49 41 31 26 2 0 61)
1969-12-31 18:00:15.767361759,(-9 -37 -51 -14 -18 4 4 6)
1969-12-31 18:00:15.784918560,(65 -20 -10 -30 -21 -17 28 65)
1969-12-31 18:00:15.784918560,(-12 25 -2 -3 1 -15 -12 5)
1969-12-31 18:00:15.785951313,(10 78 93 24 -78 -34 -6 -16)
1969-12-31 18:00:15.785951313,(-24 -40 -21 22 96 59 28 -2)
1969-12-31 18:00:15.797311596,(-16 -50 -44 -21 -51 5 -6 -1)
1969-12-31 18:00:15.797311596,(5 98 84 29 25 -2 26 -10)
1969-12-31 18:00:15.806606374,(-52 -84 -71 -20 27 33 -15 -24)
1969-12-31 18:00:15.806606374,(85 101 68 21 -24 -14 40 98)
1969-12-31 18:00:15.820032163,(-50 -76 -60 -6 24 7 -13 -39)
1969-12-31 18:00:15.820032163,(21 45 81 11 -19 3 36 57)
1969-12-31 18:00:15.829326940,(-31 -60 -30 -1 15 10 -6 -3)
1969-12-31 18:00:15.829326940,(35 33 -5 -11 -30 -7 2 13)
1969-12-31 18:00:15.844818235,(-43 37 35 8 -16 -29 -25 -34)
1969-12-31 18:00:15.844818235,(99 -64 -78 -23 2 8 24 76)
1969-12-31 18:00:15.846883742,(-54 52 76 21 37 4 -22 -31)
1969-12-31 18:00:15.846883742,(32 -38 -42 -15 -25 -5 21 34)
1969-12-31 18:00:15.859276778,(29 -11 -5 -8 -3 8 -24 13)
1969-12-31 18:00:15.859276778,(-74 7 26 24 18 -10 -3 -72)
1969-12-31 18:00:15.868571555,(67 5 -47 -21 -13 22 -10 12)
1969-12-31 18:00:15.868571555,(-89 -80 -39 -13 25 18 24 -42)
1969-12-31 18:00:15.883030097,(2 84 75 6 -65 -43 -31 -17)
1969-12-31 18:00:15.883030097,(29 -4 -17 -16 -9 -23 -39 20)
1969-12-31 18:00:15.890259369,(-19 -66 -39 11 37 -6 6 -33)
1969-12-31 18:00:15.890259369,(36 23 -23 -14 25 17 -11 15)
1969-12-31 18:00:15.906783417,(-25 22 27 40 13 14 8 0)
1969-12-31 18:00:15.906783417,(-24 -2 -20 -48 -75 -58 -10 -32)
1969-12-31 18:00:15.908848923,(-10 7 5 -6 -52 -20 -4 3)
1969-12-31 18:00:15.908848923,(23 -55 -47 6 74 31 1 6)
1969-12-31 18:00:15.930536737,(-24 -63 -22 6 21 41 11 -6)
1969-12-31 18:00:15.930536737,(53 57 26 23 16 7 44 68)
1969-12-31 18:00:15.931569490,(-13 -17 -14 -28 -27 -22 -24 -14)
1969-12-31 18:00:15.931569490,(-15 73 77 38 -1 8 26 -3)
1969-12-31 18:00:15.944995279,(75 46 -16 22 75 27 7 39)
1969-12-31 18:00:15.944995279,(-101 -17 43 -22 -82 -40 -27 -75)
1969-12-31 18:00:15.952224550,(14 -5 -3 -1 13 14 23 36)
1969-12-31 18:00:15.952224550,(56 -128 -106 -31 7 2 -7 59)
1969-12-31 18:00:15.968748598,(-54 96 78 16 -11 -8 1 -54)
1969-12-31 18:00:15.968748598,(14 9 -19 13 34 33 -8 -8)
1969-12-31 18:00:15.970814104,(-1 -10 -7 -8 2 4 -30 -4)
1969-12-31 18:00:15.970814104,(55 11 30 4 -31 -22 -16 5)
1969-12-31 18:00:15.992501918,(-9 -102 -86 -39 -50 -45 7 17)
1969-12-31 18:00:15.992501918,(28 -53 -75 -13 66 54 -5 -62)
1969-12-31 18:00:15.993534671,(-46 30 96 44 20 0 -1 -48)
1969-12-31 18:00:15.993534671,(-3 108 54 -9 -30 -13 9 10)
1969-12-31 18:00:16.006960460,(-50 -33 19 -23 -81 -52 -40 -32)
1969-12-31 18:00:16.006960460,(-1 -31 -13 11 27 25 16 18)
1969-12-31 18:00:16.014189731,(28 -11 -40 9 50 28 26 19)
1969-12-31 18:00:16.014189731,(16 -22 -5 2 -12 -11 -11 -4)
1969-12-31 18:00:16.030713780,(31 -11 -17 3 55 41 27 62)
1969-12-31 18:00:16.030713780,(13 36 3 -1 -16 11 32 31)
1969-12-31 18:00:16.032779286,(-30 -29 -9 -6 14 -18 -43 -23)
1969-12-31 18:00:16.032779286,(-5 -3 20 1 -48 -40 -4 22)
1969-12-31 18:00:16.054467098,(37 16 -30 -10 6 -7 -42 -34)
1969-12-31 18:00:16.054467098,(-25 6 27 -7 -41 -8 20 19)
1969-12-31 18:00:16.055499852,(6 58 13 -5 1 8 13 19)
1969-12-31 18:00:16.055499852,(-14 -20 -24 -18 -23 8 -3 -3)
1969-12-31 18:00:16.068925642,(9 -51 -43 -13 6 -17 13 9)
1969-12-31 18:00:16.068925642,(-20 -30 3 18 55 17 -41 -38)
1969-12-31 18:00:16.076154913,(6 -22 -15 13 -20 -7 18 4)
1969-12-31 18:00:16.076154913,(-66 100 111 -32 -98 -98 -60 -63)
1969-12-31 18:00:16.092678961,(11 -47 -52 4 30 28 22 -5)
1969-12-31 18:00:16.092678961,(50 -11 -15 2 4 -8 18 47)
1969-12-31 18:00:16.094744467,(-75 -56 -10 8 57 35 -11 -35)
1969-12-31 18:00:16.094744467,(29 -70 -42 12 40 32 30 40)
1969-12-31 18:00:16.116432281,(-7 47 24 -11 -35 -14 -5 -10)
1969-12-31 18:00:16.116432281,(-18 4 -12 0 0 0 -4 -31)
1969-12-31 18:00:16.122628799,(7 -18 -1 5 -6 7 11 20)
1969-12-31 18:00:16.122628799,(47 10 -34 10 84 59 55 48)
1969-12-31 18:00:16.130890823,(-67 127 127 24 -91 -88 -86 -79)
1969-12-31 18:00:16.130890823,(3 -29 -25 -4 24 16 23 45)
1969-12-31 18:00:16.138120094,(98 9 -40 -21 -41 -28 6 44)
1969-12-31 18:00:16.138120094,(-34 -36 -7 3 16 5 -24 -55)
1969-12-31 18:00:16.154644143,(19 -38 -43 -15 6 27 21 44)
1969-12-31 18:00:16.154644143,(-8 -47 -58 -26 -34 -26 -12 5)
1969-12-31 18:00:16.156709649,(-37 126 113 32 34 19 10 4)
1969-12-31 18:00:16.156709649,(-2 66 50 25 -16 -14 3 5)
1969-12-31 18:00:16.178397462,(6 -54 -38 -21 -5 17 8 -5)
1969-12-31 18:00:16.178397462,(2 -48 -16 2 -40 -52 -60 -7)
1969-12-31 18:00:16.179430215,(41 -10 -60 -29 28 31 40 34)
1969-12-31 18:00:16.179430215,(-27 -1 14 24 25 13 -19 -43)
1969-12-31 18:00:16.192856005,(5 -42 -31 -7 12 14 26 32)
1969-12-31 18:00:16.192856005,(-37 48 92 31 18 12 6 -21)
1969-12-31 18:00:16.200085276,(27 40 -10 6 1 -10 -15 -27)
1969-12-31 18:00:16.200085276,(-49 -3 13 -2 -27 -8 -5 -11)
1969-12-31 18:00:16.216609324,(2 -24 -11 3 13 6 38 37)
1969-12-31 18:00:16.216609324,(46 5 5 41 116 110 36 9)
1969-12-31 18:00:16.218674830,(34 -33 -69 -63 -120 -106 5 44)
1969-12-31 18:00:16.218674830,(-15 -20 8 -19 -6 -24 -56 -70)
1969-12-31 18:00:16.240362644,(-97 73 96 43 100 37 0 -57)
1969-12-31 18:00:16.240362644,(-53 -80 -66 -9 0 -16 4 -14)
1969-12-31 18:00:16.241395397,(24 36 32 -11 -61 -18 5 5)
1969-12-31 18:00:16.241395397,(35 -5 -49 23 99 114 55 56)
1969-12-31 18:00:16.253788433,(52 -119 -99 -78 -128 -123 -41 -7)
1969-12-31 18:00:16.253788433,(-82 63 58 3 17 -27 -66 -76)
1969-12-31 18:00:16.269279729,(-42 14 43 42 59 31 -12 -71)
1969-12-31 18:00:16.269279729,(81 -1 -30 5 -4 6 21 65)
1969-12-31 18:00:16.278574506,(-43 11 36 8 40 51 8 -26)
1969-12-31 18:00:16.278574506,(28 -39 -40 -27 -47 -29 2 6)
1969-12-31 18:00:16.280640012,(-19 -64 -45 -25 -28 -20 -19 -15)
1969-12-31 18:00:16.280640012,(-18 6 13 11 11 2 -1 6)
1969-12-31 18:00:16.301295072,(40 22 -5 27 39 33 37 38)
1969-12-31 18:00:16.301295072,(-5 5 9 -19 -57 -23 22 34)
1969-12-31 18:00:16.303360578,(-10 -29 -42 -29 -37 -5 -17 -27)
1969-12-31 18:00:16.303360578,(-18 70 68 23 -5 -13 0 -18)
1969-12-31 18:00:16.315753615,(-30 39 31 1 20 -12 -44 -72)
1969-12-31 18:00:16.315753615,(-28 -7 3 0 -45 -29 1 -17)
1969-12-31 18:00:16.325048392,(108 50 46 47 67 55 59 108)
1969-12-31 18:00:16.325048392,(1 -53 -65 -32 0 -10 -10 -2)
1969-12-31 18:00:16.340539687,(40 42 2 18 43 22 43 71)
1969-12-31 18:00:16.340539687,(-32 96 88 18 -65 -42 -60 -95)
1969-12-31 18:00:16.342605193,(-23 -15 9 -7 -13 -18 37 33)
1969-12-31 18:00:16.342605193,(-1 -54 -45 -30 -34 -24 -49 -37)
1969-12-31 18:00:16.364293007,(43 -31 -39 -9 27 24 16 54)
1969-12-31 18:00:16.364293007,(41 -15 -7 24 87 57 43 76)
1969-12-31 18:00:16.365325760,(-28 -29 -7 19 5 -5 -18 -10)
1969-12-31 18:00:16.365325760,(-40 -20 8 -25 -36 -34 -23 -57)
1969-12-31 18:00:16.378751549,(63 -9 -55 -25 -9 15 0 9)
1969-12-31 18:00:16.378751549,(-33 42 57 31 45 22 -8 -8)
1969-12-31 18:00:16.385980820,(-11 -44 -18 -5 -2 -18 -19 -21)
1969-12-31 18:00:16.385980820,(26 30 1 -7 -24 -8 12 21)
1969-12-31 18:00:16.402504869,(39 55 40 51 36 10 15 10)
1969-12-31 18:00:16.402504869,(-49 -66 -48 -69 -115 -48 15 -4)
1969-12-31 18:00:16.404570375,(-8 61 24 -16 -4 -14 -53 -36)
1969-12-31 18:00:16.404570375,(37 -20 -37 9 27 25 26 83)
1969-12-31 18:00:16.426258188,(0 49 72 24 35 4 -10 1)
1969-12-31 18:00:16.426258188,(0 -54 -28 -7 -18 -4 4 10)
1969-12-31 18:00:16.427290941,(-26 1 -7 -6 -2 -3 -22 -40)
1969-12-31 18:00:16.427290941,(-75 -76 -72 -48 -41 -31 -31 -90)
1969-12-31 18:00:16.439683978,(-41 -3 -9 8 27 30 -8 -60)
1969-12-31 18:00:16.439683978,(66 12 8 23 45 24 -4 62)
1969-12-31 18:00:16.448978755,(-18 -34 -23 -14 -30 -12 17 -27)
1969-12-31 18:00:16.448978755,(14 -13 -10 -26 -62 -69 -74 -5)
1969-12-31 18:00:16.464470050,(-40 -102 -43 -20 -6 7 12 2)
1969-12-31 18:00:16.464470050,(47 108 29 12 21 7 16 16)
1969-12-31 18:00:16.466535556,(-17 5 -5 31 49 30 0 3)
1969-12-31 18:00:16.466535556,(-8 -14 10 4 34 15 23 -10)
1969-12-31 18:00:16.487190617,(6 0 -11 -5 -86 -29 9 32)
1969-12-31 18:00:16.487190617,(5 -30 -67 -30 -1 22 13 -11)
1969-12-31 18:00:16.496485394,(17 -22 9 -12 -16 -13 9 22)
1969-12-31 18:00:16.496485394,(66 127 121 62 88 82 63 72)
1969-12-31 18:00:16.501649159,(-38 -111 -76 -40 -83 -84 -24 33)
1969-12-31 18:00:16.501649159,(3 65 32 7 -1 -10 1 17)
1969-12-31 18:00:16.510943936,(-28 -60 -28 -8 14 3 1 20)
1969-12-31 18:00:16.510943936,(9 4 13 9 4 8 23 20)
1969-12-31 18:00:16.526435232,(-65 -3 -35 -12 24 33 2 -46)
1969-12-31 18:00:16.526435232,(15 14 33 12 -3 -7 -1 25)
1969-12-31 18:00:16.528500738,(4 2 -7 22 81 50 -1 -14)
1969-12-31 18:00:16.528500738,(-70 -68 -50 -26 -59 -52 -22 -99)
1969-12-31 18:00:16.550188551,(31 18 -1 -52 -73 -69 -38 -45)
1969-12-31 18:00:16.550188551,(18 -94 -95 -48 5 -40 -49 -36)
1969-12-31 18:00:16.551221304,(4 118 107 44 28 18 4 -8)
1969-12-31 18:00:16.551221304,(21 63 30 38 42 34 26 26)
1969-12-31 18:00:16.563614341,(-52 -40 -3 23 37 18 -8 -18)
1969-12-31 18:00:16.563614341,(-21 -27 -23 -38 -105 -41 -20 -48)
1969-12-31 18:00:16.572909118,(57 -69 -61 -19 -4 11 22 30)
1969-12-31 18:00:16.572909118,(-5 44 -6 -3 -15 -8 -1 1)
1969-12-31 18:00:16.588400413,(26 119 92 38 3 -13 -10 33)
1969-12-31 18:00:16.588400413,(21 -36 -41 1 42 23 0 0)
1969-12-31 18:00:16.590465919,(-37 -27 -28 -13 -27 -13 -13 -35)
1969-12-31 18:00:16.590465919,(25 -34 -25 -8 10 2 1 0)
1969-12-31 18:00:16.612153733,(17 -11 -18 -33 -46 3 9 -20)
1969-12-31 18:00:16.612153733,(22 27 18 30 71 23 -9 5)
1969-12-31 18:00:16.613186486,(-64 37 36 -5 -96 -90 -69 -75)
1969-12-31 18:00:16.613186486,(1 -34 -5 9 13 11 6 19)
1969-12-31 18:00:16.625579522,(69 -1 -25 -42 -42 -11 4 39)
1969-12-31 18:00:16.625579522,(-73 30 45 10 13 18 19 -36)
1969-12-31 18:00:16.634874299,(-23 -79 -66 -25 14 5 10 2)
1969-12-31 18:00:16.634874299,(2 60 38 22 32 9 -6 8)
1969-12-31 18:00:16.650365595,(64 62 54 52 59 48 43 67)
1969-12-31 18:00:16.650365595,(-54 -74 -31 -9 13 2 -29 -60)
1969-12-31 18:00:16.652431101,(64 33 14 -17 -68 -75 -29 39)
1969-12-31 18:00:16.652431101,(-62 -94 -59 -40 -24 -9 0 -27)
1969-12-31 18:00:16.674118914,(19 8 10 -8 -34 -11 -4 -11)
1969-12-31 18:00:16.674118914,(53 48 23 38 87 46 29 44)
1969-12-31 18:00:16.675151667,(-38 2 15 22 43 47 30 -13)
1969-12-31 18:00:16.675151667,(-8 -13 -13 -22 -43 -26 -6 -10)
1969-12-31 18:00:16.687544703,(7 11 3 9 20 7 -15 -31)
1969-12-31 18:00:16.687544703,(-56 -56 -24 -14 -18 -5 13 -8)
1969-12-31 18:00:16.696839481,(-18 3 -2 0 8 5 4 -7)
1969-12-31 18:00:16.696839481,(72 71 39 5 -5 -7 -2 30)
1969-12-31 18:00:16.712330776,(-75 -60 -30 -9 5 5 -11 -28)
1969-12-31 18:00:16.712330776,(78 90 54 20 -10 -1 22 57)
1969-12-31 18:00:16.714396282,(22 -10 -15 4 45 37 3 -11)
1969-12-31 18:00:16.714396282,(-25 -30 -22 -8 -26 -38 -15 -6)
1969-12-31 18:00:16.736084096,(7 18 44 6 -28 -24 -13 -15)
1969-12-31 18:00:16.736084096,(-62 -57 -41 -23 -23 -31 -35 -108)
1969-12-31 18:00:16.737116849,(28 30 21 5 4 22 22 49)
1969-12-31 18:00:16.737116849,(10 -3 2 -5 21 33 27 25)
1969-12-31 18:00:16.749509885,(17 -2 -14 22 45 9 -2 14)
1969-12-31 18:00:16.749509885,(12 -3 -8 -15 -40 -8 15 47)
1969-12-31 18:00:16.765001180,(-30 20 12 -24 17 -4 0 -9)
1969-12-31 18:00:16.765001180,(-1 -7 10 63 29 9 40 -5)
1969-12-31 18:00:16.782557982,(-10 -29 -24 -32 -8 16 -40 21)
1969-12-31 18:00:16.782557982,(-31 10 28 66 30 -26 -30 -18)
1969-12-31 18:00:16.783590735,(-6 -15 -16 -20 -22 -3 2 -34)
1969-12-31 18:00:16.783590735,(-6 -19 -5 -12 -17 -41 -25 -13)
1969-12-31 18:00:16.798049277,(59 13 8 24 28 9 43 80)
1969-12-31 18:00:16.798049277,(-43 -22 -19 -27 -23 -19 -44 -60)
1969-12-31 18:00:16.804245795,(-34 -16 -11 -5 -6 22 -3 -13)
1969-12-31 18:00:16.804245795,(11 8 5 -17 -15 -33 -48 -21)
1969-12-31 18:00:16.811475066,(-37 7 2 4 18 39 23 6)
1969-12-31 18:00:16.811475066,(74 -5 -9 -18 -8 9 11 53)
1969-12-31 18:00:16.820769844,(-34 15 9 10 3 33 28 27)
1969-12-31 18:00:16.820769844,(-39 -35 -21 -22 -11 -46 -45 -72)
1969-12-31 18:00:16.836261139,(-62 -21 -8 0 7 16 34 -20)
1969-12-31 18:00:16.836261139,(59 37 9 -2 -8 7 32 56)
1969-12-31 18:00:16.842457657,(42 7 9 18 17 19 7 37)
1969-12-31 18:00:16.842457657,(14 13 9 6 9 51 28 20)
1969-12-31 18:00:16.860014459,(17 -10 -10 0 -2 -35 5 -40)
1969-12-31 18:00:16.860014459,(-79 -18 -10 -15 -21 -31 -38 -63)
1969-12-31 18:00:16.861047212,(-14 -21 -7 0 -9 -59 -20 -17)
1969-12-31 18:00:16.861047212,(30 25 5 1 3 25 41 47)
1969-12-31 18:00:16.873440248,(46 39 14 6 6 8 -19 41)
1969-12-31 18:00:16.873440248,(-54 -44 -8 -4 3 11 3 -34)
1969-12-31 18:00:16.882735025,(55 9 0 3 6 7 -10 12)
1969-12-31 18:00:16.882735025,(36 10 4 4 2 4 12 68)
1969-12-31 18:00:16.897193567,(-12 8 -7 -9 -13 -26 -1 -17)
1969-12-31 18:00:16.897193567,(3 -8 -12 -15 -9 2 -23 -34)
1969-12-31 18:00:16.904422839,(0 2 6 8 2 11 0 24)
1969-12-31 18:00:16.904422839,(-28 -17 -3 -2 -1 7 -14 -14)
1969-12-31 18:00:16.921979640,(43 24 10 9 9 7 2 10)
1969-12-31 18:00:16.921979640,(-3 8 5 2 3 13 10 -1)
1969-12-31 18:00:16.923012393,(85 35 3 5 2 -6 13 43)
1969-12-31 18:00:16.924045146,(-67 -72 -37 -28 -27 -26 -43 -70)
1969-12-31 18:00:16.944700207,(-10 -26 -2 3 3 12 5 53)
1969-12-31 18:00:16.944700207,(-70 -7 -5 -4 0 14 -10 -23)
1969-12-31 18:00:16.946765713,(-25 -18 -7 -9 -16 -64 1 3)
1969-12-31 18:00:16.946765713,(101 65 28 16 14 28 36 85)
1969-12-31 18:00:16.960191502,(-50 -36 -27 -19 -18 -30 -59 -100)
1969-12-31 18:00:16.960191502,(-50 -22 -3 -5 -4 3 26 30)
1969-12-31 18:00:16.966388020,(31 3 3 5 10 31 4 -26)
1969-12-31 18:00:16.966388020,(-35 1 4 2 1 -15 -28 -105)
1969-12-31 18:00:16.983944821,(18 22 -9 -10 -8 -4 3 -21)
1969-12-31 18:00:16.983944821,(81 43 24 18 16 23 46 90)
1969-12-31 18:00:16.984977575,(-22 -25 -8 -2 -2 -4 -2 14)
1969-12-31 18:00:16.984977575,(-71 -50 -18 -13 -5 9 -36 -13)
1969-12-31 18:00:17.006665388,(-9 16 9 3 -2 -14 -17 -62)
1969-12-31 18:00:17.006665388,(-8 3 -7 -8 -8 -12 -11 -10)
1969-12-31 18:00:17.008730894,(27 20 16 14 11 13 16 17)
1969-12-31 18:00:17.008730894,(50 14 1 -1 -4 -36 -15 14)
1969-12-31 18:00:17.022156683,(-76 -34 -14 -7 1 25 22 4)
1969-12-31 18:00:17.022156683,(56 26 14 8 6 16 15 50)
1969-12-31 18:00:17.028353202,(33 17 7 8 4 -1 9 38)
1969-12-31 18:00:17.028353202,(7 4 4 5 4 17 17 0)
1969-12-31 18:00:17.044877250,(5 -11 -7 -3 -3 4 -4 27)
1969-12-31 18:00:17.044877250,(23 9 -2 -2 -3 -15 -3 -29)
1969-12-31 18:00:17.053139274,(-5 0 -1 -1 1 16 -6 -13)
1969-12-31 18:00:17.054172027,(-19 -6 1 0 -3 -2 6 15)
1969-12-31 18:00:17.068630568,(31 8 10 8 6 1 3 27)
1969-12-31 18:00:17.068630568,(-3 -6 -11 -9 -7 -5 -23 -67)
1969-12-31 18:00:17.070696076,(-12 -8 -7 -7 -1 -7 -4 -8)
1969-12-31 18:00:17.070696076,(7 7 10 7 7 14 11 14)
1969-12-31 18:00:17.083089112,(-20 -6 -3 -1 -4 -14 -10 -12)
1969-12-31 18:00:17.083089112,(48 13 2 0 1 4 15 44)
1969-12-31 18:00:17.090318383,(-43 -10 -3 -3 -4 -5 -12 -48)
1969-12-31 18:00:17.090318383,(-12 0 -6 -3 -5 -4 -2 -29)
1969-12-31 18:00:17.107875184,(3 -5 5 5 4 6 -9 0)
1969-12-31 18:00:17.107875184,(4 0 -6 -4 -2 0 7 21)
1969-12-31 18:00:17.108907937,(13 13 1 -2 -6 -5 -3 4)
1969-12-31 18:00:17.108907937,(-20 -19 -8 -3 -2 7 19 20)
1969-12-31 18:00:17.130595751,(1 -14 -8 -5 -4 -9 -27 -11)
1969-12-31 18:00:17.130595751,(3 5 1 0 3 6 8 3)
1969-12-31 18:00:17.132661257,(-18 -7 -2 -5 -8 -12 -18 -34)
1969-12-31 18:00:17.132661257,(2 5 -1 0 3 7 12 7)
1969-12-31 18:00:17.145054293,(-15 -10 -4 -5 -4 -3 1 -15)
1969-12-31 18:00:17.145054293,(17 -4 -13 4 5 3 24 17)
1969-12-31 18:00:17.152283564,(-11 3 24 10 2 -2 -28 -2)
1969-12-31 18:00:17.152283564,(-12 -2 -2 1 -4 -6 -11 -14)
1969-12-31 18:00:17.168807613,(-3 -6 -24 -11 -1 -1 3 -1)
1969-12-31 18:00:17.168807613,(13 30 40 5 0 8 26 16)
1969-12-31 18:00:17.170873119,(-24 -29 -16 1 -3 -10 -41 -42)
1969-12-31 18:00:17.170873119,(-4 -7 -6 -6 -2 3 7 4)
1969-12-31 18:00:17.192560932,(-5 -9 -4 3 2 0 -16 -13)
1969-12-31 18:00:17.192560932,(9 -1 -13 -8 -9 -10 3 9)
1969-12-31 18:00:17.194626438,(-6 -7 -9 -6 0 4 13 -4)
1969-12-31 18:00:17.194626438,(-2 10 16 3 -4 -2 -5 -1)
1969-12-31 18:00:17.205986722,(4 0 6 6 3 5 16 5)
1969-12-31 18:00:17.205986722,(-7 22 30 12 1 -8 -43 -3)
1969-12-31 18:00:17.215281499,(-2 10 8 1 1 6 16 7)
1969-12-31 18:00:17.215281499,(-1 -7 -9 -5 -4 -1 1 4)
1969-12-31 18:00:17.231805547,(4 -1 -1 -2 -1 6 5 7)
1969-12-31 18:00:17.231805547,(-5 -31 -23 -13 -11 -9 -10 -9)
1969-12-31 18:00:17.232838300,(11 10 5 9 8 13 35 11)
1969-12-31 18:00:17.232838300,(3 -7 -17 -10 -7 -5 -24 0)
1969-12-31 18:00:17.254526114,(-17 7 29 10 2 5 -3 -9)
1969-12-31 18:00:17.254526114,(9 -10 -20 -6 -3 0 0 5)
1969-12-31 18:00:17.256591620,(-4 20 18 10 3 -1 -23 -14)
1969-12-31 18:00:17.256591620,(14 6 -8 -2 -1 5 47 22)
1969-12-31 18:00:17.268984656,(-6 -20 -15 -6 -5 -17 -6 4)
1969-12-31 18:00:17.268984656,(-2 -22 -14 -3 5 -1 11 10)
1969-12-31 18:00:17.278279433,(0 -9 -19 -17 -7 -8 7 7)
1969-12-31 18:00:17.278279433,(2 11 10 2 0 -4 -12 -7)
1969-12-31 18:00:17.293770729,(-6 8 4 -3 -1 2 2 -10)
1969-12-31 18:00:17.293770729,(6 8 2 -1 -6 -7 4 -4)
1969-12-31 18:00:17.294803482,(-4 -8 -10 -6 1 -3 -6 -7)
1969-12-31 18:00:17.294803482,(-7 2 3 -1 1 2 5 0)
1969-12-31 18:00:17.316491295,(6 -4 -6 -4 -1 -1 20 14)
1969-12-31 18:00:17.316491295,(-9 2 5 3 -1 -3 -9 -6)
1969-12-31 18:00:17.318556801,(-2 -5 -5 -13 -7 -3 4 1)
1969-12-31 18:00:17.318556801,(-6 -4 -5 7 16 6 -8 -14)
1969-12-31 18:00:17.330949837,(7 9 9 8 4 0 12 6)
1969-12-31 18:00:17.330949837,(5 8 12 12 3 10 8 14)
1969-12-31 18:00:17.340244615,(-5 -4 -5 -7 -5 -8 -13 -7)
1969-12-31 18:00:17.340244615,(-3 -8 -4 -4 -10 -1 -3 -1)
1969-12-31 18:00:17.355735910,(0 -2 -11 -26 -14 -6 2 1)
1969-12-31 18:00:17.355735910,(-6 -1 1 10 16 8 0 -4)
1969-12-31 18:00:17.356768663,(-2 -5 -6 -6 -25 -17 -10 2)
1969-12-31 18:00:17.356768663,(5 1 1 2 20 31 5 8)
1969-12-31 18:00:17.378456477,(-7 -1 -1 -8 -7 -27 -1 -14)
1969-12-31 18:00:17.378456477,(-5 -1 1 -7 -19 -17 -16 -17)
1969-12-31 18:00:17.380521983,(6 6 8 21 6 42 29 24)
1969-12-31 18:00:17.380521983,(-12 -7 3 7 15 -14 -25 -22)
1969-12-31 18:00:17.392915019,(-4 -2 -2 -7 -3 10 8 0)
1969-12-31 18:00:17.392915019,(0 -5 -10 -17 -3 -1 1 5)
1969-12-31 18:00:17.402209796,(5 0 -3 0 2 -4 14 7)
1969-12-31 18:00:17.402209796,(6 6 5 -6 -10 -3 0 10)
1969-12-31 18:00:17.417701092,(0 2 3 7 3 2 -4 -2)
1969-12-31 18:00:17.417701092,(1 1 -3 -1 3 -5 -1 2)
1969-12-31 18:00:17.418733845,(-3 -1 -4 -4 0 -6 -16 -10)
1969-12-31 18:00:17.418733845,(-2 0 4 5 2 3 4 5)
1969-12-31 18:00:17.440421658,(-5 1 2 -2 2 2 -16 -10)
1969-12-31 18:00:17.440421658,(-1 1 6 6 0 13 1 -2)
1969-12-31 18:00:17.442487164,(-7 -3 4 1 7 11 -9 -9)
1969-12-31 18:00:17.442487164,(-2 -4 0 -6 -17 -5 -6 1)
1969-12-31 18:00:17.464174978,(3 -3 -3 9 -2 4 0 5)
1969-12-31 18:00:17.464174978,(4 -4 -7 -2 -1 -14 -7 5)
1969-12-31 18:00:17.465207731,(2 -4 -12 -5 3 -23 4 1)
1969-12-31 18:00:17.465207731,(-5 -1 -7 -1 -1 -34 -3 -7)
1969-12-31 18:00:17.479666273,(-4 2 2 -1 6 8 5 4)
1969-12-31 18:00:17.479666273,(-4 -6 -4 -2 2 10 -10 -3)
1969-12-31 18:00:17.481731779,(6 10 7 4 5 16 9 6)
1969-12-31 18:00:17.481731779,(3 3 -2 -4 -6 16 5 -1)
1969-12-31 18:00:17.502386840,(-6 -26 -19 -9 -8 -4 -3 -6)
1969-12-31 18:00:17.502386840,(3 26 6 -2 0 3 6 1)
1969-12-31 18:00:17.504452346,(2 12 7 1 2 -5 13 8)
1969-12-31 18:00:17.504452346,(-2 7 9 -1 3 -14 1 3)
1969-12-31 18:00:17.516845382,(-2 12 5 1 0 -19 -2 -2)
1969-12-31 18:00:17.516845382,(1 -32 -26 -13 -1 -21 8 5)
1969-12-31 18:00:17.526140159,(4 17 3 -4 1 -20 4 -1)
1969-12-31 18:00:17.526140159,(-1 -4 -8 -6 -4 -12 -3 -6)
1969-12-31 18:00:17.540598702,(1 -5 -5 -5 1 -6 -5 -3)
1969-12-31 18:00:17.541631455,(-8 0 17 4 0 3 0 -2)
1969-12-31 18:00:17.542664208,(-3 -21 -21 -11 -5 2 -6 -8)
1969-12-31 18:00:17.542664208,(9 22 21 7 -1 6 0 3)
1969-12-31 18:00:17.564352021,(-2 15 21 22 9 14 -2 -3)
1969-12-31 18:00:17.564352021,(2 -10 -5 4 5 15 5 6)
1969-12-31 18:00:17.566417527,(-1 -22 -28 -16 -3 1 -8 2)
1969-12-31 18:00:17.566417527,(-8 26 39 19 5 5 -7 -8)
1969-12-31 18:00:17.578810564,(3 -35 -52 -18 -4 9 -1 7)
1969-12-31 18:00:17.578810564,(11 48 20 4 1 1 -7 -8)
1969-12-31 18:00:17.588105341,(-9 -7 10 10 1 0 -2 3)
1969-12-31 18:00:17.588105341,(-11 -58 -47 -19 -11 0 -8 -7)
1969-12-31 18:00:17.603596636,(1 16 13 4 -5 0 -1 -2)
1969-12-31 18:00:17.603596636,(-4 -36 -33 -14 -7 -1 -7 -3)
1969-12-31 18:00:17.604629389,(3 3 -3 -4 -5 1 -8 -4)
1969-12-31 18:00:17.604629389,(4 10 6 2 -3 3 -2 0)
1969-12-31 18:00:17.626317203,(-6 -12 -4 0 -4 2 -7 -8)
1969-12-31 18:00:17.626317203,(2 9 12 4 -1 2 -4 -4)
1969-12-31 18:00:17.628382709,(5 37 45 17 2 4 -5 -1)
1969-12-31 18:00:17.628382709,(-9 -15 -7 1 -1 8 2 -5)
1969-12-31 18:00:17.650070522,(-8 -37 -24 -13 -8 0 -11 -12)
1969-12-31 18:00:17.650070522,(0 45 24 12 2 6 2 3)
1969-12-31 18:00:17.651103275,(0 -12 -19 -9 -4 1 -6 -6)
1969-12-31 18:00:17.651103275,(6 0 8 12 1 1 -2 3)
1969-12-31 18:00:17.672791089,(-4 -10 -10 -6 -6 -3 2 -1)
1969-12-31 18:00:17.672791089,(-1 7 8 2 0 -5 -2 -5)
1969-12-31 18:00:17.674856595,(0 -13 -7 -1 0 -2 4 4)
1969-12-31 18:00:17.674856595,(-9 -31 -35 -21 -11 -14 -1 -3)
1969-12-31 18:00:17.688282384,(4 20 9 0 3 -1 1 -10)
1969-12-31 18:00:17.688282384,(-3 -5 4 7 3 -3 8 2)
1969-12-31 18:00:17.690347890,(-2 -14 -12 -9 -2 -1 1 8)
1969-12-31 18:00:17.690347890,(7 32 13 -1 0 5 -7 -6)
1969-12-31 18:00:17.702740927,(-2 8 20 7 4 8 -3 -3)
1969-12-31 18:00:17.702740927,(-11 -30 -12 -6 -5 7 -5 -5)
1969-12-31 18:00:17.712035704,(-6 3 7 5 0 7 -8 -12)
1969-12-31 18:00:17.712035704,(5 -5 3 2 2 8 0 10)
1969-12-31 18:00:17.727526999,(4 -2 1 2 1 2 -1 5)
1969-12-31 18:00:17.727526999,(3 6 -14 -6 -3 -1 -1 3)
1969-12-31 18:00:17.728559752,(-4 -52 -33 -17 -6 -8 -2 0)
1969-12-31 18:00:17.728559752,(2 46 32 23 10 0 7 2)
1969-12-31 18:00:17.750247566,(6 16 3 3 2 -8 1 8)
1969-12-31 18:00:17.750247566,(-5 -19 -14 -4 -1 -11 6 2)
1969-12-31 18:00:17.752313072,(2 -1 -5 -4 -2 -14 1 2)
1969-12-31 18:00:17.752313072,(-2 -20 -21 -18 -5 -11 5 0)
1969-12-31 18:00:17.764706108,(1 8 9 -1 1 -8 6 4)
1969-12-31 18:00:17.764706108,(1 4 1 0 3 -7 3 3)
1969-12-31 18:00:17.774000885,(-3 12 11 2 2 -6 -2 -5)
1969-12-31 18:00:17.774000885,(2 -2 -3 -6 -1 -4 -1 -1)
1969-12-31 18:00:17.787426675,(-2 5 5 4 1 -3 0 0)
1969-12-31 18:00:17.787426675,(-7 -11 -3 -6 -4 0 -3 -2)
1969-12-31 18:00:17.796721452,(0 11 10 6 2 0 -5 -12)
1969-12-31 18:00:17.796721452,(-3 -8 -5 -3 -2 3 6 6)
1969-12-31 18:00:17.812212747,(-1 2 2 3 -1 1 -3 -2)
1969-12-31 18:00:17.812212747,(-1 -5 0 0 -2 1 -4 -5)
1969-12-31 18:00:17.814278253,(0 6 3 -1 -3 3 -3 -2)
1969-12-31 18:00:17.814278253,(-3 -2 4 1 -1 1 -2 1)
1969-12-31 18:00:17.836998820,(-4 -5 0 -3 -1 3 0 -2)
1969-12-31 18:00:17.836998820,(-1 2 -4 -9 -4 2 -3 -5)
1969-12-31 18:00:17.839064326,(-3 -4 3 14 3 3 2 2)
1969-12-31 18:00:17.839064326,(0 5 -5 -4 -3 -1 -3 -1)
1969-12-31 18:00:17.850424609,(-1 -3 1 2 -1 0 -1 2)
1969-12-31 18:00:17.850424609,(0 -2 0 -2 -3 -1 -6 -5)
1969-12-31 18:00:17.857653880,(0 1 -5 -6 -3 -1 -1 0)
1969-12-31 18:00:17.857653880,(-1 -10 -9 -2 -2 -1 -3 -2)
1969-12-31 18:00:17.857653880,(-2 -1 -4 -1 0 1 0 -2)
1969-12-31 18:00:17.857653880,(-1 -2 -2 -1 -1 -1 -3 -1)
1969-12-31 18:00:17.859719386,(-1 -1 -1 0 -1 -1 -1 -1)
1969-12-31 18:00:17.859719386,(0 -1 0 -2 -2 -3 -3 -2)
1969-12-31 18:00:17.881407200,(0 -1 -1 -1 -3 -1 -1 -2)
1969-12-31 18:00:17.881407200,(0 3 5 2 0 -1 -1 0)
1969-12-31 18:00:17.882439953,(-1 1 -1 0 0 -2 -1 -1)
1969-12-31 18:00:17.882439953,(-3 -2 -3 -5 -2 -2 -1 -1)
1969-12-31 18:00:17.895865742,(-3 -1 -1 -2 -1 -2 -1 -2)
1969-12-31 18:00:17.895865742,(-1 -3 -3 -3 -3 0 -1 -1)
1969-12-31 18:00:17.903095013,(-2 -2 -1 -4 -4 -2 -2 -1)
1969-12-31 18:00:17.903095013,(-1 -1 -1 4 -1 -3 1 0)
1969-12-31 18:00:17.919619062,(-1 0 0 -2 -1 -1 -1 0)
1969-12-31 18:00:17.919619062,(-1 -2 -1 -3 -1 -2 -1 -2)
1969-12-31 18:00:17.921684568,(2 0 2 1 1 0 -2 -1)
1969-12-31 18:00:17.921684568,(-1 -2 -2 -2 0 3 -1 -1)
1969-12-31 18:00:17.942339628,(-1 -2 -1 0 -1 -1 -2 -2)
1969-12-31 18:00:17.942339628,(0 -1 -3 -7 -4 -2 -1 -3)
1969-12-31 18:00:17.943372381,(-4 -4 -4 -2 -3 -1 -1 0)
1969-12-31 18:00:17.943372381,(-1 1 -2 -1 -1 0 -1 -1)
1969-12-31 18:00:17.956798171,(-2 -4 -3 -6 -2 0 -1 -2)
1969-12-31 18:00:17.956798171,(0 -1 6 9 3 1 1 1)
1969-12-31 18:00:17.965060195,(0 -1 -8 -1 1 -1 -2 -1)
1969-12-31 18:00:17.965060195,(-3 -2 7 -2 -1 2 -1 0)
1969-12-31 18:00:17.980551490,(-2 0 3 12 1 -14 -5 0)
1969-12-31 18:00:17.980551490,(-2 -4 -12 -11 -1 19 3 -2)
1969-12-31 18:00:17.981584243,(0 3 5 1 -1 -1 1 2)
1969-12-31 18:00:17.981584243,(-2 -6 -7 -7 -11 -41 -28 -6)
1969-12-31 18:00:18.004304810,(-2 -4 -15 -3 11 19 -3 -3)
1969-12-31 18:00:18.004304810,(-1 -1 14 -6 -6 -4 -14 -3)
1969-12-31 18:00:18.005337563,(2 5 9 15 13 -1 -1 2)
1969-12-31 18:00:18.005337563,(3 4 3 15 10 61 16 3)
1969-12-31 18:00:18.028058129,(-1 2 13 12 -6 -36 -7 -5)
1969-12-31 18:00:18.028058129,(2 -1 -11 2 1 -2 13 8)
1969-12-31 18:00:18.035287400,(-6 -8 -12 -20 -12 -39 -39 -13)
1969-12-31 18:00:18.035287400,(-5 -8 -10 -31 -12 -1 5 -2)
1969-12-31 18:00:18.043549425,(-4 -8 -32 -21 -34 3 -23 -7)
1969-12-31 18:00:18.043549425,(4 10 31 23 28 20 30 7)
1969-12-31 18:00:18.044582178,(3 5 14 19 22 13 -13 3)
1969-12-31 18:00:18.044582178,(4 6 -17 -1 -4 -18 3 1)
1969-12-31 18:00:18.066269990,(-2 0 18 -15 11 32 -3 -2)
1969-12-31 18:00:18.066269990,(-4 -6 -11 4 -24 -74 -9 -6)
1969-12-31 18:00:18.067302743,(2 -3 -10 11 6 21 7 1)
1969-12-31 18:00:18.067302743,(2 -1 -2 -5 2 -6 18 8)
1969-12-31 18:00:18.090023311,(0 -3 -16 -9 4 -6 12 7)
1969-12-31 18:00:18.090023311,(-6 -10 -25 -50 -17 -4 -17 -5)
1969-12-31 18:00:18.090023311,(-3 -2 7 14 -8 -20 11 -5)
1969-12-31 18:00:18.090023311,(6 16 32 46 20 16 1 4)
1969-12-31 18:00:18.104481853,(-1 4 0 -15 -7 0 11 0)
1969-12-31 18:00:18.104481853,(-1 -3 -4 1 4 4 -2 -1)
1969-12-31 18:00:18.105514606,(-6 -9 -12 -9 -8 17 12 4)
1969-12-31 18:00:18.105514606,(0 -1 -4 -12 -8 -7 -10 -13)
1969-12-31 18:00:18.128235173,(3 2 -6 12 10 -11 1 2)
1969-12-31 18:00:18.128235173,(1 0 18 0 1 7 -5 0)
1969-12-31 18:00:18.129267926,(-1 -2 -20 -21 -6 -3 5 4)
1969-12-31 18:00:18.129267926,(2 0 4 3 -3 -11 3 8)
1969-12-31 18:00:18.142693715,(-1 0 5 7 7 -1 5 2)
1969-12-31 18:00:18.142693715,(-5 3 -12 -1 -3 9 -7 -12)
1969-12-31 18:00:18.150955739,(1 6 15 0 -4 13 11 5)
1969-12-31 18:00:18.150955739,(-1 5 10 1 -1 5 1 4)
1969-12-31 18:00:18.168512541,(-5 -7 -5 -1 -7 11 -4 -5)
1969-12-31 18:00:18.168512541,(-15 -16 -7 5 1 18 -1 -9)
1969-12-31 18:00:18.174709059,(5 4 13 6 1 6 1 2)
1969-12-31 18:00:18.174709059,(-2 -2 -4 -1 4 8 -2 -7)
1969-12-31 18:00:18.190200354,(21 11 2 -11 -17 -2 6 23)
1969-12-31 18:00:18.190200354,(-9 -5 3 18 10 -7 -10 -5)
1969-12-31 18:00:18.191233107,(-2 -2 -3 -9 -9 -9 0 -6)
1969-12-31 18:00:18.191233107,(-16 -25 -19 -10 4 -9 0 -6)
1969-12-31 18:00:18.212920921,(-7 -2 4 9 6 -4 -8 -14)
1969-12-31 18:00:18.212920921,(13 12 9 4 0 0 6 13)
1969-12-31 18:00:18.213953674,(5 0 -8 -5 -2 -4 -3 3)
1969-12-31 18:00:18.213953674,(-4 0 -2 -7 -10 -5 -5 -8)
1969-12-31 18:00:18.228412216,(-7 -5 4 5 3 -2 1 -4)
1969-12-31 18:00:18.228412216,(1 0 -7 -3 -4 0 -2 0)
1969-12-31 18:00:18.229444969,(-3 -4 -5 -6 -1 2 1 -2)
1969-12-31 18:00:18.229444969,(2 -1 1 -2 -6 -4 -3 1)
1969-12-31 18:00:18.252165536,(-1 -2 4 1 4 1 2 -2)
1969-12-31 18:00:18.252165536,(1 1 -4 -5 -2 1 1 1)
1969-12-31 18:00:18.253198289,(-5 -3 1 0 -4 -1 -2 -6)
1969-12-31 18:00:18.253198289,(0 -1 2 3 2 2 -5 -1)
1969-12-31 18:00:18.266624078,(1 0 -2 0 1 3 -3 -1)
1969-12-31 18:00:18.266624078,(0 0 1 3 -1 4 -2 -3)
1969-12-31 18:00:18.274886102,(-3 -2 1 -1 0 0 -4 -5)
1969-12-31 18:00:18.274886102,(0 -1 -3 1 0 3 -3 -3)
1969-12-31 18:00:18.291410150,(-1 -3 3 1 0 3 0 -3)
1969-12-31 18:00:18.291410150,(0 3 0 -1 -4 -1 -2 0)
1969-12-31 18:00:18.292442904,(-5 -7 -2 2 1 0 -1 -1)
1969-12-31 18:00:18.292442904,(5 -10 -13 -6 -1 -3 0 4)
1969-12-31 18:00:18.314130717,(0 19 23 10 1 -4 -2 -3)
1969-12-31 18:00:18.314130717,(-2 -2 -7 -1 1 -2 1 0)
1969-12-31 18:00:18.315163469,(-4 -11 -5 -3 -2 -5 0 -3)
1969-12-31 18:00:18.315163469,(5 16 -4 -4 -1 -3 0 1)
1969-12-31 18:00:18.328589259,(-4 -18 -10 -4 -1 -5 -1 -2)
1969-12-31 18:00:18.328589259,(3 -6 -9 -4 -1 -3 0 -1)
1969-12-31 18:00:18.336851284,(3 16 8 0 2 -2 0 3)
1969-12-31 18:00:18.336851284,(-18 -8 13 3 1 -5 -1 -8)
1969-12-31 18:00:18.353375332,(19 8 -6 -4 0 -3 4 10)
1969-12-31 18:00:18.353375332,(6 12 5 0 1 -4 -1 -2)
1969-12-31 18:00:18.353375332,(-11 -20 -14 -9 -3 1 13 37)
1969-12-31 18:00:18.353375332,(-2 -1 5 1 1 -5 -14 -43)
1969-12-31 18:00:18.384357923,(-48 -25 -9 -8 -6 -6 -2 0)
1969-12-31 18:00:18.384357923,(5 0 1 -2 -2 -3 -1 0)
1969-12-31 18:00:18.385390676,(19 3 -1 -4 -6 -7 -4 18)
1969-12-31 18:00:18.385390676,(26 17 4 3 0 -1 2 5)
1969-12-31 18:00:18.391587194,(18 14 7 8 8 9 19 26)
1969-12-31 18:00:18.391587194,(-39 -23 -19 -7 -6 -12 -19 -35)
1969-12-31 18:00:18.398816465,(16 7 4 1 3 -2 12 18)
1969-12-31 18:00:18.398816465,(-38 -11 -5 -4 -1 -9 -4 -16)
1969-12-31 18:00:18.414307760,(26 2 -3 -3 1 -6 1 26)
1969-12-31 18:00:18.415340513,(2 16 12 4 5 3 -5 -11)
1969-12-31 18:00:18.415340513,(2 9 12 4 3 9 5 -23)
1969-12-31 18:00:18.415340513,(18 6 4 1 -3 10 8 49)
1969-12-31 18:00:18.438061080,(-27 -11 2 6 3 22 -13 -53)
1969-12-31 18:00:18.438061080,(2 -18 -9 -7 -18 8 -9 15)
1969-12-31 18:00:18.439093833,(-16 -10 -5 -4 -15 8 -15 -23)
1969-12-31 18:00:18.439093833,(-6 -9 -7 -2 -4 -21 -14 -12)
1969-12-31 18:00:18.453552375,(55 34 16 12 11 34 5 22)
1969-12-31 18:00:18.453552375,(-47 -18 -7 -4 -8 -53 -42 -24)
1969-12-31 18:00:18.460781647,(-23 -14 -7 -3 -7 -20 -11 -7)
1969-12-31 18:00:18.460781647,(-23 -11 -6 -9 -12 -3 10 -12)
1969-12-31 18:00:18.477305695,(-13 0 0 3 -1 -43 3 -21)
1969-12-31 18:00:18.477305695,(10 9 3 5 12 45 -6 -7)
1969-12-31 18:00:18.477305695,(31 4 0 2 7 21 21 49)
1969-12-31 18:00:18.477305695,(-23 -5 -3 0 3 19 -7 -23)
1969-12-31 18:00:18.500026261,(-9 -2 -5 -6 -5 -32 -4 -7)
1969-12-31 18:00:18.500026261,(7 9 7 8 10 10 16 -19)
1969-12-31 18:00:18.501059014,(-21 -6 -8 -7 -4 -25 -4 -57)
1969-12-31 18:00:18.501059014,(-6 -5 -3 -2 2 19 -4 -17)
1969-12-31 18:00:18.532041605,(-2 -10 -8 -9 -9 -4 -17 -1)
1969-12-31 18:00:18.532041605,(-1 11 6 7 2 -11 9 -30)
1969-12-31 18:00:18.533074358,(28 11 3 3 7 20 3 6)
1969-12-31 18:00:18.533074358,(-42 -31 -17 -11 -14 -19 11 -44)
1969-12-31 18:00:18.538238123,(-25 -7 -4 -4 -3 -23 -33 -66)
1969-12-31 18:00:18.538238123,(33 5 3 0 -3 -11 23 71)
1969-12-31 18:00:18.539270876,(40 8 -2 -3 3 39 -3 13)
1969-12-31 18:00:18.539270876,(13 9 4 3 4 17 21 41)
1969-12-31 18:00:18.561991443,(27 8 2 0 -5 -20 -7 24)
1969-12-31 18:00:18.561991443,(-11 -22 -16 -14 -4 52 4 -34)
1969-12-31 18:00:18.563024196,(-12 15 12 10 7 -43 -1 19)
1969-12-31 18:00:18.563024196,(6 -7 -5 -2 12 76 5 42)
1969-12-31 18:00:18.585744762,(-12 -6 -3 -3 -10 -42 8 -13)
1969-12-31 18:00:18.585744762,(-9 -8 -2 -4 -3 0 22 22)
1969-12-31 18:00:18.585744762,(-2 9 3 1 0 -20 -7 45)
1969-12-31 18:00:18.585744762,(26 8 8 6 9 -4 -52 -1)
1969-12-31 18:00:18.601236058,(-22 -6 -2 0 4 27 20 -34)
1969-12-31 18:00:18.601236058,(51 26 14 12 13 5 -31 -37)
1969-12-31 18:00:18.601236058,(-74 -32 -16 -15 -13 4 0 -55)
1969-12-31 18:00:18.601236058,(20 10 5 1 2 -21 12 18)
1969-12-31 18:00:18.623956624,(12 1 2 8 9 40 14 91)
1969-12-31 18:00:18.623956624,(21 12 3 -1 -3 -5 12 29)
1969-12-31 18:00:18.624989377,(9 -3 -1 -1 -6 -31 -18 -19)
1969-12-31 18:00:18.624989377,(20 17 10 6 0 -12 11 42)
1969-12-31 18:00:18.647709944,(8 2 -5 -4 3 25 -20 6)
1969-12-31 18:00:18.647709944,(-81 -41 -23 -16 -17 -27 10 18)
1969-12-31 18:00:18.648742697,(-17 -15 -3 -3 -1 -5 -40 -64)
1969-12-31 18:00:18.648742697,(32 27 4 0 -4 -5 22 21)
1969-12-31 18:00:18.663201239,(-10 -5 1 1 0 -9 13 9)
1969-12-31 18:00:18.663201239,(18 11 6 5 4 17 20 5)
1969-12-31 18:00:18.663201239,(-20 -3 -8 -4 -3 -2 -10 -50)
1969-12-31 18:00:18.663201239,(22 8 6 6 3 -9 13 38)
1969-12-31 18:00:18.685921806,(-12 -15 -6 -4 -3 12 -14 -30)
1969-12-31 18:00:18.685921806,(-14 -7 -9 -8 1 22 -27 -30)
1969-12-31 18:00:18.686954559,(-6 12 7 5 2 -12 15 0)
1969-12-31 18:00:18.686954559,(-2 -3 -5 -7 -5 11 48 -6)
1969-12-31 18:00:18.709675125,(2 5 3 2 1 9 17 13)
1969-12-31 18:00:18.709675125,(-29 -15 -6 -2 -4 -5 0 -12)
1969-12-31 18:00:18.710707878,(59 39 12 6 5 5 14 61)
1969-12-31 18:00:18.710707878,(-36 -15 -8 -3 -2 -2 -17 -37)
1969-12-31 18:00:18.724133668,(-43 -50 -26 -22 -16 -17 -14 5)
1969-12-31 18:00:18.724133668,(14 -2 -1 -3 -6 -21 31 42)
1969-12-31 18:00:18.725166421,(20 15 8 5 8 32 21 29)
1969-12-31 18:00:18.725166421,(-14 1 2 0 -3 -21 -20 -28)
1969-12-31 18:00:18.747886987,(0 2 1 2 -1 5 0 -16)
1969-12-31 18:00:18.747886987,(39 28 5 1 -1 -7 4 35)
1969-12-31 18:00:18.748919740,(9 -9 -6 -3 5 11 15 40)
1969-12-31 18:00:18.748919740,(22 3 1 3 10 39 1 64)
1969-12-31 18:00:18.770607554,(-22 -13 -2 -5 -6 -33 -10 -23)
1969-12-31 18:00:18.770607554,(1 -3 1 2 7 20 -5 33)
1969-12-31 18:00:18.771640307,(-12 2 4 1 -4 -12 -10 -40)
1969-12-31 18:00:18.771640307,(4 1 2 0 1 15 5 -8)
1969-12-31 18:00:18.787131602,(23 14 2 1 1 1 -18 3)
1969-12-31 18:00:18.787131602,(12 11 6 5 3 -11 -7 -24)
1969-12-31 18:00:18.787131602,(-36 -22 -7 -3 -1 12 2 -13)
1969-12-31 18:00:18.787131602,(-22 -14 -8 -6 -7 -29 -33 -46)
1969-12-31 18:00:18.809852169,(37 18 7 4 3 8 22 45)
1969-12-31 18:00:18.809852169,(7 8 3 0 0 -2 1 51)
1969-12-31 18:00:18.810884922,(-12 -14 -9 -7 -5 -8 -19 -37)
1969-12-31 18:00:18.810884922,(-19 -2 -3 -2 -2 -8 18 55)
1969-12-31 18:00:18.833605488,(-27 -5 -6 -8 -7 -9 -21 -73)
1969-12-31 18:00:18.833605488,(7 -6 2 1 4 7 12 5)
1969-12-31 18:00:18.834638241,(-16 -7 -1 -1 -2 -28 8 -10)
1969-12-31 18:00:18.834638241,(-9 -14 -10 -8 -7 -10 -2 2)
1969-12-31 18:00:18.849096784,(33 13 2 2 2 5 -9 55)
1969-12-31 18:00:18.849096784,(-15 -11 -5 -4 -6 -16 -7 5)
1969-12-31 18:00:18.849096784,(30 22 13 10 11 -8 6 -16)
1969-12-31 18:00:18.849096784,(-39 -35 -17 -12 -8 25 -10 -91)
1969-12-31 18:00:18.871817350,(-12 -12 -11 -7 -4 33 8 36)
1969-12-31 18:00:18.871817350,(-2 4 7 5 7 18 -4 -81)
1969-12-31 18:00:18.872850103,(17 5 3 3 0 -2 -3 42)
1969-12-31 18:00:18.872850103,(4 3 -4 -5 -3 -26 -16 -12)
1969-12-31 18:00:18.895570670,(41 18 11 9 7 13 22 53)
1969-12-31 18:00:18.895570670,(-30 -16 -13 -11 -18 -36 -50 -76)
1969-12-31 18:00:18.896603423,(-56 -20 -11 -5 -4 20 -17 -38)
1969-12-31 18:00:18.896603423,(6 5 7 6 2 -14 3 2)
1969-12-31 18:00:18.911061965,(-26 -3 -3 -3 -4 -9 -14 -82)
1969-12-31 18:00:18.911061965,(23 -2 -1 -5 -7 -17 -10 7)
1969-12-31 18:00:18.912094718,(14 14 3 1 4 17 9 53)
1969-12-31 18:00:18.912094718,(8 -9 -4 -1 -5 -8 10 -20)
1969-12-31 18:00:18.933782532,(-4 2 -1 -2 -8 -71 -21 -3)
1969-12-31 18:00:18.933782532,(21 10 4 2 1 2 17 4)
1969-12-31 18:00:18.934815285,(25 -2 -3 0 0 10 27 54)
1969-12-31 18:00:18.934815285,(7 8 0 -1 -3 -13 -60 -51)
1969-12-31 18:00:18.957535851,(-32 -14 -3 -3 -1 14 7 -53)
1969-12-31 18:00:18.957535851,(24 19 7 5 4 -6 7 2)
1969-12-31 18:00:18.958568604,(-7 -1 -5 -8 -11 -12 -26 -21)
1969-12-31 18:00:18.958568604,(-44 -28 -11 -6 -1 7 10 -25)
1969-12-31 18:00:18.973027147,(-9 3 3 5 1 1 20 -34)
1969-12-31 18:00:18.973027147,(-27 -22 -13 -12 -13 -40 -11 -18)
1969-12-31 18:00:18.973027147,(1 -5 -6 -5 -3 12 8 29)
1969-12-31 18:00:18.973027147,(4 11 5 6 10 30 -11 -19)
1969-12-31 18:00:18.995747713,(-4 -3 -3 -3 -6 -10 12 6)
1969-12-31 18:00:18.995747713,(4 2 1 -6 -16 17 27 86)
1969-12-31 18:00:18.996780466,(-1 -10 -5 4 33 20 7 -3)
1969-12-31 18:00:18.996780466,(36 13 4 2 1 -16 11 72)
1969-12-31 18:00:19.019501033,(-5 0 2 4 30 55 7 -13)
1969-12-31 18:00:19.019501033,(4 3 -1 -2 -10 -7 -3 -4)
1969-12-31 18:00:19.020533786,(26 13 8 9 10 -11 12 51)
1969-12-31 18:00:19.020533786,(-23 -13 -7 -10 -32 -49 -39 -73)
1969-12-31 18:00:19.043254352,(-18 -14 -12 -15 -30 7 -14 -28)
1969-12-31 18:00:19.043254352,(-31 -7 3 30 83 63 9 12)
1969-12-31 18:00:19.044287105,(-7 -3 -1 -6 -21 2 13 -51)
1969-12-31 18:00:19.044287105,(6 11 -4 -26 -55 -32 -25 5)
1969-12-31 18:00:19.057712895,(11 15 5 -5 -17 -19 9 15)
1969-12-31 18:00:19.057712895,(29 3 -1 -8 -24 -11 -3 11)
1969-12-31 18:00:19.058745648,(-57 -26 -5 7 32 29 -2 -85)
1969-12-31 18:00:19.058745648,(4 7 8 17 23 5 13 0)
1969-12-31 18:00:19.081466214,(20 10 6 4 -5 8 5 41)
1969-12-31 18:00:19.081466214,(-1 6 2 9 26 15 10 58)
1969-12-31 18:00:19.082498967,(10 -13 -22 -12 3 1 -4 -13)
1969-12-31 18:00:19.082498967,(-6 9 31 7 1 12 19 44)
1969-12-31 18:00:19.095924757,(-15 -13 15 10 8 -33 -16 1)
1969-12-31 18:00:19.095924757,(6 9 6 20 59 39 -2 5)
1969-12-31 18:00:19.096957510,(46 1 -39 -17 -40 9 47 52)
1969-12-31 18:00:19.096957510,(14 -2 20 -20 -73 -90 -32 -1)
1969-12-31 18:00:19.119678076,(33 64 43 30 78 59 27 57)
1969-12-31 18:00:19.119678076,(-11 -19 -16 -28 -92 -55 -22 -34)
1969-12-31 18:00:19.120710829,(-36 -50 -38 -32 -31 -8 -20 -28)
1969-12-31 18:00:19.120710829,(45 47 -44 7 64 52 41 59)
1969-12-31 18:00:19.143431396,(22 -34 -11 -22 -33 -59 -20 30)
1969-12-31 18:00:19.143431396,(8 70 91 45 28 27 18 11)
1969-12-31 18:00:19.144464149,(-16 -71 -76 -33 12 4 -41 -23)
1969-12-31 18:00:19.144464149,(-7 46 95 51 11 34 23 5)
1969-12-31 18:00:19.157889938,(-64 8 3 10 38 1 -60 -115)
1969-12-31 18:00:19.157889938,(-5 -47 -70 -21 -40 -21 -6 -5)
1969-12-31 18:00:19.158922691,(15 27 49 8 -17 -3 6 -6)
1969-12-31 18:00:19.158922691,(-2 -92 -128 -54 -3 -18 8 -22)
1969-12-31 18:00:19.181643258,(-5 -6 2 -15 -15 0 -24 15)
1969-12-31 18:00:19.181643258,(-14 72 48 45 27 27 18 1)
1969-12-31 18:00:19.182676011,(57 28 16 23 39 3 -4 23)
1969-12-31 18:00:19.182676011,(55 -82 -70 -18 5 14 26 60)
1969-12-31 18:00:19.204363824,(5 -70 -57 -30 -57 -22 34 24)
1969-12-31 18:00:19.205396577,(-16 20 19 -37 -64 -40 -46 -23)
1969-12-31 18:00:19.212625848,(-42 -77 -35 -14 -12 -28 2 48)
1969-12-31 18:00:19.212625848,(74 127 127 85 69 58 18 38)
1969-12-31 18:00:19.219855120,(-20 -108 -18 -3 36 15 17 -17)
1969-12-31 18:00:19.219855120,(-21 -92 -24 -21 -31 -39 -21 -33)
1969-12-31 18:00:19.228117144,(-22 78 5 16 18 31 37 72)
1969-12-31 18:00:19.228117144,(-26 -98 -34 -17 14 10 33 -2)
1969-12-31 18:00:19.243608439,(81 127 -17 13 27 30 -46 -19)
1969-12-31 18:00:19.243608439,(-6 2 30 36 70 31 67 44)
1969-12-31 18:00:19.244641192,(10 -51 -11 -21 -85 -64 -66 -46)
1969-12-31 18:00:19.244641192,(6 2 -45 -30 -17 7 9 -19)
1969-12-31 18:00:19.267361759,(-37 -85 -61 -42 13 13 10 -14)
1969-12-31 18:00:19.267361759,(-61 -14 -18 -45 -108 -102 -33 -111)
1969-12-31 18:00:19.268394512,(47 89 47 18 20 -5 -30 -6)
1969-12-31 18:00:19.268394512,(-62 10 47 8 -23 -32 -12 -2)
1969-12-31 18:00:19.281820301,(-8 60 51 39 36 15 -75 -75)
1969-12-31 18:00:19.281820301,(53 -58 -91 -5 58 66 54 63)
1969-12-31 18:00:19.290082325,(-2 23 93 35 -21 -15 24 12)
1969-12-31 18:00:19.290082325,(-39 10 -18 -7 -2 0 -39 -107)
1969-12-31 18:00:19.305573621,(47 -63 -44 -14 -8 5 46 70)
1969-12-31 18:00:19.305573621,(-47 90 86 42 42 16 -32 -65)
1969-12-31 18:00:19.306606373,(28 42 -14 -6 -27 -13 -12 2)
1969-12-31 18:00:19.306606373,(7 -19 2 9 27 15 31 65)
1969-12-31 18:00:19.329326940,(1 -64 -64 -18 -12 18 65 54)
1969-12-31 18:00:19.329326940,(-16 -16 -32 -20 -28 -38 -37 -58)
1969-12-31 18:00:19.330359692,(-31 12 7 -13 -16 7 11 21)
1969-12-31 18:00:19.330359692,(-3 -72 -25 3 30 20 3 10)
1969-12-31 18:00:19.343785482,(-20 103 42 7 -38 -19 17 12)
1969-12-31 18:00:19.343785482,(110 -1 -40 -26 -10 18 23 64)
1969-12-31 18:00:19.352047507,(-88 -29 -58 -25 -1 -20 -37 -74)
1969-12-31 18:00:19.352047507,(46 75 64 53 21 13 16 16)
1969-12-31 18:00:19.369604308,(-84 -126 -81 -26 -27 -23 -39 -59)
1969-12-31 18:00:19.369604308,(10 63 46 36 63 27 18 64)
1969-12-31 18:00:19.369604308,(75 -68 -87 -38 -45 12 74 48)
1969-12-31 18:00:19.369604308,(-38 76 46 -10 -62 -41 -54 -38)
1969-12-31 18:00:19.391292122,(40 47 21 1 -18 -18 -15 23)
1969-12-31 18:00:19.391292122,(-13 11 33 23 31 0 -7 -2)
1969-12-31 18:00:19.392324875,(8 -53 -8 31 42 27 29 3)
1969-12-31 18:00:19.392324875,(-11 -79 -52 -30 13 22 18 -3)
1969-12-31 18:00:19.405750664,(4 22 -23 -8 -7 -15 -4 -26)
1969-12-31 18:00:19.405750664,(-5 -21 21 -7 -10 1 23 11)
1969-12-31 18:00:19.414012688,(-30 -14 -17 -4 9 -18 -51 -57)
1969-12-31 18:00:19.414012688,(43 -4 -57 -40 -42 -1 14 18)
1969-12-31 18:00:19.429503983,(12 108 123 52 28 -3 10 -2)
1969-12-31 18:00:19.429503983,(-22 -125 -113 -30 -18 6 -5 6)
1969-12-31 18:00:19.430536737,(50 68 13 15 38 17 -19 7)
1969-12-31 18:00:19.430536737,(-42 94 82 37 -5 -22 -24 -30)
1969-12-31 18:00:19.453257303,(-5 -71 -35 -9 -8 3 28 57)
1969-12-31 18:00:19.453257303,(-47 -7 -30 -21 -16 12 5 -55)
1969-12-31 18:00:19.454290056,(4 -4 53 40 65 10 7 86)
1969-12-31 18:00:19.454290056,(-1 -122 -101 -43 -38 -26 -26 -60)
1969-12-31 18:00:19.467715845,(14 31 19 -31 -62 -34 -4 -1)
1969-12-31 18:00:19.467715845,(-28 -98 -73 -35 4 16 -25 -2)
1969-12-31 18:00:19.477010623,(-6 76 93 22 17 -5 13 -5)
1969-12-31 18:00:19.477010623,(44 35 10 37 74 40 52 113)
1969-12-31 18:00:19.491469165,(-13 70 89 47 4 8 -29 -74)
1969-12-31 18:00:19.491469165,(4 -47 -47 -21 -33 -31 -31 -34)
1969-12-31 18:00:19.499731189,(33 -25 -58 -4 47 24 13 4)
1969-12-31 18:00:19.499731189,(-38 74 93 19 -35 -23 -29 -50)
1969-12-31 18:00:19.515222485,(5 9 24 19 16 6 22 42)
1969-12-31 18:00:19.515222485,(6 -2 -13 6 24 27 24 17)
1969-12-31 18:00:19.516255238,(-22 -26 -16 -30 -37 -15 6 -7)
1969-12-31 18:00:19.516255238,(39 -16 -43 -11 -36 -29 -6 22)
1969-12-31 18:00:19.538975804,(12 -50 -94 -36 23 10 14 69)
1969-12-31 18:00:19.538975804,(-51 56 113 64 79 26 -32 -12)
1969-12-31 18:00:19.540008557,(-60 -64 -84 -51 -112 -59 -22 -61)
1969-12-31 18:00:19.540008557,(16 15 -35 -38 5 1 -68 -65)
1969-12-31 18:00:19.553434346,(-48 71 72 66 55 28 3 -43)
1969-12-31 18:00:19.553434346,(46 -19 -35 7 -2 -3 45 63)
1969-12-31 18:00:19.554467099,(12 24 39 8 -4 7 -16 -38)
1969-12-31 18:00:19.554467099,(8 -75 -69 -9 24 -5 2 34)
1969-12-31 18:00:19.577187666,(-75 -23 15 -33 -60 -19 -19 -78)
1969-12-31 18:00:19.577187666,(27 82 24 -9 -10 -18 -15 -2)
1969-12-31 18:00:19.578220419,(-8 -42 -31 -8 -19 19 6 -8)
1969-12-31 18:00:19.578220419,(19 -3 12 9 8 -13 -6 16)
1969-12-31 18:00:19.599908233,(38 -49 -69 -16 25 28 42 30)
1969-12-31 18:00:19.599908233,(26 49 41 22 9 3 22 11)
1969-12-31 18:00:19.608170257,(-52 -5 25 18 19 -45 -89 -50)
1969-12-31 18:00:19.608170257,(-27 -29 -27 -37 -65 6 48 13)
1969-12-31 18:00:19.615399528,(-2 -75 -91 -48 -78 -34 -33 1)
1969-12-31 18:00:19.615399528,(-19 58 50 21 51 15 -13 -18)
1969-12-31 18:00:19.616432281,(60 78 42 20 -35 -10 52 74)
1969-12-31 18:00:19.616432281,(7 2 -59 5 50 6 -24 -31)
1969-12-31 18:00:19.639152847,(-7 97 100 93 28 10 -10 -23)
1969-12-31 18:00:19.639152847,(35 -62 -115 -36 -16 10 27 7)
1969-12-31 18:00:19.640185600,(12 -53 -41 -5 62 44 33 28)
1969-12-31 18:00:19.640185600,(-74 -15 21 -1 -54 -54 -8 -32)
1969-12-31 18:00:19.662906167,(15 -112 -104 -44 40 37 29 25)
1969-12-31 18:00:19.662906167,(-28 -10 -6 -16 -51 -34 -19 -41)
1969-12-31 18:00:19.663938920,(24 113 101 38 3 13 14 45)
1969-12-31 18:00:19.663938920,(30 -8 -13 -4 43 25 19 53)
1969-12-31 18:00:19.677364709,(-42 -55 -39 16 81 22 -22 -76)
1969-12-31 18:00:19.677364709,(7 49 46 -58 -98 -81 -46 -1)
1969-12-31 18:00:19.678397462,(-7 -72 -93 -36 18 15 15 -16)
1969-12-31 18:00:19.678397462,(-21 -27 48 9 2 -15 1 9)
1969-12-31 18:00:19.701118029,(39 123 71 31 23 6 -49 10)
1969-12-31 18:00:19.701118029,(33 -1 -9 12 19 33 45 8)
1969-12-31 18:00:19.702150782,(-38 -19 -33 -16 -34 -16 -27 -27)
1969-12-31 18:00:19.702150782,(47 116 104 60 52 30 27 37)
1969-12-31 18:00:19.724871348,(9 -29 -14 -2 -63 -32 7 -33)
1969-12-31 18:00:19.724871348,(43 22 -5 -27 -14 7 -2 51)
1969-12-31 18:00:19.724871348,(-33 3 62 36 36 22 16 -17)
1969-12-31 18:00:19.724871348,(-36 -78 -93 -54 -47 -5 -17 -29)
1969-12-31 18:00:19.739329891,(-5 -83 -57 -41 -50 -57 26 38)
1969-12-31 18:00:19.739329891,(-12 65 58 27 20 11 2 -9)
1969-12-31 18:00:19.740362644,(-5 -31 -18 -6 18 13 -67 -24)
1969-12-31 18:00:19.740362644,(19 44 10 17 27 1 -35 -35)
1969-12-31 18:00:19.763083210,(11 41 16 -17 -45 0 48 51)
1969-12-31 18:00:19.763083210,(-5 -103 -77 -15 53 47 4 18)
1969-12-31 18:00:19.764115963,(11 17 60 36 -31 -58 -20 -31)
1969-12-31 18:00:19.764115963,(-10 25 21 14 14 9 44 33)
1969-12-31 18:00:19.786836530,(-41 -8 -26 -53 -47 -19 -34 -81)
1969-12-31 18:00:19.786836530,(-14 26 73 35 -19 -28 -12 -31)
1969-12-31 18:00:19.787869283,(4 84 36 21 70 32 23 -5)
1969-12-31 18:00:19.787869283,(30 -94 -58 -13 -33 -4 -34 0)
1969-12-31 18:00:19.801295072,(54 9 -37 -23 1 -7 15 28)
1969-12-31 18:00:19.801295072,(-80 45 25 29 37 6 -13 -21)
1969-12-31 18:00:19.802327825,(-12 -60 -78 -36 -35 14 36 -3)
1969-12-31 18:00:19.802327825,(-32 1 21 20 42 22 4 -5)
1969-12-31 18:00:19.825048392,(2 -61 -42 -19 -45 -50 -9 28)
1969-12-31 18:00:19.825048392,(16 -84 -65 -35 -28 2 -6 -7)
1969-12-31 18:00:19.827113898,(14 -1 8 3 -24 -13 -22 45)
1969-12-31 18:00:19.827113898,(49 74 -4 -15 8 5 24 -1)
1969-12-31 18:00:19.848801711,(-10 60 68 5 17 -16 -62 0)
1969-12-31 18:00:19.848801711,(-11 -78 -27 1 -29 0 14 15)
1969-12-31 18:00:19.849834464,(11 -27 -60 -5 16 17 25 24)
1969-12-31 18:00:19.849834464,(-31 54 94 31 8 -1 13 -18)
1969-12-31 18:00:19.862227501,(14 -27 -4 16 4 -3 -49 10)
1969-12-31 18:00:19.862227501,(58 40 -7 24 29 4 22 5)
1969-12-31 18:00:19.871522278,(-49 -63 -2 -8 7 1 -37 -57)
1969-12-31 18:00:19.872555031,(20 -29 -72 -50 -71 -26 -15 24)
1969-12-31 18:00:19.887013573,(-66 -5 55 18 7 11 30 -29)
1969-12-31 18:00:19.887013573,(-15 -10 -52 -14 -2 -3 -31 -13)
1969-12-31 18:00:19.889079079,(60 -19 -26 -14 25 24 70 68)
1969-12-31 18:00:19.889079079,(-35 80 60 39 60 30 -53 -37)
1969-12-31 18:00:19.910766893,(66 29 7 4 -30 -51 10 71)
1969-12-31 18:00:19.910766893,(-22 -72 -64 -57 -34 0 25 27)
1969-12-31 18:00:19.911799646,(33 115 81 25 -4 -25 -19 1)
1969-12-31 18:00:19.911799646,(1 -33 -8 8 34 40 15 21)
1969-12-31 18:00:19.924192682,(8 -71 -27 8 21 32 23 -9)
1969-12-31 18:00:19.924192682,(-14 32 3 -10 -24 -13 -6 6)
1969-12-31 18:00:19.933487459,(-98 -7 12 -18 -19 -18 -30 -54)
1969-12-31 18:00:19.933487459,(49 95 58 18 -24 -16 -4 18)
1969-12-31 18:00:19.948978755,(41 29 55 32 61 42 13 20)
1969-12-31 18:00:19.948978755,(-34 -76 -57 -13 -11 -16 -11 -64)
1969-12-31 18:00:19.951044261,(-44 -86 -85 -37 -22 2 7 -50)
1969-12-31 18:00:19.951044261,(-52 -4 63 29 0 -2 33 -61)
1969-12-31 18:00:19.972732074,(-16 31 -23 -16 -5 -25 -53 -45)
1969-12-31 18:00:19.972732074,(47 13 22 4 29 5 -30 4)
1969-12-31 18:00:19.973764827,(-7 -62 -50 1 23 33 36 9)
1969-12-31 18:00:19.973764827,(-26 -56 -87 -55 -105 -89 -75 -82)
1969-12-31 18:00:19.987190617,(38 8 19 -2 -22 -3 12 49)
1969-12-31 18:00:19.987190617,(-20 73 49 3 24 -13 -24 -62)
1969-12-31 18:00:19.995452641,(-1 7 60 33 33 12 6 5)
1969-12-31 18:00:19.995452641,(43 -81 -89 -39 -4 13 41 56)
1969-12-31 18:00:20.010943936,(16 39 -1 15 11 26 6 -4)
1969-12-31 18:00:20.010943936,(-32 45 62 35 9 -10 -30 -41)
1969-12-31 18:00:20.013009442,(1 7 4 -9 -17 -15 -28 -21)
1969-12-31 18:00:20.013009442,(-53 -49 -22 -6 14 13 34 -1)
1969-12-31 18:00:20.034697256,(-9 -17 -46 -12 7 22 -26 -29)
1969-12-31 18:00:20.034697256,(44 -52 -26 6 16 19 50 59)
1969-12-31 18:00:20.035730009,(17 77 30 -3 -18 12 -22 4)
1969-12-31 18:00:20.035730009,(8 -11 -14 -15 -35 -29 14 33)
1969-12-31 18:00:20.048123045,(-34 -35 -10 -16 2 -4 -22 -28)
1969-12-31 18:00:20.048123045,(24 36 17 20 40 12 8 25)
1969-12-31 18:00:20.057417822,(26 11 0 -5 -22 -7 21 27)
1969-12-31 18:00:20.057417822,(15 -100 -72 -21 -3 6 -20 6)
1969-12-31 18:00:20.072909118,(3 99 85 41 35 29 44 12)
1969-12-31 18:00:20.072909118,(-16 11 31 8 -33 -17 -5 -30)
1969-12-31 18:00:20.074974624,(30 51 44 11 17 -6 6 26)
1969-12-31 18:00:20.074974624,(-19 -29 -60 -25 -8 -10 -21 -37)
1969-12-31 18:00:20.096662437,(-25 0 39 39 23 11 18 3)
1969-12-31 18:00:20.096662437,(-12 -32 0 -2 -34 -10 -4 -17)
1969-12-31 18:00:20.097695190,(21 3 6 -8 -4 -26 -24 -17)
1969-12-31 18:00:20.097695190,(11 -24 -17 11 77 62 -29 25)
1969-12-31 18:00:20.110088227,(-43 -18 -26 -22 -49 -48 -14 -5)
1969-12-31 18:00:20.110088227,(71 6 -34 -41 -74 -44 8 63)
1969-12-31 18:00:20.119383004,(-39 -13 -2 6 58 24 15 -12)
1969-12-31 18:00:20.119383004,(-26 20 30 -8 -4 -1 9 -25)
1969-12-31 18:00:20.134874299,(34 -43 -49 10 46 37 21 32)
1969-12-31 18:00:20.134874299,(47 -14 -13 8 17 19 7 40)
1969-12-31 18:00:20.136939805,(-46 29 11 0 -42 -30 10 -10)
1969-12-31 18:00:20.136939805,(-52 -50 34 23 17 4 -13 -25)
1969-12-31 18:00:20.158627619,(27 22 -39 -20 0 8 13 23)
1969-12-31 18:00:20.158627619,(9 73 86 28 -2 3 13 -7)
1969-12-31 18:00:20.159660372,(-23 -50 -56 -21 -4 -4 -29 -16)
1969-12-31 18:00:20.159660372,(-21 26 46 21 -2 -2 13 30)
1969-12-31 18:00:20.181348185,(-4 -52 -41 -35 -36 -21 3 -8)
1969-12-31 18:00:20.181348185,(-81 -112 -72 -24 2 -10 -49 -55)
1969-12-31 18:00:20.183413691,(85 72 24 12 35 6 0 31)
1969-12-31 18:00:20.183413691,(30 51 37 31 58 62 68 29)
1969-12-31 18:00:20.196839481,(-81 -22 -3 -37 -95 -79 -90 -83)
1969-12-31 18:00:20.196839481,(56 16 -5 -6 4 19 42 75)
1969-12-31 18:00:20.198904987,(-12 -88 -64 -24 -7 -22 -19 -28)
1969-12-31 18:00:20.198904987,(-48 29 18 12 -1 -8 16 -20)
1969-12-31 18:00:20.220592800,(67 25 26 18 26 38 45 58)
1969-12-31 18:00:20.220592800,(-5 94 73 29 7 -2 -9 -5)
1969-12-31 18:00:20.221625553,(4 -24 -20 0 -21 1 -4 10)
1969-12-31 18:00:20.221625553,(24 -8 -19 -18 -37 -24 -11 8)
1969-12-31 18:00:20.243313367,(21 -3 -13 -14 22 24 24 22)
1969-12-31 18:00:20.243313367,(-29 -36 -32 -32 -50 -22 -25 -21)
1969-12-31 18:00:20.245378873,(19 -9 -13 32 31 6 17 14)
1969-12-31 18:00:20.245378873,(19 37 34 19 -15 -11 -13 13)
1969-12-31 18:00:20.258804662,(-40 9 22 19 34 1 -12 -41)
1969-12-31 18:00:20.258804662,(-17 -37 -25 -21 -26 1 14 7)
1969-12-31 18:00:20.260870168,(36 34 25 11 3 6 7 14)
1969-12-31 18:00:20.260870168,(-86 -52 -34 -16 -10 -24 -33 -66)
1969-12-31 18:00:20.282557982,(-28 -2 -7 -10 -9 7 -11 -58)
1969-12-31 18:00:20.282557982,(43 18 14 10 13 -6 5 29)
1969-12-31 18:00:20.283590735,(-36 -1 -7 -16 -34 -15 -30 -72)
1969-12-31 18:00:20.283590735,(5 -14 2 -1 10 4 -7 28)
1969-12-31 18:00:20.295983771,(28 2 5 4 12 16 24 26)
1969-12-31 18:00:20.295983771,(69 41 -3 7 18 6 10 49)
1969-12-31 18:00:20.305278548,(-101 -58 -16 -19 -24 -32 -58 -94)
1969-12-31 18:00:20.305278548,(35 27 3 -1 -4 -8 -2 26)
1969-12-31 18:00:20.320769844,(38 12 14 11 13 20 24 40)
1969-12-31 18:00:20.320769844,(-68 -30 -22 -3 4 -2 -23 -53)
1969-12-31 18:00:20.322835350,(39 -8 -1 -6 -12 9 28 50)
1969-12-31 18:00:20.322835350,(21 7 6 -2 8 -29 1 8)
1969-12-31 18:00:20.343490410,(-22 7 5 5 -15 -54 -3 -30)
1969-12-31 18:00:20.343490410,(-33 -12 -9 -2 3 103 69 20)
1969-12-31 18:00:20.345555916,(97 46 20 11 31 12 20 114)
1969-12-31 18:00:20.345555916,(-20 9 3 -3 -27 -19 -22 -7)
1969-12-31 18:00:20.357948952,(32 6 1 -10 -3 17 1 -14)
1969-12-31 18:00:20.357948952,(-82 -41 -21 -21 -6 -30 -47 -57)
1969-12-31 18:00:20.367243730,(-7 0 -3 8 -6 -12 18 21)
1969-12-31 18:00:20.367243730,(17 -22 -10 -2 9 28 19 39)
1969-12-31 18:00:20.382735025,(51 32 17 15 8 -7 15 52)
1969-12-31 18:00:20.382735025,(-12 -14 -2 3 4 11 -19 -77)
1969-12-31 18:00:20.384800531,(-6 2 4 -9 -11 0 -10 -25)
1969-12-31 18:00:20.384800531,(45 45 14 11 12 -26 12 31)
1969-12-31 18:00:20.406488345,(-24 -26 -16 -15 -3 34 -3 2)
1969-12-31 18:00:20.406488345,(25 31 9 5 9 -4 -2 6)
1969-12-31 18:00:20.407521098,(-4 -4 3 4 1 -1 16 0)
1969-12-31 18:00:20.407521098,(-34 -34 1 6 2 7 18 13)
1969-12-31 18:00:20.419914134,(-24 -31 -24 -21 -16 4 -17 -33)
1969-12-31 18:00:20.419914134,(-2 -2 -6 -2 19 -33 -27 -11)
1969-12-31 18:00:20.429208911,(103 72 25 -11 -23 7 36 57)
1969-12-31 18:00:20.429208911,(-32 1 2 32 31 18 -17 -45)
1969-12-31 18:00:20.443667454,(-73 -71 -27 -5 -3 -10 -25 -49)
1969-12-31 18:00:20.443667454,(-27 -6 1 4 -3 -19 -11 -10)
1969-12-31 18:00:20.450896725,(49 20 1 -9 -13 6 14 37)
1969-12-31 18:00:20.450896725,(-8 13 -4 -24 -17 -6 -24 -52)
1969-12-31 18:00:20.475682797,(26 20 17 12 11 0 14 36)
1969-12-31 18:00:20.475682797,(45 14 4 10 2 -5 12 34)
1969-12-31 18:00:20.477748303,(-44 -15 4 0 6 9 0 -22)
1969-12-31 18:00:20.477748303,(12 2 -6 -16 -14 -9 -16 -27)
1969-12-31 18:00:20.491174093,(15 11 4 9 8 -5 -4 -6)
1969-12-31 18:00:20.491174093,(11 -7 -7 -9 -8 -6 -9 -40)
1969-12-31 18:00:20.493239599,(-27 -8 5 7 7 8 3 3)
1969-12-31 18:00:20.493239599,(-27 -6 2 2 7 5 13 -1)
1969-12-31 18:00:20.505632635,(24 18 0 -3 -4 -9 -11 -31)
1969-12-31 18:00:20.505632635,(-24 -24 -1 5 9 9 6 8)
1969-12-31 18:00:20.512861906,(-26 -8 1 3 0 -6 -6 -20)
1969-12-31 18:00:20.512861906,(104 41 2 -2 -2 5 8 40)
1969-12-31 18:00:20.530418708,(-80 -15 -7 -9 -4 0 1 10)
1969-12-31 18:00:20.530418708,(-39 -9 -7 -3 -4 -14 -17 -45)
1969-12-31 18:00:20.531451461,(21 -3 3 6 7 5 11 45)
1969-12-31 18:00:20.531451461,(-25 -14 -1 -8 -8 -3 -9 -32)
1969-12-31 18:00:20.553139274,(31 36 9 2 3 4 8 19)
1969-12-31 18:00:20.553139274,(12 -20 -6 1 0 -2 7 31)
1969-12-31 18:00:20.555204780,(-42 -4 -2 6 0 -3 -10 -15)
1969-12-31 18:00:20.555204780,(4 -17 -5 -5 1 1 -13 -34)
1969-12-31 18:00:20.568630569,(-4 6 3 3 1 -3 -6 -2)
1969-12-31 18:00:20.568630569,(14 15 5 3 3 4 12 18)
1969-12-31 18:00:20.574827088,(-18 -19 -10 -10 -9 -7 -14 -40)
1969-12-31 18:00:20.574827088,(20 14 -1 -2 -2 0 2 22)
1969-12-31 18:00:20.592383889,(9 -8 -2 1 3 1 5 9)
1969-12-31 18:00:20.592383889,(-16 14 11 3 0 0 1 2)
1969-12-31 18:00:20.593416642,(22 17 -5 -5 -5 -7 -9 -12)
1969-12-31 18:00:20.593416642,(-47 -56 -12 -8 -6 -6 -4 4)
1969-12-31 18:00:20.615104456,(20 8 0 5 3 2 3 20)
1969-12-31 18:00:20.615104456,(-11 -21 -4 0 -3 -2 2 17)
1969-12-31 18:00:20.617169962,(-15 -4 -13 -11 -4 1 -2 -8)
1969-12-31 18:00:20.617169962,(15 20 5 2 1 11 19 10)
1969-12-31 18:00:20.630595751,(13 5 -5 -5 -4 -7 -17 7)
1969-12-31 18:00:20.630595751,(-22 9 22 12 1 -6 -9 -6)
1969-12-31 18:00:20.636792269,(-8 7 3 -5 -5 -6 -5 -14)
1969-12-31 18:00:20.636792269,(24 -2 -20 -7 -1 0 0 17)
1969-12-31 18:00:20.653316317,(-28 -11 -12 -10 -1 2 10 3)
1969-12-31 18:00:20.653316317,(18 13 12 8 0 -3 -5 1)
1969-12-31 18:00:20.655381824,(-27 -61 -51 -23 -8 -3 -7 -4)
1969-12-31 18:00:20.655381824,(-1 33 22 6 1 2 13 5)
1969-12-31 18:00:20.677069637,(-3 13 42 26 9 7 7 3)
1969-12-31 18:00:20.677069637,(2 -9 -16 -6 -2 -5 -11 4)
1969-12-31 18:00:20.679135143,(-8 -20 -11 -6 -5 -2 -3 -11)
1969-12-31 18:00:20.679135143,(7 -37 -47 -23 -9 -8 -7 6)
1969-12-31 18:00:20.692560932,(-14 -6 -7 -4 2 -3 -6 -7)
1969-12-31 18:00:20.692560932,(11 27 20 8 4 4 19 18)
1969-12-31 18:00:20.707019475,(6 2 -6 4 8 6 14 11)
1969-12-31 18:00:20.707019475,(-6 21 36 19 2 0 -26 -19)
1969-12-31 18:00:20.716314252,(-6 -27 -37 -17 -10 -2 -3 -1)
1969-12-31 18:00:20.716314252,(9 -35 -45 -16 -3 2 10 12)
1969-12-31 18:00:20.717347005,(-15 36 40 15 4 -2 -11 -11)
1969-12-31 18:00:20.717347005,(7 -30 -36 -26 -16 -11 3 7)
1969-12-31 18:00:20.739034819,(2 66 77 37 15 8 4 2)
1969-12-31 18:00:20.739034819,(15 -19 -29 -14 -6 -2 -3 3)
1969-12-31 18:00:20.741100325,(-14 5 8 4 -1 -2 0 -5)
1969-12-31 18:00:20.741100325,(-2 -6 9 8 5 2 -8 2)
1969-12-31 18:00:20.754526114,(3 -1 -5 -1 0 2 -2 -2)
1969-12-31 18:00:20.754526114,(6 28 18 -2 -5 -4 -2 -1)
1969-12-31 18:00:20.760722632,(-5 -29 -21 -9 -6 -2 -12 -6)
1969-12-31 18:00:20.760722632,(-4 18 21 12 4 3 0 0)
1969-12-31 18:00:20.778279433,(8 -72 -39 -22 -8 -1 8 11)
1969-12-31 18:00:20.778279433,(5 57 0 2 3 0 -8 -12)
1969-12-31 18:00:20.779312186,(1 19 40 29 8 4 4 5)
1969-12-31 18:00:20.779312186,(2 -22 -20 -7 -1 0 0 3)
1969-12-31 18:00:20.801000000,(1 49 49 17 6 0 15 2)
1969-12-31 18:00:20.801000000,(-17 -53 -34 -16 -8 -9 -22 -9)
