time,.data
1969-12-31 18:00:06.757000000,(-3 -3 4 0 6 4 -1 -2)
1969-12-31 18:00:06.757000000,(0 0 3 0 -4 1 1 1)
1969-12-31 18:00:06.758581832,(-3 -2 0 -2 -1 -1 0 -2)
1969-12-31 18:00:06.758581832,(0 0 -5 -6 -3 -2 -1 0)
1969-12-31 18:00:06.775191063,(1 1 0 2 2 -3 0 1)
1969-12-31 18:00:06.775191063,(-1 1 1 1 -1 0 -1 1)
1969-12-31 18:00:06.775981978,(1 -1 -3 -3 -1 -1 0 -2)
1969-12-31 18:00:06.775981978,(0 -1 -1 -3 -2 -1 -2 -3)
1969-12-31 18:00:06.787054799,(-1 -3 0 3 2 1 -1 0)
1969-12-31 18:00:06.787054799,(-2 0 -1 1 0 1 -1 1)
1969-12-31 18:00:06.787845715,(2 0 0 -2 -5 -2 -1 0)
1969-12-31 18:00:06.787845715,(-2 -2 -2 -3 2 2 2 -1)
1969-12-31 18:00:06.804454946,(2 3 1 6 4 -2 -4 -1)
1969-12-31 18:00:06.804454946,(-3 -7 -7 -5 -3 -4 -1 -3)
1969-12-31 18:00:06.806036778,(0 1 2 2 0 2 2 1)
1969-12-31 18:00:06.806036778,(2 2 3 3 4 3 -2 1)
1969-12-31 18:00:06.816318683,(-7 -4 1 -8 -9 -4 -2 -3)
1969-12-31 18:00:06.816318683,(4 1 -1 8 7 4 3 4)
1969-12-31 18:00:06.821064177,(-5 -2 1 -18 -20 -10 -5 -5)
1969-12-31 18:00:06.821064177,(0 -1 -13 -1 2 -3 -1 -2)
1969-12-31 18:00:06.834509745,(2 1 -3 -11 -7 0 0 1)
1969-12-31 18:00:06.834509745,(-8 -5 11 16 24 1 -3 -5)
1969-12-31 18:00:06.835300661,(4 9 16 28 8 7 2 4)
1969-12-31 18:00:06.835300661,(1 3 -2 7 1 6 2 2)
1969-12-31 18:00:06.852700808,(-6 -8 -7 -37 -24 -13 -7 -4)
1969-12-31 18:00:06.852700808,(1 -1 -18 4 9 0 2 -1)
1969-12-31 18:00:06.856655387,(3 4 6 13 15 5 4 4)
1969-12-31 18:00:06.856655387,(-7 1 10 -26 -26 -18 -7 -7)
1969-12-31 18:00:06.863773629,(3 -3 -19 13 -5 0 -2 2)
1969-12-31 18:00:06.863773629,(-2 -11 2 -34 -2 3 -1 0)
1969-12-31 18:00:06.868519123,(-7 -3 -13 -42 -14 -9 -3 -4)
1969-12-31 18:00:06.868519123,(9 13 15 15 -6 0 3 5)
1969-12-31 18:00:06.881964691,(5 15 36 89 59 16 6 3)
1969-12-31 18:00:06.881964691,(-2 1 1 16 -5 4 3 -2)
1969-12-31 18:00:06.882755606,(-3 -10 -30 -62 -30 -12 -10 -2)
1969-12-31 18:00:06.882755606,(-6 -22 -59 -128 -52 -21 -10 -4)
1969-12-31 18:00:06.899364838,(1 -2 -19 -36 -26 -10 -4 -2)
1969-12-31 18:00:06.899364838,(3 15 61 102 34 17 5 2)
1969-12-31 18:00:06.904110333,(-12 2 46 112 86 21 5 -5)
1969-12-31 18:00:06.904110333,(3 7 7 2 -13 4 8 3)
1969-12-31 18:00:06.917555901,(9 -2 -62 -112 -34 -24 -12 2)
1969-12-31 18:00:06.917555901,(11 2 31 53 68 25 9 9)
1969-12-31 18:00:06.918346817,(-11 -13 -12 21 -60 -10 -4 -9)
1969-12-31 18:00:06.918346817,(-4 1 32 -25 53 12 -1 -2)
1969-12-31 18:00:06.929419637,(5 19 61 126 68 24 18 8)
1969-12-31 18:00:06.929419637,(8 7 -31 -73 -29 -3 4 3)
1969-12-31 18:00:06.930210553,(8 5 23 66 69 12 1 6)
1969-12-31 18:00:06.930210553,(-6 -6 -19 0 -37 -7 2 -6)
1969-12-31 18:00:06.946819784,(-1 -11 -47 -128 -112 -40 -11 -3)
1969-12-31 18:00:06.946819784,(-12 -11 -33 30 -66 -30 -15 -11)
1969-12-31 18:00:06.948401616,(4 -8 -1 5 46 23 7 5)
1969-12-31 18:00:06.948401616,(-7 -4 -1 22 7 -5 -4 -3)
1969-12-31 18:00:06.957892605,(-4 3 33 9 57 21 4 -1)
1969-12-31 18:00:06.957892605,(-4 -8 -40 -46 -54 -25 -6 -4)
1969-12-31 18:00:06.965010847,(6 7 -10 -115 -57 -6 -2 2)
1969-12-31 18:00:06.965010847,(6 15 53 118 84 32 15 8)
1969-12-31 18:00:06.976874583,(1 4 40 92 26 12 6 3)
1969-12-31 18:00:06.976874583,(-14 -10 -8 -33 -19 -13 -11 -10)
1969-12-31 18:00:06.977665499,(-1 -6 -24 -18 -36 -12 -5 -1)
1969-12-31 18:00:06.977665499,(9 -1 -29 -100 3 -4 0 6)
1969-12-31 18:00:06.994274730,(2 4 19 57 -51 4 5 2)
1969-12-31 18:00:06.994274730,(-1 5 8 63 102 20 1 1)
1969-12-31 18:00:06.995856562,(6 1 -23 -73 -60 -19 -2 1)
1969-12-31 18:00:06.995856562,(-1 -10 -28 1 -19 -14 -12 -5)
1969-12-31 18:00:07.005347551,(-5 -8 0 -42 11 6 0 -1)
1969-12-31 18:00:07.005347551,(-4 1 22 -18 -37 -1 0 -4)
1969-12-31 18:00:07.012465793,(-2 3 14 16 28 3 0 -1)
1969-12-31 18:00:07.012465793,(3 -3 -10 15 -14 -4 -1 2)
1969-12-31 18:00:07.024329529,(-4 -7 -23 -58 -31 -9 -4 -4)
1969-12-31 18:00:07.024329529,(2 1 -1 -21 -7 -2 1 2)
1969-12-31 18:00:07.025120444,(-1 2 4 16 9 4 2 0)
1969-12-31 18:00:07.025120444,(-5 -3 3 37 1 -1 -3 -3)
1969-12-31 18:00:07.043311508,(0 -2 -2 21 14 2 -1 0)
1969-12-31 18:00:07.043311508,(3 3 0 -15 3 2 2 3)
1969-12-31 18:00:07.044102424,(2 -1 -13 1 5 -4 -1 1)
1969-12-31 18:00:07.044102424,(-8 -5 5 -22 -13 -1 -4 -4)
1969-12-31 18:00:07.052802497,(-3 0 13 51 31 8 3 -1)
1969-12-31 18:00:07.052802497,(1 2 -5 -13 -7 -3 1 2)
1969-12-31 18:00:07.059920739,(3 1 -5 -5 -8 -3 1 1)
1969-12-31 18:00:07.059920739,(-5 -1 6 12 3 2 -3 -5)
1969-12-31 18:00:07.071784475,(-4 -3 -5 -6 11 1 0 -1)
1969-12-31 18:00:07.071784475,(4 2 -6 -17 -16 -4 1 1)
1969-12-31 18:00:07.072575391,(1 1 2 7 -2 -2 -2 0)
1969-12-31 18:00:07.072575391,(-4 -5 4 8 6 4 3 0)
1969-12-31 18:00:07.089184622,(-2 -2 -6 12 9 0 -2 -1)
1969-12-31 18:00:07.089184622,(2 2 0 -12 -11 -1 1 1)
1969-12-31 18:00:07.090766454,(-1 2 4 7 10 1 -1 -1)
1969-12-31 18:00:07.090766454,(4 3 3 10 0 1 0 0)
1969-12-31 18:00:07.100257443,(0 -4 -12 -23 -7 -4 -4 -2)
1969-12-31 18:00:07.100257443,(0 0 4 0 3 2 0 0)
1969-12-31 18:00:07.107375685,(-2 -3 3 5 5 4 1 -2)
1969-12-31 18:00:07.107375685,(-2 1 2 6 -3 -1 -1 -2)
1969-12-31 18:00:07.119239422,(4 -1 -8 -19 -11 -3 0 0)
1969-12-31 18:00:07.119239422,(4 3 3 -7 -5 4 2 3)
1969-12-31 18:00:07.120030337,(-8 -8 -5 3 5 -4 -6 -8)
1969-12-31 18:00:07.120030337,(-7 -6 1 -9 -14 -2 -1 -2)
1969-12-31 18:00:07.136639568,(8 8 7 22 22 11 5 4)
1969-12-31 18:00:07.136639568,(6 0 -7 -15 -15 -6 0 7)
1969-12-31 18:00:07.138221400,(3 4 6 12 24 8 4 4)
1969-12-31 18:00:07.138221400,(-6 -4 -5 -2 -6 -5 -5 -7)
1969-12-31 18:00:07.147712389,(-30 -11 0 -14 -5 -5 -8 -12)
1969-12-31 18:00:07.147712389,(17 -5 -1 -1 -1 -3 -1 5)
1969-12-31 18:00:07.154830631,(3 18 3 1 2 9 15 5)
1969-12-31 18:00:07.154830631,(-3 -3 -3 0 -2 -4 -5 -7)
1969-12-31 18:00:07.166694368,(5 0 -3 0 0 -5 -4 -4)
1969-12-31 18:00:07.166694368,(-16 -11 -8 -3 -2 -1 -4 -4)
1969-12-31 18:00:07.167485283,(-22 -14 4 5 -2 -3 -7 -15)
1969-12-31 18:00:07.167485283,(27 20 5 8 8 10 13 16)
1969-12-31 18:00:07.184094514,(-2 2 -5 -10 -9 -4 1 1)
1969-12-31 18:00:07.184094514,(6 0 -23 -84 -32 -12 -4 4)
1969-12-31 18:00:07.185676346,(0 2 20 55 14 3 1 0)
1969-12-31 18:00:07.185676346,(-33 -19 21 56 20 4 1 -11)
1969-12-31 18:00:07.202285577,(24 10 -8 -5 9 3 -1 5)
1969-12-31 18:00:07.202285577,(20 26 17 15 11 7 0 4)
1969-12-31 18:00:07.203076493,(2 -12 -30 -57 -33 -14 -5 4)
1969-12-31 18:00:07.203076493,(-17 -11 -5 -26 -23 -8 -5 -5)
1969-12-31 18:00:07.213358398,(-21 -17 -5 -2 11 -5 -12 -17)
1969-12-31 18:00:07.213358398,(-22 -4 9 26 11 8 9 9)
1969-12-31 18:00:07.218894808,(61 40 12 -4 3 10 11 14)
1969-12-31 18:00:07.218894808,(-20 -30 -16 -2 -5 -14 -18 -9)
1969-12-31 18:00:07.231549460,(47 29 1 -15 -7 7 11 14)
1969-12-31 18:00:07.231549460,(-27 -14 -9 -13 -8 -10 -12 -22)
1969-12-31 18:00:07.233131292,(-5 -7 0 12 -10 0 5 8)
1969-12-31 18:00:07.233131292,(10 6 -7 -32 5 3 5 7)
1969-12-31 18:00:07.242622281,(-12 -2 -6 -31 -25 -3 0 -3)
1969-12-31 18:00:07.242622281,(0 -2 8 45 20 2 0 -3)
1969-12-31 18:00:07.249740523,(-19 -8 30 95 46 4 -10 -13)
1969-12-31 18:00:07.249740523,(13 12 12 30 28 11 9 5)
1969-12-31 18:00:07.260813344,(-8 -3 0 -2 8 7 4 3)
1969-12-31 18:00:07.260813344,(10 4 -3 -21 -12 2 6 2)
1969-12-31 18:00:07.266349754,(-4 -8 -17 -44 -28 -14 -6 0)
1969-12-31 18:00:07.266349754,(-48 -21 -3 -14 -17 -9 -12 -20)
1969-12-31 18:00:07.279004406,(16 12 3 -6 6 9 22 15)
1969-12-31 18:00:07.279004406,(28 -4 -8 -8 -6 -8 -15 -3)
1969-12-31 18:00:07.280586238,(-5 -11 -21 -30 -20 -24 -39 -34)
1969-12-31 18:00:07.280586238,(1 12 -2 0 1 -1 -2 -8)
1969-12-31 18:00:07.290077227,(-4 -19 -6 0 -12 -15 -16 3)
1969-12-31 18:00:07.290077227,(1 6 3 14 10 14 18 11)
1969-12-31 18:00:07.297195469,(4 2 -5 -34 -2 7 10 13)
1969-12-31 18:00:07.297195469,(11 5 -6 -18 -20 -4 -1 3)
1969-12-31 18:00:07.308268290,(-17 -4 10 48 29 1 -4 -14)
1969-12-31 18:00:07.308268290,(-6 3 11 26 1 2 2 -1)
1969-12-31 18:00:07.313804700,(-4 -1 1 4 11 2 3 1)
1969-12-31 18:00:07.313804700,(8 2 0 -1 9 6 4 4)
1969-12-31 18:00:07.326459353,(-15 -24 4 14 3 1 0 3)
1969-12-31 18:00:07.326459353,(45 47 2 -2 3 4 15 31)
1969-12-31 18:00:07.328041184,(-61 -47 -22 -40 -28 -21 -33 -53)
1969-12-31 18:00:07.328041184,(-16 -12 -10 -5 -9 -2 5 5)
1969-12-31 18:00:07.337532173,(42 34 9 0 -2 3 1 -1)
1969-12-31 18:00:07.337532173,(-19 -14 -15 -17 -10 -24 -31 -16)
1969-12-31 18:00:07.344650415,(-27 -16 -1 -3 0 11 18 -6)
1969-12-31 18:00:07.344650415,(49 29 10 10 8 6 9 32)
1969-12-31 18:00:07.355723236,(-30 -27 -16 0 -10 -5 -9 -15)
1969-12-31 18:00:07.355723236,(-4 1 -2 -27 -5 3 3 -6)
1969-12-31 18:00:07.361259646,(14 11 -15 -40 -21 -3 9 20)
1969-12-31 18:00:07.361259646,(-7 -10 12 79 -5 -5 -2 -8)
1969-12-31 18:00:07.373914299,(0 11 14 45 28 0 1 3)
1969-12-31 18:00:07.373914299,(-9 -2 35 127 64 21 5 -8)
1969-12-31 18:00:07.375496130,(-1 -1 20 44 54 15 5 4)
1969-12-31 18:00:07.375496130,(15 8 -11 -50 -15 9 9 9)
1969-12-31 18:00:07.392105361,(7 7 -8 -39 -14 -4 -1 4)
1969-12-31 18:00:07.392105361,(-23 -20 -12 -44 -21 -6 -5 -13)
1969-12-31 18:00:07.392896277,(8 -4 -6 -14 -18 -4 1 12)
1969-12-31 18:00:07.392896277,(5 14 -7 -26 -13 -11 -1 3)
1969-12-31 18:00:07.403178182,(-21 -16 6 -8 -13 -3 -5 -6)
1969-12-31 18:00:07.403178182,(-5 -6 -19 -31 -15 -13 -15 -24)
1969-12-31 18:00:07.414251003,(18 18 4 -9 -7 3 5 11)
1969-12-31 18:00:07.414251003,(6 1 3 21 8 -5 -9 -4)
1969-12-31 18:00:07.421369245,(-17 -17 -15 -29 -6 3 2 1)
1969-12-31 18:00:07.421369245,(-1 -3 -1 -33 -28 -3 5 8)
1969-12-31 18:00:07.422951076,(12 10 8 53 7 -7 -5 4)
1969-12-31 18:00:07.422951076,(-10 -7 11 39 48 17 6 0)
1969-12-31 18:00:07.439560307,(2 4 -1 -6 -10 -1 -1 -2)
1969-12-31 18:00:07.439560307,(-2 0 9 25 -5 -9 -3 -4)
1969-12-31 18:00:07.440351223,(-12 -1 6 17 1 6 2 0)
1969-12-31 18:00:07.440351223,(22 12 7 -8 26 19 6 4)
1969-12-31 18:00:07.450633128,(1 0 -8 -18 8 12 9 8)
1969-12-31 18:00:07.450633128,(-17 -19 -23 -48 -27 -15 -8 -11)
1969-12-31 18:00:07.456169538,(8 -3 8 -1 -8 -5 -3 8)
1969-12-31 18:00:07.456169538,(-8 -2 -17 -47 -30 -15 -11 -16)
1969-12-31 18:00:07.468824191,(10 14 -1 22 -2 -5 2 7)
1969-12-31 18:00:07.468824191,(-13 -18 9 39 19 5 -4 -10)
1969-12-31 18:00:07.470406022,(4 0 10 17 12 7 12 16)
1969-12-31 18:00:07.470406022,(9 -4 -8 -47 -10 -5 -6 -1)
1969-12-31 18:00:07.487015253,(-12 -12 -21 -72 -58 -17 -10 -12)
1969-12-31 18:00:07.487015253,(2 4 3 42 22 8 14 15)
1969-12-31 18:00:07.487806169,(11 18 7 4 26 13 7 6)
1969-12-31 18:00:07.487806169,(-6 -8 9 41 5 1 -5 -5)
1969-12-31 18:00:07.497297158,(7 7 15 20 25 7 3 5)
1969-12-31 18:00:07.497297158,(1 2 0 -8 3 5 3 -1)
1969-12-31 18:00:07.504415400,(5 3 -9 -15 -16 -5 -3 -3)
1969-12-31 18:00:07.504415400,(-13 -8 -6 -6 -11 -10 -7 -7)
1969-12-31 18:00:07.516279137,(-13 -13 0 7 -12 -8 -5 -5)
1969-12-31 18:00:07.516279137,(-4 -4 -5 -18 -3 1 -6 -5)
1969-12-31 18:00:07.517860968,(5 7 -11 -25 -7 0 8 6)
1969-12-31 18:00:07.517860968,(51 58 3 -27 -18 4 17 34)
1969-12-31 18:00:07.534470199,(-26 -34 -1 43 22 -1 -4 -17)
1969-12-31 18:00:07.534470199,(26 42 13 -2 5 -2 -15 -2)
1969-12-31 18:00:07.535261115,(-17 -15 -14 -22 -13 -6 -5 -10)
1969-12-31 18:00:07.535261115,(-17 -20 -2 3 -9 -6 -2 -3)
1969-12-31 18:00:07.544752104,(9 6 -9 -38 -3 1 5 7)
1969-12-31 18:00:07.544752104,(-1 1 8 47 -1 -1 3 3)
1969-12-31 18:00:07.551870346,(-6 0 17 52 40 10 -3 -8)
1969-12-31 18:00:07.551870346,(-2 -3 -2 -10 14 7 0 -3)
1969-12-31 18:00:07.563734083,(7 2 -15 -89 -53 -19 -6 1)
1969-12-31 18:00:07.563734083,(-5 -14 -17 8 -12 -5 6 4)
1969-12-31 18:00:07.565315914,(7 8 21 61 45 12 3 1)
1969-12-31 18:00:07.565315914,(-15 -15 9 31 22 7 -2 -10)
1969-12-31 18:00:07.581925145,(4 7 -2 -7 -4 -1 1 0)
1969-12-31 18:00:07.581925145,(9 7 -6 -38 -18 -2 3 10)
1969-12-31 18:00:07.582716061,(-42 -23 -12 -20 -22 -12 -11 -22)
1969-12-31 18:00:07.582716061,(69 32 7 25 17 10 21 42)
1969-12-31 18:00:07.592997966,(-17 -11 -9 -7 35 -4 -20 -21)
1969-12-31 18:00:07.592997966,(4 -1 5 8 -46 -3 7 5)
1969-12-31 18:00:07.600116208,(-2 1 3 20 10 -3 -3 -4)
1969-12-31 18:00:07.600116208,(-19 -17 -12 -23 -16 -3 -3 -6)
1969-12-31 18:00:07.611189029,(9 10 2 11 13 0 3 5)
1969-12-31 18:00:07.611189029,(-3 -2 10 25 16 4 -1 2)
1969-12-31 18:00:07.612770860,(7 3 3 -1 4 3 0 2)
1969-12-31 18:00:07.612770860,(-17 -7 4 14 19 2 -3 -12)
1969-12-31 18:00:07.629380092,(8 5 5 19 -2 11 4 3)
1969-12-31 18:00:07.629380092,(-4 -9 -20 -60 15 -1 2 2)
1969-12-31 18:00:07.630171007,(15 2 -30 -110 -97 -21 -4 8)
1969-12-31 18:00:07.630171007,(-8 0 15 88 -4 -12 -9 -9)
1969-12-31 18:00:07.639661996,(-20 -9 34 88 38 11 0 -5)
1969-12-31 18:00:07.639661996,(-7 -22 8 15 20 17 21 10)
1969-12-31 18:00:07.652316649,(41 44 -1 -41 11 -1 -13 4)
1969-12-31 18:00:07.652316649,(-25 -24 -26 -57 -24 -13 -11 -18)
1969-12-31 18:00:07.658643975,(21 12 3 -5 -21 -5 0 7)
1969-12-31 18:00:07.659434891,(-10 -4 -6 -31 -9 -6 -5 -4)
1969-12-31 18:00:07.660225806,(6 -5 -11 -6 0 3 13 15)
1969-12-31 18:00:07.660225806,(-2 3 3 12 4 2 0 -2)
1969-12-31 18:00:07.676835038,(-7 -6 -2 -27 4 -5 -4 -3)
1969-12-31 18:00:07.676835038,(9 6 -12 -103 -9 3 1 3)
1969-12-31 18:00:07.677625953,(-2 -4 19 104 8 7 3 -2)
1969-12-31 18:00:07.677625953,(-8 6 36 82 59 10 -4 -7)
1969-12-31 18:00:07.687116943,(-8 -3 0 -1 -15 -8 -4 -5)
1969-12-31 18:00:07.687116943,(-2 1 -12 -33 12 -1 -5 -4)
1969-12-31 18:00:07.694235184,(3 -6 -17 -52 -13 8 8 8)
1969-12-31 18:00:07.694235184,(-6 -11 -20 -45 -22 -3 0 -2)
1969-12-31 18:00:07.706098921,(6 9 13 60 21 8 10 13)
1969-12-31 18:00:07.706098921,(-9 0 1 16 -15 -11 -11 -13)
1969-12-31 18:00:07.707680752,(-9 -8 -2 -8 -16 -13 -11 -10)
1969-12-31 18:00:07.707680752,(1 1 -10 -30 -19 -5 1 2)
1969-12-31 18:00:07.729826394,(-7 -17 -13 -13 9 -2 -5 -5)
1969-12-31 18:00:07.729826394,(-30 -1 14 41 -3 12 13 -4)
1969-12-31 18:00:07.731408226,(43 21 8 19 29 0 -6 5)
1969-12-31 18:00:07.731408226,(-11 -10 -8 -44 -14 -5 -10 -13)
1969-12-31 18:00:07.734571889,(12 10 -6 -14 -34 -2 1 4)
1969-12-31 18:00:07.734571889,(-20 -23 -1 37 6 -7 -12 -13)
1969-12-31 18:00:07.748017457,(11 7 11 12 22 16 25 22)
1969-12-31 18:00:07.748017457,(4 8 8 5 -12 -3 -1 -1)
1969-12-31 18:00:07.753553867,(-2 -6 -25 -96 -40 -15 -6 -3)
1969-12-31 18:00:07.753553867,(15 5 1 59 2 2 2 9)
1969-12-31 18:00:07.755135699,(-21 -9 12 45 -2 7 -1 -11)
1969-12-31 18:00:07.755135699,(14 11 18 58 48 17 8 9)
1969-12-31 18:00:07.771744930,(-8 -1 6 5 17 5 1 -4)
1969-12-31 18:00:07.771744930,(9 9 -7 -40 -16 -10 -7 -1)
1969-12-31 18:00:07.772535845,(-12 -5 -14 -38 -17 -12 -3 -6)
1969-12-31 18:00:07.772535845,(-15 -16 -23 -69 -28 -10 -4 -7)
1969-12-31 18:00:07.782817750,(5 5 -1 45 -36 -2 2 3)
1969-12-31 18:00:07.782817750,(-8 -10 13 35 31 1 -3 -8)
1969-12-31 18:00:07.789935991,(-5 1 9 25 24 8 9 4)
1969-12-31 18:00:07.789935991,(6 7 1 -8 -7 -2 -9 -2)
1969-12-31 18:00:07.801008813,(2 8 -2 -16 6 0 -1 -2)
1969-12-31 18:00:07.801008813,(-18 -7 -17 -25 -16 -11 -14 -16)
1969-12-31 18:00:07.802590645,(10 1 -5 -34 -14 -3 1 -2)
1969-12-31 18:00:07.802590645,(4 -9 -3 18 0 0 7 10)
1969-12-31 18:00:07.819199876,(5 8 -19 -37 -7 1 2 1)
1969-12-31 18:00:07.819199876,(9 6 25 61 16 4 2 5)
1969-12-31 18:00:07.819990791,(-35 -22 0 2 9 -9 -14 -17)
1969-12-31 18:00:07.819990791,(2 8 6 2 -8 1 3 4)
1969-12-31 18:00:07.829481781,(7 -3 15 51 60 13 3 3)
1969-12-31 18:00:07.829481781,(20 14 2 -1 -9 5 8 16)
1969-12-31 18:00:07.837390938,(-1 -2 -15 -64 -36 -14 -10 -7)
1969-12-31 18:00:07.837390938,(-18 -24 -30 -60 -30 -15 -11 -16)
1969-12-31 18:00:07.848463759,(13 17 1 9 5 7 12 14)
1969-12-31 18:00:07.849254675,(-16 11 21 58 43 17 6 -2)
1969-12-31 18:00:07.850045591,(0 -7 15 62 12 2 -1 -8)
1969-12-31 18:00:07.850045591,(37 41 22 17 7 5 8 29)
1969-12-31 18:00:07.866654822,(-16 -8 -19 -32 -15 -13 -15 -17)
1969-12-31 18:00:07.866654822,(31 20 -19 -53 -12 -1 -5 -2)
1969-12-31 18:00:07.867445738,(-12 9 -22 -30 -20 -14 -12 -14)
1969-12-31 18:00:07.867445738,(22 -14 15 24 13 13 25 35)
1969-12-31 18:00:07.876936727,(-18 -17 -1 -21 -14 -4 -5 -9)
1969-12-31 18:00:07.876936727,(15 1 -23 -61 -30 -7 1 12)
1969-12-31 18:00:07.884054968,(-28 -23 2 25 -5 -5 -7 -14)
1969-12-31 18:00:07.884054968,(-10 8 6 36 71 9 -5 -14)
1969-12-31 18:00:07.895918705,(20 17 16 43 -24 4 9 13)
1969-12-31 18:00:07.895918705,(-22 -15 27 88 48 6 -3 -14)
1969-12-31 18:00:07.897500537,(13 9 -3 -42 -9 4 6 11)
1969-12-31 18:00:07.897500537,(-38 -35 -12 -20 -31 -9 -3 -22)
1969-12-31 18:00:07.914109768,(-5 -11 7 19 25 11 14 18)
1969-12-31 18:00:07.914109768,(71 70 -7 -60 -22 -8 -2 24)
1969-12-31 18:00:07.914900684,(-44 -36 -19 -9 -20 -30 -45 -48)
1969-12-31 18:00:07.914900684,(-2 22 -7 -12 -9 -7 -12 -21)
1969-12-31 18:00:07.924391673,(10 3 -5 -1 -2 -2 4 3)
1969-12-31 18:00:07.924391673,(-35 -22 -6 -17 -14 -12 -23 -29)
1969-12-31 18:00:07.931509915,(-5 -30 0 9 14 5 8 21)
1969-12-31 18:00:07.931509915,(5 12 -14 -42 -23 -3 -5 -12)
1969-12-31 18:00:07.943373651,(-22 -11 2 21 3 -9 -13 -21)
1969-12-31 18:00:07.943373651,(5 -13 3 11 12 16 22 20)
1969-12-31 18:00:07.948119146,(17 16 6 7 23 16 16 18)
1969-12-31 18:00:07.948119146,(-18 -24 -2 15 -7 -5 -4 -6)
1969-12-31 18:00:07.961564714,(15 16 12 12 12 5 5 7)
1969-12-31 18:00:07.961564714,(-20 -9 -8 -64 -28 -9 -6 -12)
1969-12-31 18:00:07.962355630,(-3 -4 5 29 11 4 5 -1)
1969-12-31 18:00:07.962355630,(8 -22 1 15 4 8 17 19)
1969-12-31 18:00:07.972637535,(3 47 14 9 14 11 2 -12)
1969-12-31 18:00:07.972637535,(1 -32 -2 -1 1 4 8 14)
1969-12-31 18:00:07.979755777,(24 71 -5 -32 -21 -15 -25 -8)
1969-12-31 18:00:07.979755777,(-10 -9 -9 -3 -5 -4 -4 -13)
1969-12-31 18:00:07.990828597,(23 8 11 17 14 14 15 16)
1969-12-31 18:00:07.990828597,(-11 -13 -1 1 1 3 7 -1)
1969-12-31 18:00:07.992410429,(11 -7 2 -11 -5 7 19 19)
1969-12-31 18:00:07.992410429,(-3 3 -5 11 -7 -4 -4 3)
1969-12-31 18:00:08.009019659,(-11 -17 4 24 6 -3 -5 -3)
1969-12-31 18:00:08.009019659,(-1 -4 -12 -35 -26 -5 -1 -1)
1969-12-31 18:00:08.009810576,(-8 -14 10 47 20 1 -1 -1)
1969-12-31 18:00:08.009810576,(-10 11 15 33 29 3 -10 -10)
1969-12-31 18:00:08.019301565,(1 -5 -7 -24 -10 -1 -1 -1)
1969-12-31 18:00:08.019301565,(2 -2 8 24 8 -1 1 0)
1969-12-31 18:00:08.026419807,(7 11 -18 -49 -27 -12 -3 4)
1969-12-31 18:00:08.026419807,(3 19 9 -23 -12 12 17 -2)
1969-12-31 18:00:08.038283543,(-10 -19 -4 -1 -3 -12 -16 -1)
1969-12-31 18:00:08.038283543,(-16 -14 -4 4 10 3 3 5)
1969-12-31 18:00:08.043819954,(15 12 -5 -2 4 12 14 9)
1969-12-31 18:00:08.043819954,(41 21 -5 -28 -9 0 11 27)
1969-12-31 18:00:08.056474606,(-13 -10 9 42 5 -13 -16 -11)
1969-12-31 18:00:08.056474606,(-19 -15 3 15 3 -4 -3 -16)
1969-12-31 18:00:08.057265522,(3 -2 -1 -3 -3 -3 -4 3)
1969-12-31 18:00:08.057265522,(4 -1 -8 -21 -7 2 3 6)
1969-12-31 18:00:08.066756511,(-4 -10 -5 -14 -9 -4 2 -1)
1969-12-31 18:00:08.066756511,(5 8 10 48 12 0 -4 -2)
1969-12-31 18:00:08.073874753,(-14 -21 5 4 30 9 0 -8)
1969-12-31 18:00:08.073874753,(-4 10 6 31 -7 -8 -11 -1)
1969-12-31 18:00:08.085738489,(-19 -8 -9 -19 -12 -8 -11 -22)
1969-12-31 18:00:08.085738489,(21 13 -9 -9 8 9 11 18)
1969-12-31 18:00:08.090483984,(3 -13 1 -13 -8 5 11 11)
1969-12-31 18:00:08.090483984,(-7 -15 -10 -19 -9 -8 -7 0)
1969-12-31 18:00:08.103929552,(-12 -1 -3 -7 -1 4 6 -5)
1969-12-31 18:00:08.103929552,(3 6 0 1 4 0 -3 -3)
1969-12-31 18:00:08.104720468,(-18 -16 -6 -5 -8 -8 -11 -16)
1969-12-31 18:00:08.104720468,(-7 -9 -2 2 -2 -5 -9 -6)
1969-12-31 18:00:08.115002373,(-3 -1 0 -17 -7 -4 -3 1)
1969-12-31 18:00:08.115002373,(15 9 -7 -79 -20 -1 5 12)
1969-12-31 18:00:08.122120615,(0 -1 8 79 21 8 7 3)
1969-12-31 18:00:08.122120615,(-20 -18 -5 -42 -22 -6 -8 -12)
1969-12-31 18:00:08.132402520,(22 11 -3 18 -3 3 6 9)
1969-12-31 18:00:08.133193435,(9 26 11 43 44 2 -3 4)
1969-12-31 18:00:08.137938930,(-17 -4 22 58 31 8 -8 -20)
1969-12-31 18:00:08.137938930,(-11 -8 1 -2 -5 -4 -5 -13)
1969-12-31 18:00:08.151384498,(-23 -28 -15 -33 -22 -11 -8 -6)
1969-12-31 18:00:08.151384498,(15 -12 -19 -49 -30 -1 10 10)
1969-12-31 18:00:08.152175414,(34 23 7 -9 -5 -3 6 19)
1969-12-31 18:00:08.152175414,(7 39 -8 10 12 2 -2 -4)
1969-12-31 18:00:08.168784645,(4 -18 -11 -25 -8 0 3 4)
1969-12-31 18:00:08.168784645,(-25 -16 -2 11 -7 -4 -8 -19)
1969-12-31 18:00:08.170366476,(11 5 -1 -9 -2 -4 2 10)
1969-12-31 18:00:08.170366476,(-29 -28 -2 -14 -4 -3 -13 -21)
1969-12-31 18:00:08.179857466,(22 15 -4 0 11 11 15 18)
1969-12-31 18:00:08.179857466,(-3 -6 12 36 14 10 6 2)
1969-12-31 18:00:08.186975708,(9 24 -3 -3 -18 -9 -3 -2)
1969-12-31 18:00:08.186975708,(4 2 -4 -21 -15 -9 -4 -1)
1969-12-31 18:00:08.198839444,(-10 0 19 96 38 1 -7 -10)
1969-12-31 18:00:08.198839444,(-20 -6 20 37 28 8 -3 -13)
1969-12-31 18:00:08.199630360,(12 -12 -8 -42 -22 -3 3 14)
1969-12-31 18:00:08.199630360,(2 14 -3 -18 -7 3 14 4)
1969-12-31 18:00:08.216239591,(50 31 10 -22 -3 13 25 43)
1969-12-31 18:00:08.216239591,(-36 -26 -18 -20 -26 -21 -25 -32)
1969-12-31 18:00:08.217821423,(2 2 -5 -19 0 2 3 1)
1969-12-31 18:00:08.217821423,(-11 -8 8 28 8 8 8 3)
1969-12-31 18:00:08.227312412,(6 -8 6 -3 5 7 11 13)
1969-12-31 18:00:08.227312412,(33 33 -3 -5 3 4 3 18)
1969-12-31 18:00:08.232848822,(-5 -15 -9 -13 -5 0 -1 -4)
1969-12-31 18:00:08.232848822,(-14 -14 7 42 22 0 -2 -3)
1969-12-31 18:00:08.246294390,(-8 3 2 -5 -6 -6 -12 -9)
1969-12-31 18:00:08.246294390,(-5 -11 -8 -29 -18 -10 -2 2)
1969-12-31 18:00:08.247085306,(3 5 -2 2 5 6 1 -6)
1969-12-31 18:00:08.247085306,(7 -1 6 23 11 2 4 12)
1969-12-31 18:00:08.263694537,(-12 -1 2 1 5 1 2 -8)
1969-12-31 18:00:08.263694537,(-42 -50 -14 -6 -10 -12 -19 -17)
1969-12-31 18:00:08.265276368,(30 38 2 -22 -14 -6 -3 2)
1969-12-31 18:00:08.265276368,(3 -13 -8 2 -3 -6 -10 -2)
1969-12-31 18:00:08.274767357,(-26 -13 -13 -41 -12 -11 -17 -24)
1969-12-31 18:00:08.274767357,(25 26 8 14 -11 2 9 11)
1969-12-31 18:00:08.281885599,(-18 0 9 24 21 13 15 -3)
1969-12-31 18:00:08.281885599,(25 12 4 -30 -4 -3 -3 17)
1969-12-31 18:00:08.293749335,(-14 -14 2 32 12 2 -2 -5)
1969-12-31 18:00:08.293749335,(17 12 -5 -24 -4 8 9 11)
1969-12-31 18:00:08.294540252,(-10 -9 0 -35 -9 3 3 0)
1969-12-31 18:00:08.294540252,(16 26 -1 11 -13 -6 0 0)
1969-12-31 18:00:08.311149483,(-3 -3 -5 -1 6 0 -5 -3)
1969-12-31 18:00:08.311149483,(-12 1 17 60 28 -3 -13 -15)
1969-12-31 18:00:08.312731315,(-23 -21 13 39 19 -1 -7 -12)
1969-12-31 18:00:08.312731315,(38 20 -1 -18 2 22 36 48)
1969-12-31 18:00:08.322222304,(-28 -21 -21 -49 -35 -22 -28 -34)
1969-12-31 18:00:08.322222304,(15 12 -2 -7 -3 5 11 14)
1969-12-31 18:00:08.329340546,(-3 -21 -11 -26 -20 -11 -4 -3)
1969-12-31 18:00:08.329340546,(-24 11 7 8 7 2 -5 -18)
1969-12-31 18:00:08.341204282,(12 -3 -3 6 3 4 6 9)
1969-12-31 18:00:08.341204282,(7 8 8 -4 -2 2 5 5)
1969-12-31 18:00:08.341995198,(-29 -19 -14 -11 -10 -8 -7 -6)
1969-12-31 18:00:08.341995198,(1 -15 -5 -15 -10 -7 -15 -13)
1969-12-31 18:00:08.358604429,(22 26 5 -12 6 8 12 11)
1969-12-31 18:00:08.358604429,(-20 -7 5 43 16 -6 -12 -17)
1969-12-31 18:00:08.360186261,(2 -9 2 23 8 0 2 9)
1969-12-31 18:00:08.360186261,(9 6 2 17 11 5 3 -6)
1969-12-31 18:00:08.369677250,(24 17 3 -20 -8 2 5 18)
1969-12-31 18:00:08.369677250,(-21 -9 -6 -32 -16 -9 -11 -22)
1969-12-31 18:00:08.377586408,(-20 -15 -4 -7 -11 -11 -4 0)
1969-12-31 18:00:08.377586408,(21 24 7 10 18 11 1 -2)
1969-12-31 18:00:08.388659228,(-22 -28 -11 -1 -7 -11 -11 -8)
1969-12-31 18:00:08.388659228,(7 5 1 -4 0 1 -3 -1)
1969-12-31 18:00:08.389450144,(12 14 9 10 6 12 12 7)
1969-12-31 18:00:08.389450144,(-18 -18 -10 -14 -10 -6 -3 -7)
1969-12-31 18:00:08.406059375,(2 -2 -1 9 5 0 1 1)
1969-12-31 18:00:08.406059375,(7 0 -3 -31 -4 -1 2 4)
1969-12-31 18:00:08.407641207,(2 12 -3 -21 -32 -11 -7 0)
1969-12-31 18:00:08.407641207,(-17 -25 8 62 34 -4 -8 -10)
1969-12-31 18:00:08.417132196,(16 19 21 58 32 17 10 10)
1969-12-31 18:00:08.417132196,(-4 -4 -5 -2 -2 1 3 -1)
1969-12-31 18:00:08.424250438,(-19 -13 -14 -49 -22 -9 -16 -26)
1969-12-31 18:00:08.424250438,(31 28 -2 -33 -16 1 16 25)
1969-12-31 18:00:08.436114174,(-25 -38 0 33 4 -6 -6 -15)
1969-12-31 18:00:08.436114174,(-5 13 9 14 9 2 1 11)
1969-12-31 18:00:08.436905090,(47 42 11 1 15 23 31 30)
1969-12-31 18:00:08.436905090,(-75 -82 -26 -23 -26 -20 -22 -41)
1969-12-31 18:00:08.453514321,(62 58 16 -7 13 23 32 44)
1969-12-31 18:00:08.453514321,(2 -10 -14 -7 -10 -6 -12 -10)
1969-12-31 18:00:08.455096153,(2 -3 0 9 9 1 -3 0)
1969-12-31 18:00:08.455096153,(-4 -6 3 7 0 2 2 2)
1969-12-31 18:00:08.464587142,(-28 -13 -9 -21 -16 -10 -12 -20)
1969-12-31 18:00:08.464587142,(14 4 0 -13 -11 -4 6 11)
1969-12-31 18:00:08.471705384,(10 6 -13 -34 -4 -1 -2 3)
1969-12-31 18:00:08.471705384,(3 -3 6 43 22 3 1 2)
1969-12-31 18:00:08.483569120,(-16 -5 15 43 11 -3 -13 -15)
1969-12-31 18:00:08.483569120,(4 10 7 16 6 -1 0 -1)
1969-12-31 18:00:08.484360036,(-30 -27 -10 -6 -1 -7 -8 -16)
1969-12-31 18:00:08.484360036,(28 32 5 -30 -14 4 7 9)
1969-12-31 18:00:08.500969267,(-28 -27 -21 -30 -20 -18 -22 -31)
1969-12-31 18:00:08.500969267,(6 1 -1 0 1 2 5 4)
1969-12-31 18:00:08.502551099,(-21 -30 -6 8 -4 -9 -7 -13)
1969-12-31 18:00:08.502551099,(6 14 0 -6 -2 -1 7 17)
1969-12-31 18:00:08.512042088,(28 43 3 -4 2 0 -8 0)
1969-12-31 18:00:08.512042088,(-6 -21 -7 -12 -7 -7 -5 -11)
1969-12-31 18:00:08.519160330,(12 4 -1 10 9 4 5 9)
1969-12-31 18:00:08.519160330,(-16 -16 -5 10 -3 -8 -12 -11)
1969-12-31 18:00:08.531024066,(10 6 1 -21 -11 -1 7 12)
1969-12-31 18:00:08.531024066,(6 10 -6 -29 -19 -2 2 4)
1969-12-31 18:00:08.531814982,(-8 3 6 34 15 -4 -11 -14)
1969-12-31 18:00:08.531814982,(-17 -26 4 6 14 2 -2 -7)
1969-12-31 18:00:08.548424213,(19 18 1 25 20 20 19 17)
1969-12-31 18:00:08.548424213,(2 1 6 6 0 2 -2 3)
1969-12-31 18:00:08.550006045,(-22 3 2 -5 -9 -8 -7 -15)
1969-12-31 18:00:08.550006045,(-23 -20 -1 -11 -3 2 -5 -20)
1969-12-31 18:00:08.559497034,(-7 -15 -19 -28 -18 -17 -15 -6)
1969-12-31 18:00:08.559497034,(-3 -2 -2 0 1 0 0 1)
1969-12-31 18:00:08.566615276,(-11 0 7 15 -4 1 -3 -9)
1969-12-31 18:00:08.566615276,(33 33 -2 -9 -7 -4 1 11)
1969-12-31 18:00:08.578479012,(-4 -5 -3 -10 1 -4 -7 -6)
1969-12-31 18:00:08.578479012,(-12 -12 0 9 8 4 1 -4)
1969-12-31 18:00:08.579269928,(-2 1 5 4 2 -2 -3 -3)
1969-12-31 18:00:08.579269928,(17 11 1 6 0 8 11 14)
1969-12-31 18:00:08.595879159,(-5 -18 1 3 0 10 15 14)
1969-12-31 18:00:08.595879159,(1 6 -10 -24 -8 -6 -6 -5)
1969-12-31 18:00:08.597460991,(0 -4 -16 -46 -15 -3 -5 2)
1969-12-31 18:00:08.597460991,(14 0 16 79 35 9 3 8)
1969-12-31 18:00:08.606951980,(3 47 24 54 34 14 13 7)
1969-12-31 18:00:08.606951980,(5 -7 10 17 5 11 8 -1)
1969-12-31 18:00:08.614070222,(5 1 -5 -23 -10 -3 -2 0)
1969-12-31 18:00:08.614070222,(-24 -29 -22 -48 -30 -17 -12 -9)
1969-12-31 18:00:08.625933959,(-2 -7 -4 -23 -19 -11 -11 -16)
1969-12-31 18:00:08.625933959,(31 38 0 1 7 5 14 26)
1969-12-31 18:00:08.626724874,(6 -1 0 9 8 6 3 1)
1969-12-31 18:00:08.626724874,(-11 -9 -2 -13 -6 -2 -7 -11)
1969-12-31 18:00:08.643334105,(-11 -13 -4 -11 -8 -6 -1 -3)
1969-12-31 18:00:08.643334105,(-8 -18 -1 -1 -7 -1 3 3)
1969-12-31 18:00:08.644915937,(22 23 7 22 8 4 5 12)
1969-12-31 18:00:08.644915937,(6 16 0 -46 -12 -3 3 1)
1969-12-31 18:00:08.654406926,(-15 -16 -3 22 -5 -7 -7 -11)
1969-12-31 18:00:08.654406926,(-5 -11 -2 18 18 1 -4 -7)
1969-12-31 18:00:08.661525168,(15 13 6 27 21 13 11 14)
1969-12-31 18:00:08.661525168,(-5 -3 4 -2 0 6 2 -2)
1969-12-31 18:00:08.673388905,(-9 -4 -13 -42 -21 -5 -1 -8)
1969-12-31 18:00:08.673388905,(-14 -18 -5 -9 -16 -12 -7 -1)
1969-12-31 18:00:08.674179820,(-4 -48 3 13 2 -4 0 10)
1969-12-31 18:00:08.674179820,(69 72 15 2 10 15 20 40)
1969-12-31 18:00:08.690789051,(-23 -41 -11 -12 -10 -16 -23 -27)
1969-12-31 18:00:08.690789051,(2 7 5 19 8 3 5 3)
1969-12-31 18:00:08.692370883,(-24 -23 -5 -3 -3 -2 -3 -12)
1969-12-31 18:00:08.692370883,(-18 -12 -6 1 -5 -10 -13 -8)
1969-12-31 18:00:08.701861872,(17 14 2 -7 1 2 9 13)
1969-12-31 18:00:08.701861872,(-6 -9 -16 -67 -44 -13 -2 -4)
1969-12-31 18:00:08.708980114,(19 30 5 29 -10 -6 -3 6)
1969-12-31 18:00:08.708980114,(-15 -9 11 53 50 14 0 -10)
1969-12-31 18:00:08.720843851,(1 9 10 14 44 33 14 9)
1969-12-31 18:00:08.720843851,(-10 -6 2 14 23 12 2 -4)
1969-12-31 18:00:08.721634766,(-4 0 0 -7 -14 -5 -4 -7)
1969-12-31 18:00:08.721634766,(4 4 -6 -20 -28 -17 -6 2)
1969-12-31 18:00:08.738243998,(-6 -14 -5 -3 -8 -4 5 5)
1969-12-31 18:00:08.738243998,(-2 -3 -7 -15 -12 -5 -3 -1)
1969-12-31 18:00:08.739825829,(17 22 -1 -15 -2 1 3 9)
1969-12-31 18:00:08.739825829,(-17 -12 -3 8 -5 -8 -11 -17)
1969-12-31 18:00:08.749316818,(5 -4 -1 -15 -11 -7 0 13)
1969-12-31 18:00:08.749316818,(6 22 4 11 2 3 -5 -11)
1969-12-31 18:00:08.756435060,(-8 -5 -6 -4 1 -14 -6 -6)
1969-12-31 18:00:08.756435060,(-11 -13 -6 -15 -55 -14 -3 -6)
1969-12-31 18:00:08.773835207,(8 3 -1 -7 2 -15 -4 2)
1969-12-31 18:00:08.773835207,(3 3 6 27 44 38 14 8)
1969-12-31 18:00:08.775417039,(-3 -2 3 -8 49 37 12 1)
1969-12-31 18:00:08.775417039,(3 3 6 14 8 13 7 3)
1969-12-31 18:00:08.785698944,(-10 -8 1 23 -13 -8 -5 -7)
1969-12-31 18:00:08.785698944,(-7 -8 2 18 7 -14 -6 -2)
1969-12-31 18:00:08.787280775,(0 10 1 -11 -12 -17 -11 -5)
1969-12-31 18:00:08.787280775,(16 1 -8 -26 -11 0 5 10)
1969-12-31 18:00:08.796771764,(-7 -1 2 -8 -21 -10 -5 -9)
1969-12-31 18:00:08.796771764,(1 -4 -5 -6 -12 -13 -7 -1)
1969-12-31 18:00:08.803890006,(-19 -33 -12 -10 -8 0 -1 -9)
1969-12-31 18:00:08.803890006,(-14 1 -4 -3 8 3 5 6)
1969-12-31 18:00:08.814962827,(73 60 17 12 13 12 10 34)
1969-12-31 18:00:08.814962827,(-21 -17 -9 -7 -9 -14 -20 -28)
1969-12-31 18:00:08.820499237,(-1 -3 3 4 -7 1 2 3)
1969-12-31 18:00:08.820499237,(-4 -14 -4 3 7 1 4 3)
1969-12-31 18:00:08.833153890,(-8 -4 1 -1 9 12 10 2)
1969-12-31 18:00:08.833153890,(11 13 5 0 -6 0 4 8)
1969-12-31 18:00:08.834735721,(6 8 -12 -62 -27 -13 -6 -2)
1969-12-31 18:00:08.834735721,(-13 -16 -10 6 -23 -1 -2 -9)
1969-12-31 18:00:08.844226710,(-6 -3 17 77 51 18 4 0)
1969-12-31 18:00:08.844226710,(8 8 25 62 51 11 4 5)
1969-12-31 18:00:08.851344952,(-13 -6 2 19 6 -2 -10 -11)
1969-12-31 18:00:08.851344952,(-2 -7 -7 -43 -8 -3 -1 -7)
1969-12-31 18:00:08.862417773,(-24 -28 -26 -60 -51 -18 -9 -16)
1969-12-31 18:00:08.862417773,(-2 13 -3 -9 -12 -10 -5 -1)
1969-12-31 18:00:08.867954183,(26 24 10 20 12 15 25 29)
1969-12-31 18:00:08.868745099,(29 11 -3 -1 15 3 7 17)
1969-12-31 18:00:08.879817920,(-33 -27 -14 -12 -19 -20 -40 -40)
1969-12-31 18:00:08.879817920,(-15 -8 -8 -15 -11 -9 -9 -10)
1969-12-31 18:00:08.880608836,(-10 -18 -3 11 7 14 13 3)
1969-12-31 18:00:08.880608836,(-29 -24 -4 6 -1 -6 -6 -12)
1969-12-31 18:00:08.898008983,(37 43 16 10 17 16 20 27)
1969-12-31 18:00:08.898008983,(-3 -10 -4 -19 -20 -12 -10 -5)
1969-12-31 18:00:08.898799898,(-6 -7 -6 3 -6 -5 -7 -7)
1969-12-31 18:00:08.898799898,(10 9 12 21 18 10 6 8)
1969-12-31 18:00:08.909081803,(-14 -16 -5 -12 0 -2 -2 -7)
1969-12-31 18:00:08.909081803,(-2 -3 -4 -12 -14 -1 3 3)
1969-12-31 18:00:08.916200045,(3 10 9 16 2 -4 -2 -3)
1969-12-31 18:00:08.916200045,(1 3 3 3 11 1 -3 -5)
1969-12-31 18:00:08.927272866,(9 8 -3 -13 -10 -1 3 8)
1969-12-31 18:00:08.927272866,(-10 -10 -5 -2 -6 0 1 -3)
1969-12-31 18:00:08.928063782,(10 9 4 5 7 0 0 2)
1969-12-31 18:00:08.928063782,(-6 1 0 -2 0 -8 -14 -9)
1969-12-31 18:00:08.945463929,(-12 -13 -8 -6 -6 -1 -3 -5)
1969-12-31 18:00:08.945463929,(6 1 2 6 2 8 10 7)
1969-12-31 18:00:08.946254844,(-4 -4 -5 -17 -4 -4 -7 -3)
1969-12-31 18:00:08.946254844,(1 3 -19 -88 -30 -20 -10 -5)
1969-12-31 18:00:08.956536749,(-7 -6 0 29 -35 -5 0 -3)
1969-12-31 18:00:08.956536749,(4 1 22 73 58 24 13 7)
1969-12-31 18:00:08.963654991,(10 16 23 52 40 17 5 6)
1969-12-31 18:00:08.963654991,(-8 -5 6 23 15 6 -3 -6)
1969-12-31 18:00:08.981846054,(-2 -2 -4 -43 -14 0 5 2)
1969-12-31 18:00:08.981846054,(7 9 1 -33 -35 -7 -4 1)
1969-12-31 18:00:08.982636970,(2 -1 -18 -11 -4 -11 -4 1)
1969-12-31 18:00:08.982636970,(-8 -15 -19 -11 -8 -10 -11 -9)
1969-12-31 18:00:08.992918875,(-7 -7 -3 -15 0 -5 1 0)
1969-12-31 18:00:08.992918875,(3 -1 -16 -23 -17 -10 -3 1)
1969-12-31 18:00:08.993709790,(-4 3 19 12 -12 5 1 -6)
1969-12-31 18:00:08.993709790,(10 14 2 27 34 26 12 7)
1969-12-31 18:00:09.003991695,(8 7 6 25 34 15 5 7)
1969-12-31 18:00:09.003991695,(-4 -5 -4 -11 1 -6 -5 -3)
1969-12-31 18:00:09.010319022,(-6 -6 -6 -15 -42 -28 -14 -6)
1969-12-31 18:00:09.010319022,(-9 -5 -3 -23 -16 -11 -11 -12)
1969-12-31 18:00:09.022182758,(9 9 16 53 25 21 18 14)
1969-12-31 18:00:09.022973674,(5 11 27 22 31 23 14 6)
1969-12-31 18:00:09.022973674,(3 -7 -34 -62 -17 -7 -6 0)
1969-12-31 18:00:09.022973674,(2 -6 8 32 -17 -9 -1 3)
1969-12-31 18:00:09.040373821,(-11 -7 -20 31 23 -8 -13 -11)
1969-12-31 18:00:09.040373821,(-4 -6 -6 -6 -3 -3 -2 -1)
1969-12-31 18:00:09.041164736,(-5 -1 10 6 -2 1 2 -3)
1969-12-31 18:00:09.041164736,(1 8 16 -18 -5 2 3 -1)
1969-12-31 18:00:09.051446641,(5 -1 -17 -45 -18 0 4 5)
1969-12-31 18:00:09.051446641,(5 0 1 8 -7 -1 1 3)
1969-12-31 18:00:09.058564883,(-3 0 2 -3 5 -1 -5 -5)
1969-12-31 18:00:09.058564883,(2 1 1 10 6 8 5 3)
1969-12-31 18:00:09.070428620,(2 0 1 2 2 -13 -5 0)
1969-12-31 18:00:09.070428620,(-2 -1 8 -11 -17 1 1 0)
1969-12-31 18:00:09.070428620,(-2 -2 -15 3 17 6 0 -1)
1969-12-31 18:00:09.070428620,(-1 -9 -11 9 -1 -12 -5 -1)
1969-12-31 18:00:09.087828767,(-14 -8 11 -12 -15 -6 -7 -12)
1969-12-31 18:00:09.087828767,(6 7 -3 -5 1 2 3 4)
1969-12-31 18:00:09.088619683,(5 4 11 4 4 8 5 5)
1969-12-31 18:00:09.088619683,(-2 4 -5 16 9 8 3 -1)
1969-12-31 18:00:09.098901587,(0 1 9 -12 -8 -4 -4 -2)
1969-12-31 18:00:09.098901587,(0 2 -6 -3 -1 -5 -2 0)
1969-12-31 18:00:09.106019829,(6 1 -1 19 11 8 6 4)
1969-12-31 18:00:09.106019829,(-2 -3 -3 1 3 -2 -4 -2)
1969-12-31 18:00:09.117092650,(-3 -5 -3 -19 -9 -7 -4 -3)
1969-12-31 18:00:09.117883566,(-2 -2 3 -6 -8 -6 -3 -2)
1969-12-31 18:00:09.117883566,(4 3 -1 9 3 7 6 5)
1969-12-31 18:00:09.117883566,(3 7 8 8 3 0 0 2)
1969-12-31 18:00:09.135283713,(4 2 -5 -6 1 5 7 5)
1969-12-31 18:00:09.135283713,(-2 -8 -15 -3 -4 -4 -4 -2)
1969-12-31 18:00:09.136074629,(-7 -5 2 5 5 -3 -4 -6)
1969-12-31 18:00:09.136074629,(-3 0 6 -2 -1 2 2 1)
1969-12-31 18:00:09.147147449,(-1 4 4 0 -3 -5 -6 -4)
1969-12-31 18:00:09.147147449,(1 0 -8 -6 1 3 2 -2)
1969-12-31 18:00:09.147938365,(-3 -1 9 -2 -11 -5 -3 -3)
1969-12-31 18:00:09.147938365,(6 7 0 6 4 3 3 5)
1969-12-31 18:00:09.165338512,(-2 -6 -9 -9 2 0 -2 -1)
1969-12-31 18:00:09.165338512,(2 -1 0 -2 2 0 -1 0)
1969-12-31 18:00:09.165338512,(-4 -5 -5 -4 -6 -2 -4 -5)
1969-12-31 18:00:09.165338512,(4 4 6 8 2 6 1 -1)
1969-12-31 18:00:09.182738659,(2 -6 -8 6 7 -2 -1 5)
1969-12-31 18:00:09.182738659,(-12 -9 7 -10 -4 -12 -8 -11)
1969-12-31 18:00:09.183529575,(2 4 4 9 7 1 1 1)
1969-12-31 18:00:09.183529575,(4 7 6 -3 2 2 2 1)
1969-12-31 18:00:09.194602395,(5 -2 -13 -5 4 10 4 0)
1969-12-31 18:00:09.194602395,(-7 -8 -7 3 -5 -11 -10 -5)
1969-12-31 18:00:09.195393311,(-2 3 4 4 -3 -3 -2 2)
1969-12-31 18:00:09.195393311,(-5 -10 -6 2 -2 -3 0 2)
1969-12-31 18:00:09.212793458,(-5 3 7 -30 -7 2 -1 -5)
1969-12-31 18:00:09.212793458,(16 9 -1 33 8 2 4 11)
1969-12-31 18:00:09.212793458,(-11 -9 -1 -32 -17 -7 -4 -9)
1969-12-31 18:00:09.212793458,(5 4 3 19 20 7 2 3)
1969-12-31 18:00:09.230193605,(-8 -3 8 -1 2 0 -1 -4)
1969-12-31 18:00:09.230193605,(-5 -2 -13 -17 -12 0 -4 -8)
1969-12-31 18:00:09.230984521,(3 -4 -8 3 -2 -7 0 3)
1969-12-31 18:00:09.230984521,(6 6 7 4 2 3 4 3)
1969-12-31 18:00:09.242057341,(-3 -2 6 17 4 0 -2 -1)
1969-12-31 18:00:09.242057341,(1 5 -13 -34 -4 4 3 0)
1969-12-31 18:00:09.242848257,(19 8 3 35 6 1 4 10)
1969-12-31 18:00:09.242848257,(-18 -7 16 -14 -11 -9 -7 -12)
1969-12-31 18:00:09.260248404,(2 1 -2 -16 -13 -5 -5 -1)
1969-12-31 18:00:09.260248404,(2 3 17 49 21 9 5 3)
1969-12-31 18:00:09.260248404,(-2 -2 -6 -5 19 10 3 -1)
1969-12-31 18:00:09.260248404,(-5 -9 -21 -5 -9 -6 -5 -6)
1969-12-31 18:00:09.277648550,(16 10 3 11 2 2 10 11)
1969-12-31 18:00:09.277648550,(-7 -6 -2 -25 -15 -5 -3 -4)
1969-12-31 18:00:09.278439467,(-6 -2 -3 -7 -5 -3 -2 -3)
1969-12-31 18:00:09.278439467,(-5 -2 3 -2 -10 -7 -2 -2)
1969-12-31 18:00:09.289512287,(-4 3 3 2 0 -1 -3 -4)
1969-12-31 18:00:09.289512287,(1 -6 -15 -4 0 0 1 3)
1969-12-31 18:00:09.290303203,(2 4 3 4 0 0 2 2)
1969-12-31 18:00:09.290303203,(-2 -2 1 -4 -3 -6 -3 -2)
1969-12-31 18:00:09.307703350,(4 -6 -20 -10 -9 -1 4 5)
1969-12-31 18:00:09.307703350,(1 0 6 1 4 4 3 1)
1969-12-31 18:00:09.307703350,(-4 -2 -2 -4 -3 -2 -3 -4)
1969-12-31 18:00:09.307703350,(4 5 -5 -4 0 0 -2 -2)
1969-12-31 18:00:09.325103497,(-1 2 6 -11 -16 -4 -1 -3)
1969-12-31 18:00:09.325103497,(-2 0 7 39 34 9 0 0)
1969-12-31 18:00:09.325894413,(-8 -6 1 0 3 0 -6 -7)
1969-12-31 18:00:09.325894413,(-8 -4 3 6 2 -1 -3 -4)
1969-12-31 18:00:09.336967233,(9 3 -11 2 6 6 7 7)
1969-12-31 18:00:09.336967233,(0 -1 -11 -39 -14 -8 -5 -3)
1969-12-31 18:00:09.337758149,(3 3 4 3 -8 -1 0 1)
1969-12-31 18:00:09.337758149,(-4 -1 10 20 15 6 0 -1)
1969-12-31 18:00:09.355158296,(-7 -1 8 11 4 -2 -6 -4)
1969-12-31 18:00:09.355158296,(-1 0 3 -5 -12 -3 1 1)
1969-12-31 18:00:09.355158296,(-1 -5 -9 -13 -5 0 2 -1)
1969-12-31 18:00:09.355158296,(3 0 -13 -15 -11 -8 -4 0)
1969-12-31 18:00:09.378885769,(-2 2 15 14 12 5 1 1)
1969-12-31 18:00:09.378885769,(5 3 2 3 -5 1 3 3)
1969-12-31 18:00:09.379676685,(-3 -1 4 -4 1 -4 -5 -4)
1969-12-31 18:00:09.379676685,(1 -3 -17 -19 -14 -2 5 1)
1969-12-31 18:00:09.392331337,(-6 -3 3 11 3 -2 -7 -7)
1969-12-31 18:00:09.392331337,(-5 -1 3 3 2 2 -1 -2)
1969-12-31 18:00:09.392331337,(7 6 -3 3 11 2 2 7)
1969-12-31 18:00:09.392331337,(-4 -3 3 -5 -4 3 4 -1)
1969-12-31 18:00:09.402613242,(-1 -2 -3 12 5 0 -1 -2)
1969-12-31 18:00:09.402613242,(4 2 4 -4 -11 -7 -4 3)
1969-12-31 18:00:09.402613242,(-6 -5 -4 -3 -5 -4 -4 -6)
1969-12-31 18:00:09.402613242,(3 0 -4 -1 3 2 3 5)
1969-12-31 18:00:09.420013389,(-2 -2 0 -6 -3 -1 -1 -2)
1969-12-31 18:00:09.420013389,(-3 0 -2 0 0 1 -1 -1)
1969-12-31 18:00:09.420804305,(-3 -1 2 1 -1 -1 -2 -1)
1969-12-31 18:00:09.420804305,(1 -1 1 2 2 3 2 3)
1969-12-31 18:00:09.431086210,(3 2 -4 -6 -6 -3 -1 -1)
1969-12-31 18:00:09.431086210,(2 -1 -2 0 3 -2 -2 0)
1969-12-31 18:00:09.438204452,(-3 1 4 -1 0 0 -1 -1)
1969-12-31 18:00:09.438204452,(-2 -2 1 3 3 2 -2 -1)
1969-12-31 18:00:09.450068188,(1 0 0 1 3 0 -1 1)
1969-12-31 18:00:09.450068188,(1 2 -1 -3 -7 -2 3 2)
1969-12-31 18:00:09.450068188,(-1 -2 -1 0 -3 -1 -1 -2)
1969-12-31 18:00:09.450068188,(2 1 0 -2 0 -1 -1 1)
1969-12-31 18:00:09.467468335,(-4 -2 -2 -3 -1 -4 -2 -3)
1969-12-31 18:00:09.467468335,(-4 -4 -3 0 2 0 0 -1)
1969-12-31 18:00:09.468259251,(0 -2 1 -2 -4 0 1 0)
1969-12-31 18:00:09.468259251,(0 1 -2 -2 -1 -3 -2 -2)
1969-12-31 18:00:09.485659398,(1 0 0 1 2 -1 2 1)
1969-12-31 18:00:09.485659398,(-3 -3 0 -4 -2 1 -2 -4)
1969-12-31 18:00:09.486450314,(-1 0 -2 2 0 0 0 -2)
1969-12-31 18:00:09.486450314,(1 3 1 3 3 -1 -3 0)
1969-12-31 18:00:09.496732219,(-2 -1 0 -2 -3 -2 -4 -2)
1969-12-31 18:00:09.496732219,(-3 -3 0 1 -2 0 0 -4)
1969-12-31 18:00:09.497523134,(1 -3 0 2 2 -1 -3 -1)
1969-12-31 18:00:09.497523134,(2 2 -1 0 0 -1 1 2)
1969-12-31 18:00:09.514923281,(0 -2 -3 -2 1 0 -1 0)
1969-12-31 18:00:09.514923281,(1 0 -2 -1 -1 -1 -3 -2)
1969-12-31 18:00:09.515714197,(-1 -2 -3 0 0 0 -1 0)
1969-12-31 18:00:09.515714197,(-1 0 0 0 -1 -1 0 1)
1969-12-31 18:00:09.525996102,(2 -1 -3 -1 1 -3 -3 -1)
1969-12-31 18:00:09.525996102,(2 0 -2 -1 1 -1 1 1)
1969-12-31 18:00:09.533114344,(1 0 1 -2 -1 0 1 1)
1969-12-31 18:00:09.533114344,(-2 -2 -1 0 0 0 -3 -2)
1969-12-31 18:00:09.544978080,(-3 -2 -3 -2 0 2 3 0)
1969-12-31 18:00:09.544978080,(2 1 0 2 2 0 0 4)
1969-12-31 18:00:09.544978080,(-2 -1 1 0 -3 -3 -2 -1)
1969-12-31 18:00:09.544978080,(-2 -3 1 1 -1 0 -1 1)
1969-12-31 18:00:09.562378227,(-1 -2 2 2 1 -1 0 -1)
1969-12-31 18:00:09.562378227,(-3 -3 0 -2 -2 -1 -2 -4)
1969-12-31 18:00:09.563169143,(3 2 -1 0 0 0 3 3)
1969-12-31 18:00:09.563169143,(1 0 -1 -1 1 -1 0 -1)
1969-12-31 18:00:09.573451048,(-1 0 -1 0 -1 -2 -4 -2)
1969-12-31 18:00:09.573451048,(-2 -2 0 1 0 -1 -2 1)
1969-12-31 18:00:09.580569290,(0 0 -3 -1 -2 1 0 -2)
1969-12-31 18:00:09.580569290,(1 -1 0 1 -1 -3 -1 -2)
1969-12-31 18:00:09.591642111,(0 -2 0 1 0 0 1 -2)
1969-12-31 18:00:09.591642111,(0 0 0 -1 -1 0 1 0)
1969-12-31 18:00:09.597969437,(0 0 -1 -2 -1 0 -1 -1)
1969-12-31 18:00:09.597969437,(-2 -2 -1 0 -1 0 -2 -3)
1969-12-31 18:00:09.609833173,(2 3 3 0 1 1 3 3)
1969-12-31 18:00:09.609833173,(0 0 0 0 0 -1 -1 0)
1969-12-31 18:00:09.610624089,(-3 -3 0 1 0 1 -2 -2)
1969-12-31 18:00:09.610624089,(1 -1 0 1 0 -1 0 -1)
1969-12-31 18:00:09.628024236,(-4 -2 -1 1 0 0 -4 -4)
1969-12-31 18:00:09.628024236,(-1 1 0 -3 -3 -1 2 -2)
1969-12-31 18:00:09.628815152,(6 3 -1 3 0 -1 2 4)
1969-12-31 18:00:09.628815152,(-3 -4 -2 -1 1 0 0 -1)
1969-12-31 18:00:09.639097057,(-2 -1 0 -1 -3 -1 -1 2)
1969-12-31 18:00:09.639887972,(1 0 -1 -1 -3 -2 0 0)
1969-12-31 18:00:09.639887972,(-1 -1 1 1 1 1 -3 -3)
1969-12-31 18:00:09.639887972,(5 4 0 -1 -3 1 5 6)
1969-12-31 18:00:09.657288119,(2 0 -5 -4 1 -1 0 1)
1969-12-31 18:00:09.657288119,(-3 -2 0 1 -1 2 0 -2)
1969-12-31 18:00:09.658079035,(0 -1 -1 -1 -4 -1 0 0)
1969-12-31 18:00:09.658079035,(-1 0 0 0 0 -2 -2 -1)
1969-12-31 18:00:09.675479182,(-1 0 1 0 -2 -1 0 0)
1969-12-31 18:00:09.675479182,(2 -1 -2 0 -1 0 1 1)
1969-12-31 18:00:09.676270098,(-2 -1 -1 -2 0 1 -1 -2)
1969-12-31 18:00:09.676270098,(0 -1 -1 -1 -2 0 -2 -3)
1969-12-31 18:00:09.687342918,(-3 -1 1 1 -1 0 1 0)
1969-12-31 18:00:09.687342918,(2 0 -1 -1 0 -2 -2 0)
1969-12-31 18:00:09.687342918,(0 0 1 0 -1 0 0 0)
1969-12-31 18:00:09.687342918,(-2 -2 0 1 1 0 -3 -1)
1969-12-31 18:00:09.705533981,(0 -1 -2 -1 0 0 1 -2)
1969-12-31 18:00:09.705533981,(0 0 -1 2 0 -2 -1 0)
1969-12-31 18:00:09.705533981,(-3 -2 -2 0 2 -1 -2 -1)
1969-12-31 18:00:09.705533981,(-2 1 -1 -3 -4 -2 0 -3)
1969-12-31 18:00:09.722934128,(6 5 -2 1 0 1 1 3)
1969-12-31 18:00:09.722934128,(-6 -7 1 -1 1 -4 -5 -3)
1969-12-31 18:00:09.723725044,(-2 -1 2 -1 -1 0 -1 -1)
1969-12-31 18:00:09.723725044,(-1 -1 1 3 3 2 -2 -2)
1969-12-31 18:00:09.734797865,(-3 -2 -1 -1 -3 -2 1 -4)
1969-12-31 18:00:09.734797865,(1 1 -3 -2 -3 2 2 0)
1969-12-31 18:00:09.740334275,(1 1 1 -2 -2 -3 3 1)
1969-12-31 18:00:09.740334275,(-1 0 4 -3 -3 1 -1 -3)
1969-12-31 18:00:09.758525338,(4 4 -3 8 9 0 -2 1)
1969-12-31 18:00:09.758525338,(-5 -7 -2 -5 -3 -1 0 -1)
1969-12-31 18:00:09.759316253,(-4 -2 -1 -1 -3 -1 -1 -1)
1969-12-31 18:00:09.759316253,(0 -1 -1 -3 -1 -2 -1 -1)
1969-12-31 18:00:09.770389074,(-3 0 1 -1 -5 0 0 -3)
1969-12-31 18:00:09.770389074,(3 2 -1 0 0 1 2 2)
1969-12-31 18:00:09.771179990,(0 0 -2 0 1 0 1 0)
1969-12-31 18:00:09.771179990,(0 0 -2 1 0 0 0 0)
1969-12-31 18:00:09.781461895,(0 -1 0 -2 1 0 -2 0)
1969-12-31 18:00:09.781461895,(0 0 -1 -2 -1 -2 -1 -1)
1969-12-31 18:00:09.782252811,(2 -1 -1 -5 -6 -2 0 -1)
1969-12-31 18:00:09.782252811,(1 1 -4 5 4 1 2 1)
1969-12-31 18:00:09.782252811,(-12 -8 -8 -18 -17 -9 -7 -10)
1969-12-31 18:00:09.782252811,(0 1 -4 -16 -23 -7 0 -2)
1969-12-31 18:00:09.783043726,(10 7 -14 -1 6 7 5 6)
1969-12-31 18:00:09.783043726,(2 0 7 8 13 1 2 4)
1969-12-31 18:00:09.799652957,(-8 3 20 32 4 3 -4 -4)
1969-12-31 18:00:09.799652957,(-7 -7 -8 0 19 -1 -4 -5)
1969-12-31 18:00:09.801234789,(11 8 -10 -52 -36 -6 5 6)
1969-12-31 18:00:09.801234789,(8 1 0 -3 6 5 5 5)
1969-12-31 18:00:09.810725778,(-6 1 23 29 15 4 -3 -3)
1969-12-31 18:00:09.810725778,(-13 -5 -9 5 1 -1 -5 -10)
1969-12-31 18:00:09.817844020,(-2 -4 11 23 6 6 1 1)
1969-12-31 18:00:09.817844020,(0 -11 -37 -40 -12 -9 -7 -1)
1969-12-31 18:00:09.829707757,(-1 -5 9 -43 -43 -24 -8 -5)
1969-12-31 18:00:09.829707757,(-4 4 7 -23 -24 -4 3 -4)
1969-12-31 18:00:09.830498672,(4 6 17 -7 16 10 0 2)
1969-12-31 18:00:09.830498672,(2 11 34 107 43 17 8 3)
1969-12-31 18:00:09.847107904,(-10 -18 -47 13 28 4 -3 -5)
1969-12-31 18:00:09.847107904,(10 -4 -26 -62 -31 -4 5 9)
1969-12-31 18:00:09.848689735,(-14 -11 -26 -117 -107 -32 -6 -8)
1969-12-31 18:00:09.848689735,(20 18 10 -12 -10 -5 3 12)
1969-12-31 18:00:09.858180724,(-7 3 63 116 81 16 2 -6)
1969-12-31 18:00:09.858180724,(-3 1 20 38 57 22 6 0)
1969-12-31 18:00:09.865298966,(2 6 -26 -59 7 -1 -3 -1)
1969-12-31 18:00:09.865298966,(-14 -22 -35 -54 -109 -33 -14 -12)
1969-12-31 18:00:09.877162703,(-6 -9 -11 -43 7 -10 -11 -6)
1969-12-31 18:00:09.877162703,(9 13 30 104 67 28 14 10)
1969-12-31 18:00:09.877953618,(-5 -9 -1 -45 -38 -12 -5 -2)
1969-12-31 18:00:09.877953618,(-2 -1 -12 -62 44 11 5 1)
1969-12-31 18:00:09.894562850,(14 12 -18 -53 -128 -29 2 6)
1969-12-31 18:00:09.894562850,(2 5 26 11 10 -8 -7 -4)
1969-12-31 18:00:09.896144681,(-5 -7 20 127 96 20 -6 -4)
1969-12-31 18:00:09.896144681,(-8 -4 16 2 50 26 6 -3)
1969-12-31 18:00:09.905635670,(3 1 -23 -32 -45 -13 -5 0)
1969-12-31 18:00:09.905635670,(-8 -16 -75 -124 -128 -58 -14 -8)
1969-12-31 18:00:09.912753912,(9 15 46 82 57 22 12 7)
1969-12-31 18:00:09.912753912,(3 15 80 103 117 67 15 4)
1969-12-31 18:00:09.924617649,(-9 -10 -7 -69 -21 3 -6 -5)
1969-12-31 18:00:09.924617649,(9 4 -40 -77 -76 -11 -2 3)
1969-12-31 18:00:09.925408564,(-21 -35 -53 -93 -128 -56 -22 -16)
1969-12-31 18:00:09.925408564,(0 6 38 78 54 5 3 2)
1969-12-31 18:00:09.942808711,(6 18 36 102 69 36 15 6)
1969-12-31 18:00:09.942808711,(6 1 -37 -14 -26 -9 -2 3)
1969-12-31 18:00:09.947554206,(5 -6 -30 -106 22 1 3 3)
1969-12-31 18:00:09.947554206,(3 3 -3 55 -60 -20 -6 -3)
1969-12-31 18:00:09.953090616,(-5 -14 -21 -18 -17 -13 -7 -5)
1969-12-31 18:00:09.953090616,(-7 -9 33 70 62 20 4 1)
1969-12-31 18:00:09.965745269,(-6 8 21 19 -8 11 4 -3)
1969-12-31 18:00:09.965745269,(5 -1 -40 -101 -47 -20 -2 3)
1969-12-31 18:00:09.972072595,(-1 -1 -31 -102 -58 -14 -4 -2)
1969-12-31 18:00:09.972072595,(-1 10 55 111 79 24 1 1)
1969-12-31 18:00:09.972863511,(1 5 20 67 36 16 6 3)
1969-12-31 18:00:09.972863511,(-4 -6 -25 -38 -45 -23 -7 -6)
1969-12-31 18:00:09.989472742,(4 5 -1 -16 25 3 3 1)
1969-12-31 18:00:09.989472742,(-5 -4 12 -9 0 1 -2 -2)
1969-12-31 18:00:09.991054573,(2 3 2 22 9 0 0 0)
1969-12-31 18:00:09.991054573,(-4 -8 -21 -4 -7 -9 -3 -1)
1969-12-31 18:00:10.001336478,(5 2 -1 -4 -3 5 4 4)
1969-12-31 18:00:10.001336478,(-2 -1 7 -16 -13 -2 0 -2)
1969-12-31 18:00:10.008454720,(-1 3 5 48 30 4 -1 -1)
1969-12-31 18:00:10.008454720,(-3 -5 -19 -39 -28 -7 -1 -1)
1969-12-31 18:00:10.019527540,(1 1 5 6 0 1 -1 -1)
1969-12-31 18:00:10.019527540,(3 2 8 12 4 2 2 2)
1969-12-31 18:00:10.020318457,(0 0 -5 -7 -6 -4 -2 -1)
1969-12-31 18:00:10.020318457,(-2 -3 -2 -20 -10 -1 -1 -4)
1969-12-31 18:00:10.036927688,(-2 0 4 21 10 2 0 -2)
1969-12-31 18:00:10.036927688,(0 -2 -4 -14 0 -3 -4 -2)
1969-12-31 18:00:10.042464098,(5 0 -5 -8 3 1 2 4)
1969-12-31 18:00:10.042464098,(-1 2 0 -5 -4 2 0 -2)
1969-12-31 18:00:10.048000508,(0 2 2 25 20 3 0 0)
1969-12-31 18:00:10.048000508,(-1 -1 -2 -22 -13 0 0 0)
1969-12-31 18:00:10.055118750,(-3 0 3 2 0 1 0 -2)
1969-12-31 18:00:10.055118750,(1 -1 -3 11 -1 -2 -1 2)
1969-12-31 18:00:10.066191571,(-3 -2 -3 -6 -2 -6 -1 1)
1969-12-31 18:00:10.066191571,(-3 -1 -9 -29 -19 -8 -1 3)
1969-12-31 18:00:10.071727981,(23 11 15 24 14 8 8 11)
1969-12-31 18:00:10.071727981,(-22 -8 -2 3 4 2 -5 -19)
1969-12-31 18:00:10.085964465,(-6 -7 -3 -3 1 -1 -6 -7)
1969-12-31 18:00:10.085964465,(-1 -2 -2 3 -1 0 1 1)
1969-12-31 18:00:10.086755381,(-18 -7 -7 -1 -1 -3 -3 -5)
1969-12-31 18:00:10.086755381,(27 4 -6 -21 -13 -4 3 17)
1969-12-31 18:00:10.095455454,(-6 3 3 11 4 6 8 6)
1969-12-31 18:00:10.095455454,(7 6 2 6 5 3 0 -1)
1969-12-31 18:00:10.102573696,(-6 -6 -5 -10 -7 -2 -5 -4)
1969-12-31 18:00:10.102573696,(4 -2 -3 -5 -5 -3 -3 0)
1969-12-31 18:00:10.113646517,(-7 1 3 6 3 1 1 -7)
1969-12-31 18:00:10.113646517,(-9 -12 -2 2 -3 -6 -7 -5)
1969-12-31 18:00:10.119182928,(-8 -5 -3 -1 1 3 4 -2)
1969-12-31 18:00:10.119182928,(-11 -13 -5 -4 -4 0 1 4)
1969-12-31 18:00:10.131837580,(22 9 -8 -4 4 -3 -2 1)
1969-12-31 18:00:10.131837580,(7 9 8 4 5 6 0 -7)
1969-12-31 18:00:10.133419411,(-4 -4 -7 6 -4 -7 -5 -3)
1969-12-31 18:00:10.133419411,(-5 1 4 -22 6 -2 -1 -2)
1969-12-31 18:00:10.142910401,(4 1 7 29 -5 0 0 8)
1969-12-31 18:00:10.142910401,(-12 -11 4 11 25 11 10 1)
1969-12-31 18:00:10.150028642,(10 16 -3 -10 -8 -3 -4 3)
1969-12-31 18:00:10.150028642,(23 7 3 -4 2 5 11 11)
1969-12-31 18:00:10.161101463,(-16 -6 -3 -26 -16 -7 -9 -14)
1969-12-31 18:00:10.161101463,(-6 -9 -11 -2 -7 -3 -1 -1)
1969-12-31 18:00:10.166637874,(-15 -7 -10 -4 -2 -5 -2 2)
1969-12-31 18:00:10.166637874,(17 2 13 12 10 17 23 16)
1969-12-31 18:00:10.179292526,(82 62 12 3 14 13 11 12)
1969-12-31 18:00:10.179292526,(-37 -25 -10 -5 -16 -15 -23 -28)
1969-12-31 18:00:10.180874357,(-5 -12 0 5 5 1 2 6)
1969-12-31 18:00:10.180874357,(-8 4 -8 -3 -13 -11 -12 -3)
1969-12-31 18:00:10.190365347,(-10 -12 1 -12 0 4 11 9)
1969-12-31 18:00:10.190365347,(4 5 -2 -12 -12 -4 -1 5)
1969-12-31 18:00:10.197483588,(-2 1 9 -18 7 8 7 3)
1969-12-31 18:00:10.197483588,(-14 -8 0 25 20 -2 -7 -11)
1969-12-31 18:00:10.208556409,(-17 -16 7 45 10 -1 -1 -1)
1969-12-31 18:00:10.208556409,(6 15 12 17 11 1 -6 -6)
1969-12-31 18:00:10.214092820,(28 2 3 8 9 10 12 12)
1969-12-31 18:00:10.214092820,(-58 -22 -5 -22 -18 -9 -16 -31)
1969-12-31 18:00:10.226747472,(-6 -17 -15 -38 -15 -10 -9 -5)
1969-12-31 18:00:10.226747472,(45 28 10 -6 -2 6 21 34)
1969-12-31 18:00:10.228329303,(-51 -47 -14 -3 -15 -12 -21 -37)
1969-12-31 18:00:10.228329303,(50 46 9 0 3 -1 -7 6)
1969-12-31 18:00:10.237820293,(26 -4 -15 -13 -12 -9 -3 14)
1969-12-31 18:00:10.237820293,(-74 -46 -6 -3 -1 3 0 -23)
1969-12-31 18:00:10.244938535,(106 76 12 11 16 18 29 49)
1969-12-31 18:00:10.244938535,(-50 -52 -9 0 -7 -10 -17 -25)
1969-12-31 18:00:10.256011355,(2 30 9 1 6 8 12 9)
1969-12-31 18:00:10.256011355,(8 -4 -16 -56 -26 -16 -17 -7)
1969-12-31 18:00:10.261547765,(-28 -20 -7 8 -3 -3 -1 -10)
1969-12-31 18:00:10.261547765,(-4 2 1 -51 -43 -9 0 5)
1969-12-31 18:00:10.274993334,(-6 -1 22 106 62 9 3 0)
1969-12-31 18:00:10.274993334,(11 2 4 24 42 20 11 6)
1969-12-31 18:00:10.275784249,(-14 3 8 8 -7 0 -6 -9)
1969-12-31 18:00:10.275784249,(14 4 -7 -18 -1 -4 0 3)
1969-12-31 18:00:10.292393480,(-26 -26 -10 -44 -41 -14 -11 -11)
1969-12-31 18:00:10.292393480,(-52 -64 -1 -2 -4 -6 -1 -6)
1969-12-31 18:00:10.293184396,(72 87 9 0 10 -1 -6 4)
1969-12-31 18:00:10.293184396,(3 -12 -12 4 -5 -7 -14 -12)
1969-12-31 18:00:10.303466301,(-24 -41 -18 -22 -4 2 2 -10)
1969-12-31 18:00:10.303466301,(82 96 24 12 4 8 19 50)
1969-12-31 18:00:10.309002712,(-43 -46 -13 -22 -19 -9 -12 -21)
1969-12-31 18:00:10.309002712,(-4 1 -1 -6 -5 0 3 4)
1969-12-31 18:00:10.321657364,(-4 3 -16 -95 -36 -9 -7 -6)
1969-12-31 18:00:10.321657364,(-10 -16 0 81 9 -2 -4 -10)
1969-12-31 18:00:10.323239196,(5 8 34 89 65 19 15 15)
1969-12-31 18:00:10.323239196,(13 22 16 53 32 9 4 4)
1969-12-31 18:00:10.339848427,(-29 -23 -7 -19 -22 -13 -11 -12)
1969-12-31 18:00:10.339848427,(9 4 -13 -55 -19 -7 -2 -2)
1969-12-31 18:00:10.340639342,(-15 -13 -10 -15 -22 -11 -6 -10)
1969-12-31 18:00:10.340639342,(-8 -10 0 17 7 4 4 -1)
1969-12-31 18:00:10.350130332,(11 13 1 -7 2 3 3 5)
1969-12-31 18:00:10.350130332,(1 2 -11 -48 -18 -4 -4 -9)
1969-12-31 18:00:10.357248574,(-6 -11 9 35 7 3 0 7)
1969-12-31 18:00:10.357248574,(7 14 -4 15 29 6 9 15)
1969-12-31 18:00:10.369112310,(-26 -19 7 19 9 5 -12 -40)
1969-12-31 18:00:10.369112310,(-23 -40 -12 -4 -10 -10 -15 -16)
1969-12-31 18:00:10.370694142,(1 10 1 -30 -12 -2 1 4)
1969-12-31 18:00:10.370694142,(13 15 -5 -16 -20 -8 -6 1)
1969-12-31 18:00:10.388094288,(-1 6 -1 1 2 -3 -1 9)
1969-12-31 18:00:10.388094288,(-5 -9 -15 -63 -33 -11 -5 -8)
1969-12-31 18:00:10.389676120,(-8 -18 -7 9 -19 -4 0 1)
1969-12-31 18:00:10.389676120,(1 5 27 75 65 18 9 6)
1969-12-31 18:00:10.397585278,(16 22 17 48 22 8 4 10)
1969-12-31 18:00:10.397585278,(-9 -6 4 6 -8 -8 -3 -6)
1969-12-31 18:00:10.404703520,(-1 3 -8 -31 -17 1 3 4)
1969-12-31 18:00:10.404703520,(19 11 -9 -25 9 19 14 13)
1969-12-31 18:00:10.416567256,(1 7 -1 14 26 14 7 4)
1969-12-31 18:00:10.416567256,(-1 -6 4 3 -8 -7 -6 -5)
1969-12-31 18:00:10.418149088,(-3 -12 -23 -35 -37 -32 -17 1)
1969-12-31 18:00:10.418149088,(-28 -17 7 12 -2 9 4 -26)
1969-12-31 18:00:10.434758319,(5 3 -5 -18 -11 -6 -1 7)
1969-12-31 18:00:10.434758319,(9 18 3 18 7 7 6 7)
1969-12-31 18:00:10.435549235,(4 6 0 4 9 -2 -4 -4)
1969-12-31 18:00:10.435549235,(-8 -9 5 1 -7 -1 -1 1)
1969-12-31 18:00:10.445040224,(2 -4 -17 -61 -26 -11 -6 0)
1969-12-31 18:00:10.445040224,(8 14 2 -16 -15 1 0 -2)
1969-12-31 18:00:10.452158466,(-18 -15 10 68 55 13 0 -12)
1969-12-31 18:00:10.452158466,(20 15 8 18 10 9 14 16)
1969-12-31 18:00:10.464022202,(-7 -1 0 -23 -10 -2 -1 -5)
1969-12-31 18:00:10.464022202,(9 -1 -29 -48 -37 -10 -3 3)
1969-12-31 18:00:10.465604034,(-9 -3 14 59 24 3 -3 -9)
1969-12-31 18:00:10.465604034,(-30 -24 9 26 5 -6 -7 -10)
1969-12-31 18:00:10.482213265,(33 27 8 32 14 7 9 16)
1969-12-31 18:00:10.482213265,(-15 -23 -4 -15 2 -4 -7 -12)
1969-12-31 18:00:10.483004181,(8 17 -16 -79 -59 -9 6 4)
1969-12-31 18:00:10.483004181,(0 -9 -16 -16 -4 -9 -9 -2)
1969-12-31 18:00:10.492495170,(-46 -43 -5 15 26 6 -2 -11)
1969-12-31 18:00:10.492495170,(53 68 23 33 37 28 25 30)
1969-12-31 18:00:10.499613412,(-31 -37 -10 -5 -7 -9 -18 -32)
1969-12-31 18:00:10.499613412,(4 2 -7 -18 -37 -20 -9 0)
1969-12-31 18:00:10.511477148,(-2 -5 -6 -10 -15 -6 -1 -2)
1969-12-31 18:00:10.511477148,(-5 -4 7 41 30 9 7 5)
1969-12-31 18:00:10.513058980,(3 6 8 2 14 10 8 11)
1969-12-31 18:00:10.513058980,(8 5 -10 -38 -22 -6 -4 -3)
1969-12-31 18:00:10.529668211,(-10 -7 -13 -50 -37 -16 -10 -6)
1969-12-31 18:00:10.529668211,(-4 -12 -12 9 11 -8 -3 -5)
1969-12-31 18:00:10.530459127,(6 10 20 52 20 7 6 6)
1969-12-31 18:00:10.530459127,(-2 4 22 48 43 20 4 0)
1969-12-31 18:00:10.539950116,(11 9 13 27 25 14 8 10)
1969-12-31 18:00:10.539950116,(-8 -6 0 -10 -13 -6 -8 -7)
1969-12-31 18:00:10.547068358,(0 -6 -24 -76 -29 -11 -5 -3)
1969-12-31 18:00:10.547068358,(7 2 -19 -40 -33 -15 0 6)
1969-12-31 18:00:10.558932094,(5 7 17 52 7 -2 -3 -3)
1969-12-31 18:00:10.558932094,(-3 -1 12 31 26 7 -2 -4)
1969-12-31 18:00:10.560513926,(-2 -1 -6 -22 -33 -15 -2 1)
1969-12-31 18:00:10.560513926,(-12 -8 -13 -29 -10 -1 -6 -8)
1969-12-31 18:00:10.577123157,(9 4 -1 14 45 22 12 11)
1969-12-31 18:00:10.577123157,(8 9 14 37 11 10 4 6)
1969-12-31 18:00:10.577914073,(4 5 6 2 19 9 7 6)
1969-12-31 18:00:10.577914073,(-5 -2 -8 -28 -39 -21 -12 -10)
1969-12-31 18:00:10.587405062,(-10 -7 -9 -5 -27 -18 -11 -10)
1969-12-31 18:00:10.587405062,(-1 -6 -8 -29 -4 -1 3 2)
1969-12-31 18:00:10.595314220,(9 -21 -39 -90 -43 -11 -3 5)
1969-12-31 18:00:10.595314220,(31 43 13 6 -13 -4 8 13)
1969-12-31 18:00:10.606387040,(-22 -8 34 104 55 2 -16 -28)
1969-12-31 18:00:10.606387040,(-42 -29 15 39 38 13 -5 -23)
1969-12-31 18:00:10.607968872,(40 39 18 9 26 23 20 30)
1969-12-31 18:00:10.607968872,(-15 -24 -28 -59 -22 -4 -6 -11)
1969-12-31 18:00:10.624578103,(6 0 -21 -59 -48 -17 -2 3)
1969-12-31 18:00:10.624578103,(14 15 5 5 -16 -9 -4 4)
1969-12-31 18:00:10.625369019,(-40 -21 -5 -11 -6 -12 -19 -29)
1969-12-31 18:00:10.625369019,(2 -6 -4 0 6 5 8 11)
1969-12-31 18:00:10.635650924,(30 20 -3 -35 -7 12 20 26)
1969-12-31 18:00:10.635650924,(-16 -13 -4 16 -3 -5 -7 -10)
1969-12-31 18:00:10.641978250,(2 6 19 51 26 6 1 1)
1969-12-31 18:00:10.641978250,(-5 -5 0 -2 -5 0 -5 -4)
1969-12-31 18:00:10.654632902,(-19 -17 -2 15 3 -3 -6 -8)
1969-12-31 18:00:10.654632902,(13 -4 -1 -8 4 1 -1 8)
1969-12-31 18:00:10.655423818,(8 13 8 -4 8 15 20 14)
1969-12-31 18:00:10.655423818,(-1 11 0 7 8 0 -5 -11)
1969-12-31 18:00:10.672033049,(-7 -24 -21 -31 -26 -15 -12 -8)
1969-12-31 18:00:10.672033049,(-8 -7 -7 -20 -13 -7 -9 -8)
1969-12-31 18:00:10.673614881,(5 -3 -7 -7 -9 -8 -5 -1)
1969-12-31 18:00:10.673614881,(-27 -20 5 22 12 0 -1 -10)
1969-12-31 18:00:10.682314954,(39 39 21 32 27 16 19 25)
1969-12-31 18:00:10.682314954,(7 8 10 -3 -1 -2 -1 -1)
1969-12-31 18:00:10.689433196,(-10 -14 -11 11 3 -3 -8 -10)
1969-12-31 18:00:10.689433196,(14 6 -3 -22 -16 -1 6 12)
1969-12-31 18:00:10.701296932,(-27 -26 -18 -42 -16 -22 -20 -23)
1969-12-31 18:00:10.701296932,(17 31 5 2 -12 -2 5 6)
1969-12-31 18:00:10.702878764,(-17 -12 6 26 38 7 -9 -10)
1969-12-31 18:00:10.702878764,(-12 -7 17 47 37 21 16 0)
1969-12-31 18:00:10.719487995,(5 -20 6 16 6 12 17 21)
1969-12-31 18:00:10.719487995,(15 20 -15 -40 -20 -12 -14 -18)
1969-12-31 18:00:10.721069827,(2 -11 -18 -40 -34 -19 -13 -1)
1969-12-31 18:00:10.721069827,(11 11 1 -1 -6 1 9 8)
1969-12-31 18:00:10.730560816,(-37 -23 4 8 3 -6 -18 -20)
1969-12-31 18:00:10.730560816,(4 -7 -1 5 4 13 22 22)
1969-12-31 18:00:10.737679058,(19 15 4 -13 -3 9 12 14)
1969-12-31 18:00:10.737679058,(-6 -9 -4 16 7 -4 -6 -4)
1969-12-31 18:00:10.748751878,(-5 3 -5 -10 -7 1 1 -7)
1969-12-31 18:00:10.748751878,(-19 -17 -6 -28 -16 -9 -9 -7)
1969-12-31 18:00:10.750333710,(-7 -5 9 54 20 4 -1 -4)
1969-12-31 18:00:10.750333710,(5 10 13 21 23 13 16 17)
1969-12-31 18:00:10.766942941,(13 18 4 7 -2 -4 -7 1)
1969-12-31 18:00:10.766942941,(-21 -13 -8 -11 -2 -7 -14 -26)
1969-12-31 18:00:10.771688436,(2 12 -8 -19 -20 -12 -14 -14)
1969-12-31 18:00:10.771688436,(-53 -71 -10 -24 -24 -20 -22 -32)
1969-12-31 18:00:10.778015762,(59 54 -2 -11 -2 -5 -1 16)
1969-12-31 18:00:10.778015762,(8 6 -3 12 10 8 14 25)
1969-12-31 18:00:10.785924919,(-42 -10 -4 -13 -7 -4 -11 -29)
1969-12-31 18:00:10.785924919,(28 41 -5 -12 -8 -3 -2 2)
1969-12-31 18:00:10.796997740,(-19 -8 11 22 4 -1 -3 -15)
1969-12-31 18:00:10.796997740,(-29 -36 -5 20 11 -9 -7 -9)
1969-12-31 18:00:10.797788656,(48 18 -10 -53 -13 15 31 41)
1969-12-31 18:00:10.797788656,(14 12 2 -6 -1 -5 -8 2)
1969-12-31 18:00:10.814397887,(-30 -31 16 76 38 8 -2 -9)
1969-12-31 18:00:10.814397887,(-7 1 11 21 1 -4 -7 -8)
1969-12-31 18:00:10.815188803,(-12 -7 1 3 17 11 11 6)
1969-12-31 18:00:10.815979719,(52 51 3 -43 -21 -4 9 33)
1969-12-31 18:00:10.824679792,(-15 -39 -33 -55 -39 -13 -4 -9)
1969-12-31 18:00:10.824679792,(23 27 18 22 11 0 -11 -6)
1969-12-31 18:00:10.832588950,(-22 -11 -7 0 -9 -10 -11 -22)
1969-12-31 18:00:10.832588950,(-55 -77 -11 -8 -11 -10 -12 -12)
1969-12-31 18:00:10.843661771,(42 75 11 9 11 21 25 15)
1969-12-31 18:00:10.843661771,(12 8 -2 -7 -2 -2 2 13)
1969-12-31 18:00:10.849198181,(1 -13 -9 -51 -14 0 4 10)
1969-12-31 18:00:10.849198181,(0 -12 1 43 9 1 -3 -8)
1969-12-31 18:00:10.861852833,(-3 -10 4 16 19 8 8 12)
1969-12-31 18:00:10.861852833,(-9 -8 -1 -6 -14 -5 -2 -6)
1969-12-31 18:00:10.862643749,(30 19 27 49 13 8 5 11)
1969-12-31 18:00:10.863434665,(-10 -13 -4 8 8 -1 -6 -12)
1969-12-31 18:00:10.872134738,(8 17 -8 -25 -7 -5 -3 0)
1969-12-31 18:00:10.872134738,(4 0 -1 24 16 7 8 7)
1969-12-31 18:00:10.880043896,(-50 -50 3 19 11 -3 -5 -23)
1969-12-31 18:00:10.880043896,(65 74 15 -14 7 18 23 42)
1969-12-31 18:00:10.891116717,(9 2 -13 -17 -14 4 -1 -5)
1969-12-31 18:00:10.891116717,(3 -7 -11 -25 -12 -3 -5 -4)
1969-12-31 18:00:10.896653127,(0 -5 -2 7 -1 -5 -5 -2)
1969-12-31 18:00:10.896653127,(-21 -24 -6 -6 -1 -2 -3 -7)
1969-12-31 18:00:10.909307779,(0 -4 7 -10 -6 -4 3 8)
1969-12-31 18:00:10.909307779,(-4 -11 -6 -3 1 4 10 6)
1969-12-31 18:00:10.910098695,(14 22 9 14 4 1 -2 -2)
1969-12-31 18:00:10.910098695,(8 1 -2 4 6 3 2 3)
1969-12-31 18:00:10.919589684,(-7 -7 -3 -8 -5 -3 -4 -4)
1969-12-31 18:00:10.919589684,(-16 -12 -4 -14 -8 -4 -7 -13)
1969-12-31 18:00:10.927498842,(-6 -17 1 13 -2 -6 -1 8)
1969-12-31 18:00:10.927498842,(23 42 4 25 17 4 3 2)
1969-12-31 18:00:10.938571663,(-11 -13 -1 0 -4 -5 -12 -11)
1969-12-31 18:00:10.938571663,(-22 -24 -9 -12 -3 -6 -7 -13)
1969-12-31 18:00:10.944108073,(37 47 6 -5 -4 2 1 7)
1969-12-31 18:00:10.944108073,(-37 -40 -1 -4 -6 -5 -9 -21)
1969-12-31 18:00:10.956762725,(18 15 -3 -9 -5 -4 2 9)
1969-12-31 18:00:10.956762725,(12 16 8 6 6 8 15 18)
1969-12-31 18:00:10.957553641,(-1 -28 -16 -29 -16 -7 -5 1)
1969-12-31 18:00:10.957553641,(11 27 -6 -1 -3 -2 -4 -1)
1969-12-31 18:00:10.967044630,(-17 11 14 8 19 7 6 -4)
1969-12-31 18:00:10.967044630,(5 -6 9 41 15 3 -3 -4)
1969-12-31 18:00:10.974162872,(-7 3 1 -15 -3 -2 -4 -6)
1969-12-31 18:00:10.974162872,(-14 -27 -14 -24 -9 -6 -12 -9)
1969-12-31 18:00:10.986026609,(-11 -19 0 16 -8 1 0 3)
1969-12-31 18:00:10.986026609,(17 32 1 9 19 8 14 18)
1969-12-31 18:00:10.991563019,(22 26 10 11 6 5 6 12)
1969-12-31 18:00:10.991563019,(-11 -18 -19 -31 -26 -19 -17 -17)
1969-12-31 18:00:11.004217671,(4 10 -3 -24 0 1 2 0)
1969-12-31 18:00:11.004217671,(19 13 15 30 4 2 5 7)
1969-12-31 18:00:11.005799503,(-17 -3 6 11 8 3 -3 -9)
1969-12-31 18:00:11.005799503,(-6 -17 -8 -17 -12 -1 -4 -5)
1969-12-31 18:00:11.022408733,(-10 -18 -7 7 4 -4 -6 -6)
1969-12-31 18:00:11.022408733,(24 33 2 -12 -6 2 5 13)
1969-12-31 18:00:11.023199650,(-67 -73 -12 -1 -7 -6 -7 -24)
1969-12-31 18:00:11.023199650,(86 93 23 24 14 4 4 31)
1969-12-31 18:00:11.033481555,(-26 -30 -6 -8 -11 -6 -4 -11)
1969-12-31 18:00:11.033481555,(-5 -4 -7 -36 -15 -4 -3 -5)
1969-12-31 18:00:11.039017965,(-7 -20 -6 27 0 -3 2 5)
1969-12-31 18:00:11.039017965,(18 20 11 27 33 22 29 32)
1969-12-31 18:00:11.051672617,(4 -8 -2 2 -3 -6 -14 -17)
1969-12-31 18:00:11.051672617,(-26 -19 -13 -20 -16 -11 -16 -20)
1969-12-31 18:00:11.052463533,(23 30 -12 -62 -21 -2 0 8)
1969-12-31 18:00:11.052463533,(-42 -38 -14 -6 -18 -6 -2 -17)
1969-12-31 18:00:11.069863680,(35 23 25 60 32 14 13 31)
1969-12-31 18:00:11.069863680,(-10 0 9 30 15 9 4 -3)
1969-12-31 18:00:11.070654596,(-7 -14 1 10 -3 -9 -13 -8)
1969-12-31 18:00:11.070654596,(-3 -7 -2 1 11 10 8 -1)
1969-12-31 18:00:11.080145585,(-2 2 -16 -64 -30 -7 -4 -7)
1969-12-31 18:00:11.080145585,(0 -16 -9 -9 -7 0 2 4)
1969-12-31 18:00:11.087263827,(19 13 2 18 18 3 4 9)
1969-12-31 18:00:11.087263827,(-20 -16 9 3 -4 1 4 -6)
1969-12-31 18:00:11.099127563,(-7 11 -5 -13 -13 -10 -8 -10)
1969-12-31 18:00:11.099127563,(5 -13 -5 -18 -16 -8 -7 0)
1969-12-31 18:00:11.100709395,(5 8 2 19 13 -1 -1 -1)
1969-12-31 18:00:11.100709395,(8 2 3 5 5 1 1 5)
1969-12-31 18:00:11.116527710,(-39 -48 -12 2 0 1 4 -5)
1969-12-31 18:00:11.116527710,(23 42 5 -9 -8 -4 -5 -5)
1969-12-31 18:00:11.118109542,(35 24 2 -2 3 7 5 13)
1969-12-31 18:00:11.118109542,(-55 -51 -5 6 -5 -13 -22 -35)
1969-12-31 18:00:11.127600531,(25 19 1 0 2 9 13 19)
1969-12-31 18:00:11.127600531,(-27 -14 -1 7 0 -5 -7 -13)
1969-12-31 18:00:11.134718773,(16 27 8 -7 -4 6 9 4)
1969-12-31 18:00:11.134718773,(-1 -19 0 -3 -6 0 -5 -1)
1969-12-31 18:00:11.146582509,(-19 -26 0 13 24 6 0 -2)
1969-12-31 18:00:11.146582509,(10 25 3 34 5 2 2 -2)
1969-12-31 18:00:11.148164341,(6 7 3 11 2 -9 -10 -7)
1969-12-31 18:00:11.148164341,(18 12 -5 -23 -11 4 5 10)
1969-12-31 18:00:11.163982656,(13 12 2 -13 -8 -1 3 5)
1969-12-31 18:00:11.163982656,(-23 -27 -8 -20 -9 -10 -11 -4)
1969-12-31 18:00:11.165564488,(-1 -10 -4 -4 -4 -1 3 5)
1969-12-31 18:00:11.165564488,(37 38 13 7 11 16 25 30)
1969-12-31 18:00:11.175846393,(-21 -6 -5 -1 -11 -11 -15 -22)
1969-12-31 18:00:11.175846393,(-51 -89 -8 6 3 -5 -11 -16)
1969-12-31 18:00:11.180591887,(38 90 6 -5 1 12 15 14)
1969-12-31 18:00:11.180591887,(-25 -33 -19 -14 -8 -17 -25 -34)
1969-12-31 18:00:11.194037456,(36 27 13 0 0 6 14 27)
1969-12-31 18:00:11.194037456,(-10 -13 2 2 2 6 5 -2)
1969-12-31 18:00:11.194828371,(-26 -37 -7 7 0 -2 -2 -2)
1969-12-31 18:00:11.194828371,(-5 4 5 -6 0 3 0 -6)
1969-12-31 18:00:11.217764929,(2 8 -1 24 1 -7 -9 -8)
1969-12-31 18:00:11.217764929,(-2 14 8 32 13 -1 -2 -2)
1969-12-31 18:00:11.218555844,(-1 -20 6 24 24 16 12 14)
1969-12-31 18:00:11.218555844,(4 -4 10 17 12 9 10 8)
1969-12-31 18:00:11.223301339,(7 16 -8 -38 -26 -10 -7 -7)
1969-12-31 18:00:11.223301339,(21 12 -14 -52 -16 1 6 16)
1969-12-31 18:00:11.228046834,(-36 -40 -9 23 -7 -12 -9 -17)
1969-12-31 18:00:11.228046834,(11 5 7 23 15 3 12 18)
1969-12-31 18:00:11.241492402,(36 29 9 12 6 2 -1 19)
1969-12-31 18:00:11.241492402,(19 -6 -3 -6 8 7 8 14)
1969-12-31 18:00:11.242283317,(2 2 -8 -36 -20 -9 -11 -9)
1969-12-31 18:00:11.242283317,(-8 21 -8 -10 -15 -10 -11 -19)
1969-12-31 18:00:11.258892548,(-22 -17 6 13 4 -4 -8 -13)
1969-12-31 18:00:11.258892548,(17 5 0 8 16 10 11 18)
1969-12-31 18:00:11.260474380,(-6 -18 -11 -14 -7 -8 -10 -8)
1969-12-31 18:00:11.260474380,(-9 -4 -6 -9 -6 -10 -12 -5)
1969-12-31 18:00:11.269965369,(-9 -3 -2 7 -3 2 7 1)
1969-12-31 18:00:11.269965369,(6 12 -3 -15 11 2 -5 -9)
1969-12-31 18:00:11.276292695,(-1 7 5 18 -5 1 4 2)
1969-12-31 18:00:11.276292695,(-12 -7 8 27 10 3 0 -8)
1969-12-31 18:00:11.288156431,(-21 -22 -15 -24 -14 -9 -9 -14)
1969-12-31 18:00:11.288156431,(10 4 5 7 2 3 5 12)
1969-12-31 18:00:11.288947348,(-35 -32 0 10 10 3 3 -11)
1969-12-31 18:00:11.288947348,(49 57 3 -8 -2 2 4 14)
1969-12-31 18:00:11.306347494,(-10 -18 -11 -36 -16 -10 -15 -13)
1969-12-31 18:00:11.306347494,(-4 -13 -1 8 -5 -1 6 4)
1969-12-31 18:00:11.307138410,(10 23 4 7 3 -2 -6 -1)
1969-12-31 18:00:11.307138410,(-33 -32 0 4 -5 -6 -5 -10)
1969-12-31 18:00:11.317420315,(-1 -2 2 6 11 9 7 1)
1969-12-31 18:00:11.317420315,(47 39 3 -5 5 12 27 44)
1969-12-31 18:00:11.323747641,(-30 -23 -10 -14 -14 -18 -31 -36)
1969-12-31 18:00:11.323747641,(-14 -16 -9 -58 -40 -12 -7 -5)
1969-12-31 18:00:11.335611378,(3 -11 8 26 24 8 13 14)
1969-12-31 18:00:11.335611378,(10 23 3 19 5 -4 -1 1)
1969-12-31 18:00:11.336402294,(0 5 11 -8 16 10 7 0)
1969-12-31 18:00:11.336402294,(-16 -16 -11 16 -8 -4 -10 -16)
1969-12-31 18:00:11.353802441,(-12 -15 0 -10 -13 -9 -11 -7)
1969-12-31 18:00:11.353802441,(-30 -31 0 -3 -9 -8 -11 -18)
1969-12-31 18:00:11.354593356,(3 -7 -9 -5 8 9 12 8)
1969-12-31 18:00:11.354593356,(25 17 -5 -5 7 9 18 26)
1969-12-31 18:00:11.364875261,(13 21 3 -2 -2 -4 -12 -9)
1969-12-31 18:00:11.364875261,(-26 -16 -4 -1 -5 -7 -10 -19)
1969-12-31 18:00:11.371202587,(0 2 0 -7 -10 -4 -5 -4)
1969-12-31 18:00:11.371993503,(-15 -20 2 7 7 1 -3 0)
1969-12-31 18:00:11.383066324,(6 5 0 5 2 5 11 12)
1969-12-31 18:00:11.383066324,(0 -3 1 -11 -9 -7 -9 -2)
1969-12-31 18:00:11.383857240,(4 8 -1 1 2 -3 -2 -2)
1969-12-31 18:00:11.383857240,(-18 -22 4 18 7 1 -2 -6)
1969-12-31 18:00:11.401257387,(53 49 4 7 11 9 11 22)
1969-12-31 18:00:11.401257387,(-50 -41 -8 -9 -8 -7 -20 -42)
1969-12-31 18:00:11.402048302,(7 6 1 -6 -8 -2 1 5)
1969-12-31 18:00:11.402048302,(0 -2 -3 3 5 -3 -4 -1)
1969-12-31 18:00:11.419448449,(-31 -41 -4 -4 -5 0 -2 -11)
1969-12-31 18:00:11.419448449,(37 33 -3 -30 -13 4 14 21)
1969-12-31 18:00:11.420239365,(-17 -27 4 22 10 3 4 -2)
1969-12-31 18:00:11.420239365,(-20 -2 3 13 10 2 -7 -20)
1969-12-31 18:00:11.430521270,(29 9 4 3 -1 -4 -1 17)
1969-12-31 18:00:11.430521270,(-16 15 -1 1 -5 -7 -11 -18)
1969-12-31 18:00:11.431312186,(38 14 0 0 15 21 22 24)
1969-12-31 18:00:11.431312186,(25 12 3 -7 -3 -3 0 10)
1969-12-31 18:00:11.448712333,(-33 -24 -6 3 -2 -3 2 -10)
1969-12-31 18:00:11.448712333,(4 0 -1 -7 -6 -5 -3 2)
1969-12-31 18:00:11.449503248,(-18 -3 -4 -10 -25 -13 -14 -17)
1969-12-31 18:00:11.449503248,(0 1 -8 -29 10 -3 -3 -2)
1969-12-31 18:00:11.466903395,(11 15 8 39 14 11 7 5)
1969-12-31 18:00:11.466903395,(2 7 9 26 11 -1 -3 -3)
1969-12-31 18:00:11.467694311,(-26 -33 0 -3 -6 -8 -9 -6)
1969-12-31 18:00:11.467694311,(33 56 4 -9 -4 2 -1 -4)
1969-12-31 18:00:11.477976216,(-32 -18 -5 -20 -12 -8 -10 -20)
1969-12-31 18:00:11.477976216,(12 -4 -10 -6 -2 4 4 6)
1969-12-31 18:00:11.478767132,(0 -7 -2 4 1 -2 -2 2)
1969-12-31 18:00:11.478767132,(-5 1 6 5 3 5 5 9)
1969-12-31 18:00:11.496167279,(9 0 -4 -8 1 0 2 2)
1969-12-31 18:00:11.496167279,(-6 -1 1 9 1 2 0 -6)
1969-12-31 18:00:11.496167279,(6 10 0 -5 0 -3 -1 3)
1969-12-31 18:00:11.496167279,(-9 -9 -3 4 1 2 4 2)
1969-12-31 18:00:11.514358341,(-24 -24 -7 -4 -6 -2 1 -6)
1969-12-31 18:00:11.514358341,(54 59 24 12 17 19 30 43)
1969-12-31 18:00:11.515149257,(-32 -27 -10 -2 -2 -7 -22 -40)
1969-12-31 18:00:11.515149257,(5 1 4 1 -9 -2 1 4)
1969-12-31 18:00:11.525431162,(-4 -10 -1 -11 -12 -2 -5 -2)
1969-12-31 18:00:11.525431162,(-5 -5 -4 7 14 0 2 2)
1969-12-31 18:00:11.526222078,(14 21 8 6 6 3 9 16)
1969-12-31 18:00:11.526222078,(3 -10 -4 -6 -2 -3 -6 -5)
1969-12-31 18:00:11.544413141,(-10 -2 -6 -8 -10 -5 -2 -5)
1969-12-31 18:00:11.544413141,(-14 -9 3 8 -9 -7 -9 -15)
1969-12-31 18:00:11.545204056,(25 31 17 25 27 16 13 15)
1969-12-31 18:00:11.545204056,(-9 -24 -9 2 -2 -4 -4 -2)
1969-12-31 18:00:11.561813287,(6 12 0 -8 0 -1 1 1)
1969-12-31 18:00:11.561813287,(4 -7 -10 -35 -16 -8 -5 -1)
1969-12-31 18:00:11.561813287,(-2 2 -1 13 -2 -6 -11 -13)
1969-12-31 18:00:11.562604203,(-4 -2 0 9 4 -2 2 -1)
1969-12-31 18:00:11.579213434,(-14 -25 2 6 5 0 -2 -6)
1969-12-31 18:00:11.579213434,(27 36 -2 -7 -8 -4 8 20)
1969-12-31 18:00:11.580004350,(2 15 9 -3 9 19 17 -4)
1969-12-31 18:00:11.580004350,(-8 -11 -9 -5 -5 -5 -5 -6)
1969-12-31 18:00:11.591077171,(7 17 5 5 0 -6 -6 -2)
1969-12-31 18:00:11.591077171,(-33 -33 -4 -1 -2 -2 -6 -14)
1969-12-31 18:00:11.591077171,(19 8 -6 -6 -5 -5 -1 15)
1969-12-31 18:00:11.591077171,(25 21 7 0 5 7 8 16)
1969-12-31 18:00:11.609268233,(1 1 2 3 7 5 5 1)
1969-12-31 18:00:11.609268233,(-18 -14 0 -1 -7 -5 -10 -14)
1969-12-31 18:00:11.610059149,(-11 -20 -1 -8 -7 -1 6 2)
1969-12-31 18:00:11.610059149,(57 71 14 19 15 20 28 40)
1969-12-31 18:00:11.620341054,(-1 3 -11 -9 -9 -13 -23 -18)
1969-12-31 18:00:11.620341054,(-2 -7 -1 3 5 5 1 -4)
1969-12-31 18:00:11.621131970,(-4 1 -2 -4 -8 -6 -4 -6)
1969-12-31 18:00:11.621131970,(-34 -39 -3 0 -8 -8 -7 -14)
1969-12-31 18:00:11.638532117,(24 7 -3 -3 4 8 18 32)
1969-12-31 18:00:11.638532117,(3 22 6 -5 2 5 -5 -15)
1969-12-31 18:00:11.638532117,(-11 -17 -14 -22 -20 -12 -10 -6)
1969-12-31 18:00:11.638532117,(-9 -7 0 12 2 -5 -9 -9)
1969-12-31 18:00:11.649604938,(-2 11 9 26 16 -1 -7 -7)
1969-12-31 18:00:11.649604938,(-11 -22 3 27 22 10 1 1)
1969-12-31 18:00:11.655932264,(28 21 2 -11 -1 5 10 19)
1969-12-31 18:00:11.655932264,(-11 -12 -6 -19 -17 -10 -12 -13)
1969-12-31 18:00:11.667796000,(-5 -1 -11 -51 -31 -14 -3 -5)
1969-12-31 18:00:11.667796000,(-4 -10 -5 15 -15 -8 -3 0)
1969-12-31 18:00:11.668586916,(-21 -14 9 20 35 4 -7 -9)
1969-12-31 18:00:11.668586916,(14 8 1 16 15 13 7 3)
1969-12-31 18:00:11.685987063,(8 14 8 12 20 16 15 11)
1969-12-31 18:00:11.685987063,(-9 -20 0 -12 -6 5 9 16)
1969-12-31 18:00:11.686777979,(1 0 -18 -22 -33 -24 -27 -22)
1969-12-31 18:00:11.686777979,(-18 -18 -2 -13 -9 -10 -11 -16)
1969-12-31 18:00:11.697059884,(4 6 0 9 3 1 3 1)
1969-12-31 18:00:11.697059884,(-7 -12 -5 -1 -2 -9 -6 -9)
1969-12-31 18:00:11.703387210,(9 14 7 5 1 5 11 13)
1969-12-31 18:00:11.703387210,(-5 -11 -3 -7 -2 -3 -1 3)
1969-12-31 18:00:11.715250946,(-5 -4 -8 -17 -25 -16 -8 -8)
1969-12-31 18:00:11.715250946,(4 10 3 0 -8 -6 -1 1)
1969-12-31 18:00:11.716041862,(-6 -1 2 -10 8 11 -2 -1)
1969-12-31 18:00:11.716041862,(6 14 6 25 39 20 9 3)
1969-12-31 18:00:11.733442009,(0 -6 9 25 23 19 8 7)
1969-12-31 18:00:11.733442009,(-7 -3 -2 -7 -5 -10 -11 -11)
1969-12-31 18:00:11.734232925,(11 12 -2 7 -14 -10 2 8)
1969-12-31 18:00:11.734232925,(-14 -14 -6 -17 -21 -13 -8 -11)
1969-12-31 18:00:11.751633072,(-8 -7 -3 -5 -4 -5 -5 -5)
1969-12-31 18:00:11.751633072,(19 24 1 -11 2 3 6 10)
1969-12-31 18:00:11.752423987,(2 0 -4 -11 -10 -1 3 -1)
1969-12-31 18:00:11.752423987,(-4 -5 -1 -2 -3 -2 -1 0)
1969-12-31 18:00:11.762705892,(-7 -7 -2 -8 -1 0 -1 -2)
1969-12-31 18:00:11.762705892,(-11 -6 -6 0 -7 -5 -7 -11)
1969-12-31 18:00:11.763496808,(10 6 7 26 21 5 3 9)
1969-12-31 18:00:11.763496808,(0 5 4 6 3 -4 -3 3)
1969-12-31 18:00:11.780896955,(-11 -5 3 4 -1 4 -4 -14)
1969-12-31 18:00:11.780896955,(-11 -17 -11 -19 -10 -4 -7 -9)
1969-12-31 18:00:11.781687871,(-2 2 -7 -12 -8 -4 -1 -3)
1969-12-31 18:00:11.781687871,(-2 -13 -1 9 -2 -6 -5 1)
1969-12-31 18:00:11.799088018,(2 0 -1 5 3 5 5 8)
1969-12-31 18:00:11.799088018,(19 17 9 12 17 8 7 11)
1969-12-31 18:00:11.799878933,(-11 -15 -8 -17 -10 -4 -4 -5)
1969-12-31 18:00:11.799878933,(1 5 -1 -27 -45 -9 2 -1)
1969-12-31 18:00:11.810160838,(1 6 11 54 34 1 -5 -3)
1969-12-31 18:00:11.810160838,(-9 -13 -11 11 33 10 -1 -6)
1969-12-31 18:00:11.810951754,(1 -2 5 15 27 19 13 10)
1969-12-31 18:00:11.810951754,(-3 6 -4 -18 -5 2 -1 -3)
1969-12-31 18:00:11.828351901,(-24 -21 -13 -27 -38 -20 -14 -16)
1969-12-31 18:00:11.828351901,(17 18 3 -1 -7 -4 3 9)
1969-12-31 18:00:11.829142817,(6 15 6 -10 -7 -4 10 14)
1969-12-31 18:00:11.829142817,(-39 -34 -18 -12 -12 -15 -30 -44)
1969-12-31 18:00:11.846542964,(-36 -74 -8 2 1 0 8 10)
1969-12-31 18:00:11.846542964,(81 101 16 3 9 13 16 20)
1969-12-31 18:00:11.847333879,(-30 -25 -19 -14 -17 -20 -29 -28)
1969-12-31 18:00:11.847333879,(23 14 10 15 13 9 14 18)
1969-12-31 18:00:11.857615784,(15 15 5 0 4 6 4 6)
1969-12-31 18:00:11.857615784,(-43 -45 -14 -13 -13 -10 -9 -17)
1969-12-31 18:00:11.858406700,(21 20 7 7 1 8 13 13)
1969-12-31 18:00:11.858406700,(12 14 11 15 14 6 4 10)
1969-12-31 18:00:11.875806847,(-7 6 -3 -7 -4 -8 -11 -11)
1969-12-31 18:00:11.875806847,(11 5 4 1 2 8 13 19)
1969-12-31 18:00:11.876597763,(-11 -10 -2 8 0 -3 -8 -14)
1969-12-31 18:00:11.876597763,(-9 -11 -6 -5 -1 -3 -4 -1)
1969-12-31 18:00:11.893997910,(6 14 -6 -12 -12 -3 0 -1)
1969-12-31 18:00:11.893997910,(11 2 6 9 4 -2 -3 4)
1969-12-31 18:00:11.894788825,(-10 -3 16 17 13 10 16 5)
1969-12-31 18:00:11.894788825,(-3 -6 -10 -9 -1 -2 1 2)
1969-12-31 18:00:11.911398057,(33 32 10 5 3 2 4 12)
1969-12-31 18:00:11.911398057,(-39 -32 -9 -6 -10 -8 -12 -23)
1969-12-31 18:00:11.912188972,(11 -1 -5 -3 -2 -1 -2 4)
1969-12-31 18:00:11.912188972,(4 6 0 -2 0 3 6 6)
1969-12-31 18:00:11.923261793,(11 14 -6 -26 -7 3 3 1)
1969-12-31 18:00:11.923261793,(-14 -19 -5 -2 -1 -4 -7 -7)
1969-12-31 18:00:11.923261793,(3 2 -4 -21 -24 -8 0 3)
1969-12-31 18:00:11.923261793,(-3 0 15 60 22 6 4 -1)
1969-12-31 18:00:11.941452856,(2 8 17 36 29 14 1 -4)
1969-12-31 18:00:11.941452856,(1 -2 -2 -79 -39 -11 0 5)
1969-12-31 18:00:11.941452856,(-4 -2 -14 10 -9 -10 -13 -7)
1969-12-31 18:00:11.942243772,(6 7 19 -7 25 11 4 2)
1969-12-31 18:00:11.952525677,(2 0 -31 -38 -2 0 2 1)
1969-12-31 18:00:11.952525677,(-8 -21 -21 39 10 9 4 -1)
1969-12-31 18:00:11.953316592,(-9 -3 34 42 11 3 -2 -6)
1969-12-31 18:00:11.953316592,(0 7 -1 -82 -31 -8 5 2)
1969-12-31 18:00:11.970716739,(9 12 5 49 -6 -5 -4 0)
1969-12-31 18:00:11.970716739,(2 -3 -14 23 8 -11 -6 1)
1969-12-31 18:00:11.971507655,(0 -4 5 -91 -23 1 2 -1)
1969-12-31 18:00:11.971507655,(0 3 2 109 25 5 -1 1)
1969-12-31 18:00:11.988907802,(0 -4 -5 -21 15 10 4 2)
1969-12-31 18:00:11.988907802,(-17 -11 -2 -31 -11 -9 -10 -12)
1969-12-31 18:00:11.989698718,(6 2 1 32 1 3 2 2)
1969-12-31 18:00:11.989698718,(-2 3 3 -29 1 14 12 4)
1969-12-31 18:00:11.999980623,(7 5 -12 3 -19 -17 -7 2)
1969-12-31 18:00:11.999980623,(-7 -14 -12 -10 -8 -14 -10 -5)
1969-12-31 18:00:12.000771538,(-7 -2 8 0 8 -6 -8 -8)
1969-12-31 18:00:12.000771538,(0 9 26 -24 -10 4 4 1)
1969-12-31 18:00:12.018171685,(12 11 -3 40 10 12 10 10)
1969-12-31 18:00:12.018171685,(5 -6 -2 7 7 4 2 3)
1969-12-31 18:00:12.018171685,(-9 -8 -18 -29 -14 -14 -11 -10)
1969-12-31 18:00:12.018171685,(1 -9 -23 -4 -12 -4 -2 1)
1969-12-31 18:00:12.036362748,(-4 -1 8 -10 8 6 -1 -2)
1969-12-31 18:00:12.036362748,(2 9 22 -16 8 10 4 0)
1969-12-31 18:00:12.036362748,(6 4 -6 43 7 6 4 4)
1969-12-31 18:00:12.037153664,(-2 -7 -11 -7 0 -11 -9 -4)
1969-12-31 18:00:12.047435569,(0 2 7 -14 -1 -5 -2 -1)
1969-12-31 18:00:12.047435569,(2 8 18 18 -3 8 10 4)
1969-12-31 18:00:12.048226484,(3 -3 -20 27 27 -5 -5 2)
1969-12-31 18:00:12.048226484,(-11 -20 -12 -12 -7 -8 -7 -5)
1969-12-31 18:00:12.065626631,(-8 -3 2 -18 -11 -2 -3 -6)
1969-12-31 18:00:12.065626631,(2 2 -2 0 -7 -1 1 3)
1969-12-31 18:00:12.065626631,(3 4 4 -14 -3 5 5 2)
1969-12-31 18:00:12.065626631,(1 5 8 11 1 -5 -4 -2)
1969-12-31 18:00:12.083817694,(2 -5 -13 -8 -6 -4 2 1)
1969-12-31 18:00:12.083817694,(-3 -2 9 3 -1 -5 -4 -5)
1969-12-31 18:00:12.083817694,(4 3 -6 3 3 6 4 1)
1969-12-31 18:00:12.083817694,(-2 -5 -11 5 -5 -7 -7 -3)
1969-12-31 18:00:12.094099599,(-4 -1 8 1 1 0 2 1)
1969-12-31 18:00:12.094099599,(-6 0 4 -1 5 5 4 -1)
1969-12-31 18:00:12.101217841,(-1 2 -3 -11 -5 -3 -4 -1)
1969-12-31 18:00:12.101217841,(-1 -5 -14 -1 -7 -2 2 2)
1969-12-31 18:00:12.112290662,(-2 1 8 4 0 -2 -1 -2)
1969-12-31 18:00:12.112290662,(4 4 -6 3 2 2 1 0)
1969-12-31 18:00:12.113081577,(4 -2 1 8 9 1 3 5)
1969-12-31 18:00:12.113081577,(-13 -5 5 -9 -12 -9 -11 -10)
1969-12-31 18:00:12.131272640,(2 1 -1 0 5 1 2 2)
1969-12-31 18:00:12.131272640,(4 3 -1 4 2 4 5 4)
1969-12-31 18:00:12.132063556,(-5 -3 3 -9 -7 0 -2 -5)
1969-12-31 18:00:12.132063556,(6 5 -2 4 3 -3 -1 0)
1969-12-31 18:00:12.142345461,(-6 -4 0 -12 -7 -4 -4 -5)
1969-12-31 18:00:12.142345461,(0 0 -2 7 0 0 -1 -1)
1969-12-31 18:00:12.143136376,(3 4 -2 -16 -8 2 3 2)
1969-12-31 18:00:12.143136376,(2 -4 -1 28 19 0 -3 2)
1969-12-31 18:00:12.160536523,(-13 -6 2 -26 -22 -7 -2 -4)
1969-12-31 18:00:12.160536523,(2 3 -6 11 6 1 -2 0)
1969-12-31 18:00:12.160536523,(-1 0 8 13 5 5 4 0)
1969-12-31 18:00:12.160536523,(-1 -2 -8 -7 -5 1 -1 -3)
1969-12-31 18:00:12.178727586,(6 0 4 18 15 7 5 8)
1969-12-31 18:00:12.178727586,(-1 -1 4 6 -5 -4 -2 -2)
1969-12-31 18:00:12.179518502,(-4 -1 -11 -19 -3 2 0 -2)
1969-12-31 18:00:12.179518502,(6 4 11 10 1 -2 1 2)
1969-12-31 18:00:12.189800407,(-12 -5 -3 -19 -15 -11 -8 -12)
1969-12-31 18:00:12.189800407,(2 2 9 21 9 6 2 2)
1969-12-31 18:00:12.196127733,(-2 -1 -1 -14 0 -3 -2 -3)
1969-12-31 18:00:12.196127733,(6 1 -21 -23 0 7 7 6)
1969-12-31 18:00:12.207991469,(3 0 4 13 1 -1 -4 1)
1969-12-31 18:00:12.207991469,(-7 -5 10 20 0 -4 -4 -1)
1969-12-31 18:00:12.207991469,(-1 2 10 10 17 1 -1 -1)
1969-12-31 18:00:12.207991469,(-14 -4 2 -3 -7 1 -5 -11)
1969-12-31 18:00:12.226182532,(5 11 3 -7 -13 -11 -2 2)
1969-12-31 18:00:12.226182532,(20 -2 -27 -21 15 14 14 16)
1969-12-31 18:00:12.226973448,(8 7 2 30 -5 -4 -1 5)
1969-12-31 18:00:12.226973448,(1 -7 -9 -26 -6 -2 -1 1)
1969-12-31 18:00:12.236464437,(-19 -2 33 23 -1 2 -7 -15)
1969-12-31 18:00:12.236464437,(0 0 -2 21 21 1 -2 2)
1969-12-31 18:00:12.243582679,(-5 -12 -15 -12 -9 -2 3 0)
1969-12-31 18:00:12.243582679,(-4 4 7 -10 -13 -7 -4 -4)
1969-12-31 18:00:12.267310151,(9 0 -13 6 6 1 7 8)
1969-12-31 18:00:12.267310151,(-8 -3 1 -20 -9 -5 -1 -6)
1969-12-31 18:00:12.268101068,(4 1 -2 -3 -5 -2 -2 2)
1969-12-31 18:00:12.268101068,(-10 -10 -9 -6 -5 -2 -1 -4)
1969-12-31 18:00:12.273637478,(1 2 1 2 4 1 -2 -1)
1969-12-31 18:00:12.273637478,(-5 2 7 5 0 -1 -3 -4)
1969-12-31 18:00:12.274428393,(1 1 2 -4 -4 -7 -3 -1)
1969-12-31 18:00:12.274428393,(2 7 12 11 -2 3 -3 0)
1969-12-31 18:00:12.283919382,(1 -9 -14 -12 6 6 0 2)
1969-12-31 18:00:12.283919382,(6 4 3 0 -3 3 0 0)
1969-12-31 18:00:12.291037624,(-7 -5 -1 -7 -9 -2 -7 -7)
1969-12-31 18:00:12.291037624,(10 9 5 11 12 2 6 8)
1969-12-31 18:00:12.302110446,(-3 -5 -5 8 2 -2 -1 0)
1969-12-31 18:00:12.302110446,(-9 -7 -1 -10 -9 -6 -5 -7)
1969-12-31 18:00:12.302901362,(0 2 3 3 1 1 1 0)
1969-12-31 18:00:12.302901362,(-1 -3 -8 -14 -15 -5 -2 -3)
1969-12-31 18:00:12.326628835,(1 -1 -9 -7 5 4 4 2)
1969-12-31 18:00:12.326628835,(-4 5 8 -2 0 -4 0 -2)
1969-12-31 18:00:12.327419750,(4 2 1 5 4 4 2 3)
1969-12-31 18:00:12.327419750,(4 2 8 36 22 9 4 5)
1969-12-31 18:00:12.331374329,(10 8 1 -5 -3 1 6 8)
1969-12-31 18:00:12.331374329,(-2 -4 -8 -13 -11 -6 -5 -1)
1969-12-31 18:00:12.338492571,(-4 -4 -6 -20 -10 -5 -1 -1)
1969-12-31 18:00:12.338492571,(-4 -3 2 -5 -5 -5 0 1)
1969-12-31 18:00:12.350356308,(2 0 -3 10 2 0 -2 1)
1969-12-31 18:00:12.350356308,(-6 -4 -7 -12 -5 0 1 -4)
1969-12-31 18:00:12.351147223,(8 5 7 16 11 7 4 6)
1969-12-31 18:00:12.351147223,(0 1 -1 -10 -6 -3 0 0)
1969-12-31 18:00:12.369338286,(-4 -3 1 1 1 0 -1 -4)
1969-12-31 18:00:12.369338286,(-4 -3 -6 -2 -9 -4 -7 -5)
1969-12-31 18:00:12.370129202,(-11 -8 -1 -4 -12 -7 -10 -12)
1969-12-31 18:00:12.370129202,(0 -2 -6 -7 5 -5 -3 -1)
1969-12-31 18:00:12.378829275,(3 0 -15 -36 -17 0 8 5)
1969-12-31 18:00:12.378829275,(-1 -1 11 20 8 5 0 0)
1969-12-31 18:00:12.385947517,(1 6 19 44 41 16 6 2)
1969-12-31 18:00:12.385947517,(2 -2 -1 7 6 4 0 0)
1969-12-31 18:00:12.404138580,(-2 0 8 26 14 1 -3 -4)
1969-12-31 18:00:12.404138580,(1 1 -5 -25 -14 -7 -2 -1)
1969-12-31 18:00:12.404929496,(-2 -3 -8 -17 -15 -7 -2 -3)
1969-12-31 18:00:12.404929496,(-1 0 -5 -9 -13 -7 -1 -1)
1969-12-31 18:00:12.416002316,(-1 -6 -8 -14 -8 -1 2 0)
1969-12-31 18:00:12.416002316,(1 0 -3 0 0 0 1 1)
1969-12-31 18:00:12.417584148,(10 7 4 5 2 -1 0 9)
1969-12-31 18:00:12.417584148,(-3 -7 -10 -9 -7 -2 -4 -1)
1969-12-31 18:00:12.426284221,(-3 1 3 4 -2 -3 -2 -3)
1969-12-31 18:00:12.426284221,(-6 0 2 9 6 1 -3 -5)
1969-12-31 18:00:12.433402463,(5 0 -4 -6 -6 -2 5 1)
1969-12-31 18:00:12.433402463,(-1 -2 3 1 3 0 0 -1)
1969-12-31 18:00:12.444475284,(0 0 3 5 3 1 -2 -2)
1969-12-31 18:00:12.444475284,(1 0 -3 4 -2 0 3 1)
1969-12-31 18:00:12.457129936,(-2 -2 -5 -9 -5 -1 0 -1)
1969-12-31 18:00:12.457129936,(4 3 2 2 2 2 0 0)
1969-12-31 18:00:12.463457262,(-4 -4 1 3 1 0 -4 -3)
1969-12-31 18:00:12.463457262,(0 2 -1 -3 -1 -1 2 3)
1969-12-31 18:00:12.464248178,(-2 -6 -5 -5 -2 -3 -10 -8)
1969-12-31 18:00:12.464248178,(-1 -1 0 0 1 2 4 0)
1969-12-31 18:00:12.480857409,(2 3 0 1 1 0 3 5)
1969-12-31 18:00:12.480857409,(3 -1 -1 -2 -1 -1 -1 0)
1969-12-31 18:00:12.482439241,(-4 -2 -2 -3 -3 -3 0 0)
1969-12-31 18:00:12.482439241,(2 1 0 2 0 2 3 1)
1969-12-31 18:00:12.492721146,(1 2 0 -4 -2 -2 -2 -3)
1969-12-31 18:00:12.492721146,(0 0 0 1 0 -1 1 1)
1969-12-31 18:00:12.497466640,(-6 -2 -2 0 -3 -2 -1 -3)
1969-12-31 18:00:12.497466640,(1 0 1 0 2 0 0 -1)
1969-12-31 18:00:12.510912208,(2 -1 0 0 2 0 -1 0)
1969-12-31 18:00:12.510912208,(1 -4 -2 3 2 1 -1 0)
1969-12-31 18:00:12.511703124,(0 0 0 -3 -1 1 1 0)
1969-12-31 18:00:12.511703124,(-2 1 0 1 1 0 -5 -2)
1969-12-31 18:00:12.528312355,(-1 0 1 0 0 -2 -1 -2)
1969-12-31 18:00:12.528312355,(-1 -2 -1 -3 -1 -1 -2 -4)
1969-12-31 18:00:12.529894187,(-4 -3 0 -3 -3 -2 0 0)
1969-12-31 18:00:12.529894187,(4 1 0 3 2 1 2 2)
1969-12-31 18:00:12.540176092,(-2 -2 -1 -1 -1 -1 -5 -3)
1969-12-31 18:00:12.540176092,(2 3 1 0 -3 2 6 4)
1969-12-31 18:00:12.544921586,(-2 -1 -3 -3 -1 -1 -2 -2)
1969-12-31 18:00:12.544921586,(0 0 1 -1 -2 -1 0 0)
1969-12-31 18:00:12.563903565,(0 -1 -2 0 0 1 -1 0)
1969-12-31 18:00:12.563903565,(-1 -1 0 -2 -1 -2 -4 -4)
1969-12-31 18:00:12.565485396,(-3 -3 -3 -1 0 0 -5 -3)
1969-12-31 18:00:12.565485396,(-1 -1 -2 -1 -1 3 3 0)
1969-12-31 18:00:12.575767301,(0 1 0 -1 0 0 1 2)
1969-12-31 18:00:12.575767301,(-2 -1 0 -2 -2 -2 -1 0)
1969-12-31 18:00:12.577349133,(1 0 -1 -1 1 1 -2 -1)
1969-12-31 18:00:12.577349133,(-5 -2 -1 1 1 -4 -14 -8)
1969-12-31 18:00:12.586840122,(3 2 0 -2 -5 -1 12 7)
1969-12-31 18:00:12.586840122,(-1 0 -1 2 0 0 -1 0)
1969-12-31 18:00:12.593958364,(2 -1 1 0 -1 -1 1 1)
1969-12-31 18:00:12.593958364,(-1 -1 1 0 0 -1 -1 -4)
1969-12-31 18:00:12.605822100,(-2 -3 1 0 1 -2 -2 -1)
1969-12-31 18:00:12.605822100,(1 0 -1 -1 0 1 0 0)
1969-12-31 18:00:12.606613016,(0 0 1 -1 -2 -2 2 1)
1969-12-31 18:00:12.606613016,(-1 -1 0 2 1 -1 1 2)
1969-12-31 18:00:12.623222247,(-2 -2 0 0 -1 -1 -3 -5)
1969-12-31 18:00:12.623222247,(1 1 -2 -1 0 0 1 1)
1969-12-31 18:00:12.624804079,(-1 -1 0 -3 -2 0 1 0)
1969-12-31 18:00:12.624804079,(2 2 -1 -2 0 -2 3 1)
1969-12-31 18:00:12.635085984,(-1 -1 1 0 1 -1 -2 -4)
1969-12-31 18:00:12.635085984,(0 -2 -1 -2 -2 -2 0 0)
1969-12-31 18:00:12.641413310,(1 0 1 0 -2 -1 3 1)
1969-12-31 18:00:12.641413310,(-2 0 -1 0 -1 -1 -2 -1)
1969-12-31 18:00:12.653277046,(-2 -3 -1 0 -1 1 -1 0)
1969-12-31 18:00:12.653277046,(-3 0 -1 -1 -1 0 -2 -2)
1969-12-31 18:00:12.654067962,(-2 -1 0 -1 0 -2 -1 -1)
1969-12-31 18:00:12.654067962,(1 -1 0 -1 -1 2 0 0)
1969-12-31 18:00:12.670677193,(2 0 -2 0 0 0 -2 -2)
1969-12-31 18:00:12.670677193,(-2 -3 0 -2 1 -1 -1 -2)
1969-12-31 18:00:12.672259025,(-1 0 0 1 -2 0 -1 -2)
1969-12-31 18:00:12.672259025,(-1 -2 -1 -1 2 0 -2 -2)
1969-12-31 18:00:12.682540930,(-1 -1 -1 -1 0 0 0 1)
1969-12-31 18:00:12.682540930,(1 0 0 -1 0 0 -2 0)
1969-12-31 18:00:12.688868256,(1 0 -1 0 0 1 -1 -2)
1969-12-31 18:00:12.688868256,(0 1 0 1 -2 0 1 1)
1969-12-31 18:00:12.700731993,(-1 -2 -1 -1 -1 -1 -2 -2)
1969-12-31 18:00:12.700731993,(-4 -2 -1 0 -1 -2 -1 0)
1969-12-31 18:00:12.701522908,(-1 1 1 1 2 -1 1 0)
1969-12-31 18:00:12.701522908,(0 -2 -1 -1 -4 1 0 -1)
1969-12-31 18:00:12.718132139,(1 1 0 0 1 1 1 1)
1969-12-31 18:00:12.718132139,(0 0 2 0 -2 -2 0 0)
1969-12-31 18:00:12.719713971,(-2 -1 -2 -2 1 1 -2 -1)
1969-12-31 18:00:12.719713971,(0 1 -1 -2 -1 -1 0 2)
1969-12-31 18:00:12.729995876,(-2 -1 -1 4 3 0 -4 -3)
1969-12-31 18:00:12.729995876,(0 -3 -2 -1 0 0 0 0)
1969-12-31 18:00:12.735532286,(-3 1 -2 -3 -4 0 1 0)
1969-12-31 18:00:12.735532286,(0 -2 0 -3 -1 -3 1 -1)
1969-12-31 18:00:12.748186939,(-2 -1 -1 -2 -2 -4 -1 -1)
1969-12-31 18:00:12.748186939,(2 0 1 1 0 0 -1 1)
1969-12-31 18:00:12.748977854,(-1 -1 -1 2 1 -2 -3 -4)
1969-12-31 18:00:12.748977854,(-1 0 -1 0 -1 0 1 2)
1969-12-31 18:00:12.765587085,(-1 1 -1 0 0 1 -3 0)
1969-12-31 18:00:12.765587085,(0 0 1 1 0 1 0 -1)
1969-12-31 18:00:12.767168917,(1 -1 -1 -2 -1 -2 2 2)
1969-12-31 18:00:12.767168917,(-1 1 1 0 -1 -3 -3 -2)
1969-12-31 18:00:12.776659906,(1 -3 0 0 1 1 0 0)
1969-12-31 18:00:12.776659906,(-2 0 -1 -1 -1 -1 -1 0)
1969-12-31 18:00:12.783778148,(-1 -1 0 2 1 0 -2 -1)
1969-12-31 18:00:12.783778148,(-2 0 0 0 -2 -1 0 -3)
1969-12-31 18:00:12.783778148,(-16 -25 -11 -2 7 4 -3 -6)
1969-12-31 18:00:12.783778148,(1 6 11 22 2 0 -2 2)
1969-12-31 18:00:12.785359980,(-5 -6 -8 -15 -29 -5 1 -3)
1969-12-31 18:00:12.785359980,(7 6 7 -8 11 -5 -4 3)
1969-12-31 18:00:12.794850969,(3 14 18 9 -12 4 6 2)
1969-12-31 18:00:12.794850969,(-5 -10 -5 37 52 13 1 -2)
1969-12-31 18:00:12.801969211,(2 5 -1 -11 -4 0 -3 2)
1969-12-31 18:00:12.801969211,(3 -8 -43 -66 -54 -20 -2 1)
1969-12-31 18:00:12.813042032,(-3 -15 -51 -65 -14 -9 -6 -4)
1969-12-31 18:00:12.813042032,(-12 -17 7 42 6 -8 -9 -6)
1969-12-31 18:00:12.818578442,(-12 6 62 46 -17 11 8 -1)
1969-12-31 18:00:12.818578442,(24 36 23 65 57 33 16 17)
1969-12-31 18:00:12.831233094,(-3 -8 -18 -72 -39 -19 -7 -8)
1969-12-31 18:00:12.831233094,(13 17 -18 -59 -13 6 5 8)
1969-12-31 18:00:12.832814926,(1 -8 25 94 105 14 3 2)
1969-12-31 18:00:12.832814926,(-15 -5 35 23 20 8 -4 -11)
1969-12-31 18:00:12.842305915,(0 3 10 39 22 4 3 3)
1969-12-31 18:00:12.842305915,(-6 -12 -21 -96 -70 -28 -7 -6)
1969-12-31 18:00:12.849424157,(6 3 -45 -73 -55 -20 -10 -3)
1969-12-31 18:00:12.849424157,(-1 -10 -18 -48 -40 -20 -3 -1)
1969-12-31 18:00:12.860496978,(-1 6 36 33 23 11 -1 2)
1969-12-31 18:00:12.860496978,(0 6 9 66 53 23 7 1)
1969-12-31 18:00:12.866033388,(4 -6 -26 -20 0 -8 -4 2)
1969-12-31 18:00:12.866033388,(-3 -4 -28 -90 -64 -20 -5 -3)
1969-12-31 18:00:12.878688040,(15 19 57 93 71 17 6 9)
1969-12-31 18:00:12.878688040,(-5 2 28 19 3 2 0 -6)
1969-12-31 18:00:12.880269872,(8 5 -6 44 33 13 6 4)
1969-12-31 18:00:12.880269872,(-3 -13 -14 -7 7 5 -1 -2)
1969-12-31 18:00:12.896879103,(-19 -24 -23 -96 -38 -13 -9 -12)
1969-12-31 18:00:12.896879103,(2 2 -10 -38 -22 -6 2 3)
1969-12-31 18:00:12.898460934,(-1 3 9 5 -22 -3 -4 -3)
1969-12-31 18:00:12.898460934,(1 -1 -1 9 -6 -4 3 1)
1969-12-31 18:00:12.907161008,(10 13 3 21 -13 -3 1 5)
1969-12-31 18:00:12.907161008,(1 -8 -24 35 39 12 1 0)
1969-12-31 18:00:12.915070166,(-12 -19 -4 -57 -39 -17 -10 -9)
1969-12-31 18:00:12.915070166,(-2 1 21 25 1 0 -2 0)
1969-12-31 18:00:12.926142986,(8 14 16 35 18 9 9 6)
1969-12-31 18:00:12.926142986,(-2 1 -3 -6 -3 -6 -7 -5)
1969-12-31 18:00:12.927724818,(1 -4 -26 -41 -13 -9 -2 -1)
1969-12-31 18:00:12.927724818,(-4 -1 14 20 5 6 2 -2)
1969-12-31 18:00:12.945124965,(-4 -2 -7 2 8 -4 -4 -4)
1969-12-31 18:00:12.945124965,(3 1 -5 -40 -17 -2 -1 1)
1969-12-31 18:00:12.945915880,(5 6 9 14 23 12 6 5)
1969-12-31 18:00:12.945915880,(-7 -5 -3 0 1 -2 -2 -5)
1969-12-31 18:00:12.954615954,(0 0 -6 -17 -19 -8 -5 -1)
1969-12-31 18:00:12.954615954,(0 2 5 15 5 4 2 1)
1969-12-31 18:00:12.962525112,(-5 -3 2 -11 -3 -4 0 -2)
1969-12-31 18:00:12.962525112,(1 4 3 3 12 4 2 2)
1969-12-31 18:00:12.979925258,(-4 -8 -17 17 -1 -4 -2 -5)
1969-12-31 18:00:12.979925258,(1 4 11 -28 -18 0 1 1)
1969-12-31 18:00:12.980716174,(1 2 4 27 25 4 0 1)
1969-12-31 18:00:12.980716174,(-2 -1 1 7 2 1 1 -2)
1969-12-31 18:00:12.991788995,(4 2 4 18 6 3 1 0)
1969-12-31 18:00:12.991788995,(-1 -5 -16 -19 -23 -10 -3 -3)
1969-12-31 18:00:12.992579911,(1 0 -4 -33 3 4 -1 0)
1969-12-31 18:00:12.993370827,(3 5 16 59 24 11 3 3)
1969-12-31 18:00:13.002861816,(-4 -4 -1 -4 -3 -4 -3 -3)
1969-12-31 18:00:13.002861816,(0 0 -8 -11 -11 -4 1 -1)
1969-12-31 18:00:13.009980058,(-2 -1 2 3 4 2 0 -1)
1969-12-31 18:00:13.009980058,(-4 -4 -1 5 6 0 -2 -2)
1969-12-31 18:00:13.021052878,(1 3 -2 -16 -9 -1 2 0)
1969-12-31 18:00:13.021052878,(0 0 0 3 3 2 1 1)
1969-12-31 18:00:13.022634710,(2 1 3 2 -5 2 -1 0)
1969-12-31 18:00:13.022634710,(-1 -2 -2 -7 1 1 1 0)
1969-12-31 18:00:13.039243941,(4 3 1 -10 -3 -1 1 3)
1969-12-31 18:00:13.039243941,(-4 -2 -1 14 2 -1 0 -1)
1969-12-31 18:00:13.040825773,(0 0 -2 -7 -6 -3 -1 -2)
1969-12-31 18:00:13.040825773,(2 -1 2 -8 -6 -3 1 2)
1969-12-31 18:00:13.049525846,(-1 -1 1 -11 -6 -1 2 0)
1969-12-31 18:00:13.049525846,(-3 -2 2 15 4 0 -2 -3)
1969-12-31 18:00:13.056644088,(-5 -1 -1 4 -2 0 -3 -6)
1969-12-31 18:00:13.056644088,(6 3 -6 -4 -2 -4 -3 -1)
1969-12-31 18:00:13.069298740,(0 -1 1 1 -2 1 -1 -2)
1969-12-31 18:00:13.069298740,(-1 -5 -4 -4 -2 -1 -1 2)
1969-12-31 18:00:13.070089656,(4 -4 -3 -5 -4 1 5 10)
1969-12-31 18:00:13.070089656,(-12 -9 -3 -2 -4 -6 -9 -13)
1969-12-31 18:00:13.086698887,(15 17 3 -2 0 2 1 6)
1969-12-31 18:00:13.086698887,(-4 1 4 14 9 2 0 -5)
1969-12-31 18:00:13.087489803,(2 0 0 -4 -4 -1 0 -2)
1969-12-31 18:00:13.087489803,(-12 -8 -2 0 1 -3 -6 -9)
1969-12-31 18:00:13.096980792,(-3 -8 -4 -5 -4 -3 -1 2)
1969-12-31 18:00:13.096980792,(15 10 0 -2 -2 0 0 8)
1969-12-31 18:00:13.104099034,(-15 -1 3 0 5 1 -2 -5)
1969-12-31 18:00:13.104099034,(8 -3 1 -2 -12 -3 4 8)
1969-12-31 18:00:13.115962770,(-18 -4 1 7 20 4 -5 -14)
1969-12-31 18:00:13.115962770,(8 -1 -2 -3 -4 1 1 6)
1969-12-31 18:00:13.117544602,(7 8 0 -3 -2 -3 0 7)
1969-12-31 18:00:13.117544602,(2 -2 4 5 1 -1 -1 0)
1969-12-31 18:00:13.139690243,(-10 -6 0 -4 -9 -10 -9 -12)
1969-12-31 18:00:13.139690243,(23 10 3 2 6 8 6 11)
1969-12-31 18:00:13.141272075,(-17 -7 -10 -9 -7 -7 -8 -14)
1969-12-31 18:00:13.141272075,(24 14 4 4 6 5 6 13)
1969-12-31 18:00:13.151553980,(-28 -28 -7 -3 -10 -8 -11 -14)
1969-12-31 18:00:13.151553980,(0 -3 2 1 3 1 3 -2)
1969-12-31 18:00:13.153135812,(2 3 8 6 4 8 16 17)
1969-12-31 18:00:13.153135812,(-37 -27 -15 -12 -8 -12 -20 -21)
1969-12-31 18:00:13.164208632,(61 50 7 1 4 12 21 26)
1969-12-31 18:00:13.164208632,(-26 -16 -6 -14 -13 -12 -14 -21)
1969-12-31 18:00:13.165790464,(11 2 -9 -32 -19 -2 4 1)
1969-12-31 18:00:13.165790464,(2 9 10 51 27 14 13 10)
1969-12-31 18:00:13.181608779,(-13 -9 14 35 29 3 -1 2)
1969-12-31 18:00:13.181608779,(31 27 2 7 1 3 8 21)
1969-12-31 18:00:13.182399695,(-58 -49 -5 -7 -5 -12 -21 -32)
1969-12-31 18:00:13.182399695,(35 11 -9 -31 -12 6 9 10)
1969-12-31 18:00:13.191890684,(0 0 -5 -12 -13 -3 -1 -1)
1969-12-31 18:00:13.191890684,(3 4 -1 -2 -1 -7 -10 -6)
1969-12-31 18:00:13.199799842,(-30 -24 -4 0 -3 -3 2 0)
1969-12-31 18:00:13.199799842,(28 36 2 0 4 7 10 12)
1969-12-31 18:00:13.210872663,(-31 -30 -26 -20 -15 -11 -16 -24)
1969-12-31 18:00:13.210872663,(5 21 23 13 18 23 29 15)
1969-12-31 18:00:13.212454494,(6 -3 -6 0 -10 -26 -39 -6)
1969-12-31 18:00:13.212454494,(-28 -48 -14 -5 -6 -8 -1 1)
1969-12-31 18:00:13.229063725,(58 49 8 3 13 22 28 33)
1969-12-31 18:00:13.229063725,(-24 -16 -13 -10 -10 -7 -12 -19)
1969-12-31 18:00:13.229854641,(15 16 8 16 8 8 8 0)
1969-12-31 18:00:13.229854641,(-8 3 0 -47 -17 -9 -6 -2)
1969-12-31 18:00:13.239345630,(-12 -13 -4 13 -13 -6 -2 -2)
1969-12-31 18:00:13.239345630,(-11 -12 0 4 2 1 1 0)
1969-12-31 18:00:13.246463872,(25 22 14 47 39 14 10 10)
1969-12-31 18:00:13.247254788,(-11 -3 9 34 25 8 -5 -9)
1969-12-31 18:00:13.258327608,(-10 -9 3 -5 9 4 1 -2)
1969-12-31 18:00:13.258327608,(-2 -4 -4 -15 -16 -9 -4 -3)
1969-12-31 18:00:13.259909440,(-6 -21 -11 -23 -28 -12 -7 -3)
1969-12-31 18:00:13.259909440,(1 25 -1 -13 -11 -4 4 -2)
1969-12-31 18:00:13.276518671,(13 -8 -11 -17 -12 -9 -14 -4)
1969-12-31 18:00:13.276518671,(7 12 0 4 -1 -8 -11 -4)
1969-12-31 18:00:13.277309586,(6 2 6 0 5 11 11 7)
1969-12-31 18:00:13.277309586,(-11 -11 -6 0 -8 -9 -14 -16)
1969-12-31 18:00:13.286800575,(-11 -6 5 -1 3 8 11 8)
1969-12-31 18:00:13.286800575,(-18 -18 -5 -1 0 -3 -2 -9)
1969-12-31 18:00:13.293918818,(14 12 -3 2 2 0 1 10)
1969-12-31 18:00:13.294709734,(35 31 10 5 5 4 4 4)
1969-12-31 18:00:13.305782555,(-1 10 3 2 -7 -8 -9 -7)
1969-12-31 18:00:13.305782555,(-11 -15 -5 -11 -2 -1 -3 -5)
1969-12-31 18:00:13.311318965,(2 8 -2 -9 2 8 7 2)
1969-12-31 18:00:13.311318965,(-11 -15 -7 -28 -20 -7 -3 0)
1969-12-31 18:00:13.323973617,(-9 -7 1 16 -2 -8 -6 -5)
1969-12-31 18:00:13.323973617,(-4 -2 11 30 20 2 0 -3)
1969-12-31 18:00:13.324764533,(6 8 3 -6 2 5 1 -3)
1969-12-31 18:00:13.324764533,(-1 -12 -8 12 9 2 5 13)
1969-12-31 18:00:13.334255522,(-10 0 6 -1 2 5 -2 -16)
1969-12-31 18:00:13.334255522,(-2 -3 -7 -23 -9 0 2 4)
1969-12-31 18:00:13.347701090,(8 8 0 4 -7 -3 -2 -3)
1969-12-31 18:00:13.347701090,(-14 -15 2 -5 -3 -4 -7 -6)
1969-12-31 18:00:13.353237501,(22 19 -4 -3 0 2 12 29)
1969-12-31 18:00:13.353237501,(-17 -20 -8 -2 -7 -15 -25 -28)
1969-12-31 18:00:13.357982995,(-13 -8 0 -6 2 6 9 -4)
1969-12-31 18:00:13.357982995,(17 21 12 9 6 12 18 19)
1969-12-31 18:00:13.371428563,(4 -8 -10 -6 -7 -11 -13 0)
1969-12-31 18:00:13.371428563,(12 7 -2 -11 -1 4 6 9)
1969-12-31 18:00:13.372219479,(17 8 -10 -27 -22 -5 3 11)
1969-12-31 18:00:13.372219479,(-20 -13 -3 7 1 -3 -8 -16)
1969-12-31 18:00:13.381710468,(-8 -4 15 44 22 8 5 0)
1969-12-31 18:00:13.381710468,(4 4 6 25 17 5 4 5)
1969-12-31 18:00:13.394365121,(-7 -2 8 28 11 1 -3 -8)
1969-12-31 18:00:13.394365121,(-2 3 6 -1 1 -1 2 -1)
1969-12-31 18:00:13.400692447,(-7 -5 -4 -26 -16 -5 -3 -5)
1969-12-31 18:00:13.400692447,(2 0 -2 -7 -7 4 4 2)
1969-12-31 18:00:13.400692447,(12 9 -9 -10 -1 -8 -4 6)
1969-12-31 18:00:13.400692447,(-11 -19 -15 -17 -18 -15 -17 -12)
1969-12-31 18:00:13.418092594,(2 6 -1 -14 -4 1 5 1)
1969-12-31 18:00:13.418092594,(-15 -19 -5 -16 -11 -4 -1 -2)
1969-12-31 18:00:13.418883509,(23 26 6 6 6 9 10 7)
1969-12-31 18:00:13.418883509,(-7 -9 5 35 17 2 -8 -10)
1969-12-31 18:00:13.436283656,(2 10 2 2 5 4 5 8)
1969-12-31 18:00:13.436283656,(-1 4 0 -25 -13 3 5 5)
1969-12-31 18:00:13.436283656,(-2 -9 -15 -20 -21 -11 -8 -3)
1969-12-31 18:00:13.436283656,(4 5 3 27 19 6 5 4)
1969-12-31 18:00:13.448147393,(-19 -9 13 37 23 5 -4 -10)
1969-12-31 18:00:13.448147393,(12 11 10 24 25 11 7 3)
1969-12-31 18:00:13.448147393,(-9 -11 -9 -24 -14 -5 -10 -6)
1969-12-31 18:00:13.448147393,(2 0 -10 -46 -28 -3 3 2)
1969-12-31 18:00:13.465547540,(-11 -18 -12 -10 -16 -12 -10 -6)
1969-12-31 18:00:13.465547540,(9 16 7 11 10 6 10 7)
1969-12-31 18:00:13.466338455,(-10 -10 5 16 7 1 -4 -8)
1969-12-31 18:00:13.466338455,(-3 1 6 19 12 5 3 0)
1969-12-31 18:00:13.483738602,(3 -1 -1 -13 3 1 -1 -2)
1969-12-31 18:00:13.483738602,(-2 -3 -7 -13 -18 -9 -6 -2)
1969-12-31 18:00:13.484529518,(1 0 1 7 4 -2 1 0)
1969-12-31 18:00:13.484529518,(0 5 3 -3 -8 -2 -2 -2)
1969-12-31 18:00:13.495602339,(4 0 -7 -16 -5 4 4 5)
1969-12-31 18:00:13.495602339,(1 -1 -3 -20 -2 -1 -2 0)
1969-12-31 18:00:13.495602339,(-1 0 -5 -26 -14 2 2 -1)
1969-12-31 18:00:13.495602339,(3 -1 -1 37 8 -2 -1 1)
1969-12-31 18:00:13.513002486,(-4 -3 14 43 9 -1 -3 -5)
1969-12-31 18:00:13.513002486,(-16 -9 1 12 16 4 -1 -5)
1969-12-31 18:00:13.513793402,(17 11 6 0 9 3 -2 0)
1969-12-31 18:00:13.513793402,(6 5 -2 -34 -12 1 1 6)
1969-12-31 18:00:13.531193548,(-7 -6 -11 -23 -20 -9 -4 -6)
1969-12-31 18:00:13.531193548,(-1 0 -1 6 -13 -7 -2 1)
1969-12-31 18:00:13.531193548,(-6 -2 -1 -26 -7 -6 -4 -5)
1969-12-31 18:00:13.531193548,(-11 -6 0 17 1 -5 -5 -10)
1969-12-31 18:00:13.543057285,(24 11 -4 -28 1 10 14 20)
1969-12-31 18:00:13.543057285,(6 0 -6 6 -2 5 3 4)
1969-12-31 18:00:13.543057285,(-3 1 13 48 19 4 -1 -2)
1969-12-31 18:00:13.543057285,(-5 -1 13 23 25 6 0 -3)
1969-12-31 18:00:13.566784758,(-6 4 1 -23 -17 -10 -3 -5)
1969-12-31 18:00:13.566784758,(-3 -4 -9 -23 -19 -14 -10 -9)
1969-12-31 18:00:13.567575674,(8 -3 -17 -38 -12 6 8 12)
1969-12-31 18:00:13.567575674,(-2 -6 -1 33 13 4 4 0)
1969-12-31 18:00:13.578648494,(1 -2 2 4 1 0 -1 3)
1969-12-31 18:00:13.578648494,(-7 -3 11 23 17 11 8 -3)
1969-12-31 18:00:13.579439410,(-11 1 -1 2 -7 -11 -10 -15)
1969-12-31 18:00:13.579439410,(-8 -7 -12 -37 -14 -6 -8 -10)
1969-12-31 18:00:13.590512231,(-13 -3 -3 3 1 -2 -5 -11)
1969-12-31 18:00:13.590512231,(18 10 5 4 -2 -3 0 16)
1969-12-31 18:00:13.590512231,(-29 -28 -6 9 2 -4 -6 -10)
1969-12-31 18:00:13.590512231,(55 35 -9 -88 -30 -1 5 19)
1969-12-31 18:00:13.607912378,(2 -1 -15 10 -22 -12 -5 -1)
1969-12-31 18:00:13.607912378,(-5 1 8 39 25 -3 -7 -6)
1969-12-31 18:00:13.608703294,(-12 -10 15 39 52 22 8 1)
1969-12-31 18:00:13.608703294,(9 9 13 28 19 18 18 14)
1969-12-31 18:00:13.626103440,(-2 -1 2 -5 -3 -2 -4 -6)
1969-12-31 18:00:13.626103440,(0 -5 -7 -21 -24 -10 -5 -2)
1969-12-31 18:00:13.626103440,(0 3 1 -9 -22 -12 -6 -5)
1969-12-31 18:00:13.626103440,(-16 -8 -6 1 4 -4 -6 -8)
1969-12-31 18:00:13.637967177,(5 -2 3 6 8 5 1 3)
1969-12-31 18:00:13.637967177,(7 4 -5 -2 6 5 6 7)
1969-12-31 18:00:13.637967177,(9 16 5 -3 -3 0 2 3)
1969-12-31 18:00:13.637967177,(-9 -7 -7 -14 -14 -6 -7 -7)
1969-12-31 18:00:13.655367324,(-13 -12 -8 -10 -5 -6 -8 -9)
1969-12-31 18:00:13.655367324,(-1 1 -6 -30 -16 -4 -4 -4)
1969-12-31 18:00:13.656158240,(17 6 -4 -1 10 4 11 21)
1969-12-31 18:00:13.656158240,(-3 -2 7 26 2 3 -2 -6)
1969-12-31 18:00:13.673558387,(0 2 9 29 27 3 -4 -3)
1969-12-31 18:00:13.673558387,(-6 2 3 -3 -4 -3 -7 -8)
1969-12-31 18:00:13.673558387,(-6 -4 -6 -33 -23 -4 -2 -2)
1969-12-31 18:00:13.673558387,(-7 -8 -4 22 6 2 3 0)
1969-12-31 18:00:13.684631207,(-9 -13 4 14 8 3 4 4)
1969-12-31 18:00:13.684631207,(16 20 1 -9 -9 -3 -3 0)
1969-12-31 18:00:13.685422123,(-9 -7 -1 11 5 -2 -4 -8)
1969-12-31 18:00:13.685422123,(-11 -15 -14 -25 -18 -12 -10 -4)
1969-12-31 18:00:13.702822270,(10 23 11 -14 6 20 30 25)
1969-12-31 18:00:13.702822270,(7 -8 -7 -1 7 0 0 2)
1969-12-31 18:00:13.703613186,(3 5 4 22 4 -3 -4 -3)
1969-12-31 18:00:13.703613186,(-2 1 11 7 11 7 6 1)
1969-12-31 18:00:13.721013333,(-1 -5 -13 -40 -17 -5 -1 3)
1969-12-31 18:00:13.721013333,(-10 -8 -3 1 -3 -2 1 -1)
1969-12-31 18:00:13.721013333,(9 10 11 30 9 1 2 0)
1969-12-31 18:00:13.721013333,(-7 -6 2 37 17 1 -1 -1)
1969-12-31 18:00:13.732086153,(-5 -6 10 22 10 2 -4 -7)
1969-12-31 18:00:13.732086153,(3 10 -3 -1 5 4 2 -3)
1969-12-31 18:00:13.732877069,(2 -11 -15 -48 -30 -7 0 3)
1969-12-31 18:00:13.732877069,(5 10 -2 -9 -4 -5 -1 4)
1969-12-31 18:00:13.750277216,(-4 -10 -4 4 6 -1 -5 -7)
1969-12-31 18:00:13.750277216,(-19 -23 -5 0 -1 -3 -4 -5)
1969-12-31 18:00:13.751068132,(16 26 5 9 10 5 1 0)
1969-12-31 18:00:13.751068132,(-11 -21 -4 -17 -7 2 2 -4)
1969-12-31 18:00:13.768468279,(53 56 -3 -10 -10 -4 1 21)
1969-12-31 18:00:13.768468279,(-50 -48 -5 8 2 -6 -16 -31)
1969-12-31 18:00:13.768468279,(-1 -1 0 3 0 -2 -2 -1)
1969-12-31 18:00:13.768468279,(15 8 -4 -15 -3 2 6 10)
1969-12-31 18:00:13.779541099,(-11 -14 -4 -23 -18 -9 -10 -12)
1969-12-31 18:00:13.779541099,(14 14 6 22 15 2 6 12)
1969-12-31 18:00:13.785868426,(-5 -2 3 15 2 -3 -6 -4)
1969-12-31 18:00:13.785868426,(-18 -10 -5 -54 -15 -9 -11 -18)
1969-12-31 18:00:13.797732162,(-5 -13 -9 6 -14 -1 2 -1)
1969-12-31 18:00:13.797732162,(22 23 20 52 22 14 12 15)
1969-12-31 18:00:13.798523078,(-7 -10 11 51 35 6 -4 0)
1969-12-31 18:00:13.798523078,(-2 22 19 25 18 4 -3 -19)
1969-12-31 18:00:13.815923225,(-2 -4 -5 -37 -14 -3 -1 1)
1969-12-31 18:00:13.815923225,(-8 0 -19 -51 -31 -16 -18 -16)
1969-12-31 18:00:13.815923225,(-3 -16 -15 -14 -16 -5 8 10)
1969-12-31 18:00:13.815923225,(-3 -3 -3 -12 -7 -2 0 3)
1969-12-31 18:00:13.826996045,(-11 -5 -12 -14 -4 -5 -8 -18)
1969-12-31 18:00:13.826996045,(-1 -8 2 14 -3 0 1 -1)
1969-12-31 18:00:13.833323372,(3 8 0 -26 3 -3 -4 0)
1969-12-31 18:00:13.833323372,(-2 -2 -4 5 -11 1 2 3)
1969-12-31 18:00:13.845187108,(-4 -6 3 32 23 4 3 -2)
1969-12-31 18:00:13.845187108,(21 9 -5 -24 4 10 13 18)
1969-12-31 18:00:13.845978024,(-9 -3 14 29 1 1 -4 -10)
1969-12-31 18:00:13.845978024,(3 5 -6 -43 -22 -8 -2 5)
1969-12-31 18:00:13.863378171,(2 -1 6 61 10 -2 -5 -1)
1969-12-31 18:00:13.863378171,(-12 -15 9 4 9 0 -4 -5)
1969-12-31 18:00:13.863378171,(-2 4 -6 -7 0 3 1 0)
1969-12-31 18:00:13.863378171,(18 9 0 -1 4 1 5 2)
1969-12-31 18:00:13.874450991,(19 42 12 -1 -4 5 10 14)
1969-12-31 18:00:13.874450991,(12 -5 -15 -32 -22 -12 -5 0)
1969-12-31 18:00:13.875241907,(-23 -25 -7 -9 -7 -1 1 -9)
1969-12-31 18:00:13.875241907,(-2 11 -1 -4 1 -2 -4 -1)
1969-12-31 18:00:13.898969380,(11 6 1 8 5 4 3 9)
1969-12-31 18:00:13.898969380,(-3 -1 6 15 10 7 2 -3)
1969-12-31 18:00:13.899760296,(8 9 -8 -23 -13 -5 -2 1)
1969-12-31 18:00:13.899760296,(-19 -23 -16 -32 -29 -13 -12 -12)
1969-12-31 18:00:13.910833117,(-10 -5 9 47 39 -2 -3 -7)
1969-12-31 18:00:13.910833117,(15 23 21 16 23 17 15 17)
1969-12-31 18:00:13.910833117,(5 -1 -5 -8 -12 -3 -2 -1)
1969-12-31 18:00:13.910833117,(-1 8 12 40 14 5 0 -2)
1969-12-31 18:00:13.922696853,(-27 -43 -9 -17 -7 2 -2 -10)
1969-12-31 18:00:13.922696853,(-12 -20 -6 -1 -15 -16 -13 -15)
1969-12-31 18:00:13.922696853,(12 40 -2 -29 -3 5 11 19)
1969-12-31 18:00:13.922696853,(-45 -79 -26 -3 -6 -2 -8 -20)
1969-12-31 18:00:13.940097000,(58 82 9 -23 -9 0 -2 8)
1969-12-31 18:00:13.940097000,(-26 -23 -15 -8 -6 -13 -16 -16)
1969-12-31 18:00:13.940887916,(16 11 -6 -23 -8 -1 3 0)
1969-12-31 18:00:13.940887916,(4 1 16 40 19 12 14 15)
1969-12-31 18:00:13.958288063,(-13 -30 0 11 5 -7 -17 -16)
1969-12-31 18:00:13.958288063,(-26 -13 -10 -14 -7 7 15 -1)
1969-12-31 18:00:13.959078979,(34 27 11 -7 2 8 5 18)
1969-12-31 18:00:13.959078979,(-5 -2 -10 -9 -10 -4 -3 -2)
1969-12-31 18:00:13.969360884,(-19 -17 8 4 8 -3 -1 -7)
1969-12-31 18:00:13.969360884,(15 19 13 22 -4 0 2 7)
1969-12-31 18:00:13.970151799,(-10 -49 -14 -21 15 11 8 6)
1969-12-31 18:00:13.970151799,(31 58 5 8 4 7 18 20)
1969-12-31 18:00:13.987551946,(24 17 0 -17 -7 -1 2 14)
1969-12-31 18:00:13.987551946,(-21 -25 6 41 0 -6 -12 -14)
1969-12-31 18:00:13.988342862,(3 32 16 32 25 8 3 -15)
1969-12-31 18:00:13.988342862,(0 -32 -3 -15 2 -1 0 15)
1969-12-31 18:00:14.005743009,(10 33 -1 -24 -24 -12 -13 -14)
1969-12-31 18:00:14.005743009,(-6 -4 -17 -31 -11 -1 3 4)
1969-12-31 18:00:14.006533925,(-10 -44 -2 15 -1 -2 -6 -6)
1969-12-31 18:00:14.006533925,(-3 29 -3 -5 -4 -7 -7 -7)
1969-12-31 18:00:14.017606744,(36 39 7 -15 -5 7 29 34)
1969-12-31 18:00:14.017606744,(18 12 -6 -52 -12 -3 -8 7)
1969-12-31 18:00:14.017606744,(-16 -11 7 78 7 -8 -10 -14)
1969-12-31 18:00:14.017606744,(-13 -10 13 22 18 5 -3 -11)
1969-12-31 18:00:14.035006892,(-18 -36 -2 17 13 10 7 -1)
1969-12-31 18:00:14.035006892,(6 9 2 -1 -3 -3 3 6)
1969-12-31 18:00:14.035797808,(11 15 -11 -46 -18 -4 4 5)
1969-12-31 18:00:14.035797808,(-1 -15 -3 -12 -7 -4 -7 -6)
1969-12-31 18:00:14.053197955,(-26 -5 -5 12 -2 -4 -5 -10)
1969-12-31 18:00:14.053197955,(-2 -18 0 7 10 0 -1 -3)
1969-12-31 18:00:14.053988871,(-1 9 12 12 10 11 18 12)
1969-12-31 18:00:14.053988871,(20 21 1 -2 -5 -6 -3 9)
1969-12-31 18:00:14.064270776,(-19 -45 -19 -32 -16 -7 -11 -11)
1969-12-31 18:00:14.064270776,(-4 -2 -4 -8 5 4 -5 -5)
1969-12-31 18:00:14.065061691,(2 -5 -4 17 -3 -2 1 4)
1969-12-31 18:00:14.065061691,(-3 -9 -5 -22 -7 -4 0 2)
1969-12-31 18:00:14.082461838,(-1 -1 -2 -6 -11 7 7 -2)
1969-12-31 18:00:14.082461838,(-1 -14 12 47 14 0 2 6)
1969-12-31 18:00:14.083252754,(-6 15 2 6 15 2 -6 -9)
1969-12-31 18:00:14.083252754,(-8 -1 -4 -23 -10 -9 -14 -19)
1969-12-31 18:00:14.100652901,(3 -5 -10 -23 -4 0 4 9)
1969-12-31 18:00:14.100652901,(-7 -6 9 16 -2 7 11 6)
1969-12-31 18:00:14.101443817,(17 19 -1 1 -2 -11 -10 4)
1969-12-31 18:00:14.101443817,(-22 -10 7 12 7 -2 -11 -22)
1969-12-31 18:00:14.118843964,(-27 -60 -16 9 1 -4 -4 -5)
1969-12-31 18:00:14.118843964,(24 53 3 0 8 14 20 16)
1969-12-31 18:00:14.119634879,(6 6 1 -14 -10 -5 -5 -1)
1969-12-31 18:00:14.119634879,(7 7 -1 6 1 -2 -7 -5)
1969-12-31 18:00:14.136244111,(10 4 4 -11 -5 -1 0 15)
1969-12-31 18:00:14.136244111,(-8 -3 -14 -24 -20 -16 -17 -13)
1969-12-31 18:00:14.137035026,(-25 -36 -9 7 -4 -9 -5 -6)
1969-12-31 18:00:14.137035026,(10 19 7 13 9 11 19 16)
1969-12-31 18:00:14.148107847,(-2 11 -2 -16 -9 -9 -15 -20)
1969-12-31 18:00:14.148107847,(-3 1 3 14 9 3 2 -1)
1969-12-31 18:00:14.148898763,(-1 -3 4 -6 -4 5 4 2)
1969-12-31 18:00:14.148898763,(14 -1 -2 1 -10 -4 -1 12)
1969-12-31 18:00:14.159180668,(-2 8 11 26 25 10 10 -2)
1969-12-31 18:00:14.159180668,(13 16 1 -8 0 -4 -2 3)
1969-12-31 18:00:14.165507994,(-46 -61 -5 -7 -4 -2 -6 -18)
1969-12-31 18:00:14.165507994,(30 55 -2 -6 -9 -5 -9 -6)
1969-12-31 18:00:14.177371730,(-10 -3 3 -3 -9 -5 -2 0)
1969-12-31 18:00:14.177371730,(63 44 -4 -27 -8 -5 1 19)
1969-12-31 18:00:14.178162646,(-26 -22 2 16 -8 -8 -14 -21)
1969-12-31 18:00:14.178162646,(-25 -22 1 16 10 -7 -5 -3)
1969-12-31 18:00:14.195562793,(5 7 2 20 22 12 6 1)
1969-12-31 18:00:14.195562793,(-6 -8 3 13 3 0 2 1)
1969-12-31 18:00:14.196353709,(20 19 2 -23 -5 6 10 14)
1969-12-31 18:00:14.196353709,(6 -5 -11 -44 -18 -3 5 6)
1969-12-31 18:00:14.206635614,(-6 0 -12 -14 -25 -17 -17 -13)
1969-12-31 18:00:14.206635614,(-41 -45 12 52 21 2 -5 -21)
1969-12-31 18:00:14.212962940,(-7 -18 -4 21 21 3 -4 0)
1969-12-31 18:00:14.212962940,(32 79 21 10 13 20 23 17)
1969-12-31 18:00:14.224826676,(-25 -23 -5 -26 -14 -7 -11 -19)
1969-12-31 18:00:14.224826676,(-18 -31 -26 -40 -31 -13 -9 -11)
1969-12-31 18:00:14.225617592,(40 58 17 7 9 8 17 19)
1969-12-31 18:00:14.225617592,(-28 -53 -5 17 5 -9 -16 -13)
1969-12-31 18:00:14.243017739,(17 22 -1 -11 -7 1 4 10)
1969-12-31 18:00:14.243017739,(-11 -14 -2 4 14 7 -1 -11)
1969-12-31 18:00:14.243808655,(23 28 -10 -19 -1 4 7 18)
1969-12-31 18:00:14.243808655,(-19 -27 -3 19 0 -1 -5 -10)
1969-12-31 18:00:14.254090560,(7 10 13 17 10 8 10 6)
1969-12-31 18:00:14.254090560,(-11 -18 -6 -8 -8 -2 5 5)
1969-12-31 18:00:14.260417886,(1 11 4 -4 3 -2 -2 2)
1969-12-31 18:00:14.260417886,(22 21 -2 -11 2 3 -1 -8)
1969-12-31 18:00:14.272281623,(-32 -42 -8 0 -6 -6 -11 -17)
1969-12-31 18:00:14.272281623,(23 33 5 -5 1 2 13 29)
1969-12-31 18:00:14.273072537,(13 29 -7 -13 -13 -8 -11 -11)
1969-12-31 18:00:14.273072537,(-24 -30 -6 2 -6 -7 -8 -14)
1969-12-31 18:00:14.290472685,(7 10 -5 -26 -13 -1 6 4)
1969-12-31 18:00:14.290472685,(-5 -10 -1 -3 1 2 0 1)
1969-12-31 18:00:14.291263601,(-4 -20 4 38 15 -1 -4 5)
1969-12-31 18:00:14.291263601,(4 7 3 7 3 1 -2 1)
1969-12-31 18:00:14.301545506,(-23 -17 1 4 9 1 -8 -15)
1969-12-31 18:00:14.301545506,(-12 -1 -8 -35 -25 -7 -3 -5)
1969-12-31 18:00:14.307872832,(-5 -34 -3 -1 -11 -5 2 -1)
1969-12-31 18:00:14.307872832,(14 16 5 20 15 0 1 9)
1969-12-31 18:00:14.319736569,(19 -3 4 5 12 8 10 18)
1969-12-31 18:00:14.319736569,(32 61 12 6 4 6 6 8)
1969-12-31 18:00:14.320527484,(-52 -51 -20 -38 -26 -15 -15 -33)
1969-12-31 18:00:14.320527484,(43 17 4 11 8 8 17 35)
1969-12-31 18:00:14.337136715,(-19 -5 6 17 9 -4 -6 -16)
1969-12-31 18:00:14.337136715,(4 1 0 -1 -1 -2 -7 -6)
1969-12-31 18:00:14.343464042,(-22 -12 -3 -7 -5 -4 -7 -15)
1969-12-31 18:00:14.343464042,(-23 -40 -6 -6 -4 2 5 1)
1969-12-31 18:00:14.349000452,(36 36 -1 -26 2 10 17 25)
1969-12-31 18:00:14.349000452,(4 0 -7 -8 -16 -11 -11 -7)
1969-12-31 18:00:14.355327778,(-17 -1 -2 1 -3 -10 -9 -6)
1969-12-31 18:00:14.355327778,(17 37 21 53 30 19 12 0)
1969-12-31 18:00:14.373518841,(1 8 9 33 21 9 5 5)
1969-12-31 18:00:14.373518841,(20 5 -2 -33 -8 6 11 17)
1969-12-31 18:00:14.374309757,(-1 -2 -7 -8 -17 -9 -9 -6)
1969-12-31 18:00:14.374309757,(-16 -24 -4 0 1 -4 -2 -5)
1969-12-31 18:00:14.385382577,(-5 0 -3 11 11 0 -4 -4)
1969-12-31 18:00:14.385382577,(-3 12 7 8 4 -1 -5 -6)
1969-12-31 18:00:14.386173493,(-5 -3 8 -7 0 13 15 3)
1969-12-31 18:00:14.386173493,(-3 -10 -7 -27 -17 -7 -2 3)
1969-12-31 18:00:14.403573640,(-29 -31 -15 -5 -14 -7 -5 -14)
1969-12-31 18:00:14.403573640,(6 1 4 12 21 15 16 16)
1969-12-31 18:00:14.404364556,(15 8 -9 0 -2 -7 -16 -8)
1969-12-31 18:00:14.404364556,(7 8 6 7 2 7 7 2)
1969-12-31 18:00:14.414646461,(-4 -9 -8 -20 -14 -11 -8 -5)
1969-12-31 18:00:14.414646461,(-8 -12 -2 5 -1 -4 -5 -8)
1969-12-31 18:00:14.415437376,(14 15 8 10 12 14 19 23)
1969-12-31 18:00:14.415437376,(1 -9 -6 -16 -7 -1 3 5)
1969-12-31 18:00:14.432837523,(-25 -15 -9 -12 -8 -12 -16 -23)
1969-12-31 18:00:14.432837523,(2 1 8 30 8 5 2 -2)
1969-12-31 18:00:14.433628439,(-13 -25 6 23 18 14 18 14)
1969-12-31 18:00:14.433628439,(14 39 -3 -27 -14 -7 -11 -9)
1969-12-31 18:00:14.456564996,(10 -6 -8 4 -11 -8 -2 7)
1969-12-31 18:00:14.456564996,(9 14 2 19 17 7 7 3)
1969-12-31 18:00:14.457355912,(-4 -4 -6 -18 -16 -18 -33 -29)
1969-12-31 18:00:14.457355912,(-29 -37 -9 3 -3 -4 -1 1)
1969-12-31 18:00:14.462101407,(22 27 2 -8 -4 -4 -1 11)
1969-12-31 18:00:14.462101407,(-28 -22 -4 -17 -11 -7 -7 -22)
1969-12-31 18:00:14.462892322,(25 26 -4 -31 -9 -2 7 13)
1969-12-31 18:00:14.462892322,(-3 -5 7 30 -3 -1 -3 -6)
1969-12-31 18:00:14.480292469,(-14 -8 10 39 24 -1 -8 -11)
1969-12-31 18:00:14.480292469,(-19 -33 -5 -13 3 -2 -3 -5)
1969-12-31 18:00:14.481083385,(24 40 -6 -75 -17 9 15 13)
1969-12-31 18:00:14.481083385,(-12 -11 0 44 5 -11 -13 -12)
1969-12-31 18:00:14.498483532,(3 3 15 20 5 7 10 6)
1969-12-31 18:00:14.498483532,(0 4 4 12 -3 -10 -9 -1)
1969-12-31 18:00:14.499274448,(6 1 1 -8 3 4 4 2)
1969-12-31 18:00:14.499274448,(-1 -5 -9 -44 -15 0 1 3)
1969-12-31 18:00:14.509556353,(-1 1 -2 -1 -10 -6 -8 -3)
1969-12-31 18:00:14.509556353,(21 8 -5 0 7 8 7 2)
1969-12-31 18:00:14.510347269,(-53 -70 -10 8 -10 -15 -15 -17)
1969-12-31 18:00:14.510347269,(57 29 8 2 11 11 15 35)
1969-12-31 18:00:14.527747415,(29 53 4 1 -2 1 -1 2)
1969-12-31 18:00:14.527747415,(-21 -12 -13 -19 -15 -15 -15 -11)
1969-12-31 18:00:14.528538331,(4 5 9 23 8 3 2 -2)
1969-12-31 18:00:14.528538331,(-8 -8 1 5 11 8 6 0)
1969-12-31 18:00:14.545147562,(-6 -19 -5 -21 0 4 5 8)
1969-12-31 18:00:14.545147562,(7 3 -1 -6 -14 -7 -5 1)
1969-12-31 18:00:14.551474888,(-9 1 8 2 -5 1 6 0)
1969-12-31 18:00:14.552265804,(9 9 -8 20 16 -4 -5 0)
1969-12-31 18:00:14.557011299,(-30 -28 7 11 15 15 15 0)
1969-12-31 18:00:14.557011299,(24 20 0 3 1 -1 -5 -6)
1969-12-31 18:00:14.563338625,(4 5 4 17 4 0 -5 -2)
1969-12-31 18:00:14.563338625,(-9 -7 -10 -49 -25 -7 -1 -3)
1969-12-31 18:00:14.575202361,(-15 -28 -16 -26 -22 -9 -7 -9)
1969-12-31 18:00:14.575202361,(-7 2 11 36 22 7 7 3)
1969-12-31 18:00:14.576784193,(29 36 11 25 16 7 -2 6)
1969-12-31 18:00:14.576784193,(-6 -12 -8 -11 -5 -5 -1 -11)
1969-12-31 18:00:14.593393424,(7 12 -3 -3 -2 -2 -3 8)
1969-12-31 18:00:14.593393424,(-5 -4 -1 -18 -12 -8 -13 -15)
1969-12-31 18:00:14.594184340,(9 -6 -18 -6 -4 -8 -4 3)
1969-12-31 18:00:14.594184340,(-29 -18 1 11 9 4 -2 -12)
1969-12-31 18:00:14.603675329,(10 5 5 -6 -8 -7 -1 5)
1969-12-31 18:00:14.603675329,(-12 2 0 -5 -3 -1 4 3)
1969-12-31 18:00:14.610793571,(23 14 1 6 4 1 5 10)
1969-12-31 18:00:14.610793571,(-9 -11 1 -3 -1 -2 -6 -9)
1969-12-31 18:00:14.622657307,(7 -4 -8 -2 2 6 5 5)
1969-12-31 18:00:14.622657307,(-3 -5 -4 -2 -2 -4 0 5)
1969-12-31 18:00:14.624239139,(-3 6 10 3 2 2 1 -1)
1969-12-31 18:00:14.624239139,(-7 2 3 11 2 -1 -4 -7)
1969-12-31 18:00:14.640848370,(0 4 1 -5 -4 -5 -5 -6)
1969-12-31 18:00:14.640848370,(-8 -10 0 5 -2 2 4 5)
1969-12-31 18:00:14.641639286,(-4 -5 6 18 19 11 11 3)
1969-12-31 18:00:14.641639286,(23 29 1 -12 -4 -3 -3 7)
1969-12-31 18:00:14.651921191,(10 -3 0 9 5 7 3 3)
1969-12-31 18:00:14.651921191,(-9 -16 -5 -8 -7 -3 -3 -5)
1969-12-31 18:00:14.657457601,(2 2 -4 -27 -19 -2 2 0)
1969-12-31 18:00:14.657457601,(-6 -8 -5 8 4 1 3 3)
1969-12-31 18:00:14.670112254,(-15 -11 8 38 21 1 -5 -5)
1969-12-31 18:00:14.670112254,(14 12 3 2 5 1 -1 3)
1969-12-31 18:00:14.671694085,(-20 -21 -10 1 -5 -11 -9 -8)
1969-12-31 18:00:14.671694085,(14 26 2 -11 2 15 21 13)
1969-12-31 18:00:14.688303316,(34 16 -1 -15 -13 -5 -7 7)
1969-12-31 18:00:14.688303316,(-18 -23 -5 -1 -1 -3 -3 -8)
1969-12-31 18:00:14.689094232,(11 23 6 15 4 1 3 3)
1969-12-31 18:00:14.689094232,(-19 -28 -4 -14 -8 -4 -3 -4)
1969-12-31 18:00:14.699376137,(24 29 8 -9 -4 4 16 23)
1969-12-31 18:00:14.699376137,(2 3 -5 2 3 1 -5 -2)
1969-12-31 18:00:14.704912547,(0 -5 -2 4 0 -1 -5 -3)
1969-12-31 18:00:14.704912547,(-9 -11 -2 -2 0 -1 -1 -2)
1969-12-31 18:00:14.717567200,(-9 2 -1 -3 -2 -4 -8 -12)
1969-12-31 18:00:14.717567200,(-10 -10 5 -2 -4 -4 -1 1)
1969-12-31 18:00:14.719149031,(8 2 -10 1 2 2 4 6)
1969-12-31 18:00:14.719149031,(-6 -7 3 7 3 0 -1 -5)
1969-12-31 18:00:14.735758262,(-4 6 6 -3 0 2 1 -3)
1969-12-31 18:00:14.735758262,(-34 -43 -1 -3 -7 -6 -9 -16)
1969-12-31 18:00:14.736549178,(29 45 -1 3 8 6 13 16)
1969-12-31 18:00:14.736549178,(-6 -2 3 0 1 -3 -10 -13)
1969-12-31 18:00:14.746040167,(-15 -22 -14 -10 -11 -9 -4 -10)
1969-12-31 18:00:14.746040167,(25 23 10 8 9 12 12 17)
1969-12-31 18:00:14.753158409,(-36 -33 -6 -1 -6 -10 -13 -16)
1969-12-31 18:00:14.753158409,(14 -4 3 -8 -7 -3 2 10)
1969-12-31 18:00:14.765022146,(15 32 8 1 4 6 6 1)
1969-12-31 18:00:14.765022146,(13 16 -6 -2 -2 0 -1 5)
1969-12-31 18:00:14.766603977,(-8 -9 2 4 1 -1 -1 -1)
1969-12-31 18:00:14.766603977,(-2 -4 -6 -6 -5 -4 -1 -1)
1969-12-31 18:00:14.783213208,(-31 -47 -10 -1 -6 -8 -12 -12)
1969-12-31 18:00:14.783213208,(2 23 10 6 15 22 21 5)
1969-12-31 18:00:14.784004124,(17 9 4 -7 -7 -7 -7 -3)
1969-12-31 18:00:14.784004124,(-9 -8 -6 -4 -5 -7 -3 -3)
1969-12-31 18:00:14.793495113,(-4 -7 -1 6 7 5 7 5)
1969-12-31 18:00:14.793495113,(1 6 2 0 -1 -4 -3 1)
1969-12-31 18:00:14.800613355,(-23 -23 -8 -34 -22 -5 -7 -9)
1969-12-31 18:00:14.800613355,(2 4 3 22 5 -4 -1 0)
1969-12-31 18:00:14.812477092,(-13 -13 2 16 19 10 6 -5)
1969-12-31 18:00:14.812477092,(15 12 6 4 -4 -6 -1 6)
1969-12-31 18:00:14.814058923,(-29 -45 -15 -1 6 -1 -17 -19)
1969-12-31 18:00:14.814058923,(5 13 -8 -16 -16 -8 -10 -12)
1969-12-31 18:00:14.830668154,(-11 -4 -10 -16 -18 -17 -18 -13)
1969-12-31 18:00:14.830668154,(1 1 -5 0 6 6 10 5)
1969-12-31 18:00:14.831459070,(3 2 5 5 -1 2 8 8)
1969-12-31 18:00:14.831459070,(14 10 4 -2 5 4 3 7)
1969-12-31 18:00:14.840950059,(-26 -38 -7 0 -5 -7 -8 -14)
1969-12-31 18:00:14.840950059,(28 36 0 -7 0 9 20 26)
1969-12-31 18:00:14.848068301,(15 15 4 6 6 1 -6 -2)
1969-12-31 18:00:14.848068301,(-12 -10 -4 0 3 1 -2 -6)
1969-12-31 18:00:14.859932038,(-13 -18 -3 4 0 -1 -6 -8)
1969-12-31 18:00:14.859932038,(29 28 11 -11 -5 6 9 13)
1969-12-31 18:00:14.861513869,(-1 -1 0 8 4 1 3 3)
1969-12-31 18:00:14.861513869,(-1 4 2 0 -1 0 1 0)
1969-12-31 18:00:14.883659511,(10 10 0 -5 -4 -1 -2 0)
1969-12-31 18:00:14.883659511,(-36 -31 -11 2 -5 -12 -15 -22)
1969-12-31 18:00:14.885241342,(26 20 4 4 9 15 22 26)
1969-12-31 18:00:14.885241342,(-1 -4 0 -10 -9 -5 -9 -7)
1969-12-31 18:00:14.888405004,(0 11 -7 -13 -13 -6 1 4)
1969-12-31 18:00:14.888405004,(-53 -58 -13 19 7 -17 -24 -33)
1969-12-31 18:00:14.895523247,(50 59 34 26 21 17 20 21)
1969-12-31 18:00:14.895523247,(-23 -37 -12 -3 -1 -5 -5 -10)
1969-12-31 18:00:14.907386984,(10 13 0 -10 -3 -1 -9 -2)
1969-12-31 18:00:14.907386984,(-11 -12 -9 -15 -14 -7 -6 -8)
1969-12-31 18:00:14.908968815,(-17 -30 -5 -3 -6 -8 -6 -5)
1969-12-31 18:00:14.908968815,(23 32 3 -1 2 6 8 11)
1969-12-31 18:00:14.925578046,(-11 -8 3 6 4 4 3 -9)
1969-12-31 18:00:14.925578046,(33 26 7 -3 5 8 9 18)
1969-12-31 18:00:14.926368962,(-20 -11 -6 0 -15 -11 -11 -13)
1969-12-31 18:00:14.926368962,(0 3 6 7 4 -1 0 0)
1969-12-31 18:00:14.935859951,(36 30 9 6 16 16 23 34)
1969-12-31 18:00:14.935859951,(-27 -20 -10 -1 -4 -8 -18 -26)
1969-12-31 18:00:14.942978193,(-15 -11 -3 -5 -3 -2 2 -3)
1969-12-31 18:00:14.942978193,(54 39 14 4 8 14 17 36)
1969-12-31 18:00:14.954841930,(-23 -28 -5 -1 -8 -9 -11 -18)
1969-12-31 18:00:14.954841930,(56 54 10 -4 5 14 24 41)
1969-12-31 18:00:14.960378340,(-37 -30 -12 -6 -10 -12 -19 -34)
1969-12-31 18:00:14.960378340,(-17 -15 -6 1 -3 -1 -1 -3)
1969-12-31 18:00:14.973032992,(9 6 3 5 6 3 7 7)
1969-12-31 18:00:14.973032992,(7 13 3 1 -2 -2 -3 -1)
1969-12-31 18:00:14.973823908,(-11 -2 -5 -3 -2 -5 -5 -7)
1969-12-31 18:00:14.973823908,(5 -3 1 -5 -1 4 5 6)
1969-12-31 18:00:14.983314897,(2 8 -4 3 -2 0 -2 -2)
1969-12-31 18:00:14.983314897,(-23 -20 -1 3 -4 -8 -12 -20)
1969-12-31 18:00:14.990433139,(6 3 2 5 3 1 3 8)
1969-12-31 18:00:14.990433139,(-8 -15 -8 -9 -2 4 5 0)
1969-12-31 18:00:15.002296876,(23 28 4 -1 4 2 3 10)
1969-12-31 18:00:15.002296876,(-25 -35 -9 1 0 -3 -5 -9)
1969-12-31 18:00:15.007833286,(8 10 5 5 5 4 -1 4)
1969-12-31 18:00:15.007833286,(-34 -21 -3 -3 -8 -10 -15 -26)
1969-12-31 18:00:15.020487939,(18 6 1 -6 -6 0 7 7)
1969-12-31 18:00:15.020487939,(58 50 21 16 12 11 15 39)
1969-12-31 18:00:15.021278854,(-16 -17 -17 -12 -7 -10 -12 -15)
1969-12-31 18:00:15.021278854,(-24 -21 -5 4 -1 -4 -5 -9)
1969-12-31 18:00:15.030769844,(6 4 2 -2 1 5 6 6)
1969-12-31 18:00:15.030769844,(-2 -5 -8 -32 -16 -2 4 1)
1969-12-31 18:00:15.037888085,(2 -2 4 6 -1 -1 2 4)
1969-12-31 18:00:15.038679001,(3 15 12 25 0 -6 -7 -4)
1969-12-31 18:00:15.049751822,(1 -6 -5 11 19 13 11 9)
1969-12-31 18:00:15.049751822,(-1 2 5 6 6 2 -3 -1)
1969-12-31 18:00:15.051333653,(5 7 -8 -10 -6 -5 -5 -1)
1969-12-31 18:00:15.051333653,(-32 -33 0 -7 -5 -3 -8 -20)
1969-12-31 18:00:15.067942885,(21 43 4 -6 -7 -1 4 14)
1969-12-31 18:00:15.067942885,(-27 -23 -8 -4 -3 -6 -14 -30)
1969-12-31 18:00:15.069524716,(2 -2 2 -4 0 1 -2 0)
1969-12-31 18:00:15.069524716,(4 6 0 1 3 -1 -2 -2)
1969-12-31 18:00:15.078224790,(-61 -67 -8 0 -5 -4 -4 -11)
1969-12-31 18:00:15.078224790,(40 40 0 -12 -5 -3 -1 6)
1969-12-31 18:00:15.085343031,(15 21 0 2 1 1 3 4)
1969-12-31 18:00:15.085343031,(5 0 -3 -4 5 1 -1 3)
1969-12-31 18:00:15.103534094,(6 11 7 -5 -7 0 2 2)
1969-12-31 18:00:15.103534094,(-20 -19 -9 2 -3 -4 -5 -7)
1969-12-31 18:00:15.104325010,(-17 -17 -6 1 -4 -5 -7 -10)
1969-12-31 18:00:15.104325010,(21 19 6 -5 1 2 2 12)
1969-12-31 18:00:15.115397831,(-12 -10 -11 -8 -6 -10 -15 -17)
1969-12-31 18:00:15.115397831,(-18 -14 4 7 2 0 3 1)
1969-12-31 18:00:15.116188746,(13 6 -3 -4 -4 -4 -6 0)
1969-12-31 18:00:15.116188746,(11 3 -2 -3 2 7 9 9)
1969-12-31 18:00:15.132797978,(11 12 5 0 -3 -2 -1 3)
1969-12-31 18:00:15.132797978,(-29 -35 -10 -2 -2 -5 -16 -24)
1969-12-31 18:00:15.134379809,(5 19 2 3 4 4 12 15)
1969-12-31 18:00:15.134379809,(-13 -6 5 4 7 6 -3 -12)
1969-12-31 18:00:15.144661714,(19 1 -10 -5 -2 -4 -10 -5)
1969-12-31 18:00:15.144661714,(-6 -8 0 3 -3 -2 -3 -2)
1969-12-31 18:00:15.146243546,(-14 -16 0 -2 -2 -4 -2 -7)
1969-12-31 18:00:15.146243546,(11 5 -3 -1 -2 -2 6 19)
1969-12-31 18:00:15.162852777,(7 13 4 4 4 6 6 6)
1969-12-31 18:00:15.162852777,(-2 -5 2 1 2 1 -1 -1)
1969-12-31 18:00:15.163643692,(-16 -13 2 1 -4 -7 -6 -12)
1969-12-31 18:00:15.163643692,(26 19 4 -1 9 13 19 25)
1969-12-31 18:00:15.181043839,(-7 -9 -1 1 -2 -3 -7 -10)
1969-12-31 18:00:15.181043839,(-4 1 -1 -3 -6 -3 1 3)
1969-12-31 18:00:15.181834755,(15 -9 5 4 4 9 16 20)
1969-12-31 18:00:15.181834755,(3 33 -4 -4 -2 -7 -16 -17)
1969-12-31 18:00:15.192116660,(-5 -4 -3 -5 0 -1 -5 -10)
1969-12-31 18:00:15.192116660,(-9 -10 -1 2 0 1 2 -6)
1969-12-31 18:00:15.196862155,(-3 -6 -4 -5 -5 -6 -2 1)
1969-12-31 18:00:15.197653070,(-14 -22 0 2 -4 -4 -4 -1)
1969-12-31 18:00:15.210307723,(-2 -15 -2 -3 1 4 10 2)
1969-12-31 18:00:15.210307723,(12 19 -5 -7 -4 -7 -10 -6)
1969-12-31 18:00:15.211098638,(-2 -1 2 3 4 6 1 -6)
1969-12-31 18:00:15.211098638,(-5 -15 -6 -1 -2 -3 0 1)
1969-12-31 18:00:15.227707870,(-12 4 5 -1 -7 -9 -9 -9)
1969-12-31 18:00:15.227707870,(17 6 -1 0 5 8 15 19)
1969-12-31 18:00:15.229289701,(-3 -12 -4 -2 5 3 -1 -3)
1969-12-31 18:00:15.229289701,(6 15 2 3 -3 -4 -3 -5)
1969-12-31 18:00:15.239571606,(4 7 1 1 1 -1 -2 2)
1969-12-31 18:00:15.239571606,(-18 -13 -1 -3 -10 -8 -7 -13)
1969-12-31 18:00:15.245108016,(12 15 5 0 -2 2 3 7)
1969-12-31 18:00:15.245108016,(-9 -3 -2 -2 1 -5 -3 -4)
1969-12-31 18:00:15.257762669,(-8 -11 0 6 3 5 7 6)
1969-12-31 18:00:15.257762669,(25 13 1 3 3 1 -7 5)
1969-12-31 18:00:15.258553585,(-25 -7 -2 2 -2 -2 -7 -25)
1969-12-31 18:00:15.259344500,(15 4 7 -2 0 8 15 23)
1969-12-31 18:00:15.275162816,(-12 -19 -5 -1 0 -5 -5 -5)
1969-12-31 18:00:15.275162816,(7 37 8 0 -5 1 8 11)
1969-12-31 18:00:15.276744647,(13 -1 -2 -4 2 -1 -6 -1)
1969-12-31 18:00:15.276744647,(2 -1 -4 0 -1 -1 1 -1)
1969-12-31 18:00:15.287026552,(15 13 -2 -5 -2 3 5 7)
1969-12-31 18:00:15.287026552,(-22 -28 -3 -5 -9 -3 -3 -4)
1969-12-31 18:00:15.292562962,(2 5 4 10 4 2 4 5)
1969-12-31 18:00:15.292562962,(6 12 7 11 9 5 4 5)
1969-12-31 18:00:15.305217615,(-1 -4 1 -1 1 -4 -4 0)
1969-12-31 18:00:15.305217615,(-1 -7 -3 1 -4 -1 1 -2)
1969-12-31 18:00:15.306008531,(0 7 1 -3 5 1 0 1)
1969-12-31 18:00:15.306008531,(-13 -16 -10 -7 -6 -6 -11 -13)
1969-12-31 18:00:15.322617762,(6 12 3 -6 0 5 6 3)
1969-12-31 18:00:15.322617762,(-21 -19 -3 8 -3 -7 -9 -16)
1969-12-31 18:00:15.324199593,(22 27 6 5 8 9 16 21)
1969-12-31 18:00:15.324199593,(-12 -13 -13 -4 -9 -19 -34 -31)
1969-12-31 18:00:15.334481498,(11 11 3 -2 1 7 8 7)
1969-12-31 18:00:15.334481498,(-3 -17 -1 -3 1 -2 -2 -1)
1969-12-31 18:00:15.339226993,(9 29 0 -5 -9 -7 -2 2)
1969-12-31 18:00:15.339226993,(2 -3 0 -1 1 6 11 9)
1969-12-31 18:00:15.352672561,(-2 0 -1 1 1 0 -3 -2)
1969-12-31 18:00:15.352672561,(4 2 -2 0 2 -1 0 1)
1969-12-31 18:00:15.353463477,(-10 -15 -1 -2 -3 1 -2 -3)
1969-12-31 18:00:15.353463477,(4 3 3 -5 -5 -1 4 2)
1969-12-31 18:00:15.370072708,(1 7 1 7 1 -7 -6 -7)
1969-12-31 18:00:15.370072708,(-16 -12 2 8 7 -2 0 -3)
1969-12-31 18:00:15.371654539,(25 10 -3 -10 5 12 13 20)
1969-12-31 18:00:15.371654539,(4 4 -2 2 -3 -2 0 3)
1969-12-31 18:00:15.381936444,(-28 -22 -6 1 -3 -11 -23 -28)
1969-12-31 18:00:15.381936444,(26 26 14 8 10 15 17 16)
1969-12-31 18:00:15.386681939,(-13 -10 -5 -6 -6 -5 -4 -6)
1969-12-31 18:00:15.386681939,(-31 -24 -13 -12 -14 -12 -9 -9)
1969-12-31 18:00:15.400127507,(-14 -13 2 -5 -8 -7 -12 -15)
1969-12-31 18:00:15.400127507,(18 18 -13 -10 1 3 5 8)
1969-12-31 18:00:15.400918423,(0 -2 0 2 0 -1 -5 -5)
1969-12-31 18:00:15.400918423,(-12 -17 -2 3 3 4 2 -6)
1969-12-31 18:00:15.417527654,(6 0 3 7 5 5 12 17)
1969-12-31 18:00:15.417527654,(-5 -1 -3 -6 -5 -3 -3 -5)
1969-12-31 18:00:15.419109485,(-5 -12 -3 -1 -5 -4 -3 -1)
1969-12-31 18:00:15.419109485,(-4 2 4 -6 3 -1 -3 -5)
1969-12-31 18:00:15.428600475,(10 11 -1 -8 -12 -2 4 6)
1969-12-31 18:00:15.428600475,(4 -1 1 7 8 4 1 3)
1969-12-31 18:00:15.435718716,(-2 -2 4 22 16 4 0 -3)
1969-12-31 18:00:15.435718716,(2 6 5 7 5 3 2 -1)
1969-12-31 18:00:15.447582453,(12 15 4 4 1 2 2 5)
1969-12-31 18:00:15.447582453,(-2 -8 -5 -12 -10 -2 1 2)
1969-12-31 18:00:15.448373369,(-12 -11 -3 -2 -9 -7 -7 -9)
1969-12-31 18:00:15.448373369,(10 9 3 3 10 5 4 1)
1969-12-31 18:00:15.464982600,(-3 -6 -2 -1 0 2 6 11)
1969-12-31 18:00:15.464982600,(-18 -14 -4 -3 -7 -6 -10 -14)
1969-12-31 18:00:15.466564431,(8 10 -3 -13 -7 -3 2 8)
1969-12-31 18:00:15.466564431,(-3 -7 -6 -7 -9 -7 -13 -14)
1969-12-31 18:00:15.476055421,(-3 -6 -5 -1 -1 0 2 0)
1969-12-31 18:00:15.476055421,(-2 9 8 7 4 3 -1 1)
1969-12-31 18:00:15.483173663,(11 5 0 -7 -3 -6 -1 5)
1969-12-31 18:00:15.483173663,(11 6 -1 -2 0 6 9 12)
1969-12-31 18:00:15.495037399,(0 -1 1 16 17 4 0 1)
1969-12-31 18:00:15.495037399,(-21 -17 -1 9 7 -2 -7 -14)
1969-12-31 18:00:15.495828315,(8 9 8 3 4 7 10 6)
1969-12-31 18:00:15.495828315,(20 14 3 -6 -10 -7 -1 9)
1969-12-31 18:00:15.512437546,(14 13 -1 -10 -10 -4 -4 0)
1969-12-31 18:00:15.512437546,(0 -1 -4 -12 -6 -3 1 2)
1969-12-31 18:00:15.514019377,(-3 0 -1 -3 -4 -3 -3 -3)
1969-12-31 18:00:15.514019377,(-9 -5 -2 -3 3 1 3 -3)
1969-12-31 18:00:15.523510367,(-3 -7 -4 5 1 0 -2 -6)
1969-12-31 18:00:15.523510367,(4 4 8 22 8 6 8 12)
1969-12-31 18:00:15.530628609,(-8 -3 2 1 2 1 -3 -8)
1969-12-31 18:00:15.530628609,(-2 -8 -5 -5 0 3 5 6)
1969-12-31 18:00:15.542492345,(38 27 9 -4 0 11 18 21)
1969-12-31 18:00:15.542492345,(-3 -5 -12 -19 -11 -8 -10 -10)
1969-12-31 18:00:15.543283261,(-9 -13 -8 1 -3 -4 -6 -8)
1969-12-31 18:00:15.543283261,(-7 -5 1 5 2 -1 -1 -2)
1969-12-31 18:00:15.559892492,(-11 -5 3 -1 1 1 5 5)
1969-12-31 18:00:15.559892492,(4 -1 -2 0 1 1 0 0)
1969-12-31 18:00:15.561474323,(-2 -1 1 -1 -1 -1 1 0)
1969-12-31 18:00:15.561474323,(-6 -1 -1 6 3 0 -1 0)
1969-12-31 18:00:15.570965313,(8 2 0 -2 -2 -5 -6 -1)
1969-12-31 18:00:15.570965313,(15 14 5 -1 -1 -4 -4 3)
1969-12-31 18:00:15.578083555,(-47 -48 -8 0 -5 -10 -20 -31)
1969-12-31 18:00:15.578083555,(68 74 27 11 14 20 33 46)
1969-12-31 18:00:15.589947291,(-45 -56 -15 -3 -5 -6 -12 -21)
1969-12-31 18:00:15.589947291,(45 63 14 -2 4 12 26 30)
1969-12-31 18:00:15.590738207,(-9 -18 -12 -6 -6 -5 -5 -10)
1969-12-31 18:00:15.591529123,(-3 0 3 2 -6 -9 -12 -9)
1969-12-31 18:00:15.607347438,(-12 -5 -3 -4 -5 -9 -10 -11)
1969-12-31 18:00:15.607347438,(-3 -27 1 4 9 9 7 12)
1969-12-31 18:00:15.608929270,(6 17 -4 -3 -3 -3 -2 -5)
1969-12-31 18:00:15.608929270,(-25 -24 -5 2 -2 -3 -9 -14)
1969-12-31 18:00:15.618420259,(28 31 5 -4 4 8 18 21)
1969-12-31 18:00:15.618420259,(-19 -22 -15 -23 -16 -9 -14 -18)
1969-12-31 18:00:15.630283995,(4 12 9 16 6 -1 0 3)
1969-12-31 18:00:15.630283995,(-15 -17 -6 -10 3 1 -4 -8)
1969-12-31 18:00:15.637402237,(-3 -4 -1 20 -4 -3 -6 -4)
1969-12-31 18:00:15.637402237,(18 10 7 29 11 9 12 15)
1969-12-31 18:00:15.638193153,(9 5 3 -12 8 10 8 7)
1969-12-31 18:00:15.638193153,(-1 -1 2 14 14 4 -1 -3)
1969-12-31 18:00:15.654802384,(-5 4 2 -7 0 1 -3 -3)
1969-12-31 18:00:15.654802384,(-8 -4 -8 -42 -20 -8 -5 -10)
1969-12-31 18:00:15.656384216,(4 4 -1 20 -11 -13 -7 1)
1969-12-31 18:00:15.656384216,(-11 -11 11 30 -8 -9 -5 -8)
1969-12-31 18:00:15.672993447,(-5 4 16 10 19 12 2 -5)
1969-12-31 18:00:15.672993447,(-4 -8 -35 -10 8 4 1 -1)
1969-12-31 18:00:15.674575278,(-4 -18 -15 -30 -13 -3 -5 -1)
1969-12-31 18:00:15.674575278,(-3 -2 -28 -30 -1 -8 -4 0)
1969-12-31 18:00:15.684857183,(5 3 17 10 -3 4 7 3)
1969-12-31 18:00:15.684857183,(-4 7 22 2 -9 -4 -4 -6)
1969-12-31 18:00:15.685648099,(6 8 -2 -7 2 -5 -2 5)
1969-12-31 18:00:15.685648099,(-5 -12 -30 -52 -34 -17 -3 -3)
1969-12-31 18:00:15.702257330,(4 9 -6 -90 -43 -4 -1 2)
1969-12-31 18:00:15.702257330,(-4 -11 -9 91 61 13 0 -3)
1969-12-31 18:00:15.703839162,(2 5 35 82 45 17 8 5)
1969-12-31 18:00:15.703839162,(-15 -6 21 28 20 3 -6 -12)
1969-12-31 18:00:15.713330151,(2 5 -9 -5 -7 -11 -6 -1)
1969-12-31 18:00:15.713330151,(-11 -3 -3 -89 -71 -26 -10 -8)
1969-12-31 18:00:15.720448393,(11 3 -30 13 -7 8 9 10)
1969-12-31 18:00:15.720448393,(3 -11 -6 7 18 10 5 5)
1969-12-31 18:00:15.731521213,(-8 -4 9 35 32 7 -1 -4)
1969-12-31 18:00:15.731521213,(-3 0 11 9 20 8 4 -2)
1969-12-31 18:00:15.737057624,(5 11 11 1 0 0 0 2)
1969-12-31 18:00:15.737057624,(5 11 7 -24 -22 -2 2 2)
1969-12-31 18:00:15.749712276,(5 6 -7 -5 -15 -11 -4 1)
1969-12-31 18:00:15.749712276,(-3 -5 4 12 -5 -9 -5 -4)
1969-12-31 18:00:15.751294108,(-3 -7 -20 -37 -9 -5 -3 -3)
1969-12-31 18:00:15.751294108,(-7 -7 6 6 -8 1 0 -4)
1969-12-31 18:00:15.760785097,(-3 0 -2 10 12 0 0 -1)
1969-12-31 18:00:15.760785097,(-1 5 23 13 5 1 -3 -1)
1969-12-31 18:00:15.767903339,(1 1 -26 -24 -9 2 3 1)
1969-12-31 18:00:15.767903339,(0 -9 -16 -43 -15 -7 -5 0)
1969-12-31 18:00:15.778976160,(-11 -15 -17 32 16 3 -3 -7)
1969-12-31 18:00:15.778976160,(-3 -1 11 16 13 -1 0 -3)
1969-12-31 18:00:15.784512570,(-3 1 19 15 10 0 2 -1)
1969-12-31 18:00:15.784512570,(0 -1 -2 23 7 3 0 1)
1969-12-31 18:00:15.797167222,(5 3 3 -34 -9 3 3 2)
1969-12-31 18:00:15.797167222,(4 -1 -14 -6 -5 2 4 1)
1969-12-31 18:00:15.798749054,(-1 0 7 -13 -17 -5 -2 -1)
1969-12-31 18:00:15.798749054,(0 2 7 25 8 -3 -2 -2)
1969-12-31 18:00:15.808240043,(-2 -3 -11 0 1 -1 0 0)
1969-12-31 18:00:15.808240043,(-3 1 8 -9 -2 2 -2 -3)
1969-12-31 18:00:15.815358285,(1 -1 -7 -9 0 1 -1 2)
1969-12-31 18:00:15.815358285,(-3 -3 3 -11 -10 0 0 0)
1969-12-31 18:00:15.826431106,(1 1 1 9 5 0 0 0)
1969-12-31 18:00:15.826431106,(-2 -4 -3 9 2 -2 -4 -2)
1969-12-31 18:00:15.831967516,(-4 0 3 -16 -8 -3 -2 0)
1969-12-31 18:00:15.831967516,(2 4 -1 6 5 0 0 0)
1969-12-31 18:00:15.844622168,(1 -3 -2 -5 -4 -1 0 -2)
1969-12-31 18:00:15.844622168,(-2 -1 -6 -12 -5 0 0 0)
1969-12-31 18:00:15.846204000,(5 5 6 14 6 2 2 0)
1969-12-31 18:00:15.846204000,(-1 -1 -3 -13 -4 -1 1 -1)
1969-12-31 18:00:15.855694989,(3 3 -4 -10 -17 -11 -5 -1)
1969-12-31 18:00:15.855694989,(6 6 4 16 8 3 1 4)
1969-12-31 18:00:15.862813231,(-10 -9 7 -2 14 3 -2 -3)
1969-12-31 18:00:15.862813231,(-3 3 6 -2 -1 2 -1 -2)
1969-12-31 18:00:15.873886052,(2 -1 -12 -3 -3 0 2 2)
1969-12-31 18:00:15.873886052,(-6 -7 -3 2 -15 -15 -9 -4)
1969-12-31 18:00:15.879422462,(0 0 0 -7 -2 -1 0 -1)
1969-12-31 18:00:15.879422462,(-4 -6 -6 12 7 0 -1 -3)
1969-12-31 18:00:15.892077114,(-6 -2 1 -10 -2 1 1 -3)
1969-12-31 18:00:15.892077114,(4 -1 -19 -1 -3 -3 0 0)
1969-12-31 18:00:15.893658946,(0 4 16 3 -10 -7 -3 -2)
1969-12-31 18:00:15.893658946,(-4 -3 -5 -7 -5 1 1 -2)
1969-12-31 18:00:15.910268177,(11 11 -1 -3 2 8 9 9)
1969-12-31 18:00:15.910268177,(-3 -5 16 39 19 0 -3 -1)
1969-12-31 18:00:15.911059093,(-11 -3 2 -21 -4 -2 -3 -8)
1969-12-31 18:00:15.911059093,(11 5 -18 -9 -8 7 8 8)
1969-12-31 18:00:15.921340998,(-7 -3 6 -3 -6 -12 -9 -6)
1969-12-31 18:00:15.921340998,(-4 3 13 11 10 1 -2 -1)
1969-12-31 18:00:15.926877408,(-4 -1 5 7 -5 -3 -3 -3)
1969-12-31 18:00:15.926877408,(10 4 -4 -3 6 4 2 6)
1969-12-31 18:00:15.945859386,(3 -4 -21 -21 -11 -4 -1 1)
1969-12-31 18:00:15.945859386,(4 6 4 12 0 8 3 1)
1969-12-31 18:00:15.947441218,(-8 -10 -7 -7 -1 0 -2 -6)
1969-12-31 18:00:15.947441218,(4 15 31 33 6 -7 -5 0)
1969-12-31 18:00:15.957723123,(-10 -13 -5 3 1 -2 -4 -3)
1969-12-31 18:00:15.957723123,(1 -3 -14 -17 -8 -6 -1 -1)
1969-12-31 18:00:15.958514039,(9 12 9 4 -1 5 6 5)
1969-12-31 18:00:15.958514039,(-3 -10 -5 3 11 5 1 -2)
1969-12-31 18:00:15.968005028,(4 5 4 12 8 -1 2 5)
1969-12-31 18:00:15.968005028,(-8 -6 -9 -23 -8 -2 -1 -3)
1969-12-31 18:00:15.975914186,(1 -4 -15 -16 -12 -3 5 0)
1969-12-31 18:00:15.975914186,(-6 -6 -9 -7 -10 -9 -7 -9)
1969-12-31 18:00:15.986987006,(0 3 17 25 6 0 -1 0)
1969-12-31 18:00:15.986987006,(-9 -9 -9 -23 -10 2 -2 -5)
1969-12-31 18:00:15.988568838,(6 6 3 9 3 0 -2 2)
1969-12-31 18:00:15.988568838,(-9 0 11 6 3 -1 -9 -9)
1969-12-31 18:00:16.005178069,(4 -1 -10 0 -2 5 4 4)
1969-12-31 18:00:16.005178069,(5 2 1 7 10 9 4 5)
1969-12-31 18:00:16.005968985,(5 0 -2 2 4 4 -1 5)
1969-12-31 18:00:16.005968985,(5 4 10 -2 1 2 1 3)
1969-12-31 18:00:16.022578215,(0 1 5 -5 0 -1 -7 -2)
1969-12-31 18:00:16.022578215,(0 -2 -1 -13 -6 -2 -2 0)
1969-12-31 18:00:16.024160047,(5 3 -2 4 3 1 -1 5)
1969-12-31 18:00:16.024160047,(-3 -6 -4 -2 3 -1 3 1)
1969-12-31 18:00:16.034441952,(3 1 -1 1 -1 -3 4 0)
1969-12-31 18:00:16.034441952,(-4 1 8 1 -8 -10 -3 -2)
1969-12-31 18:00:16.036023784,(-8 -6 -3 -7 2 -5 -4 -5)
1969-12-31 18:00:16.036023784,(9 1 -15 0 0 -1 5 7)
1969-12-31 18:00:16.052633015,(-9 -8 6 13 9 3 -1 -5)
1969-12-31 18:00:16.052633015,(3 3 -10 -10 -5 -2 4 2)
1969-12-31 18:00:16.053423931,(-6 -2 -2 -3 -6 -4 -3 -4)
1969-12-31 18:00:16.053423931,(-3 0 0 -10 -9 -4 0 -3)
1969-12-31 18:00:16.062914920,(-3 -3 0 0 -4 -2 -4 -3)
1969-12-31 18:00:16.062914920,(-2 -2 0 3 3 5 0 -2)
1969-12-31 18:00:16.070033162,(1 -2 -2 6 11 4 3 1)
1969-12-31 18:00:16.070033162,(2 0 0 8 2 2 2 2)
1969-12-31 18:00:16.082687814,(-3 -2 -3 -12 -6 -1 2 -2)
1969-12-31 18:00:16.082687814,(-3 -1 -3 -6 -9 -2 -1 -4)
1969-12-31 18:00:16.083478730,(0 -2 -3 5 2 -1 -1 -1)
1969-12-31 18:00:16.083478730,(-3 -2 4 -2 -3 1 2 -1)
1969-12-31 18:00:16.100087961,(-2 -2 -9 -5 -2 -4 -3 -3)
1969-12-31 18:00:16.100087961,(-1 -1 -9 -37 -14 -5 -7 -3)
1969-12-31 18:00:16.100878877,(5 6 12 34 8 6 3 5)
1969-12-31 18:00:16.100878877,(3 -1 3 25 18 9 3 3)
1969-12-31 18:00:16.111160782,(-2 -3 4 9 3 0 -2 -2)
1969-12-31 18:00:16.111160782,(-2 -2 -6 -1 2 -1 -2 -3)
1969-12-31 18:00:16.117488108,(0 -1 -8 -26 -12 -2 0 1)
1969-12-31 18:00:16.117488108,(-4 -1 -3 -13 -14 -5 -1 -3)
1969-12-31 18:00:16.129351845,(13 9 4 10 9 7 5 6)
1969-12-31 18:00:16.129351845,(-1 -1 2 0 3 -2 0 -1)
1969-12-31 18:00:16.130933676,(-1 -3 -1 -6 -6 -2 0 -1)
1969-12-31 18:00:16.130933676,(-4 -2 1 2 1 -3 -3 -2)
1969-12-31 18:00:16.147542907,(-5 -4 2 -1 2 -1 -3 -3)
1969-12-31 18:00:16.147542907,(3 1 -2 -1 -14 -2 1 0)
1969-12-31 18:00:16.148333823,(1 1 -3 -1 14 1 0 2)
1969-12-31 18:00:16.148333823,(-2 2 1 1 -4 -1 -5 -2)
1969-12-31 18:00:16.157824812,(-3 -2 0 -1 1 -2 -3 -4)
1969-12-31 18:00:16.157824812,(1 -3 2 10 5 2 1 2)
1969-12-31 18:00:16.164943054,(1 -1 0 0 -5 -1 3 3)
1969-12-31 18:00:16.164943054,(1 1 -3 -11 -4 -1 1 1)
1969-12-31 18:00:16.176806791,(-3 0 -5 -4 -5 -4 -3 -1)
1969-12-31 18:00:16.176806791,(-3 -3 4 10 8 3 2 -1)
1969-12-31 18:00:16.178388622,(-1 -2 0 -1 -3 -2 -2 -3)
1969-12-31 18:00:16.178388622,(0 0 0 -3 -2 -2 0 -3)
1969-12-31 18:00:16.194997853,(0 -1 1 2 -5 0 2 2)
1969-12-31 18:00:16.194997853,(0 -1 -3 0 3 -1 0 0)
1969-12-31 18:00:16.195788769,(0 1 -2 -4 -2 -1 -1 0)
1969-12-31 18:00:16.195788769,(-1 0 1 -1 -1 -2 -3 -3)
1969-12-31 18:00:16.205279758,(-1 -2 -2 0 1 2 -1 -1)
1969-12-31 18:00:16.205279758,(-1 -1 0 0 2 0 0 -1)
1969-12-31 18:00:16.212398000,(-1 0 0 0 -3 -2 -1 -1)
1969-12-31 18:00:16.212398000,(0 0 -1 1 -1 -1 -2 -1)
1969-12-31 18:00:16.224261737,(-3 0 1 -2 0 -2 -2 -2)
1969-12-31 18:00:16.224261737,(-2 0 -3 0 0 0 0 1)
1969-12-31 18:00:16.225843568,(1 1 1 -1 -4 -2 -2 0)
1969-12-31 18:00:16.225843568,(-2 -2 -3 -2 1 2 1 0)
1969-12-31 18:00:16.242452799,(0 -1 0 -2 -1 -1 2 2)
1969-12-31 18:00:16.242452799,(0 2 0 0 0 0 -1 0)
1969-12-31 18:00:16.243243715,(-1 -2 -1 -2 -1 -2 -4 -4)
1969-12-31 18:00:16.243243715,(-1 -1 -1 0 1 1 0 3)
1969-12-31 18:00:16.259852945,(0 0 2 0 1 0 -2 1)
1969-12-31 18:00:16.259852945,(1 0 0 0 0 0 -1 -1)
1969-12-31 18:00:16.264598440,(-1 -2 1 0 0 -1 0 -1)
1969-12-31 18:00:16.264598440,(0 -1 0 -4 -3 -3 -3 1)
1969-12-31 18:00:16.271716682,(0 -2 1 1 0 0 2 -2)
1969-12-31 18:00:16.271716682,(1 -3 -2 0 1 1 1 0)
1969-12-31 18:00:16.273298514,(-2 -1 0 1 -1 1 0 0)
1969-12-31 18:00:16.273298514,(3 0 1 -2 -1 -1 1 -1)
1969-12-31 18:00:16.295444156,(-2 1 -2 0 0 -2 0 -1)
1969-12-31 18:00:16.295444156,(0 0 0 -2 0 -1 0 0)
1969-12-31 18:00:16.297025987,(-1 0 1 0 0 0 0 -1)
1969-12-31 18:00:16.297025987,(-2 -3 -3 0 -1 0 -1 -2)
1969-12-31 18:00:16.300189650,(0 -2 -1 -1 -1 0 0 0)
1969-12-31 18:00:16.300189650,(0 -1 -1 0 1 -3 0 0)
1969-12-31 18:00:16.307307892,(-2 -2 -2 -1 0 1 -2 -2)
1969-12-31 18:00:16.307307892,(-1 -1 -2 -1 0 -1 -2 -1)
1969-12-31 18:00:16.319171629,(-2 -1 0 0 -1 1 -3 -1)
1969-12-31 18:00:16.319171629,(0 0 0 1 -3 -1 -2 0)
1969-12-31 18:00:16.320753460,(0 -1 -2 0 0 1 0 0)
1969-12-31 18:00:16.320753460,(-2 0 0 -1 1 0 -1 -2)
1969-12-31 18:00:16.337362691,(-1 1 1 1 -1 1 0 1)
1969-12-31 18:00:16.337362691,(0 -1 -1 1 0 -1 0 -2)
1969-12-31 18:00:16.338153607,(-1 0 -1 -2 -2 0 1 -1)
1969-12-31 18:00:16.338153607,(0 0 0 -1 -1 0 -1 -2)
1969-12-31 18:00:16.348435512,(-2 -1 0 1 0 -1 -2 0)
1969-12-31 18:00:16.348435512,(0 -2 -1 2 1 1 2 3)
1969-12-31 18:00:16.361090164,(0 -1 -1 0 0 -1 -1 -1)
1969-12-31 18:00:16.361090164,(0 0 0 0 -2 -1 1 1)
1969-12-31 18:00:16.366626575,(1 0 0 -1 -1 0 -2 -3)
1969-12-31 18:00:16.366626575,(-2 0 -1 -1 0 -1 -2 -3)
1969-12-31 18:00:16.368208406,(0 0 -1 0 -2 -2 0 0)
1969-12-31 18:00:16.368208406,(-2 -2 -2 -1 -1 0 0 -1)
1969-12-31 18:00:16.384817637,(0 0 0 1 0 0 1 -2)
1969-12-31 18:00:16.384817637,(-1 0 -1 0 1 0 -2 0)
1969-12-31 18:00:16.385608553,(1 0 -1 -3 0 -1 1 1)
1969-12-31 18:00:16.385608553,(-2 -1 0 0 -1 -1 -2 -1)
1969-12-31 18:00:16.395099542,(-1 -1 -1 0 1 0 -1 0)
1969-12-31 18:00:16.395099542,(-1 -1 0 -1 0 0 -1 -1)
1969-12-31 18:00:16.395099542,(-3 -1 1 -1 1 -3 -3 -3)
1969-12-31 18:00:16.395099542,(6 -1 -2 3 3 2 5 5)
1969-12-31 18:00:16.395890458,(0 0 0 1 -1 -3 -3 0)
1969-12-31 18:00:16.395890458,(4 2 1 2 0 -2 0 1)
1969-12-31 18:00:16.413290605,(-4 -1 -2 -2 -1 0 -2 -2)
1969-12-31 18:00:16.413290605,(-4 -1 1 -2 -17 -5 -3 -6)
1969-12-31 18:00:16.414081521,(0 0 0 0 14 1 0 1)
1969-12-31 18:00:16.414081521,(3 3 1 -3 -2 2 2 5)
1969-12-31 18:00:16.425154342,(-2 -1 -2 4 1 1 0 -2)
1969-12-31 18:00:16.425154342,(-1 -2 -1 0 2 -1 -1 -1)
1969-12-31 18:00:16.425154342,(-6 -2 -1 -2 -10 -4 -3 -4)
1969-12-31 18:00:16.425154342,(-1 -2 -2 -3 1 1 -1 1)
1969-12-31 18:00:16.448881815,(4 -1 2 1 2 1 4 4)
1969-12-31 18:00:16.448881815,(-3 -3 -1 -1 -1 -2 -2 -3)
1969-12-31 18:00:16.449672730,(4 2 0 -4 -4 -1 2 3)
1969-12-31 18:00:16.449672730,(-1 -1 1 -1 3 -1 -2 -2)
1969-12-31 18:00:16.460745551,(-1 -1 -3 -2 -8 0 -2 0)
1969-12-31 18:00:16.460745551,(1 -2 -6 -6 3 -3 1 0)
1969-12-31 18:00:16.461536467,(-2 -1 -4 -21 -7 -2 -1 -1)
1969-12-31 18:00:16.461536467,(-4 -1 1 15 -3 -5 -5 -6)
1969-12-31 18:00:16.472609288,(1 -1 2 5 6 5 4 3)
1969-12-31 18:00:16.472609288,(3 5 1 -26 -11 -3 -1 1)
1969-12-31 18:00:16.472609288,(-5 -2 6 51 23 4 -1 -4)
1969-12-31 18:00:16.472609288,(5 4 11 26 25 7 3 5)
1969-12-31 18:00:16.490009434,(-7 -5 3 3 1 0 -3 -4)
1969-12-31 18:00:16.490009434,(-3 0 -8 -6 -6 -4 -8 -5)
1969-12-31 18:00:16.490800350,(3 -7 -13 -60 -30 -11 1 2)
1969-12-31 18:00:16.490800350,(0 1 -22 -25 -11 -7 -2 0)
1969-12-31 18:00:16.508200497,(-1 -6 -7 -61 -67 -15 3 1)
1969-12-31 18:00:16.508200497,(-1 8 2 25 23 -2 -11 -4)
1969-12-31 18:00:16.508991413,(0 -5 43 106 78 36 11 6)
1969-12-31 18:00:16.508991413,(-8 7 43 45 40 17 6 -5)
1969-12-31 18:00:16.520064234,(8 2 -26 5 6 -3 -5 0)
1969-12-31 18:00:16.520064234,(-6 -4 -12 -73 -48 -12 -4 -6)
1969-12-31 18:00:16.520064234,(3 1 -30 -79 -68 -26 -1 3)
1969-12-31 18:00:16.520064234,(-4 -13 -27 -65 -49 -13 -8 -4)
1969-12-31 18:00:16.539046212,(-6 4 25 73 59 11 2 -4)
1969-12-31 18:00:16.539046212,(-1 2 31 72 33 17 7 -1)
1969-12-31 18:00:16.543791707,(-5 -4 -34 -80 8 -14 -17 -9)
1969-12-31 18:00:16.543791707,(-4 -19 -34 -65 -82 -24 -7 -5)
1969-12-31 18:00:16.555655443,(4 10 27 67 7 14 12 5)
1969-12-31 18:00:16.555655443,(5 20 75 125 104 31 15 9)
1969-12-31 18:00:16.556446359,(9 17 21 11 -15 13 7 4)
1969-12-31 18:00:16.556446359,(8 -3 -66 -112 -17 -5 -2 2)
1969-12-31 18:00:16.567519180,(-8 -21 -55 -56 -57 -25 -17 -9)
1969-12-31 18:00:16.567519180,(1 -9 -1 -4 -49 -9 9 4)
1969-12-31 18:00:16.567519180,(-6 1 13 9 -10 -9 0 -3)
1969-12-31 18:00:16.567519180,(0 4 -7 -59 -50 -12 -2 -2)
1969-12-31 18:00:16.584919327,(2 -1 -7 -11 68 11 -5 0)
1969-12-31 18:00:16.584919327,(-3 -1 37 68 94 30 9 3)
1969-12-31 18:00:16.585710242,(-15 -4 29 -1 -68 -6 -4 -12)
1969-12-31 18:00:16.585710242,(-3 0 13 66 30 1 -1 0)
1969-12-31 18:00:16.603110389,(-2 9 60 84 82 27 11 0)
1969-12-31 18:00:16.603110389,(16 4 -57 -35 -44 -7 0 12)
1969-12-31 18:00:16.603901305,(-4 -14 -35 -58 -38 -16 -6 -5)
1969-12-31 18:00:16.603901305,(-6 -4 10 78 -30 -11 -3 -2)
1969-12-31 18:00:16.614974126,(-9 -8 -8 -86 -51 -19 -8 -7)
1969-12-31 18:00:16.614974126,(1 -5 -16 34 9 2 0 0)
1969-12-31 18:00:16.614974126,(2 5 -6 -39 -3 -2 -1 0)
1969-12-31 18:00:16.614974126,(5 1 -27 -75 -37 -11 -2 2)
1969-12-31 18:00:16.633165188,(3 1 -15 -67 -60 -12 -2 0)
1969-12-31 18:00:16.633165188,(-4 -2 14 14 -16 -8 -6 -4)
1969-12-31 18:00:16.633956104,(2 2 16 59 75 23 4 3)
1969-12-31 18:00:16.633956104,(-3 3 36 89 112 40 12 1)
1969-12-31 18:00:16.650565335,(2 2 -13 -88 -19 -1 1 1)
1969-12-31 18:00:16.650565335,(-6 -6 -16 -18 -40 -17 -6 -4)
1969-12-31 18:00:16.651356251,(2 1 -5 41 -22 -3 -1 1)
1969-12-31 18:00:16.651356251,(5 7 40 74 -1 6 3 5)
1969-12-31 18:00:16.662429072,(-2 2 6 79 77 13 1 -2)
1969-12-31 18:00:16.662429072,(-7 -11 -34 -112 -52 -17 -4 -5)
1969-12-31 18:00:16.662429072,(2 0 -2 -20 23 3 0 2)
1969-12-31 18:00:16.662429072,(3 5 8 47 36 11 6 2)
1969-12-31 18:00:16.680620134,(0 -2 -8 -22 -38 -9 -2 0)
1969-12-31 18:00:16.680620134,(-3 -1 0 -19 -8 -5 -3 -5)
1969-12-31 18:00:16.686947461,(0 -1 -5 23 29 2 1 0)
1969-12-31 18:00:16.686947461,(1 -1 1 -45 -15 -6 -3 0)
1969-12-31 18:00:16.698020281,(4 5 10 -8 -25 -1 4 4)
1969-12-31 18:00:16.698020281,(0 1 3 21 26 0 -3 -2)
1969-12-31 18:00:16.698811197,(-3 -6 -10 4 -14 -1 1 -1)
1969-12-31 18:00:16.698811197,(-2 0 2 -25 -11 -3 -1 -1)
1969-12-31 18:00:16.709093102,(4 0 0 18 10 2 -2 3)
1969-12-31 18:00:16.709093102,(-1 -2 -11 -30 -16 -2 0 0)
1969-12-31 18:00:16.709884018,(-1 0 5 3 -5 -3 0 3)
1969-12-31 18:00:16.709884018,(-6 -6 1 -19 7 3 0 -4)
1969-12-31 18:00:16.727284165,(-3 1 7 38 13 5 -1 -4)
1969-12-31 18:00:16.727284165,(3 -4 -6 -22 -12 -6 -1 2)
1969-12-31 18:00:16.733611491,(8 2 2 11 3 3 3 3)
1969-12-31 18:00:16.733611491,(-3 -1 -3 -2 12 -3 -7 -9)
1969-12-31 18:00:16.745475227,(-2 -4 -9 -13 -19 -3 -1 1)
1969-12-31 18:00:16.745475227,(3 5 -2 -18 -9 -1 0 5)
1969-12-31 18:00:16.746266143,(10 3 4 17 17 3 2 5)
1969-12-31 18:00:16.746266143,(-9 -6 -1 2 5 -1 -4 -6)
1969-12-31 18:00:16.756548048,(2 0 -4 4 -1 0 0 2)
1969-12-31 18:00:16.756548048,(-7 -2 6 3 -5 -2 1 -3)
1969-12-31 18:00:16.757338964,(-4 4 5 6 -3 -1 0 3)
1969-12-31 18:00:16.757338964,(15 -3 -2 3 3 -3 2 9)
1969-12-31 18:00:16.775530027,(-17 3 -7 1 -8 4 0 -19)
1969-12-31 18:00:16.775530027,(-9 -11 -8 -15 4 -4 -6 -4)
1969-12-31 18:00:16.776320942,(8 7 2 4 1 4 6 5)
1969-12-31 18:00:16.776320942,(-8 -5 -2 3 -9 -7 -8 -7)
1969-12-31 18:00:16.792930173,(9 2 0 -3 3 -1 2 9)
1969-12-31 18:00:16.792930173,(-20 -15 -6 -5 -2 0 -3 -7)
1969-12-31 18:00:16.793721089,(28 23 9 0 -3 5 1 6)
1969-12-31 18:00:16.793721089,(-8 -3 -4 1 2 -3 -9 -10)
1969-12-31 18:00:16.804002994,(8 5 5 5 -1 1 1 3)
1969-12-31 18:00:16.804002994,(-14 -4 -3 3 0 1 -5 -9)
1969-12-31 18:00:16.811121236,(7 -4 -14 -30 -23 -10 0 8)
1969-12-31 18:00:16.811121236,(-2 0 -4 -47 -6 1 7 8)
1969-12-31 18:00:16.822194057,(17 22 23 74 28 5 -2 -4)
1969-12-31 18:00:16.822194057,(10 -11 -6 -45 -18 -5 1 13)
1969-12-31 18:00:16.827730467,(-55 -31 -7 48 33 7 -7 -31)
1969-12-31 18:00:16.827730467,(55 32 18 22 9 11 17 38)
1969-12-31 18:00:16.841966951,(-49 -27 -10 -12 -14 -9 -18 -33)
1969-12-31 18:00:16.841966951,(-7 9 3 -18 -7 -7 -9 -14)
1969-12-31 18:00:16.842757867,(6 -6 11 26 -2 6 15 26)
1969-12-31 18:00:16.842757867,(-48 -43 -13 -15 -2 -6 -6 -22)
1969-12-31 18:00:16.851457940,(51 32 -16 -20 -7 -2 2 1)
1969-12-31 18:00:16.851457940,(105 76 13 19 11 -1 27 87)
1969-12-31 18:00:16.864112593,(-104 -79 -43 -60 -37 -1 -1 -88)
1969-12-31 18:00:16.864112593,(96 64 19 39 27 4 -3 66)
1969-12-31 18:00:16.869649003,(73 34 12 -35 -22 -40 -48 27)
1969-12-31 18:00:16.869649003,(-55 -49 -18 -30 -19 25 28 -30)
1969-12-31 18:00:16.875185413,(68 55 8 -34 3 -6 -5 39)
1969-12-31 18:00:16.875185413,(-84 -55 -47 -93 -81 -20 -8 -52)
1969-12-31 18:00:16.887840066,(-46 -14 33 89 71 61 80 11)
1969-12-31 18:00:16.887840066,(57 65 89 100 90 13 -21 18)
1969-12-31 18:00:16.889421897,(-37 -36 -1 -39 -35 -16 -28 -26)
1969-12-31 18:00:16.889421897,(-43 6 8 -21 0 -4 -15 -20)
1969-12-31 18:00:16.898912886,(50 6 -38 -107 -53 -3 5 29)
1969-12-31 18:00:16.898912886,(-36 -43 -52 -52 -50 -25 -25 -46)
1969-12-31 18:00:16.906031128,(19 37 6 34 30 26 37 18)
1969-12-31 18:00:16.906031128,(58 20 21 25 8 0 2 24)
1969-12-31 18:00:16.917894865,(-52 -20 -26 -23 -34 -20 -6 -24)
1969-12-31 18:00:16.917894865,(-36 -18 13 30 25 15 17 -1)
1969-12-31 18:00:16.918685780,(7 15 -18 -26 -15 -15 -22 -15)
1969-12-31 18:00:16.918685780,(-22 -30 4 17 -2 1 2 -9)
1969-12-31 18:00:16.935295012,(-27 -8 14 8 9 7 2 0)
1969-12-31 18:00:16.935295012,(65 37 -46 -39 -58 -32 -29 11)
1969-12-31 18:00:16.940831422,(16 13 37 90 47 6 3 12)
1969-12-31 18:00:16.940831422,(-24 -4 31 50 49 20 12 -14)
1969-12-31 18:00:16.946367832,(-11 -20 15 56 13 11 12 0)
1969-12-31 18:00:16.946367832,(-11 -12 1 -39 -3 3 3 0)
1969-12-31 18:00:16.953486074,(2 1 -28 -67 -36 -12 -2 8)
1969-12-31 18:00:16.953486074,(-47 -33 -6 8 10 3 -9 -37)
1969-12-31 18:00:16.964558895,(72 54 42 44 39 36 46 70)
1969-12-31 18:00:16.964558895,(-37 -34 -55 -105 -84 -59 -68 -66)
1969-12-31 18:00:16.970095305,(-10 -24 -16 37 -12 -9 -3 2)
1969-12-31 18:00:16.970095305,(-32 -47 15 58 33 12 6 -14)
1969-12-31 18:00:16.982749958,(0 7 -4 1 9 7 8 16)
1969-12-31 18:00:16.982749958,(56 67 26 37 28 18 12 25)
1969-12-31 18:00:16.984331789,(2 -19 -13 -79 -21 -11 -19 -2)
1969-12-31 18:00:16.984331789,(29 30 -40 -128 -83 -27 -8 13)
1969-12-31 18:00:16.993822778,(-44 -47 -6 73 -2 -19 -22 -29)
1969-12-31 18:00:16.993822778,(-21 -17 30 93 45 28 33 3)
1969-12-31 18:00:17.000941020,(11 19 10 21 20 1 -2 4)
1969-12-31 18:00:17.000941020,(8 4 -8 -74 -37 -10 -4 1)
1969-12-31 18:00:17.012013841,(-6 -3 2 37 -36 -13 -9 -12)
1969-12-31 18:00:17.012013841,(-24 -13 14 31 65 20 9 -5)
1969-12-31 18:00:17.017550251,(-4 -19 -10 -24 4 5 -3 -1)
1969-12-31 18:00:17.017550251,(24 61 6 60 29 13 12 16)
1969-12-31 18:00:17.030204904,(-6 -57 -17 -71 -15 3 6 8)
1969-12-31 18:00:17.030204904,(-7 -7 -37 -51 -65 -36 -25 -12)
1969-12-31 18:00:17.031786735,(-4 -31 3 -11 -4 -3 -2 -6)
1969-12-31 18:00:17.031786735,(8 43 0 19 16 6 6 0)
1969-12-31 18:00:17.041277724,(14 14 -15 -79 -28 -18 -20 -5)
1969-12-31 18:00:17.041277724,(-10 -12 3 31 2 4 7 5)
1969-12-31 18:00:17.048395966,(-9 -4 32 56 26 12 8 4)
1969-12-31 18:00:17.048395966,(8 -13 -4 -14 -12 -9 -1 5)
1969-12-31 18:00:17.059468787,(-5 5 -15 10 -2 -15 -12 -12)
1969-12-31 18:00:17.059468787,(-17 -18 23 41 25 18 13 2)
1969-12-31 18:00:17.065005197,(11 26 10 21 16 10 5 4)
1969-12-31 18:00:17.065005197,(12 -1 -11 -32 -9 4 5 4)
1969-12-31 18:00:17.077659850,(-16 0 0 -1 6 -6 -14 -16)
1969-12-31 18:00:17.077659850,(6 5 -2 -14 -13 3 11 8)
1969-12-31 18:00:17.079241681,(-26 2 4 24 -1 -7 -7 -16)
1969-12-31 18:00:17.079241681,(61 40 3 3 4 -3 3 34)
1969-12-31 18:00:17.095850912,(-51 -29 -21 -72 -16 -6 -20 -49)
1969-12-31 18:00:17.095850912,(9 7 -5 -7 -16 -7 -3 3)
1969-12-31 18:00:17.096641828,(14 11 0 -3 -4 1 4 10)
1969-12-31 18:00:17.096641828,(-35 -34 0 28 0 -2 -9 -22)
1969-12-31 18:00:17.106923733,(13 22 8 12 17 4 6 11)
1969-12-31 18:00:17.106923733,(5 -1 5 12 17 8 6 7)
1969-12-31 18:00:17.112460143,(-6 -4 -15 -104 -47 -4 3 -5)
1969-12-31 18:00:17.112460143,(9 6 10 62 5 13 14 8)
1969-12-31 18:00:17.125114796,(7 4 3 77 61 -8 -13 0)
1969-12-31 18:00:17.125114796,(-44 -41 -12 11 11 -12 -19 -29)
1969-12-31 18:00:17.126696627,(8 7 -7 -45 -13 -6 0 7)
1969-12-31 18:00:17.126696627,(-7 -8 1 -21 -25 0 2 -3)
1969-12-31 18:00:17.143305858,(8 19 17 11 -15 8 8 5)
1969-12-31 18:00:17.143305858,(-1 -2 -4 -8 10 5 3 1)
1969-12-31 18:00:17.144096774,(-4 2 3 14 7 1 1 0)
1969-12-31 18:00:17.144096774,(-50 -55 -10 2 2 -3 -5 -16)
1969-12-31 18:00:17.154378679,(34 33 1 -20 -2 14 20 30)
1969-12-31 18:00:17.154378679,(-47 -43 -2 -13 -1 10 15 -5)
1969-12-31 18:00:17.159915090,(31 31 1 18 -9 -11 -16 -2)
1969-12-31 18:00:17.159915090,(-46 -40 -13 9 5 -19 -35 -48)
1969-12-31 18:00:17.172569742,(-9 -14 -8 -26 -12 -4 0 0)
1969-12-31 18:00:17.172569742,(25 23 3 -11 -8 4 5 14)
1969-12-31 18:00:17.174151573,(-22 -25 1 4 -2 3 5 -9)
1969-12-31 18:00:17.174151573,(27 15 -1 -16 1 12 19 26)
1969-12-31 18:00:17.190760804,(10 5 -10 -35 -28 -11 -6 2)
1969-12-31 18:00:17.190760804,(0 5 5 6 -8 -7 -6 -3)
1969-12-31 18:00:17.191551720,(-14 -12 16 88 65 5 -4 -6)
1969-12-31 18:00:17.191551720,(20 24 18 43 26 8 3 8)
1969-12-31 18:00:17.201042709,(-14 -8 -5 -46 -21 -4 -1 -7)
1969-12-31 18:00:17.201042709,(-3 0 -5 -29 -24 -1 0 -4)
1969-12-31 18:00:17.208951867,(3 2 -10 -16 -24 -6 -1 7)
1969-12-31 18:00:17.208951867,(4 -10 -11 -49 -15 -7 -1 9)
1969-12-31 18:00:17.220024688,(-49 -36 17 89 32 12 4 -19)
1969-12-31 18:00:17.220024688,(98 94 28 30 28 18 30 63)
1969-12-31 18:00:17.221606519,(-13 -9 -6 -2 -6 -11 -20 -22)
1969-12-31 18:00:17.221606519,(-10 -6 -4 -16 -5 -2 -2 -7)
1969-12-31 18:00:17.238215751,(6 -4 -10 -34 -21 -4 -3 2)
1969-12-31 18:00:17.238215751,(-5 -13 -11 -21 2 0 3 3)
1969-12-31 18:00:17.239006666,(5 4 0 -3 -18 2 8 11)
1969-12-31 18:00:17.239006666,(0 8 1 5 0 -8 -7 -7)
1969-12-31 18:00:17.248497655,(6 -2 -7 -38 -10 5 1 7)
1969-12-31 18:00:17.248497655,(-7 -1 20 99 55 13 3 -5)
1969-12-31 18:00:17.255615897,(4 2 3 -10 19 4 1 1)
1969-12-31 18:00:17.255615897,(-12 -8 -8 -4 -32 -12 -9 -9)
1969-12-31 18:00:17.267479633,(0 5 11 33 0 -8 -7 -6)
1969-12-31 18:00:17.267479633,(-13 -13 -2 -10 9 7 0 -7)
1969-12-31 18:00:17.269061465,(4 3 6 14 6 7 8 9)
1969-12-31 18:00:17.269061465,(2 -10 -9 -17 3 -4 -1 4)
1969-12-31 18:00:17.285670697,(2 6 -8 -35 -15 0 3 0)
1969-12-31 18:00:17.285670697,(-19 -28 -15 -24 -29 -10 -7 -16)
1969-12-31 18:00:17.286461612,(-12 12 4 15 10 7 7 0)
1969-12-31 18:00:17.286461612,(5 4 0 7 -2 -6 -8 -10)
1969-12-31 18:00:17.295952602,(-2 -5 -10 -42 -22 -11 -2 1)
1969-12-31 18:00:17.295952602,(-11 -16 -16 -7 -28 -8 -8 -9)
1969-12-31 18:00:17.303070843,(9 3 16 43 43 14 11 12)
1969-12-31 18:00:17.303070843,(8 10 13 26 42 27 17 13)
1969-12-31 18:00:17.314934580,(0 4 13 -19 -12 5 -1 -3)
1969-12-31 18:00:17.314934580,(-3 7 -4 7 2 -9 -3 -1)
1969-12-31 18:00:17.316516412,(11 -7 -21 -22 -26 -15 -3 6)
1969-12-31 18:00:17.316516412,(-6 -2 1 13 -7 -11 -6 -6)
1969-12-31 18:00:17.333125643,(7 6 0 -4 12 -6 -8 0)
1969-12-31 18:00:17.333125643,(-34 -40 -9 -45 -28 -6 -8 -16)
1969-12-31 18:00:17.334707474,(8 25 3 -9 -15 0 3 8)
1969-12-31 18:00:17.334707474,(57 55 25 41 34 22 19 21)
1969-12-31 18:00:17.343407548,(-6 -13 -7 1 -3 -6 -11 -7)
1969-12-31 18:00:17.343407548,(8 4 -3 -23 -10 0 5 6)
1969-12-31 18:00:17.350525790,(-11 -20 -8 5 -7 -2 -5 -6)
1969-12-31 18:00:17.350525790,(-15 -17 4 12 6 3 5 2)
1969-12-31 18:00:17.362389526,(8 18 8 25 18 8 6 12)
1969-12-31 18:00:17.362389526,(3 7 -2 -6 -1 -4 -10 -15)
1969-12-31 18:00:17.363971358,(-6 -16 -49 -124 -110 -55 -23 -10)
1969-12-31 18:00:17.363971358,(5 2 14 82 16 0 2 6)
1969-12-31 18:00:17.380580589,(-5 -1 42 107 106 55 15 1)
1969-12-31 18:00:17.380580589,(-3 -1 3 -8 46 33 10 6)
1969-12-31 18:00:17.381371504,(5 8 16 -7 6 15 6 0)
1969-12-31 18:00:17.381371504,(-10 -11 -24 -79 -65 -28 -14 -12)
1969-12-31 18:00:17.391653409,(-34 -30 -22 -17 -47 -32 -12 -17)
1969-12-31 18:00:17.391653409,(33 44 15 -14 -6 -3 13 31)
1969-12-31 18:00:17.397189820,(-58 -43 -28 -23 -18 -18 -34 -47)
1969-12-31 18:00:17.397189820,(-9 -2 -5 0 -3 -3 -4 -2)
1969-12-31 18:00:17.409844472,(7 9 4 6 14 7 7 3)
1969-12-31 18:00:17.409844472,(-7 -9 -10 -20 -21 -11 -10 -7)
1969-12-31 18:00:17.411426304,(7 1 10 28 15 8 10 12)
1969-12-31 18:00:17.411426304,(20 12 11 14 19 10 4 7)
1969-12-31 18:00:17.428035535,(-12 -15 -18 -34 -17 -10 -12 -15)
1969-12-31 18:00:17.428035535,(-7 -5 -3 2 -10 -6 -3 -8)
1969-12-31 18:00:17.428826450,(17 10 5 -31 -6 5 12 18)
1969-12-31 18:00:17.428826450,(-11 -2 11 58 36 10 3 -6)
1969-12-31 18:00:17.438317440,(13 13 14 35 3 -4 0 6)
1969-12-31 18:00:17.438317440,(-3 -1 -1 13 0 -1 -4 -4)
1969-12-31 18:00:17.445435682,(7 0 6 26 41 21 14 11)
1969-12-31 18:00:17.445435682,(-8 -2 -16 -69 -24 -1 -3 -2)
1969-12-31 18:00:17.457299418,(-3 -1 -13 -18 -27 -12 -3 1)
1969-12-31 18:00:17.457299418,(10 1 1 0 -8 -11 -8 -1)
1969-12-31 18:00:17.458881250,(-16 -9 7 13 4 2 -2 -15)
1969-12-31 18:00:17.458881250,(32 34 -2 -23 -11 -2 9 27)
1969-12-31 18:00:17.475490481,(-26 -41 1 11 7 0 -7 -12)
1969-12-31 18:00:17.475490481,(-1 10 -3 -5 -8 -7 -5 -7)
1969-12-31 18:00:17.476281397,(17 15 3 -8 3 5 5 7)
1969-12-31 18:00:17.476281397,(-12 -9 -2 20 0 -2 -4 -6)
1969-12-31 18:00:17.485772386,(8 7 -2 -26 3 4 6 8)
1969-12-31 18:00:17.485772386,(2 0 -6 -7 -8 2 1 2)
1969-12-31 18:00:17.492890628,(8 6 13 55 13 -1 2 10)
1969-12-31 18:00:17.492890628,(-12 -10 11 19 27 7 1 -5)
1969-12-31 18:00:17.504754364,(9 9 -14 -50 -40 -9 -3 2)
1969-12-31 18:00:17.504754364,(-11 -13 -16 -25 -18 -8 -1 -4)
1969-12-31 18:00:17.506336196,(10 13 16 69 39 11 4 4)
1969-12-31 18:00:17.506336196,(-15 -9 15 33 34 11 -1 -11)
1969-12-31 18:00:17.522945427,(6 6 -3 -15 2 4 2 1)
1969-12-31 18:00:17.522945427,(-15 -11 -8 -15 -16 -4 -4 -5)
1969-12-31 18:00:17.523736343,(-5 -3 -6 -25 -24 -8 -4 1)
1969-12-31 18:00:17.523736343,(5 6 -9 -25 -18 -10 -7 -4)
1969-12-31 18:00:17.533227332,(-9 -13 -8 -8 -5 -8 -9 -11)
1969-12-31 18:00:17.533227332,(24 25 8 9 9 6 12 17)
1969-12-31 18:00:17.540345574,(-15 -9 -2 6 6 -5 -14 -19)
1969-12-31 18:00:17.540345574,(-15 -19 -4 -3 -5 0 -2 -5)
1969-12-31 18:00:17.552209310,(12 18 -4 -12 -5 -2 1 5)
1969-12-31 18:00:17.552209310,(-10 -13 -5 8 1 -3 -4 -7)
1969-12-31 18:00:17.553791142,(10 7 4 4 -2 2 11 10)
1969-12-31 18:00:17.553791142,(1 2 -3 -8 -1 -1 -2 -1)
1969-12-31 18:00:17.570400373,(0 -2 7 47 21 1 -1 0)
1969-12-31 18:00:17.570400373,(-4 -2 5 -39 -13 1 1 0)
1969-12-31 18:00:17.571191289,(4 -2 -3 33 12 0 -1 1)
1969-12-31 18:00:17.571191289,(-3 -4 10 17 3 4 2 2)
1969-12-31 18:00:17.580682278,(-2 2 -2 -10 0 -2 -2 -6)
1969-12-31 18:00:17.580682278,(-3 -4 2 11 9 2 2 3)
1969-12-31 18:00:17.587800520,(2 0 -14 -58 -34 -9 -3 1)
1969-12-31 18:00:17.587800520,(-1 -5 -5 4 -13 -9 -5 -3)
1969-12-31 18:00:17.599664256,(1 4 17 50 34 8 3 1)
1969-12-31 18:00:17.599664256,(-4 -1 2 23 6 3 1 -3)
1969-12-31 18:00:17.601246088,(-6 -8 -5 -29 -12 3 3 1)
1969-12-31 18:00:17.601246088,(11 12 -8 -18 -8 -5 -2 2)
1969-12-31 18:00:17.617855319,(0 -4 -5 -30 -19 -7 -5 -2)
1969-12-31 18:00:17.617855319,(-2 -5 -10 -31 -17 -5 -1 -2)
1969-12-31 18:00:17.618646235,(5 5 10 48 30 5 2 5)
1969-12-31 18:00:17.618646235,(-5 -2 12 43 25 8 1 -4)
1969-12-31 18:00:17.628137224,(-6 1 2 2 7 4 0 -6)
1969-12-31 18:00:17.628137224,(0 -4 -8 -17 -12 1 4 7)
1969-12-31 18:00:17.635255466,(-20 -15 -4 -8 -8 -4 -5 -11)
1969-12-31 18:00:17.635255466,(18 17 3 -5 -6 -11 -9 -3)
1969-12-31 18:00:17.647119202,(2 -6 -10 -15 -12 -3 -2 1)
1969-12-31 18:00:17.647119202,(3 1 1 -1 6 -1 3 8)
1969-12-31 18:00:17.648701034,(1 1 4 6 1 3 2 0)
1969-12-31 18:00:17.648701034,(-6 -8 -3 8 -7 2 4 3)
1969-12-31 18:00:17.665310265,(-3 -1 -7 -33 -11 -1 5 0)
1969-12-31 18:00:17.665310265,(-1 -2 -6 -32 -26 -11 -14 -10)
1969-12-31 18:00:17.666101181,(5 4 9 47 32 5 2 4)
1969-12-31 18:00:17.666101181,(-5 -4 5 8 28 11 6 3)
1969-12-31 18:00:17.675592170,(1 1 3 3 -12 0 0 2)
1969-12-31 18:00:17.675592170,(1 0 9 22 18 5 4 1)
1969-12-31 18:00:17.682710412,(1 2 -17 -51 -25 -9 -5 -5)
1969-12-31 18:00:17.682710412,(11 9 0 3 -18 -1 7 13)
1969-12-31 18:00:17.694574148,(1 -1 -12 -26 2 -3 -4 0)
1969-12-31 18:00:17.694574148,(-5 -4 2 16 2 -1 0 0)
1969-12-31 18:00:17.696155980,(-6 -1 15 29 20 12 7 -1)
1969-12-31 18:00:17.696155980,(-2 2 -4 -13 -2 -4 -7 -10)
1969-12-31 18:00:17.712765211,(25 11 -6 0 -9 -7 2 19)
1969-12-31 18:00:17.712765211,(-39 -23 -4 -7 -2 -3 -14 -36)
1969-12-31 18:00:17.713556127,(12 8 -2 -13 -12 -3 3 11)
1969-12-31 18:00:17.713556127,(-12 -14 -10 -1 -7 -4 -4 -2)
1969-12-31 18:00:17.723047116,(-5 -2 0 15 8 -4 -10 -13)
1969-12-31 18:00:17.723838032,(13 8 2 14 3 2 4 9)
1969-12-31 18:00:17.730165358,(-5 -3 3 1 9 4 4 1)
1969-12-31 18:00:17.730165358,(-17 -13 -4 -23 -12 -10 -11 -13)
1969-12-31 18:00:17.742029094,(13 10 -2 -28 -12 4 9 9)
1969-12-31 18:00:17.742029094,(-1 -2 6 63 30 3 -1 0)
1969-12-31 18:00:17.743610926,(10 6 0 -23 -10 0 3 7)
1969-12-31 18:00:17.743610926,(12 21 -1 -13 -12 -2 2 8)
1969-12-31 18:00:17.760220157,(-31 -26 1 33 9 -5 -11 -24)
1969-12-31 18:00:17.760220157,(1 10 14 19 13 5 -1 -3)
1969-12-31 18:00:17.761801989,(-8 -5 -12 -20 -15 -10 -10 -10)
1969-12-31 18:00:17.761801989,(0 -7 -10 -29 -10 -1 3 1)
1969-12-31 18:00:17.770502062,(-2 2 -2 -12 -3 1 1 0)
1969-12-31 18:00:17.770502062,(23 11 6 17 2 2 9 25)
1969-12-31 18:00:17.777620304,(-19 -36 -3 -5 -8 -3 -4 -12)
1969-12-31 18:00:17.777620304,(9 24 2 0 12 0 4 0)
1969-12-31 18:00:17.789484040,(-7 -3 -3 5 -2 -3 -5 -1)
1969-12-31 18:00:17.789484040,(-12 -9 -3 -8 0 -1 -6 -15)
1969-12-31 18:00:17.794229535,(8 8 -13 -75 -29 -6 0 5)
1969-12-31 18:00:17.794229535,(6 -1 2 39 0 3 6 7)
1969-12-31 18:00:17.807675103,(-8 -8 17 47 40 9 4 1)
1969-12-31 18:00:17.807675103,(-11 -4 5 9 5 -1 -3 -8)
1969-12-31 18:00:17.808466019,(0 5 0 -4 -4 -1 1 -1)
1969-12-31 18:00:17.808466019,(-15 -26 -18 -49 -20 -6 -5 -11)
1969-12-31 18:00:17.818747924,(76 64 14 16 -1 12 27 43)
1969-12-31 18:00:17.818747924,(-8 -9 0 0 6 -1 -2 -4)
1969-12-31 18:00:17.829820745,(2 8 3 21 -1 -4 -8 -5)
1969-12-31 18:00:17.829820745,(-31 -52 -5 -13 -2 -2 -6 -16)
1969-12-31 18:00:17.836938986,(19 36 9 14 10 12 15 16)
1969-12-31 18:00:17.836938986,(20 24 -2 -14 -8 -4 3 16)
1969-12-31 18:00:17.841684481,(-31 -21 -1 5 -3 -9 -13 -28)
1969-12-31 18:00:17.842475397,(2 1 3 2 3 3 5 7)
1969-12-31 18:00:17.855130049,(-8 -17 -9 -21 -16 -3 -2 -1)
1969-12-31 18:00:17.855130049,(-19 -39 -10 -20 4 -3 -5 -8)
1969-12-31 18:00:17.855920965,(36 44 7 41 13 10 17 27)
1969-12-31 18:00:17.855920965,(-11 4 2 -5 1 -7 -14 -19)
1969-12-31 18:00:17.872530196,(-38 -30 -7 -13 -16 -11 -14 -25)
1969-12-31 18:00:17.872530196,(23 15 -1 -19 -11 3 12 16)
1969-12-31 18:00:17.874112028,(1 -8 5 20 19 5 3 4)
1969-12-31 18:00:17.874112028,(22 16 -1 -8 1 3 5 11)
1969-12-31 18:00:17.884393932,(-25 -22 -11 -19 -11 -9 -14 -21)
1969-12-31 18:00:17.884393932,(6 0 1 19 5 3 7 12)
1969-12-31 18:00:17.885975764,(26 27 21 47 18 1 2 14)
1969-12-31 18:00:17.885975764,(-16 -4 3 7 5 2 -1 -10)
1969-12-31 18:00:17.902584995,(-2 -1 -4 -3 -6 -9 -10 -7)
1969-12-31 18:00:17.902584995,(-37 -39 -13 -18 -11 -3 2 -10)
1969-12-31 18:00:17.903375911,(47 56 -2 -33 -13 1 0 10)
1969-12-31 18:00:17.903375911,(4 3 5 9 3 2 6 4)
1969-12-31 18:00:17.919985142,(-14 -20 -2 -2 4 8 7 -3)
1969-12-31 18:00:17.920776058,(6 0 -5 0 0 -1 -4 -1)
1969-12-31 18:00:17.921566974,(-18 -20 0 5 0 -2 -5 -5)
1969-12-31 18:00:17.921566974,(-13 -20 -6 -11 -3 3 2 -2)
1969-12-31 18:00:17.931848879,(7 2 1 5 0 -2 3 7)
1969-12-31 18:00:17.931848879,(-4 15 2 -3 -9 -6 -9 -11)
1969-12-31 18:00:17.933430710,(-15 -19 -1 7 14 0 -4 -12)
1969-12-31 18:00:17.933430710,(16 18 -6 -36 -18 -1 5 9)
1969-12-31 18:00:17.950039941,(-8 -24 2 14 -1 -5 -4 2)
1969-12-31 18:00:17.950039941,(24 41 12 31 21 8 5 8)
1969-12-31 18:00:17.950830857,(-15 -9 1 0 -7 -5 -5 -8)
1969-12-31 18:00:17.950830857,(-9 -18 -9 13 8 -5 -11 -5)
1969-12-31 18:00:17.967440088,(27 36 2 -14 -7 2 6 5)
1969-12-31 18:00:17.967440088,(-17 -24 -13 -12 -15 -18 -24 -21)
1969-12-31 18:00:17.969021920,(-18 -14 -5 -22 -7 2 2 -10)
1969-12-31 18:00:17.969021920,(-7 -3 -5 -9 -10 -11 -6 2)
1969-12-31 18:00:17.978512909,(-17 -15 -2 19 8 3 1 -7)
1969-12-31 18:00:17.978512909,(42 35 11 7 13 5 6 19)
1969-12-31 18:00:17.984049319,(2 4 -5 -6 -4 -2 -3 -3)
1969-12-31 18:00:17.984049319,(-7 -10 -2 -24 -16 -2 0 -4)
1969-12-31 18:00:17.997494887,(-9 -5 -12 -51 -11 -7 -4 -4)
1969-12-31 18:00:17.997494887,(-4 -4 10 55 10 6 5 0)
1969-12-31 18:00:17.998285803,(-9 -20 3 20 20 5 2 5)
1969-12-31 18:00:17.998285803,(-23 -13 6 16 4 -1 -4 -9)
1969-12-31 18:00:18.014895034,(37 39 15 9 10 14 18 25)
1969-12-31 18:00:18.014895034,(-24 -13 -16 -50 -26 -13 -15 -26)
1969-12-31 18:00:18.016476865,(29 12 -3 -11 -8 -1 7 17)
1969-12-31 18:00:18.016476865,(9 -3 -7 6 7 4 0 1)
1969-12-31 18:00:18.026758771,(-32 -23 -3 -4 -9 -13 -16 -13)
1969-12-31 18:00:18.026758771,(19 30 -2 -19 -1 4 3 5)
1969-12-31 18:00:18.031504265,(-13 -8 5 35 5 -1 -5 -13)
1969-12-31 18:00:18.031504265,(14 13 5 18 13 3 3 6)
1969-12-31 18:00:18.044949833,(-12 -31 -6 -11 -8 0 -1 0)
1969-12-31 18:00:18.044949833,(14 13 1 -17 -16 1 3 4)
1969-12-31 18:00:18.045740749,(2 3 -2 -23 9 1 0 1)
1969-12-31 18:00:18.045740749,(-6 -9 16 55 13 3 -1 -3)
1969-12-31 18:00:18.062349980,(13 24 7 40 13 -7 -2 16)
1969-12-31 18:00:18.062349980,(-27 -20 -2 -13 1 1 -11 -37)
1969-12-31 18:00:18.063931812,(7 8 -13 -34 -22 -4 3 9)
1969-12-31 18:00:18.063931812,(11 3 -8 -40 -10 0 4 6)
1969-12-31 18:00:18.074213717,(-7 -6 -8 -1 -7 -8 -10 -12)
1969-12-31 18:00:18.074213717,(-6 -1 5 12 6 2 3 4)
1969-12-31 18:00:18.079750127,(8 -9 3 2 2 6 15 24)
1969-12-31 18:00:18.079750127,(-4 -5 -6 -6 -3 -6 -9 -6)
1969-12-31 18:00:18.092404779,(5 6 -1 -8 -3 3 0 -3)
1969-12-31 18:00:18.092404779,(-4 -10 0 -7 -4 -6 0 2)
1969-12-31 18:00:18.093986611,(-6 -6 -2 15 4 -5 -8 -9)
1969-12-31 18:00:18.093986611,(16 19 8 -11 7 16 23 19)
1969-12-31 18:00:18.109804926,(16 9 6 16 3 1 -2 -1)
1969-12-31 18:00:18.109804926,(-23 -8 8 28 24 5 5 6)
1969-12-31 18:00:18.111386758,(7 -1 6 11 -4 -3 -8 -18)
1969-12-31 18:00:18.111386758,(17 6 3 1 -2 0 4 13)
1969-12-31 18:00:18.120877747,(-9 -4 -10 -19 -9 0 0 -7)
1969-12-31 18:00:18.120877747,(2 -11 -8 -16 -11 -7 -5 3)
1969-12-31 18:00:18.127995989,(0 4 0 -8 -2 2 3 7)
1969-12-31 18:00:18.127995989,(-7 -1 2 4 2 -2 -3 -7)
1969-12-31 18:00:18.139859725,(5 1 -7 -22 -12 -5 -2 -2)
1969-12-31 18:00:18.139859725,(-5 -21 14 60 21 3 2 7)
1969-12-31 18:00:18.140650641,(1 20 0 6 5 2 1 -2)
1969-12-31 18:00:18.140650641,(0 6 -5 -8 -13 -11 -13 -11)
1969-12-31 18:00:18.157259872,(-16 -24 7 3 11 8 7 0)
1969-12-31 18:00:18.157259872,(-4 -42 -18 -21 2 9 10 17)
1969-12-31 18:00:18.158841704,(1 44 0 -17 -15 -2 -9 -27)
1969-12-31 18:00:18.158841704,(-8 -9 -5 4 3 -8 -11 -8)
1969-12-31 18:00:18.168332693,(-7 2 5 8 1 0 0 -1)
1969-12-31 18:00:18.168332693,(16 12 0 -27 -26 -11 -6 0)
1969-12-31 18:00:18.175450935,(-8 -7 -5 5 17 3 1 3)
1969-12-31 18:00:18.175450935,(-9 -5 7 24 9 2 -3 -8)
1969-12-31 18:00:18.187314671,(6 -1 -1 -7 -6 -5 -3 0)
1969-12-31 18:00:18.187314671,(22 24 3 11 8 11 15 16)
1969-12-31 18:00:18.188105587,(-17 -25 -8 -23 -11 -6 -3 0)
1969-12-31 18:00:18.188105587,(-11 -3 -8 -11 -5 -4 -6 -12)
1969-12-31 18:00:18.204714818,(20 -1 5 20 15 8 9 16)
1969-12-31 18:00:18.204714818,(6 27 -1 -14 -8 -10 -16 -17)
1969-12-31 18:00:18.206296650,(-8 -1 -3 -7 -8 -7 -4 -6)
1969-12-31 18:00:18.206296650,(-4 -4 7 5 1 -1 0 -3)
1969-12-31 18:00:18.215787639,(13 9 1 1 -3 -1 2 13)
1969-12-31 18:00:18.215787639,(-5 -15 -9 -9 0 5 9 9)
1969-12-31 18:00:18.222905881,(10 2 0 7 4 8 8 7)
1969-12-31 18:00:18.222905881,(-3 -4 -3 -3 -3 -2 -5 -5)
1969-12-31 18:00:18.234769618,(0 16 5 3 1 -1 -2 -3)
1969-12-31 18:00:18.234769618,(-3 -4 7 8 5 5 9 9)
1969-12-31 18:00:18.236351449,(-24 -28 -11 -2 -9 -11 -13 -9)
1969-12-31 18:00:18.236351449,(11 14 3 -6 0 8 10 3)
1969-12-31 18:00:18.252169764,(-1 -1 -8 -5 3 -5 -6 -5)
1969-12-31 18:00:18.252169764,(10 3 3 9 13 7 3 4)
1969-12-31 18:00:18.253751596,(-11 -16 -1 -3 -5 -7 -7 -3)
1969-12-31 18:00:18.253751596,(3 25 -1 -5 -4 -1 -1 0)
1969-12-31 18:00:18.263242584,(-2 -12 -1 4 -4 -4 -1 6)
1969-12-31 18:00:18.263242584,(-33 -45 -2 -4 -5 -8 -16 -25)
1969-12-31 18:00:18.270360826,(5 35 -3 -2 -3 -3 -2 -4)
1969-12-31 18:00:18.270360826,(1 -11 -7 -5 -3 -2 -2 0)
1969-12-31 18:00:18.282224563,(-8 -8 -11 -5 3 6 8 -1)
1969-12-31 18:00:18.282224563,(0 3 2 3 -4 -4 -5 -3)
1969-12-31 18:00:18.283015479,(14 0 11 8 10 10 14 18)
1969-12-31 18:00:18.283015479,(-26 -65 -11 -6 -6 -5 -1 3)
1969-12-31 18:00:18.299624710,(22 44 6 -26 -14 3 -1 -10)
1969-12-31 18:00:18.299624710,(11 22 3 22 11 -9 -11 0)
1969-12-31 18:00:18.301206542,(5 -5 11 11 10 10 5 3)
1969-12-31 18:00:18.301206542,(-2 18 -1 3 -3 0 0 -4)
1969-12-31 18:00:18.323352183,(-4 -21 -4 -9 -5 -1 1 1)
1969-12-31 18:00:18.323352183,(7 19 0 -12 -9 -1 -1 1)
1969-12-31 18:00:18.324934015,(2 -6 -6 3 4 0 -1 0)
1969-12-31 18:00:18.324934015,(8 3 -1 -3 2 2 6 8)
1969-12-31 18:00:18.329679510,(-6 -19 -3 1 -3 -1 0 1)
1969-12-31 18:00:18.329679510,(-21 2 -6 -5 -5 0 0 -5)
1969-12-31 18:00:18.330470425,(38 23 19 14 12 15 14 13)
1969-12-31 18:00:18.330470425,(-5 -17 -4 -7 -5 -8 -9 -4)
1969-12-31 18:00:18.347079657,(-7 8 -13 -16 -7 -7 -10 -12)
1969-12-31 18:00:18.347079657,(9 -24 -2 12 11 12 12 21)
1969-12-31 18:00:18.348661488,(-9 -5 -7 -6 -12 -18 -18 -15)
1969-12-31 18:00:18.348661488,(17 16 5 -3 6 11 11 11)
1969-12-31 18:00:18.358152477,(-34 -37 -5 3 -1 -5 -8 -20)
1969-12-31 18:00:18.358152477,(15 20 -4 4 -15 -5 -2 1)
1969-12-31 18:00:18.365270719,(-15 -17 0 9 4 -3 -4 -6)
1969-12-31 18:00:18.365270719,(-1 18 -1 -13 -4 0 -4 2)
1969-12-31 18:00:18.377134456,(-23 -25 -5 11 14 -9 -16 -17)
1969-12-31 18:00:18.377134456,(10 18 10 2 6 19 17 1)
1969-12-31 18:00:18.377925371,(-18 -12 -6 -5 -11 -9 -8 -9)
1969-12-31 18:00:18.377925371,(4 4 -1 10 4 -1 -1 6)
1969-12-31 18:00:18.394534603,(-29 -33 -4 -6 0 -1 -6 -14)
1969-12-31 18:00:18.394534603,(31 41 1 -12 -5 -5 3 7)
1969-12-31 18:00:18.396116434,(-21 -33 -7 -9 -12 -15 -22 -14)
1969-12-31 18:00:18.396116434,(8 10 1 -6 -4 2 9 5)
1969-12-31 18:00:18.405607423,(18 23 6 9 1 2 4 11)
1969-12-31 18:00:18.405607423,(-14 -13 -5 4 6 0 -4 -8)
1969-12-31 18:00:18.412725665,(-20 -45 -9 -14 -7 5 9 9)
1969-12-31 18:00:18.412725665,(26 56 9 -8 -2 0 -2 -5)
1969-12-31 18:00:18.423798486,(5 11 8 18 4 2 1 0)
1969-12-31 18:00:18.423798486,(-4 -2 -3 5 -7 -10 -8 -7)
1969-12-31 18:00:18.429334896,(2 -2 8 19 17 13 15 12)
1969-12-31 18:00:18.429334896,(-16 -20 4 9 1 -7 -10 -9)
1969-12-31 18:00:18.442780464,(14 18 3 -3 -2 3 8 11)
1969-12-31 18:00:18.442780464,(-3 -7 -3 -15 1 5 7 4)
1969-12-31 18:00:18.443571380,(0 -15 -13 -12 -7 -9 -14 -4)
1969-12-31 18:00:18.443571380,(28 6 -6 -3 -6 -6 -4 2)
1969-12-31 18:00:18.453062369,(-44 1 5 8 2 1 -9 -36)
1969-12-31 18:00:18.453062369,(10 -3 -8 -14 -14 -28 -36 -15)
1969-12-31 18:00:18.460180611,(-4 17 1 1 2 6 11 3)
1969-12-31 18:00:18.460180611,(-6 -26 -8 -7 -1 2 1 7)
1969-12-31 18:00:18.471253432,(13 4 -3 -15 -20 -4 -3 2)
1969-12-31 18:00:18.471253432,(6 4 -3 8 15 13 18 16)
1969-12-31 18:00:18.476789842,(9 15 8 19 1 0 -2 0)
1969-12-31 18:00:18.476789842,(-36 -32 -5 -17 -2 -6 -12 -23)
1969-12-31 18:00:18.489444495,(45 37 9 23 21 19 25 37)
1969-12-31 18:00:18.489444495,(-27 -21 6 9 2 1 -2 -10)
1969-12-31 18:00:18.491026326,(32 28 -5 -19 3 5 10 9)
1969-12-31 18:00:18.491026326,(-1 0 -1 0 -13 -10 -5 3)
1969-12-31 18:00:18.500517315,(16 27 -5 -7 -8 -4 0 0)
1969-12-31 18:00:18.500517315,(-6 -11 -1 -9 -3 -4 -3 5)
1969-12-31 18:00:18.507635557,(-15 -32 -8 -7 0 4 6 0)
1969-12-31 18:00:18.507635557,(7 18 4 3 1 4 5 2)
1969-12-31 18:00:18.518708378,(-9 -21 -7 4 -3 -8 -9 1)
1969-12-31 18:00:18.518708378,(-14 -1 3 1 -3 -3 -5 -13)
1969-12-31 18:00:18.524244788,(-1 6 2 -2 -1 4 6 7)
1969-12-31 18:00:18.524244788,(-6 -20 -7 4 2 1 3 3)
1969-12-31 18:00:18.537690356,(-20 -14 -1 1 -1 -2 -5 -13)
1969-12-31 18:00:18.537690356,(39 49 8 -8 -2 9 12 15)
1969-12-31 18:00:18.538481272,(2 2 4 12 3 1 0 -4)
1969-12-31 18:00:18.538481272,(-7 -15 -1 8 13 0 -3 0)
1969-12-31 18:00:18.547972261,(8 13 3 20 1 -7 -6 0)
1969-12-31 18:00:18.547972261,(-15 -18 -4 -6 5 9 9 -4)
1969-12-31 18:00:18.567745156,(10 8 -9 -15 -16 -11 -9 -2)
1969-12-31 18:00:18.567745156,(10 24 3 1 -4 -4 -11 -8)
1969-12-31 18:00:18.568536071,(-43 -45 -1 -3 0 -5 -10 -14)
1969-12-31 18:00:18.568536071,(-1 -22 -5 -3 -4 0 5 11)
1969-12-31 18:00:18.571699734,(-3 16 -11 -10 -6 -6 -12 -23)
1969-12-31 18:00:18.571699734,(-11 -18 -1 0 -4 -4 -7 -11)
1969-12-31 18:00:18.584354387,(18 2 2 -2 4 3 6 10)
1969-12-31 18:00:18.584354387,(13 22 -3 2 -5 -9 -12 -11)
1969-12-31 18:00:18.585936218,(-17 -23 -5 -4 -4 -7 -3 -4)
1969-12-31 18:00:18.585936218,(19 23 4 -18 -5 10 18 18)
1969-12-31 18:00:18.602545449,(3 -3 2 6 -3 -4 -6 -1)
1969-12-31 18:00:18.602545449,(6 -4 3 5 5 9 10 10)
1969-12-31 18:00:18.604127281,(-1 0 1 -1 4 -4 -3 -3)
1969-12-31 18:00:18.604127281,(-13 0 -4 9 -4 -5 -6 -10)
1969-12-31 18:00:18.613618270,(19 10 -3 1 5 8 14 18)
1969-12-31 18:00:18.613618270,(-11 -20 6 27 14 3 3 -3)
1969-12-31 18:00:18.625482007,(6 21 21 14 22 21 20 17)
1969-12-31 18:00:18.625482007,(-34 -27 -12 -15 -19 -15 -17 -20)
1969-12-31 18:00:18.631809333,(36 29 -1 -18 -2 7 12 15)
1969-12-31 18:00:18.631809333,(2 8 3 -13 -15 -11 -10 -4)
1969-12-31 18:00:18.633391164,(-13 -17 -12 -7 -10 -9 -9 -4)
1969-12-31 18:00:18.633391164,(15 13 7 5 8 10 17 22)
1969-12-31 18:00:18.650000395,(2 12 -1 2 6 1 -1 -6)
1969-12-31 18:00:18.650000395,(-5 -12 -11 -10 -2 -1 -4 -1)
1969-12-31 18:00:18.650791311,(-10 -5 -1 -2 -8 -6 -9 -9)
1969-12-31 18:00:18.650791311,(-2 1 6 7 9 10 10 6)
1969-12-31 18:00:18.661073216,(-9 -9 -1 2 1 -3 -7 -5)
1969-12-31 18:00:18.661073216,(-7 0 -4 -3 -4 -4 -4 -3)
1969-12-31 18:00:18.666609627,(-2 -2 -3 -7 -6 -6 -5 -2)
1969-12-31 18:00:18.666609627,(-3 -2 -1 13 6 3 1 -9)
1969-12-31 18:00:18.679264279,(3 1 8 -1 2 4 4 11)
1969-12-31 18:00:18.679264279,(-11 0 0 -4 1 0 2 -7)
1969-12-31 18:00:18.680846110,(25 13 14 21 10 13 18 21)
1969-12-31 18:00:18.680846110,(2 -11 -9 5 13 4 -1 -1)
1969-12-31 18:00:18.697455342,(-2 7 -1 -4 -8 -4 -6 -8)
1969-12-31 18:00:18.697455342,(-10 -10 -4 -6 -9 -10 -10 -2)
1969-12-31 18:00:18.698246257,(-42 -22 -8 -10 -13 -10 -15 -35)
1969-12-31 18:00:18.698246257,(42 25 4 -7 0 7 18 29)
1969-12-31 18:00:18.708528162,(-13 -22 -14 -25 -17 -6 -8 -7)
1969-12-31 18:00:18.708528162,(9 6 1 -3 -7 -3 -1 3)
1969-12-31 18:00:18.714064573,(5 0 4 42 24 7 4 7)
1969-12-31 18:00:18.714064573,(-26 -15 9 27 13 -4 -12 -16)
1969-12-31 18:00:18.726719225,(4 5 1 5 4 4 3 -2)
1969-12-31 18:00:18.726719225,(-6 -7 -9 -23 -9 -5 1 8)
1969-12-31 18:00:18.728301056,(19 18 6 -13 -8 -9 -16 -15)
1969-12-31 18:00:18.728301056,(-40 -52 -6 4 -3 -5 -10 -15)
1969-12-31 18:00:18.744910288,(35 57 6 1 4 10 18 26)
1969-12-31 18:00:18.744910288,(12 16 3 -4 -4 -1 -3 -6)
1969-12-31 18:00:18.745701203,(-12 -24 -7 -12 -9 -11 -9 -6)
1969-12-31 18:00:18.745701203,(-11 1 2 -3 1 5 7 4)
1969-12-31 18:00:18.755983108,(6 -9 -3 3 5 0 -2 -2)
1969-12-31 18:00:18.755983108,(-12 -11 -10 -6 -3 -5 -17 -19)
1969-12-31 18:00:18.761519519,(9 12 -5 -29 -12 2 7 11)
1969-12-31 18:00:18.761519519,(3 7 0 8 2 -7 -7 -5)
1969-12-31 18:00:18.774965087,(-19 -16 0 18 2 -5 -1 -1)
1969-12-31 18:00:18.774965087,(3 10 9 18 21 15 9 6)
1969-12-31 18:00:18.775756002,(-17 -18 -8 -7 -7 -11 -23 -21)
1969-12-31 18:00:18.775756002,(-17 -23 -10 -31 -15 -3 2 -1)
1969-12-31 18:00:18.792365234,(19 35 7 0 -3 -7 -12 -12)
1969-12-31 18:00:18.792365234,(-8 -14 5 26 7 -4 -6 -5)
1969-12-31 18:00:18.793947065,(-4 14 2 -6 0 9 13 7)
1969-12-31 18:00:18.793947065,(3 -8 -7 -4 1 5 0 1)
1969-12-31 18:00:18.809765380,(-17 -16 -4 -2 2 2 2 -1)
1969-12-31 18:00:18.809765380,(-7 -23 -10 -12 -6 -9 -16 -18)
1969-12-31 18:00:18.811347212,(-1 5 -3 0 -6 -3 -2 0)
1969-12-31 18:00:18.811347212,(28 27 5 3 0 5 7 12)
1969-12-31 18:00:18.821629117,(-32 -38 -4 -8 -5 -5 -8 -13)
1969-12-31 18:00:18.821629117,(12 26 0 -11 -6 5 10 10)
1969-12-31 18:00:18.823210949,(21 15 -2 -5 -2 0 5 17)
1969-12-31 18:00:18.823210949,(-3 5 8 26 9 -3 -7 -11)
1969-12-31 18:00:18.839029264,(-9 -13 6 21 16 4 1 -1)
1969-12-31 18:00:18.839029264,(-12 -19 -7 -7 0 3 9 5)
1969-12-31 18:00:18.846147506,(56 48 10 -2 0 4 8 22)
1969-12-31 18:00:18.846147506,(-1 27 3 -9 -6 0 1 -7)
1969-12-31 18:00:18.850893000,(-29 -43 -6 -6 -11 -2 1 -10)
1969-12-31 18:00:18.850893000,(-28 -62 -9 4 7 5 6 4)
1969-12-31 18:00:18.856429411,(53 77 2 -3 5 10 20 29)
1969-12-31 18:00:18.856429411,(4 2 -5 -22 -17 -10 -12 -6)
1969-12-31 18:00:18.869084063,(1 5 0 -9 -11 -9 -6 -4)
1969-12-31 18:00:18.869084063,(-12 -5 4 17 8 -2 -1 -6)
1969-12-31 18:00:18.870665895,(-13 -34 2 16 19 11 12 7)
1969-12-31 18:00:18.870665895,(19 10 2 10 5 4 6 13)
1969-12-31 18:00:18.887275125,(-4 -1 -8 -29 -6 0 -2 -6)
1969-12-31 18:00:18.887275125,(7 17 3 -1 -13 -6 -3 1)
1969-12-31 18:00:18.888066041,(-9 -13 4 11 6 1 0 0)
1969-12-31 18:00:18.888066041,(-28 -17 -3 0 -3 -4 -2 -11)
1969-12-31 18:00:18.898347946,(45 25 2 0 6 4 7 25)
1969-12-31 18:00:18.898347946,(-19 23 1 -5 -5 -6 -13 -27)
1969-12-31 18:00:18.903884357,(-23 -30 -6 1 1 -4 -11 -17)
1969-12-31 18:00:18.903884357,(-5 -15 -6 -3 0 1 -3 -1)
1969-12-31 18:00:18.916539009,(-5 -21 -1 1 -4 1 6 7)
1969-12-31 18:00:18.916539009,(15 33 1 -2 -1 -1 -2 4)
1969-12-31 18:00:18.918120841,(5 14 12 3 4 12 14 6)
1969-12-31 18:00:18.918120841,(10 3 -3 0 5 2 -4 -2)
1969-12-31 18:00:18.934730072,(-15 -8 -7 -5 -10 -10 -11 -13)
1969-12-31 18:00:18.934730072,(8 0 3 -9 -10 -1 4 8)
1969-12-31 18:00:18.935520988,(-28 -30 -9 4 10 -5 -10 -10)
1969-12-31 18:00:18.935520988,(21 19 9 8 10 11 9 12)
1969-12-31 18:00:18.945011977,(12 12 9 2 -6 5 8 10)
1969-12-31 18:00:18.945011977,(5 -12 0 17 19 0 0 3)
1969-12-31 18:00:18.956875713,(-21 3 -7 -8 -12 -9 -7 -16)
1969-12-31 18:00:18.956875713,(20 6 9 4 7 4 11 19)
1969-12-31 18:00:18.963993955,(-23 0 -8 -8 -7 -17 -32 -32)
1969-12-31 18:00:18.963993955,(13 -3 -4 -19 -11 4 15 17)
1969-12-31 18:00:18.965575787,(-3 -21 -15 -6 -10 -11 -15 -6)
1969-12-31 18:00:18.965575787,(-8 -6 2 2 6 10 18 8)
1969-12-31 18:00:18.982185018,(-4 2 4 5 2 1 -9 -12)
1969-12-31 18:00:18.982185018,(-6 -7 -3 -3 -5 -5 -6 -6)
1969-12-31 18:00:18.982975934,(16 8 7 4 5 7 12 15)
1969-12-31 18:00:18.982975934,(-4 -11 -7 -9 -9 -7 -9 -6)
1969-12-31 18:00:18.992466923,(9 6 -4 -3 2 2 6 6)
1969-12-31 18:00:18.992466923,(-7 -2 4 10 5 2 -3 -7)
1969-12-31 18:00:19.000376080,(3 -4 -4 -22 -9 1 4 8)
1969-12-31 18:00:19.000376080,(5 8 3 17 5 2 0 -1)
1969-12-31 18:00:19.011448901,(-5 2 6 29 13 0 -4 -6)
1969-12-31 18:00:19.011448901,(22 15 3 4 8 5 9 19)
1969-12-31 18:00:19.013030733,(12 26 9 4 3 9 13 4)
1969-12-31 18:00:19.013030733,(-12 -4 -8 -18 -15 -15 -23 -24)
1969-12-31 18:00:19.029639964,(-4 -10 1 -8 5 5 9 11)
1969-12-31 18:00:19.029639964,(9 6 -2 1 -6 -3 -2 1)
1969-12-31 18:00:19.030430880,(12 4 2 0 -3 -2 3 10)
1969-12-31 18:00:19.030430880,(-5 -3 -3 -4 -1 -4 -8 -8)
1969-12-31 18:00:19.040712785,(-2 -7 -3 4 4 0 0 1)
1969-12-31 18:00:19.040712785,(-34 -38 -5 -4 0 3 2 -5)
1969-12-31 18:00:19.047831026,(36 32 -1 -1 1 1 0 8)
1969-12-31 18:00:19.047831026,(-4 -4 -2 0 0 -3 -4 -2)
1969-12-31 18:00:19.058903847,(-2 -1 -3 -8 -10 -3 -1 -5)
1969-12-31 18:00:19.058903847,(-8 -10 -9 -28 -23 -9 -5 -5)
1969-12-31 18:00:19.060485679,(-7 -11 -5 12 7 3 4 7)
1969-12-31 18:00:19.060485679,(-6 5 7 0 8 -1 -12 -19)
1969-12-31 18:00:19.076303994,(6 1 1 17 9 4 1 5)
1969-12-31 18:00:19.076303994,(-15 -1 2 8 2 -4 -9 -13)
1969-12-31 18:00:19.083422236,(-6 -14 -8 -13 -15 -8 3 7)
1969-12-31 18:00:19.083422236,(20 15 -6 -9 -5 -1 -2 9)
1969-12-31 18:00:19.087376815,(-9 -17 -1 -7 -6 -3 0 -7)
1969-12-31 18:00:19.087376815,(20 23 -2 -1 0 -1 -3 3)
1969-12-31 18:00:19.094495057,(-25 -24 -5 -4 -2 -3 -7 -14)
1969-12-31 18:00:19.094495057,(3 -1 -1 0 -5 -1 10 13)
1969-12-31 18:00:19.106358793,(25 23 7 -7 1 9 12 15)
1969-12-31 18:00:19.106358793,(-5 -6 -4 -4 -1 1 -3 -7)
1969-12-31 18:00:19.111104288,(-11 -10 2 3 3 -3 -6 -8)
1969-12-31 18:00:19.111104288,(1 10 7 25 8 2 4 3)
1969-12-31 18:00:19.124549856,(-1 -3 4 6 1 0 3 6)
1969-12-31 18:00:19.124549856,(5 14 7 7 15 14 12 0)
1969-12-31 18:00:19.126131687,(-14 -13 -5 -7 -5 -3 -9 -8)
1969-12-31 18:00:19.126131687,(-5 -15 0 -11 -10 -6 -1 1)
1969-12-31 18:00:19.135622677,(-21 -13 -17 -13 -12 -11 -9 -11)
1969-12-31 18:00:19.135622677,(26 43 16 14 20 22 24 13)
1969-12-31 18:00:19.142740919,(-6 -23 -7 4 -3 -3 -8 -1)
1969-12-31 18:00:19.142740919,(-8 -17 -11 -3 -2 -1 -4 -12)
1969-12-31 18:00:19.154604655,(-11 -19 -7 -6 -6 -7 -11 -11)
1969-12-31 18:00:19.154604655,(-9 -9 0 -2 -6 -5 -6 -3)
1969-12-31 18:00:19.155395571,(7 8 5 7 7 3 0 0)
1969-12-31 18:00:19.155395571,(3 5 2 -16 -5 5 10 9)
1969-12-31 18:00:19.172004802,(-5 -1 -1 -4 -12 -1 0 1)
1969-12-31 18:00:19.172004802,(-2 -7 -1 9 7 -11 -11 -7)
1969-12-31 18:00:19.172795718,(14 15 3 -3 1 7 8 6)
1969-12-31 18:00:19.172795718,(4 8 13 34 16 4 1 6)
1969-12-31 18:00:19.182286707,(18 15 5 5 18 9 6 7)
1969-12-31 18:00:19.182286707,(-15 -18 -6 -5 -10 -6 -7 -9)
1969-12-31 18:00:19.190195865,(-10 -5 -1 -8 -8 -10 -8 -12)
1969-12-31 18:00:19.190195865,(0 1 -14 -33 -22 -13 -5 5)
1969-12-31 18:00:19.201268685,(-36 -6 10 9 6 10 6 -19)
1969-12-31 18:00:19.201268685,(36 25 4 3 4 2 5 26)
1969-12-31 18:00:19.201268685,(-3 -1 -11 -12 -8 -9 -16 -17)
1969-12-31 18:00:19.201268685,(-9 -13 -7 -24 -16 -5 -7 -7)
1969-12-31 18:00:19.224996158,(-1 -2 -1 17 5 -1 -2 1)
1969-12-31 18:00:19.224996158,(-17 -12 0 9 6 1 0 -3)
1969-12-31 18:00:19.225787074,(-6 -1 10 8 5 3 2 0)
1969-12-31 18:00:19.225787074,(13 18 5 6 9 9 10 9)
1969-12-31 18:00:19.236859895,(-6 -12 -10 -19 -10 -7 -7 -2)
1969-12-31 18:00:19.236859895,(-18 -11 -4 -8 -15 -11 -14 -18)
1969-12-31 18:00:19.236859895,(36 21 6 13 9 15 19 26)
1969-12-31 18:00:19.236859895,(-4 -6 -2 9 6 0 -3 -4)
1969-12-31 18:00:19.248723631,(11 19 10 5 8 10 6 7)
1969-12-31 18:00:19.248723631,(-8 -14 -5 -3 -3 -6 -13 -14)
1969-12-31 18:00:19.249514547,(-9 -11 0 -7 -8 -6 2 4)
1969-12-31 18:00:19.249514547,(-17 8 -3 -3 -4 -1 2 -1)
1969-12-31 18:00:19.266123778,(5 -3 -5 6 6 5 2 -5)
1969-12-31 18:00:19.266123778,(15 7 -2 -8 -3 -6 -4 1)
1969-12-31 18:00:19.266914694,(-23 -18 1 3 0 0 -6 -11)
1969-12-31 18:00:19.266914694,(3 -5 -5 -9 -2 0 1 2)
1969-12-31 18:00:19.284314841,(9 5 0 0 -3 -6 0 10)
1969-12-31 18:00:19.284314841,(1 4 4 9 7 5 6 6)
1969-12-31 18:00:19.285105756,(-9 -9 -1 0 -3 -7 -7 -9)
1969-12-31 18:00:19.285105756,(11 12 2 -5 -4 1 3 3)
1969-12-31 18:00:19.296178577,(0 0 -4 -7 -4 -6 -5 -4)
1969-12-31 18:00:19.296178577,(-3 -8 -3 8 12 2 2 1)
1969-12-31 18:00:19.296178577,(3 5 5 9 3 1 -2 2)
1969-12-31 18:00:19.296178577,(-15 -11 4 3 0 -6 -8 -11)
1969-12-31 18:00:19.313578724,(28 -4 -5 -6 -3 5 18 39)
1969-12-31 18:00:19.313578724,(-8 14 -3 -8 -6 -4 -15 -29)
1969-12-31 18:00:19.314369640,(-13 -9 0 0 2 -4 -6 -8)
1969-12-31 18:00:19.314369640,(-8 -3 -2 1 -5 -4 -7 -8)
1969-12-31 18:00:19.330978871,(-35 -29 -9 -6 -4 -1 5 -3)
1969-12-31 18:00:19.330978871,(32 15 3 -1 -1 -2 -3 12)
1969-12-31 18:00:19.331769787,(-8 -5 -7 -5 -3 -3 -3 -7)
1969-12-31 18:00:19.331769787,(28 13 4 2 10 10 11 17)
1969-12-31 18:00:19.342842608,(-12 -4 1 2 0 -2 -5 -9)
1969-12-31 18:00:19.342842608,(-8 -5 0 -2 -5 0 9 5)
1969-12-31 18:00:19.343633524,(-1 5 -2 -12 -5 -1 -4 -5)
1969-12-31 18:00:19.343633524,(-24 -20 -2 10 -2 -10 -11 -12)
1969-12-31 18:00:19.361033670,(24 23 5 3 10 9 8 11)
1969-12-31 18:00:19.361033670,(4 2 6 15 8 8 8 7)
1969-12-31 18:00:19.361824586,(3 0 -1 4 5 -1 -1 -1)
1969-12-31 18:00:19.361824586,(0 1 -3 -5 -5 -4 -3 0)
1969-12-31 18:00:19.379224733,(12 11 3 -6 -5 -4 -8 -1)
1969-12-31 18:00:19.379224733,(-26 -25 -1 -3 -2 2 2 -9)
1969-12-31 18:00:19.380015649,(-10 14 2 2 0 1 -1 -12)
1969-12-31 18:00:19.380015649,(43 26 7 2 0 4 10 30)
1969-12-31 18:00:19.391088470,(-5 11 -1 -4 -5 -13 -17 -20)
1969-12-31 18:00:19.391088470,(20 -7 -4 -10 0 8 16 24)
1969-12-31 18:00:19.391088470,(3 -6 -4 4 3 4 5 10)
1969-12-31 18:00:19.391088470,(-17 -2 4 3 3 2 -2 -14)
1969-12-31 18:00:19.408488616,(-11 -11 -2 -1 -4 -8 -10 -10)
1969-12-31 18:00:19.408488616,(4 1 -4 -3 -2 -1 2 6)
1969-12-31 18:00:19.409279532,(11 7 2 -1 1 9 7 8)
1969-12-31 18:00:19.409279532,(5 3 -1 3 5 1 1 0)
1969-12-31 18:00:19.426679679,(-5 -5 -1 -2 -6 -3 -3 -2)
1969-12-31 18:00:19.426679679,(-10 5 -1 -3 -9 -6 -6 -8)
1969-12-31 18:00:19.427470595,(3 1 -2 3 4 -4 0 2)
1969-12-31 18:00:19.427470595,(1 -5 -1 0 5 3 2 2)
1969-12-31 18:00:19.438543416,(-20 -34 4 28 2 -2 -7 -7)
1969-12-31 18:00:19.438543416,(28 57 9 -9 2 9 18 24)
1969-12-31 18:00:19.439334331,(26 9 -3 -6 -4 -3 -12 -5)
1969-12-31 18:00:19.439334331,(-7 -3 -5 -5 -4 -3 1 -2)
1969-12-31 18:00:19.455943563,(-19 -7 -9 -11 -5 -8 -9 -14)
1969-12-31 18:00:19.455943563,(21 2 6 1 -1 -3 -1 10)
1969-12-31 18:00:19.456734478,(-11 -9 -2 -3 -3 0 4 1)
1969-12-31 18:00:19.456734478,(0 5 1 -3 -2 3 2 -3)
1969-12-31 18:00:19.474134625,(4 4 -3 -1 -2 -2 -4 -5)
1969-12-31 18:00:19.474134625,(-17 -15 -1 7 4 -2 -4 -8)
1969-12-31 18:00:19.474925541,(1 6 4 6 4 2 4 5)
1969-12-31 18:00:19.474925541,(0 -4 0 1 0 -1 -3 -2)
1969-12-31 18:00:19.485998362,(8 9 1 -7 -3 0 3 4)
1969-12-31 18:00:19.485998362,(-17 -15 -13 -23 -24 -9 -11 -16)
1969-12-31 18:00:19.485998362,(-3 -3 -1 -14 -3 -5 -1 -2)
1969-12-31 18:00:19.485998362,(-4 -5 7 43 21 7 -1 0)
1969-12-31 18:00:19.503398509,(1 -11 7 28 24 5 3 6)
1969-12-31 18:00:19.503398509,(17 41 6 5 8 11 14 13)
1969-12-31 18:00:19.504189424,(-14 -12 -15 -21 -24 -20 -22 -17)
1969-12-31 18:00:19.504189424,(-19 -14 -4 -20 -13 0 -2 -14)
1969-12-31 18:00:19.522380487,(-12 -21 -7 -11 -8 -5 -5 -1)
1969-12-31 18:00:19.522380487,(26 24 1 4 2 -1 -2 8)
1969-12-31 18:00:19.522380487,(-9 -11 -3 -3 -4 -3 -6 -6)
1969-12-31 18:00:19.522380487,(7 10 -5 -22 -7 -4 2 3)
1969-12-31 18:00:19.533453308,(5 2 -1 7 4 2 2 1)
1969-12-31 18:00:19.533453308,(-26 -28 0 -3 1 -4 -5 -10)
1969-12-31 18:00:19.534244223,(19 20 15 37 24 15 18 18)
1969-12-31 18:00:19.534244223,(0 0 1 10 2 0 -3 -3)
1969-12-31 18:00:19.550853455,(0 9 0 -17 -7 1 -1 -4)
1969-12-31 18:00:19.550853455,(-19 -23 -9 -14 -8 -8 -8 -10)
1969-12-31 18:00:19.551644370,(1 8 5 7 -2 0 1 0)
1969-12-31 18:00:19.551644370,(1 -29 -3 1 2 -2 2 10)
1969-12-31 18:00:19.569835433,(25 47 0 -6 2 3 5 3)
1969-12-31 18:00:19.569835433,(-28 -25 -5 5 2 -7 -18 -28)
1969-12-31 18:00:19.569835433,(-11 -9 -1 -18 -11 -4 -3 -11)
1969-12-31 18:00:19.569835433,(-1 -4 -5 -2 -10 -8 -3 2)
1969-12-31 18:00:19.580908254,(-1 -4 2 6 5 3 7 9)
1969-12-31 18:00:19.580908254,(13 -19 5 7 9 6 4 7)
1969-12-31 18:00:19.580908254,(16 32 -5 -4 -2 -4 -4 2)
1969-12-31 18:00:19.580908254,(-3 3 -2 -9 -2 1 1 -9)
1969-12-31 18:00:19.598308401,(6 6 -1 -11 -8 -3 1 0)
1969-12-31 18:00:19.598308401,(-12 -13 -3 5 -2 2 4 1)
1969-12-31 18:00:19.599099316,(-14 -21 1 4 2 1 2 0)
1969-12-31 18:00:19.599099316,(8 14 0 -1 5 2 2 5)
1969-12-31 18:00:19.616499463,(4 7 9 19 9 2 0 0)
1969-12-31 18:00:19.616499463,(-4 -3 -1 1 -3 -3 -5 -3)
1969-12-31 18:00:19.617290379,(3 -6 -4 -4 -2 1 3 6)
1969-12-31 18:00:19.617290379,(6 16 -2 -5 -5 0 0 2)
1969-12-31 18:00:19.628363200,(-15 -14 -2 -4 -1 6 7 -3)
1969-12-31 18:00:19.628363200,(-4 -2 -4 -6 -2 1 2 0)
1969-12-31 18:00:19.629154116,(-2 -3 -1 -2 1 -2 -2 -3)
1969-12-31 18:00:19.629154116,(10 12 6 7 7 5 5 6)
1969-12-31 18:00:19.645763347,(-10 -15 -6 -4 -2 -2 -5 -2)
1969-12-31 18:00:19.645763347,(46 58 12 3 6 6 15 22)
1969-12-31 18:00:19.646554262,(-18 -13 -5 -1 -6 -8 -10 -18)
1969-12-31 18:00:19.646554262,(16 10 5 2 5 10 13 17)
1969-12-31 18:00:19.663954409,(7 -8 -12 -7 -1 3 1 4)
1969-12-31 18:00:19.663954409,(-16 -19 -4 -1 -8 -7 -6 -7)
1969-12-31 18:00:19.664745325,(-4 3 7 11 3 -1 -3 -1)
1969-12-31 18:00:19.664745325,(12 8 7 14 17 8 8 9)
1969-12-31 18:00:19.675818146,(4 3 0 -3 -1 -1 1 4)
1969-12-31 18:00:19.675818146,(-17 -14 -6 -8 -3 -6 -9 -16)
1969-12-31 18:00:19.676609062,(2 -4 -2 -12 -13 -3 3 2)
1969-12-31 18:00:19.676609062,(-16 -11 -4 8 3 -8 -10 -10)
1969-12-31 18:00:19.693218293,(13 11 5 5 4 2 2 6)
1969-12-31 18:00:19.693218293,(-6 -12 0 6 6 0 -4 -6)
1969-12-31 18:00:19.694009209,(3 3 -3 -3 -2 2 3 3)
1969-12-31 18:00:19.694009209,(-17 0 -3 -7 -8 -4 -7 -13)
1969-12-31 18:00:19.711409355,(29 28 6 -3 -4 0 1 10)
1969-12-31 18:00:19.712200271,(-5 -10 -2 -3 -10 -6 -5 -3)
1969-12-31 18:00:19.712200271,(7 -1 -4 -3 2 3 5 12)
1969-12-31 18:00:19.712200271,(1 -5 8 7 4 6 5 4)
1969-12-31 18:00:19.729600418,(2 2 -3 -4 1 4 3 3)
1969-12-31 18:00:19.729600418,(-7 -9 -6 3 0 -1 -1 0)
1969-12-31 18:00:19.730391334,(-8 -7 1 -1 1 0 -7 -6)
1969-12-31 18:00:19.730391334,(13 6 -1 -2 0 2 4 8)
1969-12-31 18:00:19.740673239,(-10 -24 7 0 -7 -8 -2 5)
1969-12-31 18:00:19.740673239,(7 30 -8 -3 0 -2 -7 -14)
1969-12-31 18:00:19.741464155,(-17 -18 -8 -3 -2 -7 -10 -16)
1969-12-31 18:00:19.741464155,(-7 -10 -2 -10 -16 -8 -5 -4)
1969-12-31 18:00:19.758864301,(-1 5 -2 -1 4 -2 -1 -3)
1969-12-31 18:00:19.758864301,(-5 -13 1 4 3 4 5 6)
1969-12-31 18:00:19.759655217,(10 8 5 9 10 6 3 2)
1969-12-31 18:00:19.759655217,(-10 -7 -6 -5 -9 -9 -11 -15)
1969-12-31 18:00:19.770728038,(-6 -5 0 -5 -5 1 -1 -5)
1969-12-31 18:00:19.770728038,(-4 -6 1 -2 -3 -2 -2 3)
1969-12-31 18:00:19.770728038,(-1 6 1 5 -1 -2 -1 -1)
1969-12-31 18:00:19.770728038,(-7 -15 -7 -4 -4 -4 -2 -5)
1969-12-31 18:00:19.788128185,(-4 -1 -3 -2 -1 -1 -3 -5)
1969-12-31 18:00:19.788128185,(4 2 -6 -21 -19 -8 -4 -3)
1969-12-31 18:00:19.788919101,(-7 -9 4 16 1 -2 -1 0)
1969-12-31 18:00:19.788919101,(-13 -7 3 20 23 6 -3 -4)
1969-12-31 18:00:19.806319248,(9 12 4 11 16 9 7 7)
1969-12-31 18:00:19.806319248,(8 6 3 -4 1 6 3 4)
1969-12-31 18:00:19.807110163,(1 0 -3 -21 -8 0 3 1)
1969-12-31 18:00:19.807110163,(-2 -1 -4 -7 -17 -10 -6 -3)
1969-12-31 18:00:19.818182984,(-7 -3 -4 -4 -8 -6 -6 -8)
1969-12-31 18:00:19.818182984,(-11 -17 2 7 10 2 1 1)
1969-12-31 18:00:19.818182984,(17 23 0 -2 -2 -2 2 11)
1969-12-31 18:00:19.818182984,(-12 3 3 4 1 -3 -13 -17)
1969-12-31 18:00:19.835583131,(1 -7 -7 -14 -8 -1 0 -4)
1969-12-31 18:00:19.835583131,(3 3 2 6 2 -1 3 3)
1969-12-31 18:00:19.836374047,(7 -2 2 1 2 2 3 6)
1969-12-31 18:00:19.836374047,(3 0 -3 -7 -2 2 4 7)
1969-12-31 18:00:19.853774194,(-3 2 -1 -1 -4 -4 -3 -4)
1969-12-31 18:00:19.853774194,(-7 -9 1 9 2 -4 -6 -5)
1969-12-31 18:00:19.854565109,(-4 -7 -2 1 8 7 6 -1)
1969-12-31 18:00:19.854565109,(7 6 2 -6 -4 -1 0 3)
1969-12-31 18:00:19.864847014,(6 8 5 0 -3 -2 2 4)
1969-12-31 18:00:19.864847014,(4 4 1 -2 0 -1 2 1)
1969-12-31 18:00:19.871174340,(-3 -7 -3 -4 -1 0 -1 -2)
1969-12-31 18:00:19.871174340,(-3 -3 -3 -1 -13 -6 -3 -2)
1969-12-31 18:00:19.883038077,(-9 -9 -1 7 10 1 -4 -6)
1969-12-31 18:00:19.883038077,(11 12 7 4 8 10 6 8)
1969-12-31 18:00:19.883828993,(-7 -8 -1 1 5 0 -1 -4)
1969-12-31 18:00:19.883828993,(12 11 7 0 3 10 13 12)
1969-12-31 18:00:19.901229140,(-6 -2 -3 -5 -10 -6 -4 -7)
1969-12-31 18:00:19.901229140,(-6 0 -6 -4 -5 -6 -4 -6)
1969-12-31 18:00:19.902020055,(-4 -11 4 2 0 1 7 9)
1969-12-31 18:00:19.902020055,(-3 -16 -8 -5 -2 -7 -10 -9)
1969-12-31 18:00:19.912301960,(15 28 0 -1 0 2 5 6)
1969-12-31 18:00:19.912301960,(-1 -4 1 0 1 1 0 1)
1969-12-31 18:00:19.918629286,(2 -2 -3 1 0 0 -2 0)
1969-12-31 18:00:19.918629286,(5 2 1 -3 1 2 5 5)
1969-12-31 18:00:19.930493023,(-5 -6 -1 -3 -3 0 -3 -1)
1969-12-31 18:00:19.930493023,(-1 -4 -10 -32 -31 -15 -7 -5)
1969-12-31 18:00:19.931283939,(-3 5 2 14 5 0 -3 -5)
1969-12-31 18:00:19.931283939,(-7 0 10 27 32 11 1 -3)
1969-12-31 18:00:19.948684086,(2 -5 5 19 24 19 12 6)
1969-12-31 18:00:19.948684086,(13 11 7 2 6 4 6 9)
1969-12-31 18:00:19.949475001,(-5 -7 -9 -19 -20 -10 -7 -5)
1969-12-31 18:00:19.949475001,(-2 -1 -10 -20 -19 -11 -4 -5)
1969-12-31 18:00:19.959756906,(-5 -6 -2 -4 -9 -9 -4 -4)
1969-12-31 18:00:19.959756906,(-7 -7 -1 6 4 0 -1 -6)
1969-12-31 18:00:19.966084233,(3 6 1 -3 -2 2 1 -1)
1969-12-31 18:00:19.966084233,(-7 -9 -5 -2 0 -2 -5 -4)
1969-12-31 18:00:19.977947969,(-7 -12 -4 -7 -7 -6 -6 -2)
1969-12-31 18:00:19.977947969,(22 28 13 12 11 16 23 18)
1969-12-31 18:00:19.978738885,(-4 2 -1 0 1 -5 -11 -13)
1969-12-31 18:00:19.978738885,(1 1 -1 -6 -2 0 3 5)
1969-12-31 18:00:19.996139032,(-13 -15 -12 -16 -14 -8 -7 -9)
1969-12-31 18:00:19.996139032,(-8 -10 -2 13 1 -4 -2 -1)
1969-12-31 18:00:19.996929947,(18 16 14 22 21 13 10 13)
1969-12-31 18:00:19.996929947,(-8 -4 3 4 1 0 -2 -10)
1969-12-31 18:00:20.007211852,(7 5 -3 -20 -14 -2 2 9)
1969-12-31 18:00:20.007211852,(-5 -7 -6 3 3 -3 -4 -5)
1969-12-31 18:00:20.013539179,(-6 -4 0 9 7 1 0 -1)
1969-12-31 18:00:20.013539179,(8 -2 -6 -8 -5 -2 3 8)
1969-12-31 18:00:20.025402915,(6 16 9 3 3 2 -1 -5)
1969-12-31 18:00:20.025402915,(-11 -8 -3 -10 -16 -7 -8 -10)
1969-12-31 18:00:20.026193831,(-10 -9 -4 4 -1 -5 -3 -7)
1969-12-31 18:00:20.026193831,(-7 -11 0 6 3 -2 -4 1)
1969-12-31 18:00:20.044384894,(-4 14 0 6 15 11 15 8)
1969-12-31 18:00:20.044384894,(-2 -4 -2 -5 2 -2 -13 -20)
1969-12-31 18:00:20.044384894,(-7 3 3 -7 -10 -3 -1 5)
1969-12-31 18:00:20.044384894,(7 4 -9 -9 -12 -8 -8 -8)
1969-12-31 18:00:20.054666798,(-11 -17 0 2 -1 -2 -2 -1)
1969-12-31 18:00:20.054666798,(-14 -11 -2 5 1 -3 -7 -4)
1969-12-31 18:00:20.060994125,(4 0 0 -9 3 8 11 9)
1969-12-31 18:00:20.060994125,(-5 -9 -3 -4 -3 -4 -5 -1)
1969-12-31 18:00:20.072857861,(6 12 9 4 0 3 1 -4)
1969-12-31 18:00:20.072857861,(-6 -6 -1 0 2 0 -2 0)
1969-12-31 18:00:20.073648777,(1 1 -2 -6 -5 -4 -5 -4)
1969-12-31 18:00:20.073648777,(-5 2 1 2 -2 -4 1 0)
1969-12-31 18:00:20.091048924,(9 -2 -5 4 2 -2 2 5)
1969-12-31 18:00:20.091048924,(7 4 -1 4 9 9 10 10)
1969-12-31 18:00:20.091839840,(3 -1 -4 -1 0 2 0 0)
1969-12-31 18:00:20.091839840,(4 11 5 -3 -2 0 0 1)
1969-12-31 18:00:20.109239986,(-5 -5 -4 -12 -10 -9 -9 -6)
1969-12-31 18:00:20.109239986,(-2 -2 -1 -9 -8 -5 -1 -1)
1969-12-31 18:00:20.110030902,(0 -1 -4 -4 -5 -1 -1 0)
1969-12-31 18:00:20.110030902,(0 3 7 18 11 7 10 5)
1969-12-31 18:00:20.121103723,(-2 -3 14 36 12 0 -5 -6)
1969-12-31 18:00:20.121103723,(0 0 -4 -20 -20 -9 -3 0)
1969-12-31 18:00:20.121103723,(4 -1 1 -2 -1 -7 -5 -2)
1969-12-31 18:00:20.121103723,(-3 3 28 73 47 18 8 1)
1969-12-31 18:00:20.138503870,(0 6 9 25 26 14 4 0)
1969-12-31 18:00:20.138503870,(11 5 -8 -11 0 5 8 8)
1969-12-31 18:00:20.139294786,(-5 -10 -41 -89 -43 -8 -4 -3)
1969-12-31 18:00:20.139294786,(1 -2 -17 -54 -42 -23 -9 -3)
1969-12-31 18:00:20.156694932,(-6 -12 -27 4 -5 -16 -7 -4)
1969-12-31 18:00:20.156694932,(0 9 33 50 34 21 11 2)
1969-12-31 18:00:20.157485848,(4 8 14 27 14 3 1 3)
1969-12-31 18:00:20.157485848,(5 4 7 12 6 -1 -2 2)
1969-12-31 18:00:20.167767753,(-10 -19 -36 -29 -18 -7 -6 -8)
1969-12-31 18:00:20.167767753,(-7 -8 5 -19 -23 -10 -8 -6)
1969-12-31 18:00:20.168558669,(-4 2 14 24 12 5 6 1)
1969-12-31 18:00:20.168558669,(4 5 -4 18 11 4 4 4)
1969-12-31 18:00:20.186749732,(3 11 15 2 3 -4 -4 -1)
1969-12-31 18:00:20.186749732,(-2 0 -12 -89 -35 1 -1 -1)
1969-12-31 18:00:20.191495226,(9 9 28 57 3 6 6 3)
1969-12-31 18:00:20.191495226,(2 3 -7 39 41 7 0 0)
1969-12-31 18:00:20.204149879,(1 -9 -11 13 -1 -4 0 3)
1969-12-31 18:00:20.204149879,(-8 -9 -7 6 20 -4 -5 -6)
1969-12-31 18:00:20.204940794,(-5 -7 -9 -47 -30 -9 -2 -4)
1969-12-31 18:00:20.204940794,(-1 -1 -4 -48 -37 -6 0 0)
1969-12-31 18:00:20.215222699,(5 8 21 3 -3 2 0 2)
1969-12-31 18:00:20.215222699,(0 1 -10 11 6 0 -2 -3)
1969-12-31 18:00:20.216013615,(-4 -5 -2 -26 -12 -3 -3 -3)
1969-12-31 18:00:20.216013615,(-4 -2 -11 3 -2 1 3 -1)
1969-12-31 18:00:20.233413762,(3 4 12 21 12 0 -2 3)
1969-12-31 18:00:20.233413762,(-4 -4 3 16 -1 -8 -5 -3)
1969-12-31 18:00:20.234204678,(1 4 1 20 14 0 -2 -1)
1969-12-31 18:00:20.234204678,(6 10 16 -27 -16 6 6 3)
1969-12-31 18:00:20.251604825,(5 1 -25 -16 -14 3 3 2)
1969-12-31 18:00:20.251604825,(1 -4 3 9 9 -6 -5 -1)
1969-12-31 18:00:20.252395740,(-5 -6 -16 17 18 3 0 -1)
1969-12-31 18:00:20.252395740,(-9 -10 3 -30 -13 -5 -5 -3)
1969-12-31 18:00:20.262677645,(-3 5 10 -3 -5 5 3 -1)
1969-12-31 18:00:20.262677645,(2 4 -1 21 14 -1 -2 0)
1969-12-31 18:00:20.263468561,(1 0 0 -17 -10 -5 -2 -3)
1969-12-31 18:00:20.263468561,(5 2 -5 16 10 7 0 1)
1969-12-31 18:00:20.281659624,(-1 -1 4 -12 -7 -2 1 3)
1969-12-31 18:00:20.281659624,(2 -1 -10 7 0 0 0 3)
1969-12-31 18:00:20.281659624,(1 3 8 6 7 2 -2 -1)
1969-12-31 18:00:20.281659624,(4 -1 -12 -8 -3 -2 0 1)
1969-12-31 18:00:20.299059771,(-5 -5 -1 -4 -8 -10 -8 -6)
1969-12-31 18:00:20.299059771,(-2 -4 4 7 10 6 3 0)
1969-12-31 18:00:20.299850686,(-2 0 4 2 3 5 3 1)
1969-12-31 18:00:20.299850686,(-2 -4 -10 -2 -3 -5 -3 -2)
1969-12-31 18:00:20.309341676,(0 1 -1 -17 -3 1 1 0)
1969-12-31 18:00:20.309341676,(4 3 -2 -7 -15 -8 1 3)
1969-12-31 18:00:20.317250833,(0 -1 -6 24 9 -2 -2 0)
1969-12-31 18:00:20.317250833,(-7 -6 17 34 31 11 2 -1)
1969-12-31 18:00:20.334650980,(-4 1 7 -29 -13 -5 -1 -1)
1969-12-31 18:00:20.334650980,(2 1 -14 -9 -14 -3 0 -1)
1969-12-31 18:00:20.335441896,(2 -2 1 2 -1 5 4 3)
1969-12-31 18:00:20.335441896,(0 1 -5 -25 -16 -4 -3 -2)
1969-12-31 18:00:20.346514717,(8 6 -3 -7 9 7 5 4)
1969-12-31 18:00:20.346514717,(3 -2 11 36 4 -5 -1 2)
1969-12-31 18:00:20.348096548,(-25 -15 0 -35 -8 -12 -14 -18)
1969-12-31 18:00:20.348096548,(7 6 -10 6 -17 -7 1 6)
1969-12-31 18:00:20.356796622,(-3 -3 8 11 7 6 -4 -4)
1969-12-31 18:00:20.356796622,(-4 0 1 -14 3 -6 2 -3)
1969-12-31 18:00:20.363914864,(14 10 -6 -8 -6 1 7 10)
1969-12-31 18:00:20.363914864,(1 0 15 60 49 28 6 5)
1969-12-31 18:00:20.375778600,(-8 -10 -10 -12 1 3 -2 -6)
1969-12-31 18:00:20.375778600,(-1 -2 -10 -4 -17 -9 -5 -1)
1969-12-31 18:00:20.377360432,(-7 -2 8 -5 -31 -23 -13 -10)
1969-12-31 18:00:20.377360432,(0 1 -7 -33 -10 -8 1 1)
1969-12-31 18:00:20.393969663,(10 5 -1 22 19 19 10 8)
1969-12-31 18:00:20.393969663,(-3 -3 7 9 29 22 2 -1)
1969-12-31 18:00:20.395551494,(4 2 -5 -2 14 5 2 3)
1969-12-31 18:00:20.395551494,(-2 -4 -6 -22 -32 -18 -9 -6)
1969-12-31 18:00:20.404251568,(-6 0 7 2 -10 -12 -7 -7)
1969-12-31 18:00:20.404251568,(2 -5 -10 -5 -9 -6 4 2)
1969-12-31 18:00:20.411369810,(0 -2 3 9 7 3 3 0)
1969-12-31 18:00:20.411369810,(-8 2 12 4 -7 -8 -3 -6)
1969-12-31 18:00:20.429560872,(16 -5 -22 0 7 1 13 16)
1969-12-31 18:00:20.429560872,(-3 3 -2 -5 -5 -1 -3 -5)
1969-12-31 18:00:20.431142704,(-1 -1 -2 13 6 3 -3 -2)
1969-12-31 18:00:20.431142704,(-13 -7 -1 -13 -5 -2 -5 -9)
1969-12-31 18:00:20.441424609,(-10 -1 8 -2 -9 -8 -8 -11)
1969-12-31 18:00:20.441424609,(8 6 -4 0 0 6 4 7)
1969-12-31 18:00:20.442215525,(-1 -2 -2 5 9 6 -1 0)
1969-12-31 18:00:20.442215525,(-4 -2 3 -3 -2 -3 -2 -3)
1969-12-31 18:00:20.452497430,(2 0 -9 -8 -7 -2 0 1)
1969-12-31 18:00:20.452497430,(1 0 2 9 2 2 -3 2)
1969-12-31 18:00:20.465152082,(3 3 3 4 7 4 0 2)
1969-12-31 18:00:20.465152082,(4 -2 -7 -17 -11 -2 -1 3)
1969-12-31 18:00:20.470688492,(0 0 4 1 -10 -6 -4 -2)
1969-12-31 18:00:20.470688492,(1 4 6 7 6 5 2 0)
1969-12-31 18:00:20.472270324,(0 1 -1 1 3 -2 0 2)
1969-12-31 18:00:20.472270324,(6 1 -8 -17 -23 -5 -1 2)
1969-12-31 18:00:20.488879555,(-5 -5 5 6 27 7 2 -1)
1969-12-31 18:00:20.488879555,(-2 -1 -9 -18 -16 -11 -5 -1)
1969-12-31 18:00:20.489670471,(2 2 7 16 7 -1 5 4)
1969-12-31 18:00:20.489670471,(0 2 10 29 23 9 2 -3)
1969-12-31 18:00:20.499161460,(-4 1 9 9 -1 2 -1 -2)
1969-12-31 18:00:20.499161460,(-2 1 -3 -8 -6 -4 0 -3)
1969-12-31 18:00:20.507070617,(0 -6 -12 -14 -6 -6 -1 -3)
1969-12-31 18:00:20.507070617,(-9 -6 -8 -18 -18 -10 -2 -10)
1969-12-31 18:00:20.518143438,(-8 -7 -3 -8 -15 -8 -6 -6)
1969-12-31 18:00:20.518143438,(14 7 2 4 8 6 6 14)
1969-12-31 18:00:20.519725270,(-3 -1 -3 -1 -6 -2 -4 -5)
1969-12-31 18:00:20.519725270,(0 -2 -5 -2 2 2 -1 0)
1969-12-31 18:00:20.536334501,(-3 2 2 0 -1 -1 -1 -3)
1969-12-31 18:00:20.536334501,(-5 -2 3 7 4 0 -3 -5)
1969-12-31 18:00:20.537125417,(3 1 1 2 -3 0 2 2)
1969-12-31 18:00:20.537125417,(10 5 -3 0 6 6 8 9)
1969-12-31 18:00:20.547407322,(0 -2 -3 0 3 3 1 1)
1969-12-31 18:00:20.547407322,(-2 0 3 -2 -6 -2 -2 -2)
1969-12-31 18:00:20.554525564,(-1 -1 -2 -1 1 3 2 -1)
1969-12-31 18:00:20.554525564,(-4 -2 0 -2 -7 -2 -7 -5)
1969-12-31 18:00:20.565598384,(1 -3 0 5 17 -2 0 0)
1969-12-31 18:00:20.565598384,(-5 -2 2 3 0 -3 -5 -8)
1969-12-31 18:00:20.567180216,(0 -2 -2 0 2 2 3 0)
1969-12-31 18:00:20.567180216,(1 0 -1 -2 0 2 3 6)
1969-12-31 18:00:20.583789447,(2 2 1 -4 -9 -3 -2 0)
1969-12-31 18:00:20.583789447,(-7 -4 3 3 2 2 0 -2)
1969-12-31 18:00:20.585371278,(9 4 -4 0 4 6 6 9)
1969-12-31 18:00:20.585371278,(2 0 -3 -3 -3 -3 -3 -2)
1969-12-31 18:00:20.594071352,(2 2 1 1 -6 -1 0 3)
1969-12-31 18:00:20.594071352,(-2 0 1 2 4 0 -5 -4)
1969-12-31 18:00:20.601980510,(-3 -1 -2 -2 -6 -4 -2 -4)
1969-12-31 18:00:20.601980510,(0 -1 1 2 3 0 0 -1)
1969-12-31 18:00:20.612262415,(-2 -2 -2 0 0 2 -2 -1)
1969-12-31 18:00:20.612262415,(-3 -2 0 1 -3 -1 -2 -4)
1969-12-31 18:00:20.619380656,(-1 1 2 -1 -2 1 -3 -2)
1969-12-31 18:00:20.619380656,(4 0 -1 0 4 4 11 16)
1969-12-31 18:00:20.631244393,(-1 -2 -2 -3 -6 -5 -3 -4)
1969-12-31 18:00:20.631244393,(-1 0 0 0 1 1 -2 -1)
1969-12-31 18:00:20.632826225,(-1 -1 0 -1 -1 -1 -1 -3)
1969-12-31 18:00:20.632826225,(-3 -1 1 0 4 -2 -6 -3)
1969-12-31 18:00:20.642317214,(2 2 2 -1 -6 -5 2 -1)
1969-12-31 18:00:20.642317214,(-1 -1 -1 -1 -1 2 2 3)
1969-12-31 18:00:20.649435456,(5 1 -2 -1 2 1 2 0)
1969-12-31 18:00:20.649435456,(-2 -1 -1 0 0 -1 1 -2)
1969-12-31 18:00:20.661299192,(0 -2 0 1 0 0 0 0)
1969-12-31 18:00:20.661299192,(-4 -1 -1 -2 -2 -4 -4 -5)
1969-12-31 18:00:20.662090108,(-1 0 2 0 -2 0 0 0)
1969-12-31 18:00:20.662090108,(0 -1 0 -2 -1 -3 -3 -3)
1969-12-31 18:00:20.685026665,(-1 0 -1 -2 -2 0 0 0)
1969-12-31 18:00:20.685026665,(4 2 1 1 1 -1 3 2)
1969-12-31 18:00:20.685817581,(-2 -1 1 0 -1 -1 0 0)
1969-12-31 18:00:20.685817581,(-1 0 -2 0 0 -3 -1 -4)
1969-12-31 18:00:20.689772160,(-4 -1 -2 -2 -2 -2 -2 -3)
1969-12-31 18:00:20.689772160,(1 -1 -2 0 2 1 1 5)
1969-12-31 18:00:20.696890402,(-2 -1 -1 0 0 0 -1 -1)
1969-12-31 18:00:20.696890402,(-2 -1 -2 -3 0 -3 -6 -6)
1969-12-31 18:00:20.707963222,(0 -1 -2 1 -1 0 0 0)
1969-12-31 18:00:20.707963222,(0 0 0 0 -1 -1 -1 -1)
1969-12-31 18:00:20.714290549,(-3 -2 -1 0 -1 -1 -1 -2)
1969-12-31 18:00:20.714290549,(-1 -1 0 0 3 1 -1 -1)
1969-12-31 18:00:20.726154285,(-1 0 -1 0 -2 0 1 3)
1969-12-31 18:00:20.726154285,(2 1 -2 -2 -1 1 1 2)
1969-12-31 18:00:20.727736117,(-2 -1 -1 0 -1 -1 -2 0)
1969-12-31 18:00:20.727736117,(-1 -1 -2 -1 -2 -3 -2 -2)
1969-12-31 18:00:20.744345348,(-1 0 0 0 0 1 0 -1)
1969-12-31 18:00:20.744345348,(-1 0 0 0 -2 -1 0 0)
1969-12-31 18:00:20.745136263,(-2 0 0 0 -1 -3 -1 -1)
1969-12-31 18:00:20.745136263,(-3 -3 0 -2 -2 0 0 0)
1969-12-31 18:00:20.756209084,(1 -1 -2 -1 1 0 3 0)
1969-12-31 18:00:20.756209084,(0 -1 0 0 1 1 4 1)
1969-12-31 18:00:20.757000000,(-1 -2 -3 -1 -1 -2 -4 -4)
1969-12-31 18:00:20.757000000,(-2 1 1 1 -1 -1 1 -2)
