timestamp,_header,_orientation,_orientation_covariance,_angular_velocity,_angular_velocity_covariance,_linear_acceleration,_linear_acceleration_covariance,_check_fields,time,orientation,angular_velocity,linear_acceleration
5973751202,"std_msgs.msg.Header(stamp=builtin_interfaces.msg.Time(sec=1731187346, nanosec=56036518), frame_id='RL_myo')","geometry_msgs.msg.Quaternion(x=0.7779098833346659, y=0.5108753019624287, z=-0.21332248271907864, w=0.2972476368646389)",[0. 0. 0. 0. 0. 0. 0. 0. 0.],"geometry_msgs.msg.Vector3(x=84.25, y=42.875, z=19.875)",[0. 0. 0. 0. 0. 0. 0. 0. 0.],"geometry_msgs.msg.Vector3(x=0.8291015625, y=0.79833984375, z=0.29736328125)",[0. 0. 0. 0. 0. 0. 0. 0. 0.],False,5.973751202,"[0.7779098833346659, 0.5108753019624287, -0.21332248271907864, 0.2972476368646389]","[84.25, 42.875, 19.875]","[0.8291015625, 0.79833984375, 0.29736328125]"
5996702950,"std_msgs.msg.Header(stamp=builtin_interfaces.msg.Time(sec=1731187346, nanosec=78858238), frame_id='RL_myo')","geometry_msgs.msg.Quaternion(x=0.7660156255629876, y=0.5238814433631174, z=-0.20142243540700072, w=0.31336447981198234)",[0. 0. 0. 0. 0. 0. 0. 0. 0.],"geometry_msgs.msg.Vector3(x=130.5, y=65.9375, z=40.5625)",[0. 0. 0. 0. 0. 0. 0. 0. 0.],"geometry_msgs.msg.Vector3(x=0.75732421875, y=0.7373046875, z=0.212890625)",[0. 0. 0. 0. 0. 0. 0. 0. 0.],False,5.99670295,"[0.7660156255629876, 0.5238814433631174, -0.20142243540700072, 0.31336447981198234]","[130.5, 65.9375, 40.5625]","[0.75732421875, 0.7373046875, 0.212890625]"
6018777164,"std_msgs.msg.Header(stamp=builtin_interfaces.msg.Time(sec=1731187346, nanosec=101057391), frame_id='RL_myo')","geometry_msgs.msg.Quaternion(x=0.751566222341209, y=0.5353070551394787, z=-0.19074510231594882, w=0.33497891888317666)",[0. 0. 0. 0. 0. 0. 0. 0. 0.],"geometry_msgs.msg.Vector3(x=136.4375, y=75.75, z=75.75)",[0. 0. 0. 0. 0. 0. 0. 0. 0.],"geometry_msgs.msg.Vector3(x=0.8330078125, y=0.875, z=0.34912109375)",[0. 0. 0. 0. 0. 0. 0. 0. 0.],False,6.018777164,"[0.751566222341209, 0.5353070551394787, -0.19074510231594882, 0.33497891888317666]","[136.4375, 75.75, 75.75]","[0.8330078125, 0.875, 0.34912109375]"
6035399524,"std_msgs.msg.Header(stamp=builtin_interfaces.msg.Time(sec=1731187346, nanosec=117604575), frame_id='RL_myo')","geometry_msgs.msg.Quaternion(x=0.7323860134023673, y=0.5504949958226478, z=-0.1757262549033599, w=0.3601197999061561)",[0. 0. 0. 0. 0. 0. 0. 0. 0.],"geometry_msgs.msg.Vector3(x=179.75, y=92.1875, z=82.9375)",[0. 0. 0. 0. 0. 0. 0. 0. 0.],"geometry_msgs.msg.Vector3(x=0.97705078125, y=1.07666015625, z=0.46044921875)",[0. 0. 0. 0. 0. 0. 0. 0. 0.],False,6.035399524,"[0.7323860134023673, 0.5504949958226478, -0.1757262549033599, 0.3601197999061561]","[179.75, 92.1875, 82.9375]","[0.97705078125, 1.07666015625, 0.46044921875]"
6056480822,"std_msgs.msg.Header(stamp=builtin_interfaces.msg.Time(sec=1731187346, nanosec=138749019), frame_id='RL_myo')","geometry_msgs.msg.Quaternion(x=0.7117696269390488, y=0.5677798704902693, z=-0.15515979690241505, w=0.38332160682421973)",[0. 0. 0. 0. 0. 0. 0. 0. 0.],"geometry_msgs.msg.Vector3(x=201.875, y=104.5, z=58.8125)",[0. 0. 0. 0. 0. 0. 0. 0. 0.],"geometry_msgs.msg.Vector3(x=1.099609375, y=1.22607421875, z=0.39599609375)",[0. 0. 0. 0. 0. 0. 0. 0. 0.],False,6.056480822,"[0.7117696269390488, 0.5677798704902693, -0.15515979690241505, 0.38332160682421973]","[201.875, 104.5, 58.8125]","[1.099609375, 1.22607421875, 0.39599609375]"
6078814175,"std_msgs.msg.Header(stamp=builtin_interfaces.msg.Time(sec=1731187346, nanosec=161112297), frame_id='RL_myo')","geometry_msgs.msg.Quaternion(x=0.698996262973012, y=0.5789974284458602, z=-0.13025305843384627, w=0.3989991766551327)",[0. 0. 0. 0. 0. 0. 0. 0. 0.],"geometry_msgs.msg.Vector3(x=153.375, y=117.8125, z=3.875)",[0. 0. 0. 0. 0. 0. 0. 0. 0.],"geometry_msgs.msg.Vector3(x=0.95654296875, y=1.318359375, z=0.33056640625)",[0. 0. 0. 0. 0. 0. 0. 0. 0.],False,6.078814175,"[0.698996262973012, 0.5789974284458602, -0.13025305843384627, 0.3989991766551327]","[153.375, 117.8125, 3.875]","[0.95654296875, 1.318359375, 0.33056640625]"
6095532584,"std_msgs.msg.Header(stamp=builtin_interfaces.msg.Time(sec=1731187346, nanosec=177723054), frame_id='RL_myo')","geometry_msgs.msg.Quaternion(x=0.6913625792601912, y=0.5886988679230638, z=-0.10028328045594545, w=0.4066874605465396)",[0. 0. 0. 0. 0. 0. 0. 0. 0.],"geometry_msgs.msg.Vector3(x=135.125, y=118.0625, z=-51.6875)",[0. 0. 0. 0. 0. 0. 0. 0. 0.],"geometry_msgs.msg.Vector3(x=0.6572265625, y=1.392578125, z=0.2724609375)",[0. 0. 0. 0. 0. 0. 0. 0. 0.],False,6.095532584,"[0.6913625792601912, 0.5886988679230638, -0.10028328045594545, 0.4066874605465396]","[135.125, 118.0625, -51.6875]","[0.6572265625, 1.392578125, 0.2724609375]"
6119284597,"std_msgs.msg.Header(stamp=builtin_interfaces.msg.Time(sec=1731187346, nanosec=201511858), frame_id='RL_myo')","geometry_msgs.msg.Quaternion(x=0.6876739650715008, y=0.6010585419899759, z=-0.06610606285926109, w=0.40182475697369874)",[0. 0. 0. 0. 0. 0. 0. 0. 0.],"geometry_msgs.msg.Vector3(x=135.125, y=87.375, z=-124.9375)",[0. 0. 0. 0. 0. 0. 0. 0. 0.],"geometry_msgs.msg.Vector3(x=0.42138671875, y=1.39013671875, z=0.23388671875)",[0. 0. 0. 0. 0. 0. 0. 0. 0.],False,6.119284597,"[0.6876739650715008, 0.6010585419899759, -0.06610606285926109, 0.40182475697369874]","[135.125, 87.375, -124.9375]","[0.42138671875, 1.39013671875, 0.23388671875]"
6138805670,"std_msgs.msg.Header(stamp=builtin_interfaces.msg.Time(sec=1731187346, nanosec=221142880), frame_id='RL_myo')","geometry_msgs.msg.Quaternion(x=0.6898335549548152, y=0.612866636462688, z=-0.028320896257214144, w=0.3843463011458566)",[0. 0. 0. 0. 0. 0. 0. 0. 0.],"geometry_msgs.msg.Vector3(x=117.125, y=61.0625, z=-200.125)",[0. 0. 0. 0. 0. 0. 0. 0. 0.],"geometry_msgs.msg.Vector3(x=0.2099609375, y=1.30908203125, z=0.232421875)",[0. 0. 0. 0. 0. 0. 0. 0. 0.],False,6.13880567,"[0.6898335549548152, 0.612866636462688, -0.028320896257214144, 0.3843463011458566]","[117.125, 61.0625, -200.125]","[0.2099609375, 1.30908203125, 0.232421875]"
6155570901,"std_msgs.msg.Header(stamp=builtin_interfaces.msg.Time(sec=1731187346, nanosec=237758810), frame_id='RL_myo')","geometry_msgs.msg.Quaternion(x=0.6937007969421126, y=0.622957354473489, z=0.011475208959535167, w=0.3613470055342989)",[0. 0. 0. 0. 0. 0. 0. 0. 0.],"geometry_msgs.msg.Vector3(x=111.0, y=52.6875, z=-234.5)",[0. 0. 0. 0. 0. 0. 0. 0. 0.],"geometry_msgs.msg.Vector3(x=0.13525390625, y=1.15771484375, z=0.34228515625)",[0. 0. 0. 0. 0. 0. 0. 0. 0.],False,6.155570901,"[0.6937007969421126, 0.622957354473489, 0.011475208959535167, 0.3613470055342989]","[111.0, 52.6875, -234.5]","[0.13525390625, 1.15771484375, 0.34228515625]"
6176496352,"std_msgs.msg.Header(stamp=builtin_interfaces.msg.Time(sec=1731187346, nanosec=258741093), frame_id='RL_myo')","geometry_msgs.msg.Quaternion(x=0.697616867780997, y=0.6305348013104995, z=0.05139499542143665, w=0.33632592015690727)",[0. 0. 0. 0. 0. 0. 0. 0. 0.],"geometry_msgs.msg.Vector3(x=104.0, y=51.5, z=-247.8125)",[0. 0. 0. 0. 0. 0. 0. 0. 0.],"geometry_msgs.msg.Vector3(x=0.24169921875, y=0.96875, z=0.43115234375)",[0. 0. 0. 0. 0. 0. 0. 0. 0.],False,6.176496352,"[0.697616867780997, 0.6305348013104995, 0.05139499542143665, 0.33632592015690727]","[104.0, 51.5, -247.8125]","[0.24169921875, 0.96875, 0.43115234375]"
6207813485,"std_msgs.msg.Header(stamp=builtin_interfaces.msg.Time(sec=1731187346, nanosec=290107940), frame_id='RL_myo')","geometry_msgs.msg.Quaternion(x=0.6983201699776562, y=0.6378938988232222, z=0.095644411009089, w=0.3103102652011541)",[0. 0. 0. 0. 0. 0. 0. 0. 0.],"geometry_msgs.msg.Vector3(x=124.4375, y=67.0, z=-262.6875)",[0. 0. 0. 0. 0. 0. 0. 0. 0.],"geometry_msgs.msg.Vector3(x=0.19775390625, y=0.84765625, z=0.4345703125)",[0. 0. 0. 0. 0. 0. 0. 0. 0.],False,6.207813485,"[0.6983201699776562, 0.6378938988232222, 0.095644411009089, 0.3103102652011541]","[124.4375, 67.0, -262.6875]","[0.19775390625, 0.84765625, 0.4345703125]"
6215547972,"std_msgs.msg.Header(stamp=builtin_interfaces.msg.Time(sec=1731187346, nanosec=297792920), frame_id='RL_myo')","geometry_msgs.msg.Quaternion(x=0.6928477379169575, y=0.64755718893146, z=0.14325730251881766, w=0.2830354119214987)",[0. 0. 0. 0. 0. 0. 0. 0. 0.],"geometry_msgs.msg.Vector3(x=161.0, y=75.4375, z=-264.3125)",[0. 0. 0. 0. 0. 0. 0. 0. 0.],"geometry_msgs.msg.Vector3(x=-0.1123046875, y=0.8251953125, z=0.259765625)",[0. 0. 0. 0. 0. 0. 0. 0. 0.],False,6.215547972,"[0.6928477379169575, 0.64755718893146, 0.14325730251881766, 0.2830354119214987]","[161.0, 75.4375, -264.3125]","[-0.1123046875, 0.8251953125, 0.259765625]"
6236435342,"std_msgs.msg.Header(stamp=builtin_interfaces.msg.Time(sec=1731187346, nanosec=318743820), frame_id='RL_myo')","geometry_msgs.msg.Quaternion(x=0.6824117463356563, y=0.6596443419185543, z=0.1911119121446279, w=0.250319371352641)",[0. 0. 0. 0. 0. 0. 0. 0. 0.],"geometry_msgs.msg.Vector3(x=193.9375, y=56.9375, z=-276.25)",[0. 0. 0. 0. 0. 0. 0. 0. 0.],"geometry_msgs.msg.Vector3(x=-0.22998046875, y=0.8935546875, z=0.17578125)",[0. 0. 0. 0. 0. 0. 0. 0. 0.],False,6.236435342,"[0.6824117463356563, 0.6596443419185543, 0.1911119121446279, 0.250319371352641]","[193.9375, 56.9375, -276.25]","[-0.22998046875, 0.8935546875, 0.17578125]"
6258847432,"std_msgs.msg.Header(stamp=builtin_interfaces.msg.Time(sec=1731187346, nanosec=341183187), frame_id='RL_myo')","geometry_msgs.msg.Quaternion(x=0.6694774733406963, y=0.6705761781656537, z=0.2380527120740988, w=0.21320977519867362)",[0. 0. 0. 0. 0. 0. 0. 0. 0.],"geometry_msgs.msg.Vector3(x=202.4375, y=41.5625, z=-287.0625)",[0. 0. 0. 0. 0. 0. 0. 0. 0.],"geometry_msgs.msg.Vector3(x=-0.33837890625, y=0.85009765625, z=0.12890625)",[0. 0. 0. 0. 0. 0. 0. 0. 0.],False,6.258847432,"[0.6694774733406963, 0.6705761781656537, 0.2380527120740988, 0.21320977519867362]","[202.4375, 41.5625, -287.0625]","[-0.33837890625, 0.85009765625, 0.12890625]"
6275564172,"std_msgs.msg.Header(stamp=builtin_interfaces.msg.Time(sec=1731187346, nanosec=357813978), frame_id='RL_myo')","geometry_msgs.msg.Quaternion(x=0.6555555299961221, y=0.677895690515543, z=0.2830974439592192, w=0.1748148079989659)",[0. 0. 0. 0. 0. 0. 0. 0. 0.],"geometry_msgs.msg.Vector3(x=191.75, y=35.8125, z=-288.5625)",[0. 0. 0. 0. 0. 0. 0. 0. 0.],"geometry_msgs.msg.Vector3(x=-0.43017578125, y=0.806640625, z=0.06494140625)",[0. 0. 0. 0. 0. 0. 0. 0. 0.],False,6.275564172,"[0.6555555299961221, 0.677895690515543, 0.2830974439592192, 0.1748148079989659]","[191.75, 35.8125, -288.5625]","[-0.43017578125, 0.806640625, 0.06494140625]"
6296309055,"std_msgs.msg.Header(stamp=builtin_interfaces.msg.Time(sec=1731187346, nanosec=378720897), frame_id='RL_myo')","geometry_msgs.msg.Quaternion(x=0.6403768184893599, y=0.6832273119198747, z=0.32259951250750807, w=0.13801277157605976)",[0. 0. 0. 0. 0. 0. 0. 0. 0.],"geometry_msgs.msg.Vector3(x=181.625, y=25.875, z=-262.0625)",[0. 0. 0. 0. 0. 0. 0. 0. 0.],"geometry_msgs.msg.Vector3(x=-0.54833984375, y=0.76025390625, z=0.08154296875)",[0. 0. 0. 0. 0. 0. 0. 0. 0.],False,6.296309055,"[0.6403768184893599, 0.6832273119198747, 0.32259951250750807, 0.13801277157605976]","[181.625, 25.875, -262.0625]","[-0.54833984375, 0.76025390625, 0.08154296875]"
6318959104,"std_msgs.msg.Header(stamp=builtin_interfaces.msg.Time(sec=1731187346, nanosec=401286143), frame_id='RL_myo')","geometry_msgs.msg.Quaternion(x=0.6267875623734919, y=0.6870309477140933, z=0.352609966679488, w=0.10388474351540394)",[0. 0. 0. 0. 0. 0. 0. 0. 0.],"geometry_msgs.msg.Vector3(x=156.4375, y=0.5, z=-218.375)",[0. 0. 0. 0. 0. 0. 0. 0. 0.],"geometry_msgs.msg.Vector3(x=-0.638671875, y=0.669921875, z=0.0068359375)",[0. 0. 0. 0. 0. 0. 0. 0. 0.],False,6.318959104,"[0.6267875623734919, 0.6870309477140933, 0.352609966679488, 0.10388474351540394]","[156.4375, 0.5, -218.375]","[-0.638671875, 0.669921875, 0.0068359375]"
6351663704,"std_msgs.msg.Header(stamp=builtin_interfaces.msg.Time(sec=1731187346, nanosec=434034000), frame_id='RL_myo')","geometry_msgs.msg.Quaternion(x=0.616809857269328, y=0.6887760939561699, z=0.37362623813414714, w=0.07440783928860077)",[0. 0. 0. 0. 0. 0. 0. 0. 0.],"geometry_msgs.msg.Vector3(x=120.625, y=-19.0625, z=-173.5)",[0. 0. 0. 0. 0. 0. 0. 0. 0.],"geometry_msgs.msg.Vector3(x=-0.60107421875, y=0.5888671875, z=0.03955078125)",[0. 0. 0. 0. 0. 0. 0. 0. 0.],False,6.351663704,"[0.616809857269328, 0.6887760939561699, 0.37362623813414714, 0.07440783928860077]","[120.625, -19.0625, -173.5]","[-0.60107421875, 0.5888671875, 0.03955078125]"
6356368259,"std_msgs.msg.Header(stamp=builtin_interfaces.msg.Time(sec=1731187346, nanosec=438754251), frame_id='RL_myo')","geometry_msgs.msg.Quaternion(x=0.6088536222523573, y=0.6909496745761087, z=0.38637026855713497, w=0.05102773215067375)",[0. 0. 0. 0. 0. 0. 0. 0. 0.],"geometry_msgs.msg.Vector3(x=98.6875, y=-27.9375, z=-119.6875)",[0. 0. 0. 0. 0. 0. 0. 0. 0.],"geometry_msgs.msg.Vector3(x=-0.57958984375, y=0.556640625, z=0.10546875)",[0. 0. 0. 0. 0. 0. 0. 0. 0.],False,6.356368259,"[0.6088536222523573, 0.6909496745761087, 0.38637026855713497, 0.05102773215067375]","[98.6875, -27.9375, -119.6875]","[-0.57958984375, 0.556640625, 0.10546875]"
6386338969,"std_msgs.msg.Header(stamp=builtin_interfaces.msg.Time(sec=1731187346, nanosec=468716692), frame_id='RL_myo')","geometry_msgs.msg.Quaternion(x=0.6024484950654277, y=0.6958982059008045, z=0.3894856987854604, w=0.03289966958867938)",[0. 0. 0. 0. 0. 0. 0. 0. 0.],"geometry_msgs.msg.Vector3(x=97.75, y=-35.6875, z=-42.9375)",[0. 0. 0. 0. 0. 0. 0. 0. 0.],"geometry_msgs.msg.Vector3(x=-0.55322265625, y=0.46923828125, z=0.0888671875)",[0. 0. 0. 0. 0. 0. 0. 0. 0.],False,6.386338969,"[0.6024484950654277, 0.6958982059008045, 0.3894856987854604, 0.03289966958867938]","[97.75, -35.6875, -42.9375]","[-0.55322265625, 0.46923828125, 0.0888671875]"
6396706592,"std_msgs.msg.Header(stamp=builtin_interfaces.msg.Time(sec=1731187346, nanosec=479149195), frame_id='RL_myo')","geometry_msgs.msg.Quaternion(x=0.5976233105534635, y=0.7047450458227239, z=0.3817318133184926, w=0.021485385079646528)",[0. 0. 0. 0. 0. 0. 0. 0. 0.],"geometry_msgs.msg.Vector3(x=87.375, y=-51.9375, z=26.8125)",[0. 0. 0. 0. 0. 0. 0. 0. 0.],"geometry_msgs.msg.Vector3(x=-0.4619140625, y=0.4462890625, z=0.07666015625)",[0. 0. 0. 0. 0. 0. 0. 0. 0.],False,6.396706592,"[0.5976233105534635, 0.7047450458227239, 0.3817318133184926, 0.021485385079646528]","[87.375, -51.9375, 26.8125]","[-0.4619140625, 0.4462890625, 0.07666015625]"
6416280615,"std_msgs.msg.Header(stamp=builtin_interfaces.msg.Time(sec=1731187346, nanosec=498709751), frame_id='RL_myo')","geometry_msgs.msg.Quaternion(x=0.5939729855862055, y=0.7161125338503096, z=0.36629656628330276, w=0.01434422480862792)",[0. 0. 0. 0. 0. 0. 0. 0. 0.],"geometry_msgs.msg.Vector3(x=79.5, y=-67.4375, z=68.0625)",[0. 0. 0. 0. 0. 0. 0. 0. 0.],"geometry_msgs.msg.Vector3(x=-0.306640625, y=0.47021484375, z=0.0458984375)",[0. 0. 0. 0. 0. 0. 0. 0. 0.],False,6.416280615,"[0.5939729855862055, 0.7161125338503096, 0.36629656628330276, 0.01434422480862792]","[79.5, -67.4375, 68.0625]","[-0.306640625, 0.47021484375, 0.0458984375]"
6438906407,"std_msgs.msg.Header(stamp=builtin_interfaces.msg.Time(sec=1731187346, nanosec=521253372), frame_id='RL_myo')","geometry_msgs.msg.Quaternion(x=0.5928179310808341, y=0.726555996051809, z=0.3471329874440593, w=0.013489781998441553)",[0. 0. 0. 0. 0. 0. 0. 0. 0.],"geometry_msgs.msg.Vector3(x=46.3125, y=-67.125, z=89.125)",[0. 0. 0. 0. 0. 0. 0. 0. 0.],"geometry_msgs.msg.Vector3(x=-0.138671875, y=0.62841796875, z=-0.1181640625)",[0. 0. 0. 0. 0. 0. 0. 0. 0.],False,6.438906407,"[0.5928179310808341, 0.726555996051809, 0.3471329874440593, 0.013489781998441553]","[46.3125, -67.125, 89.125]","[-0.138671875, 0.62841796875, -0.1181640625]"
6456793698,"std_msgs.msg.Header(stamp=builtin_interfaces.msg.Time(sec=1731187346, nanosec=539163545), frame_id='RL_myo')","geometry_msgs.msg.Quaternion(x=0.5919597510426896, y=0.7366230434711464, z=0.3268657936516398, w=0.011353321684258637)",[0. 0. 0. 0. 0. 0. 0. 0. 0.],"geometry_msgs.msg.Vector3(x=41.5625, y=-82.4375, z=79.125)",[0. 0. 0. 0. 0. 0. 0. 0. 0.],"geometry_msgs.msg.Vector3(x=-0.064453125, y=0.84765625, z=-0.27783203125)",[0. 0. 0. 0. 0. 0. 0. 0. 0.],False,6.456793698,"[0.5919597510426896, 0.7366230434711464, 0.3268657936516398, 0.011353321684258637]","[41.5625, -82.4375, 79.125]","[-0.064453125, 0.84765625, -0.27783203125]"
6483936345,"std_msgs.msg.Header(stamp=builtin_interfaces.msg.Time(sec=1731187346, nanosec=566287135), frame_id='RL_myo')","geometry_msgs.msg.Quaternion(x=0.5860868518265292, y=0.7486920771197882, z=0.30976783722345713, w=0.002502557896780639)",[0. 0. 0. 0. 0. 0. 0. 0. 0.],"geometry_msgs.msg.Vector3(x=77.875, y=-95.125, z=41.125)",[0. 0. 0. 0. 0. 0. 0. 0. 0.],"geometry_msgs.msg.Vector3(x=0.0615234375, y=0.7978515625, z=-0.34228515625)",[0. 0. 0. 0. 0. 0. 0. 0. 0.],False,6.483936345,"[0.5860868518265292, 0.7486920771197882, 0.30976783722345713, 0.002502557896780639]","[77.875, -95.125, 41.125]","[0.0615234375, 0.7978515625, -0.34228515625]"
6499007862,"std_msgs.msg.Header(stamp=builtin_interfaces.msg.Time(sec=1731187346, nanosec=581348818), frame_id='RL_myo')","geometry_msgs.msg.Quaternion(x=0.5792561036009032, y=0.7613952198438005, z=0.29109297766835696, w=-0.002136350224028621)",[0. 0. 0. 0. 0. 0. 0. 0. 0.],"geometry_msgs.msg.Vector3(x=80.25, y=-82.0625, z=55.625)",[0. 0. 0. 0. 0. 0. 0. 0. 0.],"geometry_msgs.msg.Vector3(x=0.2587890625, y=0.64306640625, z=-0.24755859375)",[0. 0. 0. 0. 0. 0. 0. 0. 0.],False,6.499007862,"[0.5792561036009032, 0.7613952198438005, 0.29109297766835696, -0.002136350224028621]","[80.25, -82.0625, 55.625]","[0.2587890625, 0.64306640625, -0.24755859375]"
6516732837,"std_msgs.msg.Header(stamp=builtin_interfaces.msg.Time(sec=1731187346, nanosec=599124151), frame_id='RL_myo')","geometry_msgs.msg.Quaternion(x=0.5733874630956098, y=0.7731636145446125, z=0.27100706154401827, w=-0.00012207525294775597)",[0. 0. 0. 0. 0. 0. 0. 0. 0.],"geometry_msgs.msg.Vector3(x=61.9375, y=-51.1875, z=104.4375)",[0. 0. 0. 0. 0. 0. 0. 0. 0.],"geometry_msgs.msg.Vector3(x=0.34033203125, y=0.76220703125, z=-0.26318359375)",[0. 0. 0. 0. 0. 0. 0. 0. 0.],False,6.516732837,"[0.5733874630956098, 0.7731636145446125, 0.27100706154401827, -0.00012207525294775597]","[61.9375, -51.1875, 104.4375]","[0.34033203125, 0.76220703125, -0.26318359375]"
6539271789,"std_msgs.msg.Header(stamp=builtin_interfaces.msg.Time(sec=1731187346, nanosec=621606810), frame_id='RL_myo')","geometry_msgs.msg.Quaternion(x=0.5707132797995669, y=0.7811752465106799, z=0.2530060475688989, w=0.006287001905813411)",[0. 0. 0. 0. 0. 0. 0. 0. 0.],"geometry_msgs.msg.Vector3(x=28.75, y=-29.75, z=105.0625)",[0. 0. 0. 0. 0. 0. 0. 0. 0.],"geometry_msgs.msg.Vector3(x=0.26123046875, y=0.84228515625, z=-0.30419921875)",[0. 0. 0. 0. 0. 0. 0. 0. 0.],False,6.539271789,"[0.5707132797995669, 0.7811752465106799, 0.2530060475688989, 0.006287001905813411]","[28.75, -29.75, 105.0625]","[0.26123046875, 0.84228515625, -0.30419921875]"
6559048785,"std_msgs.msg.Header(stamp=builtin_interfaces.msg.Time(sec=1731187346, nanosec=641318453), frame_id='RL_myo')","geometry_msgs.msg.Quaternion(x=0.568639569982829, y=0.7870372064575566, z=0.2386625932409684, w=0.016175341997150032)",[0. 0. 0. 0. 0. 0. 0. 0. 0.],"geometry_msgs.msg.Vector3(x=4.125, y=-11.0, z=83.375)",[0. 0. 0. 0. 0. 0. 0. 0. 0.],"geometry_msgs.msg.Vector3(x=0.14501953125, y=0.73974609375, z=-0.4384765625)",[0. 0. 0. 0. 0. 0. 0. 0. 0.],False,6.559048785,"[0.568639569982829, 0.7870372064575566, 0.2386625932409684, 0.016175341997150032]","[4.125, -11.0, 83.375]","[0.14501953125, 0.73974609375, -0.4384765625]"
6576947824,"std_msgs.msg.Header(stamp=builtin_interfaces.msg.Time(sec=1731187346, nanosec=659206973), frame_id='RL_myo')","geometry_msgs.msg.Quaternion(x=0.5588703138376327, y=0.7975926595583603, z=0.22578214186166487, w=0.0230726276354986)",[0. 0. 0. 0. 0. 0. 0. 0. 0.],"geometry_msgs.msg.Vector3(x=45.375, y=-10.5, z=80.75)",[0. 0. 0. 0. 0. 0. 0. 0. 0.],"geometry_msgs.msg.Vector3(x=0.08642578125, y=0.63671875, z=-0.625)",[0. 0. 0. 0. 0. 0. 0. 0. 0.],False,6.576947824,"[0.5588703138376327, 0.7975926595583603, 0.22578214186166487, 0.0230726276354986]","[45.375, -10.5, 80.75]","[0.08642578125, 0.63671875, -0.625]"
6596298922,"std_msgs.msg.Header(stamp=builtin_interfaces.msg.Time(sec=1731187346, nanosec=678592707), frame_id='RL_myo')","geometry_msgs.msg.Quaternion(x=0.5456726441206314, y=0.8097806453633577, z=0.21387437863520053, w=0.02746674383157541)",[0. 0. 0. 0. 0. 0. 0. 0. 0.],"geometry_msgs.msg.Vector3(x=70.0625, y=-14.625, z=69.6875)",[0. 0. 0. 0. 0. 0. 0. 0. 0.],"geometry_msgs.msg.Vector3(x=0.1044921875, y=0.71484375, z=-0.673828125)",[0. 0. 0. 0. 0. 0. 0. 0. 0.],False,6.596298922,"[0.5456726441206314, 0.8097806453633577, 0.21387437863520053, 0.02746674383157541]","[70.0625, -14.625, 69.6875]","[0.1044921875, 0.71484375, -0.673828125]"
6626654659,"std_msgs.msg.Header(stamp=builtin_interfaces.msg.Time(sec=1731187346, nanosec=708846464), frame_id='RL_myo')","geometry_msgs.msg.Quaternion(x=0.5372019785381728, y=0.8174918871221165, z=0.20551744821475146, w=0.02972586791820135)",[0. 0. 0. 0. 0. 0. 0. 0. 0.],"geometry_msgs.msg.Vector3(x=50.1875, y=-15.75, z=40.6875)",[0. 0. 0. 0. 0. 0. 0. 0. 0.],"geometry_msgs.msg.Vector3(x=0.0732421875, y=0.90869140625, z=-0.5791015625)",[0. 0. 0. 0. 0. 0. 0. 0. 0.],False,6.626654659,"[0.5372019785381728, 0.8174918871221165, 0.20551744821475146, 0.02972586791820135]","[50.1875, -15.75, 40.6875]","[0.0732421875, 0.90869140625, -0.5791015625]"
6636812582,"std_msgs.msg.Header(stamp=builtin_interfaces.msg.Time(sec=1731187346, nanosec=719081318), frame_id='RL_myo')","geometry_msgs.msg.Quaternion(x=0.5296218422650016, y=0.8240054017030682, z=0.1987378954033474, w=0.031922579636348494)",[0. 0. 0. 0. 0. 0. 0. 0. 0.],"geometry_msgs.msg.Vector3(x=39.375, y=-11.1875, z=34.9375)",[0. 0. 0. 0. 0. 0. 0. 0. 0.],"geometry_msgs.msg.Vector3(x=0.037109375, y=0.9072265625, z=-0.646484375)",[0. 0. 0. 0. 0. 0. 0. 0. 0.],False,6.636812582,"[0.5296218422650016, 0.8240054017030682, 0.1987378954033474, 0.031922579636348494]","[39.375, -11.1875, 34.9375]","[0.037109375, 0.9072265625, -0.646484375]"
6656493228,"std_msgs.msg.Header(stamp=builtin_interfaces.msg.Time(sec=1731187346, nanosec=738797343), frame_id='RL_myo')","geometry_msgs.msg.Quaternion(x=0.5236498304345661, y=0.8296361458522699, z=0.19025720031058896, w=0.03601275206392284)",[0. 0. 0. 0. 0. 0. 0. 0. 0.],"geometry_msgs.msg.Vector3(x=26.75, y=-9.125, z=46.8125)",[0. 0. 0. 0. 0. 0. 0. 0. 0.],"geometry_msgs.msg.Vector3(x=0.06982421875, y=0.87890625, z=-0.6416015625)",[0. 0. 0. 0. 0. 0. 0. 0. 0.],False,6.656493228,"[0.5236498304345661, 0.8296361458522699, 0.19025720031058896, 0.03601275206392284]","[26.75, -9.125, 46.8125]","[0.06982421875, 0.87890625, -0.6416015625]"
6678963353,"std_msgs.msg.Header(stamp=builtin_interfaces.msg.Time(sec=1731187346, nanosec=761155685), frame_id='RL_myo')","geometry_msgs.msg.Quaternion(x=0.5202861760306801, y=0.8329828066976409, z=0.1834185780117543, w=0.04242126845862537)",[0. 0. 0. 0. 0. 0. 0. 0. 0.],"geometry_msgs.msg.Vector3(x=14.0, y=5.1875, z=42.3125)",[0. 0. 0. 0. 0. 0. 0. 0. 0.],"geometry_msgs.msg.Vector3(x=0.095703125, y=0.94287109375, z=-0.54443359375)",[0. 0. 0. 0. 0. 0. 0. 0. 0.],False,6.678963353,"[0.5202861760306801, 0.8329828066976409, 0.1834185780117543, 0.04242126845862537]","[14.0, 5.1875, 42.3125]","[0.095703125, 0.94287109375, -0.54443359375]"
6696884642,"std_msgs.msg.Header(stamp=builtin_interfaces.msg.Time(sec=1731187346, nanosec=779127077), frame_id='RL_myo')","geometry_msgs.msg.Quaternion(x=0.5171734911925228, y=0.8353636728975412, z=0.17987847026370407, w=0.04840299522196041)",[0. 0. 0. 0. 0. 0. 0. 0. 0.],"geometry_msgs.msg.Vector3(x=14.9375, y=17.1875, z=31.3125)",[0. 0. 0. 0. 0. 0. 0. 0. 0.],"geometry_msgs.msg.Vector3(x=-0.01025390625, y=0.94482421875, z=-0.4912109375)",[0. 0. 0. 0. 0. 0. 0. 0. 0.],False,6.696884642,"[0.5171734911925228, 0.8353636728975412, 0.17987847026370407, 0.04840299522196041]","[14.9375, 17.1875, 31.3125]","[-0.01025390625, 0.94482421875, -0.4912109375]"
6716472804,"std_msgs.msg.Header(stamp=builtin_interfaces.msg.Time(sec=1731187346, nanosec=798752942), frame_id='RL_myo')","geometry_msgs.msg.Quaternion(x=0.5152708265971307, y=0.8368725779996754, z=0.17688401510050755, w=0.053407009390249865)",[0. 0. 0. 0. 0. 0. 0. 0. 0.],"geometry_msgs.msg.Vector3(x=6.75, y=17.25, z=32.375)",[0. 0. 0. 0. 0. 0. 0. 0. 0.],"geometry_msgs.msg.Vector3(x=-0.11865234375, y=0.96630859375, z=-0.52294921875)",[0. 0. 0. 0. 0. 0. 0. 0. 0.],False,6.716472804,"[0.5152708265971307, 0.8368725779996754, 0.17688401510050755, 0.053407009390249865]","[6.75, 17.25, 32.375]","[-0.11865234375, 0.96630859375, -0.52294921875]"
6739006602,"std_msgs.msg.Header(stamp=builtin_interfaces.msg.Time(sec=1731187346, nanosec=821240807), frame_id='RL_myo')","geometry_msgs.msg.Quaternion(x=0.5143019101835268, y=0.8376785444289961, z=0.17481137796886076, w=0.056825905338341254)",[0. 0. 0. 0. 0. 0. 0. 0. 0.],"geometry_msgs.msg.Vector3(x=4.5625, y=12.9375, z=24.1875)",[0. 0. 0. 0. 0. 0. 0. 0. 0.],"geometry_msgs.msg.Vector3(x=-0.14208984375, y=0.95556640625, z=-0.4775390625)",[0. 0. 0. 0. 0. 0. 0. 0. 0.],False,6.739006602,"[0.5143019101835268, 0.8376785444289961, 0.17481137796886076, 0.056825905338341254]","[4.5625, 12.9375, 24.1875]","[-0.14208984375, 0.95556640625, -0.4775390625]"
6764366260,"std_msgs.msg.Header(stamp=builtin_interfaces.msg.Time(sec=1731187346, nanosec=846555128), frame_id='RL_myo')","geometry_msgs.msg.Quaternion(x=0.5161962446227812, y=0.8364613144508211, z=0.17414069834560658, w=0.05957284317746653)",[0. 0. 0. 0. 0. 0. 0. 0. 0.],"geometry_msgs.msg.Vector3(x=-10.875, y=12.0, z=13.5)",[0. 0. 0. 0. 0. 0. 0. 0. 0.],"geometry_msgs.msg.Vector3(x=-0.1513671875, y=0.94775390625, z=-0.41552734375)",[0. 0. 0. 0. 0. 0. 0. 0. 0.],False,6.76436626,"[0.5161962446227812, 0.8364613144508211, 0.17414069834560658, 0.05957284317746653]","[-10.875, 12.0, 13.5]","[-0.1513671875, 0.94775390625, -0.41552734375]"
6776262925,"std_msgs.msg.Header(stamp=builtin_interfaces.msg.Time(sec=1731187346, nanosec=858583610), frame_id='RL_myo')","geometry_msgs.msg.Quaternion(x=0.5173715731015787, y=0.8358761588075765, z=0.17286412164035758, w=0.06128374933860135)",[0. 0. 0. 0. 0. 0. 0. 0. 0.],"geometry_msgs.msg.Vector3(x=-10.5, y=6.875, z=16.875)",[0. 0. 0. 0. 0. 0. 0. 0. 0.],"geometry_msgs.msg.Vector3(x=-0.18408203125, y=0.892578125, z=-0.4765625)",[0. 0. 0. 0. 0. 0. 0. 0. 0.],False,6.776262925,"[0.5173715731015787, 0.8358761588075765, 0.17286412164035758, 0.06128374933860135]","[-10.5, 6.875, 16.875]","[-0.18408203125, 0.892578125, -0.4765625]"
6798857204,"std_msgs.msg.Header(stamp=builtin_interfaces.msg.Time(sec=1731187346, nanosec=881181032), frame_id='RL_myo')","geometry_msgs.msg.Quaternion(x=0.5174756428954275, y=0.836274331600643, z=0.16998934482941325, w=0.06299066566030681)",[0. 0. 0. 0. 0. 0. 0. 0. 0.],"geometry_msgs.msg.Vector3(x=-6.3125, y=1.1875, z=23.25)",[0. 0. 0. 0. 0. 0. 0. 0. 0.],"geometry_msgs.msg.Vector3(x=-0.1376953125, y=0.88232421875, z=-0.5234375)",[0. 0. 0. 0. 0. 0. 0. 0. 0.],False,6.798857204,"[0.5174756428954275, 0.836274331600643, 0.16998934482941325, 0.06299066566030681]","[-6.3125, 1.1875, 23.25]","[-0.1376953125, 0.88232421875, -0.5234375]"
6816828740,"std_msgs.msg.Header(stamp=builtin_interfaces.msg.Time(sec=1731187346, nanosec=899093064), frame_id='RL_myo')","geometry_msgs.msg.Quaternion(x=0.5141787433013952, y=0.8386533633619623, z=0.16742548585894196, w=0.06518790335302589)",[0. 0. 0. 0. 0. 0. 0. 0. 0.],"geometry_msgs.msg.Vector3(x=13.8125, y=5.1875, z=23.25)",[0. 0. 0. 0. 0. 0. 0. 0. 0.],"geometry_msgs.msg.Vector3(x=-0.06884765625, y=0.814453125, z=-0.51953125)",[0. 0. 0. 0. 0. 0. 0. 0. 0.],False,6.81682874,"[0.5141787433013952, 0.8386533633619623, 0.16742548585894196, 0.06518790335302589]","[13.8125, 5.1875, 23.25]","[-0.06884765625, 0.814453125, -0.51953125]"
6843983889,"std_msgs.msg.Header(stamp=builtin_interfaces.msg.Time(sec=1731187346, nanosec=926230674), frame_id='RL_myo')","geometry_msgs.msg.Quaternion(x=0.5099134399605977, y=0.841534186825085, z=0.1644980513159936, w=0.06891217066261847)",[0. 0. 0. 0. 0. 0. 0. 0. 0.],"geometry_msgs.msg.Vector3(x=19.3125, y=11.5, z=28.3125)",[0. 0. 0. 0. 0. 0. 0. 0. 0.],"geometry_msgs.msg.Vector3(x=-0.033203125, y=0.810546875, z=-0.51318359375)",[0. 0. 0. 0. 0. 0. 0. 0. 0.],False,6.843983889,"[0.5099134399605977, 0.841534186825085, 0.1644980513159936, 0.06891217066261847]","[19.3125, 11.5, 28.3125]","[-0.033203125, 0.810546875, -0.51318359375]"
6858994678,"std_msgs.msg.Header(stamp=builtin_interfaces.msg.Time(sec=1731187346, nanosec=941264246), frame_id='RL_myo')","geometry_msgs.msg.Quaternion(x=0.5030187099927478, y=0.8459332971471291, z=0.1617521637520667, w=0.07214756888865767)",[0. 0. 0. 0. 0. 0. 0. 0. 0.],"geometry_msgs.msg.Vector3(x=35.0, y=10.875, z=27.8125)",[0. 0. 0. 0. 0. 0. 0. 0. 0.],"geometry_msgs.msg.Vector3(x=-0.0146484375, y=0.888671875, z=-0.6025390625)",[0. 0. 0. 0. 0. 0. 0. 0. 0.],False,6.858994678,"[0.5030187099927478, 0.8459332971471291, 0.1617521637520667, 0.07214756888865767]","[35.0, 10.875, 27.8125]","[-0.0146484375, 0.888671875, -0.6025390625]"
6876966437,"std_msgs.msg.Header(stamp=builtin_interfaces.msg.Time(sec=1731187346, nanosec=959195267), frame_id='RL_myo')","geometry_msgs.msg.Quaternion(x=0.49659677663211915, y=0.8498177139932394, z=0.1607103383569776, w=0.07330539930373342)",[0. 0. 0. 0. 0. 0. 0. 0. 0.],"geometry_msgs.msg.Vector3(x=41.5625, y=7.0625, z=14.875)",[0. 0. 0. 0. 0. 0. 0. 0. 0.],"geometry_msgs.msg.Vector3(x=-0.04345703125, y=1.08056640625, z=-0.603515625)",[0. 0. 0. 0. 0. 0. 0. 0. 0.],False,6.876966437,"[0.49659677663211915, 0.8498177139932394, 0.1607103383569776, 0.07330539930373342]","[41.5625, 7.0625, 14.875]","[-0.04345703125, 1.08056640625, -0.603515625]"
6898699614,"std_msgs.msg.Header(stamp=builtin_interfaces.msg.Time(sec=1731187346, nanosec=980894351), frame_id='RL_myo')","geometry_msgs.msg.Quaternion(x=0.4919068262130987, y=0.852276338803015, z=0.1627888702705465, w=0.0717809191744142)",[0. 0. 0. 0. 0. 0. 0. 0. 0.],"geometry_msgs.msg.Vector3(x=38.875, y=4.3125, z=-6.1875)",[0. 0. 0. 0. 0. 0. 0. 0. 0.],"geometry_msgs.msg.Vector3(x=-0.1220703125, y=1.23876953125, z=-0.6201171875)",[0. 0. 0. 0. 0. 0. 0. 0. 0.],False,6.898699614,"[0.4919068262130987, 0.852276338803015, 0.1627888702705465, 0.0717809191744142]","[38.875, 4.3125, -6.1875]","[-0.1220703125, 1.23876953125, -0.6201171875]"
6918952940,"std_msgs.msg.Header(stamp=builtin_interfaces.msg.Time(sec=1731187347, nanosec=1267811), frame_id='RL_myo')","geometry_msgs.msg.Quaternion(x=0.48866295925556547, y=0.8541530666777896, z=0.16351836970342992, w=0.06994850753271022)",[0. 0. 0. 0. 0. 0. 0. 0. 0.],"geometry_msgs.msg.Vector3(x=22.5625, y=-0.9375, z=0.375)",[0. 0. 0. 0. 0. 0. 0. 0. 0.],"geometry_msgs.msg.Vector3(x=-0.1533203125, y=1.11083984375, z=-0.6728515625)",[0. 0. 0. 0. 0. 0. 0. 0. 0.],False,6.91895294,"[0.48866295925556547, 0.8541530666777896, 0.16351836970342992, 0.06994850753271022]","[22.5625, -0.9375, 0.375]","[-0.1533203125, 1.11083984375, -0.6728515625]"
6937111155,"std_msgs.msg.Header(stamp=builtin_interfaces.msg.Time(sec=1731187347, nanosec=19308317), frame_id='RL_myo')","geometry_msgs.msg.Quaternion(x=0.4911776819260865, y=0.8531976684432505, z=0.16089777178540624, w=0.07007232246192957)",[0. 0. 0. 0. 0. 0. 0. 0. 0.],"geometry_msgs.msg.Vector3(x=-8.875, y=-4.0, z=19.0625)",[0. 0. 0. 0. 0. 0. 0. 0. 0.],"geometry_msgs.msg.Vector3(x=-0.17626953125, y=1.154296875, z=-0.56298828125)",[0. 0. 0. 0. 0. 0. 0. 0. 0.],False,6.937111155,"[0.4911776819260865, 0.8531976684432505, 0.16089777178540624, 0.07007232246192957]","[-8.875, -4.0, 19.0625]","[-0.17626953125, 1.154296875, -0.56298828125]"
6956347130,"std_msgs.msg.Header(stamp=builtin_interfaces.msg.Time(sec=1731187347, nanosec=38651817), frame_id='RL_myo')","geometry_msgs.msg.Quaternion(x=0.49497199344051585, y=0.8517498084189121, z=0.15650612790497997, w=0.07092828417534584)",[0. 0. 0. 0. 0. 0. 0. 0. 0.],"geometry_msgs.msg.Vector3(x=-20.75, y=-7.375, z=26.75)",[0. 0. 0. 0. 0. 0. 0. 0. 0.],"geometry_msgs.msg.Vector3(x=-0.13525390625, y=0.9697265625, z=-0.482421875)",[0. 0. 0. 0. 0. 0. 0. 0. 0.],False,6.95634713,"[0.49497199344051585, 0.8517498084189121, 0.15650612790497997, 0.07092828417534584]","[-20.75, -7.375, 26.75]","[-0.13525390625, 0.9697265625, -0.482421875]"
6978807522,"std_msgs.msg.Header(stamp=builtin_interfaces.msg.Time(sec=1731187347, nanosec=61196769), frame_id='RL_myo')","geometry_msgs.msg.Quaternion(x=0.499122637822577, y=0.8499185042242341, z=0.15290475819317054, w=0.07166075294162962)",[0. 0. 0. 0. 0. 0. 0. 0. 0.],"geometry_msgs.msg.Vector3(x=-26.0625, y=-7.4375, z=19.875)",[0. 0. 0. 0. 0. 0. 0. 0. 0.],"geometry_msgs.msg.Vector3(x=-0.08984375, y=0.890625, z=-0.4775390625)",[0. 0. 0. 0. 0. 0. 0. 0. 0.],False,6.978807522,"[0.499122637822577, 0.8499185042242341, 0.15290475819317054, 0.07166075294162962]","[-26.0625, -7.4375, 19.875]","[-0.08984375, 0.890625, -0.4775390625]"
6996785907,"std_msgs.msg.Header(stamp=builtin_interfaces.msg.Time(sec=1731187347, nanosec=79065229), frame_id='RL_myo')","geometry_msgs.msg.Quaternion(x=0.4991710597108989, y=0.8504463652423521, z=0.15021520884672565, w=0.07074336735203374)",[0. 0. 0. 0. 0. 0. 0. 0. 0.],"geometry_msgs.msg.Vector3(x=-1.3125, y=-9.0625, z=17.0625)",[0. 0. 0. 0. 0. 0. 0. 0. 0.],"geometry_msgs.msg.Vector3(x=-0.13037109375, y=0.79736328125, z=-0.48876953125)",[0. 0. 0. 0. 0. 0. 0. 0. 0.],False,6.996785907,"[0.4991710597108989, 0.8504463652423521, 0.15021520884672565, 0.07074336735203374]","[-1.3125, -9.0625, 17.0625]","[-0.13037109375, 0.79736328125, -0.48876953125]"
7017811387,"std_msgs.msg.Header(stamp=builtin_interfaces.msg.Time(sec=1731187347, nanosec=100109057), frame_id='RL_myo')","geometry_msgs.msg.Quaternion(x=0.49899124381278426, y=0.8512454906682677, z=0.14753049985266048, w=0.06799709426390724)",[0. 0. 0. 0. 0. 0. 0. 0. 0.],"geometry_msgs.msg.Vector3(x=2.1875, y=-17.75, z=12.375)",[0. 0. 0. 0. 0. 0. 0. 0. 0.],"geometry_msgs.msg.Vector3(x=-0.13720703125, y=0.91015625, z=-0.55224609375)",[0. 0. 0. 0. 0. 0. 0. 0. 0.],False,7.017811387,"[0.49899124381278426, 0.8512454906682677, 0.14753049985266048, 0.06799709426390724]","[2.1875, -17.75, 12.375]","[-0.13720703125, 0.91015625, -0.55224609375]"
7041763685,"std_msgs.msg.Header(stamp=builtin_interfaces.msg.Time(sec=1731187347, nanosec=124069854), frame_id='RL_myo')","geometry_msgs.msg.Quaternion(x=0.49727586054934564, y=0.8528827297724324, z=0.14600268300405483, w=0.06317423783829296)",[0. 0. 0. 0. 0. 0. 0. 0. 0.],"geometry_msgs.msg.Vector3(x=14.8125, y=-24.9375, z=-0.375)",[0. 0. 0. 0. 0. 0. 0. 0. 0.],"geometry_msgs.msg.Vector3(x=-0.1064453125, y=0.97021484375, z=-0.5859375)",[0. 0. 0. 0. 0. 0. 0. 0. 0.],False,7.041763685,"[0.49727586054934564, 0.8528827297724324, 0.14600268300405483, 0.06317423783829296]","[14.8125, -24.9375, -0.375]","[-0.1064453125, 0.97021484375, -0.5859375]"
7056819389,"std_msgs.msg.Header(stamp=builtin_interfaces.msg.Time(sec=1731187347, nanosec=139010518), frame_id='RL_myo')","geometry_msgs.msg.Quaternion(x=0.49741714969536294, y=0.853281916258618, z=0.1449706381797137, w=0.0589038593024942)",[0. 0. 0. 0. 0. 0. 0. 0. 0.],"geometry_msgs.msg.Vector3(x=7.0625, y=-25.75, z=-9.6875)",[0. 0. 0. 0. 0. 0. 0. 0. 0.],"geometry_msgs.msg.Vector3(x=-0.0048828125, y=1.05615234375, z=-0.54833984375)",[0. 0. 0. 0. 0. 0. 0. 0. 0.],False,7.056819389,"[0.49741714969536294, 0.853281916258618, 0.1449706381797137, 0.0589038593024942]","[7.0625, -25.75, -9.6875]","[-0.0048828125, 1.05615234375, -0.54833984375]"
7077817760,"std_msgs.msg.Header(stamp=builtin_interfaces.msg.Time(sec=1731187347, nanosec=160098499), frame_id='RL_myo')","geometry_msgs.msg.Quaternion(x=0.49951713291173616, y=0.8521210523681266, z=0.1468521776375412, w=0.05297908985427505)",[0. 0. 0. 0. 0. 0. 0. 0. 0.],"geometry_msgs.msg.Vector3(x=-2.0625, y=-25.3125, z=-29.125)",[0. 0. 0. 0. 0. 0. 0. 0. 0.],"geometry_msgs.msg.Vector3(x=-0.0546875, y=1.15625, z=-0.56494140625)",[0. 0. 0. 0. 0. 0. 0. 0. 0.],False,7.07781776,"[0.49951713291173616, 0.8521210523681266, 0.1468521776375412, 0.05297908985427505]","[-2.0625, -25.3125, -29.125]","[-0.0546875, 1.15625, -0.56494140625]"
7098925545,"std_msgs.msg.Header(stamp=builtin_interfaces.msg.Time(sec=1731187347, nanosec=181099984), frame_id='RL_myo')","geometry_msgs.msg.Quaternion(x=0.5031467914016718, y=0.8497278276237624, z=0.1508280627870352, w=0.04535218561342256)",[0. 0. 0. 0. 0. 0. 0. 0. 0.],"geometry_msgs.msg.Vector3(x=-10.25, y=-27.125, z=-43.5)",[0. 0. 0. 0. 0. 0. 0. 0. 0.],"geometry_msgs.msg.Vector3(x=-0.11669921875, y=1.18359375, z=-0.556640625)",[0. 0. 0. 0. 0. 0. 0. 0. 0.],False,7.098925545,"[0.5031467914016718, 0.8497278276237624, 0.1508280627870352, 0.04535218561342256]","[-10.25, -27.125, -43.5]","[-0.11669921875, 1.18359375, -0.556640625]"
7117065034,"std_msgs.msg.Header(stamp=builtin_interfaces.msg.Time(sec=1731187347, nanosec=199267555), frame_id='RL_myo')","geometry_msgs.msg.Quaternion(x=0.5079056876174391, y=0.8463670549817823, z=0.15595469677473345, w=0.03705068530029871)",[0. 0. 0. 0. 0. 0. 0. 0. 0.],"geometry_msgs.msg.Vector3(x=-17.1875, y=-27.375, z=-51.625)",[0. 0. 0. 0. 0. 0. 0. 0. 0.],"geometry_msgs.msg.Vector3(x=-0.15185546875, y=1.19287109375, z=-0.54443359375)",[0. 0. 0. 0. 0. 0. 0. 0. 0.],False,7.117065034,"[0.5079056876174391, 0.8463670549817823, 0.15595469677473345, 0.03705068530029871]","[-17.1875, -27.375, -51.625]","[-0.15185546875, 1.19287109375, -0.54443359375]"
7138018989,"std_msgs.msg.Header(stamp=builtin_interfaces.msg.Time(sec=1731187347, nanosec=220249181), frame_id='RL_myo')","geometry_msgs.msg.Quaternion(x=0.5119270409450177, y=0.8431200925925277, z=0.16230046522866368, w=0.027161980829919267)",[0. 0. 0. 0. 0. 0. 0. 0. 0.],"geometry_msgs.msg.Vector3(x=-14.0625, y=-30.4375, z=-60.5)",[0. 0. 0. 0. 0. 0. 0. 0. 0.],"geometry_msgs.msg.Vector3(x=-0.19970703125, y=1.12841796875, z=-0.5361328125)",[0. 0. 0. 0. 0. 0. 0. 0. 0.],False,7.138018989,"[0.5119270409450177, 0.8431200925925277, 0.16230046522866368, 0.027161980829919267]","[-14.0625, -30.4375, -60.5]","[-0.19970703125, 1.12841796875, -0.5361328125]"
7159081538,"std_msgs.msg.Header(stamp=builtin_interfaces.msg.Time(sec=1731187347, nanosec=241335131), frame_id='RL_myo')","geometry_msgs.msg.Quaternion(x=0.5166312695775811, y=0.839342697065373, z=0.16816152501018855, w=0.017823290491098022)",[0. 0. 0. 0. 0. 0. 0. 0. 0.],"geometry_msgs.msg.Vector3(x=-16.875, y=-31.6875, z=-62.3125)",[0. 0. 0. 0. 0. 0. 0. 0. 0.],"geometry_msgs.msg.Vector3(x=-0.13818359375, y=1.06982421875, z=-0.455078125)",[0. 0. 0. 0. 0. 0. 0. 0. 0.],False,7.159081538,"[0.5166312695775811, 0.839342697065373, 0.16816152501018855, 0.017823290491098022]","[-16.875, -31.6875, -62.3125]","[-0.13818359375, 1.06982421875, -0.455078125]"
7177153477,"std_msgs.msg.Header(stamp=builtin_interfaces.msg.Time(sec=1731187347, nanosec=259291649), frame_id='RL_myo')","geometry_msgs.msg.Quaternion(x=0.522174626141442, y=0.8347469534903988, z=0.17444477866887684, w=0.010010127257416306)",[0. 0. 0. 0. 0. 0. 0. 0. 0.],"geometry_msgs.msg.Vector3(x=-23.5, y=-25.8125, z=-64.8125)",[0. 0. 0. 0. 0. 0. 0. 0. 0.],"geometry_msgs.msg.Vector3(x=-0.091796875, y=1.025390625, z=-0.39013671875)",[0. 0. 0. 0. 0. 0. 0. 0. 0.],False,7.177153477,"[0.522174626141442, 0.8347469534903988, 0.17444477866887684, 0.010010127257416306]","[-23.5, -25.8125, -64.8125]","[-0.091796875, 1.025390625, -0.39013671875]"
7199886979,"std_msgs.msg.Header(stamp=builtin_interfaces.msg.Time(sec=1731187347, nanosec=282196130), frame_id='RL_myo')","geometry_msgs.msg.Quaternion(x=0.5284013878268755, y=0.8291940457003701, z=0.18225788888195107, w=0.0033570609137666806)",[0. 0. 0. 0. 0. 0. 0. 0. 0.],"geometry_msgs.msg.Vector3(x=-31.5, y=-15.75, z=-68.75)",[0. 0. 0. 0. 0. 0. 0. 0. 0.],"geometry_msgs.msg.Vector3(x=-0.10791015625, y=0.93701171875, z=-0.34130859375)",[0. 0. 0. 0. 0. 0. 0. 0. 0.],False,7.199886979,"[0.5284013878268755, 0.8291940457003701, 0.18225788888195107, 0.0033570609137666806]","[-31.5, -15.75, -68.75]","[-0.10791015625, 0.93701171875, -0.34130859375]"
7218944305,"std_msgs.msg.Header(stamp=builtin_interfaces.msg.Time(sec=1731187347, nanosec=301233481), frame_id='RL_myo')","geometry_msgs.msg.Quaternion(x=0.5332809762209435, y=0.824122666926311, z=0.19086295211661788, w=-0.0021362978330929407)",[0. 0. 0. 0. 0. 0. 0. 0. 0.],"geometry_msgs.msg.Vector3(x=-28.25, y=-5.1875, z=-65.5)",[0. 0. 0. 0. 0. 0. 0. 0. 0.],"geometry_msgs.msg.Vector3(x=-0.146484375, y=0.7998046875, z=-0.31982421875)",[0. 0. 0. 0. 0. 0. 0. 0. 0.],False,7.218944305,"[0.5332809762209435, 0.824122666926311, 0.19086295211661788, -0.0021362978330929407]","[-28.25, -5.1875, -65.5]","[-0.146484375, 0.7998046875, -0.31982421875]"
7236946909,"std_msgs.msg.Header(stamp=builtin_interfaces.msg.Time(sec=1731187347, nanosec=319229984), frame_id='RL_myo')","geometry_msgs.msg.Quaternion(x=0.5368856613247518, y=0.8197333369248996, z=0.1994094424224607, w=-0.005188185676739871)",[0. 0. 0. 0. 0. 0. 0. 0. 0.],"geometry_msgs.msg.Vector3(x=-21.5625, y=7.6875, z=-57.5)",[0. 0. 0. 0. 0. 0. 0. 0. 0.],"geometry_msgs.msg.Vector3(x=-0.14306640625, y=0.7451171875, z=-0.2705078125)",[0. 0. 0. 0. 0. 0. 0. 0. 0.],False,7.236946909,"[0.5368856613247518, 0.8197333369248996, 0.1994094424224607, -0.005188185676739871]","[-21.5625, 7.6875, -57.5]","[-0.14306640625, 0.7451171875, -0.2705078125]"
7257962605,"std_msgs.msg.Header(stamp=builtin_interfaces.msg.Time(sec=1731187347, nanosec=340255754), frame_id='RL_myo')","geometry_msgs.msg.Quaternion(x=0.5375441766099331, y=0.817028085398043, z=0.2084990243328638, w=-0.0062867094573433755)",[0. 0. 0. 0. 0. 0. 0. 0. 0.],"geometry_msgs.msg.Vector3(x=-6.3125, y=22.4375, z=-50.0)",[0. 0. 0. 0. 0. 0. 0. 0. 0.],"geometry_msgs.msg.Vector3(x=-0.16943359375, y=0.7041015625, z=-0.27099609375)",[0. 0. 0. 0. 0. 0. 0. 0. 0.],False,7.257962605,"[0.5375441766099331, 0.817028085398043, 0.2084990243328638, -0.0062867094573433755]","[-6.3125, 22.4375, -50.0]","[-0.16943359375, 0.7041015625, -0.27099609375]"
7278774368,"std_msgs.msg.Header(stamp=builtin_interfaces.msg.Time(sec=1731187347, nanosec=361074886), frame_id='RL_myo')","geometry_msgs.msg.Quaternion(x=0.5351242020137946, y=0.8161452840340422, z=0.21796835010736404, w=-0.006225923189849099)",[0. 0. 0. 0. 0. 0. 0. 0. 0.],"geometry_msgs.msg.Vector3(x=13.0, y=35.125, z=-42.125)",[0. 0. 0. 0. 0. 0. 0. 0. 0.],"geometry_msgs.msg.Vector3(x=-0.24462890625, y=0.67724609375, z=-0.2568359375)",[0. 0. 0. 0. 0. 0. 0. 0. 0.],False,7.278774368,"[0.5351242020137946, 0.8161452840340422, 0.21796835010736404, -0.006225923189849099]","[13.0, 35.125, -42.125]","[-0.24462890625, 0.67724609375, -0.2568359375]"
7296531717,"std_msgs.msg.Header(stamp=builtin_interfaces.msg.Time(sec=1731187347, nanosec=379072391), frame_id='RL_myo')","geometry_msgs.msg.Quaternion(x=0.530057392479694, y=0.8169378329051388, z=0.22718489346032025, w=-0.006225915941147949)",[0. 0. 0. 0. 0. 0. 0. 0. 0.],"geometry_msgs.msg.Vector3(x=28.0, y=39.1875, z=-34.3125)",[0. 0. 0. 0. 0. 0. 0. 0. 0.],"geometry_msgs.msg.Vector3(x=-0.32763671875, y=0.66796875, z=-0.3046875)",[0. 0. 0. 0. 0. 0. 0. 0. 0.],False,7.296531717,"[0.530057392479694, 0.8169378329051388, 0.22718489346032025, -0.006225915941147949]","[28.0, 39.1875, -34.3125]","[-0.32763671875, 0.66796875, -0.3046875]"
7318480783,"std_msgs.msg.Header(stamp=builtin_interfaces.msg.Time(sec=1731187347, nanosec=400760864), frame_id='RL_myo')","geometry_msgs.msg.Quaternion(x=0.5249312843092832, y=0.8179161871795807, z=0.23542557716057036, w=-0.005920736578837263)",[0. 0. 0. 0. 0. 0. 0. 0. 0.],"geometry_msgs.msg.Vector3(x=27.5625, y=37.4375, z=-29.125)",[0. 0. 0. 0. 0. 0. 0. 0. 0.],"geometry_msgs.msg.Vector3(x=-0.345703125, y=0.73388671875, z=-0.35986328125)",[0. 0. 0. 0. 0. 0. 0. 0. 0.],False,7.318480783,"[0.5249312843092832, 0.8179161871795807, 0.23542557716057036, -0.005920736578837263]","[27.5625, 37.4375, -29.125]","[-0.345703125, 0.73388671875, -0.35986328125]"
7339589661,"std_msgs.msg.Header(stamp=builtin_interfaces.msg.Time(sec=1731187347, nanosec=421867417), frame_id='RL_myo')","geometry_msgs.msg.Quaternion(x=0.5220582054449162, y=0.8176043098251669, z=0.2428092530410238, w=-0.004699927723519063)",[0. 0. 0. 0. 0. 0. 0. 0. 0.],"geometry_msgs.msg.Vector3(x=14.5, y=34.9375, z=-27.5625)",[0. 0. 0. 0. 0. 0. 0. 0. 0.],"geometry_msgs.msg.Vector3(x=-0.29736328125, y=0.76611328125, z=-0.34521484375)",[0. 0. 0. 0. 0. 0. 0. 0. 0.],False,7.339589661,"[0.5220582054449162, 0.8176043098251669, 0.2428092530410238, -0.004699927723519063]","[14.5, 34.9375, -27.5625]","[-0.29736328125, 0.76611328125, -0.34521484375]"
7363355387,"std_msgs.msg.Header(stamp=builtin_interfaces.msg.Time(sec=1731187347, nanosec=445549785), frame_id='RL_myo')","geometry_msgs.msg.Quaternion(x=0.5199288258754883, y=0.8170048525878622, z=0.24934365504829414, w=-0.002197398184024134)",[0. 0. 0. 0. 0. 0. 0. 0. 0.],"geometry_msgs.msg.Vector3(x=3.75, y=37.0, z=-18.5)",[0. 0. 0. 0. 0. 0. 0. 0. 0.],"geometry_msgs.msg.Vector3(x=-0.30126953125, y=0.66796875, z=-0.37744140625)",[0. 0. 0. 0. 0. 0. 0. 0. 0.],False,7.363355387,"[0.5199288258754883, 0.8170048525878622, 0.24934365504829414, -0.002197398184024134]","[3.75, 37.0, -18.5]","[-0.30126953125, 0.66796875, -0.37744140625]"
7378586535,"std_msgs.msg.Header(stamp=builtin_interfaces.msg.Time(sec=1731187347, nanosec=460853863), frame_id='RL_myo')","geometry_msgs.msg.Quaternion(x=0.5174713851964087, y=0.8171018440226849, z=0.2540968832947216, w=0.0016479980420267793)",[0. 0. 0. 0. 0. 0. 0. 0. 0.],"geometry_msgs.msg.Vector3(x=3.75, y=38.8125, z=-4.0625)",[0. 0. 0. 0. 0. 0. 0. 0. 0.],"geometry_msgs.msg.Vector3(x=-0.296875, y=0.59814453125, z=-0.36865234375)",[0. 0. 0. 0. 0. 0. 0. 0. 0.],False,7.378586535,"[0.5174713851964087, 0.8171018440226849, 0.2540968832947216, 0.0016479980420267793]","[3.75, 38.8125, -4.0625]","[-0.296875, 0.59814453125, -0.36865234375]"
7399541860,"std_msgs.msg.Header(stamp=builtin_interfaces.msg.Time(sec=1731187347, nanosec=481868208), frame_id='RL_myo')","geometry_msgs.msg.Quaternion(x=0.5133218354526135, y=0.8183241198469903, z=0.25849203010009725, w=0.005310225883992553)",[0. 0. 0. 0. 0. 0. 0. 0. 0.],"geometry_msgs.msg.Vector3(x=14.5, y=38.375, z=-1.8125)",[0. 0. 0. 0. 0. 0. 0. 0. 0.],"geometry_msgs.msg.Vector3(x=-0.2880859375, y=0.61181640625, z=-0.400390625)",[0. 0. 0. 0. 0. 0. 0. 0. 0.],False,7.39954186,"[0.5133218354526135, 0.8183241198469903, 0.25849203010009725, 0.005310225883992553]","[14.5, 38.375, -1.8125]","[-0.2880859375, 0.61181640625, -0.400390625]"
7416196342,"std_msgs.msg.Header(stamp=builtin_interfaces.msg.Time(sec=1731187347, nanosec=498459830), frame_id='RL_myo')","geometry_msgs.msg.Quaternion(x=0.5081882004333211, y=0.820144709250845, z=0.26276125424759156, w=0.00799575477501382)",[0. 0. 0. 0. 0. 0. 0. 0. 0.],"geometry_msgs.msg.Vector3(x=21.0625, y=36.3125, z=-0.1875)",[0. 0. 0. 0. 0. 0. 0. 0. 0.],"geometry_msgs.msg.Vector3(x=-0.3662109375, y=0.69775390625, z=-0.478515625)",[0. 0. 0. 0. 0. 0. 0. 0. 0.],False,7.416196342,"[0.5081882004333211, 0.820144709250845, 0.26276125424759156, 0.00799575477501382]","[21.0625, 36.3125, -0.1875]","[-0.3662109375, 0.69775390625, -0.478515625]"
7438371351,"std_msgs.msg.Header(stamp=builtin_interfaces.msg.Time(sec=1731187347, nanosec=520732244), frame_id='RL_myo')","geometry_msgs.msg.Quaternion(x=0.5041811962739733, y=0.8217665188179786, z=0.2652749974584368, w=0.011414271634773971)",[0. 0. 0. 0. 0. 0. 0. 0. 0.],"geometry_msgs.msg.Vector3(x=15.3125, y=30.75, z=4.5625)",[0. 0. 0. 0. 0. 0. 0. 0. 0.],"geometry_msgs.msg.Vector3(x=-0.2958984375, y=0.763671875, z=-0.50439453125)",[0. 0. 0. 0. 0. 0. 0. 0. 0.],False,7.438371351,"[0.5041811962739733, 0.8217665188179786, 0.2652749974584368, 0.011414271634773971]","[15.3125, 30.75, 4.5625]","[-0.2958984375, 0.763671875, -0.50439453125]"
7452787123,"std_msgs.msg.Header(stamp=builtin_interfaces.msg.Time(sec=1731187347, nanosec=535151765), frame_id='RL_myo')","geometry_msgs.msg.Quaternion(x=0.5012661110170381, y=0.8230726060586631, z=0.26644259310635304, w=0.017091391997658384)",[0. 0. 0. 0. 0. 0. 0. 0. 0.],"geometry_msgs.msg.Vector3(x=4.6875, y=32.9375, z=12.625)",[0. 0. 0. 0. 0. 0. 0. 0. 0.],"geometry_msgs.msg.Vector3(x=-0.2080078125, y=0.7587890625, z=-0.52294921875)",[0. 0. 0. 0. 0. 0. 0. 0. 0.],False,7.452787123,"[0.5012661110170381, 0.8230726060586631, 0.26644259310635304, 0.017091391997658384]","[4.6875, 32.9375, 12.625]","[-0.2080078125, 0.7587890625, -0.52294921875]"
7475755484,"std_msgs.msg.Header(stamp=builtin_interfaces.msg.Time(sec=1731187347, nanosec=558202247), frame_id='RL_myo')","geometry_msgs.msg.Quaternion(x=0.4981944852696507, y=0.8242610057683611, z=0.2681411876733124, w=0.02227897416361462)",[0. 0. 0. 0. 0. 0. 0. 0. 0.],"geometry_msgs.msg.Vector3(x=6.0, y=34.8125, z=12.6875)",[0. 0. 0. 0. 0. 0. 0. 0. 0.],"geometry_msgs.msg.Vector3(x=-0.265625, y=0.74365234375, z=-0.5234375)",[0. 0. 0. 0. 0. 0. 0. 0. 0.],False,7.475755484,"[0.4981944852696507, 0.8242610057683611, 0.2681411876733124, 0.02227897416361462]","[6.0, 34.8125, 12.6875]","[-0.265625, 0.74365234375, -0.5234375]"
7498625102,"std_msgs.msg.Header(stamp=builtin_interfaces.msg.Time(sec=1731187347, nanosec=580951726), frame_id='RL_myo')","geometry_msgs.msg.Quaternion(x=0.49368088747888583, y=0.8262196455136249, z=0.27003514418973673, w=0.02685702157402445)",[0. 0. 0. 0. 0. 0. 0. 0. 0.],"geometry_msgs.msg.Vector3(x=12.375, y=33.6875, z=11.0625)",[0. 0. 0. 0. 0. 0. 0. 0. 0.],"geometry_msgs.msg.Vector3(x=-0.25830078125, y=0.7431640625, z=-0.5859375)",[0. 0. 0. 0. 0. 0. 0. 0. 0.],False,7.498625102,"[0.49368088747888583, 0.8262196455136249, 0.27003514418973673, 0.02685702157402445]","[12.375, 33.6875, 11.0625]","[-0.25830078125, 0.7431640625, -0.5859375]"
7513015272,"std_msgs.msg.Header(stamp=builtin_interfaces.msg.Time(sec=1731187347, nanosec=595314302), frame_id='RL_myo')","geometry_msgs.msg.Quaternion(x=0.4881844692862573, y=0.8290224383403284, z=0.27094909466887923, w=0.03137369557553592)",[0. 0. 0. 0. 0. 0. 0. 0. 0.],"geometry_msgs.msg.Vector3(x=17.9375, y=29.75, z=13.6875)",[0. 0. 0. 0. 0. 0. 0. 0. 0.],"geometry_msgs.msg.Vector3(x=-0.1982421875, y=0.77587890625, z=-0.6474609375)",[0. 0. 0. 0. 0. 0. 0. 0. 0.],False,7.513015272,"[0.4881844692862573, 0.8290224383403284, 0.27094909466887923, 0.03137369557553592]","[17.9375, 29.75, 13.6875]","[-0.1982421875, 0.77587890625, -0.6474609375]"
7535981058,"std_msgs.msg.Header(stamp=builtin_interfaces.msg.Time(sec=1731187347, nanosec=618354782), frame_id='RL_myo')","geometry_msgs.msg.Quaternion(x=0.48427500292545894, y=0.8309704927939499, z=0.27131363599743696, w=0.03680587682934859)",[0. 0. 0. 0. 0. 0. 0. 0. 0.],"geometry_msgs.msg.Vector3(x=10.25, y=28.8125, z=13.5)",[0. 0. 0. 0. 0. 0. 0. 0. 0.],"geometry_msgs.msg.Vector3(x=-0.146484375, y=0.8564453125, z=-0.64111328125)",[0. 0. 0. 0. 0. 0. 0. 0. 0.],False,7.535981058,"[0.48427500292545894, 0.8309704927939499, 0.27131363599743696, 0.03680587682934859]","[10.25, 28.8125, 13.5]","[-0.146484375, 0.8564453125, -0.64111328125]"
7558555246,"std_msgs.msg.Header(stamp=builtin_interfaces.msg.Time(sec=1731187347, nanosec=640904411), frame_id='RL_myo')","geometry_msgs.msg.Quaternion(x=0.48188752875671303, y=0.8316908761037329, z=0.27259147605161244, w=0.04205452910872391)",[0. 0. 0. 0. 0. 0. 0. 0. 0.],"geometry_msgs.msg.Vector3(x=2.0, y=30.375, z=8.875)",[0. 0. 0. 0. 0. 0. 0. 0. 0.],"geometry_msgs.msg.Vector3(x=-0.1923828125, y=0.900390625, z=-0.6376953125)",[0. 0. 0. 0. 0. 0. 0. 0. 0.],False,7.558555246,"[0.48188752875671303, 0.8316908761037329, 0.27259147605161244, 0.04205452910872391]","[2.0, 30.375, 8.875]","[-0.1923828125, 0.900390625, -0.6376953125]"
7573007513,"std_msgs.msg.Header(stamp=builtin_interfaces.msg.Time(sec=1731187347, nanosec=655269360), frame_id='RL_myo')","geometry_msgs.msg.Quaternion(x=0.47939896748942035, y=0.8324475577566481, z=0.27394226713681163, w=0.046511588136865074)",[0. 0. 0. 0. 0. 0. 0. 0. 0.],"geometry_msgs.msg.Vector3(x=-0.3125, y=28.0625, z=9.25)",[0. 0. 0. 0. 0. 0. 0. 0. 0.],"geometry_msgs.msg.Vector3(x=-0.2119140625, y=0.826171875, z=-0.66943359375)",[0. 0. 0. 0. 0. 0. 0. 0. 0.],False,7.573007513,"[0.47939896748942035, 0.8324475577566481, 0.27394226713681163, 0.046511588136865074]","[-0.3125, 28.0625, 9.25]","[-0.2119140625, 0.826171875, -0.66943359375]"
7597432105,"std_msgs.msg.Header(stamp=builtin_interfaces.msg.Time(sec=1731187347, nanosec=679800701), frame_id='RL_myo')","geometry_msgs.msg.Quaternion(x=0.47731739994633465, y=0.833352232924208, z=0.2739997197390148, w=0.05114986971291924)",[0. 0. 0. 0. 0. 0. 0. 0. 0.],"geometry_msgs.msg.Vector3(x=-0.1875, y=23.9375, z=13.9375)",[0. 0. 0. 0. 0. 0. 0. 0. 0.],"geometry_msgs.msg.Vector3(x=-0.17236328125, y=0.8291015625, z=-0.634765625)",[0. 0. 0. 0. 0. 0. 0. 0. 0.],False,7.597432105,"[0.47731739994633465, 0.833352232924208, 0.2739997197390148, 0.05114986971291924]","[-0.1875, 23.9375, 13.9375]","[-0.17236328125, 0.8291015625, -0.634765625]"
7618695109,"std_msgs.msg.Header(stamp=builtin_interfaces.msg.Time(sec=1731187347, nanosec=701008135), frame_id='RL_myo')","geometry_msgs.msg.Quaternion(x=0.4751308245574272, y=0.8342257167556986, z=0.2743721809334064, w=0.055118593856032475)",[0. 0. 0. 0. 0. 0. 0. 0. 0.],"geometry_msgs.msg.Vector3(x=1.8125, y=21.6875, z=10.9375)",[0. 0. 0. 0. 0. 0. 0. 0. 0.],"geometry_msgs.msg.Vector3(x=-0.16357421875, y=0.8408203125, z=-0.63916015625)",[0. 0. 0. 0. 0. 0. 0. 0. 0.],False,7.618695109,"[0.4751308245574272, 0.8342257167556986, 0.2743721809334064, 0.055118593856032475]","[1.8125, 21.6875, 10.9375]","[-0.16357421875, 0.8408203125, -0.63916015625]"
7639725568,"std_msgs.msg.Header(stamp=builtin_interfaces.msg.Time(sec=1731187347, nanosec=721951240), frame_id='RL_myo')","geometry_msgs.msg.Quaternion(x=0.4731050355295052, y=0.8349379152377889, z=0.2750369358916205, w=0.058352266025829824)",[0. 0. 0. 0. 0. 0. 0. 0. 0.],"geometry_msgs.msg.Vector3(x=4.3125, y=21.4375, z=9.5625)",[0. 0. 0. 0. 0. 0. 0. 0. 0.],"geometry_msgs.msg.Vector3(x=-0.20751953125, y=0.845703125, z=-0.599609375)",[0. 0. 0. 0. 0. 0. 0. 0. 0.],False,7.639725568,"[0.4731050355295052, 0.8349379152377889, 0.2750369358916205, 0.058352266025829824]","[4.3125, 21.4375, 9.5625]","[-0.20751953125, 0.845703125, -0.599609375]"
7656165026,"std_msgs.msg.Header(stamp=builtin_interfaces.msg.Time(sec=1731187347, nanosec=738421199), frame_id='RL_myo')","geometry_msgs.msg.Quaternion(x=0.4682908618534826, y=0.8375765388886195, z=0.2744921801036381, w=0.06183246129530473)",[0. 0. 0. 0. 0. 0. 0. 0. 0.],"geometry_msgs.msg.Vector3(x=16.3125, y=21.6875, z=20.1875)",[0. 0. 0. 0. 0. 0. 0. 0. 0.],"geometry_msgs.msg.Vector3(x=-0.17724609375, y=0.72119140625, z=-0.6357421875)",[0. 0. 0. 0. 0. 0. 0. 0. 0.],False,7.656165026,"[0.4682908618534826, 0.8375765388886195, 0.2744921801036381, 0.06183246129530473]","[16.3125, 21.6875, 20.1875]","[-0.17724609375, 0.72119140625, -0.6357421875]"
7678605537,"std_msgs.msg.Header(stamp=builtin_interfaces.msg.Time(sec=1731187347, nanosec=760874541), frame_id='RL_myo')","geometry_msgs.msg.Quaternion(x=0.4616804941836451, y=0.8416330426095032, z=0.271978884463554, w=0.06732331902228457)",[0. 0. 0. 0. 0. 0. 0. 0. 0.],"geometry_msgs.msg.Vector3(x=24.125, y=25.5625, z=33.125)",[0. 0. 0. 0. 0. 0. 0. 0. 0.],"geometry_msgs.msg.Vector3(x=-0.0712890625, y=0.638671875, z=-0.5966796875)",[0. 0. 0. 0. 0. 0. 0. 0. 0.],False,7.678605537,"[0.4616804941836451, 0.8416330426095032, 0.271978884463554, 0.06732331902228457]","[24.125, 25.5625, 33.125]","[-0.0712890625, 0.638671875, -0.5966796875]"
7699506126,"std_msgs.msg.Header(stamp=builtin_interfaces.msg.Time(sec=1731187347, nanosec=781857341), frame_id='RL_myo')","geometry_msgs.msg.Quaternion(x=0.4527180691728694, y=0.846961834682855, z=0.26905504232358207, w=0.0728792469451808)",[0. 0. 0. 0. 0. 0. 0. 0. 0.],"geometry_msgs.msg.Vector3(x=29.4375, y=27.75, z=40.1875)",[0. 0. 0. 0. 0. 0. 0. 0. 0.],"geometry_msgs.msg.Vector3(x=-0.08251953125, y=0.6328125, z=-0.77490234375)",[0. 0. 0. 0. 0. 0. 0. 0. 0.],False,7.699506126,"[0.4527180691728694, 0.846961834682855, 0.26905504232358207, 0.0728792469451808]","[29.4375, 27.75, 40.1875]","[-0.08251953125, 0.6328125, -0.77490234375]"
7715920117,"std_msgs.msg.Header(stamp=builtin_interfaces.msg.Time(sec=1731187347, nanosec=798261434), frame_id='RL_myo')","geometry_msgs.msg.Quaternion(x=0.45496278082259795, y=0.8465090967572593, z=0.2660561794480419, w=0.07513538813960532)",[0. 0. 0. 0. 0. 0. 0. 0. 0.],"geometry_msgs.msg.Vector3(x=5.625, y=3.5, z=19.4375)",[0. 0. 0. 0. 0. 0. 0. 0. 0.],"geometry_msgs.msg.Vector3(x=-0.24951171875, y=1.66162109375, z=-0.79248046875)",[0. 0. 0. 0. 0. 0. 0. 0. 0.],False,7.715920117,"[0.45496278082259795, 0.8465090967572593, 0.2660561794480419, 0.07513538813960532]","[5.625, 3.5, 19.4375]","[-0.24951171875, 1.66162109375, -0.79248046875]"
7738632211,"std_msgs.msg.Header(stamp=builtin_interfaces.msg.Time(sec=1731187347, nanosec=820877442), frame_id='RL_myo')","geometry_msgs.msg.Quaternion(x=0.45809432436261716, y=0.8439800430328991, z=0.2699735105470827, w=0.0704384877167835)",[0. 0. 0. 0. 0. 0. 0. 0. 0.],"geometry_msgs.msg.Vector3(x=-9.8125, y=-15.25, z=-36.0625)",[0. 0. 0. 0. 0. 0. 0. 0. 0.],"geometry_msgs.msg.Vector3(x=-0.17236328125, y=1.0419921875, z=-0.677734375)",[0. 0. 0. 0. 0. 0. 0. 0. 0.],False,7.738632211,"[0.45809432436261716, 0.8439800430328991, 0.2699735105470827, 0.0704384877167835]","[-9.8125, -15.25, -36.0625]","[-0.17236328125, 1.0419921875, -0.677734375]"
7759563760,"std_msgs.msg.Header(stamp=builtin_interfaces.msg.Time(sec=1731187347, nanosec=841904797), frame_id='RL_myo')","geometry_msgs.msg.Quaternion(x=0.4650466168930468, y=0.8406118923547764, z=0.26838298654399884, w=0.07123105419532559)",[0. 0. 0. 0. 0. 0. 0. 0. 0.],"geometry_msgs.msg.Vector3(x=-38.4375, y=-3.3125, z=9.9375)",[0. 0. 0. 0. 0. 0. 0. 0. 0.],"geometry_msgs.msg.Vector3(x=-0.29052734375, y=0.92578125, z=-0.52734375)",[0. 0. 0. 0. 0. 0. 0. 0. 0.],False,7.75956376,"[0.4650466168930468, 0.8406118923547764, 0.26838298654399884, 0.07123105419532559]","[-38.4375, -3.3125, 9.9375]","[-0.29052734375, 0.92578125, -0.52734375]"
7776087485,"std_msgs.msg.Header(stamp=builtin_interfaces.msg.Time(sec=1731187347, nanosec=858427948), frame_id='RL_myo')","geometry_msgs.msg.Quaternion(x=0.47150418505936864, y=0.8377820639643876, z=0.26569031942568694, w=0.07220575416507873)",[0. 0. 0. 0. 0. 0. 0. 0. 0.],"geometry_msgs.msg.Vector3(x=-35.25, y=-7.3125, z=12.6875)",[0. 0. 0. 0. 0. 0. 0. 0. 0.],"geometry_msgs.msg.Vector3(x=-0.228515625, y=1.0107421875, z=-0.560546875)",[0. 0. 0. 0. 0. 0. 0. 0. 0.],False,7.776087485,"[0.47150418505936864, 0.8377820639643876, 0.26569031942568694, 0.07220575416507873]","[-35.25, -7.3125, 12.6875]","[-0.228515625, 1.0107421875, -0.560546875]"
7798359529,"std_msgs.msg.Header(stamp=builtin_interfaces.msg.Time(sec=1731187347, nanosec=880652548), frame_id='RL_myo')","geometry_msgs.msg.Quaternion(x=0.475722230843596, y=0.835107975673862, z=0.2666705705100938, w=0.0719015637585009)",[0. 0. 0. 0. 0. 0. 0. 0. 0.],"geometry_msgs.msg.Vector3(x=-16.5, y=-3.125, z=-12.1875)",[0. 0. 0. 0. 0. 0. 0. 0. 0.],"geometry_msgs.msg.Vector3(x=-0.1416015625, y=0.97216796875, z=-0.45556640625)",[0. 0. 0. 0. 0. 0. 0. 0. 0.],False,7.798359529,"[0.475722230843596, 0.835107975673862, 0.2666705705100938, 0.0719015637585009]","[-16.5, -3.125, -12.1875]","[-0.1416015625, 0.97216796875, -0.45556640625]"
7819517417,"std_msgs.msg.Header(stamp=builtin_interfaces.msg.Time(sec=1731187347, nanosec=901892662), frame_id='RL_myo')","geometry_msgs.msg.Quaternion(x=0.4748638785740513, y=0.8348570862642511, z=0.2691709131762939, w=0.0711685452978591)",[0. 0. 0. 0. 0. 0. 0. 0. 0.],"geometry_msgs.msg.Vector3(x=9.5625, y=7.125, z=-10.875)",[0. 0. 0. 0. 0. 0. 0. 0. 0.],"geometry_msgs.msg.Vector3(x=-0.18359375, y=0.78466796875, z=-0.4384765625)",[0. 0. 0. 0. 0. 0. 0. 0. 0.],False,7.819517417,"[0.4748638785740513, 0.8348570862642511, 0.2691709131762939, 0.0711685452978591]","[9.5625, 7.125, -10.875]","[-0.18359375, 0.78466796875, -0.4384765625]"
7836048426,"std_msgs.msg.Header(stamp=builtin_interfaces.msg.Time(sec=1731187347, nanosec=918425967), frame_id='RL_myo')","geometry_msgs.msg.Quaternion(x=0.472211467752871, y=0.8359534708991169, z=0.27034961099760413, w=0.07147875242226111)",[0. 0. 0. 0. 0. 0. 0. 0. 0.],"geometry_msgs.msg.Vector3(x=16.5625, y=10.5625, z=1.0)",[0. 0. 0. 0. 0. 0. 0. 0. 0.],"geometry_msgs.msg.Vector3(x=-0.173828125, y=0.73193359375, z=-0.46435546875)",[0. 0. 0. 0. 0. 0. 0. 0. 0.],False,7.836048426,"[0.472211467752871, 0.8359534708991169, 0.27034961099760413, 0.07147875242226111]","[16.5625, 10.5625, 1.0]","[-0.173828125, 0.73193359375, -0.46435546875]"
7858589313,"std_msgs.msg.Header(stamp=builtin_interfaces.msg.Time(sec=1731187347, nanosec=940907126), frame_id='RL_myo')","geometry_msgs.msg.Quaternion(x=0.4668102907379586, y=0.8384640381625702, z=0.27191943583127687, w=0.07159629589900961)",[0. 0. 0. 0. 0. 0. 0. 0. 0.],"geometry_msgs.msg.Vector3(x=29.8125, y=13.3125, z=1.5)",[0. 0. 0. 0. 0. 0. 0. 0. 0.],"geometry_msgs.msg.Vector3(x=-0.1640625, y=0.74072265625, z=-0.55615234375)",[0. 0. 0. 0. 0. 0. 0. 0. 0.],False,7.858589313,"[0.4668102907379586, 0.8384640381625702, 0.27191943583127687, 0.07159629589900961]","[29.8125, 13.3125, 1.5]","[-0.1640625, 0.74072265625, -0.55615234375]"
7879399554,"std_msgs.msg.Header(stamp=builtin_interfaces.msg.Time(sec=1731187347, nanosec=961758662), frame_id='RL_myo')","geometry_msgs.msg.Quaternion(x=0.46206351897646375, y=0.8407480727056554, z=0.2728433196598141, w=0.07208679206224619)",[0. 0. 0. 0. 0. 0. 0. 0. 0.],"geometry_msgs.msg.Vector3(x=25.3125, y=10.8125, z=2.75)",[0. 0. 0. 0. 0. 0. 0. 0. 0.],"geometry_msgs.msg.Vector3(x=-0.14013671875, y=0.85205078125, z=-0.64599609375)",[0. 0. 0. 0. 0. 0. 0. 0. 0.],False,7.879399554,"[0.46206351897646375, 0.8407480727056554, 0.2728433196598141, 0.07208679206224619]","[25.3125, 10.8125, 2.75]","[-0.14013671875, 0.85205078125, -0.64599609375]"
7895955034,"std_msgs.msg.Header(stamp=builtin_interfaces.msg.Time(sec=1731187347, nanosec=978302200), frame_id='RL_myo')","geometry_msgs.msg.Quaternion(x=0.46009810839166515, y=0.8412141323764831, z=0.2745451434791337, w=0.07275629413675576)",[0. 0. 0. 0. 0. 0. 0. 0. 0.],"geometry_msgs.msg.Vector3(x=8.125, y=8.375, z=-7.8125)",[0. 0. 0. 0. 0. 0. 0. 0. 0.],"geometry_msgs.msg.Vector3(x=-0.1005859375, y=0.92724609375, z=-0.677734375)",[0. 0. 0. 0. 0. 0. 0. 0. 0.],False,7.895955034,"[0.46009810839166515, 0.8412141323764831, 0.2745451434791337, 0.07275629413675576]","[8.125, 8.375, -7.8125]","[-0.1005859375, 0.92724609375, -0.677734375]"
7918447432,"std_msgs.msg.Header(stamp=builtin_interfaces.msg.Time(sec=1731187348, nanosec=784526), frame_id='RL_myo')","geometry_msgs.msg.Quaternion(x=0.46217293360660894, y=0.8392601475291697, z=0.2768032559305298, w=0.07361074457601299)",[0. 0. 0. 0. 0. 0. 0. 0. 0.],"geometry_msgs.msg.Vector3(x=-24.625, y=4.6875, z=-14.5625)",[0. 0. 0. 0. 0. 0. 0. 0. 0.],"geometry_msgs.msg.Vector3(x=-0.09716796875, y=0.81103515625, z=-0.7138671875)",[0. 0. 0. 0. 0. 0. 0. 0. 0.],False,7.918447432,"[0.46217293360660894, 0.8392601475291697, 0.2768032559305298, 0.07361074457601299]","[-24.625, 4.6875, -14.5625]","[-0.09716796875, 0.81103515625, -0.7138671875]"
7939402523,"std_msgs.msg.Header(stamp=builtin_interfaces.msg.Time(sec=1731187348, nanosec=21770655), frame_id='RL_myo')","geometry_msgs.msg.Quaternion(x=0.46937324730773494, y=0.8346176571763287, z=0.27814484889224295, w=0.07574671000115722)",[0. 0. 0. 0. 0. 0. 0. 0. 0.],"geometry_msgs.msg.Vector3(x=-60.4375, y=-0.1875, z=-15.375)",[0. 0. 0. 0. 0. 0. 0. 0. 0.],"geometry_msgs.msg.Vector3(x=-0.06396484375, y=0.8349609375, z=-0.73974609375)",[0. 0. 0. 0. 0. 0. 0. 0. 0.],False,7.939402523,"[0.46937324730773494, 0.8346176571763287, 0.27814484889224295, 0.07574671000115722]","[-60.4375, -0.1875, -15.375]","[-0.06396484375, 0.8349609375, -0.73974609375]"
7956168100,"std_msgs.msg.Header(stamp=builtin_interfaces.msg.Time(sec=1731187348, nanosec=38479603), frame_id='RL_myo')","geometry_msgs.msg.Quaternion(x=0.47840266799682185, y=0.8283238845859746, z=0.280767067209158, w=0.07861477881856424)",[0. 0. 0. 0. 0. 0. 0. 0. 0.],"geometry_msgs.msg.Vector3(x=-76.5, y=1.9375, z=-26.875)",[0. 0. 0. 0. 0. 0. 0. 0. 0.],"geometry_msgs.msg.Vector3(x=0.015625, y=0.744140625, z=-0.6904296875)",[0. 0. 0. 0. 0. 0. 0. 0. 0.],False,7.9561681,"[0.47840266799682185, 0.8283238845859746, 0.280767067209158, 0.07861477881856424]","[-76.5, 1.9375, -26.875]","[0.015625, 0.744140625, -0.6904296875]"
7978531594,"std_msgs.msg.Header(stamp=builtin_interfaces.msg.Time(sec=1731187348, nanosec=60863444), frame_id='RL_myo')","geometry_msgs.msg.Quaternion(x=0.49265396940379397, y=0.8181803749087417, z=0.2849958348589164, w=0.08154946142032818)",[0. 0. 0. 0. 0. 0. 0. 0. 0.],"geometry_msgs.msg.Vector3(x=-102.25, y=4.6875, z=-37.625)",[0. 0. 0. 0. 0. 0. 0. 0. 0.],"geometry_msgs.msg.Vector3(x=0.07421875, y=0.64453125, z=-0.65087890625)",[0. 0. 0. 0. 0. 0. 0. 0. 0.],False,7.978531594,"[0.49265396940379397, 0.8181803749087417, 0.2849958348589164, 0.08154946142032818]","[-102.25, 4.6875, -37.625]","[0.07421875, 0.64453125, -0.65087890625]"
7999414592,"std_msgs.msg.Header(stamp=builtin_interfaces.msg.Time(sec=1731187348, nanosec=81774430), frame_id='RL_myo')","geometry_msgs.msg.Quaternion(x=0.5105256996655636, y=0.8042427808217917, z=0.29249631190786474, w=0.08368373197530939)",[0. 0. 0. 0. 0. 0. 0. 0. 0.],"geometry_msgs.msg.Vector3(x=-126.0625, y=6.0, z=-63.5)",[0. 0. 0. 0. 0. 0. 0. 0. 0.],"geometry_msgs.msg.Vector3(x=0.08447265625, y=0.7529296875, z=-0.591796875)",[0. 0. 0. 0. 0. 0. 0. 0. 0.],False,7.999414592,"[0.5105256996655636, 0.8042427808217917, 0.29249631190786474, 0.08368373197530939]","[-126.0625, 6.0, -63.5]","[0.08447265625, 0.7529296875, -0.591796875]"
8016330237,"std_msgs.msg.Header(stamp=builtin_interfaces.msg.Time(sec=1731187348, nanosec=98446195), frame_id='RL_myo')","geometry_msgs.msg.Quaternion(x=0.5290868150823634, y=0.7880756656124128, z=0.3031811502669704, w=0.08417290239946691)",[0. 0. 0. 0. 0. 0. 0. 0. 0.],"geometry_msgs.msg.Vector3(x=-130.875, y=7.5625, z=-88.3125)",[0. 0. 0. 0. 0. 0. 0. 0. 0.],"geometry_msgs.msg.Vector3(x=0.1396484375, y=0.71533203125, z=-0.49462890625)",[0. 0. 0. 0. 0. 0. 0. 0. 0.],False,8.016330237,"[0.5290868150823634, 0.7880756656124128, 0.3031811502669704, 0.08417290239946691]","[-130.875, 7.5625, -88.3125]","[0.1396484375, 0.71533203125, -0.49462890625]"
8038436128,"std_msgs.msg.Header(stamp=builtin_interfaces.msg.Time(sec=1731187348, nanosec=120774819), frame_id='RL_myo')","geometry_msgs.msg.Quaternion(x=0.548743904917725, y=0.7694622542149989, z=0.3157566429521013, w=0.0842953651492078)",[0. 0. 0. 0. 0. 0. 0. 0. 0.],"geometry_msgs.msg.Vector3(x=-141.625, y=10.25, z=-103.6875)",[0. 0. 0. 0. 0. 0. 0. 0. 0.],"geometry_msgs.msg.Vector3(x=0.203125, y=0.6513671875, z=-0.419921875)",[0. 0. 0. 0. 0. 0. 0. 0. 0.],False,8.038436128,"[0.548743904917725, 0.7694622542149989, 0.3157566429521013, 0.0842953651492078]","[-141.625, 10.25, -103.6875]","[0.203125, 0.6513671875, -0.419921875]"
8061153199,"std_msgs.msg.Header(stamp=builtin_interfaces.msg.Time(sec=1731187348, nanosec=143455534), frame_id='RL_myo')","geometry_msgs.msg.Quaternion(x=0.5692497683063978, y=0.7479109383506641, z=0.33101452857876856, w=0.08374551598931781)",[0. 0. 0. 0. 0. 0. 0. 0. 0.],"geometry_msgs.msg.Vector3(x=-151.25, y=16.0, z=-125.0)",[0. 0. 0. 0. 0. 0. 0. 0. 0.],"geometry_msgs.msg.Vector3(x=0.255859375, y=0.65087890625, z=-0.32568359375)",[0. 0. 0. 0. 0. 0. 0. 0. 0.],False,8.061153199,"[0.5692497683063978, 0.7479109383506641, 0.33101452857876856, 0.08374551598931781]","[-151.25, 16.0, -125.0]","[0.255859375, 0.65087890625, -0.32568359375]"
8076086350,"std_msgs.msg.Header(stamp=builtin_interfaces.msg.Time(sec=1731187348, nanosec=158428899), frame_id='RL_myo')","geometry_msgs.msg.Quaternion(x=0.5907504994260969, y=0.7232695461562123, z=0.3478701277360329, w=0.08295411538748354)",[0. 0. 0. 0. 0. 0. 0. 0. 0.],"geometry_msgs.msg.Vector3(x=-164.125, y=19.6875, z=-139.125)",[0. 0. 0. 0. 0. 0. 0. 0. 0.],"geometry_msgs.msg.Vector3(x=0.25732421875, y=0.67529296875, z=-0.263671875)",[0. 0. 0. 0. 0. 0. 0. 0. 0.],False,8.07608635,"[0.5907504994260969, 0.7232695461562123, 0.3478701277360329, 0.08295411538748354]","[-164.125, 19.6875, -139.125]","[0.25732421875, 0.67529296875, -0.263671875]"
8098547662,"std_msgs.msg.Header(stamp=builtin_interfaces.msg.Time(sec=1731187348, nanosec=180899781), frame_id='RL_myo')","geometry_msgs.msg.Quaternion(x=0.6111706510107218, y=0.6975390192500278, z=0.3648834666675417, w=0.08227884126260392)",[0. 0. 0. 0. 0. 0. 0. 0. 0.],"geometry_msgs.msg.Vector3(x=-163.25, y=24.375, z=-139.75)",[0. 0. 0. 0. 0. 0. 0. 0. 0.],"geometry_msgs.msg.Vector3(x=0.1513671875, y=0.60791015625, z=-0.20068359375)",[0. 0. 0. 0. 0. 0. 0. 0. 0.],False,8.098547662,"[0.6111706510107218, 0.6975390192500278, 0.3648834666675417, 0.08227884126260392]","[-163.25, 24.375, -139.75]","[0.1513671875, 0.60791015625, -0.20068359375]"
8119549963,"std_msgs.msg.Header(stamp=builtin_interfaces.msg.Time(sec=1731187348, nanosec=201845799), frame_id='RL_myo')","geometry_msgs.msg.Quaternion(x=0.6284548094142793, y=0.6733793179349582, z=0.38063754773770847, w=0.08197502030335832)",[0. 0. 0. 0. 0. 0. 0. 0. 0.],"geometry_msgs.msg.Vector3(x=-145.5625, y=28.3125, z=-127.1875)",[0. 0. 0. 0. 0. 0. 0. 0. 0.],"geometry_msgs.msg.Vector3(x=0.06591796875, y=0.53955078125, z=-0.11328125)",[0. 0. 0. 0. 0. 0. 0. 0. 0.],False,8.119549963,"[0.6284548094142793, 0.6733793179349582, 0.38063754773770847, 0.08197502030335832]","[-145.5625, 28.3125, -127.1875]","[0.06591796875, 0.53955078125, -0.11328125]"
8136101638,"std_msgs.msg.Header(stamp=builtin_interfaces.msg.Time(sec=1731187348, nanosec=218452163), frame_id='RL_myo')","geometry_msgs.msg.Quaternion(x=0.6441163999488257, y=0.6499758877148721, z=0.3947219519064774, w=0.08270422836450857)",[0. 0. 0. 0. 0. 0. 0. 0. 0.],"geometry_msgs.msg.Vector3(x=-137.9375, y=30.0625, z=-115.25)",[0. 0. 0. 0. 0. 0. 0. 0. 0.],"geometry_msgs.msg.Vector3(x=0.0751953125, y=0.5673828125, z=0.02734375)",[0. 0. 0. 0. 0. 0. 0. 0. 0.],False,8.136101638,"[0.6441163999488257, 0.6499758877148721, 0.3947219519064774, 0.08270422836450857]","[-137.9375, 30.0625, -115.25]","[0.0751953125, 0.5673828125, 0.02734375]"
8158335340,"std_msgs.msg.Header(stamp=builtin_interfaces.msg.Time(sec=1731187348, nanosec=240654922), frame_id='RL_myo')","geometry_msgs.msg.Quaternion(x=0.6591419971508474, y=0.6253883602933219, z=0.4085838067346766, w=0.08648987961503388)",[0. 0. 0. 0. 0. 0. 0. 0. 0.],"geometry_msgs.msg.Vector3(x=-145.3125, y=43.5, z=-106.0)",[0. 0. 0. 0. 0. 0. 0. 0. 0.],"geometry_msgs.msg.Vector3(x=0.0634765625, y=0.6005859375, z=0.140625)",[0. 0. 0. 0. 0. 0. 0. 0. 0.],False,8.15833534,"[0.6591419971508474, 0.6253883602933219, 0.4085838067346766, 0.08648987961503388]","[-145.3125, 43.5, -106.0]","[0.0634765625, 0.6005859375, 0.140625]"
8179682230,"std_msgs.msg.Header(stamp=builtin_interfaces.msg.Time(sec=1731187348, nanosec=261952116), frame_id='RL_myo')","geometry_msgs.msg.Quaternion(x=0.6696628575370291, y=0.6039845023542889, z=0.4220871989671458, w=0.0927187932366008)",[0. 0. 0. 0. 0. 0. 0. 0. 0.],"geometry_msgs.msg.Vector3(x=-122.6875, y=61.0625, z=-82.375)",[0. 0. 0. 0. 0. 0. 0. 0. 0.],"geometry_msgs.msg.Vector3(x=-0.1201171875, y=0.51416015625, z=0.2109375)",[0. 0. 0. 0. 0. 0. 0. 0. 0.],False,8.17968223,"[0.6696628575370291, 0.6039845023542889, 0.4220871989671458, 0.0927187932366008]","[-122.6875, 61.0625, -82.375]","[-0.1201171875, 0.51416015625, 0.2109375]"
8195326232,"std_msgs.msg.Header(stamp=builtin_interfaces.msg.Time(sec=1731187348, nanosec=277602562), frame_id='RL_myo')","geometry_msgs.msg.Quaternion(x=0.6767889353435952, y=0.586452749890085, z=0.434101993882003, w=0.09790489288339888)",[0. 0. 0. 0. 0. 0. 0. 0. 0.],"geometry_msgs.msg.Vector3(x=-84.5625, y=63.5625, z=-65.1875)",[0. 0. 0. 0. 0. 0. 0. 0. 0.],"geometry_msgs.msg.Vector3(x=-0.32470703125, y=0.50439453125, z=0.18115234375)",[0. 0. 0. 0. 0. 0. 0. 0. 0.],False,8.195326232,"[0.6767889353435952, 0.586452749890085, 0.434101993882003, 0.09790489288339888]","[-84.5625, 63.5625, -65.1875]","[-0.32470703125, 0.50439453125, 0.18115234375]"
8218656149,"std_msgs.msg.Header(stamp=builtin_interfaces.msg.Time(sec=1731187348, nanosec=300944901), frame_id='RL_myo')","geometry_msgs.msg.Quaternion(x=0.6834433273600162, y=0.5719267640763912, z=0.44295331130228077, w=0.09796611060219935)",[0. 0. 0. 0. 0. 0. 0. 0. 0.],"geometry_msgs.msg.Vector3(x=-57.375, y=35.3125, z=-63.8125)",[0. 0. 0. 0. 0. 0. 0. 0. 0.],"geometry_msgs.msg.Vector3(x=-0.478515625, y=0.67626953125, z=0.22900390625)",[0. 0. 0. 0. 0. 0. 0. 0. 0.],False,8.218656149,"[0.6834433273600162, 0.5719267640763912, 0.44295331130228077, 0.09796611060219935]","[-57.375, 35.3125, -63.8125]","[-0.478515625, 0.67626953125, 0.22900390625]"
8239517982,"std_msgs.msg.Header(stamp=builtin_interfaces.msg.Time(sec=1731187348, nanosec=321796929), frame_id='RL_myo')","geometry_msgs.msg.Quaternion(x=0.6908925118040137, y=0.5595991296244542, z=0.44771592667925086, w=0.09521974718740714)",[0. 0. 0. 0. 0. 0. 0. 0. 0.],"geometry_msgs.msg.Vector3(x=-49.0, y=6.0625, z=-60.1875)",[0. 0. 0. 0. 0. 0. 0. 0. 0.],"geometry_msgs.msg.Vector3(x=-0.55712890625, y=0.89111328125, z=0.2060546875)",[0. 0. 0. 0. 0. 0. 0. 0. 0.],False,8.239517982,"[0.6908925118040137, 0.5595991296244542, 0.44771592667925086, 0.09521974718740714]","[-49.0, 6.0625, -60.1875]","[-0.55712890625, 0.89111328125, 0.2060546875]"
8255494741,"std_msgs.msg.Header(stamp=builtin_interfaces.msg.Time(sec=1731187348, nanosec=337878372), frame_id='RL_myo')","geometry_msgs.msg.Quaternion(x=0.697386938235313, y=0.5525990329841828, z=0.44657180219952297, w=0.09412434649968075)",[0. 0. 0. 0. 0. 0. 0. 0. 0.],"geometry_msgs.msg.Vector3(x=-30.0625, y=-10.8125, z=-11.25)",[0. 0. 0. 0. 0. 0. 0. 0. 0.],"geometry_msgs.msg.Vector3(x=-0.74365234375, y=0.92333984375, z=0.25927734375)",[0. 0. 0. 0. 0. 0. 0. 0. 0.],False,8.255494741,"[0.697386938235313, 0.5525990329841828, 0.44657180219952297, 0.09412434649968075]","[-30.0625, -10.8125, -11.25]","[-0.74365234375, 0.92333984375, 0.25927734375]"
8255494741,"std_msgs.msg.Header(stamp=builtin_interfaces.msg.Time(sec=1731187354, nanosec=938304228), frame_id='RL_myo')","geometry_msgs.msg.Quaternion(x=0.749168715659339, y=0.5083165279461442, z=-0.1610767672009936, w=0.3929565089958305)",[0. 0. 0. 0. 0. 0. 0. 0. 0.],"geometry_msgs.msg.Vector3(x=5.75, y=27.1875, z=40.125)",[0. 0. 0. 0. 0. 0. 0. 0. 0.],"geometry_msgs.msg.Vector3(x=0.767578125, y=0.47607421875, z=0.47314453125)",[0. 0. 0. 0. 0. 0. 0. 0. 0.],False,14.855940708,"[0.749168715659339, 0.5083165279461442, -0.1610767672009936, 0.3929565089958305]","[5.75, 27.1875, 40.125]","[0.767578125, 0.47607421875, 0.47314453125]"
8276602343,"std_msgs.msg.Header(stamp=builtin_interfaces.msg.Time(sec=1731187354, nanosec=959426304), frame_id='RL_myo')","geometry_msgs.msg.Quaternion(x=0.7457993583423601, y=0.5068432663618102, z=-0.15844955677688574, w=0.40222749582422074)",[0. 0. 0. 0. 0. 0. 0. 0. 0.],"geometry_msgs.msg.Vector3(x=22.0, y=41.4375, z=30.3125)",[0. 0. 0. 0. 0. 0. 0. 0. 0.],"geometry_msgs.msg.Vector3(x=0.80322265625, y=0.55029296875, z=0.47802734375)",[0. 0. 0. 0. 0. 0. 0. 0. 0.],False,14.87704831,"[0.7457993583423601, 0.5068432663618102, -0.15844955677688574, 0.40222749582422074]","[22.0, 41.4375, 30.3125]","[0.80322265625, 0.55029296875, 0.47802734375]"
8292390215,"std_msgs.msg.Header(stamp=builtin_interfaces.msg.Time(sec=1731187354, nanosec=975229359), frame_id='RL_myo')","geometry_msgs.msg.Quaternion(x=0.7414260348391736, y=0.5104590375697711, z=-0.14942050986138938, w=0.40913630620951513)",[0. 0. 0. 0. 0. 0. 0. 0. 0.],"geometry_msgs.msg.Vector3(x=53.875, y=50.125, z=6.375)",[0. 0. 0. 0. 0. 0. 0. 0. 0.],"geometry_msgs.msg.Vector3(x=0.81298828125, y=0.71923828125, z=0.4697265625)",[0. 0. 0. 0. 0. 0. 0. 0. 0.],False,14.892836182,"[0.7414260348391736, 0.5104590375697711, -0.14942050986138938, 0.40913630620951513]","[53.875, 50.125, 6.375]","[0.81298828125, 0.71923828125, 0.4697265625]"
8315659944,"std_msgs.msg.Header(stamp=builtin_interfaces.msg.Time(sec=1731187354, nanosec=998365273), frame_id='RL_myo')","geometry_msgs.msg.Quaternion(x=0.7366545813920454, y=0.5180203357589104, z=-0.13525781360218517, w=0.4131589080655196)",[0. 0. 0. 0. 0. 0. 0. 0. 0.],"geometry_msgs.msg.Vector3(x=79.125, y=54.25, z=-20.0625)",[0. 0. 0. 0. 0. 0. 0. 0. 0.],"geometry_msgs.msg.Vector3(x=0.84326171875, y=0.865234375, z=0.48486328125)",[0. 0. 0. 0. 0. 0. 0. 0. 0.],False,14.916105911,"[0.7366545813920454, 0.5180203357589104, -0.13525781360218517, 0.4131589080655196]","[79.125, 54.25, -20.0625]","[0.84326171875, 0.865234375, 0.48486328125]"
8338043897,"std_msgs.msg.Header(stamp=builtin_interfaces.msg.Time(sec=1731187355, nanosec=20792346), frame_id='RL_myo')","geometry_msgs.msg.Quaternion(x=0.7344507784684835, y=0.5252180627209591, z=-0.11651845226430109, w=0.4137045937388333)",[0. 0. 0. 0. 0. 0. 0. 0. 0.],"geometry_msgs.msg.Vector3(x=73.8125, y=64.8125, z=-47.0625)",[0. 0. 0. 0. 0. 0. 0. 0. 0.],"geometry_msgs.msg.Vector3(x=0.7685546875, y=1.0087890625, z=0.46337890625)",[0. 0. 0. 0. 0. 0. 0. 0. 0.],False,14.938489864,"[0.7344507784684835, 0.5252180627209591, -0.11651845226430109, 0.4137045937388333]","[73.8125, 64.8125, -47.0625]","[0.7685546875, 1.0087890625, 0.46337890625]"
8360533549,"std_msgs.msg.Header(stamp=builtin_interfaces.msg.Time(sec=1731187355, nanosec=43294327), frame_id='RL_myo')","geometry_msgs.msg.Quaternion(x=0.7353318827224413, y=0.5306084549270509, z=-0.09509812179642761, w=0.4107286659615927)",[0. 0. 0. 0. 0. 0. 0. 0. 0.],"geometry_msgs.msg.Vector3(x=54.875, y=71.5, z=-67.0625)",[0. 0. 0. 0. 0. 0. 0. 0. 0.],"geometry_msgs.msg.Vector3(x=0.61669921875, y=1.1279296875, z=0.388671875)",[0. 0. 0. 0. 0. 0. 0. 0. 0.],False,14.960979516,"[0.7353318827224413, 0.5306084549270509, -0.09509812179642761, 0.4107286659615927]","[54.875, 71.5, -67.0625]","[0.61669921875, 1.1279296875, 0.388671875]"
8375557028,"std_msgs.msg.Header(stamp=builtin_interfaces.msg.Time(sec=1731187355, nanosec=58247672), frame_id='RL_myo')","geometry_msgs.msg.Quaternion(x=0.7378932505179459, y=0.5342691390341285, z=-0.07422269771112765, w=0.40566122449683745)",[0. 0. 0. 0. 0. 0. 0. 0. 0.],"geometry_msgs.msg.Vector3(x=39.25, y=68.75, z=-79.5625)",[0. 0. 0. 0. 0. 0. 0. 0. 0.],"geometry_msgs.msg.Vector3(x=0.5546875, y=1.0947265625, z=0.34033203125)",[0. 0. 0. 0. 0. 0. 0. 0. 0.],False,14.976002995,"[0.7378932505179459, 0.5342691390341285, -0.07422269771112765, 0.40566122449683745]","[39.25, 68.75, -79.5625]","[0.5546875, 1.0947265625, 0.34033203125]"
8398628682,"std_msgs.msg.Header(stamp=builtin_interfaces.msg.Time(sec=1731187355, nanosec=81410299), frame_id='RL_myo')","geometry_msgs.msg.Quaternion(x=0.7411779418750597, y=0.5374959199663819, z=-0.05377400698278247, w=0.3985746488054138)",[0. 0. 0. 0. 0. 0. 0. 0. 0.],"geometry_msgs.msg.Vector3(x=34.5, y=62.8125, z=-91.4375)",[0. 0. 0. 0. 0. 0. 0. 0. 0.],"geometry_msgs.msg.Vector3(x=0.48779296875, y=0.99169921875, z=0.29150390625)",[0. 0. 0. 0. 0. 0. 0. 0. 0.],False,14.999074649,"[0.7411779418750597, 0.5374959199663819, -0.05377400698278247, 0.3985746488054138]","[34.5, 62.8125, -91.4375]","[0.48779296875, 0.99169921875, 0.29150390625]"
8412462355,"std_msgs.msg.Header(stamp=builtin_interfaces.msg.Time(sec=1731187355, nanosec=95130764), frame_id='RL_myo')","geometry_msgs.msg.Quaternion(x=0.7428310788134023, y=0.5425657731776773, z=-0.03137347366557837, w=0.3909476630895515)",[0. 0. 0. 0. 0. 0. 0. 0. 0.],"geometry_msgs.msg.Vector3(x=62.25, y=61.25, z=-104.5)",[0. 0. 0. 0. 0. 0. 0. 0. 0.],"geometry_msgs.msg.Vector3(x=0.423828125, y=0.99267578125, z=0.287109375)",[0. 0. 0. 0. 0. 0. 0. 0. 0.],False,15.012908322,"[0.7428310788134023, 0.5425657731776773, -0.03137347366557837, 0.3909476630895515]","[62.25, 61.25, -104.5]","[0.423828125, 0.99267578125, 0.287109375]"
8435623585,"std_msgs.msg.Header(stamp=builtin_interfaces.msg.Time(sec=1731187355, nanosec=118385209), frame_id='RL_myo')","geometry_msgs.msg.Quaternion(x=0.7440649792143814, y=0.5502052274518814, z=-0.007324675759288414, w=0.37892989261385396)",[0. 0. 0. 0. 0. 0. 0. 0. 0.],"geometry_msgs.msg.Vector3(x=78.875, y=47.5, z=-127.8125)",[0. 0. 0. 0. 0. 0. 0. 0. 0.],"geometry_msgs.msg.Vector3(x=0.345703125, y=0.98291015625, z=0.3662109375)",[0. 0. 0. 0. 0. 0. 0. 0. 0.],False,15.036069552,"[0.7440649792143814, 0.5502052274518814, -0.007324675759288414, 0.37892989261385396]","[78.875, 47.5, -127.8125]","[0.345703125, 0.98291015625, 0.3662109375]"
8458099230,"std_msgs.msg.Header(stamp=builtin_interfaces.msg.Time(sec=1731187355, nanosec=140822718), frame_id='RL_myo')","geometry_msgs.msg.Quaternion(x=0.7454400125894166, y=0.5590952685924061, z=0.016846101979421844, w=0.36255741216581794)",[0. 0. 0. 0. 0. 0. 0. 0. 0.],"geometry_msgs.msg.Vector3(x=85.0625, y=31.5625, z=-147.5625)",[0. 0. 0. 0. 0. 0. 0. 0. 0.],"geometry_msgs.msg.Vector3(x=0.27587890625, y=0.89892578125, z=0.3837890625)",[0. 0. 0. 0. 0. 0. 0. 0. 0.],False,15.058545197,"[0.7454400125894166, 0.5590952685924061, 0.016846101979421844, 0.36255741216581794]","[85.0625, 31.5625, -147.5625]","[0.27587890625, 0.89892578125, 0.3837890625]"
8472863815,"std_msgs.msg.Header(stamp=builtin_interfaces.msg.Time(sec=1731187355, nanosec=155409077), frame_id='RL_myo')","geometry_msgs.msg.Quaternion(x=0.7445469523693693, y=0.5700380380535776, z=0.042604834624841756, w=0.34480617592511614)",[0. 0. 0. 0. 0. 0. 0. 0. 0.],"geometry_msgs.msg.Vector3(x=104.8125, y=29.9375, z=-153.625)",[0. 0. 0. 0. 0. 0. 0. 0. 0.],"geometry_msgs.msg.Vector3(x=0.23779296875, y=0.947265625, z=0.35888671875)",[0. 0. 0. 0. 0. 0. 0. 0. 0.],False,15.073309782,"[0.7445469523693693, 0.5700380380535776, 0.042604834624841756, 0.34480617592511614]","[104.8125, 29.9375, -153.625]","[0.23779296875, 0.947265625, 0.35888671875]"
8504555967,"std_msgs.msg.Header(stamp=builtin_interfaces.msg.Time(sec=1731187355, nanosec=187240144), frame_id='RL_myo')","geometry_msgs.msg.Quaternion(x=0.7409428946080099, y=0.5816941910877613, z=0.07013290929274268, w=0.32820248326116397)",[0. 0. 0. 0. 0. 0. 0. 0. 0.],"geometry_msgs.msg.Vector3(x=120.25, y=40.1875, z=-149.6875)",[0. 0. 0. 0. 0. 0. 0. 0. 0.],"geometry_msgs.msg.Vector3(x=0.2197265625, y=0.98046875, z=0.37451171875)",[0. 0. 0. 0. 0. 0. 0. 0. 0.],False,15.105001934,"[0.7409428946080099, 0.5816941910877613, 0.07013290929274268, 0.32820248326116397]","[120.25, 40.1875, -149.6875]","[0.2197265625, 0.98046875, 0.37451171875]"
8518831846,"std_msgs.msg.Header(stamp=builtin_interfaces.msg.Time(sec=1731187355, nanosec=201479437), frame_id='RL_myo')","geometry_msgs.msg.Quaternion(x=0.7358720058166945, y=0.5931655733681683, z=0.09985788001958462, w=0.3109266753177042)",[0. 0. 0. 0. 0. 0. 0. 0. 0.],"geometry_msgs.msg.Vector3(x=129.1875, y=47.875, z=-154.9375)",[0. 0. 0. 0. 0. 0. 0. 0. 0.],"geometry_msgs.msg.Vector3(x=0.041015625, y=1.0810546875, z=0.341796875)",[0. 0. 0. 0. 0. 0. 0. 0. 0.],False,15.119277813,"[0.7358720058166945, 0.5931655733681683, 0.09985788001958462, 0.3109266753177042]","[129.1875, 47.875, -154.9375]","[0.041015625, 1.0810546875, 0.341796875]"
8540760790,"std_msgs.msg.Header(stamp=builtin_interfaces.msg.Time(sec=1731187355, nanosec=223341251), frame_id='RL_myo')","geometry_msgs.msg.Quaternion(x=0.7300092456679327, y=0.6034783789229807, z=0.1330618859160613, w=0.2918816231424794)",[0. 0. 0. 0. 0. 0. 0. 0. 0.],"geometry_msgs.msg.Vector3(x=133.25, y=58.625, z=-170.5625)",[0. 0. 0. 0. 0. 0. 0. 0. 0.],"geometry_msgs.msg.Vector3(x=-0.18505859375, y=1.21923828125, z=0.294921875)",[0. 0. 0. 0. 0. 0. 0. 0. 0.],False,15.141206757,"[0.7300092456679327, 0.6034783789229807, 0.1330618859160613, 0.2918816231424794]","[133.25, 58.625, -170.5625]","[-0.18505859375, 1.21923828125, 0.294921875]"
8555571829,"std_msgs.msg.Header(stamp=builtin_interfaces.msg.Time(sec=1731187355, nanosec=238231297), frame_id='RL_myo')","geometry_msgs.msg.Quaternion(x=0.7214011150647466, y=0.6176985603228052, z=0.16504514892419617, w=0.2660620577516905)",[0. 0. 0. 0. 0. 0. 0. 0. 0.],"geometry_msgs.msg.Vector3(x=163.625, y=26.625, z=-189.875)",[0. 0. 0. 0. 0. 0. 0. 0. 0.],"geometry_msgs.msg.Vector3(x=-0.1181640625, y=1.0986328125, z=0.27099609375)",[0. 0. 0. 0. 0. 0. 0. 0. 0.],False,15.156017796,"[0.7214011150647466, 0.6176985603228052, 0.16504514892419617, 0.2660620577516905]","[163.625, 26.625, -189.875]","[-0.1181640625, 1.0986328125, 0.27099609375]"
8578342573,"std_msgs.msg.Header(stamp=builtin_interfaces.msg.Time(sec=1731187355, nanosec=260951021), frame_id='RL_myo')","geometry_msgs.msg.Quaternion(x=0.7112067115013534, y=0.6314309500928168, z=0.1978219148623315, w=0.23737409037322035)",[0. 0. 0. 0. 0. 0. 0. 0. 0.],"geometry_msgs.msg.Vector3(x=171.375, y=21.75, z=-202.625)",[0. 0. 0. 0. 0. 0. 0. 0. 0.],"geometry_msgs.msg.Vector3(x=-0.1904296875, y=1.10498046875, z=0.205078125)",[0. 0. 0. 0. 0. 0. 0. 0. 0.],False,15.17878854,"[0.7112067115013534, 0.6314309500928168, 0.1978219148623315, 0.23737409037322035]","[171.375, 21.75, -202.625]","[-0.1904296875, 1.10498046875, 0.205078125]"
8599248834,"std_msgs.msg.Header(stamp=builtin_interfaces.msg.Time(sec=1731187355, nanosec=281903951), frame_id='RL_myo')","geometry_msgs.msg.Quaternion(x=0.7009226020423602, y=0.6412254580209871, z=0.23256249358019615, w=0.20845168387831228)",[0. 0. 0. 0. 0. 0. 0. 0. 0.],"geometry_msgs.msg.Vector3(x=159.875, y=35.125, z=-214.5625)",[0. 0. 0. 0. 0. 0. 0. 0. 0.],"geometry_msgs.msg.Vector3(x=-0.3046875, y=1.01318359375, z=0.21533203125)",[0. 0. 0. 0. 0. 0. 0. 0. 0.],False,15.199694801,"[0.7009226020423602, 0.6412254580209871, 0.23256249358019615, 0.20845168387831228]","[159.875, 35.125, -214.5625]","[-0.3046875, 1.01318359375, 0.21533203125]"
8630604548,"std_msgs.msg.Header(stamp=builtin_interfaces.msg.Time(sec=1731187355, nanosec=313291225), frame_id='RL_myo')","geometry_msgs.msg.Quaternion(x=0.6891739790228769, y=0.6481568048218874, z=0.2698466177716889, w=0.17920598728289494)",[0. 0. 0. 0. 0. 0. 0. 0. 0.],"geometry_msgs.msg.Vector3(x=157.5625, y=49.75, z=-225.8125)",[0. 0. 0. 0. 0. 0. 0. 0. 0.],"geometry_msgs.msg.Vector3(x=-0.4521484375, y=0.89306640625, z=0.18408203125)",[0. 0. 0. 0. 0. 0. 0. 0. 0.],False,15.231050515,"[0.6891739790228769, 0.6481568048218874, 0.2698466177716889, 0.17920598728289494]","[157.5625, 49.75, -225.8125]","[-0.4521484375, 0.89306640625, 0.18408203125]"
8638030720,"std_msgs.msg.Header(stamp=builtin_interfaces.msg.Time(sec=1731187355, nanosec=320961804), frame_id='RL_myo')","geometry_msgs.msg.Quaternion(x=0.6760564835639715, y=0.6542048926362086, z=0.3042132100110901, w=0.14972612442961558)",[0. 0. 0. 0. 0. 0. 0. 0. 0.],"geometry_msgs.msg.Vector3(x=156.4375, y=40.625, z=-214.0625)",[0. 0. 0. 0. 0. 0. 0. 0. 0.],"geometry_msgs.msg.Vector3(x=-0.60009765625, y=0.7421875, z=0.1279296875)",[0. 0. 0. 0. 0. 0. 0. 0. 0.],False,15.238476687,"[0.6760564835639715, 0.6542048926362086, 0.3042132100110901, 0.14972612442961558]","[156.4375, 40.625, -214.0625]","[-0.60009765625, 0.7421875, 0.1279296875]"
8659213802,"std_msgs.msg.Header(stamp=builtin_interfaces.msg.Time(sec=1731187355, nanosec=341982485), frame_id='RL_myo')","geometry_msgs.msg.Quaternion(x=0.6623147027099279, y=0.6598732145421649, z=0.3335072837164359, w=0.12115885032524255)",[0. 0. 0. 0. 0. 0. 0. 0. 0.],"geometry_msgs.msg.Vector3(x=150.75, y=26.875, z=-192.0)",[0. 0. 0. 0. 0. 0. 0. 0. 0.],"geometry_msgs.msg.Vector3(x=-0.63818359375, y=0.6953125, z=0.06689453125)",[0. 0. 0. 0. 0. 0. 0. 0. 0.],False,15.259659769,"[0.6623147027099279, 0.6598732145421649, 0.3335072837164359, 0.12115885032524255]","[150.75, 26.875, -192.0]","[-0.63818359375, 0.6953125, 0.06689453125]"
8675550049,"std_msgs.msg.Header(stamp=builtin_interfaces.msg.Time(sec=1731187355, nanosec=358283717), frame_id='RL_myo')","geometry_msgs.msg.Quaternion(x=0.6490202347342895, y=0.6644629244162019, z=0.35817273934174837, w=0.09473144026216658)",[0. 0. 0. 0. 0. 0. 0. 0. 0.],"geometry_msgs.msg.Vector3(x=137.75, y=17.3125, z=-169.5)",[0. 0. 0. 0. 0. 0. 0. 0. 0.],"geometry_msgs.msg.Vector3(x=-0.6142578125, y=0.6591796875, z=0.048828125)",[0. 0. 0. 0. 0. 0. 0. 0. 0.],False,15.275996016,"[0.6490202347342895, 0.6644629244162019, 0.35817273934174837, 0.09473144026216658]","[137.75, 17.3125, -169.5]","[-0.6142578125, 0.6591796875, 0.048828125]"
8698163567,"std_msgs.msg.Header(stamp=builtin_interfaces.msg.Time(sec=1731187355, nanosec=380865042), frame_id='RL_myo')","geometry_msgs.msg.Quaternion(x=0.6359687082707515, y=0.6693572180532739, z=0.3772840566101847, w=0.07184328338944951)",[0. 0. 0. 0. 0. 0. 0. 0. 0.],"geometry_msgs.msg.Vector3(x=127.75, y=10.0, z=-135.125)",[0. 0. 0. 0. 0. 0. 0. 0. 0.],"geometry_msgs.msg.Vector3(x=-0.60595703125, y=0.56494140625, z=0.0458984375)",[0. 0. 0. 0. 0. 0. 0. 0. 0.],False,15.298609534,"[0.6359687082707515, 0.6693572180532739, 0.3772840566101847, 0.07184328338944951]","[127.75, 10.0, -135.125]","[-0.60595703125, 0.56494140625, 0.0458984375]"
8719210419,"std_msgs.msg.Header(stamp=builtin_interfaces.msg.Time(sec=1731187355, nanosec=401913157), frame_id='RL_myo')","geometry_msgs.msg.Quaternion(x=0.6238597300879336, y=0.6764736707332519, z=0.38770736772513004, w=0.05352949645701181)",[0. 0. 0. 0. 0. 0. 0. 0. 0.],"geometry_msgs.msg.Vector3(x=118.5625, y=-6.625, z=-79.9375)",[0. 0. 0. 0. 0. 0. 0. 0. 0.],"geometry_msgs.msg.Vector3(x=-0.65380859375, y=0.49755859375, z=0.02783203125)",[0. 0. 0. 0. 0. 0. 0. 0. 0.],False,15.319656386,"[0.6238597300879336, 0.6764736707332519, 0.38770736772513004, 0.05352949645701181]","[118.5625, -6.625, -79.9375]","[-0.65380859375, 0.49755859375, 0.02783203125]"
8735632494,"std_msgs.msg.Header(stamp=builtin_interfaces.msg.Time(sec=1731187355, nanosec=418364426), frame_id='RL_myo')","geometry_msgs.msg.Quaternion(x=0.6158763602875101, y=0.6836899020396829, z=0.3896684523365178, w=0.03772166408896742)",[0. 0. 0. 0. 0. 0. 0. 0. 0.],"geometry_msgs.msg.Vector3(x=98.5, y=-30.1875, z=-23.9375)",[0. 0. 0. 0. 0. 0. 0. 0. 0.],"geometry_msgs.msg.Vector3(x=-0.5986328125, y=0.505859375, z=-0.03857421875)",[0. 0. 0. 0. 0. 0. 0. 0. 0.],False,15.336078461,"[0.6158763602875101, 0.6836899020396829, 0.3896684523365178, 0.03772166408896742]","[98.5, -30.1875, -23.9375]","[-0.5986328125, 0.505859375, -0.03857421875]"
8773768347,"std_msgs.msg.Header(stamp=builtin_interfaces.msg.Time(sec=1731187355, nanosec=456583880), frame_id='RL_myo')","geometry_msgs.msg.Quaternion(x=0.6108721102735661, y=0.6921141944836098, z=0.38350414357002555, w=0.02716207924377867)",[0. 0. 0. 0. 0. 0. 0. 0. 0.],"geometry_msgs.msg.Vector3(x=75.125, y=-49.0625, z=17.6875)",[0. 0. 0. 0. 0. 0. 0. 0. 0.],"geometry_msgs.msg.Vector3(x=-0.47216796875, y=0.5859375, z=-0.11181640625)",[0. 0. 0. 0. 0. 0. 0. 0. 0.],False,15.374214314,"[0.6108721102735661, 0.6921141944836098, 0.38350414357002555, 0.02716207924377867]","[75.125, -49.0625, 17.6875]","[-0.47216796875, 0.5859375, -0.11181640625]"
8779886614,"std_msgs.msg.Header(stamp=builtin_interfaces.msg.Time(sec=1731187355, nanosec=462569851), frame_id='RL_myo')","geometry_msgs.msg.Quaternion(x=0.6082515854654232, y=0.7013967856079456, z=0.37087171432894245, w=0.022950586666833833)",[0. 0. 0. 0. 0. 0. 0. 0. 0.],"geometry_msgs.msg.Vector3(x=53.4375, y=-54.5625, z=58.0625)",[0. 0. 0. 0. 0. 0. 0. 0. 0.],"geometry_msgs.msg.Vector3(x=-0.32373046875, y=0.607421875, z=-0.1279296875)",[0. 0. 0. 0. 0. 0. 0. 0. 0.],False,15.380332581,"[0.6082515854654232, 0.7013967856079456, 0.37087171432894245, 0.022950586666833833]","[53.4375, -54.5625, 58.0625]","[-0.32373046875, 0.607421875, -0.1279296875]"
8785792264,"std_msgs.msg.Header(stamp=builtin_interfaces.msg.Time(sec=1731187355, nanosec=468642996), frame_id='RL_myo')","geometry_msgs.msg.Quaternion(x=0.6072684985051969, y=0.7112164583960755, z=0.3532277415669489, w=0.02502563919862607)",[0. 0. 0. 0. 0. 0. 0. 0. 0.],"geometry_msgs.msg.Vector3(x=37.125, y=-50.625, z=96.25)",[0. 0. 0. 0. 0. 0. 0. 0. 0.],"geometry_msgs.msg.Vector3(x=-0.240234375, y=0.6474609375, z=-0.09716796875)",[0. 0. 0. 0. 0. 0. 0. 0. 0.],False,15.386238231,"[0.6072684985051969, 0.7112164583960755, 0.3532277415669489, 0.02502563919862607]","[37.125, -50.625, 96.25]","[-0.240234375, 0.6474609375, -0.09716796875]"
8801143180,"std_msgs.msg.Header(stamp=builtin_interfaces.msg.Time(sec=1731187355, nanosec=483830389), frame_id='RL_myo')","geometry_msgs.msg.Quaternion(x=0.6094561398891132, y=0.7187126737300259, z=0.3335070954786294, w=0.02807709808202224)",[0. 0. 0. 0. 0. 0. 0. 0. 0.],"geometry_msgs.msg.Vector3(x=11.375, y=-60.4375, z=104.75)",[0. 0. 0. 0. 0. 0. 0. 0. 0.],"geometry_msgs.msg.Vector3(x=-0.2470703125, y=0.791015625, z=-0.00390625)",[0. 0. 0. 0. 0. 0. 0. 0. 0.],False,15.401589147,"[0.6094561398891132, 0.7187126737300259, 0.3335070954786294, 0.02807709808202224]","[11.375, -60.4375, 104.75]","[-0.2470703125, 0.791015625, -0.00390625]"
8826655114,"std_msgs.msg.Header(stamp=builtin_interfaces.msg.Time(sec=1731187355, nanosec=509280456), frame_id='RL_myo')","geometry_msgs.msg.Quaternion(x=0.612891106985361, y=0.7241038942503074, z=0.31489943441265583, w=0.029603842932765665)",[0. 0. 0. 0. 0. 0. 0. 0. 0.],"geometry_msgs.msg.Vector3(x=8.1875, y=-67.625, z=73.875)",[0. 0. 0. 0. 0. 0. 0. 0. 0.],"geometry_msgs.msg.Vector3(x=-0.07421875, y=0.943359375, z=-0.115234375)",[0. 0. 0. 0. 0. 0. 0. 0. 0.],False,15.427101081,"[0.612891106985361, 0.7241038942503074, 0.31489943441265583, 0.029603842932765665]","[8.1875, -67.625, 73.875]","[-0.07421875, 0.943359375, -0.115234375]"
8846122837,"std_msgs.msg.Header(stamp=builtin_interfaces.msg.Time(sec=1731187355, nanosec=528727880), frame_id='RL_myo')","geometry_msgs.msg.Quaternion(x=0.6097154806632391, y=0.7325863648934023, z=0.3016532090737539, w=0.0238661280347709)",[0. 0. 0. 0. 0. 0. 0. 0. 0.],"geometry_msgs.msg.Vector3(x=46.0625, y=-73.0625, z=31.25)",[0. 0. 0. 0. 0. 0. 0. 0. 0.],"geometry_msgs.msg.Vector3(x=0.0244140625, y=0.748046875, z=-0.29150390625)",[0. 0. 0. 0. 0. 0. 0. 0. 0.],False,15.446568804,"[0.6097154806632391, 0.7325863648934023, 0.3016532090737539, 0.0238661280347709]","[46.0625, -73.0625, 31.25]","[0.0244140625, 0.748046875, -0.29150390625]"
8860918878,"std_msgs.msg.Header(stamp=builtin_interfaces.msg.Time(sec=1731187355, nanosec=543640442), frame_id='RL_myo')","geometry_msgs.msg.Quaternion(x=0.6036812465974722, y=0.7438891154988264, z=0.28590929818630534, w=0.02130280637639209)",[0. 0. 0. 0. 0. 0. 0. 0. 0.],"geometry_msgs.msg.Vector3(x=60.4375, y=-65.75, z=56.0)",[0. 0. 0. 0. 0. 0. 0. 0. 0.],"geometry_msgs.msg.Vector3(x=0.13330078125, y=0.587890625, z=-0.28369140625)",[0. 0. 0. 0. 0. 0. 0. 0. 0.],False,15.461364845,"[0.6036812465974722, 0.7438891154988264, 0.28590929818630534, 0.02130280637639209]","[60.4375, -65.75, 56.0]","[0.13330078125, 0.587890625, -0.28369140625]"
8884902256,"std_msgs.msg.Header(stamp=builtin_interfaces.msg.Time(sec=1731187355, nanosec=567661189), frame_id='RL_myo')","geometry_msgs.msg.Quaternion(x=0.5991625455504499, y=0.7546298441972507, z=0.26607065363227494, w=0.027284602471582223)",[0. 0. 0. 0. 0. 0. 0. 0. 0.],"geometry_msgs.msg.Vector3(x=47.75, y=-44.5, z=94.875)",[0. 0. 0. 0. 0. 0. 0. 0. 0.],"geometry_msgs.msg.Vector3(x=0.22265625, y=0.7412109375, z=-0.17724609375)",[0. 0. 0. 0. 0. 0. 0. 0. 0.],False,15.485348223,"[0.5991625455504499, 0.7546298441972507, 0.26607065363227494, 0.027284602471582223]","[47.75, -44.5, 94.875]","[0.22265625, 0.7412109375, -0.17724609375]"
8917653475,"std_msgs.msg.Header(stamp=builtin_interfaces.msg.Time(sec=1731187355, nanosec=600464191), frame_id='RL_myo')","geometry_msgs.msg.Quaternion(x=0.5963893696799564, y=0.7618598006698614, z=0.2500062284524717, w=0.03723237288965033)",[0. 0. 0. 0. 0. 0. 0. 0. 0.],"geometry_msgs.msg.Vector3(x=26.6875, y=-16.5625, z=82.875)",[0. 0. 0. 0. 0. 0. 0. 0. 0.],"geometry_msgs.msg.Vector3(x=0.25439453125, y=0.8994140625, z=-0.16357421875)",[0. 0. 0. 0. 0. 0. 0. 0. 0.],False,15.518099442,"[0.5963893696799564, 0.7618598006698614, 0.2500062284524717, 0.03723237288965033]","[26.6875, -16.5625, 82.875]","[0.25439453125, 0.8994140625, -0.16357421875]"
8922453761,"std_msgs.msg.Header(stamp=builtin_interfaces.msg.Time(sec=1731187355, nanosec=605294631), frame_id='RL_myo')","geometry_msgs.msg.Quaternion(x=0.5926227639117112, y=0.7675590952919732, z=0.23994233030558623, w=0.045595756992692166)",[0. 0. 0. 0. 0. 0. 0. 0. 0.],"geometry_msgs.msg.Vector3(x=15.875, y=-2.6875, z=57.6875)",[0. 0. 0. 0. 0. 0. 0. 0. 0.],"geometry_msgs.msg.Vector3(x=0.17236328125, y=0.85595703125, z=-0.36279296875)",[0. 0. 0. 0. 0. 0. 0. 0. 0.],False,15.522899728,"[0.5926227639117112, 0.7675590952919732, 0.23994233030558623, 0.045595756992692166]","[15.875, -2.6875, 57.6875]","[0.17236328125, 0.85595703125, -0.36279296875]"
8943710498,"std_msgs.msg.Header(stamp=builtin_interfaces.msg.Time(sec=1731187355, nanosec=626266978), frame_id='RL_myo')","geometry_msgs.msg.Quaternion(x=0.5872446440889456, y=0.7738371892484828, z=0.2312722124990141, w=0.05322495890713653)",[0. 0. 0. 0. 0. 0. 0. 0. 0.],"geometry_msgs.msg.Vector3(x=16.0625, y=1.5, z=58.375)",[0. 0. 0. 0. 0. 0. 0. 0. 0.],"geometry_msgs.msg.Vector3(x=0.0673828125, y=0.82763671875, z=-0.51318359375)",[0. 0. 0. 0. 0. 0. 0. 0. 0.],False,15.544156465,"[0.5872446440889456, 0.7738371892484828, 0.2312722124990141, 0.05322495890713653]","[16.0625, 1.5, 58.375]","[0.0673828125, 0.82763671875, -0.51318359375]"
8965953199,"std_msgs.msg.Header(stamp=builtin_interfaces.msg.Time(sec=1731187355, nanosec=648650230), frame_id='RL_myo')","geometry_msgs.msg.Quaternion(x=0.5811907012500407, y=0.7801700843707227, z=0.2235161045975267, w=0.059937961418561225)",[0. 0. 0. 0. 0. 0. 0. 0. 0.],"geometry_msgs.msg.Vector3(x=26.8125, y=3.9375, z=56.25)",[0. 0. 0. 0. 0. 0. 0. 0. 0.],"geometry_msgs.msg.Vector3(x=0.0146484375, y=0.859375, z=-0.44580078125)",[0. 0. 0. 0. 0. 0. 0. 0. 0.],False,15.566399166,"[0.5811907012500407, 0.7801700843707227, 0.2235161045975267, 0.059937961418561225]","[26.8125, 3.9375, 56.25]","[0.0146484375, 0.859375, -0.44580078125]"
8982280311,"std_msgs.msg.Header(stamp=builtin_interfaces.msg.Time(sec=1731187355, nanosec=665044674), frame_id='RL_myo')","geometry_msgs.msg.Quaternion(x=0.575220278461614, y=0.785495518200606, z=0.21869845688963954, w=0.06549356523655686)",[0. 0. 0. 0. 0. 0. 0. 0. 0.],"geometry_msgs.msg.Vector3(x=31.25, y=9.4375, z=36.0)",[0. 0. 0. 0. 0. 0. 0. 0. 0.],"geometry_msgs.msg.Vector3(x=0.046875, y=0.9130859375, z=-0.39013671875)",[0. 0. 0. 0. 0. 0. 0. 0. 0.],False,15.582726278,"[0.575220278461614, 0.785495518200606, 0.21869845688963954, 0.06549356523655686]","[31.25, 9.4375, 36.0]","[0.046875, 0.9130859375, -0.39013671875]"
9003699011,"std_msgs.msg.Header(stamp=builtin_interfaces.msg.Time(sec=1731187355, nanosec=686303089), frame_id='RL_myo')","geometry_msgs.msg.Quaternion(x=0.5715554729668578, y=0.7880556078038341, z=0.2175377729233107, w=0.0704983523362581)",[0. 0. 0. 0. 0. 0. 0. 0. 0.],"geometry_msgs.msg.Vector3(x=14.4375, y=17.6875, z=15.375)",[0. 0. 0. 0. 0. 0. 0. 0. 0.],"geometry_msgs.msg.Vector3(x=0.02001953125, y=1.00439453125, z=-0.4208984375)",[0. 0. 0. 0. 0. 0. 0. 0. 0.],False,15.604144978,"[0.5715554729668578, 0.7880556078038341, 0.2175377729233107, 0.0704983523362581]","[14.4375, 17.6875, 15.375]","[0.02001953125, 1.00439453125, -0.4208984375]"
9026016045,"std_msgs.msg.Header(stamp=builtin_interfaces.msg.Time(sec=1731187355, nanosec=708697213), frame_id='RL_myo')","geometry_msgs.msg.Quaternion(x=0.5693160794181916, y=0.7893026935731356, z=0.21754503131193684, w=0.07452931628279318)",[0. 0. 0. 0. 0. 0. 0. 0. 0.],"geometry_msgs.msg.Vector3(x=1.6875, y=17.4375, z=9.9375)",[0. 0. 0. 0. 0. 0. 0. 0. 0.],"geometry_msgs.msg.Vector3(x=-0.05615234375, y=1.0234375, z=-0.4853515625)",[0. 0. 0. 0. 0. 0. 0. 0. 0.],False,15.626462012,"[0.5693160794181916, 0.7893026935731356, 0.21754503131193684, 0.07452931628279318]","[1.6875, 17.4375, 9.9375]","[-0.05615234375, 1.0234375, -0.4853515625]"
9044009853,"std_msgs.msg.Header(stamp=builtin_interfaces.msg.Time(sec=1731187355, nanosec=726680348), frame_id='RL_myo')","geometry_msgs.msg.Quaternion(x=0.5681440131731508, y=0.7901401214575029, z=0.2162585129643826, w=0.07825103404469051)",[0. 0. 0. 0. 0. 0. 0. 0. 0.],"geometry_msgs.msg.Vector3(x=-8.9375, y=11.5625, z=17.5)",[0. 0. 0. 0. 0. 0. 0. 0. 0.],"geometry_msgs.msg.Vector3(x=-0.10205078125, y=0.98193359375, z=-0.54052734375)",[0. 0. 0. 0. 0. 0. 0. 0. 0.],False,15.64445582,"[0.5681440131731508, 0.7901401214575029, 0.2162585129643826, 0.07825103404469051]","[-8.9375, 11.5625, 17.5]","[-0.10205078125, 0.98193359375, -0.54052734375]"
9064923812,"std_msgs.msg.Header(stamp=builtin_interfaces.msg.Time(sec=1731187355, nanosec=747566693), frame_id='RL_myo')","geometry_msgs.msg.Quaternion(x=0.5664409103863323, y=0.7914913022607295, z=0.214490663695859, w=0.08173107532406237)",[0. 0. 0. 0. 0. 0. 0. 0. 0.],"geometry_msgs.msg.Vector3(x=-2.9375, y=9.75, z=20.3125)",[0. 0. 0. 0. 0. 0. 0. 0. 0.],"geometry_msgs.msg.Vector3(x=-0.09228515625, y=0.94384765625, z=-0.5009765625)",[0. 0. 0. 0. 0. 0. 0. 0. 0.],False,15.665369779,"[0.5664409103863323, 0.7914913022607295, 0.214490663695859, 0.08173107532406237]","[-2.9375, 9.75, 20.3125]","[-0.09228515625, 0.94384765625, -0.5009765625]"
9086062562,"std_msgs.msg.Header(stamp=builtin_interfaces.msg.Time(sec=1731187355, nanosec=768770220), frame_id='RL_myo')","geometry_msgs.msg.Quaternion(x=0.5640411854303115, y=0.7931123431967825, z=0.21368988098598857, w=0.08465805910527453)",[0. 0. 0. 0. 0. 0. 0. 0. 0.],"geometry_msgs.msg.Vector3(x=8.9375, y=11.625, z=14.8125)",[0. 0. 0. 0. 0. 0. 0. 0. 0.],"geometry_msgs.msg.Vector3(x=-0.08837890625, y=0.9697265625, z=-0.41015625)",[0. 0. 0. 0. 0. 0. 0. 0. 0.],False,15.686508529,"[0.5640411854303115, 0.7931123431967825, 0.21368988098598857, 0.08465805910527453]","[8.9375, 11.625, 14.8125]","[-0.08837890625, 0.9697265625, -0.41015625]"
9101099018,"std_msgs.msg.Header(stamp=builtin_interfaces.msg.Time(sec=1731187355, nanosec=783741051), frame_id='RL_myo')","geometry_msgs.msg.Quaternion(x=0.5616803079642034, y=0.7946048955746577, z=0.21333108849542393, w=0.08722464247781425)",[0. 0. 0. 0. 0. 0. 0. 0. 0.],"geometry_msgs.msg.Vector3(x=11.0, y=12.75, z=13.5625)",[0. 0. 0. 0. 0. 0. 0. 0. 0.],"geometry_msgs.msg.Vector3(x=-0.11669921875, y=0.9765625, z=-0.39453125)",[0. 0. 0. 0. 0. 0. 0. 0. 0.],False,15.701544985,"[0.5616803079642034, 0.7946048955746577, 0.21333108849542393, 0.08722464247781425]","[11.0, 12.75, 13.5625]","[-0.11669921875, 0.9765625, -0.39453125]"
9123577302,"std_msgs.msg.Header(stamp=builtin_interfaces.msg.Time(sec=1731187355, nanosec=806364150), frame_id='RL_myo')","geometry_msgs.msg.Quaternion(x=0.5584928829558697, y=0.7967221422101604, z=0.21253248289096593, w=0.0902744233761455)",[0. 0. 0. 0. 0. 0. 0. 0. 0.],"geometry_msgs.msg.Vector3(x=11.9375, y=14.25, z=19.375)",[0. 0. 0. 0. 0. 0. 0. 0. 0.],"geometry_msgs.msg.Vector3(x=-0.12109375, y=0.9384765625, z=-0.44287109375)",[0. 0. 0. 0. 0. 0. 0. 0. 0.],False,15.724023269,"[0.5584928829558697, 0.7967221422101604, 0.21253248289096593, 0.0902744233761455]","[11.9375, 14.25, 19.375]","[-0.12109375, 0.9384765625, -0.44287109375]"
9154965895,"std_msgs.msg.Header(stamp=builtin_interfaces.msg.Time(sec=1731187355, nanosec=837619249), frame_id='RL_myo')","geometry_msgs.msg.Quaternion(x=0.5545447067327155, y=0.7993134765729125, z=0.21168531017601072, w=0.09363473639273369)",[0. 0. 0. 0. 0. 0. 0. 0. 0.],"geometry_msgs.msg.Vector3(x=17.0625, y=15.8125, z=19.8125)",[0. 0. 0. 0. 0. 0. 0. 0. 0.],"geometry_msgs.msg.Vector3(x=-0.08544921875, y=0.90283203125, z=-0.4306640625)",[0. 0. 0. 0. 0. 0. 0. 0. 0.],False,15.755411862,"[0.5545447067327155, 0.7993134765729125, 0.21168531017601072, 0.09363473639273369]","[17.0625, 15.8125, 19.8125]","[-0.08544921875, 0.90283203125, -0.4306640625]"
9161272016,"std_msgs.msg.Header(stamp=builtin_interfaces.msg.Time(sec=1731187355, nanosec=843889194), frame_id='RL_myo')","geometry_msgs.msg.Quaternion(x=0.5494853372871038, y=0.8023755563917996, z=0.2118100555861198, w=0.09693209460252399)",[0. 0. 0. 0. 0. 0. 0. 0. 0.],"geometry_msgs.msg.Vector3(x=26.9375, y=19.6875, z=16.25)",[0. 0. 0. 0. 0. 0. 0. 0. 0.],"geometry_msgs.msg.Vector3(x=-0.072265625, y=0.85400390625, z=-0.37890625)",[0. 0. 0. 0. 0. 0. 0. 0. 0.],False,15.761717983,"[0.5494853372871038, 0.8023755563917996, 0.2118100555861198, 0.09693209460252399]","[26.9375, 19.6875, 16.25]","[-0.072265625, 0.85400390625, -0.37890625]"
9183558262,"std_msgs.msg.Header(stamp=builtin_interfaces.msg.Time(sec=1731187355, nanosec=866243366), frame_id='RL_myo')","geometry_msgs.msg.Quaternion(x=0.545146538908955, y=0.8049930080765086, z=0.21193021868680906, w=0.09943384972373617)",[0. 0. 0. 0. 0. 0. 0. 0. 0.],"geometry_msgs.msg.Vector3(x=24.5625, y=17.3125, z=17.1875)",[0. 0. 0. 0. 0. 0. 0. 0. 0.],"geometry_msgs.msg.Vector3(x=-0.1357421875, y=0.91259765625, z=-0.39306640625)",[0. 0. 0. 0. 0. 0. 0. 0. 0.],False,15.784004229,"[0.545146538908955, 0.8049930080765086, 0.21193021868680906, 0.09943384972373617]","[24.5625, 17.3125, 17.1875]","[-0.1357421875, 0.91259765625, -0.39306640625]"
9205970556,"std_msgs.msg.Header(stamp=builtin_interfaces.msg.Time(sec=1731187355, nanosec=888751442), frame_id='RL_myo')","geometry_msgs.msg.Quaternion(x=0.539580795819835, y=0.8086387311109925, z=0.2111933884091209, w=0.10175126545607069)",[0. 0. 0. 0. 0. 0. 0. 0. 0.],"geometry_msgs.msg.Vector3(x=31.5625, y=14.5, z=22.375)",[0. 0. 0. 0. 0. 0. 0. 0. 0.],"geometry_msgs.msg.Vector3(x=-0.125, y=0.88818359375, z=-0.4189453125)",[0. 0. 0. 0. 0. 0. 0. 0. 0.],False,15.806416523,"[0.539580795819835, 0.8086387311109925, 0.2111933884091209, 0.10175126545607069]","[31.5625, 14.5, 22.375]","[-0.125, 0.88818359375, -0.4189453125]"
9221202305,"std_msgs.msg.Header(stamp=builtin_interfaces.msg.Time(sec=1731187355, nanosec=903859738), frame_id='RL_myo')","geometry_msgs.msg.Quaternion(x=0.5331143004637217, y=0.8129779445702208, z=0.20911948630509622, w=0.10547532759346359)",[0. 0. 0. 0. 0. 0. 0. 0. 0.],"geometry_msgs.msg.Vector3(x=36.1875, y=16.75, z=31.0625)",[0. 0. 0. 0. 0. 0. 0. 0. 0.],"geometry_msgs.msg.Vector3(x=-0.0615234375, y=0.80517578125, z=-0.38427734375)",[0. 0. 0. 0. 0. 0. 0. 0. 0.],False,15.821648272,"[0.5331143004637217, 0.8129779445702208, 0.20911948630509622, 0.10547532759346359]","[36.1875, 16.75, 31.0625]","[-0.0615234375, 0.80517578125, -0.38427734375]"
9243560964,"std_msgs.msg.Header(stamp=builtin_interfaces.msg.Time(sec=1731187355, nanosec=926271825), frame_id='RL_myo')","geometry_msgs.msg.Quaternion(x=0.5257046949418956, y=0.8177628587985044, z=0.20740096986097312, w=0.10901063336424309)",[0. 0. 0. 0. 0. 0. 0. 0. 0.],"geometry_msgs.msg.Vector3(x=40.25, y=17.8125, z=31.1875)",[0. 0. 0. 0. 0. 0. 0. 0. 0.],"geometry_msgs.msg.Vector3(x=-0.06640625, y=0.765625, z=-0.4140625)",[0. 0. 0. 0. 0. 0. 0. 0. 0.],False,15.844006931,"[0.5257046949418956, 0.8177628587985044, 0.20740096986097312, 0.10901063336424309]","[40.25, 17.8125, 31.1875]","[-0.06640625, 0.765625, -0.4140625]"
9266112102,"std_msgs.msg.Header(stamp=builtin_interfaces.msg.Time(sec=1731187355, nanosec=948854092), frame_id='RL_myo')","geometry_msgs.msg.Quaternion(x=0.5143058803277378, y=0.8252943042857042, z=0.20496548138387652, w=0.11121116947034634)",[0. 0. 0. 0. 0. 0. 0. 0. 0.],"geometry_msgs.msg.Vector3(x=61.5625, y=13.5, z=37.9375)",[0. 0. 0. 0. 0. 0. 0. 0. 0.],"geometry_msgs.msg.Vector3(x=-0.08642578125, y=0.76416015625, z=-0.54833984375)",[0. 0. 0. 0. 0. 0. 0. 0. 0.],False,15.866558069,"[0.5143058803277378, 0.8252943042857042, 0.20496548138387652, 0.11121116947034634]","[61.5625, 13.5, 37.9375]","[-0.08642578125, 0.76416015625, -0.54833984375]"
9281063076,"std_msgs.msg.Header(stamp=builtin_interfaces.msg.Time(sec=1731187355, nanosec=963874016), frame_id='RL_myo')","geometry_msgs.msg.Quaternion(x=0.5044791967337637, y=0.8318260729688726, z=0.20154752663217032, w=0.11377486058218216)",[0. 0. 0. 0. 0. 0. 0. 0. 0.],"geometry_msgs.msg.Vector3(x=61.4375, y=9.9375, z=39.25)",[0. 0. 0. 0. 0. 0. 0. 0. 0.],"geometry_msgs.msg.Vector3(x=-0.041015625, y=1.01953125, z=-0.51708984375)",[0. 0. 0. 0. 0. 0. 0. 0. 0.],False,15.881509043,"[0.5044791967337637, 0.8318260729688726, 0.20154752663217032, 0.11377486058218216]","[61.4375, 9.9375, 39.25]","[-0.041015625, 1.01953125, -0.51708984375]"
9303494948,"std_msgs.msg.Header(stamp=builtin_interfaces.msg.Time(sec=1731187355, nanosec=986284659), frame_id='RL_myo')","geometry_msgs.msg.Quaternion(x=0.4998319435960886, y=0.8343146705354665, z=0.20148311708519825, w=0.11615339951927667)",[0. 0. 0. 0. 0. 0. 0. 0. 0.],"geometry_msgs.msg.Vector3(x=42.0, y=13.1875, z=9.375)",[0. 0. 0. 0. 0. 0. 0. 0. 0.],"geometry_msgs.msg.Vector3(x=0.04638671875, y=1.275390625, z=-0.4404296875)",[0. 0. 0. 0. 0. 0. 0. 0. 0.],False,15.903940915,"[0.4998319435960886, 0.8343146705354665, 0.20148311708519825, 0.11615339951927667]","[42.0, 13.1875, 9.375]","[0.04638671875, 1.275390625, -0.4404296875]"
9325920439,"std_msgs.msg.Header(stamp=builtin_interfaces.msg.Time(sec=1731187356, nanosec=8736635), frame_id='RL_myo')","geometry_msgs.msg.Quaternion(x=0.496360441674591, y=0.8353651014213541, z=0.20514848062817267, w=0.11707074854056387)",[0. 0. 0. 0. 0. 0. 0. 0. 0.],"geometry_msgs.msg.Vector3(x=19.1875, y=19.6875, z=-8.3125)",[0. 0. 0. 0. 0. 0. 0. 0. 0.],"geometry_msgs.msg.Vector3(x=-0.05908203125, y=1.12353515625, z=-0.6416015625)",[0. 0. 0. 0. 0. 0. 0. 0. 0.],False,15.926366406,"[0.496360441674591, 0.8353651014213541, 0.20514848062817267, 0.11707074854056387]","[19.1875, 19.6875, -8.3125]","[-0.05908203125, 1.12353515625, -0.6416015625]"
9341032918,"std_msgs.msg.Header(stamp=builtin_interfaces.msg.Time(sec=1731187356, nanosec=23829601), frame_id='RL_myo')","geometry_msgs.msg.Quaternion(x=0.49336375550458555, y=0.8368201271765271, z=0.20606161556148472, w=0.11774077500536256)",[0. 0. 0. 0. 0. 0. 0. 0. 0.],"geometry_msgs.msg.Vector3(x=14.8125, y=13.0625, z=9.125)",[0. 0. 0. 0. 0. 0. 0. 0. 0.],"geometry_msgs.msg.Vector3(x=-0.13818359375, y=0.9814453125, z=-0.6005859375)",[0. 0. 0. 0. 0. 0. 0. 0. 0.],False,15.941478885,"[0.49336375550458555, 0.8368201271765271, 0.20606161556148472, 0.11774077500536256]","[14.8125, 13.0625, 9.125]","[-0.13818359375, 0.9814453125, -0.6005859375]"
9366235676,"std_msgs.msg.Header(stamp=builtin_interfaces.msg.Time(sec=1731187356, nanosec=49250148), frame_id='RL_myo')","geometry_msgs.msg.Quaternion(x=0.4918504333453314, y=0.8382454704804463, z=0.20362534693969042, w=0.11817106465085152)",[0. 0. 0. 0. 0. 0. 0. 0. 0.],"geometry_msgs.msg.Vector3(x=5.5, y=0.375, z=23.6875)",[0. 0. 0. 0. 0. 0. 0. 0. 0.],"geometry_msgs.msg.Vector3(x=-0.13134765625, y=0.89794921875, z=-0.56005859375)",[0. 0. 0. 0. 0. 0. 0. 0. 0.],False,15.966681643,"[0.4918504333453314, 0.8382454704804463, 0.20362534693969042, 0.11817106465085152]","[5.5, 0.375, 23.6875]","[-0.13134765625, 0.89794921875, -0.56005859375]"
9386042867,"std_msgs.msg.Header(stamp=builtin_interfaces.msg.Time(sec=1731187356, nanosec=68879838), frame_id='RL_myo')","geometry_msgs.msg.Quaternion(x=0.48850394996599755, y=0.8410715889768187, z=0.20063882088444757, w=0.11707491890975676)",[0. 0. 0. 0. 0. 0. 0. 0. 0.],"geometry_msgs.msg.Vector3(x=19.0625, y=-11.5, z=17.25)",[0. 0. 0. 0. 0. 0. 0. 0. 0.],"geometry_msgs.msg.Vector3(x=-0.00830078125, y=0.8818359375, z=-0.572265625)",[0. 0. 0. 0. 0. 0. 0. 0. 0.],False,15.986488834,"[0.48850394996599755, 0.8410715889768187, 0.20063882088444757, 0.11707491890975676]","[19.0625, -11.5, 17.25]","[-0.00830078125, 0.8818359375, -0.572265625]"
9401020723,"std_msgs.msg.Header(stamp=builtin_interfaces.msg.Time(sec=1731187356, nanosec=83867499), frame_id='RL_myo')","geometry_msgs.msg.Quaternion(x=0.4846482499542628, y=0.8439837974959183, z=0.1977047457936848, w=0.11713350020934891)",[0. 0. 0. 0. 0. 0. 0. 0. 0.],"geometry_msgs.msg.Vector3(x=23.25, y=-7.5, z=16.5625)",[0. 0. 0. 0. 0. 0. 0. 0. 0.],"geometry_msgs.msg.Vector3(x=0.0673828125, y=0.87939453125, z=-0.53271484375)",[0. 0. 0. 0. 0. 0. 0. 0. 0.],False,16.00146669,"[0.4846482499542628, 0.8439837974959183, 0.1977047457936848, 0.11713350020934891]","[23.25, -7.5, 16.5625]","[0.0673828125, 0.87939453125, -0.53271484375]"
9423523159,"std_msgs.msg.Header(stamp=builtin_interfaces.msg.Time(sec=1731187356, nanosec=106318461), frame_id='RL_myo')","geometry_msgs.msg.Quaternion(x=0.4776355121031803, y=0.8486346996511841, z=0.19538802226738403, w=0.11621955463826904)",[0. 0. 0. 0. 0. 0. 0. 0. 0.],"geometry_msgs.msg.Vector3(x=40.4375, y=-5.0625, z=20.8125)",[0. 0. 0. 0. 0. 0. 0. 0. 0.],"geometry_msgs.msg.Vector3(x=-0.0244140625, y=0.85302734375, z=-0.61279296875)",[0. 0. 0. 0. 0. 0. 0. 0. 0.],False,16.023969126,"[0.4776355121031803, 0.8486346996511841, 0.19538802226738403, 0.11621955463826904]","[40.4375, -5.0625, 20.8125]","[-0.0244140625, 0.85302734375, -0.61279296875]"
9446135376,"std_msgs.msg.Header(stamp=builtin_interfaces.msg.Time(sec=1731187356, nanosec=128817794), frame_id='RL_myo')","geometry_msgs.msg.Quaternion(x=0.4704213915338211, y=0.8536191982094834, z=0.19227032351518575, w=0.11432454474410886)",[0. 0. 0. 0. 0. 0. 0. 0. 0.],"geometry_msgs.msg.Vector3(x=50.875, y=-9.375, z=25.9375)",[0. 0. 0. 0. 0. 0. 0. 0. 0.],"geometry_msgs.msg.Vector3(x=-0.08203125, y=0.87451171875, z=-0.5126953125)",[0. 0. 0. 0. 0. 0. 0. 0. 0.],False,16.046581343,"[0.4704213915338211, 0.8536191982094834, 0.19227032351518575, 0.11432454474410886]","[50.875, -9.375, 25.9375]","[-0.08203125, 0.87451171875, -0.5126953125]"
9468660372,"std_msgs.msg.Header(stamp=builtin_interfaces.msg.Time(sec=1731187356, nanosec=151368365), frame_id='RL_myo')","geometry_msgs.msg.Quaternion(x=0.4654657246757591, y=0.8573212127977593, z=0.18780986556875306, w=0.11432170237577981)",[0. 0. 0. 0. 0. 0. 0. 0. 0.],"geometry_msgs.msg.Vector3(x=32.8125, y=-8.125, z=30.5625)",[0. 0. 0. 0. 0. 0. 0. 0. 0.],"geometry_msgs.msg.Vector3(x=0.00048828125, y=0.86474609375, z=-0.5283203125)",[0. 0. 0. 0. 0. 0. 0. 0. 0.],False,16.069106339,"[0.4654657246757591, 0.8573212127977593, 0.18780986556875306, 0.11432170237577981]","[32.8125, -8.125, 30.5625]","[0.00048828125, 0.86474609375, -0.5283203125]"
9483460258,"std_msgs.msg.Header(stamp=builtin_interfaces.msg.Time(sec=1731187356, nanosec=166275624), frame_id='RL_myo')","geometry_msgs.msg.Quaternion(x=0.4636555160199942, y=0.8589468695936491, z=0.18403388372831522, w=0.11560868185122025)",[0. 0. 0. 0. 0. 0. 0. 0. 0.],"geometry_msgs.msg.Vector3(x=14.0625, y=-2.9375, z=24.9375)",[0. 0. 0. 0. 0. 0. 0. 0. 0.],"geometry_msgs.msg.Vector3(x=0.02734375, y=0.9599609375, z=-0.544921875)",[0. 0. 0. 0. 0. 0. 0. 0. 0.],False,16.083906225,"[0.4636555160199942, 0.8589468695936491, 0.18403388372831522, 0.11560868185122025]","[14.0625, -2.9375, 24.9375]","[0.02734375, 0.9599609375, -0.544921875]"
9506198771,"std_msgs.msg.Header(stamp=builtin_interfaces.msg.Time(sec=1731187356, nanosec=188908863), frame_id='RL_myo')","geometry_msgs.msg.Quaternion(x=0.4624379260852869, y=0.8601736080245331, z=0.1808000444911061, w=0.1164640394628732)",[0. 0. 0. 0. 0. 0. 0. 0. 0.],"geometry_msgs.msg.Vector3(x=8.0, y=-0.9375, z=24.8125)",[0. 0. 0. 0. 0. 0. 0. 0. 0.],"geometry_msgs.msg.Vector3(x=-0.04150390625, y=0.90234375, z=-0.55419921875)",[0. 0. 0. 0. 0. 0. 0. 0. 0.],False,16.106644738,"[0.4624379260852869, 0.8601736080245331, 0.1808000444911061, 0.1164640394628732]","[8.0, -0.9375, 24.8125]","[-0.04150390625, 0.90234375, -0.55419921875]"
9521048262,"std_msgs.msg.Header(stamp=builtin_interfaces.msg.Time(sec=1731187356, nanosec=203873629), frame_id='RL_myo')","geometry_msgs.msg.Quaternion(x=0.4632283944729558, y=0.8602900239427907, z=0.17731960547423067, w=0.11780614064208784)",[0. 0. 0. 0. 0. 0. 0. 0. 0.],"geometry_msgs.msg.Vector3(x=-7.625, y=0.125, z=26.0)",[0. 0. 0. 0. 0. 0. 0. 0. 0.],"geometry_msgs.msg.Vector3(x=-0.05615234375, y=0.85400390625, z=-0.55517578125)",[0. 0. 0. 0. 0. 0. 0. 0. 0.],False,16.121494229,"[0.4632283944729558, 0.8602900239427907, 0.17731960547423067, 0.11780614064208784]","[-7.625, 0.125, 26.0]","[-0.05615234375, 0.85400390625, -0.55517578125]"
9543558379,"std_msgs.msg.Header(stamp=builtin_interfaces.msg.Time(sec=1731187356, nanosec=226317129), frame_id='RL_myo')","geometry_msgs.msg.Quaternion(x=0.46396497084915894, y=0.8604807517511635, z=0.173780854099139, w=0.11878382229607463)",[0. 0. 0. 0. 0. 0. 0. 0. 0.],"geometry_msgs.msg.Vector3(x=-5.8125, y=-2.625, z=24.3125)",[0. 0. 0. 0. 0. 0. 0. 0. 0.],"geometry_msgs.msg.Vector3(x=-0.0361328125, y=0.88232421875, z=-0.560546875)",[0. 0. 0. 0. 0. 0. 0. 0. 0.],False,16.144004346,"[0.46396497084915894, 0.8604807517511635, 0.173780854099139, 0.11878382229607463]","[-5.8125, -2.625, 24.3125]","[-0.0361328125, 0.88232421875, -0.560546875]"
9566195072,"std_msgs.msg.Header(stamp=builtin_interfaces.msg.Time(sec=1731187356, nanosec=248865938), frame_id='RL_myo')","geometry_msgs.msg.Quaternion(x=0.4648746176356122, y=0.8604697327743206, z=0.17164225640642614, w=0.11841606594184449)",[0. 0. 0. 0. 0. 0. 0. 0. 0.],"geometry_msgs.msg.Vector3(x=-5.1875, y=-5.3125, z=13.6875)",[0. 0. 0. 0. 0. 0. 0. 0. 0.],"geometry_msgs.msg.Vector3(x=-0.02880859375, y=0.91943359375, z=-0.5791015625)",[0. 0. 0. 0. 0. 0. 0. 0. 0.],False,16.166641039,"[0.4648746176356122, 0.8604697327743206, 0.17164225640642614, 0.11841606594184449]","[-5.1875, -5.3125, 13.6875]","[-0.02880859375, 0.91943359375, -0.5791015625]"
9581061212,"std_msgs.msg.Header(stamp=builtin_interfaces.msg.Time(sec=1731187356, nanosec=263842055), frame_id='RL_myo')","geometry_msgs.msg.Quaternion(x=0.4648590120290452, y=0.8608070702003184, z=0.17053782557893282, w=0.11761860769169777)",[0. 0. 0. 0. 0. 0. 0. 0. 0.],"geometry_msgs.msg.Vector3(x=0.9375, y=-3.0625, z=10.1875)",[0. 0. 0. 0. 0. 0. 0. 0. 0.],"geometry_msgs.msg.Vector3(x=-0.06640625, y=0.880859375, z=-0.5654296875)",[0. 0. 0. 0. 0. 0. 0. 0. 0.],False,16.181507179,"[0.4648590120290452, 0.8608070702003184, 0.17053782557893282, 0.11761860769169777]","[0.9375, -3.0625, 10.1875]","[-0.06640625, 0.880859375, -0.5654296875]"
9605165226,"std_msgs.msg.Header(stamp=builtin_interfaces.msg.Time(sec=1731187356, nanosec=287928040), frame_id='RL_myo')","geometry_msgs.msg.Quaternion(x=0.4633425858470865, y=0.8620454933366357, z=0.16864913248524568, w=0.11725478954185918)",[0. 0. 0. 0. 0. 0. 0. 0. 0.],"geometry_msgs.msg.Vector3(x=4.625, y=-3.0625, z=14.75)",[0. 0. 0. 0. 0. 0. 0. 0. 0.],"geometry_msgs.msg.Vector3(x=-0.02294921875, y=0.87158203125, z=-0.65283203125)",[0. 0. 0. 0. 0. 0. 0. 0. 0.],False,16.205611193,"[0.4633425858470865, 0.8620454933366357, 0.16864913248524568, 0.11725478954185918]","[4.625, -3.0625, 14.75]","[-0.02294921875, 0.87158203125, -0.65283203125]"
9626036977,"std_msgs.msg.Header(stamp=builtin_interfaces.msg.Time(sec=1731187356, nanosec=308765535), frame_id='RL_myo')","geometry_msgs.msg.Quaternion(x=0.46041707940299964, y=0.864067900839038, z=0.16706370758663794, w=0.11615719237755645)",[0. 0. 0. 0. 0. 0. 0. 0. 0.],"geometry_msgs.msg.Vector3(x=13.75, y=-6.6875, z=10.875)",[0. 0. 0. 0. 0. 0. 0. 0. 0.],"geometry_msgs.msg.Vector3(x=0.01708984375, y=0.88623046875, z=-0.6875)",[0. 0. 0. 0. 0. 0. 0. 0. 0.],False,16.226482944,"[0.46041707940299964, 0.864067900839038, 0.16706370758663794, 0.11615719237755645]","[13.75, -6.6875, 10.875]","[0.01708984375, 0.88623046875, -0.6875]"
9640945634,"std_msgs.msg.Header(stamp=builtin_interfaces.msg.Time(sec=1731187356, nanosec=323764289), frame_id='RL_myo')","geometry_msgs.msg.Quaternion(x=0.45845036640479114, y=0.8657515639842307, z=0.1665094660567528, w=0.11212532593337789)",[0. 0. 0. 0. 0. 0. 0. 0. 0.],"geometry_msgs.msg.Vector3(x=14.6875, y=-16.1875, z=1.25)",[0. 0. 0. 0. 0. 0. 0. 0. 0.],"geometry_msgs.msg.Vector3(x=-0.05712890625, y=1.03076171875, z=-0.7373046875)",[0. 0. 0. 0. 0. 0. 0. 0. 0.],False,16.241391601,"[0.45845036640479114, 0.8657515639842307, 0.1665094660567528, 0.11212532593337789]","[14.6875, -16.1875, 1.25]","[-0.05712890625, 1.03076171875, -0.7373046875]"
9671045768,"std_msgs.msg.Header(stamp=builtin_interfaces.msg.Time(sec=1731187356, nanosec=353787189), frame_id='RL_myo')","geometry_msgs.msg.Quaternion(x=0.4593578202667715, y=0.8659804350179318, z=0.1669337813486075, w=0.10583662773619211)",[0. 0. 0. 0. 0. 0. 0. 0. 0.],"geometry_msgs.msg.Vector3(x=2.375, y=-28.0625, z=-14.375)",[0. 0. 0. 0. 0. 0. 0. 0. 0.],"geometry_msgs.msg.Vector3(x=-0.0361328125, y=1.1328125, z=-0.7578125)",[0. 0. 0. 0. 0. 0. 0. 0. 0.],False,16.271491735,"[0.4593578202667715, 0.8659804350179318, 0.1669337813486075, 0.10583662773619211]","[2.375, -28.0625, -14.375]","[-0.0361328125, 1.1328125, -0.7578125]"
9685956202,"std_msgs.msg.Header(stamp=builtin_interfaces.msg.Time(sec=1731187356, nanosec=368697914), frame_id='RL_myo')","geometry_msgs.msg.Quaternion(x=0.46291499531066155, y=0.8645474675079391, z=0.16846590019217111, w=0.09943150413516187)",[0. 0. 0. 0. 0. 0. 0. 0. 0.],"geometry_msgs.msg.Vector3(x=-11.75, y=-33.1875, z=-32.0625)",[0. 0. 0. 0. 0. 0. 0. 0. 0.],"geometry_msgs.msg.Vector3(x=0.08984375, y=1.1650390625, z=-0.72607421875)",[0. 0. 0. 0. 0. 0. 0. 0. 0.],False,16.286402169,"[0.46291499531066155, 0.8645474675079391, 0.16846590019217111, 0.09943150413516187]","[-11.75, -33.1875, -32.0625]","[0.08984375, 1.1650390625, -0.72607421875]"
9702496245,"std_msgs.msg.Header(stamp=builtin_interfaces.msg.Time(sec=1731187356, nanosec=385371800), frame_id='RL_myo')","geometry_msgs.msg.Quaternion(x=0.4685259964338838, y=0.8616703350256825, z=0.17176031187662183, w=0.09222808501974968)",[0. 0. 0. 0. 0. 0. 0. 0. 0.],"geometry_msgs.msg.Vector3(x=-22.5, y=-32.375, z=-44.1875)",[0. 0. 0. 0. 0. 0. 0. 0. 0.],"geometry_msgs.msg.Vector3(x=0.04150390625, y=1.1923828125, z=-0.701171875)",[0. 0. 0. 0. 0. 0. 0. 0. 0.],False,16.302942212,"[0.4685259964338838, 0.8616703350256825, 0.17176031187662183, 0.09222808501974968]","[-22.5, -32.375, -44.1875]","[0.04150390625, 1.1923828125, -0.701171875]"
9723446780,"std_msgs.msg.Header(stamp=builtin_interfaces.msg.Time(sec=1731187356, nanosec=406238562), frame_id='RL_myo')","geometry_msgs.msg.Quaternion(x=0.47517539321864843, y=0.8578792744621841, z=0.17737439854764192, w=0.08240035720554598)",[0. 0. 0. 0. 0. 0. 0. 0. 0.],"geometry_msgs.msg.Vector3(x=-25.5625, y=-36.4375, z=-58.75)",[0. 0. 0. 0. 0. 0. 0. 0. 0.],"geometry_msgs.msg.Vector3(x=-0.07861328125, y=1.197265625, z=-0.67578125)",[0. 0. 0. 0. 0. 0. 0. 0. 0.],False,16.323892747,"[0.47517539321864843, 0.8578792744621841, 0.17737439854764192, 0.08240035720554598]","[-25.5625, -36.4375, -58.75]","[-0.07861328125, 1.197265625, -0.67578125]"
9741305887,"std_msgs.msg.Header(stamp=builtin_interfaces.msg.Time(sec=1731187356, nanosec=424079227), frame_id='RL_myo')","geometry_msgs.msg.Quaternion(x=0.48380252175152716, y=0.8526058066900494, z=0.18427956260003286, w=0.07098944395622332)",[0. 0. 0. 0. 0. 0. 0. 0. 0.],"geometry_msgs.msg.Vector3(x=-34.125, y=-42.9375, z=-74.1875)",[0. 0. 0. 0. 0. 0. 0. 0. 0.],"geometry_msgs.msg.Vector3(x=-0.08642578125, y=1.185546875, z=-0.60205078125)",[0. 0. 0. 0. 0. 0. 0. 0. 0.],False,16.341751854,"[0.48380252175152716, 0.8526058066900494, 0.18427956260003286, 0.07098944395622332]","[-34.125, -42.9375, -74.1875]","[-0.08642578125, 1.185546875, -0.60205078125]"
9761074169,"std_msgs.msg.Header(stamp=builtin_interfaces.msg.Time(sec=1731187356, nanosec=443804684), frame_id='RL_myo')","geometry_msgs.msg.Quaternion(x=0.4938547026001215, y=0.8459802469457031, z=0.19184097519122256, w=0.06018301035270297)",[0. 0. 0. 0. 0. 0. 0. 0. 0.],"geometry_msgs.msg.Vector3(x=-42.6875, y=-41.5, z=-82.375)",[0. 0. 0. 0. 0. 0. 0. 0. 0.],"geometry_msgs.msg.Vector3(x=-0.04443359375, y=1.11328125, z=-0.4833984375)",[0. 0. 0. 0. 0. 0. 0. 0. 0.],False,16.361520136,"[0.4938547026001215, 0.8459802469457031, 0.19184097519122256, 0.06018301035270297]","[-42.6875, -41.5, -82.375]","[-0.04443359375, 1.11328125, -0.4833984375]"
9783459338,"std_msgs.msg.Header(stamp=builtin_interfaces.msg.Time(sec=1731187356, nanosec=466156854), frame_id='RL_myo')","geometry_msgs.msg.Quaternion(x=0.5029073626562784, y=0.8392980017628145, z=0.20045488274829693, w=0.04980852141370594)",[0. 0. 0. 0. 0. 0. 0. 0. 0.],"geometry_msgs.msg.Vector3(x=-40.0625, y=-34.4375, z=-85.0)",[0. 0. 0. 0. 0. 0. 0. 0. 0.],"geometry_msgs.msg.Vector3(x=-0.07861328125, y=1.01416015625, z=-0.43701171875)",[0. 0. 0. 0. 0. 0. 0. 0. 0.],False,16.383905305,"[0.5029073626562784, 0.8392980017628145, 0.20045488274829693, 0.04980852141370594]","[-40.0625, -34.4375, -85.0]","[-0.07861328125, 1.01416015625, -0.43701171875]"
9805890808,"std_msgs.msg.Header(stamp=builtin_interfaces.msg.Time(sec=1731187356, nanosec=488605725), frame_id='RL_myo')","geometry_msgs.msg.Quaternion(x=0.5092528293598076, y=0.8337389903183042, z=0.20967079813627462, w=0.03973673641534637)",[0. 0. 0. 0. 0. 0. 0. 0. 0.],"geometry_msgs.msg.Vector3(x=-25.8125, y=-28.0, z=-83.625)",[0. 0. 0. 0. 0. 0. 0. 0. 0.],"geometry_msgs.msg.Vector3(x=-0.11083984375, y=0.8466796875, z=-0.3603515625)",[0. 0. 0. 0. 0. 0. 0. 0. 0.],False,16.406336775,"[0.5092528293598076, 0.8337389903183042, 0.20967079813627462, 0.03973673641534637]","[-25.8125, -28.0, -83.625]","[-0.11083984375, 0.8466796875, -0.3603515625]"
9823719473,"std_msgs.msg.Header(stamp=builtin_interfaces.msg.Time(sec=1731187356, nanosec=506559748), frame_id='RL_myo')","geometry_msgs.msg.Quaternion(x=0.5135062485428421, y=0.82925185934899, z=0.21826914831679584, w=0.03180039884593139)",[0. 0. 0. 0. 0. 0. 0. 0. 0.],"geometry_msgs.msg.Vector3(x=-14.4375, y=-17.0, z=-73.5625)",[0. 0. 0. 0. 0. 0. 0. 0. 0.],"geometry_msgs.msg.Vector3(x=-0.09814453125, y=0.75390625, z=-0.287109375)",[0. 0. 0. 0. 0. 0. 0. 0. 0.],False,16.42416544,"[0.5135062485428421, 0.82925185934899, 0.21826914831679584, 0.03180039884593139]","[-14.4375, -17.0, -73.5625]","[-0.09814453125, 0.75390625, -0.287109375]"
9843690684,"std_msgs.msg.Header(stamp=builtin_interfaces.msg.Time(sec=1731187356, nanosec=526356586), frame_id='RL_myo')","geometry_msgs.msg.Quaternion(x=0.5162695587293903, y=0.8253110313998682, z=0.22743206145964862, w=0.024537758643794618)",[0. 0. 0. 0. 0. 0. 0. 0. 0.],"geometry_msgs.msg.Vector3(x=-6.375, y=-8.0625, z=-69.3125)",[0. 0. 0. 0. 0. 0. 0. 0. 0.],"geometry_msgs.msg.Vector3(x=-0.197265625, y=0.7744140625, z=-0.29248046875)",[0. 0. 0. 0. 0. 0. 0. 0. 0.],False,16.444136651,"[0.5162695587293903, 0.8253110313998682, 0.22743206145964862, 0.024537758643794618]","[-6.375, -8.0625, -69.3125]","[-0.197265625, 0.7744140625, -0.29248046875]"
9861182249,"std_msgs.msg.Header(stamp=builtin_interfaces.msg.Time(sec=1731187356, nanosec=544012763), frame_id='RL_myo')","geometry_msgs.msg.Quaternion(x=0.518877820888052, y=0.821134375297843, z=0.23712978874839222, w=0.016541099807159405)",[0. 0. 0. 0. 0. 0. 0. 0. 0.],"geometry_msgs.msg.Vector3(x=-5.6875, y=-6.6875, z=-69.0)",[0. 0. 0. 0. 0. 0. 0. 0. 0.],"geometry_msgs.msg.Vector3(x=-0.30078125, y=0.7705078125, z=-0.29541015625)",[0. 0. 0. 0. 0. 0. 0. 0. 0.],False,16.461628216,"[0.518877820888052, 0.821134375297843, 0.23712978874839222, 0.016541099807159405]","[-5.6875, -6.6875, -69.0]","[-0.30078125, 0.7705078125, -0.29541015625]"
9888657045,"std_msgs.msg.Header(stamp=builtin_interfaces.msg.Time(sec=1731187356, nanosec=571261600), frame_id='RL_myo')","geometry_msgs.msg.Quaternion(x=0.5217023994023162, y=0.8168881725987127, z=0.24580502660502251, w=0.010010435650167293)",[0. 0. 0. 0. 0. 0. 0. 0. 0.],"geometry_msgs.msg.Vector3(x=-11.625, y=-3.6875, z=-59.5625)",[0. 0. 0. 0. 0. 0. 0. 0. 0.],"geometry_msgs.msg.Vector3(x=-0.3076171875, y=0.70068359375, z=-0.29736328125)",[0. 0. 0. 0. 0. 0. 0. 0. 0.],False,16.489103012,"[0.5217023994023162, 0.8168881725987127, 0.24580502660502251, 0.010010435650167293]","[-11.625, -3.6875, -59.5625]","[-0.3076171875, 0.70068359375, -0.29736328125]"
9903371338,"std_msgs.msg.Header(stamp=builtin_interfaces.msg.Time(sec=1731187356, nanosec=586189937), frame_id='RL_myo')","geometry_msgs.msg.Quaternion(x=0.5241807781652149, y=0.8131882286324125, z=0.252812853185878, w=0.00671400624105422)",[0. 0. 0. 0. 0. 0. 0. 0. 0.],"geometry_msgs.msg.Vector3(x=-13.8125, y=4.3125, z=-46.0625)",[0. 0. 0. 0. 0. 0. 0. 0. 0.],"geometry_msgs.msg.Vector3(x=-0.224609375, y=0.64501953125, z=-0.2744140625)",[0. 0. 0. 0. 0. 0. 0. 0. 0.],False,16.503817305,"[0.5241807781652149, 0.8131882286324125, 0.252812853185878, 0.00671400624105422]","[-13.8125, 4.3125, -46.0625]","[-0.224609375, 0.64501953125, -0.2744140625]"
9921305683,"std_msgs.msg.Header(stamp=builtin_interfaces.msg.Time(sec=1731187356, nanosec=604170794), frame_id='RL_myo')","geometry_msgs.msg.Quaternion(x=0.5250493707661952, y=0.8104022896608666, z=0.2599000489098418, w=0.004822006543888564)",[0. 0. 0. 0. 0. 0. 0. 0. 0.],"geometry_msgs.msg.Vector3(x=-7.75, y=13.9375, z=-38.375)",[0. 0. 0. 0. 0. 0. 0. 0. 0.],"geometry_msgs.msg.Vector3(x=-0.27783203125, y=0.66064453125, z=-0.32177734375)",[0. 0. 0. 0. 0. 0. 0. 0. 0.],False,16.52175165,"[0.5250493707661952, 0.8104022896608666, 0.2599000489098418, 0.004822006543888564]","[-7.75, 13.9375, -38.375]","[-0.27783203125, 0.66064453125, -0.32177734375]"
9942404507,"std_msgs.msg.Header(stamp=builtin_interfaces.msg.Time(sec=1731187356, nanosec=625126242), frame_id='RL_myo')","geometry_msgs.msg.Quaternion(x=0.5233377275657032, y=0.8091775430765719, z=0.26710122414596654, w=0.002502548032446213)",[0. 0. 0. 0. 0. 0. 0. 0. 0.],"geometry_msgs.msg.Vector3(x=2.3125, y=16.875, z=-32.8125)",[0. 0. 0. 0. 0. 0. 0. 0. 0.],"geometry_msgs.msg.Vector3(x=-0.35107421875, y=0.5859375, z=-0.40576171875)",[0. 0. 0. 0. 0. 0. 0. 0. 0.],False,16.542850474,"[0.5233377275657032, 0.8091775430765719, 0.26710122414596654, 0.002502548032446213]","[2.3125, 16.875, -32.8125]","[-0.35107421875, 0.5859375, -0.40576171875]"
9963581257,"std_msgs.msg.Header(stamp=builtin_interfaces.msg.Time(sec=1731187356, nanosec=646277754), frame_id='RL_myo')","geometry_msgs.msg.Quaternion(x=0.5207225121724672, y=0.8093752797335501, z=0.2715618868427273, w=0.0037233704422131642)",[0. 0. 0. 0. 0. 0. 0. 0. 0.],"geometry_msgs.msg.Vector3(x=9.0625, y=23.5, z=-14.4375)",[0. 0. 0. 0. 0. 0. 0. 0. 0.],"geometry_msgs.msg.Vector3(x=-0.19921875, y=0.50830078125, z=-0.3056640625)",[0. 0. 0. 0. 0. 0. 0. 0. 0.],False,16.564027224,"[0.5207225121724672, 0.8093752797335501, 0.2715618868427273, 0.0037233704422131642]","[9.0625, 23.5, -14.4375]","[-0.19921875, 0.50830078125, -0.3056640625]"
9981396468,"std_msgs.msg.Header(stamp=builtin_interfaces.msg.Time(sec=1731187356, nanosec=664116547), frame_id='RL_myo')","geometry_msgs.msg.Quaternion(x=0.5179151954530328, y=0.8098643268439409, z=0.2753465464571162, w=0.008240253551698223)",[0. 0. 0. 0. 0. 0. 0. 0. 0.],"geometry_msgs.msg.Vector3(x=7.3125, y=35.25, z=-5.3125)",[0. 0. 0. 0. 0. 0. 0. 0. 0.],"geometry_msgs.msg.Vector3(x=-0.1630859375, y=0.6083984375, z=-0.33447265625)",[0. 0. 0. 0. 0. 0. 0. 0. 0.],False,16.581842435,"[0.5179151954530328, 0.8098643268439409, 0.2753465464571162, 0.008240253551698223]","[7.3125, 35.25, -5.3125]","[-0.1630859375, 0.6083984375, -0.33447265625]"
10003960879,"std_msgs.msg.Header(stamp=builtin_interfaces.msg.Time(sec=1731187356, nanosec=686874718), frame_id='RL_myo')","geometry_msgs.msg.Quaternion(x=0.5143586475570938, y=0.8104490473790308, z=0.28015974751240785, w=0.01086458280113477)",[0. 0. 0. 0. 0. 0. 0. 0. 0.],"geometry_msgs.msg.Vector3(x=12.75, y=38.0625, z=-2.0625)",[0. 0. 0. 0. 0. 0. 0. 0. 0.],"geometry_msgs.msg.Vector3(x=-0.41162109375, y=0.66650390625, z=-0.40087890625)",[0. 0. 0. 0. 0. 0. 0. 0. 0.],False,16.604406846,"[0.5143586475570938, 0.8104490473790308, 0.28015974751240785, 0.01086458280113477]","[12.75, 38.0625, -2.0625]","[-0.41162109375, 0.66650390625, -0.40087890625]"
10023481838,"std_msgs.msg.Header(stamp=builtin_interfaces.msg.Time(sec=1731187356, nanosec=706201868), frame_id='RL_myo')","geometry_msgs.msg.Quaternion(x=0.5110220704950273, y=0.8113970835033921, z=0.2834060527124238, w=0.013123476487867998)",[0. 0. 0. 0. 0. 0. 0. 0. 0.],"geometry_msgs.msg.Vector3(x=8.0625, y=29.75, z=4.8125)",[0. 0. 0. 0. 0. 0. 0. 0. 0.],"geometry_msgs.msg.Vector3(x=-0.39599609375, y=0.6328125, z=-0.47900390625)",[0. 0. 0. 0. 0. 0. 0. 0. 0.],False,16.623927805,"[0.5110220704950273, 0.8113970835033921, 0.2834060527124238, 0.013123476487867998]","[8.0625, 29.75, 4.8125]","[-0.39599609375, 0.6328125, -0.47900390625]"
10041472388,"std_msgs.msg.Header(stamp=builtin_interfaces.msg.Time(sec=1731187356, nanosec=724158373), frame_id='RL_myo')","geometry_msgs.msg.Quaternion(x=0.5084495309723109, y=0.8129699043241548, z=0.28321798603979864, w=0.018616699513391937)",[0. 0. 0. 0. 0. 0. 0. 0. 0.],"geometry_msgs.msg.Vector3(x=3.1875, y=27.375, z=19.8125)",[0. 0. 0. 0. 0. 0. 0. 0. 0.],"geometry_msgs.msg.Vector3(x=-0.2021484375, y=0.646484375, z=-0.45068359375)",[0. 0. 0. 0. 0. 0. 0. 0. 0.],False,16.641918355,"[0.5084495309723109, 0.8129699043241548, 0.28321798603979864, 0.018616699513391937]","[3.1875, 27.375, 19.8125]","[-0.2021484375, 0.646484375, -0.45068359375]"
10063955046,"std_msgs.msg.Header(stamp=builtin_interfaces.msg.Time(sec=1731187356, nanosec=746583817), frame_id='RL_myo')","geometry_msgs.msg.Quaternion(x=0.5058382924689843, y=0.814700577963501, z=0.28237093531573804, w=0.025636790495592303)",[0. 0. 0. 0. 0. 0. 0. 0. 0.],"geometry_msgs.msg.Vector3(x=3.125, y=32.375, z=25.125)",[0. 0. 0. 0. 0. 0. 0. 0. 0.],"geometry_msgs.msg.Vector3(x=-0.1767578125, y=0.7392578125, z=-0.4677734375)",[0. 0. 0. 0. 0. 0. 0. 0. 0.],False,16.664401013,"[0.5058382924689843, 0.814700577963501, 0.28237093531573804, 0.025636790495592303]","[3.125, 32.375, 25.125]","[-0.1767578125, 0.7392578125, -0.4677734375]"
10083360335,"std_msgs.msg.Header(stamp=builtin_interfaces.msg.Time(sec=1731187356, nanosec=766149692), frame_id='RL_myo')","geometry_msgs.msg.Quaternion(x=0.50259394930491, y=0.8163336747636466, z=0.2829151026267012, w=0.030946700546221687)",[0. 0. 0. 0. 0. 0. 0. 0. 0.],"geometry_msgs.msg.Vector3(x=6.25, y=32.6875, z=21.125)",[0. 0. 0. 0. 0. 0. 0. 0. 0.],"geometry_msgs.msg.Vector3(x=-0.3046875, y=0.78759765625, z=-0.5498046875)",[0. 0. 0. 0. 0. 0. 0. 0. 0.],False,16.683806302,"[0.50259394930491, 0.8163336747636466, 0.2829151026267012, 0.030946700546221687]","[6.25, 32.6875, 21.125]","[-0.3046875, 0.78759765625, -0.5498046875]"
10105946418,"std_msgs.msg.Header(stamp=builtin_interfaces.msg.Time(sec=1731187356, nanosec=788701416), frame_id='RL_myo')","geometry_msgs.msg.Quaternion(x=0.49866276243061025, y=0.818490531725151, z=0.28296212565829976, w=0.03662150030090161)",[0. 0. 0. 0. 0. 0. 0. 0. 0.],"geometry_msgs.msg.Vector3(x=9.875, y=31.625, z=21.1875)",[0. 0. 0. 0. 0. 0. 0. 0. 0.],"geometry_msgs.msg.Vector3(x=-0.2177734375, y=0.763671875, z=-0.55322265625)",[0. 0. 0. 0. 0. 0. 0. 0. 0.],False,16.706392385,"[0.49866276243061025, 0.818490531725151, 0.28296212565829976, 0.03662150030090161]","[9.875, 31.625, 21.1875]","[-0.2177734375, 0.763671875, -0.55322265625]"
10122446827,"std_msgs.msg.Header(stamp=builtin_interfaces.msg.Time(sec=1731187356, nanosec=805149044), frame_id='RL_myo')","geometry_msgs.msg.Quaternion(x=0.4950149985547069, y=0.8205895980973463, z=0.2821768604584969, w=0.044374340807555104)",[0. 0. 0. 0. 0. 0. 0. 0. 0.],"geometry_msgs.msg.Vector3(x=6.8125, y=35.6875, z=24.4375)",[0. 0. 0. 0. 0. 0. 0. 0. 0.],"geometry_msgs.msg.Vector3(x=-0.1171875, y=0.8427734375, z=-0.568359375)",[0. 0. 0. 0. 0. 0. 0. 0. 0.],False,16.722892794,"[0.4950149985547069, 0.8205895980973463, 0.2821768604584969, 0.044374340807555104]","[6.8125, 35.6875, 24.4375]","[-0.1171875, 0.8427734375, -0.568359375]"
10151164994,"std_msgs.msg.Header(stamp=builtin_interfaces.msg.Time(sec=1731187356, nanosec=833821593), frame_id='RL_myo')","geometry_msgs.msg.Quaternion(x=0.49166377615523715, y=0.8221253135983724, z=0.28236333066345465, w=0.051455315120901915)",[0. 0. 0. 0. 0. 0. 0. 0. 0.],"geometry_msgs.msg.Vector3(x=6.8125, y=37.5625, z=21.6875)",[0. 0. 0. 0. 0. 0. 0. 0. 0.],"geometry_msgs.msg.Vector3(x=-0.19775390625, y=0.9267578125, z=-0.59716796875)",[0. 0. 0. 0. 0. 0. 0. 0. 0.],False,16.751610961,"[0.49166377615523715, 0.8221253135983724, 0.28236333066345465, 0.051455315120901915]","[6.8125, 37.5625, 21.6875]","[-0.19775390625, 0.9267578125, -0.59716796875]"
10161578474,"std_msgs.msg.Header(stamp=builtin_interfaces.msg.Time(sec=1731187356, nanosec=844167928), frame_id='RL_myo')","geometry_msgs.msg.Quaternion(x=0.4881243875491137, y=0.823530603577922, z=0.2833404285360743, w=0.057009900959218734)",[0. 0. 0. 0. 0. 0. 0. 0. 0.],"geometry_msgs.msg.Vector3(x=6.375, y=34.6875, z=17.1875)",[0. 0. 0. 0. 0. 0. 0. 0. 0.],"geometry_msgs.msg.Vector3(x=-0.23779296875, y=0.87744140625, z=-0.63623046875)",[0. 0. 0. 0. 0. 0. 0. 0. 0.],False,16.762024441,"[0.4881243875491137, 0.823530603577922, 0.2833404285360743, 0.057009900959218734]","[6.375, 34.6875, 17.1875]","[-0.23779296875, 0.87744140625, -0.63623046875]"
10184725735,"std_msgs.msg.Header(stamp=builtin_interfaces.msg.Time(sec=1731187356, nanosec=867288814), frame_id='RL_myo')","geometry_msgs.msg.Quaternion(x=0.4849011204303568, y=0.8250765917493873, z=0.2830421066761788, w=0.06329839651136455)",[0. 0. 0. 0. 0. 0. 0. 0. 0.],"geometry_msgs.msg.Vector3(x=5.3125, y=32.125, z=21.0625)",[0. 0. 0. 0. 0. 0. 0. 0. 0.],"geometry_msgs.msg.Vector3(x=-0.15185546875, y=0.8544921875, z=-0.5986328125)",[0. 0. 0. 0. 0. 0. 0. 0. 0.],False,16.785171702,"[0.4849011204303568, 0.8250765917493873, 0.2830421066761788, 0.06329839651136455]","[5.3125, 32.125, 21.0625]","[-0.15185546875, 0.8544921875, -0.5986328125]"
10203659576,"std_msgs.msg.Header(stamp=builtin_interfaces.msg.Time(sec=1731187356, nanosec=886271330), frame_id='RL_myo')","geometry_msgs.msg.Quaternion(x=0.4827660794883828, y=0.8258113907445102, z=0.2830429018317905, w=0.06970778388870062)",[0. 0. 0. 0. 0. 0. 0. 0. 0.],"geometry_msgs.msg.Vector3(x=3.4375, y=33.0625, z=19.0625)",[0. 0. 0. 0. 0. 0. 0. 0. 0.],"geometry_msgs.msg.Vector3(x=-0.16259765625, y=0.94287109375, z=-0.55908203125)",[0. 0. 0. 0. 0. 0. 0. 0. 0.],False,16.804105543,"[0.4827660794883828, 0.8258113907445102, 0.2830429018317905, 0.06970778388870062]","[3.4375, 33.0625, 19.0625]","[-0.16259765625, 0.94287109375, -0.55908203125]"
10221441171,"std_msgs.msg.Header(stamp=builtin_interfaces.msg.Time(sec=1731187356, nanosec=904186882), frame_id='RL_myo')","geometry_msgs.msg.Quaternion(x=0.4814772421888553, y=0.8256773142860859, z=0.2848089264773325, w=0.07294184893707938)",[0. 0. 0. 0. 0. 0. 0. 0. 0.],"geometry_msgs.msg.Vector3(x=1.375, y=26.4375, z=7.375)",[0. 0. 0. 0. 0. 0. 0. 0. 0.],"geometry_msgs.msg.Vector3(x=-0.2939453125, y=0.99755859375, z=-0.62646484375)",[0. 0. 0. 0. 0. 0. 0. 0. 0.],False,16.821887138,"[0.4814772421888553, 0.8256773142860859, 0.2848089264773325, 0.07294184893707938]","[1.375, 26.4375, 7.375]","[-0.2939453125, 0.99755859375, -0.62646484375]"
10243935994,"std_msgs.msg.Header(stamp=builtin_interfaces.msg.Time(sec=1731187356, nanosec=926585267), frame_id='RL_myo')","geometry_msgs.msg.Quaternion(x=0.4808149033444671, y=0.8254487670340521, z=0.28609615995626725, w=0.0748354794338348)",[0. 0. 0. 0. 0. 0. 0. 0. 0.],"geometry_msgs.msg.Vector3(x=-1.0625, y=16.875, z=4.0625)",[0. 0. 0. 0. 0. 0. 0. 0. 0.],"geometry_msgs.msg.Vector3(x=-0.25927734375, y=0.92529296875, z=-0.59716796875)",[0. 0. 0. 0. 0. 0. 0. 0. 0.],False,16.844381961,"[0.4808149033444671, 0.8254487670340521, 0.28609615995626725, 0.0748354794338348]","[-1.0625, 16.875, 4.0625]","[-0.25927734375, 0.92529296875, -0.59716796875]"
10263432024,"std_msgs.msg.Header(stamp=builtin_interfaces.msg.Time(sec=1731187356, nanosec=946161251), frame_id='RL_myo')","geometry_msgs.msg.Quaternion(x=0.48030389992023265, y=0.825470827617388, z=0.285960575819836, w=0.07831108191608317)",[0. 0. 0. 0. 0. 0. 0. 0. 0.],"geometry_msgs.msg.Vector3(x=-5.9375, y=14.1875, z=6.875)",[0. 0. 0. 0. 0. 0. 0. 0. 0.],"geometry_msgs.msg.Vector3(x=-0.0791015625, y=0.81982421875, z=-0.55908203125)",[0. 0. 0. 0. 0. 0. 0. 0. 0.],False,16.863877991,"[0.48030389992023265, 0.825470827617388, 0.285960575819836, 0.07831108191608317]","[-5.9375, 14.1875, 6.875]","[-0.0791015625, 0.81982421875, -0.55908203125]"
10281443568,"std_msgs.msg.Header(stamp=builtin_interfaces.msg.Time(sec=1731187356, nanosec=964119838), frame_id='RL_myo')","geometry_msgs.msg.Quaternion(x=0.4791343791219123, y=0.8258201464356018, z=0.28558850444731565, w=0.08300926823003832)",[0. 0. 0. 0. 0. 0. 0. 0. 0.],"geometry_msgs.msg.Vector3(x=-2.875, y=19.5625, z=11.0625)",[0. 0. 0. 0. 0. 0. 0. 0. 0.],"geometry_msgs.msg.Vector3(x=-0.05908203125, y=0.85302734375, z=-0.56298828125)",[0. 0. 0. 0. 0. 0. 0. 0. 0.],False,16.881889535,"[0.4791343791219123, 0.8258201464356018, 0.28558850444731565, 0.08300926823003832]","[-2.875, 19.5625, 11.0625]","[-0.05908203125, 0.85302734375, -0.56298828125]"
10303980490,"std_msgs.msg.Header(stamp=builtin_interfaces.msg.Time(sec=1731187356, nanosec=986616812), frame_id='RL_myo')","geometry_msgs.msg.Quaternion(x=0.4774432505985364, y=0.8260952382511623, z=0.287064127788918, w=0.0849045719231097)",[0. 0. 0. 0. 0. 0. 0. 0. 0.],"geometry_msgs.msg.Vector3(x=6.6875, y=19.0625, z=4.375)",[0. 0. 0. 0. 0. 0. 0. 0. 0.],"geometry_msgs.msg.Vector3(x=-0.23095703125, y=0.921875, z=-0.57666015625)",[0. 0. 0. 0. 0. 0. 0. 0. 0.],False,16.904426457,"[0.4774432505985364, 0.8260952382511623, 0.287064127788918, 0.0849045719231097]","[6.6875, 19.0625, 4.375]","[-0.23095703125, 0.921875, -0.57666015625]"
10323647661,"std_msgs.msg.Header(stamp=builtin_interfaces.msg.Time(sec=1731187357, nanosec=6374003), frame_id='RL_myo')","geometry_msgs.msg.Quaternion(x=0.47633972665404245, y=0.8260258227587335, z=0.2891975429122057, w=0.084537483523302)",[0. 0. 0. 0. 0. 0. 0. 0. 0.],"geometry_msgs.msg.Vector3(x=3.4375, y=10.625, z=-2.3125)",[0. 0. 0. 0. 0. 0. 0. 0. 0.],"geometry_msgs.msg.Vector3(x=-0.29052734375, y=0.91357421875, z=-0.63525390625)",[0. 0. 0. 0. 0. 0. 0. 0. 0.],False,16.924093628,"[0.47633972665404245, 0.8260258227587335, 0.2891975429122057, 0.084537483523302]","[3.4375, 10.625, -2.3125]","[-0.29052734375, 0.91357421875, -0.63525390625]"
10341390906,"std_msgs.msg.Header(stamp=builtin_interfaces.msg.Time(sec=1731187357, nanosec=24136584), frame_id='RL_myo')","geometry_msgs.msg.Quaternion(x=0.4757282461757424, y=0.8262680611343373, z=0.288952722273026, w=0.08642945811968837)",[0. 0. 0. 0. 0. 0. 0. 0. 0.],"geometry_msgs.msg.Vector3(x=0.0625, y=7.5625, z=4.5)",[0. 0. 0. 0. 0. 0. 0. 0. 0.],"geometry_msgs.msg.Vector3(x=-0.0966796875, y=0.87548828125, z=-0.5576171875)",[0. 0. 0. 0. 0. 0. 0. 0. 0.],False,16.941836873,"[0.4757282461757424, 0.8262680611343373, 0.288952722273026, 0.08642945811968837]","[0.0625, 7.5625, 4.5]","[-0.0966796875, 0.87548828125, -0.5576171875]"
10363867479,"std_msgs.msg.Header(stamp=builtin_interfaces.msg.Time(sec=1731187357, nanosec=46546571), frame_id='RL_myo')","geometry_msgs.msg.Quaternion(x=0.4758445946530418, y=0.8258308575751225, z=0.2886440595323544, w=0.09088412024607224)",[0. 0. 0. 0. 0. 0. 0. 0. 0.],"geometry_msgs.msg.Vector3(x=-5.875, y=16.8125, z=6.75)",[0. 0. 0. 0. 0. 0. 0. 0. 0.],"geometry_msgs.msg.Vector3(x=-0.0361328125, y=0.9296875, z=-0.53125)",[0. 0. 0. 0. 0. 0. 0. 0. 0.],False,16.964313446,"[0.4758445946530418, 0.8258308575751225, 0.2886440595323544, 0.09088412024607224]","[-5.875, 16.8125, 6.75]","[-0.0361328125, 0.9296875, -0.53125]"
10383379102,"std_msgs.msg.Header(stamp=builtin_interfaces.msg.Time(sec=1731187357, nanosec=66064056), frame_id='RL_myo')","geometry_msgs.msg.Quaternion(x=0.4741508205767859, y=0.8256743241429174, z=0.2914001052308929, w=0.09235198140224989)",[0. 0. 0. 0. 0. 0. 0. 0. 0.],"geometry_msgs.msg.Vector3(x=6.5, y=21.125, z=-2.5625)",[0. 0. 0. 0. 0. 0. 0. 0. 0.],"geometry_msgs.msg.Vector3(x=-0.22607421875, y=0.87646484375, z=-0.564453125)",[0. 0. 0. 0. 0. 0. 0. 0. 0.],False,16.983825069,"[0.4741508205767859, 0.8256743241429174, 0.2914001052308929, 0.09235198140224989]","[6.5, 21.125, -2.5625]","[-0.22607421875, 0.87646484375, -0.564453125]"
10401171932,"std_msgs.msg.Header(stamp=builtin_interfaces.msg.Time(sec=1731187357, nanosec=84035766), frame_id='RL_myo')","geometry_msgs.msg.Quaternion(x=0.472005683580639, y=0.826147281425572, z=0.293897241231188, w=0.09119054587734057)",[0. 0. 0. 0. 0. 0. 0. 0. 0.],"geometry_msgs.msg.Vector3(x=9.1875, y=9.625, z=-3.8125)",[0. 0. 0. 0. 0. 0. 0. 0. 0.],"geometry_msgs.msg.Vector3(x=-0.28466796875, y=0.8310546875, z=-0.62939453125)",[0. 0. 0. 0. 0. 0. 0. 0. 0.],False,17.001617899,"[0.472005683580639, 0.826147281425572, 0.293897241231188, 0.09119054587734057]","[9.1875, 9.625, -3.8125]","[-0.28466796875, 0.8310546875, -0.62939453125]"
10431238210,"std_msgs.msg.Header(stamp=builtin_interfaces.msg.Time(sec=1731187357, nanosec=114026525), frame_id='RL_myo')","geometry_msgs.msg.Quaternion(x=0.4715251139491244, y=0.826282908418032, z=0.29396310016556415, w=0.09222970189995171)",[0. 0. 0. 0. 0. 0. 0. 0. 0.],"geometry_msgs.msg.Vector3(x=-0.25, y=3.8125, z=0.0)",[0. 0. 0. 0. 0. 0. 0. 0. 0.],"geometry_msgs.msg.Vector3(x=-0.08154296875, y=0.85498046875, z=-0.5732421875)",[0. 0. 0. 0. 0. 0. 0. 0. 0.],False,17.031684177,"[0.4715251139491244, 0.826282908418032, 0.29396310016556415, 0.09222970189995171]","[-0.25, 3.8125, 0.0]","[-0.08154296875, 0.85498046875, -0.5732421875]"
10443483796,"std_msgs.msg.Header(stamp=builtin_interfaces.msg.Time(sec=1731187357, nanosec=126195245), frame_id='RL_myo')","geometry_msgs.msg.Quaternion(x=0.4707849090680645, y=0.8263914020319624, z=0.2936530788962088, w=0.09595149449695287)",[0. 0. 0. 0. 0. 0. 0. 0. 0.],"geometry_msgs.msg.Vector3(x=-2.1875, y=14.375, z=6.5625)",[0. 0. 0. 0. 0. 0. 0. 0. 0.],"geometry_msgs.msg.Vector3(x=-0.0166015625, y=0.79736328125, z=-0.50341796875)",[0. 0. 0. 0. 0. 0. 0. 0. 0.],False,17.043929763,"[0.4707849090680645, 0.8263914020319624, 0.2936530788962088, 0.09595149449695287]","[-2.1875, 14.375, 6.5625]","[-0.0166015625, 0.79736328125, -0.50341796875]"
10461384947,"std_msgs.msg.Header(stamp=builtin_interfaces.msg.Time(sec=1731187357, nanosec=144095319), frame_id='RL_myo')","geometry_msgs.msg.Quaternion(x=0.4681741389804935, y=0.8275756162056754, z=0.2935396915719939, w=0.09882319830631278)",[0. 0. 0. 0. 0. 0. 0. 0. 0.],"geometry_msgs.msg.Vector3(x=4.5, y=18.8125, z=15.8125)",[0. 0. 0. 0. 0. 0. 0. 0. 0.],"geometry_msgs.msg.Vector3(x=-0.16015625, y=0.666015625, z=-0.5390625)",[0. 0. 0. 0. 0. 0. 0. 0. 0.],False,17.061830914,"[0.4681741389804935, 0.8275756162056754, 0.2935396915719939, 0.09882319830631278]","[4.5, 18.8125, 15.8125]","[-0.16015625, 0.666015625, -0.5390625]"
10491602926,"std_msgs.msg.Header(stamp=builtin_interfaces.msg.Time(sec=1731187357, nanosec=174178116), frame_id='RL_myo')","geometry_msgs.msg.Quaternion(x=0.46291764098376204, y=0.8309200747246773, z=0.29139884204331223, w=0.10181258243155526)",[0. 0. 0. 0. 0. 0. 0. 0. 0.],"geometry_msgs.msg.Vector3(x=19.375, y=16.25, z=29.5)",[0. 0. 0. 0. 0. 0. 0. 0. 0.],"geometry_msgs.msg.Vector3(x=-0.12353515625, y=0.60791015625, z=-0.54443359375)",[0. 0. 0. 0. 0. 0. 0. 0. 0.],False,17.092048893,"[0.46291764098376204, 0.8309200747246773, 0.29139884204331223, 0.10181258243155526]","[19.375, 16.25, 29.5]","[-0.12353515625, 0.60791015625, -0.54443359375]"
10503432425,"std_msgs.msg.Header(stamp=builtin_interfaces.msg.Time(sec=1731187357, nanosec=186065892), frame_id='RL_myo')","geometry_msgs.msg.Quaternion(x=0.46011264731774143, y=0.8330004375093151, z=0.28822657477240315, w=0.10645216992864699)",[0. 0. 0. 0. 0. 0. 0. 0. 0.],"geometry_msgs.msg.Vector3(x=34.25, y=16.1875, z=26.6875)",[0. 0. 0. 0. 0. 0. 0. 0. 0.],"geometry_msgs.msg.Vector3(x=-0.0537109375, y=1.4580078125, z=-0.5546875)",[0. 0. 0. 0. 0. 0. 0. 0. 0.],False,17.103878392,"[0.46011264731774143, 0.8330004375093151, 0.28822657477240315, 0.10645216992864699]","[34.25, 16.1875, 26.6875]","[-0.0537109375, 1.4580078125, -0.5546875]"
10521397080,"std_msgs.msg.Header(stamp=builtin_interfaces.msg.Time(sec=1731187357, nanosec=204112034), frame_id='RL_myo')","geometry_msgs.msg.Quaternion(x=0.45430698229936284, y=0.8339643019153828, z=0.2963402390250445, w=0.10144541241186901)",[0. 0. 0. 0. 0. 0. 0. 0. 0.],"geometry_msgs.msg.Vector3(x=38.5, y=7.875, z=-44.0625)",[0. 0. 0. 0. 0. 0. 0. 0. 0.],"geometry_msgs.msg.Vector3(x=-0.18017578125, y=1.05859375, z=-0.8173828125)",[0. 0. 0. 0. 0. 0. 0. 0. 0.],False,17.121843047,"[0.45430698229936284, 0.8339643019153828, 0.2963402390250445, 0.10144541241186901]","[38.5, 7.875, -44.0625]","[-0.18017578125, 1.05859375, -0.8173828125]"
10521397080,"std_msgs.msg.Header(stamp=builtin_interfaces.msg.Time(sec=1731187364, nanosec=546117769), frame_id='RL_myo')","geometry_msgs.msg.Quaternion(x=0.7305755912239493, y=0.5413547429664305, z=0.09369483937912626, w=0.4054819661208702)",[0. 0. 0. 0. 0. 0. 0. 0. 0.],"geometry_msgs.msg.Vector3(x=67.3125, y=121.3125, z=-255.9375)",[0. 0. 0. 0. 0. 0. 0. 0. 0.],"geometry_msgs.msg.Vector3(x=-0.10400390625, y=1.4619140625, z=0.107421875)",[0. 0. 0. 0. 0. 0. 0. 0. 0.],False,24.463868586,"[0.7305755912239493, 0.5413547429664305, 0.09369483937912626, 0.4054819661208702]","[67.3125, 121.3125, -255.9375]","[-0.10400390625, 1.4619140625, 0.107421875]"
10535654038,"std_msgs.msg.Header(stamp=builtin_interfaces.msg.Time(sec=1731187364, nanosec=560369356), frame_id='RL_myo')","geometry_msgs.msg.Quaternion(x=0.742242768890065, y=0.5364779355077945, z=0.1350198194724362, w=0.3782019898061548)",[0. 0. 0. 0. 0. 0. 0. 0. 0.],"geometry_msgs.msg.Vector3(x=49.375, y=92.0, z=-266.6875)",[0. 0. 0. 0. 0. 0. 0. 0. 0.],"geometry_msgs.msg.Vector3(x=-0.13720703125, y=1.07080078125, z=0.17236328125)",[0. 0. 0. 0. 0. 0. 0. 0. 0.],False,24.478125544,"[0.742242768890065, 0.5364779355077945, 0.1350198194724362, 0.3782019898061548]","[49.375, 92.0, -266.6875]","[-0.13720703125, 1.07080078125, 0.17236328125]"
10558563283,"std_msgs.msg.Header(stamp=builtin_interfaces.msg.Time(sec=1731187364, nanosec=583240141), frame_id='RL_myo')","geometry_msgs.msg.Quaternion(x=0.7503483303287742, y=0.5336610633746419, z=0.1751199348989875, w=0.3485918257957886)",[0. 0. 0. 0. 0. 0. 0. 0. 0.],"geometry_msgs.msg.Vector3(x=71.8125, y=79.625, z=-269.5)",[0. 0. 0. 0. 0. 0. 0. 0. 0.],"geometry_msgs.msg.Vector3(x=0.123046875, y=0.85791015625, z=0.2666015625)",[0. 0. 0. 0. 0. 0. 0. 0. 0.],False,24.501034789,"[0.7503483303287742, 0.5336610633746419, 0.1751199348989875, 0.3485918257957886]","[71.8125, 79.625, -269.5]","[0.123046875, 0.85791015625, 0.2666015625]"
10581299706,"std_msgs.msg.Header(stamp=builtin_interfaces.msg.Time(sec=1731187364, nanosec=606012088), frame_id='RL_myo')","geometry_msgs.msg.Quaternion(x=0.750097411236984, y=0.5362808898305917, z=0.22156836217676393, w=0.3172761285385176)",[0. 0. 0. 0. 0. 0. 0. 0. 0.],"geometry_msgs.msg.Vector3(x=134.0625, y=94.25, z=-259.75)",[0. 0. 0. 0. 0. 0. 0. 0. 0.],"geometry_msgs.msg.Vector3(x=-0.857421875, y=0.3779296875, z=0.00244140625)",[0. 0. 0. 0. 0. 0. 0. 0. 0.],False,24.523771212,"[0.750097411236984, 0.5362808898305917, 0.22156836217676393, 0.3172761285385176]","[134.0625, 94.25, -259.75]","[-0.857421875, 0.3779296875, 0.00244140625]"
10596215704,"std_msgs.msg.Header(stamp=builtin_interfaces.msg.Time(sec=1731187364, nanosec=620834718), frame_id='RL_myo')","geometry_msgs.msg.Quaternion(x=0.7390360083048957, y=0.5504927121656635, z=0.2662433984329332, w=0.28266235170630755)",[0. 0. 0. 0. 0. 0. 0. 0. 0.],"geometry_msgs.msg.Vector3(x=222.375, y=73.0625, z=-245.5)",[0. 0. 0. 0. 0. 0. 0. 0. 0.],"geometry_msgs.msg.Vector3(x=-0.263671875, y=0.9921875, z=0.35400390625)",[0. 0. 0. 0. 0. 0. 0. 0. 0.],False,24.53868721,"[0.7390360083048957, 0.5504927121656635, 0.2662433984329332, 0.28266235170630755]","[222.375, 73.0625, -245.5]","[-0.263671875, 0.9921875, 0.35400390625]"
10626661512,"std_msgs.msg.Header(stamp=builtin_interfaces.msg.Time(sec=1731187364, nanosec=651243844), frame_id='RL_myo')","geometry_msgs.msg.Quaternion(x=0.7267339246196534, y=0.5633927535897364, z=0.3070276869508531, w=0.24531695305277904)",[0. 0. 0. 0. 0. 0. 0. 0. 0.],"geometry_msgs.msg.Vector3(x=218.625, y=52.625, z=-245.1875)",[0. 0. 0. 0. 0. 0. 0. 0. 0.],"geometry_msgs.msg.Vector3(x=-0.3447265625, y=1.07861328125, z=0.310546875)",[0. 0. 0. 0. 0. 0. 0. 0. 0.],False,24.569133018,"[0.7267339246196534, 0.5633927535897364, 0.3070276869508531, 0.24531695305277904]","[218.625, 52.625, -245.1875]","[-0.3447265625, 1.07861328125, 0.310546875]"
10642554236,"std_msgs.msg.Header(stamp=builtin_interfaces.msg.Time(sec=1731187364, nanosec=667282792), frame_id='RL_myo')","geometry_msgs.msg.Quaternion(x=0.7157423956092761, y=0.5721788518200029, z=0.3429777009149345, w=0.20661674988379664)",[0. 0. 0. 0. 0. 0. 0. 0. 0.],"geometry_msgs.msg.Vector3(x=194.75, y=32.4375, z=-244.6875)",[0. 0. 0. 0. 0. 0. 0. 0. 0.],"geometry_msgs.msg.Vector3(x=-0.3857421875, y=1.05126953125, z=0.34033203125)",[0. 0. 0. 0. 0. 0. 0. 0. 0.],False,24.585025742,"[0.7157423956092761, 0.5721788518200029, 0.3429777009149345, 0.20661674988379664]","[194.75, 32.4375, -244.6875]","[-0.3857421875, 1.05126953125, 0.34033203125]"
10655458070,"std_msgs.msg.Header(stamp=builtin_interfaces.msg.Time(sec=1731187364, nanosec=680256557), frame_id='RL_myo')","geometry_msgs.msg.Quaternion(x=0.7043163167472581, y=0.5752821982271348, z=0.37959469398138473, w=0.16999054875995442)",[0. 0. 0. 0. 0. 0. 0. 0. 0.],"geometry_msgs.msg.Vector3(x=169.1875, y=49.8125, z=-249.875)",[0. 0. 0. 0. 0. 0. 0. 0. 0.],"geometry_msgs.msg.Vector3(x=-0.39990234375, y=0.916015625, z=0.26220703125)",[0. 0. 0. 0. 0. 0. 0. 0. 0.],False,24.597929576,"[0.7043163167472581, 0.5752821982271348, 0.37959469398138473, 0.16999054875995442]","[169.1875, 49.8125, -249.875]","[-0.39990234375, 0.916015625, 0.26220703125]"
10678722139,"std_msgs.msg.Header(stamp=builtin_interfaces.msg.Time(sec=1731187364, nanosec=703454525), frame_id='RL_myo')","geometry_msgs.msg.Quaternion(x=0.6934536143120243, y=0.5705839614988825, z=0.41707319308107227, w=0.14002135298228885)",[0. 0. 0. 0. 0. 0. 0. 0. 0.],"geometry_msgs.msg.Vector3(x=123.5625, y=82.5625, z=-237.875)",[0. 0. 0. 0. 0. 0. 0. 0. 0.],"geometry_msgs.msg.Vector3(x=-0.73779296875, y=0.7119140625, z=0.2998046875)",[0. 0. 0. 0. 0. 0. 0. 0. 0.],False,24.621193645,"[0.6934536143120243, 0.5705839614988825, 0.41707319308107227, 0.14002135298228885]","[123.5625, 82.5625, -237.875]","[-0.73779296875, 0.7119140625, 0.2998046875]"
10701179532,"std_msgs.msg.Header(stamp=builtin_interfaces.msg.Time(sec=1731187364, nanosec=725888298), frame_id='RL_myo')","geometry_msgs.msg.Quaternion(x=0.6825146367393178, y=0.5686808147469347, z=0.4445317563380837, w=0.11474937552047196)",[0. 0. 0. 0. 0. 0. 0. 0. 0.],"geometry_msgs.msg.Vector3(x=116.9375, y=57.5625, z=-179.75)",[0. 0. 0. 0. 0. 0. 0. 0. 0.],"geometry_msgs.msg.Vector3(x=-0.7587890625, y=0.60400390625, z=0.37939453125)",[0. 0. 0. 0. 0. 0. 0. 0. 0.],False,24.643651038,"[0.6825146367393178, 0.5686808147469347, 0.4445317563380837, 0.11474937552047196]","[116.9375, 57.5625, -179.75]","[-0.7587890625, 0.60400390625, 0.37939453125]"
10731087495,"std_msgs.msg.Header(stamp=builtin_interfaces.msg.Time(sec=1731187364, nanosec=755783098), frame_id='RL_myo')","geometry_msgs.msg.Quaternion(x=0.671727717066841, y=0.5691221475630374, z=0.4648075025410263, w=0.09399915350140256)",[0. 0. 0. 0. 0. 0. 0. 0. 0.],"geometry_msgs.msg.Vector3(x=107.3125, y=41.5, z=-131.875)",[0. 0. 0. 0. 0. 0. 0. 0. 0.],"geometry_msgs.msg.Vector3(x=-0.689453125, y=0.3193359375, z=0.24560546875)",[0. 0. 0. 0. 0. 0. 0. 0. 0.],False,24.673559001,"[0.671727717066841, 0.5691221475630374, 0.4648075025410263, 0.09399915350140256]","[107.3125, 41.5, -131.875]","[-0.689453125, 0.3193359375, 0.24560546875]"
10738600301,"std_msgs.msg.Header(stamp=builtin_interfaces.msg.Time(sec=1731187364, nanosec=763327049), frame_id='RL_myo')","geometry_msgs.msg.Quaternion(x=0.6650915289992002, y=0.5685873341251423, z=0.4778819365395318, w=0.07739868380790986)",[0. 0. 0. 0. 0. 0. 0. 0. 0.],"geometry_msgs.msg.Vector3(x=78.625, y=22.4375, z=-73.0)",[0. 0. 0. 0. 0. 0. 0. 0. 0.],"geometry_msgs.msg.Vector3(x=-0.7314453125, y=0.29736328125, z=0.0947265625)",[0. 0. 0. 0. 0. 0. 0. 0. 0.],False,24.681071807,"[0.6650915289992002, 0.5685873341251423, 0.4778819365395318, 0.07739868380790986]","[78.625, 22.4375, -73.0]","[-0.7314453125, 0.29736328125, 0.0947265625]"
10761068765,"std_msgs.msg.Header(stamp=builtin_interfaces.msg.Time(sec=1731187364, nanosec=785748553), frame_id='RL_myo')","geometry_msgs.msg.Quaternion(x=0.6585291411488314, y=0.5747252194881265, z=0.48170469755738043, w=0.0631733859569043)",[0. 0. 0. 0. 0. 0. 0. 0. 0.],"geometry_msgs.msg.Vector3(x=85.3125, y=-12.6875, z=-20.0625)",[0. 0. 0. 0. 0. 0. 0. 0. 0.],"geometry_msgs.msg.Vector3(x=-0.7216796875, y=0.36669921875, z=-0.05419921875)",[0. 0. 0. 0. 0. 0. 0. 0. 0.],False,24.703540271,"[0.6585291411488314, 0.5747252194881265, 0.48170469755738043, 0.0631733859569043]","[85.3125, -12.6875, -20.0625]","[-0.7216796875, 0.36669921875, -0.05419921875]"
10782363348,"std_msgs.msg.Header(stamp=builtin_interfaces.msg.Time(sec=1731187364, nanosec=806957260), frame_id='RL_myo')","geometry_msgs.msg.Quaternion(x=0.6509758274269304, y=0.5898762678156452, z=0.4753680022504392, w=0.04797627757689332)",[0. 0. 0. 0. 0. 0. 0. 0. 0.],"geometry_msgs.msg.Vector3(x=120.375, y=-58.6875, z=14.0625)",[0. 0. 0. 0. 0. 0. 0. 0. 0.],"geometry_msgs.msg.Vector3(x=-0.6572265625, y=0.33203125, z=-0.16748046875)",[0. 0. 0. 0. 0. 0. 0. 0. 0.],False,24.724834854,"[0.6509758274269304, 0.5898762678156452, 0.4753680022504392, 0.04797627757689332]","[120.375, -58.6875, 14.0625]","[-0.6572265625, 0.33203125, -0.16748046875]"
10798634984,"std_msgs.msg.Header(stamp=builtin_interfaces.msg.Time(sec=1731187364, nanosec=823293349), frame_id='RL_myo')","geometry_msgs.msg.Quaternion(x=0.6427233560943703, y=0.6094579972081944, z=0.4632124928205295, w=0.030030379031189946)",[0. 0. 0. 0. 0. 0. 0. 0. 0.],"geometry_msgs.msg.Vector3(x=145.375, y=-89.3125, z=31.875)",[0. 0. 0. 0. 0. 0. 0. 0. 0.],"geometry_msgs.msg.Vector3(x=-0.39453125, y=0.33154296875, z=-0.1513671875)",[0. 0. 0. 0. 0. 0. 0. 0. 0.],False,24.74110649,"[0.6427233560943703, 0.6094579972081944, 0.4632124928205295, 0.030030379031189946]","[145.375, -89.3125, 31.875]","[-0.39453125, 0.33154296875, -0.1513671875]"
10821049275,"std_msgs.msg.Header(stamp=builtin_interfaces.msg.Time(sec=1731187364, nanosec=845792314), frame_id='RL_myo')","geometry_msgs.msg.Quaternion(x=0.6321166860107129, y=0.6317504538635457, z=0.44851230289752014, w=0.012512931694881824)",[0. 0. 0. 0. 0. 0. 0. 0. 0.],"geometry_msgs.msg.Vector3(x=162.1875, y=-92.4375, z=44.1875)",[0. 0. 0. 0. 0. 0. 0. 0. 0.],"geometry_msgs.msg.Vector3(x=-0.1123046875, y=0.54296875, z=-0.20947265625)",[0. 0. 0. 0. 0. 0. 0. 0. 0.],False,24.763520781,"[0.6321166860107129, 0.6317504538635457, 0.44851230289752014, 0.012512931694881824]","[162.1875, -92.4375, 44.1875]","[-0.1123046875, 0.54296875, -0.20947265625]"
10842180274,"std_msgs.msg.Header(stamp=builtin_interfaces.msg.Time(sec=1731187364, nanosec=866894910), frame_id='RL_myo')","geometry_msgs.msg.Quaternion(x=0.6174084846062384, y=0.6581824705397004, z=0.43081256394966194, w=-0.0017701281318419095)",[0. 0. 0. 0. 0. 0. 0. 0. 0.],"geometry_msgs.msg.Vector3(x=184.8125, y=-82.0625, z=73.625)",[0. 0. 0. 0. 0. 0. 0. 0. 0.],"geometry_msgs.msg.Vector3(x=-0.03125, y=0.87109375, z=-0.234375)",[0. 0. 0. 0. 0. 0. 0. 0. 0.],False,24.78465178,"[0.6174084846062384, 0.6581824705397004, 0.43081256394966194, -0.0017701281318419095]","[184.8125, -82.0625, 73.625]","[-0.03125, 0.87109375, -0.234375]"
10858830684,"std_msgs.msg.Header(stamp=builtin_interfaces.msg.Time(sec=1731187364, nanosec=883496645), frame_id='RL_myo')","geometry_msgs.msg.Quaternion(x=0.6059338270203068, y=0.6824156528746882, z=0.4087779630860275, w=-0.00732467605947787)",[0. 0. 0. 0. 0. 0. 0. 0. 0.],"geometry_msgs.msg.Vector3(x=144.8125, y=-71.5, z=115.4375)",[0. 0. 0. 0. 0. 0. 0. 0. 0.],"geometry_msgs.msg.Vector3(x=-0.04833984375, y=0.9814453125, z=-0.19970703125)",[0. 0. 0. 0. 0. 0. 0. 0. 0.],False,24.80130219,"[0.6059338270203068, 0.6824156528746882, 0.4087779630860275, -0.00732467605947787]","[144.8125, -71.5, 115.4375]","[-0.04833984375, 0.9814453125, -0.19970703125]"
10888684149,"std_msgs.msg.Header(stamp=builtin_interfaces.msg.Time(sec=1731187364, nanosec=913378431), frame_id='RL_myo')","geometry_msgs.msg.Quaternion(x=0.6060415535138985, y=0.6960718981037868, z=0.38496364971418656, w=0.0007324502610702773)",[0. 0. 0. 0. 0. 0. 0. 0. 0.],"geometry_msgs.msg.Vector3(x=29.9375, y=-52.625, z=146.0625)",[0. 0. 0. 0. 0. 0. 0. 0. 0.],"geometry_msgs.msg.Vector3(x=-0.03125, y=0.904296875, z=-0.22998046875)",[0. 0. 0. 0. 0. 0. 0. 0. 0.],False,24.831155655,"[0.6060415535138985, 0.6960718981037868, 0.38496364971418656, 0.0007324502610702773]","[29.9375, -52.625, 146.0625]","[-0.03125, 0.904296875, -0.22998046875]"
10903722473,"std_msgs.msg.Header(stamp=builtin_interfaces.msg.Time(sec=1731187364, nanosec=928410451), frame_id='RL_myo')","geometry_msgs.msg.Quaternion(x=0.6147388423454498, y=0.7021488336311895, z=0.35885708014585443, w=0.017457582058464767)",[0. 0. 0. 0. 0. 0. 0. 0. 0.],"geometry_msgs.msg.Vector3(x=-50.875, y=-45.4375, z=169.5)",[0. 0. 0. 0. 0. 0. 0. 0. 0.],"geometry_msgs.msg.Vector3(x=0.0654296875, y=0.73486328125, z=-0.224609375)",[0. 0. 0. 0. 0. 0. 0. 0. 0.],False,24.846193979,"[0.6147388423454498, 0.7021488336311895, 0.35885708014585443, 0.017457582058464767]","[-50.875, -45.4375, 169.5]","[0.0654296875, 0.73486328125, -0.224609375]"
10918780156,"std_msgs.msg.Header(stamp=builtin_interfaces.msg.Time(sec=1731187364, nanosec=943394271), frame_id='RL_myo')","geometry_msgs.msg.Quaternion(x=0.624062358415648, y=0.7055493741125269, z=0.33394416694953155, w=0.035036364801504495)",[0. 0. 0. 0. 0. 0. 0. 0. 0.],"geometry_msgs.msg.Vector3(x=-64.1875, y=-38.0625, z=162.1875)",[0. 0. 0. 0. 0. 0. 0. 0. 0.],"geometry_msgs.msg.Vector3(x=0.1630859375, y=0.56298828125, z=-0.146484375)",[0. 0. 0. 0. 0. 0. 0. 0. 0.],False,24.861251662,"[0.624062358415648, 0.7055493741125269, 0.33394416694953155, 0.035036364801504495]","[-64.1875, -38.0625, 162.1875]","[0.1630859375, 0.56298828125, -0.146484375]"
10941228247,"std_msgs.msg.Header(stamp=builtin_interfaces.msg.Time(sec=1731187364, nanosec=965893066), frame_id='RL_myo')","geometry_msgs.msg.Quaternion(x=0.6304112338149571, y=0.7082360133573729, z=0.3142289922230247, w=0.04736629719601149)",[0. 0. 0. 0. 0. 0. 0. 0. 0.],"geometry_msgs.msg.Vector3(x=-44.375, y=-34.625, z=122.1875)",[0. 0. 0. 0. 0. 0. 0. 0. 0.],"geometry_msgs.msg.Vector3(x=0.1552734375, y=0.51513671875, z=-0.13916015625)",[0. 0. 0. 0. 0. 0. 0. 0. 0.],False,24.883699753,"[0.6304112338149571, 0.7082360133573729, 0.3142289922230247, 0.04736629719601149]","[-44.375, -34.625, 122.1875]","[0.1552734375, 0.51513671875, -0.13916015625]"
10962038328,"std_msgs.msg.Header(stamp=builtin_interfaces.msg.Time(sec=1731187364, nanosec=986828843), frame_id='RL_myo')","geometry_msgs.msg.Quaternion(x=0.6256790342385217, y=0.7182704979922858, z=0.29986938788546064, w=0.0518805169352008)",[0. 0. 0. 0. 0. 0. 0. 0. 0.],"geometry_msgs.msg.Vector3(x=29.875, y=-35.5625, z=80.875)",[0. 0. 0. 0. 0. 0. 0. 0. 0.],"geometry_msgs.msg.Vector3(x=0.03515625, y=0.5107421875, z=-0.33154296875)",[0. 0. 0. 0. 0. 0. 0. 0. 0.],False,24.904509834,"[0.6256790342385217, 0.7182704979922858, 0.29986938788546064, 0.0518805169352008]","[29.875, -35.5625, 80.875]","[0.03515625, 0.5107421875, -0.33154296875]"
10978504044,"std_msgs.msg.Header(stamp=builtin_interfaces.msg.Time(sec=1731187365, nanosec=3253655), frame_id='RL_myo')","geometry_msgs.msg.Quaternion(x=0.6132587235680491, y=0.7332003371652638, z=0.2895689643283393, w=0.049807815112125814)",[0. 0. 0. 0. 0. 0. 0. 0. 0.],"geometry_msgs.msg.Vector3(x=91.875, y=-36.125, z=50.3125)",[0. 0. 0. 0. 0. 0. 0. 0. 0.],"geometry_msgs.msg.Vector3(x=-0.0146484375, y=0.7529296875, z=-0.4013671875)",[0. 0. 0. 0. 0. 0. 0. 0. 0.],False,24.92097555,"[0.6132587235680491, 0.7332003371652638, 0.2895689643283393, 0.049807815112125814]","[91.875, -36.125, 50.3125]","[-0.0146484375, 0.7529296875, -0.4013671875]"
11008798906,"std_msgs.msg.Header(stamp=builtin_interfaces.msg.Time(sec=1731187365, nanosec=33423904), frame_id='RL_myo')","geometry_msgs.msg.Quaternion(x=0.6023881333758485, y=0.7457063355408594, z=0.28071567792030877, w=0.047426849694298744)",[0. 0. 0. 0. 0. 0. 0. 0. 0.],"geometry_msgs.msg.Vector3(x=90.875, y=-32.9375, z=29.5)",[0. 0. 0. 0. 0. 0. 0. 0. 0.],"geometry_msgs.msg.Vector3(x=0.04248046875, y=1.0732421875, z=-0.31787109375)",[0. 0. 0. 0. 0. 0. 0. 0. 0.],False,24.951270412,"[0.6023881333758485, 0.7457063355408594, 0.28071567792030877, 0.047426849694298744]","[90.875, -32.9375, 29.5]","[0.04248046875, 1.0732421875, -0.31787109375]"
11022052445,"std_msgs.msg.Header(stamp=builtin_interfaces.msg.Time(sec=1731187365, nanosec=46830645), frame_id='RL_myo')","geometry_msgs.msg.Quaternion(x=0.5961797147049591, y=0.7531140903071347, z=0.2740094951684818, w=0.04803864395134666)",[0. 0. 0. 0. 0. 0. 0. 0. 0.],"geometry_msgs.msg.Vector3(x=47.625, y=-19.5625, z=22.125)",[0. 0. 0. 0. 0. 0. 0. 0. 0.],"geometry_msgs.msg.Vector3(x=0.00634765625, y=1.19775390625, z=-0.39306640625)",[0. 0. 0. 0. 0. 0. 0. 0. 0.],False,24.964523951,"[0.5961797147049591, 0.7531140903071347, 0.2740094951684818, 0.04803864395134666]","[47.625, -19.5625, 22.125]","[0.00634765625, 1.19775390625, -0.39306640625]"
11038651672,"std_msgs.msg.Header(stamp=builtin_interfaces.msg.Time(sec=1731187365, nanosec=63325121), frame_id='RL_myo')","geometry_msgs.msg.Quaternion(x=0.5950679231118314, y=0.75572222341241, z=0.268571018739569, w=0.05145576563578561)",[0. 0. 0. 0. 0. 0. 0. 0. 0.],"geometry_msgs.msg.Vector3(x=0.9375, y=-8.5, z=26.375)",[0. 0. 0. 0. 0. 0. 0. 0. 0.],"geometry_msgs.msg.Vector3(x=-0.1044921875, y=1.15966796875, z=-0.44921875)",[0. 0. 0. 0. 0. 0. 0. 0. 0.],False,24.981123178,"[0.5950679231118314, 0.75572222341241, 0.268571018739569, 0.05145576563578561]","[0.9375, -8.5, 26.375]","[-0.1044921875, 1.15966796875, -0.44921875]"
11061189659,"std_msgs.msg.Header(stamp=builtin_interfaces.msg.Time(sec=1731187365, nanosec=85889744), frame_id='RL_myo')","geometry_msgs.msg.Quaternion(x=0.5999378181016815, y=0.7532640770366111, z=0.26349898878267974, w=0.056886971865985056)",[0. 0. 0. 0. 0. 0. 0. 0. 0.],"geometry_msgs.msg.Vector3(x=-38.6875, y=-3.25, z=26.1875)",[0. 0. 0. 0. 0. 0. 0. 0. 0.],"geometry_msgs.msg.Vector3(x=-0.1318359375, y=1.087890625, z=-0.31103515625)",[0. 0. 0. 0. 0. 0. 0. 0. 0.],False,25.003661165,"[0.5999378181016815, 0.7532640770366111, 0.26349898878267974, 0.056886971865985056]","[-38.6875, -3.25, 26.1875]","[-0.1318359375, 1.087890625, -0.31103515625]"
11082046920,"std_msgs.msg.Header(stamp=builtin_interfaces.msg.Time(sec=1731187365, nanosec=106836735), frame_id='RL_myo')","geometry_msgs.msg.Quaternion(x=0.6070416114387198, y=0.748409974645565, z=0.2599078111117214, w=0.061894438813359674)",[0. 0. 0. 0. 0. 0. 0. 0. 0.],"geometry_msgs.msg.Vector3(x=-56.5625, y=-0.5, z=21.6875)",[0. 0. 0. 0. 0. 0. 0. 0. 0.],"geometry_msgs.msg.Vector3(x=-0.2109375, y=0.98583984375, z=-0.2724609375)",[0. 0. 0. 0. 0. 0. 0. 0. 0.],False,25.024518426,"[0.6070416114387198, 0.748409974645565, 0.2599078111117214, 0.061894438813359674]","[-56.5625, -0.5, 21.6875]","[-0.2109375, 0.98583984375, -0.2724609375]"
11098640381,"std_msgs.msg.Header(stamp=builtin_interfaces.msg.Time(sec=1731187365, nanosec=123299624), frame_id='RL_myo')","geometry_msgs.msg.Quaternion(x=0.6115240756970461, y=0.7456821671614745, z=0.25665822320651555, w=0.06421033313038153)",[0. 0. 0. 0. 0. 0. 0. 0. 0.],"geometry_msgs.msg.Vector3(x=-39.4375, y=-6.5, z=23.625)",[0. 0. 0. 0. 0. 0. 0. 0. 0.],"geometry_msgs.msg.Vector3(x=-0.31884765625, y=0.91455078125, z=-0.32666015625)",[0. 0. 0. 0. 0. 0. 0. 0. 0.],False,25.041111887,"[0.6115240756970461, 0.7456821671614745, 0.25665822320651555, 0.06421033313038153]","[-39.4375, -6.5, 23.625]","[-0.31884765625, 0.91455078125, -0.32666015625]"
11121195550,"std_msgs.msg.Header(stamp=builtin_interfaces.msg.Time(sec=1731187365, nanosec=145888752), frame_id='RL_myo')","geometry_msgs.msg.Quaternion(x=0.6102591584075988, y=0.7480832411925916, z=0.25288094551737167, w=0.06329653403367473)",[0. 0. 0. 0. 0. 0. 0. 0. 0.],"geometry_msgs.msg.Vector3(x=8.8125, y=-15.25, z=24.9375)",[0. 0. 0. 0. 0. 0. 0. 0. 0.],"geometry_msgs.msg.Vector3(x=-0.31494140625, y=0.84033203125, z=-0.294921875)",[0. 0. 0. 0. 0. 0. 0. 0. 0.],False,25.063667056,"[0.6102591584075988, 0.7480832411925916, 0.25288094551737167, 0.06329653403367473]","[8.8125, -15.25, 24.9375]","[-0.31494140625, 0.84033203125, -0.294921875]"
11142082876,"std_msgs.msg.Header(stamp=builtin_interfaces.msg.Time(sec=1731187365, nanosec=166789798), frame_id='RL_myo')","geometry_msgs.msg.Quaternion(x=0.607310485608932, y=0.7522715311688529, z=0.24780709262032805, w=0.06207384561450089)",[0. 0. 0. 0. 0. 0. 0. 0. 0.],"geometry_msgs.msg.Vector3(x=25.5, y=-20.3125, z=25.25)",[0. 0. 0. 0. 0. 0. 0. 0. 0.],"geometry_msgs.msg.Vector3(x=-0.21875, y=0.9443359375, z=-0.28125)",[0. 0. 0. 0. 0. 0. 0. 0. 0.],False,25.084554382,"[0.607310485608932, 0.7522715311688529, 0.24780709262032805, 0.06207384561450089]","[25.5, -20.3125, 25.25]","[-0.21875, 0.9443359375, -0.28125]"
11158735399,"std_msgs.msg.Header(stamp=builtin_interfaces.msg.Time(sec=1731187365, nanosec=183394632), frame_id='RL_myo')","geometry_msgs.msg.Quaternion(x=0.6028033354213334, y=0.7577157357149081, z=0.24250077477004428, w=0.06073200878333604)",[0. 0. 0. 0. 0. 0. 0. 0. 0.],"geometry_msgs.msg.Vector3(x=37.8125, y=-20.375, z=26.0625)",[0. 0. 0. 0. 0. 0. 0. 0. 0.],"geometry_msgs.msg.Vector3(x=-0.18798828125, y=0.9951171875, z=-0.287109375)",[0. 0. 0. 0. 0. 0. 0. 0. 0.],False,25.101206905,"[0.6028033354213334, 0.7577157357149081, 0.24250077477004428, 0.06073200878333604]","[37.8125, -20.375, 26.0625]","[-0.18798828125, 0.9951171875, -0.287109375]"
11181132430,"std_msgs.msg.Header(stamp=builtin_interfaces.msg.Time(sec=1731187365, nanosec=205861595), frame_id='RL_myo')","geometry_msgs.msg.Quaternion(x=0.5990904417803331, y=0.7624898419480307, z=0.2364621876166083, w=0.06152655785171429)",[0. 0. 0. 0. 0. 0. 0. 0. 0.],"geometry_msgs.msg.Vector3(x=31.125, y=-15.0, z=32.4375)",[0. 0. 0. 0. 0. 0. 0. 0. 0.],"geometry_msgs.msg.Vector3(x=-0.1298828125, y=0.98779296875, z=-0.26220703125)",[0. 0. 0. 0. 0. 0. 0. 0. 0.],False,25.123603936,"[0.5990904417803331, 0.7624898419480307, 0.2364621876166083, 0.06152655785171429]","[31.125, -15.0, 32.4375]","[-0.1298828125, 0.98779296875, -0.26220703125]"
11203421689,"std_msgs.msg.Header(stamp=builtin_interfaces.msg.Time(sec=1731187365, nanosec=228120025), frame_id='RL_myo')","geometry_msgs.msg.Quaternion(x=0.595673220679691, y=0.766580590072368, z=0.23139637048844233, w=0.06311364998286714)",[0. 0. 0. 0. 0. 0. 0. 0. 0.],"geometry_msgs.msg.Vector3(x=18.625, y=-9.75, z=30.0625)",[0. 0. 0. 0. 0. 0. 0. 0. 0.],"geometry_msgs.msg.Vector3(x=-0.1064453125, y=0.884765625, z=-0.3642578125)",[0. 0. 0. 0. 0. 0. 0. 0. 0.],False,25.145893195,"[0.595673220679691, 0.766580590072368, 0.23139637048844233, 0.06311364998286714]","[18.625, -9.75, 30.0625]","[-0.1064453125, 0.884765625, -0.3642578125]"
11218699264,"std_msgs.msg.Header(stamp=builtin_interfaces.msg.Time(sec=1731187365, nanosec=243349668), frame_id='RL_myo')","geometry_msgs.msg.Quaternion(x=0.5926791940303048, y=0.7702388001512271, z=0.22675625188698065, w=0.06360161896803064)",[0. 0. 0. 0. 0. 0. 0. 0. 0.],"geometry_msgs.msg.Vector3(x=17.3125, y=-13.5625, z=23.4375)",[0. 0. 0. 0. 0. 0. 0. 0. 0.],"geometry_msgs.msg.Vector3(x=-0.1162109375, y=1.001953125, z=-0.39794921875)",[0. 0. 0. 0. 0. 0. 0. 0. 0.],False,25.16117077,"[0.5926791940303048, 0.7702388001512271, 0.22675625188698065, 0.06360161896803064]","[17.3125, -13.5625, 23.4375]","[-0.1162109375, 1.001953125, -0.39794921875]"
11241150804,"std_msgs.msg.Header(stamp=builtin_interfaces.msg.Time(sec=1731187365, nanosec=265866852), frame_id='RL_myo')","geometry_msgs.msg.Quaternion(x=0.5902309904611027, y=0.7732209087033349, z=0.22278625803340485, w=0.06421127217839503)",[0. 0. 0. 0. 0. 0. 0. 0. 0.],"geometry_msgs.msg.Vector3(x=21.5, y=-10.0625, z=17.5)",[0. 0. 0. 0. 0. 0. 0. 0. 0.],"geometry_msgs.msg.Vector3(x=-0.07080078125, y=1.00146484375, z=-0.2685546875)",[0. 0. 0. 0. 0. 0. 0. 0. 0.],False,25.18362231,"[0.5902309904611027, 0.7732209087033349, 0.22278625803340485, 0.06421127217839503]","[21.5, -10.0625, 17.5]","[-0.07080078125, 1.00146484375, -0.2685546875]"
11263722573,"std_msgs.msg.Header(stamp=builtin_interfaces.msg.Time(sec=1731187365, nanosec=288409760), frame_id='RL_myo')","geometry_msgs.msg.Quaternion(x=0.5901283106790489, y=0.773978793898463, z=0.21858186600555174, w=0.07019523761697416)",[0. 0. 0. 0. 0. 0. 0. 0. 0.],"geometry_msgs.msg.Vector3(x=-4.6875, y=8.9375, z=29.5625)",[0. 0. 0. 0. 0. 0. 0. 0. 0.],"geometry_msgs.msg.Vector3(x=0.005859375, y=0.93994140625, z=-0.2685546875)",[0. 0. 0. 0. 0. 0. 0. 0. 0.],False,25.206194079,"[0.5901283106790489, 0.773978793898463, 0.21858186600555174, 0.07019523761697416]","[-4.6875, 8.9375, 29.5625]","[0.005859375, 0.93994140625, -0.2685546875]"
11277850200,"std_msgs.msg.Header(stamp=builtin_interfaces.msg.Time(sec=1731187365, nanosec=302667433), frame_id='RL_myo')","geometry_msgs.msg.Quaternion(x=0.589889537991938, y=0.7738637792489435, z=0.21815658203468402, w=0.07465179066268007)",[0. 0. 0. 0. 0. 0. 0. 0. 0.],"geometry_msgs.msg.Vector3(x=-13.0, y=16.375, z=13.0)",[0. 0. 0. 0. 0. 0. 0. 0. 0.],"geometry_msgs.msg.Vector3(x=-0.10205078125, y=1.06005859375, z=-0.447265625)",[0. 0. 0. 0. 0. 0. 0. 0. 0.],False,25.220321706,"[0.589889537991938, 0.7738637792489435, 0.21815658203468402, 0.07465179066268007]","[-13.0, 16.375, 13.0]","[-0.10205078125, 1.06005859375, -0.447265625]"
11301157431,"std_msgs.msg.Header(stamp=builtin_interfaces.msg.Time(sec=1731187365, nanosec=325922212), frame_id='RL_myo')","geometry_msgs.msg.Quaternion(x=0.5855451866996848, y=0.7759862356419361, z=0.22236434015917356, w=0.0744062944425014)",[0. 0. 0. 0. 0. 0. 0. 0. 0.],"geometry_msgs.msg.Vector3(x=29.9375, y=17.1875, z=-16.8125)",[0. 0. 0. 0. 0. 0. 0. 0. 0.],"geometry_msgs.msg.Vector3(x=-0.12841796875, y=1.02783203125, z=-0.3076171875)",[0. 0. 0. 0. 0. 0. 0. 0. 0.],False,25.243628937,"[0.5855451866996848, 0.7759862356419361, 0.22236434015917356, 0.0744062944425014]","[29.9375, 17.1875, -16.8125]","[-0.12841796875, 1.02783203125, -0.3076171875]"
11322080035,"std_msgs.msg.Header(stamp=builtin_interfaces.msg.Time(sec=1731187365, nanosec=346862812), frame_id='RL_myo')","geometry_msgs.msg.Quaternion(x=0.5823548934408823, y=0.7780398099455955, z=0.22302953365821024, w=0.07599117936630316)",[0. 0. 0. 0. 0. 0. 0. 0. 0.],"geometry_msgs.msg.Vector3(x=13.875, y=13.25, z=11.75)",[0. 0. 0. 0. 0. 0. 0. 0. 0.],"geometry_msgs.msg.Vector3(x=-0.22900390625, y=0.958984375, z=-0.40087890625)",[0. 0. 0. 0. 0. 0. 0. 0. 0.],False,25.264551541,"[0.5823548934408823, 0.7780398099455955, 0.22302953365821024, 0.07599117936630316]","[13.875, 13.25, 11.75]","[-0.22900390625, 0.958984375, -0.40087890625]"
11337985994,"std_msgs.msg.Header(stamp=builtin_interfaces.msg.Time(sec=1731187365, nanosec=362718726), frame_id='RL_myo')","geometry_msgs.msg.Quaternion(x=0.5782799010974253, y=0.7816605882893845, z=0.22089877159294724, w=0.07617619976457533)",[0. 0. 0. 0. 0. 0. 0. 0. 0.],"geometry_msgs.msg.Vector3(x=28.25, y=-0.75, z=22.0)",[0. 0. 0. 0. 0. 0. 0. 0. 0.],"geometry_msgs.msg.Vector3(x=-0.2255859375, y=0.97705078125, z=-0.34521484375)",[0. 0. 0. 0. 0. 0. 0. 0. 0.],False,25.2804575,"[0.5782799010974253, 0.7816605882893845, 0.22089877159294724, 0.07617619976457533]","[28.25, -0.75, 22.0]","[-0.2255859375, 0.97705078125, -0.34521484375]"
11345631250,"std_msgs.msg.Header(stamp=builtin_interfaces.msg.Time(sec=1731187365, nanosec=370265875), frame_id='RL_myo')","geometry_msgs.msg.Quaternion(x=0.5753886617976895, y=0.784559866208497, z=0.21838767708837734, w=0.07550183246459552)",[0. 0. 0. 0. 0. 0. 0. 0. 0.],"geometry_msgs.msg.Vector3(x=24.5, y=-8.6875, z=13.625)",[0. 0. 0. 0. 0. 0. 0. 0. 0.],"geometry_msgs.msg.Vector3(x=-0.1337890625, y=0.9794921875, z=-0.3076171875)",[0. 0. 0. 0. 0. 0. 0. 0. 0.],False,25.288102756,"[0.5753886617976895, 0.784559866208497, 0.21838767708837734, 0.07550183246459552]","[24.5, -8.6875, 13.625]","[-0.1337890625, 0.9794921875, -0.3076171875]"
11366543531,"std_msgs.msg.Header(stamp=builtin_interfaces.msg.Time(sec=1731187365, nanosec=391259955), frame_id='RL_myo')","geometry_msgs.msg.Quaternion(x=0.5709906796722942, y=0.7890718874188584, z=0.21411387539181276, w=0.07409756121027955)",[0. 0. 0. 0. 0. 0. 0. 0. 0.],"geometry_msgs.msg.Vector3(x=35.375, y=-16.8125, z=23.0625)",[0. 0. 0. 0. 0. 0. 0. 0. 0.],"geometry_msgs.msg.Vector3(x=-0.14599609375, y=0.96337890625, z=-0.3359375)",[0. 0. 0. 0. 0. 0. 0. 0. 0.],False,25.309015037,"[0.5709906796722942, 0.7890718874188584, 0.21411387539181276, 0.07409756121027955]","[35.375, -16.8125, 23.0625]","[-0.14599609375, 0.96337890625, -0.3359375]"
11388929206,"std_msgs.msg.Header(stamp=builtin_interfaces.msg.Time(sec=1731187365, nanosec=413675196), frame_id='RL_myo')","geometry_msgs.msg.Quaternion(x=0.5664367075414534, y=0.7939880055710372, z=0.20814107464615905, w=0.07355131816675121)",[0. 0. 0. 0. 0. 0. 0. 0. 0.],"geometry_msgs.msg.Vector3(x=43.1875, y=-17.5, z=32.8125)",[0. 0. 0. 0. 0. 0. 0. 0. 0.],"geometry_msgs.msg.Vector3(x=-0.12841796875, y=1.03857421875, z=-0.2578125)",[0. 0. 0. 0. 0. 0. 0. 0. 0.],False,25.331400712,"[0.5664367075414534, 0.7939880055710372, 0.20814107464615905, 0.07355131816675121]","[43.1875, -17.5, 32.8125]","[-0.12841796875, 1.03857421875, -0.2578125]"
11413146656,"std_msgs.msg.Header(stamp=builtin_interfaces.msg.Time(sec=1731187365, nanosec=437823348), frame_id='RL_myo')","geometry_msgs.msg.Quaternion(x=0.5591817657617254, y=0.8002262797878202, z=0.2039325706156451, w=0.0732472567311506)",[0. 0. 0. 0. 0. 0. 0. 0. 0.],"geometry_msgs.msg.Vector3(x=54.5625, y=-9.375, z=26.875)",[0. 0. 0. 0. 0. 0. 0. 0. 0.],"geometry_msgs.msg.Vector3(x=-0.0869140625, y=0.9599609375, z=-0.337890625)",[0. 0. 0. 0. 0. 0. 0. 0. 0.],False,25.355618162,"[0.5591817657617254, 0.8002262797878202, 0.2039325706156451, 0.0732472567311506]","[54.5625, -9.375, 26.875]","[-0.0869140625, 0.9599609375, -0.337890625]"
11426325466,"std_msgs.msg.Header(stamp=builtin_interfaces.msg.Time(sec=1731187365, nanosec=451068619), frame_id='RL_myo')","geometry_msgs.msg.Quaternion(x=0.5501224823967997, y=0.8072694943060106, z=0.20056612417129524, w=0.07385423318541304)",[0. 0. 0. 0. 0. 0. 0. 0. 0.],"geometry_msgs.msg.Vector3(x=64.1875, y=-0.625, z=28.0)",[0. 0. 0. 0. 0. 0. 0. 0. 0.],"geometry_msgs.msg.Vector3(x=-0.076171875, y=0.85791015625, z=-0.32470703125)",[0. 0. 0. 0. 0. 0. 0. 0. 0.],False,25.368796972,"[0.5501224823967997, 0.8072694943060106, 0.20056612417129524, 0.07385423318541304]","[64.1875, -0.625, 28.0]","[-0.076171875, 0.85791015625, -0.32470703125]"
11457141861,"std_msgs.msg.Header(stamp=builtin_interfaces.msg.Time(sec=1731187365, nanosec=481871985), frame_id='RL_myo')","geometry_msgs.msg.Quaternion(x=0.5388330631183108, y=0.8156350501189382, z=0.1976372290866663, w=0.07306107573092636)",[0. 0. 0. 0. 0. 0. 0. 0. 0.],"geometry_msgs.msg.Vector3(x=72.8125, y=-2.125, z=29.3125)",[0. 0. 0. 0. 0. 0. 0. 0. 0.],"geometry_msgs.msg.Vector3(x=-0.1494140625, y=0.86669921875, z=-0.4716796875)",[0. 0. 0. 0. 0. 0. 0. 0. 0.],False,25.399613367,"[0.5388330631183108, 0.8156350501189382, 0.1976372290866663, 0.07306107573092636]","[72.8125, -2.125, 29.3125]","[-0.1494140625, 0.86669921875, -0.4716796875]"
11465385543,"std_msgs.msg.Header(stamp=builtin_interfaces.msg.Time(sec=1731187365, nanosec=490129838), frame_id='RL_myo')","geometry_msgs.msg.Quaternion(x=0.5257286711787021, y=0.825185870853927, z=0.19447016676829734, w=0.06970650673239032)",[0. 0. 0. 0. 0. 0. 0. 0. 0.],"geometry_msgs.msg.Vector3(x=82.875, y=-12.4375, z=27.75)",[0. 0. 0. 0. 0. 0. 0. 0. 0.],"geometry_msgs.msg.Vector3(x=-0.1982421875, y=0.85986328125, z=-0.5849609375)",[0. 0. 0. 0. 0. 0. 0. 0. 0.],False,25.407857049,"[0.5257286711787021, 0.825185870853927, 0.19447016676829734, 0.06970650673239032]","[82.875, -12.4375, 27.75]","[-0.1982421875, 0.85986328125, -0.5849609375]"
11486340936,"std_msgs.msg.Header(stamp=builtin_interfaces.msg.Time(sec=1731187365, nanosec=511118945), frame_id='RL_myo')","geometry_msgs.msg.Quaternion(x=0.5138218694817887, y=0.8341517781347261, z=0.18946342158131052, w=0.06543324353581344)",[0. 0. 0. 0. 0. 0. 0. 0. 0.],"geometry_msgs.msg.Vector3(x=75.125, y=-23.75, z=31.75)",[0. 0. 0. 0. 0. 0. 0. 0. 0.],"geometry_msgs.msg.Vector3(x=-0.18505859375, y=0.87548828125, z=-0.63818359375)",[0. 0. 0. 0. 0. 0. 0. 0. 0.],False,25.428812442,"[0.5138218694817887, 0.8341517781347261, 0.18946342158131052, 0.06543324353581344]","[75.125, -23.75, 31.75]","[-0.18505859375, 0.87548828125, -0.63818359375]"
11508944836,"std_msgs.msg.Header(stamp=builtin_interfaces.msg.Time(sec=1731187365, nanosec=533655278), frame_id='RL_myo')","geometry_msgs.msg.Quaternion(x=0.5057074011086464, y=0.8407499991394684, z=0.18256739127531219, w=0.0637856649557677)",[0. 0. 0. 0. 0. 0. 0. 0. 0.],"geometry_msgs.msg.Vector3(x=47.5625, y=-23.5625, z=36.8125)",[0. 0. 0. 0. 0. 0. 0. 0. 0.],"geometry_msgs.msg.Vector3(x=-0.04638671875, y=0.79248046875, z=-0.59375)",[0. 0. 0. 0. 0. 0. 0. 0. 0.],False,25.451416342,"[0.5057074011086464, 0.8407499991394684, 0.18256739127531219, 0.0637856649557677]","[47.5625, -23.5625, 36.8125]","[-0.04638671875, 0.79248046875, -0.59375]"
11523821400,"std_msgs.msg.Header(stamp=builtin_interfaces.msg.Time(sec=1731187365, nanosec=548621397), frame_id='RL_myo')","geometry_msgs.msg.Quaternion(x=0.5024054708960358, y=0.8440363080488863, z=0.17560691772177076, w=0.06598230033271957)",[0. 0. 0. 0. 0. 0. 0. 0. 0.],"geometry_msgs.msg.Vector3(x=12.25, y=-12.75, z=35.75)",[0. 0. 0. 0. 0. 0. 0. 0. 0.],"geometry_msgs.msg.Vector3(x=0.07666015625, y=0.8779296875, z=-0.62255859375)",[0. 0. 0. 0. 0. 0. 0. 0. 0.],False,25.466292906,"[0.5024054708960358, 0.8440363080488863, 0.17560691772177076, 0.06598230033271957]","[12.25, -12.75, 35.75]","[0.07666015625, 0.8779296875, -0.62255859375]"
11546384022,"std_msgs.msg.Header(stamp=builtin_interfaces.msg.Time(sec=1731187365, nanosec=571178434), frame_id='RL_myo')","geometry_msgs.msg.Quaternion(x=0.5002682511744212, y=0.8460490763212118, z=0.17102875058452027, w=0.06842370785340729)",[0. 0. 0. 0. 0. 0. 0. 0. 0.],"geometry_msgs.msg.Vector3(x=1.75, y=-4.375, z=25.5625)",[0. 0. 0. 0. 0. 0. 0. 0. 0.],"geometry_msgs.msg.Vector3(x=0.04443359375, y=0.9423828125, z=-0.70166015625)",[0. 0. 0. 0. 0. 0. 0. 0. 0.],False,25.488855528,"[0.5002682511744212, 0.8460490763212118, 0.17102875058452027, 0.06842370785340729]","[1.75, -4.375, 25.5625]","[0.04443359375, 0.9423828125, -0.70166015625]"
11569116299,"std_msgs.msg.Header(stamp=builtin_interfaces.msg.Time(sec=1731187365, nanosec=593790305), frame_id='RL_myo')","geometry_msgs.msg.Quaternion(x=0.500076990491565, y=0.8466456652152444, z=0.16760788671913063, w=0.070864077378336)",[0. 0. 0. 0. 0. 0. 0. 0. 0.],"geometry_msgs.msg.Vector3(x=-9.3125, y=-1.5625, z=18.4375)",[0. 0. 0. 0. 0. 0. 0. 0. 0.],"geometry_msgs.msg.Vector3(x=0.0419921875, y=0.91357421875, z=-0.6435546875)",[0. 0. 0. 0. 0. 0. 0. 0. 0.],False,25.511587805,"[0.500076990491565, 0.8466456652152444, 0.16760788671913063, 0.070864077378336]","[-9.3125, -1.5625, 18.4375]","[0.0419921875, 0.91357421875, -0.6435546875]"
11583847751,"std_msgs.msg.Header(stamp=builtin_interfaces.msg.Time(sec=1731187365, nanosec=608654352), frame_id='RL_myo')","geometry_msgs.msg.Quaternion(x=0.5012481661838859, y=0.8462988095640013, z=0.1640714893694941, w=0.07489424012513736)",[0. 0. 0. 0. 0. 0. 0. 0. 0.],"geometry_msgs.msg.Vector3(x=-15.1875, y=5.6875, z=23.8125)",[0. 0. 0. 0. 0. 0. 0. 0. 0.],"geometry_msgs.msg.Vector3(x=0.02734375, y=0.921875, z=-0.5654296875)",[0. 0. 0. 0. 0. 0. 0. 0. 0.],False,25.526319257,"[0.5012481661838859, 0.8462988095640013, 0.1640714893694941, 0.07489424012513736]","[-15.1875, 5.6875, 23.8125]","[0.02734375, 0.921875, -0.5654296875]"
11606518994,"std_msgs.msg.Header(stamp=builtin_interfaces.msg.Time(sec=1731187365, nanosec=631184835), frame_id='RL_myo')","geometry_msgs.msg.Quaternion(x=0.5030178376018118, y=0.8457487146961176, z=0.16028696050750613, w=0.07739675016127866)",[0. 0. 0. 0. 0. 0. 0. 0. 0.],"geometry_msgs.msg.Vector3(x=-14.0, y=1.625, z=27.375)",[0. 0. 0. 0. 0. 0. 0. 0. 0.],"geometry_msgs.msg.Vector3(x=-0.0849609375, y=0.9345703125, z=-0.51025390625)",[0. 0. 0. 0. 0. 0. 0. 0. 0.],False,25.5489905,"[0.5030178376018118, 0.8457487146961176, 0.16028696050750613, 0.07739675016127866]","[-14.0, 1.625, 27.375]","[-0.0849609375, 0.9345703125, -0.51025390625]"
11629147785,"std_msgs.msg.Header(stamp=builtin_interfaces.msg.Time(sec=1731187365, nanosec=653901262), frame_id='RL_myo')","geometry_msgs.msg.Quaternion(x=0.5053256928727092, y=0.8450578835393959, z=0.15710935299605672, w=0.07641837993436791)",[0. 0. 0. 0. 0. 0. 0. 0. 0.],"geometry_msgs.msg.Vector3(x=-8.9375, y=-11.125, z=19.0625)",[0. 0. 0. 0. 0. 0. 0. 0. 0.],"geometry_msgs.msg.Vector3(x=-0.16259765625, y=0.919921875, z=-0.42236328125)",[0. 0. 0. 0. 0. 0. 0. 0. 0.],False,25.571619291,"[0.5053256928727092, 0.8450578835393959, 0.15710935299605672, 0.07641837993436791]","[-8.9375, -11.125, 19.0625]","[-0.16259765625, 0.919921875, -0.42236328125]"
11644044751,"std_msgs.msg.Header(stamp=builtin_interfaces.msg.Time(sec=1731187365, nanosec=668839076), frame_id='RL_myo')","geometry_msgs.msg.Quaternion(x=0.5085597089165276, y=0.8439576446458026, z=0.1536909922049708, w=0.07403779727745416)",[0. 0. 0. 0. 0. 0. 0. 0. 0.],"geometry_msgs.msg.Vector3(x=-13.1875, y=-20.0, z=14.4375)",[0. 0. 0. 0. 0. 0. 0. 0. 0.],"geometry_msgs.msg.Vector3(x=-0.1474609375, y=0.96923828125, z=-0.44091796875)",[0. 0. 0. 0. 0. 0. 0. 0. 0.],False,25.586516257,"[0.5085597089165276, 0.8439576446458026, 0.1536909922049708, 0.07403779727745416]","[-13.1875, -20.0, 14.4375]","[-0.1474609375, 0.96923828125, -0.44091796875]"
11666702161,"std_msgs.msg.Header(stamp=builtin_interfaces.msg.Time(sec=1731187365, nanosec=691378734), frame_id='RL_myo')","geometry_msgs.msg.Quaternion(x=0.5086790822860332, y=0.8447466401294336, z=0.15039419951437316, w=0.07092453727098279)",[0. 0. 0. 0. 0. 0. 0. 0. 0.],"geometry_msgs.msg.Vector3(x=-0.125, y=-24.3125, z=9.0625)",[0. 0. 0. 0. 0. 0. 0. 0. 0.],"geometry_msgs.msg.Vector3(x=-0.06201171875, y=0.93603515625, z=-0.548828125)",[0. 0. 0. 0. 0. 0. 0. 0. 0.],False,25.609173667,"[0.5086790822860332, 0.8447466401294336, 0.15039419951437316, 0.07092453727098279]","[-0.125, -24.3125, 9.0625]","[-0.06201171875, 0.93603515625, -0.548828125]"
11692023718,"std_msgs.msg.Header(stamp=builtin_interfaces.msg.Time(sec=1731187365, nanosec=716703427), frame_id='RL_myo')","geometry_msgs.msg.Quaternion(x=0.509048206337669, y=0.8451787186040411, z=0.1484418750375553, w=0.0671406507159995)",[0. 0. 0. 0. 0. 0. 0. 0. 0.],"geometry_msgs.msg.Vector3(x=-1.4375, y=-25.0, z=-2.125)",[0. 0. 0. 0. 0. 0. 0. 0. 0.],"geometry_msgs.msg.Vector3(x=-0.0322265625, y=1.03564453125, z=-0.609375)",[0. 0. 0. 0. 0. 0. 0. 0. 0.],False,25.634495224,"[0.509048206337669, 0.8451787186040411, 0.1484418750375553, 0.0671406507159995]","[-1.4375, -25.0, -2.125]","[-0.0322265625, 1.03564453125, -0.609375]"
11708196849,"std_msgs.msg.Header(stamp=builtin_interfaces.msg.Time(sec=1731187365, nanosec=732917780), frame_id='RL_myo')","geometry_msgs.msg.Quaternion(x=0.5104142948976311, y=0.8449731026390706, z=0.1473499291895338, w=0.061528056596126784)",[0. 0. 0. 0. 0. 0. 0. 0. 0.],"geometry_msgs.msg.Vector3(x=-2.875, y=-31.75, z=-12.0)",[0. 0. 0. 0. 0. 0. 0. 0. 0.],"geometry_msgs.msg.Vector3(x=-0.05810546875, y=1.1611328125, z=-0.62255859375)",[0. 0. 0. 0. 0. 0. 0. 0. 0.],False,25.650668355,"[0.5104142948976311, 0.8449731026390706, 0.1473499291895338, 0.061528056596126784]","[-2.875, -31.75, -12.0]","[-0.05810546875, 1.1611328125, -0.62255859375]"
11726354060,"std_msgs.msg.Header(stamp=builtin_interfaces.msg.Time(sec=1731187365, nanosec=751056636), frame_id='RL_myo')","geometry_msgs.msg.Quaternion(x=0.5151048999075465, y=0.842699164370611, z=0.14649268394100148, w=0.05536202680603681)",[0. 0. 0. 0. 0. 0. 0. 0. 0.],"geometry_msgs.msg.Vector3(x=-17.4375, y=-36.1875, z=-20.1875)",[0. 0. 0. 0. 0. 0. 0. 0. 0.],"geometry_msgs.msg.Vector3(x=-0.044921875, y=1.33837890625, z=-0.58837890625)",[0. 0. 0. 0. 0. 0. 0. 0. 0.],False,25.668825566,"[0.5151048999075465, 0.842699164370611, 0.14649268394100148, 0.05536202680603681]","[-17.4375, -36.1875, -20.1875]","[-0.044921875, 1.33837890625, -0.58837890625]"
11748915971,"std_msgs.msg.Header(stamp=builtin_interfaces.msg.Time(sec=1731187365, nanosec=773668903), frame_id='RL_myo')","geometry_msgs.msg.Quaternion(x=0.5220685648287127, y=0.8384349124853498, z=0.1488746907070303, w=0.04803787682920576)",[0. 0. 0. 0. 0. 0. 0. 0. 0.],"geometry_msgs.msg.Vector3(x=-31.5, y=-34.9375, z=-43.5625)",[0. 0. 0. 0. 0. 0. 0. 0. 0.],"geometry_msgs.msg.Vector3(x=-0.0361328125, y=1.3193359375, z=-0.54833984375)",[0. 0. 0. 0. 0. 0. 0. 0. 0.],False,25.691387477,"[0.5220685648287127, 0.8384349124853498, 0.1488746907070303, 0.04803787682920576]","[-31.5, -34.9375, -43.5625]","[-0.0361328125, 1.3193359375, -0.54833984375]"
11764017397,"std_msgs.msg.Header(stamp=builtin_interfaces.msg.Time(sec=1731187365, nanosec=788779772), frame_id='RL_myo')","geometry_msgs.msg.Quaternion(x=0.5303645376888533, y=0.8327498432142968, z=0.15339004295224862, w=0.041384181902755494)",[0. 0. 0. 0. 0. 0. 0. 0. 0.],"geometry_msgs.msg.Vector3(x=-41.25, y=-26.6875, z=-55.75)",[0. 0. 0. 0. 0. 0. 0. 0. 0.],"geometry_msgs.msg.Vector3(x=-0.02587890625, y=1.3251953125, z=-0.50537109375)",[0. 0. 0. 0. 0. 0. 0. 0. 0.],False,25.706488903,"[0.5303645376888533, 0.8327498432142968, 0.15339004295224862, 0.041384181902755494]","[-41.25, -26.6875, -55.75]","[-0.02587890625, 1.3251953125, -0.50537109375]"
11786653555,"std_msgs.msg.Header(stamp=builtin_interfaces.msg.Time(sec=1731187365, nanosec=811390106), frame_id='RL_myo')","geometry_msgs.msg.Quaternion(x=0.5365360236197718, y=0.8276327581638778, z=0.16096080708593155, w=0.03528075331652197)",[0. 0. 0. 0. 0. 0. 0. 0. 0.],"geometry_msgs.msg.Vector3(x=-31.0, y=-13.625, z=-69.5)",[0. 0. 0. 0. 0. 0. 0. 0. 0.],"geometry_msgs.msg.Vector3(x=-0.01416015625, y=1.17529296875, z=-0.44140625)",[0. 0. 0. 0. 0. 0. 0. 0. 0.],False,25.729125061,"[0.5365360236197718, 0.8276327581638778, 0.16096080708593155, 0.03528075331652197]","[-31.0, -13.625, -69.5]","[-0.01416015625, 1.17529296875, -0.44140625]"
11808913032,"std_msgs.msg.Header(stamp=builtin_interfaces.msg.Time(sec=1731187365, nanosec=833659933), frame_id='RL_myo')","geometry_msgs.msg.Quaternion(x=0.5399434091533112, y=0.823465581379982, z=0.17163925690019344, w=0.030091804285844723)",[0. 0. 0. 0. 0. 0. 0. 0. 0.],"geometry_msgs.msg.Vector3(x=-14.25, y=2.4375, z=-80.8125)",[0. 0. 0. 0. 0. 0. 0. 0. 0.],"geometry_msgs.msg.Vector3(x=-0.00341796875, y=1.037109375, z=-0.35546875)",[0. 0. 0. 0. 0. 0. 0. 0. 0.],False,25.751384538,"[0.5399434091533112, 0.823465581379982, 0.17163925690019344, 0.030091804285844723]","[-14.25, 2.4375, -80.8125]","[-0.00341796875, 1.037109375, -0.35546875]"
11824060268,"std_msgs.msg.Header(stamp=builtin_interfaces.msg.Time(sec=1731187365, nanosec=848755878), frame_id='RL_myo')","geometry_msgs.msg.Quaternion(x=0.5420068385257385, y=0.8193580856271975, z=0.18506359621734675, w=0.025147164129797776)",[0. 0. 0. 0. 0. 0. 0. 0. 0.],"geometry_msgs.msg.Vector3(x=-4.5625, y=15.0, z=-91.0)",[0. 0. 0. 0. 0. 0. 0. 0. 0.],"geometry_msgs.msg.Vector3(x=-0.05078125, y=0.99169921875, z=-0.28173828125)",[0. 0. 0. 0. 0. 0. 0. 0. 0.],False,25.766531774,"[0.5420068385257385, 0.8193580856271975, 0.18506359621734675, 0.025147164129797776]","[-4.5625, 15.0, -91.0]","[-0.05078125, 0.99169921875, -0.28173828125]"
11849584212,"std_msgs.msg.Header(stamp=builtin_interfaces.msg.Time(sec=1731187365, nanosec=874303757), frame_id='RL_myo')","geometry_msgs.msg.Quaternion(x=0.5436526155249591, y=0.8148380394361968, z=0.20019990781653374, w=0.020019990781653372)",[0. 0. 0. 0. 0. 0. 0. 0. 0.],"geometry_msgs.msg.Vector3(x=-2.875, y=22.875, z=-94.75)",[0. 0. 0. 0. 0. 0. 0. 0. 0.],"geometry_msgs.msg.Vector3(x=-0.15380859375, y=0.9375, z=-0.25146484375)",[0. 0. 0. 0. 0. 0. 0. 0. 0.],False,25.792055718,"[0.5436526155249591, 0.8148380394361968, 0.20019990781653374, 0.020019990781653372]","[-2.875, 22.875, -94.75]","[-0.15380859375, 0.9375, -0.25146484375]"
11878601233,"std_msgs.msg.Header(stamp=builtin_interfaces.msg.Time(sec=1731187365, nanosec=903249775), frame_id='RL_myo')","geometry_msgs.msg.Quaternion(x=0.5460449133822861, y=0.8098506495367955, z=0.21393778464172958, w=0.014404940706261964)",[0. 0. 0. 0. 0. 0. 0. 0. 0.],"geometry_msgs.msg.Vector3(x=-6.1875, y=18.9375, z=-83.4375)",[0. 0. 0. 0. 0. 0. 0. 0. 0.],"geometry_msgs.msg.Vector3(x=-0.27099609375, y=0.8720703125, z=-0.197265625)",[0. 0. 0. 0. 0. 0. 0. 0. 0.],False,25.821072739,"[0.5460449133822861, 0.8098506495367955, 0.21393778464172958, 0.014404940706261964]","[-6.1875, 18.9375, -83.4375]","[-0.27099609375, 0.8720703125, -0.197265625]"
11883959506,"std_msgs.msg.Header(stamp=builtin_interfaces.msg.Time(sec=1731187365, nanosec=908668695), frame_id='RL_myo')","geometry_msgs.msg.Quaternion(x=0.5491450863286517, y=0.8045826973418124, z=0.2258349249100824, w=0.009216506394979038)",[0. 0. 0. 0. 0. 0. 0. 0. 0.],"geometry_msgs.msg.Vector3(x=-15.1875, y=14.3125, z=-72.4375)",[0. 0. 0. 0. 0. 0. 0. 0. 0.],"geometry_msgs.msg.Vector3(x=-0.29833984375, y=0.76904296875, z=-0.208984375)",[0. 0. 0. 0. 0. 0. 0. 0. 0.],False,25.826431012,"[0.5491450863286517, 0.8045826973418124, 0.2258349249100824, 0.009216506394979038]","[-15.1875, 14.3125, -72.4375]","[-0.29833984375, 0.76904296875, -0.208984375]"
11906275881,"std_msgs.msg.Header(stamp=builtin_interfaces.msg.Time(sec=1731187365, nanosec=931047695), frame_id='RL_myo')","geometry_msgs.msg.Quaternion(x=0.5531813408680324, y=0.7986734905945276, z=0.23682484856757868, w=0.005005061232613776)",[0. 0. 0. 0. 0. 0. 0. 0. 0.],"geometry_msgs.msg.Vector3(x=-21.375, y=14.4375, z=-68.5625)",[0. 0. 0. 0. 0. 0. 0. 0. 0.],"geometry_msgs.msg.Vector3(x=-0.2685546875, y=0.76513671875, z=-0.1787109375)",[0. 0. 0. 0. 0. 0. 0. 0. 0.],False,25.848747387,"[0.5531813408680324, 0.7986734905945276, 0.23682484856757868, 0.005005061232613776]","[-21.375, 14.4375, -68.5625]","[-0.2685546875, 0.76513671875, -0.1787109375]"
11928863034,"std_msgs.msg.Header(stamp=builtin_interfaces.msg.Time(sec=1731187365, nanosec=953560320), frame_id='RL_myo')","geometry_msgs.msg.Quaternion(x=0.5552694227220928, y=0.7938088207651771, z=0.24806144156783388, w=0.0029908982866200446)",[0. 0. 0. 0. 0. 0. 0. 0. 0.],"geometry_msgs.msg.Vector3(x=-13.5625, y=26.0625, z=-64.625)",[0. 0. 0. 0. 0. 0. 0. 0. 0.],"geometry_msgs.msg.Vector3(x=-0.189453125, y=0.6123046875, z=-0.13232421875)",[0. 0. 0. 0. 0. 0. 0. 0. 0.],False,25.87133454,"[0.5552694227220928, 0.7938088207651771, 0.24806144156783388, 0.0029908982866200446]","[-13.5625, 26.0625, -64.625]","[-0.189453125, 0.6123046875, -0.13232421875]"
11943811320,"std_msgs.msg.Header(stamp=builtin_interfaces.msg.Time(sec=1731187365, nanosec=968549187), frame_id='RL_myo')","geometry_msgs.msg.Quaternion(x=0.554041870121698, y=0.791235514199358, z=0.2588010938984246, w=0.002441519753758722)",[0. 0. 0. 0. 0. 0. 0. 0. 0.],"geometry_msgs.msg.Vector3(x=2.5625, y=36.9375, z=-49.25)",[0. 0. 0. 0. 0. 0. 0. 0. 0.],"geometry_msgs.msg.Vector3(x=-0.25244140625, y=0.5322265625, z=-0.16259765625)",[0. 0. 0. 0. 0. 0. 0. 0. 0.],False,25.886282826,"[0.554041870121698, 0.791235514199358, 0.2588010938984246, 0.002441519753758722]","[2.5625, 36.9375, -49.25]","[-0.25244140625, 0.5322265625, -0.16259765625]"
11969641443,"std_msgs.msg.Header(stamp=builtin_interfaces.msg.Time(sec=1731187365, nanosec=994340768), frame_id='RL_myo')","geometry_msgs.msg.Quaternion(x=0.5476448259849214, y=0.7925956381424659, z=0.2680847164206169, w=0.002807808960689521)",[0. 0. 0. 0. 0. 0. 0. 0. 0.],"geometry_msgs.msg.Vector3(x=30.5625, y=43.5, z=-30.5625)",[0. 0. 0. 0. 0. 0. 0. 0. 0.],"geometry_msgs.msg.Vector3(x=-0.2978515625, y=0.48974609375, z=-0.263671875)",[0. 0. 0. 0. 0. 0. 0. 0. 0.],False,25.912112949,"[0.5476448259849214, 0.7925956381424659, 0.2680847164206169, 0.002807808960689521]","[30.5625, 43.5, -30.5625]","[-0.2978515625, 0.48974609375, -0.263671875]"
11988864940,"std_msgs.msg.Header(stamp=builtin_interfaces.msg.Time(sec=1731187366, nanosec=13588791), frame_id='RL_myo')","geometry_msgs.msg.Quaternion(x=0.5370198206879009, y=0.7973505248517901, z=0.2753462617780315, w=0.005127263575560773)",[0. 0. 0. 0. 0. 0. 0. 0. 0.],"geometry_msgs.msg.Vector3(x=55.75, y=51.1875, z=-11.875)",[0. 0. 0. 0. 0. 0. 0. 0. 0.],"geometry_msgs.msg.Vector3(x=-0.25830078125, y=0.4609375, z=-0.29345703125)",[0. 0. 0. 0. 0. 0. 0. 0. 0.],False,25.931336446,"[0.5370198206879009, 0.7973505248517901, 0.2753462617780315, 0.005127263575560773]","[55.75, 51.1875, -11.875]","[-0.25830078125, 0.4609375, -0.29345703125]"
12005391975,"std_msgs.msg.Header(stamp=builtin_interfaces.msg.Time(sec=1731187366, nanosec=30079030), frame_id='RL_myo')","geometry_msgs.msg.Quaternion(x=0.5249941810068299, y=0.8032087464095891, z=0.2813885797513645, w=0.007568803446674446)",[0. 0. 0. 0. 0. 0. 0. 0. 0.],"geometry_msgs.msg.Vector3(x=62.9375, y=51.875, z=0.0)",[0. 0. 0. 0. 0. 0. 0. 0. 0.],"geometry_msgs.msg.Vector3(x=-0.34912109375, y=0.51171875, z=-0.38232421875)",[0. 0. 0. 0. 0. 0. 0. 0. 0.],False,25.947863481,"[0.5249941810068299, 0.8032087464095891, 0.2813885797513645, 0.007568803446674446]","[62.9375, 51.875, 0.0]","[-0.34912109375, 0.51171875, -0.38232421875]"
12026421224,"std_msgs.msg.Header(stamp=builtin_interfaces.msg.Time(sec=1731187366, nanosec=51106914), frame_id='RL_myo')","geometry_msgs.msg.Quaternion(x=0.512850172132359, y=0.8096220760727934, z=0.2852965608839141, w=0.010132483762672173)",[0. 0. 0. 0. 0. 0. 0. 0. 0.],"geometry_msgs.msg.Vector3(x=59.125, y=44.75, z=11.3125)",[0. 0. 0. 0. 0. 0. 0. 0. 0.],"geometry_msgs.msg.Vector3(x=-0.3740234375, y=0.57177734375, z=-0.5283203125)",[0. 0. 0. 0. 0. 0. 0. 0. 0.],False,25.96889273,"[0.512850172132359, 0.8096220760727934, 0.2852965608839141, 0.010132483762672173]","[59.125, 44.75, 11.3125]","[-0.3740234375, 0.57177734375, -0.5283203125]"
12049016316,"std_msgs.msg.Header(stamp=builtin_interfaces.msg.Time(sec=1731187366, nanosec=73689739), frame_id='RL_myo')","geometry_msgs.msg.Quaternion(x=0.5022830333167614, y=0.8155919177516789, z=0.2868793603826441, w=0.014893311475184079)",[0. 0. 0. 0. 0. 0. 0. 0. 0.],"geometry_msgs.msg.Vector3(x=48.8125, y=41.625, z=19.0625)",[0. 0. 0. 0. 0. 0. 0. 0. 0.],"geometry_msgs.msg.Vector3(x=-0.2236328125, y=0.6025390625, z=-0.53662109375)",[0. 0. 0. 0. 0. 0. 0. 0. 0.],False,25.991487822,"[0.5022830333167614, 0.8155919177516789, 0.2868793603826441, 0.014893311475184079]","[48.8125, 41.625, 19.0625]","[-0.2236328125, 0.6025390625, -0.53662109375]"
12065517488,"std_msgs.msg.Header(stamp=builtin_interfaces.msg.Time(sec=1731187366, nanosec=90204144), frame_id='RL_myo')","geometry_msgs.msg.Quaternion(x=0.4929376207965682, y=0.8208302531540675, z=0.28773005750805136, w=0.021485146424020805)",[0. 0. 0. 0. 0. 0. 0. 0. 0.],"geometry_msgs.msg.Vector3(x=37.0625, y=44.625, z=24.0625)",[0. 0. 0. 0. 0. 0. 0. 0. 0.],"geometry_msgs.msg.Vector3(x=-0.1865234375, y=0.63037109375, z=-0.58349609375)",[0. 0. 0. 0. 0. 0. 0. 0. 0.],False,26.007988994,"[0.4929376207965682, 0.8208302531540675, 0.28773005750805136, 0.021485146424020805]","[37.0625, 44.625, 24.0625]","[-0.1865234375, 0.63037109375, -0.58349609375]"
12089390160,"std_msgs.msg.Header(stamp=builtin_interfaces.msg.Time(sec=1731187366, nanosec=114082550), frame_id='RL_myo')","geometry_msgs.msg.Quaternion(x=0.48549331895697595, y=0.8246794358093666, z=0.28876903344046434, w=0.02850457379342567)",[0. 0. 0. 0. 0. 0. 0. 0. 0.],"geometry_msgs.msg.Vector3(x=24.8125, y=45.5, z=23.5625)",[0. 0. 0. 0. 0. 0. 0. 0. 0.],"geometry_msgs.msg.Vector3(x=-0.21728515625, y=0.70263671875, z=-0.619140625)",[0. 0. 0. 0. 0. 0. 0. 0. 0.],False,26.031861666,"[0.48549331895697595, 0.8246794358093666, 0.28876903344046434, 0.02850457379342567]","[24.8125, 45.5, 23.5625]","[-0.21728515625, 0.70263671875, -0.619140625]"
12111884235,"std_msgs.msg.Header(stamp=builtin_interfaces.msg.Time(sec=1731187366, nanosec=136667237), frame_id='RL_myo')","geometry_msgs.msg.Quaternion(x=0.4783062206210616, y=0.8284293040159582, z=0.2892055734178905, w=0.03589127842332621)",[0. 0. 0. 0. 0. 0. 0. 0. 0.],"geometry_msgs.msg.Vector3(x=22.9375, y=44.8125, z=25.625)",[0. 0. 0. 0. 0. 0. 0. 0. 0.],"geometry_msgs.msg.Vector3(x=-0.19482421875, y=0.72607421875, z=-0.64208984375)",[0. 0. 0. 0. 0. 0. 0. 0. 0.],False,26.054355741,"[0.4783062206210616, 0.8284293040159582, 0.2892055734178905, 0.03589127842332621]","[22.9375, 44.8125, 25.625]","[-0.19482421875, 0.72607421875, -0.64208984375]"
12125421267,"std_msgs.msg.Header(stamp=builtin_interfaces.msg.Time(sec=1731187366, nanosec=150219060), frame_id='RL_myo')","geometry_msgs.msg.Quaternion(x=0.4715741063354425, y=0.8320603439767994, z=0.28870638402364, w=0.0440689237346867)",[0. 0. 0. 0. 0. 0. 0. 0. 0.],"geometry_msgs.msg.Vector3(x=22.625, y=45.5625, z=30.75)",[0. 0. 0. 0. 0. 0. 0. 0. 0.],"geometry_msgs.msg.Vector3(x=-0.1708984375, y=0.79296875, z=-0.640625)",[0. 0. 0. 0. 0. 0. 0. 0. 0.],False,26.067892773,"[0.4715741063354425, 0.8320603439767994, 0.28870638402364, 0.0440689237346867]","[22.625, 45.5625, 30.75]","[-0.1708984375, 0.79296875, -0.640625]"
12146484204,"std_msgs.msg.Header(stamp=builtin_interfaces.msg.Time(sec=1731187366, nanosec=171131637), frame_id='RL_myo')","geometry_msgs.msg.Quaternion(x=0.46614181005797634, y=0.8345018760131796, z=0.2893778082342367, w=0.050783028148256686)",[0. 0. 0. 0. 0. 0. 0. 0. 0.],"geometry_msgs.msg.Vector3(x=19.8125, y=42.9375, z=21.9375)",[0. 0. 0. 0. 0. 0. 0. 0. 0.],"geometry_msgs.msg.Vector3(x=-0.22412109375, y=0.8603515625, z=-0.6240234375)",[0. 0. 0. 0. 0. 0. 0. 0. 0.],False,26.08895571,"[0.46614181005797634, 0.8345018760131796, 0.2893778082342367, 0.050783028148256686]","[19.8125, 42.9375, 21.9375]","[-0.22412109375, 0.8603515625, -0.6240234375]"
12168999062,"std_msgs.msg.Header(stamp=builtin_interfaces.msg.Time(sec=1731187366, nanosec=193650982), frame_id='RL_myo')","geometry_msgs.msg.Quaternion(x=0.46335208666511, y=0.8353888365299297, z=0.29030464025546876, w=0.056156490545633146)",[0. 0. 0. 0. 0. 0. 0. 0. 0.],"geometry_msgs.msg.Vector3(x=4.25, y=33.375, z=14.5625)",[0. 0. 0. 0. 0. 0. 0. 0. 0.],"geometry_msgs.msg.Vector3(x=-0.2470703125, y=0.958984375, z=-0.7236328125)",[0. 0. 0. 0. 0. 0. 0. 0. 0.],False,26.111470568,"[0.46335208666511, 0.8353888365299297, 0.29030464025546876, 0.056156490545633146]","[4.25, 33.375, 14.5625]","[-0.2470703125, 0.958984375, -0.7236328125]"
12185629562,"std_msgs.msg.Header(stamp=builtin_interfaces.msg.Time(sec=1731187366, nanosec=210318729), frame_id='RL_myo')","geometry_msgs.msg.Quaternion(x=0.460893020072258, y=0.836272714608662, z=0.2905988171850113, w=0.061464610146042084)",[0. 0. 0. 0. 0. 0. 0. 0. 0.],"geometry_msgs.msg.Vector3(x=1.4375, y=28.1875, z=13.6875)",[0. 0. 0. 0. 0. 0. 0. 0. 0.],"geometry_msgs.msg.Vector3(x=-0.15625, y=0.8828125, z=-0.6904296875)",[0. 0. 0. 0. 0. 0. 0. 0. 0.],False,26.128101068,"[0.460893020072258, 0.836272714608662, 0.2905988171850113, 0.061464610146042084]","[1.4375, 28.1875, 13.6875]","[-0.15625, 0.8828125, -0.6904296875]"
12206545642,"std_msgs.msg.Header(stamp=builtin_interfaces.msg.Time(sec=1731187366, nanosec=231194287), frame_id='RL_myo')","geometry_msgs.msg.Quaternion(x=0.4585272736210308, y=0.8372761730910117, z=0.29018086512172264, w=0.06720427692448815)",[0. 0. 0. 0. 0. 0. 0. 0. 0.],"geometry_msgs.msg.Vector3(x=-1.75, y=28.125, z=18.625)",[0. 0. 0. 0. 0. 0. 0. 0. 0.],"geometry_msgs.msg.Vector3(x=-0.1484375, y=0.85107421875, z=-0.70947265625)",[0. 0. 0. 0. 0. 0. 0. 0. 0.],False,26.149017148,"[0.4585272736210308, 0.8372761730910117, 0.29018086512172264, 0.06720427692448815]","[-1.75, 28.125, 18.625]","[-0.1484375, 0.85107421875, -0.70947265625]"
12229123544,"std_msgs.msg.Header(stamp=builtin_interfaces.msg.Time(sec=1731187366, nanosec=253767959), frame_id='RL_myo')","geometry_msgs.msg.Quaternion(x=0.4557833933825846, y=0.8385022733221594, z=0.29012166449007964, w=0.07074500507973959)",[0. 0. 0. 0. 0. 0. 0. 0. 0.],"geometry_msgs.msg.Vector3(x=8.3125, y=22.5, z=15.4375)",[0. 0. 0. 0. 0. 0. 0. 0. 0.],"geometry_msgs.msg.Vector3(x=-0.20703125, y=0.86669921875, z=-0.6552734375)",[0. 0. 0. 0. 0. 0. 0. 0. 0.],False,26.17159505,"[0.4557833933825846, 0.8385022733221594, 0.29012166449007964, 0.07074500507973959]","[8.3125, 22.5, 15.4375]","[-0.20703125, 0.86669921875, -0.6552734375]"
12246897071,"std_msgs.msg.Header(stamp=builtin_interfaces.msg.Time(sec=1731187366, nanosec=271592557), frame_id='RL_myo')","geometry_msgs.msg.Quaternion(x=0.4536266374994472, y=0.839197071983302, z=0.2911462676093061, w=0.0721456788918658)",[0. 0. 0. 0. 0. 0. 0. 0. 0.],"geometry_msgs.msg.Vector3(x=6.5, y=15.25, z=5.125)",[0. 0. 0. 0. 0. 0. 0. 0. 0.],"geometry_msgs.msg.Vector3(x=-0.23974609375, y=0.9267578125, z=-0.7294921875)",[0. 0. 0. 0. 0. 0. 0. 0. 0.],False,26.189368577,"[0.4536266374994472, 0.839197071983302, 0.2911462676093061, 0.0721456788918658]","[6.5, 15.25, 5.125]","[-0.23974609375, 0.9267578125, -0.7294921875]"
12266344633,"std_msgs.msg.Header(stamp=builtin_interfaces.msg.Time(sec=1731187366, nanosec=290999805), frame_id='RL_myo')","geometry_msgs.msg.Quaternion(x=0.45173717373547106, y=0.8400565764249815, z=0.29139214530646385, w=0.07300062961594696)",[0. 0. 0. 0. 0. 0. 0. 0. 0.],"geometry_msgs.msg.Vector3(x=6.8125, y=7.6875, z=4.1875)",[0. 0. 0. 0. 0. 0. 0. 0. 0.],"geometry_msgs.msg.Vector3(x=-0.16796875, y=0.8505859375, z=-0.67138671875)",[0. 0. 0. 0. 0. 0. 0. 0. 0.],False,26.208816139,"[0.45173717373547106, 0.8400565764249815, 0.29139214530646385, 0.07300062961594696]","[6.8125, 7.6875, 4.1875]","[-0.16796875, 0.8505859375, -0.67138671875]"
12288779423,"std_msgs.msg.Header(stamp=builtin_interfaces.msg.Time(sec=1731187366, nanosec=313680378), frame_id='RL_myo')","geometry_msgs.msg.Quaternion(x=0.45082547115904903, y=0.8408572557117601, z=0.2898686924633528, w=0.07544276771629903)",[0. 0. 0. 0. 0. 0. 0. 0. 0.],"geometry_msgs.msg.Vector3(x=-1.25, y=6.3125, z=12.625)",[0. 0. 0. 0. 0. 0. 0. 0. 0.],"geometry_msgs.msg.Vector3(x=-0.09130859375, y=0.82568359375, z=-0.6513671875)",[0. 0. 0. 0. 0. 0. 0. 0. 0.],False,26.231250929,"[0.45082547115904903, 0.8408572557117601, 0.2898686924633528, 0.07544276771629903]","[-1.25, 6.3125, 12.625]","[-0.09130859375, 0.82568359375, -0.6513671875]"
12306895221,"std_msgs.msg.Header(stamp=builtin_interfaces.msg.Time(sec=1731187366, nanosec=331627594), frame_id='RL_myo')","geometry_msgs.msg.Quaternion(x=0.448936692668833, y=0.8421454179132412, z=0.2883449267393021, w=0.07812902333325714)",[0. 0. 0. 0. 0. 0. 0. 0. 0.],"geometry_msgs.msg.Vector3(x=2.8125, y=10.25, z=16.5)",[0. 0. 0. 0. 0. 0. 0. 0. 0.],"geometry_msgs.msg.Vector3(x=-0.10546875, y=0.75390625, z=-0.630859375)",[0. 0. 0. 0. 0. 0. 0. 0. 0.],False,26.249366727,"[0.448936692668833, 0.8421454179132412, 0.2883449267393021, 0.07812902333325714]","[2.8125, 10.25, 16.5]","[-0.10546875, 0.75390625, -0.630859375]"
12326668847,"std_msgs.msg.Header(stamp=builtin_interfaces.msg.Time(sec=1731187366, nanosec=351417323), frame_id='RL_myo')","geometry_msgs.msg.Quaternion(x=0.445522358148332, y=0.8442279402040801, z=0.28694349988427303, w=0.08032708909757569)",[0. 0. 0. 0. 0. 0. 0. 0. 0.],"geometry_msgs.msg.Vector3(x=9.6875, y=11.8125, z=18.8125)",[0. 0. 0. 0. 0. 0. 0. 0. 0.],"geometry_msgs.msg.Vector3(x=-0.12548828125, y=0.6640625, z=-0.63232421875)",[0. 0. 0. 0. 0. 0. 0. 0. 0.],False,26.269140353,"[0.445522358148332, 0.8442279402040801, 0.28694349988427303, 0.08032708909757569]","[9.6875, 11.8125, 18.8125]","[-0.12548828125, 0.6640625, -0.63232421875]"
12348802867,"std_msgs.msg.Header(stamp=builtin_interfaces.msg.Time(sec=1731187366, nanosec=373665613), frame_id='RL_myo')","geometry_msgs.msg.Quaternion(x=0.4374646216910447, y=0.8489877805358924, z=0.2850508976276237, w=0.08118151902456948)",[0. 0. 0. 0. 0. 0. 0. 0. 0.],"geometry_msgs.msg.Vector3(x=17.5625, y=7.0, z=24.5625)",[0. 0. 0. 0. 0. 0. 0. 0. 0.],"geometry_msgs.msg.Vector3(x=-0.12646484375, y=0.66259765625, z=-1.06591796875)",[0. 0. 0. 0. 0. 0. 0. 0. 0.],False,26.291274373,"[0.4374646216910447, 0.8489877805358924, 0.2850508976276237, 0.08118151902456948]","[17.5625, 7.0, 24.5625]","[-0.12646484375, 0.66259765625, -1.06591796875]"
12366867479,"std_msgs.msg.Header(stamp=builtin_interfaces.msg.Time(sec=1731187366, nanosec=391600045), frame_id='RL_myo')","geometry_msgs.msg.Quaternion(x=0.44173792817396884, y=0.8465473712649957, z=0.2863330967340179, w=0.0789842309046726)",[0. 0. 0. 0. 0. 0. 0. 0. 0.],"geometry_msgs.msg.Vector3(x=-4.0, y=-17.3125, z=-26.4375)",[0. 0. 0. 0. 0. 0. 0. 0. 0.],"geometry_msgs.msg.Vector3(x=-0.046875, y=1.35302734375, z=-0.68701171875)",[0. 0. 0. 0. 0. 0. 0. 0. 0.],False,26.309338985,"[0.44173792817396884, 0.8465473712649957, 0.2863330967340179, 0.0789842309046726]","[-4.0, -17.3125, -26.4375]","[-0.046875, 1.35302734375, -0.68701171875]"
12386562546,"std_msgs.msg.Header(stamp=builtin_interfaces.msg.Time(sec=1731187366, nanosec=411310522), frame_id='RL_myo')","geometry_msgs.msg.Quaternion(x=0.4430791355105554, y=0.845262414733458, z=0.28907876922137904, w=0.07513850610462787)",[0. 0. 0. 0. 0. 0. 0. 0. 0.],"geometry_msgs.msg.Vector3(x=-10.6875, y=-8.375, z=-17.25)",[0. 0. 0. 0. 0. 0. 0. 0. 0.],"geometry_msgs.msg.Vector3(x=-0.27783203125, y=0.7568359375, z=-0.724609375)",[0. 0. 0. 0. 0. 0. 0. 0. 0.],False,26.329034052,"[0.4430791355105554, 0.845262414733458, 0.28907876922137904, 0.07513850610462787]","[-10.6875, -8.375, -17.25]","[-0.27783203125, 0.7568359375, -0.724609375]"
12409043779,"std_msgs.msg.Header(stamp=builtin_interfaces.msg.Time(sec=1731187366, nanosec=433822972), frame_id='RL_myo')","geometry_msgs.msg.Quaternion(x=0.4477949008036695, y=0.8447428615351666, z=0.2828628094771271, w=0.07666717494675694)",[0. 0. 0. 0. 0. 0. 0. 0. 0.],"geometry_msgs.msg.Vector3(x=-29.4375, y=-17.4375, z=29.0)",[0. 0. 0. 0. 0. 0. 0. 0. 0.],"geometry_msgs.msg.Vector3(x=-0.099609375, y=0.87353515625, z=-0.63916015625)",[0. 0. 0. 0. 0. 0. 0. 0. 0.],False,26.351515285,"[0.4477949008036695, 0.8447428615351666, 0.2828628094771271, 0.07666717494675694]","[-29.4375, -17.4375, 29.0]","[-0.099609375, 0.87353515625, -0.63916015625]"
12433104885,"std_msgs.msg.Header(stamp=builtin_interfaces.msg.Time(sec=1731187366, nanosec=457801833), frame_id='RL_myo')","geometry_msgs.msg.Quaternion(x=0.451327498259719, y=0.8432633741490423, z=0.2813929898535711, w=0.07764249090970551)",[0. 0. 0. 0. 0. 0. 0. 0. 0.],"geometry_msgs.msg.Vector3(x=-23.5625, y=-8.5, z=-0.3125)",[0. 0. 0. 0. 0. 0. 0. 0. 0.],"geometry_msgs.msg.Vector3(x=-0.00537109375, y=0.73046875, z=-0.53662109375)",[0. 0. 0. 0. 0. 0. 0. 0. 0.],False,26.375576391,"[0.451327498259719, 0.8432633741490423, 0.2813929898535711, 0.07764249090970551]","[-23.5625, -8.5, -0.3125]","[-0.00537109375, 0.73046875, -0.53662109375]"
12446600319,"std_msgs.msg.Header(stamp=builtin_interfaces.msg.Time(sec=1731187366, nanosec=471303055), frame_id='RL_myo')","geometry_msgs.msg.Quaternion(x=0.4521057759304732, y=0.8429297644930248, z=0.2812614304695046, w=0.07721261057810835)",[0. 0. 0. 0. 0. 0. 0. 0. 0.],"geometry_msgs.msg.Vector3(x=-5.4375, y=-3.25, z=-0.5625)",[0. 0. 0. 0. 0. 0. 0. 0. 0.],"geometry_msgs.msg.Vector3(x=-0.1298828125, y=0.75537109375, z=-0.56787109375)",[0. 0. 0. 0. 0. 0. 0. 0. 0.],False,26.389071825,"[0.4521057759304732, 0.8429297644930248, 0.2812614304695046, 0.07721261057810835]","[-5.4375, -3.25, -0.5625]","[-0.1298828125, 0.75537109375, -0.56787109375]"
12469009992,"std_msgs.msg.Header(stamp=builtin_interfaces.msg.Time(sec=1731187366, nanosec=493793512), frame_id='RL_myo')","geometry_msgs.msg.Quaternion(x=0.45144786450930685, y=0.8436264109495849, z=0.2806594484875329, w=0.07562789401393066)",[0. 0. 0. 0. 0. 0. 0. 0. 0.],"geometry_msgs.msg.Vector3(x=9.8125, y=-6.5, z=2.5625)",[0. 0. 0. 0. 0. 0. 0. 0. 0.],"geometry_msgs.msg.Vector3(x=-0.1748046875, y=0.845703125, z=-0.56494140625)",[0. 0. 0. 0. 0. 0. 0. 0. 0.],False,26.411481498,"[0.45144786450930685, 0.8436264109495849, 0.2806594484875329, 0.07562789401393066]","[9.8125, -6.5, 2.5625]","[-0.1748046875, 0.845703125, -0.56494140625]"
12487268443,"std_msgs.msg.Header(stamp=builtin_interfaces.msg.Time(sec=1731187366, nanosec=511920307), frame_id='RL_myo')","geometry_msgs.msg.Quaternion(x=0.4522974693310217, y=0.8433119887014029, z=0.2805953396106217, w=0.07428421324910302)",[0. 0. 0. 0. 0. 0. 0. 0. 0.],"geometry_msgs.msg.Vector3(x=5.75, y=-6.625, z=-4.625)",[0. 0. 0. 0. 0. 0. 0. 0. 0.],"geometry_msgs.msg.Vector3(x=-0.146484375, y=0.9716796875, z=-0.54443359375)",[0. 0. 0. 0. 0. 0. 0. 0. 0.],False,26.429739949,"[0.4522974693310217, 0.8433119887014029, 0.2805953396106217, 0.07428421324910302]","[5.75, -6.625, -4.625]","[-0.146484375, 0.9716796875, -0.54443359375]"
12506462488,"std_msgs.msg.Header(stamp=builtin_interfaces.msg.Time(sec=1731187366, nanosec=531199169), frame_id='RL_myo')","geometry_msgs.msg.Quaternion(x=0.45370323117265854, y=0.8425219561248762, z=0.2807796129953221, w=0.07397932411963704)",[0. 0. 0. 0. 0. 0. 0. 0. 0.],"geometry_msgs.msg.Vector3(x=-1.4375, y=-2.25, z=-4.0)",[0. 0. 0. 0. 0. 0. 0. 0. 0.],"geometry_msgs.msg.Vector3(x=-0.1455078125, y=0.95703125, z=-0.5703125)",[0. 0. 0. 0. 0. 0. 0. 0. 0.],False,26.448933994,"[0.45370323117265854, 0.8425219561248762, 0.2807796129953221, 0.07397932411963704]","[-1.4375, -2.25, -4.0]","[-0.1455078125, 0.95703125, -0.5703125]"
12529027176,"std_msgs.msg.Header(stamp=builtin_interfaces.msg.Time(sec=1731187366, nanosec=553750200), frame_id='RL_myo')","geometry_msgs.msg.Quaternion(x=0.455774133500587, y=0.8413540452888832, z=0.2809600022101516, w=0.07385652893206245)",[0. 0. 0. 0. 0. 0. 0. 0. 0.],"geometry_msgs.msg.Vector3(x=-7.25, y=-0.4375, z=-1.5625)",[0. 0. 0. 0. 0. 0. 0. 0. 0.],"geometry_msgs.msg.Vector3(x=-0.18896484375, y=0.9013671875, z=-0.5390625)",[0. 0. 0. 0. 0. 0. 0. 0. 0.],False,26.471498682,"[0.455774133500587, 0.8413540452888832, 0.2809600022101516, 0.07385652893206245]","[-7.25, -0.4375, -1.5625]","[-0.18896484375, 0.9013671875, -0.5390625]"
12546744705,"std_msgs.msg.Header(stamp=builtin_interfaces.msg.Time(sec=1731187366, nanosec=571507756), frame_id='RL_myo')","geometry_msgs.msg.Quaternion(x=0.45612212353980364, y=0.8410762561726876, z=0.2814980909628763, w=0.07281596325210568)",[0. 0. 0. 0. 0. 0. 0. 0. 0.],"geometry_msgs.msg.Vector3(x=-1.25, y=-1.3125, z=-1.5625)",[0. 0. 0. 0. 0. 0. 0. 0. 0.],"geometry_msgs.msg.Vector3(x=-0.20751953125, y=0.78662109375, z=-0.5732421875)",[0. 0. 0. 0. 0. 0. 0. 0. 0.],False,26.489216211,"[0.45612212353980364, 0.8410762561726876, 0.2814980909628763, 0.07281596325210568]","[-1.25, -1.3125, -1.5625]","[-0.20751953125, 0.78662109375, -0.5732421875]"
12569444890,"std_msgs.msg.Header(stamp=builtin_interfaces.msg.Time(sec=1731187366, nanosec=594113395), frame_id='RL_myo')","geometry_msgs.msg.Quaternion(x=0.45417752929994104, y=0.842312848318665, z=0.2813813210687714, w=0.07110829480371339)",[0. 0. 0. 0. 0. 0. 0. 0. 0.],"geometry_msgs.msg.Vector3(x=14.1875, y=-4.125, z=1.6875)",[0. 0. 0. 0. 0. 0. 0. 0. 0.],"geometry_msgs.msg.Vector3(x=-0.18359375, y=0.7890625, z=-0.5810546875)",[0. 0. 0. 0. 0. 0. 0. 0. 0.],False,26.511916396,"[0.45417752929994104, 0.842312848318665, 0.2813813210687714, 0.07110829480371339]","[14.1875, -4.125, 1.6875]","[-0.18359375, 0.7890625, -0.5810546875]"
12589141955,"std_msgs.msg.Header(stamp=builtin_interfaces.msg.Time(sec=1731187366, nanosec=613891723), frame_id='RL_myo')","geometry_msgs.msg.Quaternion(x=0.4513160740663715, y=0.8439744868969054, z=0.28150794341278135, w=0.06909518472317183)",[0. 0. 0. 0. 0. 0. 0. 0. 0.],"geometry_msgs.msg.Vector3(x=20.5625, y=-6.1875, z=-3.1875)",[0. 0. 0. 0. 0. 0. 0. 0. 0.],"geometry_msgs.msg.Vector3(x=-0.1259765625, y=0.83544921875, z=-0.62744140625)",[0. 0. 0. 0. 0. 0. 0. 0. 0.],False,26.531613461,"[0.4513160740663715, 0.8439744868969054, 0.28150794341278135, 0.06909518472317183]","[20.5625, -6.1875, -3.1875]","[-0.1259765625, 0.83544921875, -0.62744140625]"
12607107037,"std_msgs.msg.Header(stamp=builtin_interfaces.msg.Time(sec=1731187366, nanosec=631849534), frame_id='RL_myo')","geometry_msgs.msg.Quaternion(x=0.44899411772251274, y=0.8455567581307734, z=0.2805908046724295, w=0.06860649650898645)",[0. 0. 0. 0. 0. 0. 0. 0. 0.],"geometry_msgs.msg.Vector3(x=17.0, y=-3.875, z=3.375)",[0. 0. 0. 0. 0. 0. 0. 0. 0.],"geometry_msgs.msg.Vector3(x=-0.09033203125, y=0.888671875, z=-0.62939453125)",[0. 0. 0. 0. 0. 0. 0. 0. 0.],False,26.549578543,"[0.44899411772251274, 0.8455567581307734, 0.2805908046724295, 0.06860649650898645]","[17.0, -3.875, 3.375]","[-0.09033203125, 0.888671875, -0.62939453125]"
12626602278,"std_msgs.msg.Header(stamp=builtin_interfaces.msg.Time(sec=1731187366, nanosec=651238582), frame_id='RL_myo')","geometry_msgs.msg.Quaternion(x=0.44843941449394925, y=0.8460349427386186, z=0.2799160412235268, w=0.0690939726700899)",[0. 0. 0. 0. 0. 0. 0. 0. 0.],"geometry_msgs.msg.Vector3(x=3.3125, y=-0.9375, z=2.375)",[0. 0. 0. 0. 0. 0. 0. 0. 0.],"geometry_msgs.msg.Vector3(x=-0.09521484375, y=0.87060546875, z=-0.63525390625)",[0. 0. 0. 0. 0. 0. 0. 0. 0.],False,26.569073784,"[0.44843941449394925, 0.8460349427386186, 0.2799160412235268, 0.0690939726700899]","[3.3125, -0.9375, 2.375]","[-0.09521484375, 0.87060546875, -0.63525390625]"
12649331780,"std_msgs.msg.Header(stamp=builtin_interfaces.msg.Time(sec=1731187366, nanosec=673992150), frame_id='RL_myo')","geometry_msgs.msg.Quaternion(x=0.4500271967060052, y=0.8450598858530641, z=0.2802827732637971, w=0.06921617266575476)",[0. 0. 0. 0. 0. 0. 0. 0. 0.],"geometry_msgs.msg.Vector3(x=-11.375, y=-1.3125, z=-4.5)",[0. 0. 0. 0. 0. 0. 0. 0. 0.],"geometry_msgs.msg.Vector3(x=-0.13232421875, y=0.86572265625, z=-0.654296875)",[0. 0. 0. 0. 0. 0. 0. 0. 0.],False,26.591803286,"[0.4500271967060052, 0.8450598858530641, 0.2802827732637971, 0.06921617266575476]","[-11.375, -1.3125, -4.5]","[-0.13232421875, 0.86572265625, -0.654296875]"
12667047754,"std_msgs.msg.Header(stamp=builtin_interfaces.msg.Time(sec=1731187366, nanosec=691695475), frame_id='RL_myo')","geometry_msgs.msg.Quaternion(x=0.45302114301344937, y=0.8431735475057652, z=0.28113923264887464, w=0.06921664998346154)",[0. 0. 0. 0. 0. 0. 0. 0. 0.],"geometry_msgs.msg.Vector3(x=-19.75, y=-2.375, z=-8.5625)",[0. 0. 0. 0. 0. 0. 0. 0. 0.],"geometry_msgs.msg.Vector3(x=-0.13623046875, y=0.830078125, z=-0.61181640625)",[0. 0. 0. 0. 0. 0. 0. 0. 0.],False,26.60951926,"[0.45302114301344937, 0.8431735475057652, 0.28113923264887464, 0.06921664998346154]","[-19.75, -2.375, -8.5625]","[-0.13623046875, 0.830078125, -0.61181640625]"
12686582813,"std_msgs.msg.Header(stamp=builtin_interfaces.msg.Time(sec=1731187366, nanosec=711357800), frame_id='RL_myo')","geometry_msgs.msg.Quaternion(x=0.455905125400121, y=0.8414925771543805, z=0.2811486152889219, w=0.07068391152943368)",[0. 0. 0. 0. 0. 0. 0. 0. 0.],"geometry_msgs.msg.Vector3(x=-20.6875, y=0.625, z=-3.8125)",[0. 0. 0. 0. 0. 0. 0. 0. 0.],"geometry_msgs.msg.Vector3(x=-0.07373046875, y=0.80908203125, z=-0.5751953125)",[0. 0. 0. 0. 0. 0. 0. 0. 0.],False,26.629054319,"[0.455905125400121, 0.8414925771543805, 0.2811486152889219, 0.07068391152943368]","[-20.6875, 0.625, -3.8125]","[-0.07373046875, 0.80908203125, -0.5751953125]"
12708993191,"std_msgs.msg.Header(stamp=builtin_interfaces.msg.Time(sec=1731187366, nanosec=733698815), frame_id='RL_myo')","geometry_msgs.msg.Quaternion(x=0.4577923534962873, y=0.8401405271363864, z=0.2813896999490512, w=0.07355197146173682)",[0. 0. 0. 0. 0. 0. 0. 0. 0.],"geometry_msgs.msg.Vector3(x=-20.75, y=7.125, z=-2.5)",[0. 0. 0. 0. 0. 0. 0. 0. 0.],"geometry_msgs.msg.Vector3(x=-0.01953125, y=0.74658203125, z=-0.59033203125)",[0. 0. 0. 0. 0. 0. 0. 0. 0.],False,26.651464697,"[0.4577923534962873, 0.8401405271363864, 0.2813896999490512, 0.07355197146173682]","[-20.75, 7.125, -2.5]","[-0.01953125, 0.74658203125, -0.59033203125]"
12726761900,"std_msgs.msg.Header(stamp=builtin_interfaces.msg.Time(sec=1731187366, nanosec=751515721), frame_id='RL_myo')","geometry_msgs.msg.Quaternion(x=0.4579119772838027, y=0.8395256379047483, z=0.2821816943459104, w=0.07672558723616901)",[0. 0. 0. 0. 0. 0. 0. 0. 0.],"geometry_msgs.msg.Vector3(x=-15.5, y=12.0625, z=-2.375)",[0. 0. 0. 0. 0. 0. 0. 0. 0.],"geometry_msgs.msg.Vector3(x=-0.01904296875, y=0.7470703125, z=-0.66455078125)",[0. 0. 0. 0. 0. 0. 0. 0. 0.],False,26.669233406,"[0.4579119772838027, 0.8395256379047483, 0.2821816943459104, 0.07672558723616901]","[-15.5, 12.0625, -2.375]","[-0.01904296875, 0.7470703125, -0.66455078125]"
12746548938,"std_msgs.msg.Header(stamp=builtin_interfaces.msg.Time(sec=1731187366, nanosec=771262101), frame_id='RL_myo')","geometry_msgs.msg.Quaternion(x=0.45761138053311107, y=0.8386795209450375, z=0.28438194236411424, w=0.07959520344340093)",[0. 0. 0. 0. 0. 0. 0. 0. 0.],"geometry_msgs.msg.Vector3(x=-14.8125, y=13.0, z=-12.5625)",[0. 0. 0. 0. 0. 0. 0. 0. 0.],"geometry_msgs.msg.Vector3(x=0.00732421875, y=0.8759765625, z=-0.79248046875)",[0. 0. 0. 0. 0. 0. 0. 0. 0.],False,26.689020444,"[0.45761138053311107, 0.8386795209450375, 0.28438194236411424, 0.07959520344340093]","[-14.8125, 13.0, -12.5625]","[0.00732421875, 0.8759765625, -0.79248046875]"
12769077236,"std_msgs.msg.Header(stamp=builtin_interfaces.msg.Time(sec=1731187366, nanosec=793750007), frame_id='RL_myo')","geometry_msgs.msg.Quaternion(x=0.46211230108401774, y=0.8343168727403828, z=0.28913300359727806, w=0.08227808504309284)",[0. 0. 0. 0. 0. 0. 0. 0. 0.],"geometry_msgs.msg.Vector3(x=-41.5, y=13.8125, z=-32.0)",[0. 0. 0. 0. 0. 0. 0. 0. 0.],"geometry_msgs.msg.Vector3(x=-0.02001953125, y=0.9072265625, z=-0.72509765625)",[0. 0. 0. 0. 0. 0. 0. 0. 0.],False,26.711548742,"[0.46211230108401774, 0.8343168727403828, 0.28913300359727806, 0.08227808504309284]","[-41.5, 13.8125, -32.0]","[-0.02001953125, 0.9072265625, -0.72509765625]"
12786543937,"std_msgs.msg.Header(stamp=builtin_interfaces.msg.Time(sec=1731187366, nanosec=811352571), frame_id='RL_myo')","geometry_msgs.msg.Quaternion(x=0.47311238580155557, y=0.8257340156268151, z=0.2950009238264634, w=0.08545443686262132)",[0. 0. 0. 0. 0. 0. 0. 0. 0.],"geometry_msgs.msg.Vector3(x=-89.625, y=10.3125, z=-46.0625)",[0. 0. 0. 0. 0. 0. 0. 0. 0.],"geometry_msgs.msg.Vector3(x=-0.01318359375, y=0.81005859375, z=-0.72607421875)",[0. 0. 0. 0. 0. 0. 0. 0. 0.],False,26.729015443,"[0.47311238580155557, 0.8257340156268151, 0.2950009238264634, 0.08545443686262132]","[-89.625, 10.3125, -46.0625]","[-0.01318359375, 0.81005859375, -0.72607421875]"
12786543937,"std_msgs.msg.Header(stamp=builtin_interfaces.msg.Time(sec=1731187374, nanosec=873512069), frame_id='RL_myo')","geometry_msgs.msg.Quaternion(x=0.7757220448513332, y=0.4810953778832488, z=-0.13623507782738026, w=0.38502279163759623)",[0. 0. 0. 0. 0. 0. 0. 0. 0.],"geometry_msgs.msg.Vector3(x=11.25, y=-8.5, z=-2.5625)",[0. 0. 0. 0. 0. 0. 0. 0. 0.],"geometry_msgs.msg.Vector3(x=0.5400390625, y=0.5595703125, z=0.5087890625)",[0. 0. 0. 0. 0. 0. 0. 0. 0.],False,34.791289265,"[0.7757220448513332, 0.4810953778832488, -0.13623507782738026, 0.38502279163759623]","[11.25, -8.5, -2.5625]","[0.5400390625, 0.5595703125, 0.5087890625]"
12793225212,"std_msgs.msg.Header(stamp=builtin_interfaces.msg.Time(sec=1731187374, nanosec=880271345), frame_id='RL_myo')","geometry_msgs.msg.Quaternion(x=0.7749897468901046, y=0.48286554994468117, z=-0.13757792309130468, w=0.38380212085098664)",[0. 0. 0. 0. 0. 0. 0. 0. 0.],"geometry_msgs.msg.Vector3(x=8.0625, y=-13.375, z=-4.875)",[0. 0. 0. 0. 0. 0. 0. 0. 0.],"geometry_msgs.msg.Vector3(x=0.57421875, y=0.5517578125, z=0.47216796875)",[0. 0. 0. 0. 0. 0. 0. 0. 0.],False,34.79797054,"[0.7749897468901046, 0.48286554994468117, -0.13757792309130468, 0.38380212085098664]","[8.0625, -13.375, -4.875]","[0.57421875, 0.5517578125, 0.47216796875]"
12815591894,"std_msgs.msg.Header(stamp=builtin_interfaces.msg.Time(sec=1731187374, nanosec=902708299), frame_id='RL_myo')","geometry_msgs.msg.Quaternion(x=0.7745764373908702, y=0.48488851210662515, z=-0.13904532106985046, w=0.38155061545550273)",[0. 0. 0. 0. 0. 0. 0. 0. 0.],"geometry_msgs.msg.Vector3(x=4.9375, y=-14.625, z=-10.6875)",[0. 0. 0. 0. 0. 0. 0. 0. 0.],"geometry_msgs.msg.Vector3(x=0.599609375, y=0.5634765625, z=0.43359375)",[0. 0. 0. 0. 0. 0. 0. 0. 0.],False,34.820337222,"[0.7745764373908702, 0.48488851210662515, -0.13904532106985046, 0.38155061545550273]","[4.9375, -14.625, -10.6875]","[0.599609375, 0.5634765625, 0.43359375]"
12839179817,"std_msgs.msg.Header(stamp=builtin_interfaces.msg.Time(sec=1731187374, nanosec=926083397), frame_id='RL_myo')","geometry_msgs.msg.Quaternion(x=0.7739567793010459, y=0.48787354392375865, z=-0.13940988043561425, w=0.37886038873198674)",[0. 0. 0. 0. 0. 0. 0. 0. 0.],"geometry_msgs.msg.Vector3(x=11.625, y=-12.875, z=-15.9375)",[0. 0. 0. 0. 0. 0. 0. 0. 0.],"geometry_msgs.msg.Vector3(x=0.615234375, y=0.58837890625, z=0.427734375)",[0. 0. 0. 0. 0. 0. 0. 0. 0.],False,34.843925145,"[0.7739567793010459, 0.48787354392375865, -0.13940988043561425, 0.37886038873198674]","[11.625, -12.875, -15.9375]","[0.615234375, 0.58837890625, 0.427734375]"
12860006651,"std_msgs.msg.Header(stamp=builtin_interfaces.msg.Time(sec=1731187374, nanosec=947196333), frame_id='RL_myo')","geometry_msgs.msg.Quaternion(x=0.7726884564490326, y=0.4923378694776757, z=-0.13849673020640293, w=0.3759981745577092)",[0. 0. 0. 0. 0. 0. 0. 0. 0.],"geometry_msgs.msg.Vector3(x=20.25, y=-10.5, z=-18.0)",[0. 0. 0. 0. 0. 0. 0. 0. 0.],"geometry_msgs.msg.Vector3(x=0.623046875, y=0.65283203125, z=0.4150390625)",[0. 0. 0. 0. 0. 0. 0. 0. 0.],False,34.864751979,"[0.7726884564490326, 0.4923378694776757, -0.13849673020640293, 0.3759981745577092]","[20.25, -10.5, -18.0]","[0.623046875, 0.65283203125, 0.4150390625]"
12875815362,"std_msgs.msg.Header(stamp=builtin_interfaces.msg.Time(sec=1731187374, nanosec=962820005), frame_id='RL_myo')","geometry_msgs.msg.Quaternion(x=0.7710582179870006, y=0.49741556510260193, z=-0.13666872625656226, w=0.3733210941425345)",[0. 0. 0. 0. 0. 0. 0. 0. 0.],"geometry_msgs.msg.Vector3(x=24.125, y=-8.125, z=-16.625)",[0. 0. 0. 0. 0. 0. 0. 0. 0.],"geometry_msgs.msg.Vector3(x=0.59912109375, y=0.70556640625, z=0.39208984375)",[0. 0. 0. 0. 0. 0. 0. 0. 0.],False,34.88056069,"[0.7710582179870006, 0.49741556510260193, -0.13666872625656226, 0.3733210941425345]","[24.125, -8.125, -16.625]","[0.59912109375, 0.70556640625, 0.39208984375]"
12899068006,"std_msgs.msg.Header(stamp=builtin_interfaces.msg.Time(sec=1731187374, nanosec=985920391), frame_id='RL_myo')","geometry_msgs.msg.Quaternion(x=0.7691551359185973, y=0.5024137706329637, z=-0.1339200355690344, w=0.37154569576513785)",[0. 0. 0. 0. 0. 0. 0. 0. 0.],"geometry_msgs.msg.Vector3(x=25.875, y=-2.3125, z=-12.1875)",[0. 0. 0. 0. 0. 0. 0. 0. 0.],"geometry_msgs.msg.Vector3(x=0.59423828125, y=0.77294921875, z=0.39892578125)",[0. 0. 0. 0. 0. 0. 0. 0. 0.],False,34.903813334,"[0.7691551359185973, 0.5024137706329637, -0.1339200355690344, 0.37154569576513785]","[25.875, -2.3125, -12.1875]","[0.59423828125, 0.77294921875, 0.39892578125]"
12920807722,"std_msgs.msg.Header(stamp=builtin_interfaces.msg.Time(sec=1731187375, nanosec=7739391), frame_id='RL_myo')","geometry_msgs.msg.Quaternion(x=0.7656124825172196, y=0.5080888387525581, z=-0.12934169261372783, w=0.37276532175178667)",[0. 0. 0. 0. 0. 0. 0. 0. 0.],"geometry_msgs.msg.Vector3(x=38.75, y=9.875, z=2.625)",[0. 0. 0. 0. 0. 0. 0. 0. 0.],"geometry_msgs.msg.Vector3(x=0.6064453125, y=0.8984375, z=0.44482421875)",[0. 0. 0. 0. 0. 0. 0. 0. 0.],False,34.92555305,"[0.7656124825172196, 0.5080888387525581, -0.12934169261372783, 0.37276532175178667]","[38.75, 9.875, 2.625]","[0.6064453125, 0.8984375, 0.44482421875]"
12936708710,"std_msgs.msg.Header(stamp=builtin_interfaces.msg.Time(sec=1731187375, nanosec=23445059), frame_id='RL_myo')","geometry_msgs.msg.Quaternion(x=0.7619404551004391, y=0.513026478019642, z=-0.12494529452780571, w=0.37501899832869484)",[0. 0. 0. 0. 0. 0. 0. 0. 0.],"geometry_msgs.msg.Vector3(x=38.8125, y=13.25, z=6.1875)",[0. 0. 0. 0. 0. 0. 0. 0. 0.],"geometry_msgs.msg.Vector3(x=0.68115234375, y=0.93798828125, z=0.50830078125)",[0. 0. 0. 0. 0. 0. 0. 0. 0.],False,34.941454038,"[0.7619404551004391, 0.513026478019642, -0.12494529452780571, 0.37501899832869484]","[38.8125, 13.25, 6.1875]","[0.68115234375, 0.93798828125, 0.50830078125]"
12959038029,"std_msgs.msg.Header(stamp=builtin_interfaces.msg.Time(sec=1731187375, nanosec=45984506), frame_id='RL_myo')","geometry_msgs.msg.Quaternion(x=0.7595907398426507, y=0.5188044426406212, z=-0.11682255331931166, w=0.374454735952966)",[0. 0. 0. 0. 0. 0. 0. 0. 0.],"geometry_msgs.msg.Vector3(x=42.0625, y=23.375, z=-22.0625)",[0. 0. 0. 0. 0. 0. 0. 0. 0.],"geometry_msgs.msg.Vector3(x=0.822265625, y=1.1005859375, z=0.5390625)",[0. 0. 0. 0. 0. 0. 0. 0. 0.],False,34.963783357,"[0.7595907398426507, 0.5188044426406212, -0.11682255331931166, 0.374454735952966]","[42.0625, 23.375, -22.0625]","[0.822265625, 1.1005859375, 0.5390625]"
12979829246,"std_msgs.msg.Header(stamp=builtin_interfaces.msg.Time(sec=1731187375, nanosec=66831591), frame_id='RL_myo')","geometry_msgs.msg.Quaternion(x=0.7623574396368638, y=0.5224803589504846, z=-0.10266494903676579, w=0.3678115237191146)",[0. 0. 0. 0. 0. 0. 0. 0. 0.],"geometry_msgs.msg.Vector3(x=16.0625, y=50.75, z=-81.75)",[0. 0. 0. 0. 0. 0. 0. 0. 0.],"geometry_msgs.msg.Vector3(x=0.94970703125, y=1.1943359375, z=0.37646484375)",[0. 0. 0. 0. 0. 0. 0. 0. 0.],False,34.984574574,"[0.7623574396368638, 0.5224803589504846, -0.10266494903676579, 0.3678115237191146]","[16.0625, 50.75, -81.75]","[0.94970703125, 1.1943359375, 0.37646484375]"
12995692363,"std_msgs.msg.Header(stamp=builtin_interfaces.msg.Time(sec=1731187375, nanosec=82782322), frame_id='RL_myo')","geometry_msgs.msg.Quaternion(x=0.7741545900327308, y=0.5174866052430412, z=-0.0844166047477148, w=0.35463519420406575)",[0. 0. 0. 0. 0. 0. 0. 0. 0.],"geometry_msgs.msg.Vector3(x=-30.25, y=58.1875, z=-130.1875)",[0. 0. 0. 0. 0. 0. 0. 0. 0.],"geometry_msgs.msg.Vector3(x=0.52587890625, y=1.22998046875, z=0.43994140625)",[0. 0. 0. 0. 0. 0. 0. 0. 0.],False,35.000437691,"[0.7741545900327308, 0.5174866052430412, -0.0844166047477148, 0.35463519420406575]","[-30.25, 58.1875, -130.1875]","[0.52587890625, 1.22998046875, 0.43994140625]"
13019013597,"std_msgs.msg.Header(stamp=builtin_interfaces.msg.Time(sec=1731187375, nanosec=105945284), frame_id='RL_myo')","geometry_msgs.msg.Quaternion(x=0.7861841144050086, y=0.5138274747718449, z=-0.060917061038524734, w=0.3379126752597925)",[0. 0. 0. 0. 0. 0. 0. 0. 0.],"geometry_msgs.msg.Vector3(x=-13.8125, y=69.875, z=-168.0625)",[0. 0. 0. 0. 0. 0. 0. 0. 0.],"geometry_msgs.msg.Vector3(x=0.67431640625, y=1.00244140625, z=0.474609375)",[0. 0. 0. 0. 0. 0. 0. 0. 0.],False,35.023758925,"[0.7861841144050086, 0.5138274747718449, -0.060917061038524734, 0.3379126752597925]","[-13.8125, 69.875, -168.0625]","[0.67431640625, 1.00244140625, 0.474609375]"
13040795656,"std_msgs.msg.Header(stamp=builtin_interfaces.msg.Time(sec=1731187375, nanosec=127774810), frame_id='RL_myo')","geometry_msgs.msg.Quaternion(x=0.7884252388659347, y=0.5198589269506206, z=-0.025635875228279988, w=0.32783401393117095)",[0. 0. 0. 0. 0. 0. 0. 0. 0.],"geometry_msgs.msg.Vector3(x=87.375, y=116.6875, z=-155.0625)",[0. 0. 0. 0. 0. 0. 0. 0. 0.],"geometry_msgs.msg.Vector3(x=0.36865234375, y=0.904296875, z=0.66748046875)",[0. 0. 0. 0. 0. 0. 0. 0. 0.],False,35.045540984,"[0.7884252388659347, 0.5198589269506206, -0.025635875228279988, 0.32783401393117095]","[87.375, 116.6875, -155.0625]","[0.36865234375, 0.904296875, 0.66748046875]"
13055861100,"std_msgs.msg.Header(stamp=builtin_interfaces.msg.Time(sec=1731187375, nanosec=142753798), frame_id='RL_myo')","geometry_msgs.msg.Quaternion(x=0.7878721400314214, y=0.5269978352208934, z=0.01574767679951245, w=0.31824956136689114)",[0. 0. 0. 0. 0. 0. 0. 0. 0.],"geometry_msgs.msg.Vector3(x=105.5, y=142.625, z=-158.9375)",[0. 0. 0. 0. 0. 0. 0. 0. 0.],"geometry_msgs.msg.Vector3(x=-0.068359375, y=1.27099609375, z=0.3447265625)",[0. 0. 0. 0. 0. 0. 0. 0. 0.],False,35.060606428,"[0.7878721400314214, 0.5269978352208934, 0.01574767679951245, 0.31824956136689114]","[105.5, 142.625, -158.9375]","[-0.068359375, 1.27099609375, 0.3447265625]"
13078847705,"std_msgs.msg.Header(stamp=builtin_interfaces.msg.Time(sec=1731187375, nanosec=165979449), frame_id='RL_myo')","geometry_msgs.msg.Quaternion(x=0.7913061808095541, y=0.5301824657907889, z=0.05951276814943808, w=0.2986625380053339)",[0. 0. 0. 0. 0. 0. 0. 0. 0.],"geometry_msgs.msg.Vector3(x=78.5625, y=128.5, z=-214.625)",[0. 0. 0. 0. 0. 0. 0. 0. 0.],"geometry_msgs.msg.Vector3(x=-0.46337890625, y=1.30859375, z=0.1669921875)",[0. 0. 0. 0. 0. 0. 0. 0. 0.],False,35.083593033,"[0.7913061808095541, 0.5301824657907889, 0.05951276814943808, 0.2986625380053339]","[78.5625, 128.5, -214.625]","[-0.46337890625, 1.30859375, 0.1669921875]"
13107532618,"std_msgs.msg.Header(stamp=builtin_interfaces.msg.Time(sec=1731187375, nanosec=194385860), frame_id='RL_myo')","geometry_msgs.msg.Quaternion(x=0.790689165214122, y=0.5370753407996804, z=0.10559612905823924, w=0.2742447444269763)",[0. 0. 0. 0. 0. 0. 0. 0. 0.],"geometry_msgs.msg.Vector3(x=115.25, y=119.6875, z=-237.4375)",[0. 0. 0. 0. 0. 0. 0. 0. 0.],"geometry_msgs.msg.Vector3(x=-0.4599609375, y=1.333984375, z=0.2490234375)",[0. 0. 0. 0. 0. 0. 0. 0. 0.],False,35.112277946,"[0.790689165214122, 0.5370753407996804, 0.10559612905823924, 0.2742447444269763]","[115.25, 119.6875, -237.4375]","[-0.4599609375, 1.333984375, 0.2490234375]"
13116413426,"std_msgs.msg.Header(stamp=builtin_interfaces.msg.Time(sec=1731187375, nanosec=203329624), frame_id='RL_myo')","geometry_msgs.msg.Quaternion(x=0.7833996586831883, y=0.5508336076014564, z=0.15345696913896956, w=0.24355342357378226)",[0. 0. 0. 0. 0. 0. 0. 0. 0.],"geometry_msgs.msg.Vector3(x=174.1875, y=102.625, z=-259.5625)",[0. 0. 0. 0. 0. 0. 0. 0. 0.],"geometry_msgs.msg.Vector3(x=-0.4169921875, y=1.10888671875, z=0.12109375)",[0. 0. 0. 0. 0. 0. 0. 0. 0.],False,35.121158754,"[0.7833996586831883, 0.5508336076014564, 0.15345696913896956, 0.24355342357378226]","[174.1875, 102.625, -259.5625]","[-0.4169921875, 1.10888671875, 0.12109375]"
13139058257,"std_msgs.msg.Header(stamp=builtin_interfaces.msg.Time(sec=1731187375, nanosec=225895588), frame_id='RL_myo')","geometry_msgs.msg.Quaternion(x=0.7701726546387682, y=0.5675888029391271, z=0.19934885798464233, w=0.21198364475831685)",[0. 0. 0. 0. 0. 0. 0. 0. 0.],"geometry_msgs.msg.Vector3(x=207.1875, y=92.5, z=-247.3125)",[0. 0. 0. 0. 0. 0. 0. 0. 0.],"geometry_msgs.msg.Vector3(x=-0.474609375, y=1.01611328125, z=0.17431640625)",[0. 0. 0. 0. 0. 0. 0. 0. 0.],False,35.143803585,"[0.7701726546387682, 0.5675888029391271, 0.19934885798464233, 0.21198364475831685]","[207.1875, 92.5, -247.3125]","[-0.474609375, 1.01611328125, 0.17431640625]"
13159953768,"std_msgs.msg.Header(stamp=builtin_interfaces.msg.Time(sec=1731187375, nanosec=246936186), frame_id='RL_myo')","geometry_msgs.msg.Quaternion(x=0.7526074872357957, y=0.5847509917046978, z=0.24421594131633567, w=0.17890450487332663)",[0. 0. 0. 0. 0. 0. 0. 0. 0.],"geometry_msgs.msg.Vector3(x=226.0625, y=88.875, z=-246.875)",[0. 0. 0. 0. 0. 0. 0. 0. 0.],"geometry_msgs.msg.Vector3(x=-0.4208984375, y=0.98681640625, z=0.23583984375)",[0. 0. 0. 0. 0. 0. 0. 0. 0.],False,35.164699096,"[0.7526074872357957, 0.5847509917046978, 0.24421594131633567, 0.17890450487332663]","[226.0625, 88.875, -246.875]","[-0.4208984375, 0.98681640625, 0.23583984375]"
13184310075,"std_msgs.msg.Header(stamp=builtin_interfaces.msg.Time(sec=1731187375, nanosec=271017530), frame_id='RL_myo')","geometry_msgs.msg.Quaternion(x=0.7325544928889661, y=0.5989466121245979, z=0.28735765310125416, w=0.1485006733210177)",[0. 0. 0. 0. 0. 0. 0. 0. 0.],"geometry_msgs.msg.Vector3(x=219.5625, y=97.625, z=-230.375)",[0. 0. 0. 0. 0. 0. 0. 0. 0.],"geometry_msgs.msg.Vector3(x=-0.5146484375, y=0.75390625, z=0.330078125)",[0. 0. 0. 0. 0. 0. 0. 0. 0.],False,35.189055403,"[0.7325544928889661, 0.5989466121245979, 0.28735765310125416, 0.1485006733210177]","[219.5625, 97.625, -230.375]","[-0.5146484375, 0.75390625, 0.330078125]"
13206059328,"std_msgs.msg.Header(stamp=builtin_interfaces.msg.Time(sec=1731187375, nanosec=292871637), frame_id='RL_myo')","geometry_msgs.msg.Quaternion(x=0.7114794631943062, y=0.6093599417526389, z=0.3271120833268949, w=0.12439903448781708)",[0. 0. 0. 0. 0. 0. 0. 0. 0.],"geometry_msgs.msg.Vector3(x=196.0, y=111.375, z=-195.125)",[0. 0. 0. 0. 0. 0. 0. 0. 0.],"geometry_msgs.msg.Vector3(x=-0.73486328125, y=0.8076171875, z=0.4013671875)",[0. 0. 0. 0. 0. 0. 0. 0. 0.],False,35.210804656,"[0.7114794631943062, 0.6093599417526389, 0.3271120833268949, 0.12439903448781708]","[196.0, 111.375, -195.125]","[-0.73486328125, 0.8076171875, 0.4013671875]"
13211934655,"std_msgs.msg.Header(stamp=builtin_interfaces.msg.Time(sec=1731187375, nanosec=298847011), frame_id='RL_myo')","geometry_msgs.msg.Quaternion(x=0.6902717301076451, y=0.619895630999491, z=0.3581673456779257, w=0.10474014403260404)",[0. 0. 0. 0. 0. 0. 0. 0. 0.],"geometry_msgs.msg.Vector3(x=184.375, y=93.25, z=-146.0625)",[0. 0. 0. 0. 0. 0. 0. 0. 0.],"geometry_msgs.msg.Vector3(x=-0.8212890625, y=0.857421875, z=0.4775390625)",[0. 0. 0. 0. 0. 0. 0. 0. 0.],False,35.216679983,"[0.6902717301076451, 0.619895630999491, 0.3581673456779257, 0.10474014403260404]","[184.375, 93.25, -146.0625]","[-0.8212890625, 0.857421875, 0.4775390625]"
13234993815,"std_msgs.msg.Header(stamp=builtin_interfaces.msg.Time(sec=1731187375, nanosec=322015370), frame_id='RL_myo')","geometry_msgs.msg.Quaternion(x=0.6697150326657444, y=0.6322983980481632, z=0.3800260475188594, w=0.08520982369680817)",[0. 0. 0. 0. 0. 0. 0. 0. 0.],"geometry_msgs.msg.Vector3(x=182.9375, y=55.125, z=-110.8125)",[0. 0. 0. 0. 0. 0. 0. 0. 0.],"geometry_msgs.msg.Vector3(x=-0.734375, y=0.74658203125, z=0.41162109375)",[0. 0. 0. 0. 0. 0. 0. 0. 0.],False,35.239739143,"[0.6697150326657444, 0.6322983980481632, 0.3800260475188594, 0.08520982369680817]","[182.9375, 55.125, -110.8125]","[-0.734375, 0.74658203125, 0.41162109375]"
13249426861,"std_msgs.msg.Header(stamp=builtin_interfaces.msg.Time(sec=1731187375, nanosec=336333732), frame_id='RL_myo')","geometry_msgs.msg.Quaternion(x=0.652694195343552, y=0.6449421928364323, z=0.39187288264337455, w=0.06689917124254494)",[0. 0. 0. 0. 0. 0. 0. 0. 0.],"geometry_msgs.msg.Vector3(x=162.5, y=13.6875, z=-72.9375)",[0. 0. 0. 0. 0. 0. 0. 0. 0.],"geometry_msgs.msg.Vector3(x=-0.6162109375, y=0.6923828125, z=0.3076171875)",[0. 0. 0. 0. 0. 0. 0. 0. 0.],False,35.254172189,"[0.652694195343552, 0.6449421928364323, 0.39187288264337455, 0.06689917124254494]","[162.5, 13.6875, -72.9375]","[-0.6162109375, 0.6923828125, 0.3076171875]"
13272153557,"std_msgs.msg.Header(stamp=builtin_interfaces.msg.Time(sec=1731187375, nanosec=358947000), frame_id='RL_myo')","geometry_msgs.msg.Quaternion(x=0.6411891009125672, y=0.6563872052559493, z=0.3940520547826305, w=0.05249144472011497)",[0. 0. 0. 0. 0. 0. 0. 0. 0.],"geometry_msgs.msg.Vector3(x=124.625, y=-20.25, z=-29.1875)",[0. 0. 0. 0. 0. 0. 0. 0. 0.],"geometry_msgs.msg.Vector3(x=-0.4892578125, y=0.6591796875, z=0.26708984375)",[0. 0. 0. 0. 0. 0. 0. 0. 0.],False,35.276898885,"[0.6411891009125672, 0.6563872052559493, 0.3940520547826305, 0.05249144472011497]","[124.625, -20.25, -29.1875]","[-0.4892578125, 0.6591796875, 0.26708984375]"
13294926293,"std_msgs.msg.Header(stamp=builtin_interfaces.msg.Time(sec=1731187375, nanosec=381975616), frame_id='RL_myo')","geometry_msgs.msg.Quaternion(x=0.6300906798138852, y=0.6706196163048684, z=0.3892975255112816, w=0.04126138715045882)",[0. 0. 0. 0. 0. 0. 0. 0. 0.],"geometry_msgs.msg.Vector3(x=121.9375, y=-36.8125, z=12.6875)",[0. 0. 0. 0. 0. 0. 0. 0. 0.],"geometry_msgs.msg.Vector3(x=-0.357421875, y=0.65576171875, z=0.10986328125)",[0. 0. 0. 0. 0. 0. 0. 0. 0.],False,35.299671621,"[0.6300906798138852, 0.6706196163048684, 0.3892975255112816, 0.04126138715045882]","[121.9375, -36.8125, 12.6875]","[-0.357421875, 0.65576171875, 0.10986328125]"
13318412740,"std_msgs.msg.Header(stamp=builtin_interfaces.msg.Time(sec=1731187375, nanosec=405177002), frame_id='RL_myo')","geometry_msgs.msg.Quaternion(x=0.6252222571148729, y=0.6813170783868214, z=0.37917413464781713, w=0.03363247717175583)",[0. 0. 0. 0. 0. 0. 0. 0. 0.],"geometry_msgs.msg.Vector3(x=92.125, y=-50.3125, z=24.8125)",[0. 0. 0. 0. 0. 0. 0. 0. 0.],"geometry_msgs.msg.Vector3(x=-0.16796875, y=0.7333984375, z=0.14990234375)",[0. 0. 0. 0. 0. 0. 0. 0. 0.],False,35.323158068,"[0.6252222571148729, 0.6813170783868214, 0.37917413464781713, 0.03363247717175583]","[92.125, -50.3125, 24.8125]","[-0.16796875, 0.7333984375, 0.14990234375]"
13341393657,"std_msgs.msg.Header(stamp=builtin_interfaces.msg.Time(sec=1731187375, nanosec=428182663), frame_id='RL_myo')","geometry_msgs.msg.Quaternion(x=0.6259550373662928, y=0.6865057343011891, z=0.3689197704380179, w=0.02807794414319792)",[0. 0. 0. 0. 0. 0. 0. 0. 0.],"geometry_msgs.msg.Vector3(x=48.875, y=-55.0, z=11.0)",[0. 0. 0. 0. 0. 0. 0. 0. 0.],"geometry_msgs.msg.Vector3(x=-0.0419921875, y=0.77783203125, z=0.18310546875)",[0. 0. 0. 0. 0. 0. 0. 0. 0.],False,35.346138985,"[0.6259550373662928, 0.6865057343011891, 0.3689197704380179, 0.02807794414319792]","[48.875, -55.0, 11.0]","[-0.0419921875, 0.77783203125, 0.18310546875]"
13354893863,"std_msgs.msg.Header(stamp=builtin_interfaces.msg.Time(sec=1731187375, nanosec=441966783), frame_id='RL_myo')","geometry_msgs.msg.Quaternion(x=0.6291847120539429, y=0.6896738515228464, z=0.3576244885452126, w=0.024110201907383336)",[0. 0. 0. 0. 0. 0. 0. 0. 0.],"geometry_msgs.msg.Vector3(x=19.25, y=-60.625, z=20.125)",[0. 0. 0. 0. 0. 0. 0. 0. 0.],"geometry_msgs.msg.Vector3(x=-0.06591796875, y=0.69921875, z=0.060546875)",[0. 0. 0. 0. 0. 0. 0. 0. 0.],False,35.359639191,"[0.6291847120539429, 0.6896738515228464, 0.3576244885452126, 0.024110201907383336]","[19.25, -60.625, 20.125]","[-0.06591796875, 0.69921875, 0.060546875]"
13378281016,"std_msgs.msg.Header(stamp=builtin_interfaces.msg.Time(sec=1731187375, nanosec=465212818), frame_id='RL_myo')","geometry_msgs.msg.Quaternion(x=0.6307632491002321, y=0.6957683642823249, z=0.342787536960219, w=0.02325535106514306)",[0. 0. 0. 0. 0. 0. 0. 0. 0.],"geometry_msgs.msg.Vector3(x=18.0625, y=-63.4375, z=52.25)",[0. 0. 0. 0. 0. 0. 0. 0. 0.],"geometry_msgs.msg.Vector3(x=-0.013671875, y=0.5947265625, z=-0.0966796875)",[0. 0. 0. 0. 0. 0. 0. 0. 0.],False,35.383026344,"[0.6307632491002321, 0.6957683642823249, 0.342787536960219, 0.02325535106514306]","[18.0625, -63.4375, 52.25]","[-0.013671875, 0.5947265625, -0.0966796875]"
13391835050,"std_msgs.msg.Header(stamp=builtin_interfaces.msg.Time(sec=1731187375, nanosec=478814292), frame_id='RL_myo')","geometry_msgs.msg.Quaternion(x=0.6305369896346952, y=0.7051271349719263, z=0.3233256954593398, w=0.026063823288868814)",[0. 0. 0. 0. 0. 0. 0. 0. 0.],"geometry_msgs.msg.Vector3(x=25.1875, y=-65.3125, z=84.8125)",[0. 0. 0. 0. 0. 0. 0. 0. 0.],"geometry_msgs.msg.Vector3(x=0.0751953125, y=0.63720703125, z=-0.1728515625)",[0. 0. 0. 0. 0. 0. 0. 0. 0.],False,35.396580378,"[0.6305369896346952, 0.7051271349719263, 0.3233256954593398, 0.026063823288868814]","[25.1875, -65.3125, 84.8125]","[0.0751953125, 0.63720703125, -0.1728515625]"
13415357077,"std_msgs.msg.Header(stamp=builtin_interfaces.msg.Time(sec=1731187375, nanosec=502133050), frame_id='RL_myo')","geometry_msgs.msg.Quaternion(x=0.6291736163066244, y=0.715053251361283, z=0.30305073777283564, w=0.031617378079824544)",[0. 0. 0. 0. 0. 0. 0. 0. 0.],"geometry_msgs.msg.Vector3(x=25.8125, y=-57.625, z=90.125)",[0. 0. 0. 0. 0. 0. 0. 0. 0.],"geometry_msgs.msg.Vector3(x=0.2265625, y=0.6806640625, z=-0.19287109375)",[0. 0. 0. 0. 0. 0. 0. 0. 0.],False,35.420102405,"[0.6291736163066244, 0.715053251361283, 0.30305073777283564, 0.031617378079824544]","[25.8125, -57.625, 90.125]","[0.2265625, 0.6806640625, -0.19287109375]"
13429490317,"std_msgs.msg.Header(stamp=builtin_interfaces.msg.Time(sec=1731187375, nanosec=516365109), frame_id='RL_myo')","geometry_msgs.msg.Quaternion(x=0.6286348691557527, y=0.7226340631066082, z=0.28486638842119605, w=0.038332138831907246)",[0. 0. 0. 0. 0. 0. 0. 0. 0.],"geometry_msgs.msg.Vector3(x=9.0, y=-48.25, z=77.0625)",[0. 0. 0. 0. 0. 0. 0. 0. 0.],"geometry_msgs.msg.Vector3(x=0.2822265625, y=0.7744140625, z=-0.2626953125)",[0. 0. 0. 0. 0. 0. 0. 0. 0.],False,35.434235645,"[0.6286348691557527, 0.7226340631066082, 0.28486638842119605, 0.038332138831907246]","[9.0, -48.25, 77.0625]","[0.2822265625, 0.7744140625, -0.2626953125]"
13451818072,"std_msgs.msg.Header(stamp=builtin_interfaces.msg.Time(sec=1731187375, nanosec=538766842), frame_id='RL_myo')","geometry_msgs.msg.Quaternion(x=0.6241687731335027, y=0.7322660640800539, z=0.2686867728665831, w=0.04480147462155202)",[0. 0. 0. 0. 0. 0. 0. 0. 0.],"geometry_msgs.msg.Vector3(x=24.0625, y=-36.9375, z=80.125)",[0. 0. 0. 0. 0. 0. 0. 0. 0.],"geometry_msgs.msg.Vector3(x=0.19384765625, y=0.751953125, z=-0.4072265625)",[0. 0. 0. 0. 0. 0. 0. 0. 0.],False,35.4565634,"[0.6241687731335027, 0.7322660640800539, 0.2686867728665831, 0.04480147462155202]","[24.0625, -36.9375, 80.125]","[0.19384765625, 0.751953125, -0.4072265625]"
13475804359,"std_msgs.msg.Header(stamp=builtin_interfaces.msg.Time(sec=1731187375, nanosec=562669026), frame_id='RL_myo')","geometry_msgs.msg.Quaternion(x=0.6192853783270398, y=0.7418484612839387, z=0.2515961294563432, w=0.05334668053004463)",[0. 0. 0. 0. 0. 0. 0. 0. 0.],"geometry_msgs.msg.Vector3(x=22.8125, y=-28.4375, z=99.75)",[0. 0. 0. 0. 0. 0. 0. 0. 0.],"geometry_msgs.msg.Vector3(x=0.10009765625, y=0.7158203125, z=-0.39208984375)",[0. 0. 0. 0. 0. 0. 0. 0. 0.],False,35.480549687,"[0.6192853783270398, 0.7418484612839387, 0.2515961294563432, 0.05334668053004463]","[22.8125, -28.4375, 99.75]","[0.10009765625, 0.7158203125, -0.39208984375]"
13489423988,"std_msgs.msg.Header(stamp=builtin_interfaces.msg.Time(sec=1731187375, nanosec=576237730), frame_id='RL_myo')","geometry_msgs.msg.Quaternion(x=0.61635939650984, y=0.7489944696546095, z=0.23493437484317428, w=0.06256371374753278)",[0. 0. 0. 0. 0. 0. 0. 0. 0.],"geometry_msgs.msg.Vector3(x=5.125, y=-26.0, z=95.5)",[0. 0. 0. 0. 0. 0. 0. 0. 0.],"geometry_msgs.msg.Vector3(x=0.13232421875, y=0.74658203125, z=-0.40234375)",[0. 0. 0. 0. 0. 0. 0. 0. 0.],False,35.494169316,"[0.61635939650984, 0.7489944696546095, 0.23493437484317428, 0.06256371374753278]","[5.125, -26.0, 95.5]","[0.13232421875, 0.74658203125, -0.40234375]"
13520023707,"std_msgs.msg.Header(stamp=builtin_interfaces.msg.Time(sec=1731187375, nanosec=606893808), frame_id='RL_myo')","geometry_msgs.msg.Quaternion(x=0.6129915547453669, y=0.7547798034433144, z=0.22327224009345337, w=0.06854421148850413)",[0. 0. 0. 0. 0. 0. 0. 0. 0.],"geometry_msgs.msg.Vector3(x=5.625, y=-21.3125, z=59.5)",[0. 0. 0. 0. 0. 0. 0. 0. 0.],"geometry_msgs.msg.Vector3(x=0.16357421875, y=0.79296875, z=-0.44921875)",[0. 0. 0. 0. 0. 0. 0. 0. 0.],False,35.524769035,"[0.6129915547453669, 0.7547798034433144, 0.22327224009345337, 0.06854421148850413]","[5.625, -21.3125, 59.5]","[0.16357421875, 0.79296875, -0.44921875]"
13543654905,"std_msgs.msg.Header(stamp=builtin_interfaces.msg.Time(sec=1731187375, nanosec=630432012), frame_id='RL_myo')","geometry_msgs.msg.Quaternion(x=0.6080659045508325, y=0.7609674394735224, z=0.21467253426071856, w=0.07141508816748385)",[0. 0. 0. 0. 0. 0. 0. 0. 0.],"geometry_msgs.msg.Vector3(x=18.1875, y=-19.9375, z=44.625)",[0. 0. 0. 0. 0. 0. 0. 0. 0.],"geometry_msgs.msg.Vector3(x=0.048828125, y=0.859375, z=-0.49072265625)",[0. 0. 0. 0. 0. 0. 0. 0. 0.],False,35.548400233,"[0.6080659045508325, 0.7609674394735224, 0.21467253426071856, 0.07141508816748385]","[18.1875, -19.9375, 44.625]","[0.048828125, 0.859375, -0.49072265625]"
13549255643,"std_msgs.msg.Header(stamp=builtin_interfaces.msg.Time(sec=1731187375, nanosec=636370764), frame_id='RL_myo')","geometry_msgs.msg.Quaternion(x=0.6034886337235501, y=0.7669500033110557, z=0.20484554008053343, w=0.0750164388435565)",[0. 0. 0. 0. 0. 0. 0. 0. 0.],"geometry_msgs.msg.Vector3(x=16.5625, y=-19.3125, z=59.375)",[0. 0. 0. 0. 0. 0. 0. 0. 0.],"geometry_msgs.msg.Vector3(x=-0.04248046875, y=0.8857421875, z=-0.4775390625)",[0. 0. 0. 0. 0. 0. 0. 0. 0.],False,35.554000971,"[0.6034886337235501, 0.7669500033110557, 0.20484554008053343, 0.0750164388435565]","[16.5625, -19.3125, 59.375]","[-0.04248046875, 0.8857421875, -0.4775390625]"
13571885989,"std_msgs.msg.Header(stamp=builtin_interfaces.msg.Time(sec=1731187375, nanosec=658858736), frame_id='RL_myo')","geometry_msgs.msg.Quaternion(x=0.5996986983866095, y=0.7717038823106264, z=0.19696974042682838, w=0.07770141913955765)",[0. 0. 0. 0. 0. 0. 0. 0. 0.],"geometry_msgs.msg.Vector3(x=16.4375, y=-16.0625, z=44.4375)",[0. 0. 0. 0. 0. 0. 0. 0. 0.],"geometry_msgs.msg.Vector3(x=-0.01953125, y=0.921875, z=-0.40771484375)",[0. 0. 0. 0. 0. 0. 0. 0. 0.],False,35.576631317,"[0.5996986983866095, 0.7717038823106264, 0.19696974042682838, 0.07770141913955765]","[16.4375, -16.0625, 44.4375]","[-0.01953125, 0.921875, -0.40771484375]"
13594576933,"std_msgs.msg.Header(stamp=builtin_interfaces.msg.Time(sec=1731187375, nanosec=681423506), frame_id='RL_myo')","geometry_msgs.msg.Quaternion(x=0.595350800211844, y=0.7755918206163523, z=0.19458461667781, w=0.07843200515401061)",[0. 0. 0. 0. 0. 0. 0. 0. 0.],"geometry_msgs.msg.Vector3(x=26.8125, y=-3.875, z=14.4375)",[0. 0. 0. 0. 0. 0. 0. 0. 0.],"geometry_msgs.msg.Vector3(x=-0.041015625, y=1.017578125, z=-0.35546875)",[0. 0. 0. 0. 0. 0. 0. 0. 0.],False,35.599322261,"[0.595350800211844, 0.7755918206163523, 0.19458461667781, 0.07843200515401061]","[26.8125, -3.875, 14.4375]","[-0.041015625, 1.017578125, -0.35546875]"
13617003500,"std_msgs.msg.Header(stamp=builtin_interfaces.msg.Time(sec=1731187375, nanosec=703917507), frame_id='RL_myo')","geometry_msgs.msg.Quaternion(x=0.593771693204976, y=0.7770669640411749, z=0.1931222900185592, w=0.07940963947981844)",[0. 0. 0. 0. 0. 0. 0. 0. 0.],"geometry_msgs.msg.Vector3(x=7.625, y=0.875, z=13.9375)",[0. 0. 0. 0. 0. 0. 0. 0. 0.],"geometry_msgs.msg.Vector3(x=-0.14892578125, y=1.0849609375, z=-0.3583984375)",[0. 0. 0. 0. 0. 0. 0. 0. 0.],False,35.621748828,"[0.593771693204976, 0.7770669640411749, 0.1931222900185592, 0.07940963947981844]","[7.625, 0.875, 13.9375]","[-0.14892578125, 1.0849609375, -0.3583984375]"
13631978110,"std_msgs.msg.Header(stamp=builtin_interfaces.msg.Time(sec=1731187375, nanosec=718941005), frame_id='RL_myo')","geometry_msgs.msg.Quaternion(x=0.5947674953021986, y=0.7772141335881461, z=0.1878791410652881, w=0.08301352561689143)",[0. 0. 0. 0. 0. 0. 0. 0. 0.],"geometry_msgs.msg.Vector3(x=-16.9375, y=-2.3125, z=39.8125)",[0. 0. 0. 0. 0. 0. 0. 0. 0.],"geometry_msgs.msg.Vector3(x=-0.1611328125, y=0.94580078125, z=-0.373046875)",[0. 0. 0. 0. 0. 0. 0. 0. 0.],False,35.636723438,"[0.5947674953021986, 0.7772141335881461, 0.1878791410652881, 0.08301352561689143]","[-16.9375, -2.3125, 39.8125]","[-0.1611328125, 0.94580078125, -0.373046875]"
13654550064,"std_msgs.msg.Header(stamp=builtin_interfaces.msg.Time(sec=1731187375, nanosec=741362963), frame_id='RL_myo')","geometry_msgs.msg.Quaternion(x=0.5967709604183948, y=0.7767117184539301, z=0.18030698752950172, w=0.08984830251977878)",[0. 0. 0. 0. 0. 0. 0. 0. 0.],"geometry_msgs.msg.Vector3(x=-16.1875, y=1.5, z=50.4375)",[0. 0. 0. 0. 0. 0. 0. 0. 0.],"geometry_msgs.msg.Vector3(x=0.01220703125, y=0.7890625, z=-0.1435546875)",[0. 0. 0. 0. 0. 0. 0. 0. 0.],False,35.659295392,"[0.5967709604183948, 0.7767117184539301, 0.18030698752950172, 0.08984830251977878]","[-16.1875, 1.5, 50.4375]","[0.01220703125, 0.7890625, -0.1435546875]"
13669613119,"std_msgs.msg.Header(stamp=builtin_interfaces.msg.Time(sec=1731187375, nanosec=756495952), frame_id='RL_myo')","geometry_msgs.msg.Quaternion(x=0.5960459806917298, y=0.7774539330333397, z=0.17762353341658305, w=0.0935117708571152)",[0. 0. 0. 0. 0. 0. 0. 0. 0.],"geometry_msgs.msg.Vector3(x=-1.25, y=8.0625, z=28.3125)",[0. 0. 0. 0. 0. 0. 0. 0. 0.],"geometry_msgs.msg.Vector3(x=-0.1103515625, y=1.00537109375, z=-0.31103515625)",[0. 0. 0. 0. 0. 0. 0. 0. 0.],False,35.674358447,"[0.5960459806917298, 0.7774539330333397, 0.17762353341658305, 0.0935117708571152]","[-1.25, 8.0625, 28.3125]","[-0.1103515625, 1.00537109375, -0.31103515625]"
13691780770,"std_msgs.msg.Header(stamp=builtin_interfaces.msg.Time(sec=1731187375, nanosec=778887318), frame_id='RL_myo')","geometry_msgs.msg.Quaternion(x=0.5901086036147322, y=0.7820098706570074, z=0.17883928512527567, w=0.09082350043222191)",[0. 0. 0. 0. 0. 0. 0. 0. 0.],"geometry_msgs.msg.Vector3(x=50.3125, y=-4.3125, z=-9.0625)",[0. 0. 0. 0. 0. 0. 0. 0. 0.],"geometry_msgs.msg.Vector3(x=-0.05029296875, y=1.15087890625, z=-0.27490234375)",[0. 0. 0. 0. 0. 0. 0. 0. 0.],False,35.696526098,"[0.5901086036147322, 0.7820098706570074, 0.17883928512527567, 0.09082350043222191]","[50.3125, -4.3125, -9.0625]","[-0.05029296875, 1.15087890625, -0.27490234375]"
13714431599,"std_msgs.msg.Header(stamp=builtin_interfaces.msg.Time(sec=1731187375, nanosec=801336385), frame_id='RL_myo')","geometry_msgs.msg.Quaternion(x=0.5812733609492502, y=0.7887445521564854, z=0.1789660290143024, w=0.08929989783353492)",[0. 0. 0. 0. 0. 0. 0. 0. 0.],"geometry_msgs.msg.Vector3(x=59.625, y=-0.75, z=7.5)",[0. 0. 0. 0. 0. 0. 0. 0. 0.],"geometry_msgs.msg.Vector3(x=-0.1005859375, y=1.0751953125, z=-0.41455078125)",[0. 0. 0. 0. 0. 0. 0. 0. 0.],False,35.719176927,"[0.5812733609492502, 0.7887445521564854, 0.1789660290143024, 0.08929989783353492]","[59.625, -0.75, 7.5]","[-0.1005859375, 1.0751953125, -0.41455078125]"
13729493858,"std_msgs.msg.Header(stamp=builtin_interfaces.msg.Time(sec=1731187375, nanosec=816446365), frame_id='RL_myo')","geometry_msgs.msg.Quaternion(x=0.5734307969046336, y=0.795051576421475, z=0.1758439729518094, w=0.090271862546243)",[0. 0. 0. 0. 0. 0. 0. 0. 0.],"geometry_msgs.msg.Vector3(x=43.625, y=-0.9375, z=31.1875)",[0. 0. 0. 0. 0. 0. 0. 0. 0.],"geometry_msgs.msg.Vector3(x=-0.11181640625, y=0.98388671875, z=-0.49169921875)",[0. 0. 0. 0. 0. 0. 0. 0. 0.],False,35.734239186,"[0.5734307969046336, 0.795051576421475, 0.1758439729518094, 0.090271862546243]","[43.625, -0.9375, 31.1875]","[-0.11181640625, 0.98388671875, -0.49169921875]"
13752106904,"std_msgs.msg.Header(stamp=builtin_interfaces.msg.Time(sec=1731187375, nanosec=838977139), frame_id='RL_myo')","geometry_msgs.msg.Quaternion(x=0.5675088658573304, y=0.8002985856228562, z=0.17236449098527654, w=0.0880133130314337)",[0. 0. 0. 0. 0. 0. 0. 0. 0.],"geometry_msgs.msg.Vector3(x=39.25, y=-17.4375, z=20.5625)",[0. 0. 0. 0. 0. 0. 0. 0. 0.],"geometry_msgs.msg.Vector3(x=-0.13427734375, y=1.3408203125, z=-0.56640625)",[0. 0. 0. 0. 0. 0. 0. 0. 0.],False,35.756852232,"[0.5675088658573304, 0.8002985856228562, 0.17236449098527654, 0.0880133130314337]","[39.25, -17.4375, 20.5625]","[-0.13427734375, 1.3408203125, -0.56640625]"
13774649361,"std_msgs.msg.Header(stamp=builtin_interfaces.msg.Time(sec=1731187375, nanosec=861501069), frame_id='RL_myo')","geometry_msgs.msg.Quaternion(x=0.5638749901795386, y=0.80406205300228, z=0.16913808159639548, w=0.08319567131572972)",[0. 0. 0. 0. 0. 0. 0. 0. 0.],"geometry_msgs.msg.Vector3(x=29.5, y=-29.625, z=8.875)",[0. 0. 0. 0. 0. 0. 0. 0. 0.],"geometry_msgs.msg.Vector3(x=-0.130859375, y=1.07421875, z=-0.4375)",[0. 0. 0. 0. 0. 0. 0. 0. 0.],False,35.779394689,"[0.5638749901795386, 0.80406205300228, 0.16913808159639548, 0.08319567131572972]","[29.5, -29.625, 8.875]","[-0.130859375, 1.07421875, -0.4375]"
13789683046,"std_msgs.msg.Header(stamp=builtin_interfaces.msg.Time(sec=1731187375, nanosec=876547405), frame_id='RL_myo')","geometry_msgs.msg.Quaternion(x=0.5656279623892319, y=0.8041597501325272, z=0.16247994344233682, w=0.08362040665514704)",[0. 0. 0. 0. 0. 0. 0. 0. 0.],"geometry_msgs.msg.Vector3(x=-15.6875, y=-21.25, z=31.8125)",[0. 0. 0. 0. 0. 0. 0. 0. 0.],"geometry_msgs.msg.Vector3(x=-0.05908203125, y=0.95458984375, z=-0.41796875)",[0. 0. 0. 0. 0. 0. 0. 0. 0.],False,35.794428374,"[0.5656279623892319, 0.8041597501325272, 0.16247994344233682, 0.08362040665514704]","[-15.6875, -21.25, 31.8125]","[-0.05908203125, 0.95458984375, -0.41796875]"
13811752617,"std_msgs.msg.Header(stamp=builtin_interfaces.msg.Time(sec=1731187375, nanosec=898883796), frame_id='RL_myo')","geometry_msgs.msg.Quaternion(x=0.5691830396531429, y=0.8028380182903795, z=0.15485440982305881, w=0.08661348346035494)",[0. 0. 0. 0. 0. 0. 0. 0. 0.],"geometry_msgs.msg.Vector3(x=-23.5625, y=-14.375, z=39.5)",[0. 0. 0. 0. 0. 0. 0. 0. 0.],"geometry_msgs.msg.Vector3(x=-0.0009765625, y=0.93896484375, z=-0.28173828125)",[0. 0. 0. 0. 0. 0. 0. 0. 0.],False,35.816497945,"[0.5691830396531429, 0.8028380182903795, 0.15485440982305881, 0.08661348346035494]","[-23.5625, -14.375, 39.5]","[-0.0009765625, 0.93896484375, -0.28173828125]"
13834571285,"std_msgs.msg.Header(stamp=builtin_interfaces.msg.Time(sec=1731187375, nanosec=921439005), frame_id='RL_myo')","geometry_msgs.msg.Quaternion(x=0.5729111822706444, y=0.8010135781949357, z=0.14832454431255762, w=0.09027654363714928)",[0. 0. 0. 0. 0. 0. 0. 0. 0.],"geometry_msgs.msg.Vector3(x=-30.125, y=-6.125, z=40.0)",[0. 0. 0. 0. 0. 0. 0. 0. 0.],"geometry_msgs.msg.Vector3(x=-0.048828125, y=0.9453125, z=-0.3359375)",[0. 0. 0. 0. 0. 0. 0. 0. 0.],False,35.839316613,"[0.5729111822706444, 0.8010135781949357, 0.14832454431255762, 0.09027654363714928]","[-30.125, -6.125, 40.0]","[-0.048828125, 0.9453125, -0.3359375]"
13849504850,"std_msgs.msg.Header(stamp=builtin_interfaces.msg.Time(sec=1731187375, nanosec=936473958), frame_id='RL_myo')","geometry_msgs.msg.Quaternion(x=0.5732498102963073, y=0.8012801862829985, z=0.14416695612434813, w=0.09246949133293286)",[0. 0. 0. 0. 0. 0. 0. 0. 0.],"geometry_msgs.msg.Vector3(x=-4.875, y=-2.5, z=31.3125)",[0. 0. 0. 0. 0. 0. 0. 0. 0.],"geometry_msgs.msg.Vector3(x=-0.09326171875, y=0.962890625, z=-0.33544921875)",[0. 0. 0. 0. 0. 0. 0. 0. 0.],False,35.854250178,"[0.5732498102963073, 0.8012801862829985, 0.14416695612434813, 0.09246949133293286]","[-4.875, -2.5, 31.3125]","[-0.09326171875, 0.962890625, -0.33544921875]"
13871826051,"std_msgs.msg.Header(stamp=builtin_interfaces.msg.Time(sec=1731187375, nanosec=958838572), frame_id='RL_myo')","geometry_msgs.msg.Quaternion(x=0.5695375370031007, y=0.8041032592947004, z=0.14252171781183584, w=0.09344785865949494)",[0. 0. 0. 0. 0. 0. 0. 0. 0.],"geometry_msgs.msg.Vector3(x=23.5, y=3.1875, z=21.875)",[0. 0. 0. 0. 0. 0. 0. 0. 0.],"geometry_msgs.msg.Vector3(x=-0.1142578125, y=0.8681640625, z=-0.32421875)",[0. 0. 0. 0. 0. 0. 0. 0. 0.],False,35.876571379,"[0.5695375370031007, 0.8041032592947004, 0.14252171781183584, 0.09344785865949494]","[23.5, 3.1875, 21.875]","[-0.1142578125, 0.8681640625, -0.32421875]"
13905963338,"std_msgs.msg.Header(stamp=builtin_interfaces.msg.Time(sec=1731187375, nanosec=993033675), frame_id='RL_myo')","geometry_msgs.msg.Quaternion(x=0.5634428589322149, y=0.8085719371980339, z=0.14221881283848561, w=0.0922896330522705)",[0. 0. 0. 0. 0. 0. 0. 0. 0.],"geometry_msgs.msg.Vector3(x=43.6875, y=0.4375, z=16.3125)",[0. 0. 0. 0. 0. 0. 0. 0. 0.],"geometry_msgs.msg.Vector3(x=-0.19287109375, y=1.0849609375, z=-0.39599609375)",[0. 0. 0. 0. 0. 0. 0. 0. 0.],False,35.910708666,"[0.5634428589322149, 0.8085719371980339, 0.14221881283848561, 0.0922896330522705]","[43.6875, 0.4375, 16.3125]","[-0.19287109375, 1.0849609375, -0.39599609375]"
13910856049,"std_msgs.msg.Header(stamp=builtin_interfaces.msg.Time(sec=1731187375, nanosec=997846203), frame_id='RL_myo')","geometry_msgs.msg.Quaternion(x=0.5592454065727792, y=0.8118885781297245, z=0.14356529101278942, w=0.08643216499749568)",[0. 0. 0. 0. 0. 0. 0. 0. 0.],"geometry_msgs.msg.Vector3(x=31.3125, y=-15.875, z=-5.5)",[0. 0. 0. 0. 0. 0. 0. 0. 0.],"geometry_msgs.msg.Vector3(x=-0.24658203125, y=1.2001953125, z=-0.5283203125)",[0. 0. 0. 0. 0. 0. 0. 0. 0.],False,35.915601377,"[0.5592454065727792, 0.8118885781297245, 0.14356529101278942, 0.08643216499749568]","[31.3125, -15.875, -5.5]","[-0.24658203125, 1.2001953125, -0.5283203125]"
13931954735,"std_msgs.msg.Header(stamp=builtin_interfaces.msg.Time(sec=1731187376, nanosec=18945488), frame_id='RL_myo')","geometry_msgs.msg.Quaternion(x=0.5614683666659565, y=0.810799628523814, z=0.14465485694078886, w=0.08020104726590573)",[0. 0. 0. 0. 0. 0. 0. 0. 0.],"geometry_msgs.msg.Vector3(x=-0.625, y=-26.8125, z=-28.0625)",[0. 0. 0. 0. 0. 0. 0. 0. 0.],"geometry_msgs.msg.Vector3(x=-0.03564453125, y=1.423828125, z=-0.431640625)",[0. 0. 0. 0. 0. 0. 0. 0. 0.],False,35.936700063,"[0.5614683666659565, 0.810799628523814, 0.14465485694078886, 0.08020104726590573]","[-0.625, -26.8125, -28.0625]","[-0.03564453125, 1.423828125, -0.431640625]"
13949860162,"std_msgs.msg.Header(stamp=builtin_interfaces.msg.Time(sec=1731187376, nanosec=36837136), frame_id='RL_myo')","geometry_msgs.msg.Quaternion(x=0.5697756326593192, y=0.8043998996054812, z=0.1494173271290855, w=0.0772721961378359)",[0. 0. 0. 0. 0. 0. 0. 0. 0.],"geometry_msgs.msg.Vector3(x=-44.75, y=-6.6875, z=-53.4375)",[0. 0. 0. 0. 0. 0. 0. 0. 0.],"geometry_msgs.msg.Vector3(x=0.12890625, y=1.34130859375, z=-0.33544921875)",[0. 0. 0. 0. 0. 0. 0. 0. 0.],False,35.95460549,"[0.5697756326593192, 0.8043998996054812, 0.1494173271290855, 0.0772721961378359]","[-44.75, -6.6875, -53.4375]","[0.12890625, 1.34130859375, -0.33544921875]"
13972292488,"std_msgs.msg.Header(stamp=builtin_interfaces.msg.Time(sec=1731187376, nanosec=59228723), frame_id='RL_myo')","geometry_msgs.msg.Quaternion(x=0.5785704148407647, y=0.7965338024762083, z=0.15771979659758792, w=0.07690671196322012)",[0. 0. 0. 0. 0. 0. 0. 0. 0.],"geometry_msgs.msg.Vector3(x=-53.8125, y=18.5, z=-59.4375)",[0. 0. 0. 0. 0. 0. 0. 0. 0.],"geometry_msgs.msg.Vector3(x=0.06494140625, y=1.1630859375, z=-0.26513671875)",[0. 0. 0. 0. 0. 0. 0. 0. 0.],False,35.977037816,"[0.5785704148407647, 0.7965338024762083, 0.15771979659758792, 0.07690671196322012]","[-53.8125, 18.5, -59.4375]","[0.06494140625, 1.1630859375, -0.26513671875]"
13992055436,"std_msgs.msg.Header(stamp=builtin_interfaces.msg.Time(sec=1731187376, nanosec=78993883), frame_id='RL_myo')","geometry_msgs.msg.Quaternion(x=0.5825409769114063, y=0.7911668213249841, z=0.17005020554014855, w=0.07605260448780513)",[0. 0. 0. 0. 0. 0. 0. 0. 0.],"geometry_msgs.msg.Vector3(x=-23.75, y=35.0, z=-70.375)",[0. 0. 0. 0. 0. 0. 0. 0. 0.],"geometry_msgs.msg.Vector3(x=-0.017578125, y=1.0458984375, z=-0.24951171875)",[0. 0. 0. 0. 0. 0. 0. 0. 0.],False,35.996800764,"[0.5825409769114063, 0.7911668213249841, 0.17005020554014855, 0.07605260448780513]","[-23.75, 35.0, -70.375]","[-0.017578125, 1.0458984375, -0.24951171875]"
14009723749,"std_msgs.msg.Header(stamp=builtin_interfaces.msg.Time(sec=1731187376, nanosec=96709631), frame_id='RL_myo')","geometry_msgs.msg.Quaternion(x=0.5817061858102323, y=0.788202725851787, z=0.18757430314741277, w=0.0719045001977391)",[0. 0. 0. 0. 0. 0. 0. 0. 0.],"geometry_msgs.msg.Vector3(x=12.6875, y=42.75, z=-94.8125)",[0. 0. 0. 0. 0. 0. 0. 0. 0.],"geometry_msgs.msg.Vector3(x=-0.134765625, y=1.06689453125, z=-0.24853515625)",[0. 0. 0. 0. 0. 0. 0. 0. 0.],False,36.014469077,"[0.5817061858102323, 0.788202725851787, 0.18757430314741277, 0.0719045001977391]","[12.6875, 42.75, -94.8125]","[-0.134765625, 1.06689453125, -0.24853515625]"
14029468265,"std_msgs.msg.Header(stamp=builtin_interfaces.msg.Time(sec=1731187376, nanosec=116461242), frame_id='RL_myo')","geometry_msgs.msg.Quaternion(x=0.5790034726426423, y=0.7861653729324513, z=0.2058190712366635, w=0.06585966128836296)",[0. 0. 0. 0. 0. 0. 0. 0. 0.],"geometry_msgs.msg.Vector3(x=22.0, y=38.0, z=-101.8125)",[0. 0. 0. 0. 0. 0. 0. 0. 0.],"geometry_msgs.msg.Vector3(x=-0.2607421875, y=1.11669921875, z=-0.236328125)",[0. 0. 0. 0. 0. 0. 0. 0. 0.],False,36.034213593,"[0.5790034726426423, 0.7861653729324513, 0.2058190712366635, 0.06585966128836296]","[22.0, 38.0, -101.8125]","[-0.2607421875, 1.11669921875, -0.236328125]"
14051906242,"std_msgs.msg.Header(stamp=builtin_interfaces.msg.Time(sec=1731187376, nanosec=138914848), frame_id='RL_myo')","geometry_msgs.msg.Quaternion(x=0.5796915160030282, y=0.7814878887424206, z=0.2226718595745021, w=0.06042904083847508)",[0. 0. 0. 0. 0. 0. 0. 0. 0.],"geometry_msgs.msg.Vector3(x=3.3125, y=34.625, z=-97.375)",[0. 0. 0. 0. 0. 0. 0. 0. 0.],"geometry_msgs.msg.Vector3(x=-0.236328125, y=1.119140625, z=-0.2421875)",[0. 0. 0. 0. 0. 0. 0. 0. 0.],False,36.05665157,"[0.5796915160030282, 0.7814878887424206, 0.2226718595745021, 0.06042904083847508]","[3.3125, 34.625, -97.375]","[-0.236328125, 1.119140625, -0.2421875]"
14069738094,"std_msgs.msg.Header(stamp=builtin_interfaces.msg.Time(sec=1731187376, nanosec=156808574), frame_id='RL_myo')","geometry_msgs.msg.Quaternion(x=0.5827206416415771, y=0.7749873244917885, z=0.2376172051859914, w=0.05804622710811143)",[0. 0. 0. 0. 0. 0. 0. 0. 0.],"geometry_msgs.msg.Vector3(x=-17.9375, y=38.6875, z=-85.9375)",[0. 0. 0. 0. 0. 0. 0. 0. 0.],"geometry_msgs.msg.Vector3(x=-0.16845703125, y=0.95166015625, z=-0.18359375)",[0. 0. 0. 0. 0. 0. 0. 0. 0.],False,36.074483422,"[0.5827206416415771, 0.7749873244917885, 0.2376172051859914, 0.05804622710811143]","[-17.9375, 38.6875, -85.9375]","[-0.16845703125, 0.95166015625, -0.18359375]"
14089406680,"std_msgs.msg.Header(stamp=builtin_interfaces.msg.Time(sec=1731187376, nanosec=176348495), frame_id='RL_myo')","geometry_msgs.msg.Quaternion(x=0.5870649875412332, y=0.767310663171225, z=0.2514772040621627, w=0.05786417219682772)",[0. 0. 0. 0. 0. 0. 0. 0. 0.],"geometry_msgs.msg.Vector3(x=-30.125, y=44.5625, z=-72.125)",[0. 0. 0. 0. 0. 0. 0. 0. 0.],"geometry_msgs.msg.Vector3(x=-0.2001953125, y=0.76904296875, z=-0.10009765625)",[0. 0. 0. 0. 0. 0. 0. 0. 0.],False,36.094152008,"[0.5870649875412332, 0.767310663171225, 0.2514772040621627, 0.05786417219682772]","[-30.125, 44.5625, -72.125]","[-0.2001953125, 0.76904296875, -0.10009765625]"
14122197435,"std_msgs.msg.Header(stamp=builtin_interfaces.msg.Time(sec=1731187376, nanosec=209181348), frame_id='RL_myo')","geometry_msgs.msg.Quaternion(x=0.589757087866052, y=0.760543708839889, z=0.26564094870555355, w=0.05652194818505114)",[0. 0. 0. 0. 0. 0. 0. 0. 0.],"geometry_msgs.msg.Vector3(x=-20.625, y=45.1875, z=-67.1875)",[0. 0. 0. 0. 0. 0. 0. 0. 0.],"geometry_msgs.msg.Vector3(x=-0.33349609375, y=0.71337890625, z=-0.11962890625)",[0. 0. 0. 0. 0. 0. 0. 0. 0.],False,36.126942763,"[0.589757087866052, 0.760543708839889, 0.26564094870555355, 0.05652194818505114]","[-20.625, 45.1875, -67.1875]","[-0.33349609375, 0.71337890625, -0.11962890625]"
14129854806,"std_msgs.msg.Header(stamp=builtin_interfaces.msg.Time(sec=1731187376, nanosec=216840554), frame_id='RL_myo')","geometry_msgs.msg.Quaternion(x=0.5890066494629822, y=0.7563699896523601, z=0.2793051220665913, w=0.05444496697626736)",[0. 0. 0. 0. 0. 0. 0. 0. 0.],"geometry_msgs.msg.Vector3(x=-2.3125, y=44.1875, z=-59.875)",[0. 0. 0. 0. 0. 0. 0. 0. 0.],"geometry_msgs.msg.Vector3(x=-0.36083984375, y=0.6064453125, z=-0.18115234375)",[0. 0. 0. 0. 0. 0. 0. 0. 0.],False,36.134600134,"[0.5890066494629822, 0.7563699896523601, 0.2793051220665913, 0.05444496697626736]","[-2.3125, 44.1875, -59.875]","[-0.36083984375, 0.6064453125, -0.18115234375]"
14149411585,"std_msgs.msg.Header(stamp=builtin_interfaces.msg.Time(sec=1731187376, nanosec=236415510), frame_id='RL_myo')","geometry_msgs.msg.Quaternion(x=0.5857863715365084, y=0.7547409069551866, z=0.2901769730420507, w=0.054934639406362146)",[0. 0. 0. 0. 0. 0. 0. 0. 0.],"geometry_msgs.msg.Vector3(x=14.5625, y=47.8125, z=-40.0)",[0. 0. 0. 0. 0. 0. 0. 0. 0.],"geometry_msgs.msg.Vector3(x=-0.2783203125, y=0.5849609375, z=-0.14501953125)",[0. 0. 0. 0. 0. 0. 0. 0. 0.],False,36.154156913,"[0.5857863715365084, 0.7547409069551866, 0.2901769730420507, 0.054934639406362146]","[14.5625, 47.8125, -40.0]","[-0.2783203125, 0.5849609375, -0.14501953125]"
14174809653,"std_msgs.msg.Header(stamp=builtin_interfaces.msg.Time(sec=1731187376, nanosec=261857528), frame_id='RL_myo')","geometry_msgs.msg.Quaternion(x=0.5807241580553176, y=0.7546850420639003, z=0.30012830409480734, w=0.05597267741609484)",[0. 0. 0. 0. 0. 0. 0. 0. 0.],"geometry_msgs.msg.Vector3(x=28.0625, y=50.6875, z=-28.875)",[0. 0. 0. 0. 0. 0. 0. 0. 0.],"geometry_msgs.msg.Vector3(x=-0.31640625, y=0.59375, z=-0.12939453125)",[0. 0. 0. 0. 0. 0. 0. 0. 0.],False,36.179554981,"[0.5807241580553176, 0.7546850420639003, 0.30012830409480734, 0.05597267741609484]","[28.0625, 50.6875, -28.875]","[-0.31640625, 0.59375, -0.12939453125]"
14190162291,"std_msgs.msg.Header(stamp=builtin_interfaces.msg.Time(sec=1731187376, nanosec=277005465), frame_id='RL_myo')","geometry_msgs.msg.Quaternion(x=0.573956754824918, y=0.7558552052533192, z=0.31008192220680464, w=0.055729290349372566)",[0. 0. 0. 0. 0. 0. 0. 0. 0.],"geometry_msgs.msg.Vector3(x=31.9375, y=47.1875, z=-25.1875)",[0. 0. 0. 0. 0. 0. 0. 0. 0.],"geometry_msgs.msg.Vector3(x=-0.41015625, y=0.60302734375, z=-0.30322265625)",[0. 0. 0. 0. 0. 0. 0. 0. 0.],False,36.194907619,"[0.573956754824918, 0.7558552052533192, 0.31008192220680464, 0.055729290349372566]","[31.9375, 47.1875, -25.1875]","[-0.41015625, 0.60302734375, -0.30322265625]"
14209403894,"std_msgs.msg.Header(stamp=builtin_interfaces.msg.Time(sec=1731187376, nanosec=296331358), frame_id='RL_myo')","geometry_msgs.msg.Quaternion(x=0.5661383019228695, y=0.7588389616717103, z=0.3169153707367696, w=0.0567053889473149)",[0. 0. 0. 0. 0. 0. 0. 0. 0.],"geometry_msgs.msg.Vector3(x=37.75, y=42.125, z=-7.1875)",[0. 0. 0. 0. 0. 0. 0. 0. 0.],"geometry_msgs.msg.Vector3(x=-0.3544921875, y=0.56689453125, z=-0.32958984375)",[0. 0. 0. 0. 0. 0. 0. 0. 0.],False,36.214149222,"[0.5661383019228695, 0.7588389616717103, 0.3169153707367696, 0.0567053889473149]","[37.75, 42.125, -7.1875]","[-0.3544921875, 0.56689453125, -0.32958984375]"
14239363677,"std_msgs.msg.Header(stamp=builtin_interfaces.msg.Time(sec=1731187376, nanosec=326356986), frame_id='RL_myo')","geometry_msgs.msg.Quaternion(x=0.5578412635827934, y=0.7630565309167852, z=0.32082434417235606, w=0.06024612399127006)",[0. 0. 0. 0. 0. 0. 0. 0. 0.],"geometry_msgs.msg.Vector3(x=37.625, y=42.3125, z=11.3125)",[0. 0. 0. 0. 0. 0. 0. 0. 0.],"geometry_msgs.msg.Vector3(x=-0.26611328125, y=0.54052734375, z=-0.3369140625)",[0. 0. 0. 0. 0. 0. 0. 0. 0.],False,36.244109005,"[0.5578412635827934, 0.7630565309167852, 0.32082434417235606, 0.06024612399127006]","[37.625, 42.3125, 11.3125]","[-0.26611328125, 0.54052734375, -0.3369140625]"
14249657151,"std_msgs.msg.Header(stamp=builtin_interfaces.msg.Time(sec=1731187376, nanosec=336776121), frame_id='RL_myo')","geometry_msgs.msg.Quaternion(x=0.5503267199972698, y=0.7669537751514746, z=0.32381136308623737, w=0.06378565022151142)",[0. 0. 0. 0. 0. 0. 0. 0. 0.],"geometry_msgs.msg.Vector3(x=33.3125, y=39.375, z=17.125)",[0. 0. 0. 0. 0. 0. 0. 0. 0.],"geometry_msgs.msg.Vector3(x=-0.330078125, y=0.63525390625, z=-0.37890625)",[0. 0. 0. 0. 0. 0. 0. 0. 0.],False,36.254402479,"[0.5503267199972698, 0.7669537751514746, 0.32381136308623737, 0.06378565022151142]","[33.3125, 39.375, 17.125]","[-0.330078125, 0.63525390625, -0.37890625]"
14269260695,"std_msgs.msg.Header(stamp=builtin_interfaces.msg.Time(sec=1731187376, nanosec=356227117), frame_id='RL_myo')","geometry_msgs.msg.Quaternion(x=0.5433737849374762, y=0.7704407901011935, z=0.3266224582341536, w=0.06696035071628975)",[0. 0. 0. 0. 0. 0. 0. 0. 0.],"geometry_msgs.msg.Vector3(x=28.0625, y=34.875, z=13.125)",[0. 0. 0. 0. 0. 0. 0. 0. 0.],"geometry_msgs.msg.Vector3(x=-0.30615234375, y=0.69970703125, z=-0.4619140625)",[0. 0. 0. 0. 0. 0. 0. 0. 0.],False,36.274006023,"[0.5433737849374762, 0.7704407901011935, 0.3266224582341536, 0.06696035071628975]","[28.0625, 34.875, 13.125]","[-0.30615234375, 0.69970703125, -0.4619140625]"
14291939828,"std_msgs.msg.Header(stamp=builtin_interfaces.msg.Time(sec=1731187376, nanosec=378842829), frame_id='RL_myo')","geometry_msgs.msg.Quaternion(x=0.5369029259453675, y=0.7738580371913789, z=0.3282701154768288, w=0.07153822523965106)",[0. 0. 0. 0. 0. 0. 0. 0. 0.],"geometry_msgs.msg.Vector3(x=25.125, y=34.6875, z=16.75)",[0. 0. 0. 0. 0. 0. 0. 0. 0.],"geometry_msgs.msg.Vector3(x=-0.2138671875, y=0.7275390625, z=-0.44091796875)",[0. 0. 0. 0. 0. 0. 0. 0. 0.],False,36.296685156,"[0.5369029259453675, 0.7738580371913789, 0.3282701154768288, 0.07153822523965106]","[25.125, 34.6875, 16.75]","[-0.2138671875, 0.7275390625, -0.44091796875]"
14310502836,"std_msgs.msg.Header(stamp=builtin_interfaces.msg.Time(sec=1731187376, nanosec=397361975), frame_id='RL_myo')","geometry_msgs.msg.Quaternion(x=0.531581084597172, y=0.7765881432230818, z=0.32923967967816575, w=0.07703012157097612)",[0. 0. 0. 0. 0. 0. 0. 0. 0.],"geometry_msgs.msg.Vector3(x=16.1875, y=34.75, z=19.9375)",[0. 0. 0. 0. 0. 0. 0. 0. 0.],"geometry_msgs.msg.Vector3(x=-0.216796875, y=0.818359375, z=-0.48681640625)",[0. 0. 0. 0. 0. 0. 0. 0. 0.],False,36.315248164,"[0.531581084597172, 0.7765881432230818, 0.32923967967816575, 0.07703012157097612]","[16.1875, 34.75, 19.9375]","[-0.216796875, 0.818359375, -0.48681640625]"
14330870424,"std_msgs.msg.Header(stamp=builtin_interfaces.msg.Time(sec=1731187376, nanosec=417892961), frame_id='RL_myo')","geometry_msgs.msg.Quaternion(x=0.5271745450445429, y=0.7786460195824051, z=0.330147865479441, w=0.08246067041277959)",[0. 0. 0. 0. 0. 0. 0. 0. 0.],"geometry_msgs.msg.Vector3(x=8.625, y=34.0, z=21.1875)",[0. 0. 0. 0. 0. 0. 0. 0. 0.],"geometry_msgs.msg.Vector3(x=-0.25, y=0.80517578125, z=-0.51806640625)",[0. 0. 0. 0. 0. 0. 0. 0. 0.],False,36.335615752,"[0.5271745450445429, 0.7786460195824051, 0.330147865479441, 0.08246067041277959]","[8.625, 34.0, 21.1875]","[-0.25, 0.80517578125, -0.51806640625]"
14351831846,"std_msgs.msg.Header(stamp=builtin_interfaces.msg.Time(sec=1731187376, nanosec=438853500), frame_id='RL_myo')","geometry_msgs.msg.Quaternion(x=0.5246202035687375, y=0.7793921325618627, z=0.3310692244510567, w=0.08783344653117084)",[0. 0. 0. 0. 0. 0. 0. 0. 0.],"geometry_msgs.msg.Vector3(x=-1.0625, y=30.375, z=16.0)",[0. 0. 0. 0. 0. 0. 0. 0. 0.],"geometry_msgs.msg.Vector3(x=-0.2275390625, y=0.87939453125, z=-0.5126953125)",[0. 0. 0. 0. 0. 0. 0. 0. 0.],False,36.356577174,"[0.5246202035687375, 0.7793921325618627, 0.3310692244510567, 0.08783344653117084]","[-1.0625, 30.375, 16.0]","[-0.2275390625, 0.87939453125, -0.5126953125]"
14369798311,"std_msgs.msg.Header(stamp=builtin_interfaces.msg.Time(sec=1731187376, nanosec=456809760), frame_id='RL_myo')","geometry_msgs.msg.Quaternion(x=0.522490629175761, y=0.779829471769804, z=0.33229427397579936, w=0.09192416910498785)",[0. 0. 0. 0. 0. 0. 0. 0. 0.],"geometry_msgs.msg.Vector3(x=-1.6875, y=25.5, z=10.875)",[0. 0. 0. 0. 0. 0. 0. 0. 0.],"geometry_msgs.msg.Vector3(x=-0.24267578125, y=0.89404296875, z=-0.53662109375)",[0. 0. 0. 0. 0. 0. 0. 0. 0.],False,36.374543639,"[0.522490629175761, 0.779829471769804, 0.33229427397579936, 0.09192416910498785]","[-1.6875, 25.5, 10.875]","[-0.24267578125, 0.89404296875, -0.53662109375]"
14392251617,"std_msgs.msg.Header(stamp=builtin_interfaces.msg.Time(sec=1731187376, nanosec=479247052), frame_id='RL_myo')","geometry_msgs.msg.Quaternion(x=0.5206048296946765, y=0.780632567354346, z=0.3321762789539723, w=0.09613701568403277)",[0. 0. 0. 0. 0. 0. 0. 0. 0.],"geometry_msgs.msg.Vector3(x=-2.125, y=21.3125, z=17.25)",[0. 0. 0. 0. 0. 0. 0. 0. 0.],"geometry_msgs.msg.Vector3(x=-0.216796875, y=0.859375, z=-0.5087890625)",[0. 0. 0. 0. 0. 0. 0. 0. 0.],False,36.396996945,"[0.5206048296946765, 0.780632567354346, 0.3321762789539723, 0.09613701568403277]","[-2.125, 21.3125, 17.25]","[-0.216796875, 0.859375, -0.5087890625]"
14411913087,"std_msgs.msg.Header(stamp=builtin_interfaces.msg.Time(sec=1731187376, nanosec=498827188), frame_id='RL_myo')","geometry_msgs.msg.Quaternion(x=0.5199208983951684, y=0.7807358783015496, z=0.3317410287365274, w=0.10040735828364077)",[0. 0. 0. 0. 0. 0. 0. 0. 0.],"geometry_msgs.msg.Vector3(x=-5.6875, y=19.8125, z=16.8125)",[0. 0. 0. 0. 0. 0. 0. 0. 0.],"geometry_msgs.msg.Vector3(x=-0.22314453125, y=0.90478515625, z=-0.4609375)",[0. 0. 0. 0. 0. 0. 0. 0. 0.],False,36.416658415,"[0.5199208983951684, 0.7807358783015496, 0.3317410287365274, 0.10040735828364077]","[-5.6875, 19.8125, 16.8125]","[-0.22314453125, 0.90478515625, -0.4609375]"
14429821316,"std_msgs.msg.Header(stamp=builtin_interfaces.msg.Time(sec=1731187376, nanosec=516721179), frame_id='RL_myo')","geometry_msgs.msg.Quaternion(x=0.5193723360581495, y=0.780492897070814, z=0.33229086819844467, w=0.10327629481847324)",[0. 0. 0. 0. 0. 0. 0. 0. 0.],"geometry_msgs.msg.Vector3(x=-5.875, y=17.5625, z=10.8125)",[0. 0. 0. 0. 0. 0. 0. 0. 0.],"geometry_msgs.msg.Vector3(x=-0.275390625, y=0.93798828125, z=-0.51025390625)",[0. 0. 0. 0. 0. 0. 0. 0. 0.],False,36.434566644,"[0.5193723360581495, 0.780492897070814, 0.33229086819844467, 0.10327629481847324]","[-5.875, 17.5625, 10.8125]","[-0.275390625, 0.93798828125, -0.51025390625]"
14452376120,"std_msgs.msg.Header(stamp=builtin_interfaces.msg.Time(sec=1731187376, nanosec=539226134), frame_id='RL_myo')","geometry_msgs.msg.Quaternion(x=0.5171144618206043, y=0.7820806892478048, z=0.33161979120294416, w=0.10474131450473996)",[0. 0. 0. 0. 0. 0. 0. 0. 0.],"geometry_msgs.msg.Vector3(x=4.4375, y=9.375, z=17.6875)",[0. 0. 0. 0. 0. 0. 0. 0. 0.],"geometry_msgs.msg.Vector3(x=-0.263671875, y=0.83056640625, z=-0.53564453125)",[0. 0. 0. 0. 0. 0. 0. 0. 0.],False,36.457121448,"[0.5171144618206043, 0.7820806892478048, 0.33161979120294416, 0.10474131450473996]","[4.4375, 9.375, 17.6875]","[-0.263671875, 0.83056640625, -0.53564453125]"
14471777838,"std_msgs.msg.Header(stamp=builtin_interfaces.msg.Time(sec=1731187376, nanosec=558737730), frame_id='RL_myo')","geometry_msgs.msg.Quaternion(x=0.514111061627551, y=0.7846861935514421, z=0.32904816968231365, w=0.10809577230706316)",[0. 0. 0. 0. 0. 0. 0. 0. 0.],"geometry_msgs.msg.Vector3(x=6.75, y=9.3125, z=26.3125)",[0. 0. 0. 0. 0. 0. 0. 0. 0.],"geometry_msgs.msg.Vector3(x=-0.1298828125, y=0.8203125, z=-0.52392578125)",[0. 0. 0. 0. 0. 0. 0. 0. 0.],False,36.476523166,"[0.514111061627551, 0.7846861935514421, 0.32904816968231365, 0.10809577230706316]","[6.75, 9.3125, 26.3125]","[-0.1298828125, 0.8203125, -0.52392578125]"
14489950172,"std_msgs.msg.Header(stamp=builtin_interfaces.msg.Time(sec=1731187376, nanosec=576839091), frame_id='RL_myo')","geometry_msgs.msg.Quaternion(x=0.5112067039307187, y=0.7868615666114501, z=0.3273554093349784, w=0.1111531233263091)",[0. 0. 0. 0. 0. 0. 0. 0. 0.],"geometry_msgs.msg.Vector3(x=11.375, y=12.9375, z=23.375)",[0. 0. 0. 0. 0. 0. 0. 0. 0.],"geometry_msgs.msg.Vector3(x=-0.177734375, y=0.8994140625, z=-0.48486328125)",[0. 0. 0. 0. 0. 0. 0. 0. 0.],False,36.4946955,"[0.5112067039307187, 0.7868615666114501, 0.3273554093349784, 0.1111531233263091]","[11.375, 12.9375, 23.375]","[-0.177734375, 0.8994140625, -0.48486328125]"
14510988068,"std_msgs.msg.Header(stamp=builtin_interfaces.msg.Time(sec=1731187376, nanosec=597872297), frame_id='RL_myo')","geometry_msgs.msg.Quaternion(x=0.5091845390380532, y=0.7882533130109589, z=0.32667893226224654, w=0.11255529728915968)",[0. 0. 0. 0. 0. 0. 0. 0. 0.],"geometry_msgs.msg.Vector3(x=6.3125, y=10.4375, z=18.6875)",[0. 0. 0. 0. 0. 0. 0. 0. 0.],"geometry_msgs.msg.Vector3(x=-0.28271484375, y=0.9013671875, z=-0.5283203125)",[0. 0. 0. 0. 0. 0. 0. 0. 0.],False,36.515733396,"[0.5091845390380532, 0.7882533130109589, 0.32667893226224654, 0.11255529728915968]","[6.3125, 10.4375, 18.6875]","[-0.28271484375, 0.9013671875, -0.5283203125]"
14531736057,"std_msgs.msg.Header(stamp=builtin_interfaces.msg.Time(sec=1731187376, nanosec=618749330), frame_id='RL_myo')","geometry_msgs.msg.Quaternion(x=0.5064945570323823, y=0.790688176885693, z=0.3237463401421735, w=0.11603352047704975)",[0. 0. 0. 0. 0. 0. 0. 0. 0.],"geometry_msgs.msg.Vector3(x=6.3125, y=10.0, z=30.25)",[0. 0. 0. 0. 0. 0. 0. 0. 0.],"geometry_msgs.msg.Vector3(x=-0.14404296875, y=0.82177734375, z=-0.5078125)",[0. 0. 0. 0. 0. 0. 0. 0. 0.],False,36.536481385,"[0.5064945570323823, 0.790688176885693, 0.3237463401421735, 0.11603352047704975]","[6.3125, 10.0, 30.25]","[-0.14404296875, 0.82177734375, -0.5078125]"
14551258366,"std_msgs.msg.Header(stamp=builtin_interfaces.msg.Time(sec=1731187376, nanosec=638196727), frame_id='RL_myo')","geometry_msgs.msg.Quaternion(x=0.5028395472922048, y=0.7938126138061572, z=0.31917309939195665, w=0.12305468892220016)",[0. 0. 0. 0. 0. 0. 0. 0. 0.],"geometry_msgs.msg.Vector3(x=7.375, y=19.8125, z=43.625)",[0. 0. 0. 0. 0. 0. 0. 0. 0.],"geometry_msgs.msg.Vector3(x=-0.01171875, y=0.736328125, z=-0.423828125)",[0. 0. 0. 0. 0. 0. 0. 0. 0.],False,36.556003694,"[0.5028395472922048, 0.7938126138061572, 0.31917309939195665, 0.12305468892220016]","[7.375, 19.8125, 43.625]","[-0.01171875, 0.736328125, -0.423828125]"
14570834106,"std_msgs.msg.Header(stamp=builtin_interfaces.msg.Time(sec=1731187376, nanosec=657844332), frame_id='RL_myo')","geometry_msgs.msg.Quaternion(x=0.49947769051490226, y=0.7953921282047771, z=0.31758308978969035, w=0.13043918179522743)",[0. 0. 0. 0. 0. 0. 0. 0. 0.],"geometry_msgs.msg.Vector3(x=35.3125, y=31.3125, z=20.625)",[0. 0. 0. 0. 0. 0. 0. 0. 0.],"geometry_msgs.msg.Vector3(x=0.009765625, y=1.5654296875, z=-0.3466796875)",[0. 0. 0. 0. 0. 0. 0. 0. 0.],False,36.575579434,"[0.49947769051490226, 0.7953921282047771, 0.31758308978969035, 0.13043918179522743]","[35.3125, 31.3125, 20.625]","[0.009765625, 1.5654296875, -0.3466796875]"
14591803412,"std_msgs.msg.Header(stamp=builtin_interfaces.msg.Time(sec=1731187376, nanosec=678833357), frame_id='RL_myo')","geometry_msgs.msg.Quaternion(x=0.4965631557805474, y=0.7923646373924137, z=0.33138799910664923, w=0.12555997682121522)",[0. 0. 0. 0. 0. 0. 0. 0. 0.],"geometry_msgs.msg.Vector3(x=9.75, y=32.4375, z=-62.8125)",[0. 0. 0. 0. 0. 0. 0. 0. 0.],"geometry_msgs.msg.Vector3(x=-0.43603515625, y=1.03466796875, z=-0.79736328125)",[0. 0. 0. 0. 0. 0. 0. 0. 0.],False,36.59654874,"[0.4965631557805474, 0.7923646373924137, 0.33138799910664923, 0.12555997682121522]","[9.75, 32.4375, -62.8125]","[-0.43603515625, 1.03466796875, -0.79736328125]"
14609850222,"std_msgs.msg.Header(stamp=builtin_interfaces.msg.Time(sec=1731187376, nanosec=696795317), frame_id='RL_myo')","geometry_msgs.msg.Quaternion(x=0.4919123307547524, y=0.7955197179211674, z=0.334309943608857, w=0.1157907546149355)",[0. 0. 0. 0. 0. 0. 0. 0. 0.],"geometry_msgs.msg.Vector3(x=43.0, y=-15.8125, z=-4.875)",[0. 0. 0. 0. 0. 0. 0. 0. 0.],"geometry_msgs.msg.Vector3(x=-0.615234375, y=1.04248046875, z=-0.7197265625)",[0. 0. 0. 0. 0. 0. 0. 0. 0.],False,36.61459555,"[0.4919123307547524, 0.7955197179211674, 0.334309943608857, 0.1157907546149355]","[43.0, -15.8125, -4.875]","[-0.615234375, 1.04248046875, -0.7197265625]"
14630933538,"std_msgs.msg.Header(stamp=builtin_interfaces.msg.Time(sec=1731187376, nanosec=717862566), frame_id='RL_myo')","geometry_msgs.msg.Quaternion(x=0.49239353119440027, y=0.7978276740104135, z=0.32795716413877685, w=0.11603323451103942)",[0. 0. 0. 0. 0. 0. 0. 0. 0.],"geometry_msgs.msg.Vector3(x=8.8125, y=-24.5625, z=22.125)",[0. 0. 0. 0. 0. 0. 0. 0. 0.],"geometry_msgs.msg.Vector3(x=0.0078125, y=1.1494140625, z=-0.501953125)",[0. 0. 0. 0. 0. 0. 0. 0. 0.],False,36.635678866,"[0.49239353119440027, 0.7978276740104135, 0.32795716413877685, 0.11603323451103942]","[8.8125, -24.5625, 22.125]","[0.0078125, 1.1494140625, -0.501953125]"
14651882163,"std_msgs.msg.Header(stamp=builtin_interfaces.msg.Time(sec=1731187376, nanosec=738851340), frame_id='RL_myo')","geometry_msgs.msg.Quaternion(x=0.49439802382847203, y=0.7967132598806229, z=0.3262416589337263, w=0.1199372983732034)",[0. 0. 0. 0. 0. 0. 0. 0. 0.],"geometry_msgs.msg.Vector3(x=-18.8125, y=1.625, z=-0.375)",[0. 0. 0. 0. 0. 0. 0. 0. 0.],"geometry_msgs.msg.Vector3(x=0.11572265625, y=0.93408203125, z=-0.48681640625)",[0. 0. 0. 0. 0. 0. 0. 0. 0.],False,36.656627491,"[0.49439802382847203, 0.7967132598806229, 0.3262416589337263, 0.1199372983732034]","[-18.8125, 1.625, -0.375]","[0.11572265625, 0.93408203125, -0.48681640625]"
14669746343,"std_msgs.msg.Header(stamp=builtin_interfaces.msg.Time(sec=1731187376, nanosec=756681070), frame_id='RL_myo')","geometry_msgs.msg.Quaternion(x=0.4945976821223745, y=0.7958243341369269, z=0.3272902346711307, w=0.12213870935787627)",[0. 0. 0. 0. 0. 0. 0. 0. 0.],"geometry_msgs.msg.Vector3(x=-23.6875, y=6.5625, z=-7.375)",[0. 0. 0. 0. 0. 0. 0. 0. 0.],"geometry_msgs.msg.Vector3(x=0.009765625, y=0.71337890625, z=-0.671875)",[0. 0. 0. 0. 0. 0. 0. 0. 0.],False,36.674491671,"[0.4945976821223745, 0.7958243341369269, 0.3272902346711307, 0.12213870935787627]","[-23.6875, 6.5625, -7.375]","[0.009765625, 0.71337890625, -0.671875]"
14692488948,"std_msgs.msg.Header(stamp=builtin_interfaces.msg.Time(sec=1731187376, nanosec=779412064), frame_id='RL_myo')","geometry_msgs.msg.Quaternion(x=0.4997719287904578, y=0.7922618021128655, z=0.327708290873958, w=0.12311186863340906)",[0. 0. 0. 0. 0. 0. 0. 0. 0.],"geometry_msgs.msg.Vector3(x=-43.0, y=-7.0625, z=-17.25)",[0. 0. 0. 0. 0. 0. 0. 0. 0.],"geometry_msgs.msg.Vector3(x=0.00341796875, y=0.8125, z=-0.56689453125)",[0. 0. 0. 0. 0. 0. 0. 0. 0.],False,36.697234276,"[0.4997719287904578, 0.7922618021128655, 0.327708290873958, 0.12311186863340906]","[-43.0, -7.0625, -17.25]","[0.00341796875, 0.8125, -0.56689453125]"
14711793284,"std_msgs.msg.Header(stamp=builtin_interfaces.msg.Time(sec=1731187376, nanosec=798837126), frame_id='RL_myo')","geometry_msgs.msg.Quaternion(x=0.5102798642545163, y=0.7844026956381326, z=0.32978972566592724, w=0.12476220604500374)",[0. 0. 0. 0. 0. 0. 0. 0. 0.],"geometry_msgs.msg.Vector3(x=-83.4375, y=-10.5625, z=-42.6875)",[0. 0. 0. 0. 0. 0. 0. 0. 0.],"geometry_msgs.msg.Vector3(x=0.119140625, y=0.82861328125, z=-0.6044921875)",[0. 0. 0. 0. 0. 0. 0. 0. 0.],False,36.716538612,"[0.5102798642545163, 0.7844026956381326, 0.32978972566592724, 0.12476220604500374]","[-83.4375, -10.5625, -42.6875]","[0.119140625, 0.82861328125, -0.6044921875]"
14734501840,"std_msgs.msg.Header(stamp=builtin_interfaces.msg.Time(sec=1731187376, nanosec=821481578), frame_id='RL_myo')","geometry_msgs.msg.Quaternion(x=0.5257112108889631, y=0.7716290639798296, z=0.3347876456201048, w=0.127017883415759)",[0. 0. 0. 0. 0. 0. 0. 0. 0.],"geometry_msgs.msg.Vector3(x=-111.1875, y=1.4375, z=-56.1875)",[0. 0. 0. 0. 0. 0. 0. 0. 0.],"geometry_msgs.msg.Vector3(x=0.2255859375, y=0.703125, z=-0.55517578125)",[0. 0. 0. 0. 0. 0. 0. 0. 0.],False,36.739247168,"[0.5257112108889631, 0.7716290639798296, 0.3347876456201048, 0.127017883415759]","[-111.1875, 1.4375, -56.1875]","[0.2255859375, 0.703125, -0.55517578125]"
14752391494,"std_msgs.msg.Header(stamp=builtin_interfaces.msg.Time(sec=1731187376, nanosec=839382066), frame_id='RL_myo')","geometry_msgs.msg.Quaternion(x=0.5428225918773547, y=0.7554835510700574, z=0.34279677004196835, w=0.13068516464740992)",[0. 0. 0. 0. 0. 0. 0. 0. 0.],"geometry_msgs.msg.Vector3(x=-126.9375, y=15.0625, z=-77.125)",[0. 0. 0. 0. 0. 0. 0. 0. 0.],"geometry_msgs.msg.Vector3(x=0.4580078125, y=0.712890625, z=-0.38818359375)",[0. 0. 0. 0. 0. 0. 0. 0. 0.],False,36.757136822,"[0.5428225918773547, 0.7554835510700574, 0.34279677004196835, 0.13068516464740992]","[-126.9375, 15.0625, -77.125]","[0.4580078125, 0.712890625, -0.38818359375]"
14771827398,"std_msgs.msg.Header(stamp=builtin_interfaces.msg.Time(sec=1731187376, nanosec=858904416), frame_id='RL_myo')","geometry_msgs.msg.Quaternion(x=0.560825260307943, y=0.7343588056992667, z=0.35713850653698026, w=0.13654398207541016)",[0. 0. 0. 0. 0. 0. 0. 0. 0.],"geometry_msgs.msg.Vector3(x=-144.8125, y=45.5625, z=-111.125)",[0. 0. 0. 0. 0. 0. 0. 0. 0.],"geometry_msgs.msg.Vector3(x=0.63330078125, y=0.6533203125, z=-0.22607421875)",[0. 0. 0. 0. 0. 0. 0. 0. 0.],False,36.776572726,"[0.560825260307943, 0.7343588056992667, 0.35713850653698026, 0.13654398207541016]","[-144.8125, 45.5625, -111.125]","[0.63330078125, 0.6533203125, -0.22607421875]"
14790644058,"std_msgs.msg.Header(stamp=builtin_interfaces.msg.Time(sec=1731187376, nanosec=877576431), frame_id='RL_myo')","geometry_msgs.msg.Quaternion(x=0.5777262626249069, y=0.7096907824130789, z=0.37703276537073954, w=0.14289035190754432)",[0. 0. 0. 0. 0. 0. 0. 0. 0.],"geometry_msgs.msg.Vector3(x=-148.1875, y=71.5625, z=-137.6875)",[0. 0. 0. 0. 0. 0. 0. 0. 0.],"geometry_msgs.msg.Vector3(x=0.5302734375, y=0.5322265625, z=-0.18408203125)",[0. 0. 0. 0. 0. 0. 0. 0. 0.],False,36.795389386,"[0.5777262626249069, 0.7096907824130789, 0.37703276537073954, 0.14289035190754432]","[-148.1875, 71.5625, -137.6875]","[0.5302734375, 0.5322265625, -0.18408203125]"
14812349165,"std_msgs.msg.Header(stamp=builtin_interfaces.msg.Time(sec=1731187376, nanosec=899290417), frame_id='RL_myo')","geometry_msgs.msg.Quaternion(x=0.5917729420771617, y=0.6846132355170135, z=0.3995611839955751, w=0.14649355966840516)",[0. 0. 0. 0. 0. 0. 0. 0. 0.],"geometry_msgs.msg.Vector3(x=-130.0625, y=77.5, z=-151.8125)",[0. 0. 0. 0. 0. 0. 0. 0. 0.],"geometry_msgs.msg.Vector3(x=0.2578125, y=0.45751953125, z=-0.14990234375)",[0. 0. 0. 0. 0. 0. 0. 0. 0.],False,36.817094493,"[0.5917729420771617, 0.6846132355170135, 0.3995611839955751, 0.14649355966840516]","[-130.0625, 77.5, -151.8125]","[0.2578125, 0.45751953125, -0.14990234375]"
14831695115,"std_msgs.msg.Header(stamp=builtin_interfaces.msg.Time(sec=1731187376, nanosec=918854907), frame_id='RL_myo')","geometry_msgs.msg.Quaternion(x=0.60257207702963, y=0.6607417680151687, z=0.42317992403225535, w=0.14575993921664876)",[0. 0. 0. 0. 0. 0. 0. 0. 0.],"geometry_msgs.msg.Vector3(x=-101.5625, y=71.8125, z=-161.75)",[0. 0. 0. 0. 0. 0. 0. 0. 0.],"geometry_msgs.msg.Vector3(x=0.04248046875, y=0.3994140625, z=-0.08544921875)",[0. 0. 0. 0. 0. 0. 0. 0. 0.],False,36.836440443,"[0.60257207702963, 0.6607417680151687, 0.42317992403225535, 0.14575993921664876]","[-101.5625, 71.8125, -161.75]","[0.04248046875, 0.3994140625, -0.08544921875]"
14850022568,"std_msgs.msg.Header(stamp=builtin_interfaces.msg.Time(sec=1731187376, nanosec=936826619), frame_id='RL_myo')","geometry_msgs.msg.Quaternion(x=0.611797374490157, y=0.6379832543321482, z=0.44540411470165375, w=0.14246583578370015)",[0. 0. 0. 0. 0. 0. 0. 0. 0.],"geometry_msgs.msg.Vector3(x=-84.9375, y=61.1875, z=-160.9375)",[0. 0. 0. 0. 0. 0. 0. 0. 0.],"geometry_msgs.msg.Vector3(x=-0.0439453125, y=0.4853515625, z=0.025390625)",[0. 0. 0. 0. 0. 0. 0. 0. 0.],False,36.854767896,"[0.611797374490157, 0.6379832543321482, 0.44540411470165375, 0.14246583578370015]","[-84.9375, 61.1875, -160.9375]","[-0.0439453125, 0.4853515625, 0.025390625]"
14872323629,"std_msgs.msg.Header(stamp=builtin_interfaces.msg.Time(sec=1731187376, nanosec=959367429), frame_id='RL_myo')","geometry_msgs.msg.Quaternion(x=0.6208469853079263, y=0.6157195497788863, z=0.46470436526882736, w=0.13960053636802944)",[0. 0. 0. 0. 0. 0. 0. 0. 0.],"geometry_msgs.msg.Vector3(x=-85.5, y=53.0, z=-146.375)",[0. 0. 0. 0. 0. 0. 0. 0. 0.],"geometry_msgs.msg.Vector3(x=-0.13232421875, y=0.50927734375, z=0.06982421875)",[0. 0. 0. 0. 0. 0. 0. 0. 0.],False,36.877068957,"[0.6208469853079263, 0.6157195497788863, 0.46470436526882736, 0.13960053636802944]","[-85.5, 53.0, -146.375]","[-0.13232421875, 0.50927734375, 0.06982421875]"
14891674809,"std_msgs.msg.Header(stamp=builtin_interfaces.msg.Time(sec=1731187376, nanosec=978664504), frame_id='RL_myo')","geometry_msgs.msg.Quaternion(x=0.6292456931025104, y=0.5962849137567586, z=0.47872480075691043, w=0.1389846195745869)",[0. 0. 0. 0. 0. 0. 0. 0. 0.],"geometry_msgs.msg.Vector3(x=-82.8125, y=42.375, z=-109.875)",[0. 0. 0. 0. 0. 0. 0. 0. 0.],"geometry_msgs.msg.Vector3(x=-0.24853515625, y=0.45361328125, z=0.12744140625)",[0. 0. 0. 0. 0. 0. 0. 0. 0.],False,36.896420137,"[0.6292456931025104, 0.5962849137567586, 0.47872480075691043, 0.1389846195745869]","[-82.8125, 42.375, -109.875]","[-0.24853515625, 0.45361328125, 0.12744140625]"
14909919301,"std_msgs.msg.Header(stamp=builtin_interfaces.msg.Time(sec=1731187376, nanosec=996833555), frame_id='RL_myo')","geometry_msgs.msg.Quaternion(x=0.6418060132058869, y=0.5782663023407107, z=0.48329244056721, w=0.1418504207979535)",[0. 0. 0. 0. 0. 0. 0. 0. 0.],"geometry_msgs.msg.Vector3(x=-99.4375, y=13.5, z=-59.5625)",[0. 0. 0. 0. 0. 0. 0. 0. 0.],"geometry_msgs.msg.Vector3(x=-0.32958984375, y=0.46484375, z=0.1337890625)",[0. 0. 0. 0. 0. 0. 0. 0. 0.],False,36.914664629,"[0.6418060132058869, 0.5782663023407107, 0.48329244056721, 0.1418504207979535]","[-99.4375, 13.5, -59.5625]","[-0.32958984375, 0.46484375, 0.1337890625]"
14932075897,"std_msgs.msg.Header(stamp=builtin_interfaces.msg.Time(sec=1731187377, nanosec=19108439), frame_id='RL_myo')","geometry_msgs.msg.Quaternion(x=0.6577613310187359, y=0.5604033760284906, z=0.4804416700490414, w=0.14991293884391382)",[0. 0. 0. 0. 0. 0. 0. 0. 0.],"geometry_msgs.msg.Vector3(x=-140.5625, y=-11.8125, z=-21.625)",[0. 0. 0. 0. 0. 0. 0. 0. 0.],"geometry_msgs.msg.Vector3(x=-0.4091796875, y=0.587890625, z=0.11083984375)",[0. 0. 0. 0. 0. 0. 0. 0. 0.],False,36.936821225,"[0.6577613310187359, 0.5604033760284906, 0.4804416700490414, 0.14991293884391382]","[-140.5625, -11.8125, -21.625]","[-0.4091796875, 0.587890625, 0.11083984375]"
14951845282,"std_msgs.msg.Header(stamp=builtin_interfaces.msg.Time(sec=1731187377, nanosec=38923941), frame_id='RL_myo')","geometry_msgs.msg.Quaternion(x=0.6744732846301656, y=0.543424041001119, z=0.4724364907726228, w=0.1630333161309658)",[0. 0. 0. 0. 0. 0. 0. 0. 0.],"geometry_msgs.msg.Vector3(x=-159.3125, y=-18.4375, z=18.375)",[0. 0. 0. 0. 0. 0. 0. 0. 0.],"geometry_msgs.msg.Vector3(x=-0.69921875, y=0.759765625, z=0.072265625)",[0. 0. 0. 0. 0. 0. 0. 0. 0.],False,36.95659061,"[0.6744732846301656, 0.543424041001119, 0.4724364907726228, 0.1630333161309658]","[-159.3125, -18.4375, 18.375]","[-0.69921875, 0.759765625, 0.072265625]"
14969680318,"std_msgs.msg.Header(stamp=builtin_interfaces.msg.Time(sec=1731187377, nanosec=56672762), frame_id='RL_myo')","geometry_msgs.msg.Quaternion(x=0.6889433109406297, y=0.5334168153016889, z=0.4571795338836995, w=0.17835495300509613)",[0. 0. 0. 0. 0. 0. 0. 0. 0.],"geometry_msgs.msg.Vector3(x=-136.4375, y=-39.3125, z=73.875)",[0. 0. 0. 0. 0. 0. 0. 0. 0.],"geometry_msgs.msg.Vector3(x=-0.8837890625, y=0.78955078125, z=0.20751953125)",[0. 0. 0. 0. 0. 0. 0. 0. 0.],False,36.974425646,"[0.6889433109406297, 0.5334168153016889, 0.4571795338836995, 0.17835495300509613]","[-136.4375, -39.3125, 73.875]","[-0.8837890625, 0.78955078125, 0.20751953125]"
14991616176,"std_msgs.msg.Header(stamp=builtin_interfaces.msg.Time(sec=1731187377, nanosec=78557845), frame_id='RL_myo')","geometry_msgs.msg.Quaternion(x=0.7094727045849141, y=0.5227500853536268, z=0.43210507405632, w=0.19148377133983271)",[0. 0. 0. 0. 0. 0. 0. 0. 0.],"geometry_msgs.msg.Vector3(x=-163.5625, y=-101.5625, z=84.625)",[0. 0. 0. 0. 0. 0. 0. 0. 0.],"geometry_msgs.msg.Vector3(x=-0.708984375, y=0.8876953125, z=0.17626953125)",[0. 0. 0. 0. 0. 0. 0. 0. 0.],False,36.996361504,"[0.7094727045849141, 0.5227500853536268, 0.43210507405632, 0.19148377133983271]","[-163.5625, -101.5625, 84.625]","[-0.708984375, 0.8876953125, 0.17626953125]"
15012375695,"std_msgs.msg.Header(stamp=builtin_interfaces.msg.Time(sec=1731187377, nanosec=99294351), frame_id='RL_myo')","geometry_msgs.msg.Quaternion(x=0.7350845624224974, y=0.5074116056977681, z=0.39955688330297, w=0.2062485042286489)",[0. 0. 0. 0. 0. 0. 0. 0. 0.],"geometry_msgs.msg.Vector3(x=-211.5625, y=-135.625, z=97.3125)",[0. 0. 0. 0. 0. 0. 0. 0. 0.],"geometry_msgs.msg.Vector3(x=-0.81982421875, y=1.0458984375, z=0.18603515625)",[0. 0. 0. 0. 0. 0. 0. 0. 0.],False,37.017121023,"[0.7350845624224974, 0.5074116056977681, 0.39955688330297, 0.2062485042286489]","[-211.5625, -135.625, 97.3125]","[-0.81982421875, 1.0458984375, 0.18603515625]"
15036621208,"std_msgs.msg.Header(stamp=builtin_interfaces.msg.Time(sec=1731187377, nanosec=123576111), frame_id='RL_myo')","geometry_msgs.msg.Quaternion(x=0.7551709505265317, y=0.4997239388911021, z=0.36183748744918204, w=0.22150948750895438)",[0. 0. 0. 0. 0. 0. 0. 0. 0.],"geometry_msgs.msg.Vector3(x=-172.75, y=-154.9375, z=144.375)",[0. 0. 0. 0. 0. 0. 0. 0. 0.],"geometry_msgs.msg.Vector3(x=-1.11376953125, y=1.06494140625, z=0.16845703125)",[0. 0. 0. 0. 0. 0. 0. 0. 0.],False,37.041366536,"[0.7551709505265317, 0.4997239388911021, 0.36183748744918204, 0.22150948750895438]","[-172.75, -154.9375, 144.375]","[-1.11376953125, 1.06494140625, 0.16845703125]"
15051489598,"std_msgs.msg.Header(stamp=builtin_interfaces.msg.Time(sec=1731187377, nanosec=138412147), frame_id='RL_myo')","geometry_msgs.msg.Quaternion(x=0.772610483582394, y=0.4989191098753744, z=0.3154409052894464, w=0.23377296193083974)",[0. 0. 0. 0. 0. 0. 0. 0. 0.],"geometry_msgs.msg.Vector3(x=-138.25, y=-203.9375, z=171.0)",[0. 0. 0. 0. 0. 0. 0. 0. 0.],"geometry_msgs.msg.Vector3(x=-0.7568359375, y=0.78076171875, z=0.24609375)",[0. 0. 0. 0. 0. 0. 0. 0. 0.],False,37.056234926,"[0.772610483582394, 0.4989191098753744, 0.3154409052894464, 0.23377296193083974]","[-138.25, -203.9375, 171.0]","[-0.7568359375, 0.78076171875, 0.24609375]"
15051489598,"std_msgs.msg.Header(stamp=builtin_interfaces.msg.Time(sec=1731187346, nanosec=49344351), frame_id='RU_myo')","geometry_msgs.msg.Quaternion(x=0.21611656758857772, y=-0.4935099027170967, z=-0.6321760539628603, w=-0.5568617799147652)",[0. 0. 0. 0. 0. 0. 0. 0. 0.],"geometry_msgs.msg.Vector3(x=66.375, y=46.375, z=-24.8125)",[0. 0. 0. 0. 0. 0. 0. 0. 0.],"geometry_msgs.msg.Vector3(x=0.93115234375, y=0.67626953125, z=-0.2958984375)",[0. 0. 0. 0. 0. 0. 0. 0. 0.],False,5.967173207,"[0.21611656758857772, -0.4935099027170967, -0.6321760539628603, -0.5568617799147652]","[66.375, 46.375, -24.8125]","[0.93115234375, 0.67626953125, -0.2958984375]"
15067803651,"std_msgs.msg.Header(stamp=builtin_interfaces.msg.Time(sec=1731187346, nanosec=65787775), frame_id='RU_myo')","geometry_msgs.msg.Quaternion(x=0.21978086233302824, y=-0.47874509417947053, z=-0.6404833016725349, w=-0.558820765209999)",[0. 0. 0. 0. 0. 0. 0. 0. 0.],"geometry_msgs.msg.Vector3(x=53.625, y=53.25, z=-55.5)",[0. 0. 0. 0. 0. 0. 0. 0. 0.],"geometry_msgs.msg.Vector3(x=0.9638671875, y=0.8046875, z=-0.2919921875)",[0. 0. 0. 0. 0. 0. 0. 0. 0.],False,5.98348726,"[0.21978086233302824, -0.47874509417947053, -0.6404833016725349, -0.558820765209999]","[53.625, 53.25, -55.5]","[0.9638671875, 0.8046875, -0.2919921875]"
15090390552,"std_msgs.msg.Header(stamp=builtin_interfaces.msg.Time(sec=1731187346, nanosec=88276425), frame_id='RU_myo')","geometry_msgs.msg.Quaternion(x=0.2227696112916314, y=-0.4592105631118451, z=-0.6492055767970091, w=-0.5639427968040203)",[0. 0. 0. 0. 0. 0. 0. 0. 0.],"geometry_msgs.msg.Vector3(x=49.6875, y=68.3125, z=-85.1875)",[0. 0. 0. 0. 0. 0. 0. 0. 0.],"geometry_msgs.msg.Vector3(x=0.970703125, y=0.76953125, z=-0.177734375)",[0. 0. 0. 0. 0. 0. 0. 0. 0.],False,6.006074161,"[0.2227696112916314, -0.4592105631118451, -0.6492055767970091, -0.5639427968040203]","[49.6875, 68.3125, -85.1875]","[0.970703125, 0.76953125, -0.177734375]"
15112682347,"std_msgs.msg.Header(stamp=builtin_interfaces.msg.Time(sec=1731187346, nanosec=110691318), frame_id='RU_myo')","geometry_msgs.msg.Quaternion(x=0.2252072926419034, y=-0.4365603697201992, z=-0.6601808359098832, w=-0.5682059334677834)",[0. 0. 0. 0. 0. 0. 0. 0. 0.],"geometry_msgs.msg.Vector3(x=56.6875, y=77.5, z=-109.4375)",[0. 0. 0. 0. 0. 0. 0. 0. 0.],"geometry_msgs.msg.Vector3(x=0.93701171875, y=0.73974609375, z=-0.15478515625)",[0. 0. 0. 0. 0. 0. 0. 0. 0.],False,6.028365956,"[0.2252072926419034, -0.4365603697201992, -0.6601808359098832, -0.5682059334677834]","[56.6875, 77.5, -109.4375]","[0.93701171875, 0.73974609375, -0.15478515625]"
15128241146,"std_msgs.msg.Header(stamp=builtin_interfaces.msg.Time(sec=1731187346, nanosec=126167935), frame_id='RU_myo')","geometry_msgs.msg.Quaternion(x=0.2261886310556008, y=-0.4108137279102129, z=-0.6744156430556905, w=-0.5702931917386762)",[0. 0. 0. 0. 0. 0. 0. 0. 0.],"geometry_msgs.msg.Vector3(x=74.875, y=73.3125, z=-132.6875)",[0. 0. 0. 0. 0. 0. 0. 0. 0.],"geometry_msgs.msg.Vector3(x=0.92822265625, y=0.6962890625, z=-0.23583984375)",[0. 0. 0. 0. 0. 0. 0. 0. 0.],False,6.043924755,"[0.2261886310556008, -0.4108137279102129, -0.6744156430556905, -0.5702931917386762]","[74.875, 73.3125, -132.6875]","[0.92822265625, 0.6962890625, -0.23583984375]"
15166489327,"std_msgs.msg.Header(stamp=builtin_interfaces.msg.Time(sec=1731187346, nanosec=164427789), frame_id='RU_myo')","geometry_msgs.msg.Quaternion(x=0.22801748886056697, y=-0.3838945409349481, z=-0.692108759014676, w=-0.5671141612666992)",[0. 0. 0. 0. 0. 0. 0. 0. 0.],"geometry_msgs.msg.Vector3(x=108.6875, y=65.4375, z=-135.75)",[0. 0. 0. 0. 0. 0. 0. 0. 0.],"geometry_msgs.msg.Vector3(x=0.87353515625, y=0.6962890625, z=-0.3388671875)",[0. 0. 0. 0. 0. 0. 0. 0. 0.],False,6.082172936,"[0.22801748886056697, -0.3838945409349481, -0.692108759014676, -0.5671141612666992]","[108.6875, 65.4375, -135.75]","[0.87353515625, 0.6962890625, -0.3388671875]"
15171300960,"std_msgs.msg.Header(stamp=builtin_interfaces.msg.Time(sec=1731187346, nanosec=169265618), frame_id='RU_myo')","geometry_msgs.msg.Quaternion(x=0.22973033495042164, y=-0.35637498028042297, z=-0.711834457100629, w=-0.559921916268642)",[0. 0. 0. 0. 0. 0. 0. 0. 0.],"geometry_msgs.msg.Vector3(x=132.0625, y=54.6875, z=-137.6875)",[0. 0. 0. 0. 0. 0. 0. 0. 0.],"geometry_msgs.msg.Vector3(x=0.82421875, y=0.728515625, z=-0.32763671875)",[0. 0. 0. 0. 0. 0. 0. 0. 0.],False,6.086984569,"[0.22973033495042164, -0.35637498028042297, -0.711834457100629, -0.559921916268642]","[132.0625, 54.6875, -137.6875]","[0.82421875, 0.728515625, -0.32763671875]"
15195372856,"std_msgs.msg.Header(stamp=builtin_interfaces.msg.Time(sec=1731187346, nanosec=193294905), frame_id='RU_myo')","geometry_msgs.msg.Quaternion(x=0.2305818015848078, y=-0.32951592026373144, z=-0.7301350165058379, w=-0.5524075929444403)",[0. 0. 0. 0. 0. 0. 0. 0. 0.],"geometry_msgs.msg.Vector3(x=127.0625, y=49.4375, z=-135.0625)",[0. 0. 0. 0. 0. 0. 0. 0. 0.],"geometry_msgs.msg.Vector3(x=0.900390625, y=0.78955078125, z=-0.30078125)",[0. 0. 0. 0. 0. 0. 0. 0. 0.],False,6.111056465,"[0.2305818015848078, -0.32951592026373144, -0.7301350165058379, -0.5524075929444403]","[127.0625, 49.4375, -135.0625]","[0.900390625, 0.78955078125, -0.30078125]"
15217873492,"std_msgs.msg.Header(stamp=builtin_interfaces.msg.Time(sec=1731187346, nanosec=215714326), frame_id='RU_myo')","geometry_msgs.msg.Quaternion(x=0.2291122094412802, y=-0.30430300380240355, z=-0.7444010704729074, w=-0.5484289595203367)",[0. 0. 0. 0. 0. 0. 0. 0. 0.],"geometry_msgs.msg.Vector3(x=93.4375, y=45.625, z=-132.875)",[0. 0. 0. 0. 0. 0. 0. 0. 0.],"geometry_msgs.msg.Vector3(x=0.92919921875, y=0.8466796875, z=-0.2578125)",[0. 0. 0. 0. 0. 0. 0. 0. 0.],False,6.133557101,"[0.2291122094412802, -0.30430300380240355, -0.7444010704729074, -0.5484289595203367]","[93.4375, 45.625, -132.875]","[0.92919921875, 0.8466796875, -0.2578125]"
15231366095,"std_msgs.msg.Header(stamp=builtin_interfaces.msg.Time(sec=1731187346, nanosec=229222969), frame_id='RU_myo')","geometry_msgs.msg.Quaternion(x=0.22301342835874308, y=-0.2811165437932049, z=-0.752655062539688, w=-0.552040629311667)",[0. 0. 0. 0. 0. 0. 0. 0. 0.],"geometry_msgs.msg.Vector3(x=33.0625, y=39.6875, z=-137.625)",[0. 0. 0. 0. 0. 0. 0. 0. 0.],"geometry_msgs.msg.Vector3(x=0.90283203125, y=0.94384765625, z=-0.17578125)",[0. 0. 0. 0. 0. 0. 0. 0. 0.],False,6.147049704,"[0.22301342835874308, -0.2811165437932049, -0.752655062539688, -0.552040629311667]","[33.0625, 39.6875, -137.625]","[0.90283203125, 0.94384765625, -0.17578125]"
15247967559,"std_msgs.msg.Header(stamp=builtin_interfaces.msg.Time(sec=1731187346, nanosec=245848072), frame_id='RU_myo')","geometry_msgs.msg.Quaternion(x=0.2123939940714716, y=-0.25774133246086917, z=-0.7526559583015483, w=-0.5674215410581815)",[0. 0. 0. 0. 0. 0. 0. 0. 0.],"geometry_msgs.msg.Vector3(x=-49.875, y=49.5, z=-154.375)",[0. 0. 0. 0. 0. 0. 0. 0. 0.],"geometry_msgs.msg.Vector3(x=0.9189453125, y=1.1005859375, z=-0.09033203125)",[0. 0. 0. 0. 0. 0. 0. 0. 0.],False,6.163651168,"[0.2123939940714716, -0.25774133246086917, -0.7526559583015483, -0.5674215410581815]","[-49.875, 49.5, -154.375]","[0.9189453125, 1.1005859375, -0.09033203125]"
15270422874,"std_msgs.msg.Header(stamp=builtin_interfaces.msg.Time(sec=1731187346, nanosec=268337644), frame_id='RU_myo')","geometry_msgs.msg.Quaternion(x=0.19713446360147782, y=-0.2333266422131423, z=-0.7418481130266139, w=-0.5969573338966113)",[0. 0. 0. 0. 0. 0. 0. 0. 0.],"geometry_msgs.msg.Vector3(x=-153.4375, y=68.3125, z=-177.375)",[0. 0. 0. 0. 0. 0. 0. 0. 0.],"geometry_msgs.msg.Vector3(x=0.93896484375, y=1.10546875, z=-0.15380859375)",[0. 0. 0. 0. 0. 0. 0. 0. 0.],False,6.186106483,"[0.19713446360147782, -0.2333266422131423, -0.7418481130266139, -0.5969573338966113]","[-153.4375, 68.3125, -177.375]","[0.93896484375, 1.10546875, -0.15380859375]"
15309795077,"std_msgs.msg.Header(stamp=builtin_interfaces.msg.Time(sec=1731187346, nanosec=307736167), frame_id='RU_myo')","geometry_msgs.msg.Quaternion(x=0.17876671366403632, y=-0.2089782272398977, z=-0.720620890485243, w=-0.6364558859981464)",[0. 0. 0. 0. 0. 0. 0. 0. 0.],"geometry_msgs.msg.Vector3(x=-238.0, y=81.5, z=-186.1875)",[0. 0. 0. 0. 0. 0. 0. 0. 0.],"geometry_msgs.msg.Vector3(x=0.79296875, y=0.8916015625, z=-0.13330078125)",[0. 0. 0. 0. 0. 0. 0. 0. 0.],False,6.225478686,"[0.17876671366403632, -0.2089782272398977, -0.720620890485243, -0.6364558859981464]","[-238.0, 81.5, -186.1875]","[0.79296875, 0.8916015625, -0.13330078125]"
15314066118,"std_msgs.msg.Header(stamp=builtin_interfaces.msg.Time(sec=1731187346, nanosec=312033950), frame_id='RU_myo')","geometry_msgs.msg.Quaternion(x=0.16234513657606056, y=-0.18443872283190038, z=-0.6927743027349111, w=-0.6780045572268635)",[0. 0. 0. 0. 0. 0. 0. 0. 0.],"geometry_msgs.msg.Vector3(x=-268.5625, y=99.5625, z=-176.9375)",[0. 0. 0. 0. 0. 0. 0. 0. 0.],"geometry_msgs.msg.Vector3(x=0.78466796875, y=0.71435546875, z=-0.0263671875)",[0. 0. 0. 0. 0. 0. 0. 0. 0.],False,6.229749727,"[0.16234513657606056, -0.18443872283190038, -0.6927743027349111, -0.6780045572268635]","[-268.5625, 99.5625, -176.9375]","[0.78466796875, 0.71435546875, -0.0263671875]"
15337735339,"std_msgs.msg.Header(stamp=builtin_interfaces.msg.Time(sec=1731187346, nanosec=335728363), frame_id='RU_myo')","geometry_msgs.msg.Quaternion(x=0.15044920561119476, y=-0.1583226123145798, z=-0.6608168556399211, w=-0.7180668981808139)",[0. 0. 0. 0. 0. 0. 0. 0. 0.],"geometry_msgs.msg.Vector3(x=-270.5, y=126.25, z=-159.9375)",[0. 0. 0. 0. 0. 0. 0. 0. 0.],"geometry_msgs.msg.Vector3(x=0.70751953125, y=0.63720703125, z=0.14208984375)",[0. 0. 0. 0. 0. 0. 0. 0. 0.],False,6.253418948,"[0.15044920561119476, -0.1583226123145798, -0.6608168556399211, -0.7180668981808139]","[-270.5, 126.25, -159.9375]","[0.70751953125, 0.63720703125, 0.14208984375]"
15351315520,"std_msgs.msg.Header(stamp=builtin_interfaces.msg.Time(sec=1731187346, nanosec=349314298), frame_id='RU_myo')","geometry_msgs.msg.Quaternion(x=0.14421690499864248, y=-0.12926424239827541, z=-0.624533046487985, w=-0.7566047275785742)",[0. 0. 0. 0. 0. 0. 0. 0. 0.],"geometry_msgs.msg.Vector3(x=-275.0625, y=162.3125, z=-142.0625)",[0. 0. 0. 0. 0. 0. 0. 0. 0.],"geometry_msgs.msg.Vector3(x=0.60400390625, y=0.5810546875, z=0.22607421875)",[0. 0. 0. 0. 0. 0. 0. 0. 0.],False,6.266999129,"[0.14421690499864248, -0.12926424239827541, -0.624533046487985, -0.7566047275785742]","[-275.0625, 162.3125, -142.0625]","[0.60400390625, 0.5810546875, 0.22607421875]"
15367285477,"std_msgs.msg.Header(stamp=builtin_interfaces.msg.Time(sec=1731187346, nanosec=365262759), frame_id='RU_myo')","geometry_msgs.msg.Quaternion(x=0.1460477108120688, y=-0.10057945149113638, z=-0.5851063115567503, w=-0.791330805845919)",[0. 0. 0. 0. 0. 0. 0. 0. 0.],"geometry_msgs.msg.Vector3(x=-268.375, y=190.375, z=-100.0)",[0. 0. 0. 0. 0. 0. 0. 0. 0.],"geometry_msgs.msg.Vector3(x=0.548828125, y=0.5341796875, z=0.330078125)",[0. 0. 0. 0. 0. 0. 0. 0. 0.],False,6.282969086,"[0.1460477108120688, -0.10057945149113638, -0.5851063115567503, -0.791330805845919]","[-268.375, 190.375, -100.0]","[0.548828125, 0.5341796875, 0.330078125]"
15390273449,"std_msgs.msg.Header(stamp=builtin_interfaces.msg.Time(sec=1731187346, nanosec=388349870), frame_id='RU_myo')","geometry_msgs.msg.Quaternion(x=0.15307185039429635, y=-0.07330115323905499, z=-0.5463712937518904, w=-0.8201672749595512)",[0. 0. 0. 0. 0. 0. 0. 0. 0.],"geometry_msgs.msg.Vector3(x=-243.6875, y=197.5625, z=-66.625)",[0. 0. 0. 0. 0. 0. 0. 0. 0.],"geometry_msgs.msg.Vector3(x=0.52001953125, y=0.587890625, z=0.4208984375)",[0. 0. 0. 0. 0. 0. 0. 0. 0.],False,6.305957058,"[0.15307185039429635, -0.07330115323905499, -0.5463712937518904, -0.8201672749595512]","[-243.6875, 197.5625, -66.625]","[0.52001953125, 0.587890625, 0.4208984375]"
15434261484,"std_msgs.msg.Header(stamp=builtin_interfaces.msg.Time(sec=1731187346, nanosec=432283802), frame_id='RU_myo')","geometry_msgs.msg.Quaternion(x=0.1612489840535036, y=-0.04662915360214866, z=-0.5092587142098539, w=-0.8440853328765916)",[0. 0. 0. 0. 0. 0. 0. 0. 0.],"geometry_msgs.msg.Vector3(x=-220.6875, y=196.125, z=-56.3125)",[0. 0. 0. 0. 0. 0. 0. 0. 0.],"geometry_msgs.msg.Vector3(x=0.5478515625, y=0.55029296875, z=0.466796875)",[0. 0. 0. 0. 0. 0. 0. 0. 0.],False,6.349945093,"[0.1612489840535036, -0.04662915360214866, -0.5092587142098539, -0.8440853328765916]","[-220.6875, 196.125, -56.3125]","[0.5478515625, 0.55029296875, 0.466796875]"
15459311699,"std_msgs.msg.Header(stamp=builtin_interfaces.msg.Time(sec=1731187346, nanosec=457287930), frame_id='RU_myo')","geometry_msgs.msg.Quaternion(x=0.1739470846000567, y=-0.01989710511565561, z=-0.4772863865166468, w=-0.8611296198674385)",[0. 0. 0. 0. 0. 0. 0. 0. 0.],"geometry_msgs.msg.Vector3(x=-172.6875, y=203.1875, z=-29.9375)",[0. 0. 0. 0. 0. 0. 0. 0. 0.],"geometry_msgs.msg.Vector3(x=0.521484375, y=0.46435546875, z=0.5908203125)",[0. 0. 0. 0. 0. 0. 0. 0. 0.],False,6.374995308,"[0.1739470846000567, -0.01989710511565561, -0.4772863865166468, -0.8611296198674385]","[-172.6875, 203.1875, -29.9375]","[0.521484375, 0.46435546875, 0.5908203125]"
15464397839,"std_msgs.msg.Header(stamp=builtin_interfaces.msg.Time(sec=1731187346, nanosec=462496577), frame_id='RU_myo')","geometry_msgs.msg.Quaternion(x=0.19085201723612435, y=0.008910903267180734, z=-0.4516485217612153, w=-0.8714985462470802)",[0. 0. 0. 0. 0. 0. 0. 0. 0.],"geometry_msgs.msg.Vector3(x=-121.1875, y=217.75, z=-7.25)",[0. 0. 0. 0. 0. 0. 0. 0. 0.],"geometry_msgs.msg.Vector3(x=0.40673828125, y=0.546875, z=0.65478515625)",[0. 0. 0. 0. 0. 0. 0. 0. 0.],False,6.380081448,"[0.19085201723612435, 0.008910903267180734, -0.4516485217612153, -0.8714985462470802]","[-121.1875, 217.75, -7.25]","[0.40673828125, 0.546875, 0.65478515625]"
15471261792,"std_msgs.msg.Header(stamp=builtin_interfaces.msg.Time(sec=1731187346, nanosec=469394558), frame_id='RU_myo')","geometry_msgs.msg.Quaternion(x=0.20977106393174852, y=0.038389874661934775, z=-0.4344342255066005, w=-0.8750938360935148)",[0. 0. 0. 0. 0. 0. 0. 0. 0.],"geometry_msgs.msg.Vector3(x=-62.125, y=218.4375, z=8.4375)",[0. 0. 0. 0. 0. 0. 0. 0. 0.],"geometry_msgs.msg.Vector3(x=0.4482421875, y=0.57080078125, z=0.61181640625)",[0. 0. 0. 0. 0. 0. 0. 0. 0.],False,6.386945401,"[0.20977106393174852, 0.038389874661934775, -0.4344342255066005, -0.8750938360935148]","[-62.125, 218.4375, 8.4375]","[0.4482421875, 0.57080078125, 0.61181640625]"
15487173681,"std_msgs.msg.Header(stamp=builtin_interfaces.msg.Time(sec=1731187346, nanosec=485218032), frame_id='RU_myo')","geometry_msgs.msg.Quaternion(x=0.2289344255037673, y=0.06786859001871214, z=-0.4268641354234467, w=-0.8722212409688985)",[0. 0. 0. 0. 0. 0. 0. 0. 0.],"geometry_msgs.msg.Vector3(x=2.3125, y=209.25, z=19.375)",[0. 0. 0. 0. 0. 0. 0. 0. 0.],"geometry_msgs.msg.Vector3(x=0.42578125, y=0.54248046875, z=0.58642578125)",[0. 0. 0. 0. 0. 0. 0. 0. 0.],False,6.40285729,"[0.2289344255037673, 0.06786859001871214, -0.4268641354234467, -0.8722212409688985]","[2.3125, 209.25, 19.375]","[0.42578125, 0.54248046875, 0.58642578125]"
15510067403,"std_msgs.msg.Header(stamp=builtin_interfaces.msg.Time(sec=1731187346, nanosec=508001641), frame_id='RU_myo')","geometry_msgs.msg.Quaternion(x=0.24773349219018928, y=0.09545582207081942, z=-0.428208470363727, w=-0.863801949979736)",[0. 0. 0. 0. 0. 0. 0. 0. 0.],"geometry_msgs.msg.Vector3(x=57.8125, y=188.5625, z=33.8125)",[0. 0. 0. 0. 0. 0. 0. 0. 0.],"geometry_msgs.msg.Vector3(x=0.3564453125, y=0.638671875, z=0.6416015625)",[0. 0. 0. 0. 0. 0. 0. 0. 0.],False,6.425751012,"[0.24773349219018928, 0.09545582207081942, -0.428208470363727, -0.863801949979736]","[57.8125, 188.5625, 33.8125]","[0.3564453125, 0.638671875, 0.6416015625]"
15531242736,"std_msgs.msg.Header(stamp=builtin_interfaces.msg.Time(sec=1731187346, nanosec=529306266), frame_id='RU_myo')","geometry_msgs.msg.Quaternion(x=0.2679311081643223, y=0.12127086831947799, z=-0.4346709230857183, w=-0.8512152996737592)",[0. 0. 0. 0. 0. 0. 0. 0. 0.],"geometry_msgs.msg.Vector3(x=87.8125, y=178.625, z=53.6875)",[0. 0. 0. 0. 0. 0. 0. 0. 0.],"geometry_msgs.msg.Vector3(x=0.34619140625, y=0.63330078125, z=0.43603515625)",[0. 0. 0. 0. 0. 0. 0. 0. 0.],False,6.446926345,"[0.2679311081643223, 0.12127086831947799, -0.4346709230857183, -0.8512152996737592]","[87.8125, 178.625, 53.6875]","[0.34619140625, 0.63330078125, 0.43603515625]"
15547268139,"std_msgs.msg.Header(stamp=builtin_interfaces.msg.Time(sec=1731187346, nanosec=545201122), frame_id='RU_myo')","geometry_msgs.msg.Quaternion(x=0.28928952853170736, y=0.14812356239376664, z=-0.43558214454236194, w=-0.8394278851107814)",[0. 0. 0. 0. 0. 0. 0. 0. 0.],"geometry_msgs.msg.Vector3(x=57.375, y=194.3125, z=51.6875)",[0. 0. 0. 0. 0. 0. 0. 0. 0.],"geometry_msgs.msg.Vector3(x=0.3154296875, y=0.46875, z=0.13427734375)",[0. 0. 0. 0. 0. 0. 0. 0. 0.],False,6.462951748,"[0.28928952853170736, 0.14812356239376664, -0.43558214454236194, -0.8394278851107814]","[57.375, 194.3125, 51.6875]","[0.3154296875, 0.46875, 0.13427734375]"
15594193034,"std_msgs.msg.Header(stamp=builtin_interfaces.msg.Time(sec=1731187346, nanosec=592074309), frame_id='RU_myo')","geometry_msgs.msg.Quaternion(x=0.3100527799277158, y=0.1748624437978161, z=-0.43315838172185017, w=-0.8280484380471103)",[0. 0. 0. 0. 0. 0. 0. 0. 0.],"geometry_msgs.msg.Vector3(x=42.125, y=195.9375, z=47.0625)",[0. 0. 0. 0. 0. 0. 0. 0. 0.],"geometry_msgs.msg.Vector3(x=0.1806640625, y=0.54296875, z=0.29345703125)",[0. 0. 0. 0. 0. 0. 0. 0. 0.],False,6.509876643,"[0.3100527799277158, 0.1748624437978161, -0.43315838172185017, -0.8280484380471103]","[42.125, 195.9375, 47.0625]","[0.1806640625, 0.54296875, 0.29345703125]"
15599287818,"std_msgs.msg.Header(stamp=builtin_interfaces.msg.Time(sec=1731187346, nanosec=597066718), frame_id='RU_myo')","geometry_msgs.msg.Quaternion(x=0.32719751114366746, y=0.20049315875899043, z=-0.4375450396174132, w=-0.8132026932434668)",[0. 0. 0. 0. 0. 0. 0. 0. 0.],"geometry_msgs.msg.Vector3(x=80.1875, y=171.875, z=47.8125)",[0. 0. 0. 0. 0. 0. 0. 0. 0.],"geometry_msgs.msg.Vector3(x=0.029296875, y=1.0361328125, z=0.25927734375)",[0. 0. 0. 0. 0. 0. 0. 0. 0.],False,6.514971427,"[0.32719751114366746, 0.20049315875899043, -0.4375450396174132, -0.8132026932434668]","[80.1875, 171.875, 47.8125]","[0.029296875, 1.0361328125, 0.25927734375]"
15607182404,"std_msgs.msg.Header(stamp=builtin_interfaces.msg.Time(sec=1731187346, nanosec=605032727), frame_id='RU_myo')","geometry_msgs.msg.Quaternion(x=0.34141806185829415, y=0.2215494394968909, z=-0.43601906219443215, w=-0.8026437131745489)",[0. 0. 0. 0. 0. 0. 0. 0. 0.],"geometry_msgs.msg.Vector3(x=34.4375, y=148.25, z=31.4375)",[0. 0. 0. 0. 0. 0. 0. 0. 0.],"geometry_msgs.msg.Vector3(x=-0.044921875, y=1.033203125, z=0.08447265625)",[0. 0. 0. 0. 0. 0. 0. 0. 0.],False,6.522866013,"[0.34141806185829415, 0.2215494394968909, -0.43601906219443215, -0.8026437131745489]","[34.4375, 148.25, 31.4375]","[-0.044921875, 1.033203125, 0.08447265625]"
15630306377,"std_msgs.msg.Header(stamp=builtin_interfaces.msg.Time(sec=1731187346, nanosec=628255173), frame_id='RU_myo')","geometry_msgs.msg.Quaternion(x=0.354123955531598, y=0.2364488458685644, z=-0.42309328847725564, w=-0.7998001229379628)",[0. 0. 0. 0. 0. 0. 0. 0. 0.],"geometry_msgs.msg.Vector3(x=-44.25, y=128.6875, z=10.125)",[0. 0. 0. 0. 0. 0. 0. 0. 0.],"geometry_msgs.msg.Vector3(x=-0.0703125, y=0.82275390625, z=0.18505859375)",[0. 0. 0. 0. 0. 0. 0. 0. 0.],False,6.545989986,"[0.354123955531598, 0.2364488458685644, -0.42309328847725564, -0.7998001229379628]","[-44.25, 128.6875, 10.125]","[-0.0703125, 0.82275390625, 0.18505859375]"
15652915136,"std_msgs.msg.Header(stamp=builtin_interfaces.msg.Time(sec=1731187346, nanosec=650762234), frame_id='RU_myo')","geometry_msgs.msg.Quaternion(x=0.36450401643447794, y=0.24853656311473446, z=-0.41461416336895657, w=-0.7959029427839237)",[0. 0. 0. 0. 0. 0. 0. 0. 0.],"geometry_msgs.msg.Vector3(x=-20.5625, y=103.1875, z=14.3125)",[0. 0. 0. 0. 0. 0. 0. 0. 0.],"geometry_msgs.msg.Vector3(x=-0.04833984375, y=0.70166015625, z=0.33203125)",[0. 0. 0. 0. 0. 0. 0. 0. 0.],False,6.568598745,"[0.36450401643447794, 0.24853656311473446, -0.41461416336895657, -0.7959029427839237]","[-20.5625, 103.1875, 14.3125]","[-0.04833984375, 0.70166015625, 0.33203125]"
15667250242,"std_msgs.msg.Header(stamp=builtin_interfaces.msg.Time(sec=1731187346, nanosec=665130499), frame_id='RU_myo')","geometry_msgs.msg.Quaternion(x=0.373828597302606, y=0.26012367048223783, z=-0.4185659624981668, w=-0.7857419365997957)",[0. 0. 0. 0. 0. 0. 0. 0. 0.],"geometry_msgs.msg.Vector3(x=43.375, y=82.875, z=37.4375)",[0. 0. 0. 0. 0. 0. 0. 0. 0.],"geometry_msgs.msg.Vector3(x=-0.0009765625, y=0.67919921875, z=0.244140625)",[0. 0. 0. 0. 0. 0. 0. 0. 0.],False,6.582933851,"[0.373828597302606, 0.26012367048223783, -0.4185659624981668, -0.7857419365997957]","[43.375, 82.875, 37.4375]","[-0.0009765625, 0.67919921875, 0.244140625]"
15690341095,"std_msgs.msg.Header(stamp=builtin_interfaces.msg.Time(sec=1731187346, nanosec=688122659), frame_id='RU_myo')","geometry_msgs.msg.Quaternion(x=0.38189185752355287, y=0.2691003995239483, z=-0.4232121048534946, w=-0.7762957544897026)",[0. 0. 0. 0. 0. 0. 0. 0. 0.],"geometry_msgs.msg.Vector3(x=36.625, y=65.1875, z=36.9375)",[0. 0. 0. 0. 0. 0. 0. 0. 0.],"geometry_msgs.msg.Vector3(x=0.0078125, y=0.7353515625, z=0.193359375)",[0. 0. 0. 0. 0. 0. 0. 0. 0.],False,6.606024704,"[0.38189185752355287, 0.2691003995239483, -0.4232121048534946, -0.7762957544897026]","[36.625, 65.1875, 36.9375]","[0.0078125, 0.7353515625, 0.193359375]"
15713371318,"std_msgs.msg.Header(stamp=builtin_interfaces.msg.Time(sec=1731187346, nanosec=711212682), frame_id='RU_myo')","geometry_msgs.msg.Quaternion(x=0.3870217018602046, y=0.27795250437965174, z=-0.4326147015904637, w=-0.765376461335273)",[0. 0. 0. 0. 0. 0. 0. 0. 0.],"geometry_msgs.msg.Vector3(x=71.3125, y=48.5625, z=37.5)",[0. 0. 0. 0. 0. 0. 0. 0. 0.],"geometry_msgs.msg.Vector3(x=-0.04052734375, y=0.71875, z=0.2509765625)",[0. 0. 0. 0. 0. 0. 0. 0. 0.],False,6.629054927,"[0.3870217018602046, 0.27795250437965174, -0.4326147015904637, -0.765376461335273]","[71.3125, 48.5625, 37.5]","[-0.04052734375, 0.71875, 0.2509765625]"
15733854924,"std_msgs.msg.Header(stamp=builtin_interfaces.msg.Time(sec=1731187346, nanosec=731854624), frame_id='RU_myo')","geometry_msgs.msg.Quaternion(x=0.3876911198301791, y=0.28606868366562493, z=-0.44860354703271665, w=-0.7527384415720401)",[0. 0. 0. 0. 0. 0. 0. 0. 0.],"geometry_msgs.msg.Vector3(x=114.25, y=21.5, z=35.8125)",[0. 0. 0. 0. 0. 0. 0. 0. 0.],"geometry_msgs.msg.Vector3(x=-0.052734375, y=0.96337890625, z=0.1884765625)",[0. 0. 0. 0. 0. 0. 0. 0. 0.],False,6.649538533,"[0.3876911198301791, 0.28606868366562493, -0.44860354703271665, -0.7527384415720401]","[114.25, 21.5, 35.8125]","[-0.052734375, 0.96337890625, 0.1884765625]"
15750353907,"std_msgs.msg.Header(stamp=builtin_interfaces.msg.Time(sec=1731187346, nanosec=748270198), frame_id='RU_myo')","geometry_msgs.msg.Quaternion(x=0.38707383707832826, y=0.2914955291526483, z=-0.46214492184754047, w=-0.7427154719971897)",[0. 0. 0. 0. 0. 0. 0. 0. 0.],"geometry_msgs.msg.Vector3(x=76.75, y=7.5, z=25.375)",[0. 0. 0. 0. 0. 0. 0. 0. 0.],"geometry_msgs.msg.Vector3(x=-0.05859375, y=1.17431640625, z=0.20361328125)",[0. 0. 0. 0. 0. 0. 0. 0. 0.],False,6.666037516,"[0.38707383707832826, 0.2914955291526483, -0.46214492184754047, -0.7427154719971897]","[76.75, 7.5, 25.375]","[-0.05859375, 1.17431640625, 0.20361328125]"
15772820458,"std_msgs.msg.Header(stamp=builtin_interfaces.msg.Time(sec=1731187346, nanosec=770625365), frame_id='RU_myo')","geometry_msgs.msg.Quaternion(x=0.38787342500689037, y=0.2925987725386361, z=-0.4666077630492017, w=-0.7390651932979442)",[0. 0. 0. 0. 0. 0. 0. 0. 0.],"geometry_msgs.msg.Vector3(x=11.0, y=3.0, z=12.4375)",[0. 0. 0. 0. 0. 0. 0. 0. 0.],"geometry_msgs.msg.Vector3(x=-0.03564453125, y=1.15966796875, z=0.20947265625)",[0. 0. 0. 0. 0. 0. 0. 0. 0.],False,6.688504067,"[0.38787342500689037, 0.2925987725386361, -0.4666077630492017, -0.7390651932979442]","[11.0, 3.0, 12.4375]","[-0.03564453125, 1.15966796875, 0.20947265625]"
15793871083,"std_msgs.msg.Header(stamp=builtin_interfaces.msg.Time(sec=1731187346, nanosec=791744859), frame_id='RU_myo')","geometry_msgs.msg.Quaternion(x=0.3906255464255634, y=0.2890018691132879, z=-0.4631354134808086, w=-0.7412119743425065)",[0. 0. 0. 0. 0. 0. 0. 0. 0.],"geometry_msgs.msg.Vector3(x=-40.6875, y=-2.5, z=5.9375)",[0. 0. 0. 0. 0. 0. 0. 0. 0.],"geometry_msgs.msg.Vector3(x=-0.00048828125, y=0.9765625, z=0.31201171875)",[0. 0. 0. 0. 0. 0. 0. 0. 0.],False,6.709554692,"[0.3906255464255634, 0.2890018691132879, -0.4631354134808086, -0.7412119743425065]","[-40.6875, -2.5, 5.9375]","[-0.00048828125, 0.9765625, 0.31201171875]"
15810374390,"std_msgs.msg.Header(stamp=builtin_interfaces.msg.Time(sec=1731187346, nanosec=808140382), frame_id='RU_myo')","geometry_msgs.msg.Quaternion(x=0.3932385864383062, y=0.2838666251008167, z=-0.4595209246149321, w=-0.7440589177819946)",[0. 0. 0. 0. 0. 0. 0. 0. 0.],"geometry_msgs.msg.Vector3(x=-38.3125, y=-8.125, z=5.5625)",[0. 0. 0. 0. 0. 0. 0. 0. 0.],"geometry_msgs.msg.Vector3(x=0.048828125, y=0.8466796875, z=0.39599609375)",[0. 0. 0. 0. 0. 0. 0. 0. 0.],False,6.726057999,"[0.3932385864383062, 0.2838666251008167, -0.4595209246149321, -0.7440589177819946]","[-38.3125, -8.125, 5.5625]","[0.048828125, 0.8466796875, 0.39599609375]"
15856617735,"std_msgs.msg.Header(stamp=builtin_interfaces.msg.Time(sec=1731187346, nanosec=854514167), frame_id='RU_myo')","geometry_msgs.msg.Quaternion(x=0.3962889581902608, y=0.27934923173214593, z=-0.4568949855247639, w=-0.7457654058411822)",[0. 0. 0. 0. 0. 0. 0. 0. 0.],"geometry_msgs.msg.Vector3(x=-26.375, y=-5.25, z=10.8125)",[0. 0. 0. 0. 0. 0. 0. 0. 0.],"geometry_msgs.msg.Vector3(x=0.0478515625, y=0.75830078125, z=0.43212890625)",[0. 0. 0. 0. 0. 0. 0. 0. 0.],False,6.772301344,"[0.3962889581902608, 0.27934923173214593, -0.4568949855247639, -0.7457654058411822]","[-26.375, -5.25, 10.8125]","[0.0478515625, 0.75830078125, 0.43212890625]"
15861365859,"std_msgs.msg.Header(stamp=builtin_interfaces.msg.Time(sec=1731187346, nanosec=859249994), frame_id='RU_myo')","geometry_msgs.msg.Quaternion(x=0.3988691867411138, y=0.277285801892101, z=-0.4576466965852902, w=-0.7446982322002035)",[0. 0. 0. 0. 0. 0. 0. 0. 0.],"geometry_msgs.msg.Vector3(x=2.5, y=0.4375, z=15.25)",[0. 0. 0. 0. 0. 0. 0. 0. 0.],"geometry_msgs.msg.Vector3(x=0.03271484375, y=0.80126953125, z=0.4599609375)",[0. 0. 0. 0. 0. 0. 0. 0. 0.],False,6.777049468,"[0.3988691867411138, 0.277285801892101, -0.4576466965852902, -0.7446982322002035]","[2.5, 0.4375, 15.25]","[0.03271484375, 0.80126953125, 0.4599609375]"
15870273851,"std_msgs.msg.Header(stamp=builtin_interfaces.msg.Time(sec=1731187346, nanosec=868239089), frame_id='RU_myo')","geometry_msgs.msg.Quaternion(x=0.4003181934800383, y=0.2775189549860854, z=-0.4612295453771382, w=-0.7416170710437483)",[0. 0. 0. 0. 0. 0. 0. 0. 0.],"geometry_msgs.msg.Vector3(x=29.125, y=3.0625, z=16.1875)",[0. 0. 0. 0. 0. 0. 0. 0. 0.],"geometry_msgs.msg.Vector3(x=-0.0048828125, y=0.82666015625, z=0.5029296875)",[0. 0. 0. 0. 0. 0. 0. 0. 0.],False,6.78595746,"[0.4003181934800383, 0.2775189549860854, -0.4612295453771382, -0.7416170710437483]","[29.125, 3.0625, 16.1875]","[-0.0048828125, 0.82666015625, 0.5029296875]"
15892862232,"std_msgs.msg.Header(stamp=builtin_interfaces.msg.Time(sec=1731187346, nanosec=890749353), frame_id='RU_myo')","geometry_msgs.msg.Quaternion(x=0.40117388600834997, y=0.27880150787861596, z=-0.4673953474900265, w=-0.736797680190598)",[0. 0. 0. 0. 0. 0. 0. 0. 0.],"geometry_msgs.msg.Vector3(x=44.125, y=2.25, z=18.375)",[0. 0. 0. 0. 0. 0. 0. 0. 0.],"geometry_msgs.msg.Vector3(x=0.001953125, y=0.89599609375, z=0.45751953125)",[0. 0. 0. 0. 0. 0. 0. 0. 0.],False,6.808545841,"[0.40117388600834997, 0.27880150787861596, -0.4673953474900265, -0.736797680190598]","[44.125, 2.25, 18.375]","[0.001953125, 0.89599609375, 0.45751953125]"
15913807336,"std_msgs.msg.Header(stamp=builtin_interfaces.msg.Time(sec=1731187346, nanosec=911774213), frame_id='RU_myo')","geometry_msgs.msg.Quaternion(x=0.4014165572633482, y=0.2806314931270906, z=-0.4732528485662159, w=-0.7322174908755342)",[0. 0. 0. 0. 0. 0. 0. 0. 0.],"geometry_msgs.msg.Vector3(x=37.25, y=2.0, z=16.375)",[0. 0. 0. 0. 0. 0. 0. 0. 0.],"geometry_msgs.msg.Vector3(x=-0.0390625, y=0.98388671875, z=0.36328125)",[0. 0. 0. 0. 0. 0. 0. 0. 0.],False,6.829490945,"[0.4014165572633482, 0.2806314931270906, -0.4732528485662159, -0.7322174908755342]","[37.25, 2.0, 16.375]","[-0.0390625, 0.98388671875, 0.36328125]"
15937781987,"std_msgs.msg.Header(stamp=builtin_interfaces.msg.Time(sec=1731187346, nanosec=935676916), frame_id='RU_myo')","geometry_msgs.msg.Quaternion(x=0.4009921086455469, y=0.28142688172977426, z=-0.47679609630730785, w=-0.7298422580187899)",[0. 0. 0. 0. 0. 0. 0. 0. 0.],"geometry_msgs.msg.Vector3(x=18.625, y=-3.375, z=9.75)",[0. 0. 0. 0. 0. 0. 0. 0. 0.],"geometry_msgs.msg.Vector3(x=-0.0693359375, y=0.99853515625, z=0.341796875)",[0. 0. 0. 0. 0. 0. 0. 0. 0.],False,6.853465596,"[0.4009921086455469, 0.28142688172977426, -0.47679609630730785, -0.7298422580187899]","[18.625, -3.375, 9.75]","[-0.0693359375, 0.99853515625, 0.341796875]"
15952980639,"std_msgs.msg.Header(stamp=builtin_interfaces.msg.Time(sec=1731187346, nanosec=950789382), frame_id='RU_myo')","geometry_msgs.msg.Quaternion(x=0.3999608109509768, y=0.28063784659737395, z=-0.47857358746629164, w=-0.7295485385772967)",[0. 0. 0. 0. 0. 0. 0. 0. 0.],"geometry_msgs.msg.Vector3(x=3.25, y=-10.5625, z=2.8125)",[0. 0. 0. 0. 0. 0. 0. 0. 0.],"geometry_msgs.msg.Vector3(x=-0.05029296875, y=0.9521484375, z=0.322265625)",[0. 0. 0. 0. 0. 0. 0. 0. 0.],False,6.868664248,"[0.3999608109509768, 0.28063784659737395, -0.47857358746629164, -0.7295485385772967]","[3.25, -10.5625, 2.8125]","[-0.05029296875, 0.9521484375, 0.322265625]"
15990968502,"std_msgs.msg.Header(stamp=builtin_interfaces.msg.Time(sec=1731187346, nanosec=988818600), frame_id='RU_myo')","geometry_msgs.msg.Quaternion(x=0.3993543700051487, y=0.2782602128768872, z=-0.47943276423512804, w=-0.7302270644569157)",[0. 0. 0. 0. 0. 0. 0. 0. 0.],"geometry_msgs.msg.Vector3(x=-4.3125, y=-14.25, z=2.3125)",[0. 0. 0. 0. 0. 0. 0. 0. 0.],"geometry_msgs.msg.Vector3(x=-0.00390625, y=0.91064453125, z=0.3564453125)",[0. 0. 0. 0. 0. 0. 0. 0. 0.],False,6.906652111,"[0.3993543700051487, 0.2782602128768872, -0.47943276423512804, -0.7302270644569157]","[-4.3125, -14.25, 2.3125]","[-0.00390625, 0.91064453125, 0.3564453125]"
15993295430,"std_msgs.msg.Header(stamp=builtin_interfaces.msg.Time(sec=1731187346, nanosec=991233510), frame_id='RU_myo')","geometry_msgs.msg.Quaternion(x=0.3986715119139374, y=0.2764822334614416, z=-0.4817992827692318, w=-0.7297177888002198)",[0. 0. 0. 0. 0. 0. 0. 0. 0.],"geometry_msgs.msg.Vector3(x=9.3125, y=-11.8125, z=2.3125)",[0. 0. 0. 0. 0. 0. 0. 0. 0.],"geometry_msgs.msg.Vector3(x=0.05224609375, y=0.96435546875, z=0.41552734375)",[0. 0. 0. 0. 0. 0. 0. 0. 0.],False,6.908979039,"[0.3986715119139374, 0.2764822334614416, -0.4817992827692318, -0.7297177888002198]","[9.3125, -11.8125, 2.3125]","[0.05224609375, 0.96435546875, 0.41552734375]"
16004711536,"std_msgs.msg.Header(stamp=builtin_interfaces.msg.Time(sec=1731187347, nanosec=2629834), frame_id='RU_myo')","geometry_msgs.msg.Quaternion(x=0.3977617546551268, y=0.2765472625966518, z=-0.48461383028413485, w=-0.7283245386373528)",[0. 0. 0. 0. 0. 0. 0. 0. 0.],"geometry_msgs.msg.Vector3(x=20.75, y=-4.1875, z=-1.625)",[0. 0. 0. 0. 0. 0. 0. 0. 0.],"geometry_msgs.msg.Vector3(x=0.06103515625, y=1.0673828125, z=0.490234375)",[0. 0. 0. 0. 0. 0. 0. 0. 0.],False,6.920395145,"[0.3977617546551268, 0.2765472625966518, -0.48461383028413485, -0.7283245386373528]","[20.75, -4.1875, -1.625]","[0.06103515625, 1.0673828125, 0.490234375]"
16018242983,"std_msgs.msg.Header(stamp=builtin_interfaces.msg.Time(sec=1731187347, nanosec=16170305), frame_id='RU_myo')","geometry_msgs.msg.Quaternion(x=0.396902510945665, y=0.2781308230631086, z=-0.4860728274905852, w=-0.7272171948204825)",[0. 0. 0. 0. 0. 0. 0. 0. 0.],"geometry_msgs.msg.Vector3(x=21.5, y=4.5, z=-7.625)",[0. 0. 0. 0. 0. 0. 0. 0. 0.],"geometry_msgs.msg.Vector3(x=0.0458984375, y=1.0185546875, z=0.52001953125)",[0. 0. 0. 0. 0. 0. 0. 0. 0.],False,6.933926592,"[0.396902510945665, 0.2781308230631086, -0.4860728274905852, -0.7272171948204825]","[21.5, 4.5, -7.625]","[0.0458984375, 1.0185546875, 0.52001953125]"
16040911924,"std_msgs.msg.Header(stamp=builtin_interfaces.msg.Time(sec=1731187347, nanosec=38747489), frame_id='RU_myo')","geometry_msgs.msg.Quaternion(x=0.3962351145870387, y=0.2805749879477229, z=-0.4872983910756188, w=-0.725820699733374)",[0. 0. 0. 0. 0. 0. 0. 0. 0.],"geometry_msgs.msg.Vector3(x=18.75, y=8.5, z=-6.6875)",[0. 0. 0. 0. 0. 0. 0. 0. 0.],"geometry_msgs.msg.Vector3(x=0.01025390625, y=0.9638671875, z=0.4345703125)",[0. 0. 0. 0. 0. 0. 0. 0. 0.],False,6.956595533,"[0.3962351145870387, 0.2805749879477229, -0.4872983910756188, -0.725820699733374]","[18.75, 8.5, -6.6875]","[0.01025390625, 0.9638671875, 0.4345703125]"
16055587725,"std_msgs.msg.Header(stamp=builtin_interfaces.msg.Time(sec=1731187347, nanosec=53661426), frame_id='RU_myo')","geometry_msgs.msg.Quaternion(x=0.3958622636022702, y=0.2830726454806243, z=-0.4879005450565137, w=-0.7246488830943192)",[0. 0. 0. 0. 0. 0. 0. 0. 0.],"geometry_msgs.msg.Vector3(x=15.875, y=9.75, z=-4.3125)",[0. 0. 0. 0. 0. 0. 0. 0. 0.],"geometry_msgs.msg.Vector3(x=-0.033203125, y=0.93896484375, z=0.4208984375)",[0. 0. 0. 0. 0. 0. 0. 0. 0.],False,6.971271334,"[0.3958622636022702, 0.2830726454806243, -0.4879005450565137, -0.7246488830943192]","[15.875, 9.75, -4.3125]","[-0.033203125, 0.93896484375, 0.4208984375]"
16078233555,"std_msgs.msg.Header(stamp=builtin_interfaces.msg.Time(sec=1731187347, nanosec=76168855), frame_id='RU_myo')","geometry_msgs.msg.Quaternion(x=0.394883386867202, y=0.2861836477620263, z=-0.48905727650183767, w=-0.7231797914976007)",[0. 0. 0. 0. 0. 0. 0. 0. 0.],"geometry_msgs.msg.Vector3(x=25.0, y=10.1875, z=-7.4375)",[0. 0. 0. 0. 0. 0. 0. 0. 0.],"geometry_msgs.msg.Vector3(x=-0.0302734375, y=0.86572265625, z=0.4453125)",[0. 0. 0. 0. 0. 0. 0. 0. 0.],False,6.993917164,"[0.394883386867202, 0.2861836477620263, -0.48905727650183767, -0.7231797914976007]","[25.0, 10.1875, -7.4375]","[-0.0302734375, 0.86572265625, 0.4453125]"
16100715088,"std_msgs.msg.Header(stamp=builtin_interfaces.msg.Time(sec=1731187347, nanosec=98628693), frame_id='RU_myo')","geometry_msgs.msg.Quaternion(x=0.39373794991511496, y=0.28948986148618666, z=-0.49096699257745846, w=-0.7211916937214382)",[0. 0. 0. 0. 0. 0. 0. 0. 0.],"geometry_msgs.msg.Vector3(x=26.0, y=9.0625, z=-4.9375)",[0. 0. 0. 0. 0. 0. 0. 0. 0.],"geometry_msgs.msg.Vector3(x=-0.048828125, y=0.8349609375, z=0.3603515625)",[0. 0. 0. 0. 0. 0. 0. 0. 0.],False,7.016398697,"[0.39373794991511496, 0.28948986148618666, -0.49096699257745846, -0.7211916937214382]","[26.0, 9.0625, -4.9375]","[-0.048828125, 0.8349609375, 0.3603515625]"
16134919964,"std_msgs.msg.Header(stamp=builtin_interfaces.msg.Time(sec=1731187347, nanosec=132786598), frame_id='RU_myo')","geometry_msgs.msg.Quaternion(x=0.3929990970187388, y=0.29229269694405036, z=-0.49340032618411006, w=-0.7187995598058219)",[0. 0. 0. 0. 0. 0. 0. 0. 0.],"geometry_msgs.msg.Vector3(x=25.6875, y=7.5, z=-0.8125)",[0. 0. 0. 0. 0. 0. 0. 0. 0.],"geometry_msgs.msg.Vector3(x=-0.041015625, y=0.88134765625, z=0.34619140625)",[0. 0. 0. 0. 0. 0. 0. 0. 0.],False,7.050603573,"[0.3929990970187388, 0.29229269694405036, -0.49340032618411006, -0.7187995598058219]","[25.6875, 7.5, -0.8125]","[-0.041015625, 0.88134765625, 0.34619140625]"
16139505380,"std_msgs.msg.Header(stamp=builtin_interfaces.msg.Time(sec=1731187347, nanosec=137588451), frame_id='RU_myo')","geometry_msgs.msg.Quaternion(x=0.39129442905223505, y=0.2950424691995795, z=-0.4960302331785235, w=-0.7167932888456479)",[0. 0. 0. 0. 0. 0. 0. 0. 0.],"geometry_msgs.msg.Vector3(x=22.6875, y=3.8125, z=-5.875)",[0. 0. 0. 0. 0. 0. 0. 0. 0.],"geometry_msgs.msg.Vector3(x=-0.03857421875, y=1.0302734375, z=0.32177734375)",[0. 0. 0. 0. 0. 0. 0. 0. 0.],False,7.055188989,"[0.39129442905223505, 0.2950424691995795, -0.4960302331785235, -0.7167932888456479]","[22.6875, 3.8125, -5.875]","[-0.03857421875, 1.0302734375, 0.32177734375]"
16160628837,"std_msgs.msg.Header(stamp=builtin_interfaces.msg.Time(sec=1731187347, nanosec=158554482), frame_id='RU_myo')","geometry_msgs.msg.Quaternion(x=0.38897031720944214, y=0.29741916770149246, z=-0.49645136673177503, w=-0.7167844665475739)",[0. 0. 0. 0. 0. 0. 0. 0. 0.],"geometry_msgs.msg.Vector3(x=7.9375, y=2.25, z=-16.0)",[0. 0. 0. 0. 0. 0. 0. 0. 0.],"geometry_msgs.msg.Vector3(x=-0.04052734375, y=1.1103515625, z=0.33837890625)",[0. 0. 0. 0. 0. 0. 0. 0. 0.],False,7.076312446,"[0.38897031720944214, 0.29741916770149246, -0.49645136673177503, -0.7167844665475739]","[7.9375, 2.25, -16.0]","[-0.04052734375, 1.1103515625, 0.33837890625]"
16175694282,"std_msgs.msg.Header(stamp=builtin_interfaces.msg.Time(sec=1731187347, nanosec=173643079), frame_id='RU_myo')","geometry_msgs.msg.Quaternion(x=0.38811559981243404, y=0.29821242658964503, z=-0.49230074352682707, w=-0.7197746923396815)",[0. 0. 0. 0. 0. 0. 0. 0. 0.],"geometry_msgs.msg.Vector3(x=-24.25, y=6.0625, z=-22.6875)",[0. 0. 0. 0. 0. 0. 0. 0. 0.],"geometry_msgs.msg.Vector3(x=-0.005859375, y=1.03466796875, z=0.34228515625)",[0. 0. 0. 0. 0. 0. 0. 0. 0.],False,7.091377891,"[0.38811559981243404, 0.29821242658964503, -0.49230074352682707, -0.7197746923396815]","[-24.25, 6.0625, -22.6875]","[-0.005859375, 1.03466796875, 0.34228515625]"
16198277355,"std_msgs.msg.Header(stamp=builtin_interfaces.msg.Time(sec=1731187347, nanosec=196084084), frame_id='RU_myo')","geometry_msgs.msg.Quaternion(x=0.3884208554908781, y=0.29833456028274863, z=-0.4852208989868763, w=-0.7243524061856916)",[0. 0. 0. 0. 0. 0. 0. 0. 0.],"geometry_msgs.msg.Vector3(x=-38.625, y=11.125, z=-26.5)",[0. 0. 0. 0. 0. 0. 0. 0. 0.],"geometry_msgs.msg.Vector3(x=0.013671875, y=1.04541015625, z=0.4501953125)",[0. 0. 0. 0. 0. 0. 0. 0. 0.],False,7.113960964,"[0.3884208554908781, 0.29833456028274863, -0.4852208989868763, -0.7243524061856916]","[-38.625, 11.125, -26.5]","[0.013671875, 1.04541015625, 0.4501953125]"
16220825591,"std_msgs.msg.Header(stamp=builtin_interfaces.msg.Time(sec=1731187347, nanosec=218663242), frame_id='RU_myo')","geometry_msgs.msg.Quaternion(x=0.3886493140962594, y=0.30021450628760993, z=-0.47671793222454184, w=-0.7290836536108535)",[0. 0. 0. 0. 0. 0. 0. 0. 0.],"geometry_msgs.msg.Vector3(x=-39.125, y=21.5, z=-34.0625)",[0. 0. 0. 0. 0. 0. 0. 0. 0.],"geometry_msgs.msg.Vector3(x=-0.00732421875, y=1.05615234375, z=0.50146484375)",[0. 0. 0. 0. 0. 0. 0. 0. 0.],False,7.1365092,"[0.3886493140962594, 0.30021450628760993, -0.47671793222454184, -0.7290836536108535]","[-39.125, 21.5, -34.0625]","[-0.00732421875, 1.05615234375, 0.50146484375]"
16268951078,"std_msgs.msg.Header(stamp=builtin_interfaces.msg.Time(sec=1731187347, nanosec=266791434), frame_id='RU_myo')","geometry_msgs.msg.Quaternion(x=0.3881154928239123, y=0.30626883833785057, z=-0.45458156794346577, w=-0.7408922735319188)",[0. 0. 0. 0. 0. 0. 0. 0. 0.],"geometry_msgs.msg.Vector3(x=-57.8125, y=28.875, z=-45.625)",[0. 0. 0. 0. 0. 0. 0. 0. 0.],"geometry_msgs.msg.Vector3(x=-0.06201171875, y=0.93359375, z=0.41455078125)",[0. 0. 0. 0. 0. 0. 0. 0. 0.],False,7.184634687,"[0.3881154928239123, 0.30626883833785057, -0.45458156794346577, -0.7408922735319188]","[-57.8125, 28.875, -45.625]","[-0.06201171875, 0.93359375, 0.41455078125]"
16280701307,"std_msgs.msg.Header(stamp=builtin_interfaces.msg.Time(sec=1731187347, nanosec=278615001), frame_id='RU_myo')","geometry_msgs.msg.Quaternion(x=0.38818898057187223, y=0.30951357240251004, z=-0.4442810675444431, w=-0.7457378875199897)",[0. 0. 0. 0. 0. 0. 0. 0. 0.],"geometry_msgs.msg.Vector3(x=-44.9375, y=31.125, z=-42.75)",[0. 0. 0. 0. 0. 0. 0. 0. 0.],"geometry_msgs.msg.Vector3(x=-0.02099609375, y=0.84619140625, z=0.45751953125)",[0. 0. 0. 0. 0. 0. 0. 0. 0.],False,7.196384916,"[0.38818898057187223, 0.30951357240251004, -0.4442810675444431, -0.7457378875199897]","[-44.9375, 31.125, -42.75]","[-0.02099609375, 0.84619140625, 0.45751953125]"
16295828074,"std_msgs.msg.Header(stamp=builtin_interfaces.msg.Time(sec=1731187347, nanosec=293648083), frame_id='RU_myo')","geometry_msgs.msg.Quaternion(x=0.38806173088726875, y=0.3134767300781712, z=-0.436218494912128, w=-0.7489017675348832)",[0. 0. 0. 0. 0. 0. 0. 0. 0.],"geometry_msgs.msg.Vector3(x=-28.4375, y=32.4375, z=-37.625)",[0. 0. 0. 0. 0. 0. 0. 0. 0.],"geometry_msgs.msg.Vector3(x=-0.02978515625, y=0.81689453125, z=0.46435546875)",[0. 0. 0. 0. 0. 0. 0. 0. 0.],False,7.211511683,"[0.38806173088726875, 0.3134767300781712, -0.436218494912128, -0.7489017675348832]","[-28.4375, 32.4375, -37.625]","[-0.02978515625, 0.81689453125, 0.46435546875]"
16318172734,"std_msgs.msg.Header(stamp=builtin_interfaces.msg.Time(sec=1731187347, nanosec=316112623), frame_id='RU_myo')","geometry_msgs.msg.Quaternion(x=0.38817155483303395, y=0.318044335257066, z=-0.42912487453318576, w=-0.751014305380579)",[0. 0. 0. 0. 0. 0. 0. 0. 0.],"geometry_msgs.msg.Vector3(x=-22.8125, y=34.4375, z=-33.125)",[0. 0. 0. 0. 0. 0. 0. 0. 0.],"geometry_msgs.msg.Vector3(x=-0.0615234375, y=0.81201171875, z=0.43701171875)",[0. 0. 0. 0. 0. 0. 0. 0. 0.],False,7.233856343,"[0.38817155483303395, 0.318044335257066, -0.42912487453318576, -0.751014305380579]","[-22.8125, 34.4375, -33.125]","[-0.0615234375, 0.81201171875, 0.43701171875]"
16336299492,"std_msgs.msg.Header(stamp=builtin_interfaces.msg.Time(sec=1731187347, nanosec=334222417), frame_id='RU_myo')","geometry_msgs.msg.Quaternion(x=0.38807252885407156, y=0.3234344653031968, z=-0.422924591448547, w=-0.7522796348107003)",[0. 0. 0. 0. 0. 0. 0. 0. 0.],"geometry_msgs.msg.Vector3(x=-14.625, y=35.0625, z=-28.3125)",[0. 0. 0. 0. 0. 0. 0. 0. 0.],"geometry_msgs.msg.Vector3(x=-0.13525390625, y=0.7998046875, z=0.439453125)",[0. 0. 0. 0. 0. 0. 0. 0. 0.],False,7.251983101,"[0.38807252885407156, 0.3234344653031968, -0.422924591448547, -0.7522796348107003]","[-14.625, 35.0625, -28.3125]","[-0.13525390625, 0.7998046875, 0.439453125]"
16355883626,"std_msgs.msg.Header(stamp=builtin_interfaces.msg.Time(sec=1731187347, nanosec=353712901), frame_id='RU_myo')","geometry_msgs.msg.Quaternion(x=0.3868932114313747, y=0.32982661532972846, z=-0.4191190539358337, w=-0.7522414940671546)",[0. 0. 0. 0. 0. 0. 0. 0. 0.],"geometry_msgs.msg.Vector3(x=4.25, y=33.625, z=-26.625)",[0. 0. 0. 0. 0. 0. 0. 0. 0.],"geometry_msgs.msg.Vector3(x=-0.16455078125, y=0.7783203125, z=0.4482421875)",[0. 0. 0. 0. 0. 0. 0. 0. 0.],False,7.271567235,"[0.3868932114313747, 0.32982661532972846, -0.4191190539358337, -0.7522414940671546]","[4.25, 33.625, -26.625]","[-0.16455078125, 0.7783203125, 0.4482421875]"
16378268804,"std_msgs.msg.Header(stamp=builtin_interfaces.msg.Time(sec=1731187347, nanosec=376169343), frame_id='RU_myo')","geometry_msgs.msg.Quaternion(x=0.38542452173832686, y=0.3370862444276768, z=-0.41722280769646913, w=-0.7508301609540613)",[0. 0. 0. 0. 0. 0. 0. 0. 0.],"geometry_msgs.msg.Vector3(x=23.9375, y=36.0625, z=-23.5)",[0. 0. 0. 0. 0. 0. 0. 0. 0.],"geometry_msgs.msg.Vector3(x=-0.1572265625, y=0.693359375, z=0.4892578125)",[0. 0. 0. 0. 0. 0. 0. 0. 0.],False,7.293952413,"[0.38542452173832686, 0.3370862444276768, -0.41722280769646913, -0.7508301609540613]","[23.9375, 36.0625, -23.5]","[-0.1572265625, 0.693359375, 0.4892578125]"
16412911979,"std_msgs.msg.Header(stamp=builtin_interfaces.msg.Time(sec=1731187347, nanosec=410780886), frame_id='RU_myo')","geometry_msgs.msg.Quaternion(x=0.3842210334592681, y=0.3449749453712126, z=-0.41785181811948363, w=-0.747506750877785)",[0. 0. 0. 0. 0. 0. 0. 0. 0.],"geometry_msgs.msg.Vector3(x=40.3125, y=37.4375, z=-13.875)",[0. 0. 0. 0. 0. 0. 0. 0. 0.],"geometry_msgs.msg.Vector3(x=-0.16748046875, y=0.642578125, z=0.4599609375)",[0. 0. 0. 0. 0. 0. 0. 0. 0.],False,7.328595588,"[0.3842210334592681, 0.3449749453712126, -0.41785181811948363, -0.747506750877785]","[40.3125, 37.4375, -13.875]","[-0.16748046875, 0.642578125, 0.4599609375]"
16417378013,"std_msgs.msg.Header(stamp=builtin_interfaces.msg.Time(sec=1731187347, nanosec=415241443), frame_id='RU_myo')","geometry_msgs.msg.Quaternion(x=0.3836642122857666, y=0.35308582056524973, z=-0.42052917954962327, w=-0.742487295968239)",[0. 0. 0. 0. 0. 0. 0. 0. 0.],"geometry_msgs.msg.Vector3(x=46.6875, y=37.625, z=-3.4375)",[0. 0. 0. 0. 0. 0. 0. 0. 0.],"geometry_msgs.msg.Vector3(x=-0.19677734375, y=0.71142578125, z=0.3837890625)",[0. 0. 0. 0. 0. 0. 0. 0. 0.],False,7.333061622,"[0.3836642122857666, 0.35308582056524973, -0.42052917954962327, -0.742487295968239]","[46.6875, 37.625, -3.4375]","[-0.19677734375, 0.71142578125, 0.3837890625]"
16438276605,"std_msgs.msg.Header(stamp=builtin_interfaces.msg.Time(sec=1731187347, nanosec=436198540), frame_id='RU_myo')","geometry_msgs.msg.Quaternion(x=0.38433128681978546, y=0.36028387900543013, z=-0.4228437597407454, w=-0.7373521162569204)",[0. 0. 0. 0. 0. 0. 0. 0. 0.],"geometry_msgs.msg.Vector3(x=38.0, y=37.25, z=2.1875)",[0. 0. 0. 0. 0. 0. 0. 0. 0.],"geometry_msgs.msg.Vector3(x=-0.205078125, y=0.8427734375, z=0.38037109375)",[0. 0. 0. 0. 0. 0. 0. 0. 0.],False,7.353960214,"[0.38433128681978546, 0.36028387900543013, -0.4228437597407454, -0.7373521162569204]","[38.0, 37.25, 2.1875]","[-0.205078125, 0.8427734375, 0.38037109375]"
16455967700,"std_msgs.msg.Header(stamp=builtin_interfaces.msg.Time(sec=1731187347, nanosec=453907145), frame_id='RU_myo')","geometry_msgs.msg.Quaternion(x=0.38641363107912075, y=0.3659668507266479, z=-0.4227295543917218, w=-0.7335206157493087)",[0. 0. 0. 0. 0. 0. 0. 0. 0.],"geometry_msgs.msg.Vector3(x=19.75, y=37.3125, z=4.25)",[0. 0. 0. 0. 0. 0. 0. 0. 0.],"geometry_msgs.msg.Vector3(x=-0.2109375, y=0.83251953125, z=0.38427734375)",[0. 0. 0. 0. 0. 0. 0. 0. 0.],False,7.371651309,"[0.38641363107912075, 0.3659668507266479, -0.4227295543917218, -0.7335206157493087]","[19.75, 37.3125, 4.25]","[-0.2109375, 0.83251953125, 0.38427734375]"
16475762001,"std_msgs.msg.Header(stamp=builtin_interfaces.msg.Time(sec=1731187347, nanosec=473707979), frame_id='RU_myo')","geometry_msgs.msg.Quaternion(x=0.38981590696200896, y=0.3700413095210052, z=-0.420332261037632, w=-0.731049778235626)",[0. 0. 0. 0. 0. 0. 0. 0. 0.],"geometry_msgs.msg.Vector3(x=-1.125, y=35.6875, z=6.4375)",[0. 0. 0. 0. 0. 0. 0. 0. 0.],"geometry_msgs.msg.Vector3(x=-0.21435546875, y=0.78955078125, z=0.34375)",[0. 0. 0. 0. 0. 0. 0. 0. 0.],False,7.39144561,"[0.38981590696200896, 0.3700413095210052, -0.420332261037632, -0.731049778235626]","[-1.125, 35.6875, 6.4375]","[-0.21435546875, 0.78955078125, 0.34375]"
16498531908,"std_msgs.msg.Header(stamp=builtin_interfaces.msg.Time(sec=1731187347, nanosec=496241417), frame_id='RU_myo')","geometry_msgs.msg.Quaternion(x=0.39440606703625636, y=0.37316600028778574, z=-0.41704993129971213, w=-0.7288760836501041)",[0. 0. 0. 0. 0. 0. 0. 0. 0.],"geometry_msgs.msg.Vector3(x=-7.1875, y=35.25, z=13.875)",[0. 0. 0. 0. 0. 0. 0. 0. 0.],"geometry_msgs.msg.Vector3(x=-0.23828125, y=0.73388671875, z=0.369140625)",[0. 0. 0. 0. 0. 0. 0. 0. 0.],False,7.414215517,"[0.39440606703625636, 0.37316600028778574, -0.41704993129971213, -0.7288760836501041]","[-7.1875, 35.25, 13.875]","[-0.23828125, 0.73388671875, 0.369140625]"
16516280636,"std_msgs.msg.Header(stamp=builtin_interfaces.msg.Time(sec=1731187347, nanosec=514157975), frame_id='RU_myo')","geometry_msgs.msg.Quaternion(x=0.39874539266455095, y=0.37616223097989093, z=-0.41638467300743404, w=-0.7253467390824312)",[0. 0. 0. 0. 0. 0. 0. 0. 0.],"geometry_msgs.msg.Vector3(x=5.4375, y=30.875, z=21.3125)",[0. 0. 0. 0. 0. 0. 0. 0. 0.],"geometry_msgs.msg.Vector3(x=-0.244140625, y=0.767578125, z=0.34814453125)",[0. 0. 0. 0. 0. 0. 0. 0. 0.],False,7.431964245,"[0.39874539266455095, 0.37616223097989093, -0.41638467300743404, -0.7253467390824312]","[5.4375, 30.875, 21.3125]","[-0.244140625, 0.767578125, 0.34814453125]"
16554953321,"std_msgs.msg.Header(stamp=builtin_interfaces.msg.Time(sec=1731187347, nanosec=552906746), frame_id='RU_myo')","geometry_msgs.msg.Quaternion(x=0.40282072420582843, y=0.37926181518409363, z=-0.41679738266690947, w=-0.7212321966576174)",[0. 0. 0. 0. 0. 0. 0. 0. 0.],"geometry_msgs.msg.Vector3(x=7.3125, y=28.875, z=21.9375)",[0. 0. 0. 0. 0. 0. 0. 0. 0.],"geometry_msgs.msg.Vector3(x=-0.23486328125, y=0.8681640625, z=0.31005859375)",[0. 0. 0. 0. 0. 0. 0. 0. 0.],False,7.47063693,"[0.40282072420582843, 0.37926181518409363, -0.41679738266690947, -0.7212321966576174]","[7.3125, 28.875, 21.9375]","[-0.23486328125, 0.8681640625, 0.31005859375]"
16559861754,"std_msgs.msg.Header(stamp=builtin_interfaces.msg.Time(sec=1731187347, nanosec=557799699), frame_id='RU_myo')","geometry_msgs.msg.Quaternion(x=0.40692685164939907, y=0.3820852094383138, z=-0.4168146797530743, w=-0.7174168612999905)",[0. 0. 0. 0. 0. 0. 0. 0. 0.],"geometry_msgs.msg.Vector3(x=4.0, y=28.5625, z=20.375)",[0. 0. 0. 0. 0. 0. 0. 0. 0.],"geometry_msgs.msg.Vector3(x=-0.22509765625, y=0.869140625, z=0.3037109375)",[0. 0. 0. 0. 0. 0. 0. 0. 0.],False,7.475545363,"[0.40692685164939907, 0.3820852094383138, -0.4168146797530743, -0.7174168612999905]","[4.0, 28.5625, 20.375]","[-0.22509765625, 0.869140625, 0.3037109375]"
16576326766,"std_msgs.msg.Header(stamp=builtin_interfaces.msg.Time(sec=1731187347, nanosec=574259092), frame_id='RU_myo')","geometry_msgs.msg.Quaternion(x=0.41088129878990964, y=0.3843314822459984, z=-0.41771711362420405, w=-0.7134271392684572)",[0. 0. 0. 0. 0. 0. 0. 0. 0.],"geometry_msgs.msg.Vector3(x=9.8125, y=24.5, z=24.0625)",[0. 0. 0. 0. 0. 0. 0. 0. 0.],"geometry_msgs.msg.Vector3(x=-0.21484375, y=0.82080078125, z=0.31787109375)",[0. 0. 0. 0. 0. 0. 0. 0. 0.],False,7.492010375,"[0.41088129878990964, 0.3843314822459984, -0.41771711362420405, -0.7134271392684572]","[9.8125, 24.5, 24.0625]","[-0.21484375, 0.82080078125, 0.31787109375]"
16595684152,"std_msgs.msg.Header(stamp=builtin_interfaces.msg.Time(sec=1731187347, nanosec=593638804), frame_id='RU_myo')","geometry_msgs.msg.Quaternion(x=0.4137473442340489, y=0.386892523248213, z=-0.42052208316456663, w=-0.7087231392898328)",[0. 0. 0. 0. 0. 0. 0. 0. 0.],"geometry_msgs.msg.Vector3(x=20.125, y=20.3125, z=23.25)",[0. 0. 0. 0. 0. 0. 0. 0. 0.],"geometry_msgs.msg.Vector3(x=-0.1982421875, y=0.876953125, z=0.29931640625)",[0. 0. 0. 0. 0. 0. 0. 0. 0.],False,7.511367761,"[0.4137473442340489, 0.386892523248213, -0.42052208316456663, -0.7087231392898328]","[20.125, 20.3125, 23.25]","[-0.1982421875, 0.876953125, 0.29931640625]"
16618205898,"std_msgs.msg.Header(stamp=builtin_interfaces.msg.Time(sec=1731187347, nanosec=616143985), frame_id='RU_myo')","geometry_msgs.msg.Quaternion(x=0.416146582311972, y=0.38910743065984477, z=-0.4235319939370451, w=-0.7042997086092468)",[0. 0. 0. 0. 0. 0. 0. 0. 0.],"geometry_msgs.msg.Vector3(x=18.375, y=16.5, z=21.8125)",[0. 0. 0. 0. 0. 0. 0. 0. 0.],"geometry_msgs.msg.Vector3(x=-0.19970703125, y=0.92333984375, z=0.27001953125)",[0. 0. 0. 0. 0. 0. 0. 0. 0.],False,7.533889507,"[0.416146582311972, 0.38910743065984477, -0.4235319939370451, -0.7042997086092468]","[18.375, 16.5, 21.8125]","[-0.19970703125, 0.92333984375, 0.27001953125]"
16636349058,"std_msgs.msg.Header(stamp=builtin_interfaces.msg.Time(sec=1731187347, nanosec=634233783), frame_id='RU_myo')","geometry_msgs.msg.Quaternion(x=0.41809355766263995, y=0.3903834153007657, z=-0.4268216421510717, w=-0.700444039085614)",[0. 0. 0. 0. 0. 0. 0. 0. 0.],"geometry_msgs.msg.Vector3(x=15.0, y=8.625, z=23.0)",[0. 0. 0. 0. 0. 0. 0. 0. 0.],"geometry_msgs.msg.Vector3(x=-0.220703125, y=0.947265625, z=0.23974609375)",[0. 0. 0. 0. 0. 0. 0. 0. 0.],False,7.552032667,"[0.41809355766263995, 0.3903834153007657, -0.4268216421510717, -0.700444039085614]","[15.0, 8.625, 23.0]","[-0.220703125, 0.947265625, 0.23974609375]"
16655748162,"std_msgs.msg.Header(stamp=builtin_interfaces.msg.Time(sec=1731187347, nanosec=653687853), frame_id='RU_myo')","geometry_msgs.msg.Quaternion(x=0.41998730663399664, y=0.39056805335720746, z=-0.4298751054531665, w=-0.6973339599321918)",[0. 0. 0. 0. 0. 0. 0. 0. 0.],"geometry_msgs.msg.Vector3(x=10.5, y=3.8125, z=21.625)",[0. 0. 0. 0. 0. 0. 0. 0. 0.],"geometry_msgs.msg.Vector3(x=-0.197265625, y=0.97314453125, z=0.2587890625)",[0. 0. 0. 0. 0. 0. 0. 0. 0.],False,7.571431771,"[0.41998730663399664, 0.39056805335720746, -0.4298751054531665, -0.6973339599321918]","[10.5, 3.8125, 21.625]","[-0.197265625, 0.97314453125, 0.2587890625]"
16689218513,"std_msgs.msg.Header(stamp=builtin_interfaces.msg.Time(sec=1731187347, nanosec=687158618), frame_id='RU_myo')","geometry_msgs.msg.Quaternion(x=0.42161965525206563, y=0.3900653179959397, z=-0.4319343225562925, w=-0.6953550567873167)",[0. 0. 0. 0. 0. 0. 0. 0. 0.],"geometry_msgs.msg.Vector3(x=5.75, y=2.0625, z=13.9375)",[0. 0. 0. 0. 0. 0. 0. 0. 0.],"geometry_msgs.msg.Vector3(x=-0.1416015625, y=0.9765625, z=0.29833984375)",[0. 0. 0. 0. 0. 0. 0. 0. 0.],False,7.604902122,"[0.42161965525206563, 0.3900653179959397, -0.4319343225562925, -0.6953550567873167]","[5.75, 2.0625, 13.9375]","[-0.1416015625, 0.9765625, 0.29833984375]"
16696337587,"std_msgs.msg.Header(stamp=builtin_interfaces.msg.Time(sec=1731187347, nanosec=694240363), frame_id='RU_myo')","geometry_msgs.msg.Quaternion(x=0.42314130083196705, y=0.38939009076993364, z=-0.4330286354251848, w=-0.6941275082016387)",[0. 0. 0. 0. 0. 0. 0. 0. 0.],"geometry_msgs.msg.Vector3(x=-0.75, y=0.75, z=12.9375)",[0. 0. 0. 0. 0. 0. 0. 0. 0.],"geometry_msgs.msg.Vector3(x=-0.16552734375, y=0.91845703125, z=0.27294921875)",[0. 0. 0. 0. 0. 0. 0. 0. 0.],False,7.612021196,"[0.42314130083196705, 0.38939009076993364, -0.4330286354251848, -0.6941275082016387]","[-0.75, 0.75, 12.9375]","[-0.16552734375, 0.91845703125, 0.27294921875]"
16715792720,"std_msgs.msg.Header(stamp=builtin_interfaces.msg.Time(sec=1731187347, nanosec=713764117), frame_id='RU_myo')","geometry_msgs.msg.Quaternion(x=0.42455485793354925, y=0.38811735790676244, z=-0.43529690149253497, w=-0.6925566378625623)",[0. 0. 0. 0. 0. 0. 0. 0. 0.],"geometry_msgs.msg.Vector3(x=4.3125, y=-4.0, z=16.9375)",[0. 0. 0. 0. 0. 0. 0. 0. 0.],"geometry_msgs.msg.Vector3(x=-0.158203125, y=0.92626953125, z=0.28076171875)",[0. 0. 0. 0. 0. 0. 0. 0. 0.],False,7.631476329,"[0.42455485793354925, 0.38811735790676244, -0.43529690149253497, -0.6925566378625623]","[4.3125, -4.0, 16.9375]","[-0.158203125, 0.92626953125, 0.28076171875]"
16738342950,"std_msgs.msg.Header(stamp=builtin_interfaces.msg.Time(sec=1731187347, nanosec=736223447), frame_id='RU_myo')","geometry_msgs.msg.Quaternion(x=0.42499154916743265, y=0.3872714892240931, z=-0.43878561639590313, w=-0.6905578611633395)",[0. 0. 0. 0. 0. 0. 0. 0. 0.],"geometry_msgs.msg.Vector3(x=14.625, y=-5.6875, z=14.5)",[0. 0. 0. 0. 0. 0. 0. 0. 0.],"geometry_msgs.msg.Vector3(x=-0.1435546875, y=0.99609375, z=0.3173828125)",[0. 0. 0. 0. 0. 0. 0. 0. 0.],False,7.654026559,"[0.42499154916743265, 0.3872714892240931, -0.43878561639590313, -0.6905578611633395]","[14.625, -5.6875, 14.5]","[-0.1435546875, 0.99609375, 0.3173828125]"
16756244178,"std_msgs.msg.Header(stamp=builtin_interfaces.msg.Time(sec=1731187347, nanosec=754077831), frame_id='RU_myo')","geometry_msgs.msg.Quaternion(x=0.42462234447953773, y=0.38678047965600554, z=-0.4415901483842828, w=-0.6892712571808853)",[0. 0. 0. 0. 0. 0. 0. 0. 0.],"geometry_msgs.msg.Vector3(x=11.4375, y=-7.125, z=7.6875)",[0. 0. 0. 0. 0. 0. 0. 0. 0.],"geometry_msgs.msg.Vector3(x=-0.14990234375, y=0.99755859375, z=0.2939453125)",[0. 0. 0. 0. 0. 0. 0. 0. 0.],False,7.671927787,"[0.42462234447953773, 0.38678047965600554, -0.4415901483842828, -0.6892712571808853]","[11.4375, -7.125, 7.6875]","[-0.14990234375, 0.99755859375, 0.2939453125]"
16775797568,"std_msgs.msg.Header(stamp=builtin_interfaces.msg.Time(sec=1731187347, nanosec=773756124), frame_id='RU_myo')","geometry_msgs.msg.Quaternion(x=0.4237681609655194, y=0.3854379859566837, z=-0.4443370606119806, w=-0.6887834792590936)",[0. 0. 0. 0. 0. 0. 0. 0. 0.],"geometry_msgs.msg.Vector3(x=5.875, y=-14.1875, z=8.6875)",[0. 0. 0. 0. 0. 0. 0. 0. 0.],"geometry_msgs.msg.Vector3(x=-0.17138671875, y=0.90576171875, z=0.22509765625)",[0. 0. 0. 0. 0. 0. 0. 0. 0.],False,7.691481177,"[0.4237681609655194, 0.3854379859566837, -0.4443370606119806, -0.6887834792590936]","[5.875, -14.1875, 8.6875]","[-0.17138671875, 0.90576171875, 0.22509765625]"
16798263447,"std_msgs.msg.Header(stamp=builtin_interfaces.msg.Time(sec=1731187347, nanosec=796107765), frame_id='RU_myo')","geometry_msgs.msg.Quaternion(x=0.4244236081477219, y=0.38194462752206554, z=-0.44798235314988194, w=-0.6879641804775843)",[0. 0. 0. 0. 0. 0. 0. 0. 0.],"geometry_msgs.msg.Vector3(x=4.375, y=-19.9375, z=23.0625)",[0. 0. 0. 0. 0. 0. 0. 0. 0.],"geometry_msgs.msg.Vector3(x=-0.12353515625, y=0.669921875, z=0.18603515625)",[0. 0. 0. 0. 0. 0. 0. 0. 0.],False,7.713947056,"[0.4244236081477219, 0.38194462752206554, -0.44798235314988194, -0.6879641804775843]","[4.375, -19.9375, 23.0625]","[-0.12353515625, 0.669921875, 0.18603515625]"
16824174355,"std_msgs.msg.Header(stamp=builtin_interfaces.msg.Time(sec=1731187347, nanosec=821968986), frame_id='RU_myo')","geometry_msgs.msg.Quaternion(x=0.4257863305574407, y=0.3776900535391977, z=-0.45477837571437657, w=-0.6850057322027175)",[0. 0. 0. 0. 0. 0. 0. 0. 0.],"geometry_msgs.msg.Vector3(x=18.5, y=-20.9375, z=29.5625)",[0. 0. 0. 0. 0. 0. 0. 0. 0.],"geometry_msgs.msg.Vector3(x=-0.017578125, y=1.07421875, z=0.30419921875)",[0. 0. 0. 0. 0. 0. 0. 0. 0.],False,7.739857964,"[0.4257863305574407, 0.3776900535391977, -0.45477837571437657, -0.6850057322027175]","[18.5, -20.9375, 29.5625]","[-0.017578125, 1.07421875, 0.30419921875]"
16835679226,"std_msgs.msg.Header(stamp=builtin_interfaces.msg.Time(sec=1731187347, nanosec=833655498), frame_id='RU_myo')","geometry_msgs.msg.Quaternion(x=0.42804275032501105, y=0.3757352304293124, z=-0.45575291839111043, w=-0.6840261090677883)",[0. 0. 0. 0. 0. 0. 0. 0. 0.],"geometry_msgs.msg.Vector3(x=2.8125, y=-0.5, z=15.4375)",[0. 0. 0. 0. 0. 0. 0. 0. 0.],"geometry_msgs.msg.Vector3(x=-0.1259765625, y=1.27734375, z=0.4970703125)",[0. 0. 0. 0. 0. 0. 0. 0. 0.],False,7.751362835,"[0.42804275032501105, 0.3757352304293124, -0.45575291839111043, -0.6840261090677883]","[2.8125, -0.5, 15.4375]","[-0.1259765625, 1.27734375, 0.4970703125]"
16858223607,"std_msgs.msg.Header(stamp=builtin_interfaces.msg.Time(sec=1731187347, nanosec=856176625), frame_id='RU_myo')","geometry_msgs.msg.Quaternion(x=0.43077080615319907, y=0.37425426230255265, z=-0.4496299984316545, w=-0.6871703749615852)",[0. 0. 0. 0. 0. 0. 0. 0. 0.],"geometry_msgs.msg.Vector3(x=-38.5625, y=8.875, z=-2.375)",[0. 0. 0. 0. 0. 0. 0. 0. 0.],"geometry_msgs.msg.Vector3(x=-0.20458984375, y=1.06982421875, z=0.40771484375)",[0. 0. 0. 0. 0. 0. 0. 0. 0.],False,7.773907216,"[0.43077080615319907, 0.37425426230255265, -0.4496299984316545, -0.6871703749615852]","[-38.5625, 8.875, -2.375]","[-0.20458984375, 1.06982421875, 0.40771484375]"
16876649425,"std_msgs.msg.Header(stamp=builtin_interfaces.msg.Time(sec=1731187347, nanosec=874563793), frame_id='RU_myo')","geometry_msgs.msg.Quaternion(x=0.43468591929991757, y=0.370783060902415, z=-0.4413386524091132, w=-0.69194527760505)",[0. 0. 0. 0. 0. 0. 0. 0. 0.],"geometry_msgs.msg.Vector3(x=-66.8125, y=6.1875, z=-5.8125)",[0. 0. 0. 0. 0. 0. 0. 0. 0.],"geometry_msgs.msg.Vector3(x=-0.1162109375, y=0.91552734375, z=0.2529296875)",[0. 0. 0. 0. 0. 0. 0. 0. 0.],False,7.792333034,"[0.43468591929991757, 0.370783060902415, -0.4413386524091132, -0.69194527760505]","[-66.8125, 6.1875, -5.8125]","[-0.1162109375, 0.91552734375, 0.2529296875]"
16895820629,"std_msgs.msg.Header(stamp=builtin_interfaces.msg.Time(sec=1731187347, nanosec=893676033), frame_id='RU_myo')","geometry_msgs.msg.Quaternion(x=0.4377509824879455, y=0.36829188905915544, z=-0.43494332141788894, w=-0.6953844037207422)",[0. 0. 0. 0. 0. 0. 0. 0. 0.],"geometry_msgs.msg.Vector3(x=-43.25, y=8.4375, z=-8.0625)",[0. 0. 0. 0. 0. 0. 0. 0. 0.],"geometry_msgs.msg.Vector3(x=-0.06103515625, y=0.89892578125, z=0.3974609375)",[0. 0. 0. 0. 0. 0. 0. 0. 0.],False,7.811504238,"[0.4377509824879455, 0.36829188905915544, -0.43494332141788894, -0.6953844037207422]","[-43.25, 8.4375, -8.0625]","[-0.06103515625, 0.89892578125, 0.3974609375]"
16918350023,"std_msgs.msg.Header(stamp=builtin_interfaces.msg.Time(sec=1731187347, nanosec=916235325), frame_id='RU_myo')","geometry_msgs.msg.Quaternion(x=0.4406728858278467, y=0.3677970650967596, z=-0.42956451114354366, w=-0.697142063978624)",[0. 0. 0. 0. 0. 0. 0. 0. 0.],"geometry_msgs.msg.Vector3(x=-23.0, y=17.875, z=-6.125)",[0. 0. 0. 0. 0. 0. 0. 0. 0.],"geometry_msgs.msg.Vector3(x=-0.06591796875, y=0.7998046875, z=0.46826171875)",[0. 0. 0. 0. 0. 0. 0. 0. 0.],False,7.834033632,"[0.4406728858278467, 0.3677970650967596, -0.42956451114354366, -0.697142063978624]","[-23.0, 17.875, -6.125]","[-0.06591796875, 0.7998046875, 0.46826171875]"
16936188556,"std_msgs.msg.Header(stamp=builtin_interfaces.msg.Time(sec=1731187347, nanosec=934093960), frame_id='RU_myo')","geometry_msgs.msg.Quaternion(x=0.4429827297225138, y=0.36931503135174026, z=-0.42699189544484795, w=-0.6964557631391024)",[0. 0. 0. 0. 0. 0. 0. 0. 0.],"geometry_msgs.msg.Vector3(x=-5.4375, y=20.375, z=0.5)",[0. 0. 0. 0. 0. 0. 0. 0. 0.],"geometry_msgs.msg.Vector3(x=-0.095703125, y=0.7412109375, z=0.35791015625)",[0. 0. 0. 0. 0. 0. 0. 0. 0.],False,7.851872165,"[0.4429827297225138, 0.36931503135174026, -0.42699189544484795, -0.6964557631391024]","[-5.4375, 20.375, 0.5]","[-0.095703125, 0.7412109375, 0.35791015625]"
16966536706,"std_msgs.msg.Header(stamp=builtin_interfaces.msg.Time(sec=1731187347, nanosec=964449028), frame_id='RU_myo')","geometry_msgs.msg.Quaternion(x=0.44346902123817333, y=0.37315849103360743, z=-0.42900409445129645, w=-0.6928516830574929)",[0. 0. 0. 0. 0. 0. 0. 0. 0.],"geometry_msgs.msg.Vector3(x=23.875, y=18.0, z=8.8125)",[0. 0. 0. 0. 0. 0. 0. 0. 0.],"geometry_msgs.msg.Vector3(x=-0.15625, y=0.76953125, z=0.26953125)",[0. 0. 0. 0. 0. 0. 0. 0. 0.],False,7.882220315,"[0.44346902123817333, 0.37315849103360743, -0.42900409445129645, -0.6928516830574929]","[23.875, 18.0, 8.8125]","[-0.15625, 0.76953125, 0.26953125]"
16978248750,"std_msgs.msg.Header(stamp=builtin_interfaces.msg.Time(sec=1731187347, nanosec=976093375), frame_id='RU_myo')","geometry_msgs.msg.Quaternion(x=0.44243494829730123, y=0.37786105185661356, z=-0.43474467329585825, w=-0.6873641037004009)",[0. 0. 0. 0. 0. 0. 0. 0. 0.],"geometry_msgs.msg.Vector3(x=44.75, y=12.375, z=10.5625)",[0. 0. 0. 0. 0. 0. 0. 0. 0.],"geometry_msgs.msg.Vector3(x=-0.1259765625, y=0.8603515625, z=0.22412109375)",[0. 0. 0. 0. 0. 0. 0. 0. 0.],False,7.893932359,"[0.44243494829730123, 0.37786105185661356, -0.43474467329585825, -0.6873641037004009]","[44.75, 12.375, 10.5625]","[-0.1259765625, 0.8603515625, 0.22412109375]"
16996120615,"std_msgs.msg.Header(stamp=builtin_interfaces.msg.Time(sec=1731187347, nanosec=994070638), frame_id='RU_myo')","geometry_msgs.msg.Quaternion(x=0.44121877403963494, y=0.381954224365754, z=-0.44024222121287687, w=-0.6823662876972083)",[0. 0. 0. 0. 0. 0. 0. 0. 0.],"geometry_msgs.msg.Vector3(x=38.3125, y=8.75, z=9.3125)",[0. 0. 0. 0. 0. 0. 0. 0. 0.],"geometry_msgs.msg.Vector3(x=-0.12890625, y=0.93896484375, z=0.18896484375)",[0. 0. 0. 0. 0. 0. 0. 0. 0.],False,7.911804224,"[0.44121877403963494, 0.381954224365754, -0.44024222121287687, -0.6823662876972083]","[38.3125, 8.75, 9.3125]","[-0.12890625, 0.93896484375, 0.18896484375]"
17015572465,"std_msgs.msg.Header(stamp=builtin_interfaces.msg.Time(sec=1731187348, nanosec=13732725), frame_id='RU_myo')","geometry_msgs.msg.Quaternion(x=0.4412107524955488, y=0.3831069156749979, z=-0.44200418724204793, w=-0.6805839121701293)",[0. 0. 0. 0. 0. 0. 0. 0. 0.],"geometry_msgs.msg.Vector3(x=3.6875, y=1.4375, z=8.5)",[0. 0. 0. 0. 0. 0. 0. 0. 0.],"geometry_msgs.msg.Vector3(x=-0.18017578125, y=0.9345703125, z=0.15185546875)",[0. 0. 0. 0. 0. 0. 0. 0. 0.],False,7.931256074,"[0.4412107524955488, 0.3831069156749979, -0.44200418724204793, -0.6805839121701293]","[3.6875, 1.4375, 8.5]","[-0.18017578125, 0.9345703125, 0.15185546875]"
17038390453,"std_msgs.msg.Header(stamp=builtin_interfaces.msg.Time(sec=1731187348, nanosec=36131812), frame_id='RU_myo')","geometry_msgs.msg.Quaternion(x=0.4425640665054057, y=0.38018639777439966, z=-0.4407940543789877, w=-0.6821260525809425)",[0. 0. 0. 0. 0. 0. 0. 0. 0.],"geometry_msgs.msg.Vector3(x=-32.875, y=-12.0625, z=11.125)",[0. 0. 0. 0. 0. 0. 0. 0. 0.],"geometry_msgs.msg.Vector3(x=-0.20361328125, y=0.91162109375, z=0.10205078125)",[0. 0. 0. 0. 0. 0. 0. 0. 0.],False,7.954074062,"[0.4425640665054057, 0.38018639777439966, -0.4407940543789877, -0.6821260525809425]","[-32.875, -12.0625, 11.125]","[-0.20361328125, 0.91162109375, 0.10205078125]"
17056086488,"std_msgs.msg.Header(stamp=builtin_interfaces.msg.Time(sec=1731187348, nanosec=54062981), frame_id='RU_myo')","geometry_msgs.msg.Quaternion(x=0.444953344609318, y=0.37311382655648295, z=-0.4367134678572936, w=-0.6870836488706574)",[0. 0. 0. 0. 0. 0. 0. 0. 0.],"geometry_msgs.msg.Vector3(x=-66.3125, y=-25.8125, z=10.625)",[0. 0. 0. 0. 0. 0. 0. 0. 0.],"geometry_msgs.msg.Vector3(x=-0.18798828125, y=0.87744140625, z=0.09912109375)",[0. 0. 0. 0. 0. 0. 0. 0. 0.],False,7.971770097,"[0.444953344609318, 0.37311382655648295, -0.4367134678572936, -0.6870836488706574]","[-66.3125, -25.8125, 10.625]","[-0.18798828125, 0.87744140625, 0.09912109375]"
17075758770,"std_msgs.msg.Header(stamp=builtin_interfaces.msg.Time(sec=1731187348, nanosec=73702403), frame_id='RU_myo')","geometry_msgs.msg.Quaternion(x=0.44671775224907795, y=0.362794141189851, z=-0.43151994922817066, w=-0.6947043935099064)",[0. 0. 0. 0. 0. 0. 0. 0. 0.],"geometry_msgs.msg.Vector3(x=-85.9375, y=-42.625, z=5.1875)",[0. 0. 0. 0. 0. 0. 0. 0. 0.],"geometry_msgs.msg.Vector3(x=-0.15625, y=0.8369140625, z=0.0771484375)",[0. 0. 0. 0. 0. 0. 0. 0. 0.],False,7.991442379,"[0.44671775224907795, 0.362794141189851, -0.43151994922817066, -0.6947043935099064]","[-85.9375, -42.625, 5.1875]","[-0.15625, 0.8369140625, 0.0771484375]"
17101745885,"std_msgs.msg.Header(stamp=builtin_interfaces.msg.Time(sec=1731187348, nanosec=99519466), frame_id='RU_myo')","geometry_msgs.msg.Quaternion(x=0.44945743643225833, y=0.345759964338504, z=-0.42449436045442107, w=-0.7058630163415355)",[0. 0. 0. 0. 0. 0. 0. 0. 0.],"geometry_msgs.msg.Vector3(x=-110.3125, y=-67.125, z=10.125)",[0. 0. 0. 0. 0. 0. 0. 0. 0.],"geometry_msgs.msg.Vector3(x=-0.11669921875, y=0.80908203125, z=0.01708984375)",[0. 0. 0. 0. 0. 0. 0. 0. 0.],False,8.017429494,"[0.44945743643225833, 0.345759964338504, -0.42449436045442107, -0.7058630163415355]","[-110.3125, -67.125, 10.125]","[-0.11669921875, 0.80908203125, 0.01708984375]"
17115856746,"std_msgs.msg.Header(stamp=builtin_interfaces.msg.Time(sec=1731187348, nanosec=113835006), frame_id='RU_myo')","geometry_msgs.msg.Quaternion(x=0.45335920581106937, y=0.3228078674656362, z=-0.4152741028996387, w=-0.7195887232784745)",[0. 0. 0. 0. 0. 0. 0. 0. 0.],"geometry_msgs.msg.Vector3(x=-142.125, y=-86.9375, z=17.5)",[0. 0. 0. 0. 0. 0. 0. 0. 0.],"geometry_msgs.msg.Vector3(x=-0.04736328125, y=0.7626953125, z=0.08447265625)",[0. 0. 0. 0. 0. 0. 0. 0. 0.],False,8.031540355,"[0.45335920581106937, 0.3228078674656362, -0.4152741028996387, -0.7195887232784745]","[-142.125, -86.9375, 17.5]","[-0.04736328125, 0.7626953125, 0.08447265625]"
17137141238,"std_msgs.msg.Header(stamp=builtin_interfaces.msg.Time(sec=1731187348, nanosec=135095856), frame_id='RU_myo')","geometry_msgs.msg.Quaternion(x=0.4574419231309194, y=0.2944229269090801, z=-0.4049535903900801, w=-0.7348976913167979)",[0. 0. 0. 0. 0. 0. 0. 0. 0.],"geometry_msgs.msg.Vector3(x=-164.1875, y=-108.6875, z=24.3125)",[0. 0. 0. 0. 0. 0. 0. 0. 0.],"geometry_msgs.msg.Vector3(x=0.02294921875, y=0.66845703125, z=0.13037109375)",[0. 0. 0. 0. 0. 0. 0. 0. 0.],False,8.052824847,"[0.4574419231309194, 0.2944229269090801, -0.4049535903900801, -0.7348976913167979]","[-164.1875, -108.6875, 24.3125]","[0.02294921875, 0.66845703125, 0.13037109375]"
17158235231,"std_msgs.msg.Header(stamp=builtin_interfaces.msg.Time(sec=1731187348, nanosec=156214708), frame_id='RU_myo')","geometry_msgs.msg.Quaternion(x=0.46154824186673465, y=0.260864478410265, z=-0.3942264075928642, w=-0.7506720215179806)",[0. 0. 0. 0. 0. 0. 0. 0. 0.],"geometry_msgs.msg.Vector3(x=-179.625, y=-129.375, z=34.0625)",[0. 0. 0. 0. 0. 0. 0. 0. 0.],"geometry_msgs.msg.Vector3(x=0.1005859375, y=0.60595703125, z=0.1982421875)",[0. 0. 0. 0. 0. 0. 0. 0. 0.],False,8.07391884,"[0.46154824186673465, 0.260864478410265, -0.3942264075928642, -0.7506720215179806]","[-179.625, -129.375, 34.0625]","[0.1005859375, 0.60595703125, 0.1982421875]"
17176115842,"std_msgs.msg.Header(stamp=builtin_interfaces.msg.Time(sec=1731187348, nanosec=174051699), frame_id='RU_myo')","geometry_msgs.msg.Quaternion(x=0.4644800013184316, y=0.22491574308257822, z=-0.3841573098946397, w=-0.7655680231980404)",[0. 0. 0. 0. 0. 0. 0. 0. 0.],"geometry_msgs.msg.Vector3(x=-178.5625, y=-141.9375, z=36.5)",[0. 0. 0. 0. 0. 0. 0. 0. 0.],"geometry_msgs.msg.Vector3(x=0.19287109375, y=0.58740234375, z=0.2939453125)",[0. 0. 0. 0. 0. 0. 0. 0. 0.],False,8.091799451,"[0.4644800013184316, 0.22491574308257822, -0.3841573098946397, -0.7655680231980404]","[-178.5625, -141.9375, 36.5]","[0.19287109375, 0.58740234375, 0.2939453125]"
17197175634,"std_msgs.msg.Header(stamp=builtin_interfaces.msg.Time(sec=1731187348, nanosec=195127241), frame_id='RU_myo')","geometry_msgs.msg.Quaternion(x=0.4651471201987619, y=0.18682788806303768, z=-0.3749375094319636, w=-0.7798431642539799)",[0. 0. 0. 0. 0. 0. 0. 0. 0.],"geometry_msgs.msg.Vector3(x=-175.0625, y=-157.1875, z=34.125)",[0. 0. 0. 0. 0. 0. 0. 0. 0.],"geometry_msgs.msg.Vector3(x=0.2470703125, y=0.48046875, z=0.34814453125)",[0. 0. 0. 0. 0. 0. 0. 0. 0.],False,8.112859243,"[0.4651471201987619, 0.18682788806303768, -0.3749375094319636, -0.7798431642539799]","[-175.0625, -157.1875, 34.125]","[0.2470703125, 0.48046875, 0.34814453125]"
17242856645,"std_msgs.msg.Header(stamp=builtin_interfaces.msg.Time(sec=1731187348, nanosec=240825873), frame_id='RU_myo')","geometry_msgs.msg.Quaternion(x=0.46398444921505083, y=0.1468490640372813, z=-0.36840438509103485, w=-0.7921060486599487)",[0. 0. 0. 0. 0. 0. 0. 0. 0.],"geometry_msgs.msg.Vector3(x=-160.625, y=-174.5, z=37.875)",[0. 0. 0. 0. 0. 0. 0. 0. 0.],"geometry_msgs.msg.Vector3(x=0.287109375, y=0.36767578125, z=0.38818359375)",[0. 0. 0. 0. 0. 0. 0. 0. 0.],False,8.158540254,"[0.46398444921505083, 0.1468490640372813, -0.36840438509103485, -0.7921060486599487]","[-160.625, -174.5, 37.875]","[0.287109375, 0.36767578125, 0.38818359375]"
17245073848,"std_msgs.msg.Header(stamp=builtin_interfaces.msg.Time(sec=1731187348, nanosec=243029703), frame_id='RU_myo')","geometry_msgs.msg.Quaternion(x=0.46049486376108584, y=0.107845516801304, z=-0.36876208970768465, w=-0.80020519002937)",[0. 0. 0. 0. 0. 0. 0. 0. 0.],"geometry_msgs.msg.Vector3(x=-116.1875, y=-189.125, z=42.0)",[0. 0. 0. 0. 0. 0. 0. 0. 0.],"geometry_msgs.msg.Vector3(x=0.36279296875, y=0.435546875, z=0.4404296875)",[0. 0. 0. 0. 0. 0. 0. 0. 0.],False,8.160757457,"[0.46049486376108584, 0.107845516801304, -0.36876208970768465, -0.80020519002937]","[-116.1875, -189.125, 42.0]","[0.36279296875, 0.435546875, 0.4404296875]"
17257359419,"std_msgs.msg.Header(stamp=builtin_interfaces.msg.Time(sec=1731187348, nanosec=255162381), frame_id='RU_myo')","geometry_msgs.msg.Quaternion(x=0.4527512810915073, y=0.07195925591896564, z=-0.37688583994878105, w=-0.8048572585270568)",[0. 0. 0. 0. 0. 0. 0. 0. 0.],"geometry_msgs.msg.Vector3(x=-62.9375, y=-201.8125, z=29.5625)",[0. 0. 0. 0. 0. 0. 0. 0. 0.],"geometry_msgs.msg.Vector3(x=0.470703125, y=0.501953125, z=0.4833984375)",[0. 0. 0. 0. 0. 0. 0. 0. 0.],False,8.173043028,"[0.4527512810915073, 0.07195925591896564, -0.37688583994878105, -0.8048572585270568]","[-62.9375, -201.8125, 29.5625]","[0.470703125, 0.501953125, 0.4833984375]"
17278303418,"std_msgs.msg.Header(stamp=builtin_interfaces.msg.Time(sec=1731187348, nanosec=276191552), frame_id='RU_myo')","geometry_msgs.msg.Quaternion(x=0.4420060420375732, y=0.037535724365245444, z=-0.3904936007948624, w=-0.8066823885129253)",[0. 0. 0. 0. 0. 0. 0. 0. 0.],"geometry_msgs.msg.Vector3(x=-25.0625, y=-214.6875, z=22.0)",[0. 0. 0. 0. 0. 0. 0. 0. 0.],"geometry_msgs.msg.Vector3(x=0.5068359375, y=0.43798828125, z=0.55712890625)",[0. 0. 0. 0. 0. 0. 0. 0. 0.],False,8.193987027,"[0.4420060420375732, 0.037535724365245444, -0.3904936007948624, -0.8066823885129253]","[-25.0625, -214.6875, 22.0]","[0.5068359375, 0.43798828125, 0.55712890625]"
17296121414,"std_msgs.msg.Header(stamp=builtin_interfaces.msg.Time(sec=1731187348, nanosec=294030869), frame_id='RU_myo')","geometry_msgs.msg.Quaternion(x=0.43279194549214667, y=0.001464815497364479, z=-0.4075238781626094, w=-0.804122674074042)",[0. 0. 0. 0. 0. 0. 0. 0. 0.],"geometry_msgs.msg.Vector3(x=-2.6875, y=-226.25, z=43.8125)",[0. 0. 0. 0. 0. 0. 0. 0. 0.],"geometry_msgs.msg.Vector3(x=0.59326171875, y=0.337890625, z=0.50390625)",[0. 0. 0. 0. 0. 0. 0. 0. 0.],False,8.211805023,"[0.43279194549214667, 0.001464815497364479, -0.4075238781626094, -0.804122674074042]","[-2.6875, -226.25, 43.8125]","[0.59326171875, 0.337890625, 0.50390625]"
17317487196,"std_msgs.msg.Header(stamp=builtin_interfaces.msg.Time(sec=1731187348, nanosec=315296553), frame_id='RU_myo')","geometry_msgs.msg.Quaternion(x=0.4255300559837662, y=-0.03521670142034324, z=-0.4291310705137493, w=-0.7959462794154181)",[0. 0. 0. 0. 0. 0. 0. 0. 0.],"geometry_msgs.msg.Vector3(x=27.375, y=-235.1875, z=67.9375)",[0. 0. 0. 0. 0. 0. 0. 0. 0.],"geometry_msgs.msg.Vector3(x=0.74658203125, y=0.505859375, z=0.455078125)",[0. 0. 0. 0. 0. 0. 0. 0. 0.],False,8.233170805,"[0.4255300559837662, -0.03521670142034324, -0.4291310705137493, -0.7959462794154181]","[27.375, -235.1875, 67.9375]","[0.74658203125, 0.505859375, 0.455078125]"
17338333244,"std_msgs.msg.Header(stamp=builtin_interfaces.msg.Time(sec=1731187348, nanosec=336207793), frame_id='RU_myo')","geometry_msgs.msg.Quaternion(x=0.41789061336442496, y=-0.07250679840469357, z=-0.4512144449544609, w=-0.7851851527578979)",[0. 0. 0. 0. 0. 0. 0. 0. 0.],"geometry_msgs.msg.Vector3(x=33.875, y=-240.125, z=74.4375)",[0. 0. 0. 0. 0. 0. 0. 0. 0.],"geometry_msgs.msg.Vector3(x=0.880859375, y=0.6494140625, z=0.48828125)",[0. 0. 0. 0. 0. 0. 0. 0. 0.],False,8.254016853,"[0.41789061336442496, -0.07250679840469357, -0.4512144449544609, -0.7851851527578979]","[33.875, -240.125, 74.4375]","[0.880859375, 0.6494140625, 0.48828125]"
17338333244,"std_msgs.msg.Header(stamp=builtin_interfaces.msg.Time(sec=1731187354, nanosec=937519903), frame_id='RU_myo')","geometry_msgs.msg.Quaternion(x=0.2709211276336023, y=-0.452796541093421, z=-0.6505402792175191, w=-0.5462365605588513)",[0. 0. 0. 0. 0. 0. 0. 0. 0.],"geometry_msgs.msg.Vector3(x=13.3125, y=16.125, z=-33.125)",[0. 0. 0. 0. 0. 0. 0. 0. 0.],"geometry_msgs.msg.Vector3(x=0.7724609375, y=0.41748046875, z=-0.3916015625)",[0. 0. 0. 0. 0. 0. 0. 0. 0.],False,14.855317412,"[0.2709211276336023, -0.452796541093421, -0.6505402792175191, -0.5462365605588513]","[13.3125, 16.125, -33.125]","[0.7724609375, 0.41748046875, -0.3916015625]"
17344908510,"std_msgs.msg.Header(stamp=builtin_interfaces.msg.Time(sec=1731187354, nanosec=944161487), frame_id='RU_myo')","geometry_msgs.msg.Quaternion(x=0.26841596791270195, y=-0.4487026366744395, z=-0.655171763424933, w=-0.5453152963392432)",[0. 0. 0. 0. 0. 0. 0. 0. 0.],"geometry_msgs.msg.Vector3(x=12.25, y=1.625, z=-38.25)",[0. 0. 0. 0. 0. 0. 0. 0. 0.],"geometry_msgs.msg.Vector3(x=0.78662109375, y=0.36865234375, z=-0.37353515625)",[0. 0. 0. 0. 0. 0. 0. 0. 0.],False,14.861892678,"[0.26841596791270195, -0.4487026366744395, -0.655171763424933, -0.5453152963392432]","[12.25, 1.625, -38.25]","[0.78662109375, 0.36865234375, -0.37353515625]"
17360972629,"std_msgs.msg.Header(stamp=builtin_interfaces.msg.Time(sec=1731187354, nanosec=960091398), frame_id='RU_myo')","geometry_msgs.msg.Quaternion(x=0.26603488581604173, y=-0.44363560105455546, z=-0.6610896726678972, w=-0.5434826010993006)",[0. 0. 0. 0. 0. 0. 0. 0. 0.],"geometry_msgs.msg.Vector3(x=21.1875, y=-0.4375, z=-46.3125)",[0. 0. 0. 0. 0. 0. 0. 0. 0.],"geometry_msgs.msg.Vector3(x=0.8583984375, y=0.36865234375, z=-0.38427734375)",[0. 0. 0. 0. 0. 0. 0. 0. 0.],False,14.877956797,"[0.26603488581604173, -0.44363560105455546, -0.6610896726678972, -0.5434826010993006]","[21.1875, -0.4375, -46.3125]","[0.8583984375, 0.36865234375, -0.38427734375]"
17391594017,"std_msgs.msg.Header(stamp=builtin_interfaces.msg.Time(sec=1731187354, nanosec=990746142), frame_id='RU_myo')","geometry_msgs.msg.Quaternion(x=0.2638553761015404, y=-0.4355475280732344, z=-0.6682749278130385, w=-0.5422981764196592)",[0. 0. 0. 0. 0. 0. 0. 0. 0.],"geometry_msgs.msg.Vector3(x=29.3125, y=8.375, z=-56.6875)",[0. 0. 0. 0. 0. 0. 0. 0. 0.],"geometry_msgs.msg.Vector3(x=0.93017578125, y=0.509765625, z=-0.4013671875)",[0. 0. 0. 0. 0. 0. 0. 0. 0.],False,14.908578185,"[0.2638553761015404, -0.4355475280732344, -0.6682749278130385, -0.5422981764196592]","[29.3125, 8.375, -56.6875]","[0.93017578125, 0.509765625, -0.4013671875]"
17437003725,"std_msgs.msg.Header(stamp=builtin_interfaces.msg.Time(sec=1731187355, nanosec=36176430), frame_id='RU_myo')","geometry_msgs.msg.Quaternion(x=0.2624377050003571, y=-0.42472185792964773, z=-0.6769061828276653, w=-0.5408658003984104)",[0. 0. 0. 0. 0. 0. 0. 0. 0.],"geometry_msgs.msg.Vector3(x=46.0625, y=13.5, z=-58.875)",[0. 0. 0. 0. 0. 0. 0. 0. 0.],"geometry_msgs.msg.Vector3(x=0.953125, y=0.7080078125, z=-0.361328125)",[0. 0. 0. 0. 0. 0. 0. 0. 0.],False,14.953987893,"[0.2624377050003571, -0.42472185792964773, -0.6769061828276653, -0.5408658003984104]","[46.0625, 13.5, -58.875]","[0.953125, 0.7080078125, -0.361328125]"
17439605823,"std_msgs.msg.Header(stamp=builtin_interfaces.msg.Time(sec=1731187355, nanosec=38785955), frame_id='RU_myo')","geometry_msgs.msg.Quaternion(x=0.2603586200908212, y=-0.4137297434589023, z=-0.6838533375803216, w=-0.5416509032597371)",[0. 0. 0. 0. 0. 0. 0. 0. 0.],"geometry_msgs.msg.Vector3(x=33.0625, y=16.75, z=-59.3125)",[0. 0. 0. 0. 0. 0. 0. 0. 0.],"geometry_msgs.msg.Vector3(x=0.9677734375, y=0.7724609375, z=-0.32080078125)",[0. 0. 0. 0. 0. 0. 0. 0. 0.],False,14.956589991,"[0.2603586200908212, -0.4137297434589023, -0.6838533375803216, -0.5416509032597371]","[33.0625, 16.75, -59.3125]","[0.9677734375, 0.7724609375, -0.32080078125]"
17453213477,"std_msgs.msg.Header(stamp=builtin_interfaces.msg.Time(sec=1731187355, nanosec=52262382), frame_id='RU_myo')","geometry_msgs.msg.Quaternion(x=0.2555447681423202, y=-0.4030612965875048, z=-0.6873525624119441, w=-0.5475261798435047)",[0. 0. 0. 0. 0. 0. 0. 0. 0.],"geometry_msgs.msg.Vector3(x=-3.4375, y=18.9375, z=-68.375)",[0. 0. 0. 0. 0. 0. 0. 0. 0.],"geometry_msgs.msg.Vector3(x=0.96142578125, y=0.759765625, z=-0.26171875)",[0. 0. 0. 0. 0. 0. 0. 0. 0.],False,14.970197645,"[0.2555447681423202, -0.4030612965875048, -0.6873525624119441, -0.5475261798435047]","[-3.4375, 18.9375, -68.375]","[0.96142578125, 0.759765625, -0.26171875]"
17472486647,"std_msgs.msg.Header(stamp=builtin_interfaces.msg.Time(sec=1731187355, nanosec=71701478), frame_id='RU_myo')","geometry_msgs.msg.Quaternion(x=0.2485872611098229, y=-0.39128233021730285, z=-0.6895504237708763, w=-0.5564375299627438)",[0. 0. 0. 0. 0. 0. 0. 0. 0.],"geometry_msgs.msg.Vector3(x=-21.3125, y=21.9375, z=-81.4375)",[0. 0. 0. 0. 0. 0. 0. 0. 0.],"geometry_msgs.msg.Vector3(x=0.91845703125, y=0.76708984375, z=-0.21142578125)",[0. 0. 0. 0. 0. 0. 0. 0. 0.],False,14.989470815,"[0.2485872611098229, -0.39128233021730285, -0.6895504237708763, -0.5564375299627438]","[-21.3125, 21.9375, -81.4375]","[0.91845703125, 0.76708984375, -0.21142578125]"
17480876830,"std_msgs.msg.Header(stamp=builtin_interfaces.msg.Time(sec=1731187355, nanosec=80054066), frame_id='RU_myo')","geometry_msgs.msg.Quaternion(x=0.240098147982905, y=-0.3792500995337498, z=-0.690388980676823, w=-0.5673493603581812)",[0. 0. 0. 0. 0. 0. 0. 0. 0.],"geometry_msgs.msg.Vector3(x=-38.1875, y=22.9375, z=-90.6875)",[0. 0. 0. 0. 0. 0. 0. 0. 0.],"geometry_msgs.msg.Vector3(x=0.87548828125, y=0.71435546875, z=-0.18115234375)",[0. 0. 0. 0. 0. 0. 0. 0. 0.],False,14.997860998,"[0.240098147982905, -0.3792500995337498, -0.690388980676823, -0.5673493603581812]","[-38.1875, 22.9375, -90.6875]","[0.87548828125, 0.71435546875, -0.18115234375]"
17503233247,"std_msgs.msg.Header(stamp=builtin_interfaces.msg.Time(sec=1731187355, nanosec=102579514), frame_id='RU_myo')","geometry_msgs.msg.Quaternion(x=0.23118952206569357, y=-0.36661970935813654, z=-0.690211801753149, w=-0.579438575103404)",[0. 0. 0. 0. 0. 0. 0. 0. 0.],"geometry_msgs.msg.Vector3(x=-48.125, y=27.6875, z=-98.875)",[0. 0. 0. 0. 0. 0. 0. 0. 0.],"geometry_msgs.msg.Vector3(x=0.88818359375, y=0.68115234375, z=-0.18359375)",[0. 0. 0. 0. 0. 0. 0. 0. 0.],False,15.020217415,"[0.23118952206569357, -0.36661970935813654, -0.690211801753149, -0.579438575103404]","[-48.125, 27.6875, -98.875]","[0.88818359375, 0.68115234375, -0.18359375]"
17525095856,"std_msgs.msg.Header(stamp=builtin_interfaces.msg.Time(sec=1731187355, nanosec=124263299), frame_id='RU_myo')","geometry_msgs.msg.Quaternion(x=0.22191003168989096, y=-0.3519678637941697, z=-0.6899595457244821, w=-0.592309366763034)",[0. 0. 0. 0. 0. 0. 0. 0. 0.],"geometry_msgs.msg.Vector3(x=-50.875, y=38.375, z=-105.8125)",[0. 0. 0. 0. 0. 0. 0. 0. 0.],"geometry_msgs.msg.Vector3(x=0.88427734375, y=0.7666015625, z=-0.16162109375)",[0. 0. 0. 0. 0. 0. 0. 0. 0.],False,15.042080024,"[0.22191003168989096, -0.3519678637941697, -0.6899595457244821, -0.592309366763034]","[-50.875, 38.375, -105.8125]","[0.88427734375, 0.7666015625, -0.16162109375]"
17540896119,"std_msgs.msg.Header(stamp=builtin_interfaces.msg.Time(sec=1731187355, nanosec=140020637), frame_id='RU_myo')","geometry_msgs.msg.Quaternion(x=0.21141666826029729, y=-0.3354957925597154, z=-0.6880196597281557, w=-0.6077618887228754)",[0. 0. 0. 0. 0. 0. 0. 0. 0.],"geometry_msgs.msg.Vector3(x=-66.875, y=46.9375, z=-116.875)",[0. 0. 0. 0. 0. 0. 0. 0. 0.],"geometry_msgs.msg.Vector3(x=0.87744140625, y=0.85546875, z=-0.1181640625)",[0. 0. 0. 0. 0. 0. 0. 0. 0.],False,15.057880287,"[0.21141666826029729, -0.3354957925597154, -0.6880196597281557, -0.6077618887228754]","[-66.875, 46.9375, -116.875]","[0.87744140625, 0.85546875, -0.1181640625]"
17580903189,"std_msgs.msg.Header(stamp=builtin_interfaces.msg.Time(sec=1731187355, nanosec=180080966), frame_id='RU_myo')","geometry_msgs.msg.Quaternion(x=0.19878343270704274, y=-0.3177361224049323, z=-0.6835049625072679, w=-0.626378375766773)",[0. 0. 0. 0. 0. 0. 0. 0. 0.],"geometry_msgs.msg.Vector3(x=-90.6875, y=51.875, z=-128.0625)",[0. 0. 0. 0. 0. 0. 0. 0. 0.],"geometry_msgs.msg.Vector3(x=0.83837890625, y=0.91015625, z=-0.07666015625)",[0. 0. 0. 0. 0. 0. 0. 0. 0.],False,15.097887357,"[0.19878343270704274, -0.3177361224049323, -0.6835049625072679, -0.626378375766773]","[-90.6875, 51.875, -128.0625]","[0.83837890625, 0.91015625, -0.07666015625]"
17585012868,"std_msgs.msg.Header(stamp=builtin_interfaces.msg.Time(sec=1731187355, nanosec=184121886), frame_id='RU_myo')","geometry_msgs.msg.Quaternion(x=0.18492631622549344, y=-0.29917782248758046, z=-0.676293237655014, w=-0.647242106789227)",[0. 0. 0. 0. 0. 0. 0. 0. 0.],"geometry_msgs.msg.Vector3(x=-111.3125, y=58.0, z=-134.1875)",[0. 0. 0. 0. 0. 0. 0. 0. 0.],"geometry_msgs.msg.Vector3(x=0.79833984375, y=0.873046875, z=-0.05078125)",[0. 0. 0. 0. 0. 0. 0. 0. 0.],False,15.101997036,"[0.18492631622549344, -0.29917782248758046, -0.676293237655014, -0.647242106789227]","[-111.3125, 58.0, -134.1875]","[0.79833984375, 0.873046875, -0.05078125]"
17602580640,"std_msgs.msg.Header(stamp=builtin_interfaces.msg.Time(sec=1731187355, nanosec=201626283), frame_id='RU_myo')","geometry_msgs.msg.Quaternion(x=0.17065001693803117, y=-0.279106769476973, z=-0.6664871906163449, w=-0.6699050736451466)",[0. 0. 0. 0. 0. 0. 0. 0. 0.],"geometry_msgs.msg.Vector3(x=-125.5625, y=66.375, z=-140.4375)",[0. 0. 0. 0. 0. 0. 0. 0. 0.],"geometry_msgs.msg.Vector3(x=0.85791015625, y=0.89892578125, z=0.09912109375)",[0. 0. 0. 0. 0. 0. 0. 0. 0.],False,15.119564808,"[0.17065001693803117, -0.279106769476973, -0.6664871906163449, -0.6699050736451466]","[-125.5625, 66.375, -140.4375]","[0.85791015625, 0.89892578125, 0.09912109375]"
17648067715,"std_msgs.msg.Header(stamp=builtin_interfaces.msg.Time(sec=1731187355, nanosec=247124627), frame_id='RU_myo')","geometry_msgs.msg.Quaternion(x=0.1593537562584484, y=-0.25730962711053945, z=-0.6533442974901149, w=-0.6939303748213551)",[0. 0. 0. 0. 0. 0. 0. 0. 0.],"geometry_msgs.msg.Vector3(x=-136.8125, y=90.3125, z=-132.6875)",[0. 0. 0. 0. 0. 0. 0. 0. 0.],"geometry_msgs.msg.Vector3(x=0.75732421875, y=0.76318359375, z=0.16064453125)",[0. 0. 0. 0. 0. 0. 0. 0. 0.],False,15.165051883,"[0.1593537562584484, -0.25730962711053945, -0.6533442974901149, -0.6939303748213551]","[-136.8125, 90.3125, -132.6875]","[0.75732421875, 0.76318359375, 0.16064453125]"
17669794540,"std_msgs.msg.Header(stamp=builtin_interfaces.msg.Time(sec=1731187355, nanosec=268920876), frame_id='RU_myo')","geometry_msgs.msg.Quaternion(x=0.1487986187818561, y=-0.2347331779470954, z=-0.6365748949527313, w=-0.7193967676709343)",[0. 0. 0. 0. 0. 0. 0. 0. 0.],"geometry_msgs.msg.Vector3(x=-155.625, y=102.3125, z=-128.1875)",[0. 0. 0. 0. 0. 0. 0. 0. 0.],"geometry_msgs.msg.Vector3(x=0.69384765625, y=0.7470703125, z=0.201171875)",[0. 0. 0. 0. 0. 0. 0. 0. 0.],False,15.186778708,"[0.1487986187818561, -0.2347331779470954, -0.6365748949527313, -0.7193967676709343]","[-155.625, 102.3125, -128.1875]","[0.69384765625, 0.7470703125, 0.201171875]"
17672276149,"std_msgs.msg.Header(stamp=builtin_interfaces.msg.Time(sec=1731187355, nanosec=271374581), frame_id='RU_myo')","geometry_msgs.msg.Quaternion(x=0.14031367755475957, y=-0.21074516250395162, z=-0.6138647102417449, w=-0.7477089446382599)",[0. 0. 0. 0. 0. 0. 0. 0. 0.],"geometry_msgs.msg.Vector3(x=-186.375, y=125.0, z=-119.5)",[0. 0. 0. 0. 0. 0. 0. 0. 0.],"geometry_msgs.msg.Vector3(x=0.64697265625, y=0.7607421875, z=0.2470703125)",[0. 0. 0. 0. 0. 0. 0. 0. 0.],False,15.189260317,"[0.14031367755475957, -0.21074516250395162, -0.6138647102417449, -0.7477089446382599]","[-186.375, 125.0, -119.5]","[0.64697265625, 0.7607421875, 0.2470703125]"
17683624342,"std_msgs.msg.Header(stamp=builtin_interfaces.msg.Time(sec=1731187355, nanosec=282797642), frame_id='RU_myo')","geometry_msgs.msg.Quaternion(x=0.13494428309649253, y=-0.1849304286668351, z=-0.5850026926638991, w=-0.7780505295857472)",[0. 0. 0. 0. 0. 0. 0. 0. 0.],"geometry_msgs.msg.Vector3(x=-213.4375, y=151.0, z=-107.875)",[0. 0. 0. 0. 0. 0. 0. 0. 0.],"geometry_msgs.msg.Vector3(x=0.64208984375, y=0.70751953125, z=0.4033203125)",[0. 0. 0. 0. 0. 0. 0. 0. 0.],False,15.20060851,"[0.13494428309649253, -0.1849304286668351, -0.5850026926638991, -0.7780505295857472]","[-213.4375, 151.0, -107.875]","[0.64208984375, 0.70751953125, 0.4033203125]"
17715577987,"std_msgs.msg.Header(stamp=builtin_interfaces.msg.Time(sec=1731187355, nanosec=314826166), frame_id='RU_myo')","geometry_msgs.msg.Quaternion(x=0.13286968650935183, y=-0.1585647430185099, z=-0.5544883334577222, w=-0.8060679603716167)",[0. 0. 0. 0. 0. 0. 0. 0. 0.],"geometry_msgs.msg.Vector3(x=-210.625, y=164.5625, z=-90.125)",[0. 0. 0. 0. 0. 0. 0. 0. 0.],"geometry_msgs.msg.Vector3(x=0.56884765625, y=0.77392578125, z=0.40478515625)",[0. 0. 0. 0. 0. 0. 0. 0. 0.],False,15.232562155,"[0.13286968650935183, -0.1585647430185099, -0.5544883334577222, -0.8060679603716167]","[-210.625, 164.5625, -90.125]","[0.56884765625, 0.77392578125, 0.40478515625]"
17720903988,"std_msgs.msg.Header(stamp=builtin_interfaces.msg.Time(sec=1731187355, nanosec=320105276), frame_id='RU_myo')","geometry_msgs.msg.Quaternion(x=0.1337215941176292, y=-0.13231785305660437, z=-0.5203607080999118, w=-0.832967739168144)",[0. 0. 0. 0. 0. 0. 0. 0. 0.],"geometry_msgs.msg.Vector3(x=-221.5, y=175.75, z=-73.1875)",[0. 0. 0. 0. 0. 0. 0. 0. 0.],"geometry_msgs.msg.Vector3(x=0.57275390625, y=0.654296875, z=0.42626953125)",[0. 0. 0. 0. 0. 0. 0. 0. 0.],False,15.237888156,"[0.1337215941176292, -0.13231785305660437, -0.5203607080999118, -0.832967739168144]","[-221.5, 175.75, -73.1875]","[0.57275390625, 0.654296875, 0.42626953125]"
17743865520,"std_msgs.msg.Header(stamp=builtin_interfaces.msg.Time(sec=1731187355, nanosec=342924661), frame_id='RU_myo')","geometry_msgs.msg.Quaternion(x=0.1376888728016102, y=-0.10564691437038443, z=-0.4859391867227041, w=-0.8565883553947692)",[0. 0. 0. 0. 0. 0. 0. 0. 0.],"geometry_msgs.msg.Vector3(x=-209.125, y=185.875, z=-57.9375)",[0. 0. 0. 0. 0. 0. 0. 0. 0.],"geometry_msgs.msg.Vector3(x=0.5732421875, y=0.5341796875, z=0.52001953125)",[0. 0. 0. 0. 0. 0. 0. 0. 0.],False,15.260849688,"[0.1376888728016102, -0.10564691437038443, -0.4859391867227041, -0.8565883553947692]","[-209.125, 185.875, -57.9375]","[0.5732421875, 0.5341796875, 0.52001953125]"
17767300169,"std_msgs.msg.Header(stamp=builtin_interfaces.msg.Time(sec=1731187355, nanosec=366424140), frame_id='RU_myo')","geometry_msgs.msg.Quaternion(x=0.14635982144567422, y=-0.07818470862047901, z=-0.45482626747838373, w=-0.8749851543974919)",[0. 0. 0. 0. 0. 0. 0. 0. 0.],"geometry_msgs.msg.Vector3(x=-173.8125, y=196.8125, z=-34.5625)",[0. 0. 0. 0. 0. 0. 0. 0. 0.],"geometry_msgs.msg.Vector3(x=0.51806640625, y=0.46484375, z=0.61279296875)",[0. 0. 0. 0. 0. 0. 0. 0. 0.],False,15.284284337,"[0.14635982144567422, -0.07818470862047901, -0.45482626747838373, -0.8749851543974919]","[-173.8125, 196.8125, -34.5625]","[0.51806640625, 0.46484375, 0.61279296875]"
17780962378,"std_msgs.msg.Header(stamp=builtin_interfaces.msg.Time(sec=1731187355, nanosec=380226835), frame_id='RU_myo')","geometry_msgs.msg.Quaternion(x=0.1579516911282663, y=-0.053830522246959375, z=-0.4300948869323387, w=-0.8872270996644541)",[0. 0. 0. 0. 0. 0. 0. 0. 0.],"geometry_msgs.msg.Vector3(x=-126.9375, y=180.0625, z=-8.0625)",[0. 0. 0. 0. 0. 0. 0. 0. 0.],"geometry_msgs.msg.Vector3(x=0.40478515625, y=0.5009765625, z=0.68408203125)",[0. 0. 0. 0. 0. 0. 0. 0. 0.],False,15.297946546,"[0.1579516911282663, -0.053830522246959375, -0.4300948869323387, -0.8872270996644541]","[-126.9375, 180.0625, -8.0625]","[0.40478515625, 0.5009765625, 0.68408203125]"
17803598766,"std_msgs.msg.Header(stamp=builtin_interfaces.msg.Time(sec=1731187355, nanosec=402795240), frame_id='RU_myo')","geometry_msgs.msg.Quaternion(x=0.1727262022321622, y=-0.032103880697567956, z=-0.41252876356437607, w=-0.893842838053009)",[0. 0. 0. 0. 0. 0. 0. 0. 0.],"geometry_msgs.msg.Vector3(x=-78.1875, y=166.6875, z=17.9375)",[0. 0. 0. 0. 0. 0. 0. 0. 0.],"geometry_msgs.msg.Vector3(x=0.35986328125, y=0.4384765625, z=0.67431640625)",[0. 0. 0. 0. 0. 0. 0. 0. 0.],False,15.320582934,"[0.1727262022321622, -0.032103880697567956, -0.41252876356437607, -0.893842838053009]","[-78.1875, 166.6875, 17.9375]","[0.35986328125, 0.4384765625, 0.67431640625]"
17826651598,"std_msgs.msg.Header(stamp=builtin_interfaces.msg.Time(sec=1731187355, nanosec=425756544), frame_id='RU_myo')","geometry_msgs.msg.Quaternion(x=0.19207116673039937, y=-0.010619759456971557, z=-0.4022081311577159, w=-0.895111449401982)",[0. 0. 0. 0. 0. 0. 0. 0. 0.],"geometry_msgs.msg.Vector3(x=-29.25, y=169.3125, z=44.9375)",[0. 0. 0. 0. 0. 0. 0. 0. 0.],"geometry_msgs.msg.Vector3(x=0.423828125, y=0.46728515625, z=0.607421875)",[0. 0. 0. 0. 0. 0. 0. 0. 0.],False,15.343635766,"[0.19207116673039937, -0.010619759456971557, -0.4022081311577159, -0.895111449401982]","[-29.25, 169.3125, 44.9375]","[0.423828125, 0.46728515625, 0.607421875]"
17857189023,"std_msgs.msg.Header(stamp=builtin_interfaces.msg.Time(sec=1731187355, nanosec=456332521), frame_id='RU_myo')","geometry_msgs.msg.Quaternion(x=0.213060001706158, y=0.012389338397694091, z=-0.397862546869792, w=-0.8922764895285104)",[0. 0. 0. 0. 0. 0. 0. 0. 0.],"geometry_msgs.msg.Vector3(x=11.0625, y=174.6875, z=54.0625)",[0. 0. 0. 0. 0. 0. 0. 0. 0.],"geometry_msgs.msg.Vector3(x=0.4296875, y=0.529296875, z=0.53515625)",[0. 0. 0. 0. 0. 0. 0. 0. 0.],False,15.374173191,"[0.213060001706158, 0.012389338397694091, -0.397862546869792, -0.8922764895285104]","[11.0625, 174.6875, 54.0625]","[0.4296875, 0.529296875, 0.53515625]"
17863400907,"std_msgs.msg.Header(stamp=builtin_interfaces.msg.Time(sec=1731187355, nanosec=462735521), frame_id='RU_myo')","geometry_msgs.msg.Quaternion(x=0.23418131569182857, y=0.037840087497767454, z=-0.399884279492536, w=-0.8853359826493784)",[0. 0. 0. 0. 0. 0. 0. 0. 0.],"geometry_msgs.msg.Vector3(x=55.0625, y=180.4375, z=54.75)",[0. 0. 0. 0. 0. 0. 0. 0. 0.],"geometry_msgs.msg.Vector3(x=0.41552734375, y=0.5615234375, z=0.47802734375)",[0. 0. 0. 0. 0. 0. 0. 0. 0.],False,15.380385075,"[0.23418131569182857, 0.037840087497767454, -0.399884279492536, -0.8853359826493784]","[55.0625, 180.4375, 54.75]","[0.41552734375, 0.5615234375, 0.47802734375]"
17886686472,"std_msgs.msg.Header(stamp=builtin_interfaces.msg.Time(sec=1731187355, nanosec=485782322), frame_id='RU_myo')","geometry_msgs.msg.Quaternion(x=0.2541492350830277, y=0.06677215734409998, z=-0.4058209087576972, w=-0.8753622309223784)",[0. 0. 0. 0. 0. 0. 0. 0. 0.],"geometry_msgs.msg.Vector3(x=87.625, y=189.25, z=46.8125)",[0. 0. 0. 0. 0. 0. 0. 0. 0.],"geometry_msgs.msg.Vector3(x=0.29443359375, y=0.521484375, z=0.4833984375)",[0. 0. 0. 0. 0. 0. 0. 0. 0.],False,15.40367064,"[0.2541492350830277, 0.06677215734409998, -0.4058209087576972, -0.8753622309223784]","[87.625, 189.25, 46.8125]","[0.29443359375, 0.521484375, 0.4833984375]"
17907805140,"std_msgs.msg.Header(stamp=builtin_interfaces.msg.Time(sec=1731187355, nanosec=506890699), frame_id='RU_myo')","geometry_msgs.msg.Quaternion(x=0.27445971902382343, y=0.09545363588020009, z=-0.4151989033842719, w=-0.8620732780101191)",[0. 0. 0. 0. 0. 0. 0. 0. 0.],"geometry_msgs.msg.Vector3(x=111.4375, y=183.9375, z=56.4375)",[0. 0. 0. 0. 0. 0. 0. 0. 0.],"geometry_msgs.msg.Vector3(x=0.16259765625, y=0.57275390625, z=0.43017578125)",[0. 0. 0. 0. 0. 0. 0. 0. 0.],False,15.424789308,"[0.27445971902382343, 0.09545363588020009, -0.4151989033842719, -0.8620732780101191]","[111.4375, 183.9375, 56.4375]","[0.16259765625, 0.57275390625, 0.43017578125]"
17923212338,"std_msgs.msg.Header(stamp=builtin_interfaces.msg.Time(sec=1731187355, nanosec=522435930), frame_id='RU_myo')","geometry_msgs.msg.Quaternion(x=0.29326485055156, y=0.11999140399258418, z=-0.42509670844778674, w=-0.8478741527288807)",[0. 0. 0. 0. 0. 0. 0. 0. 0.],"geometry_msgs.msg.Vector3(x=108.5, y=158.9375, z=61.75)",[0. 0. 0. 0. 0. 0. 0. 0. 0.],"geometry_msgs.msg.Vector3(x=0.08984375, y=0.775390625, z=0.42431640625)",[0. 0. 0. 0. 0. 0. 0. 0. 0.],False,15.440196506,"[0.29326485055156, 0.11999140399258418, -0.42509670844778674, -0.8478741527288807]","[108.5, 158.9375, 61.75]","[0.08984375, 0.775390625, 0.42431640625]"
17946835047,"std_msgs.msg.Header(stamp=builtin_interfaces.msg.Time(sec=1731187355, nanosec=545955032), frame_id='RU_myo')","geometry_msgs.msg.Quaternion(x=0.3107876019469956, y=0.14117276577050292, z=-0.4285841596370391, w=-0.8365386630568582)",[0. 0. 0. 0. 0. 0. 0. 0. 0.],"geometry_msgs.msg.Vector3(x=61.375, y=148.5625, z=54.125)",[0. 0. 0. 0. 0. 0. 0. 0. 0.],"geometry_msgs.msg.Vector3(x=0.11083984375, y=0.9638671875, z=0.2392578125)",[0. 0. 0. 0. 0. 0. 0. 0. 0.],False,15.463819215,"[0.3107876019469956, 0.14117276577050292, -0.4285841596370391, -0.8365386630568582]","[61.375, 148.5625, 54.125]","[0.11083984375, 0.9638671875, 0.2392578125]"
17992043319,"std_msgs.msg.Header(stamp=builtin_interfaces.msg.Time(sec=1731187355, nanosec=591356461), frame_id='RU_myo')","geometry_msgs.msg.Quaternion(x=0.32579810587998353, y=0.15948116348152808, z=-0.42033936965070184, w=-0.8317067794729366)",[0. 0. 0. 0. 0. 0. 0. 0. 0.],"geometry_msgs.msg.Vector3(x=-13.0625, y=143.875, z=27.9375)",[0. 0. 0. 0. 0. 0. 0. 0. 0.],"geometry_msgs.msg.Vector3(x=0.08154296875, y=0.90576171875, z=0.2314453125)",[0. 0. 0. 0. 0. 0. 0. 0. 0.],False,15.509027487,"[0.32579810587998353, 0.15948116348152808, -0.42033936965070184, -0.8317067794729366]","[-13.0625, 143.875, 27.9375]","[0.08154296875, 0.90576171875, 0.2314453125]"
17994448681,"std_msgs.msg.Header(stamp=builtin_interfaces.msg.Time(sec=1731187355, nanosec=593786177), frame_id='RU_myo')","geometry_msgs.msg.Quaternion(x=0.3386169579276429, y=0.1737029311935962, z=-0.4087450914277982, w=-0.8295138924287301)",[0. 0. 0. 0. 0. 0. 0. 0. 0.],"geometry_msgs.msg.Vector3(x=-39.5, y=122.625, z=20.125)",[0. 0. 0. 0. 0. 0. 0. 0. 0.],"geometry_msgs.msg.Vector3(x=0.01611328125, y=0.80615234375, z=0.3125)",[0. 0. 0. 0. 0. 0. 0. 0. 0.],False,15.511432849,"[0.3386169579276429, 0.1737029311935962, -0.4087450914277982, -0.8295138924287301]","[-39.5, 122.625, 20.125]","[0.01611328125, 0.80615234375, 0.3125]"
18006614064,"std_msgs.msg.Header(stamp=builtin_interfaces.msg.Time(sec=1731187355, nanosec=605946538), frame_id='RU_myo')","geometry_msgs.msg.Quaternion(x=0.3500957129852302, y=0.18493549692211428, z=-0.40185323819643576, w=-0.8256790106806475)",[0. 0. 0. 0. 0. 0. 0. 0. 0.],"geometry_msgs.msg.Vector3(x=-23.5, y=97.8125, z=28.125)",[0. 0. 0. 0. 0. 0. 0. 0. 0.],"geometry_msgs.msg.Vector3(x=-0.001953125, y=0.697265625, z=0.35009765625)",[0. 0. 0. 0. 0. 0. 0. 0. 0.],False,15.523598232,"[0.3500957129852302, 0.18493549692211428, -0.40185323819643576, -0.8256790106806475]","[-23.5, 97.8125, 28.125]","[-0.001953125, 0.697265625, 0.35009765625]"
18027224003,"std_msgs.msg.Header(stamp=builtin_interfaces.msg.Time(sec=1731187355, nanosec=626589269), frame_id='RU_myo')","geometry_msgs.msg.Quaternion(x=0.3606520990889942, y=0.19384516275285932, z=-0.40032444033249504, w=-0.8198136732041581)",[0. 0. 0. 0. 0. 0. 0. 0. 0.],"geometry_msgs.msg.Vector3(x=7.4375, y=77.625, z=36.6875)",[0. 0. 0. 0. 0. 0. 0. 0. 0.],"geometry_msgs.msg.Vector3(x=0.02734375, y=0.63916015625, z=0.3916015625)",[0. 0. 0. 0. 0. 0. 0. 0. 0.],False,15.544208171,"[0.3606520990889942, 0.19384516275285932, -0.40032444033249504, -0.8198136732041581]","[7.4375, 77.625, 36.6875]","[0.02734375, 0.63916015625, 0.3916015625]"
18043395741,"std_msgs.msg.Header(stamp=builtin_interfaces.msg.Time(sec=1731187355, nanosec=642650311), frame_id='RU_myo')","geometry_msgs.msg.Quaternion(x=0.369689130925331, y=0.2025142044593443, z=-0.4056387591430989, w=-0.8110333781964336)",[0. 0. 0. 0. 0. 0. 0. 0. 0.],"geometry_msgs.msg.Vector3(x=46.3125, y=63.75, z=41.3125)",[0. 0. 0. 0. 0. 0. 0. 0. 0.],"geometry_msgs.msg.Vector3(x=0.06787109375, y=0.69677734375, z=0.390625)",[0. 0. 0. 0. 0. 0. 0. 0. 0.],False,15.560379909,"[0.369689130925331, 0.2025142044593443, -0.4056387591430989, -0.8110333781964336]","[46.3125, 63.75, 41.3125]","[0.06787109375, 0.69677734375, 0.390625]"
18066563109,"std_msgs.msg.Header(stamp=builtin_interfaces.msg.Time(sec=1731187355, nanosec=665821765), frame_id='RU_myo')","geometry_msgs.msg.Quaternion(x=0.3770621539167029, y=0.21184570026624727, z=-0.41441437764558314, w=-0.8007535544491974)",[0. 0. 0. 0. 0. 0. 0. 0. 0.],"geometry_msgs.msg.Vector3(x=62.1875, y=56.8125, z=39.875)",[0. 0. 0. 0. 0. 0. 0. 0. 0.],"geometry_msgs.msg.Vector3(x=0.05810546875, y=0.810546875, z=0.32373046875)",[0. 0. 0. 0. 0. 0. 0. 0. 0.],False,15.583547277,"[0.3770621539167029, 0.21184570026624727, -0.41441437764558314, -0.8007535544491974]","[62.1875, 56.8125, 39.875]","[0.05810546875, 0.810546875, 0.32373046875]"
18087897020,"std_msgs.msg.Header(stamp=builtin_interfaces.msg.Time(sec=1731187355, nanosec=686913740), frame_id='RU_myo')","geometry_msgs.msg.Quaternion(x=0.3832337849578864, y=0.22088279467472383, z=-0.4229060194255765, w=-0.7908812526651205)",[0. 0. 0. 0. 0. 0. 0. 0. 0.],"geometry_msgs.msg.Vector3(x=61.8125, y=50.1875, z=36.8125)",[0. 0. 0. 0. 0. 0. 0. 0. 0.],"geometry_msgs.msg.Vector3(x=-0.00244140625, y=0.86328125, z=0.3466796875)",[0. 0. 0. 0. 0. 0. 0. 0. 0.],False,15.604881188,"[0.3832337849578864, 0.22088279467472383, -0.4229060194255765, -0.7908812526651205]","[61.8125, 50.1875, 36.8125]","[-0.00244140625, 0.86328125, 0.3466796875]"
18135161429,"std_msgs.msg.Header(stamp=builtin_interfaces.msg.Time(sec=1731187355, nanosec=734505833), frame_id='RU_myo')","geometry_msgs.msg.Quaternion(x=0.38818301169743735, y=0.2279049317104137, z=-0.43157894272210373, w=-0.7817371090913173)",[0. 0. 0. 0. 0. 0. 0. 0. 0.],"geometry_msgs.msg.Vector3(x=62.5, y=37.625, z=34.1875)",[0. 0. 0. 0. 0. 0. 0. 0. 0.],"geometry_msgs.msg.Vector3(x=0.017578125, y=0.91259765625, z=0.42236328125)",[0. 0. 0. 0. 0. 0. 0. 0. 0.],False,15.652145597,"[0.38818301169743735, 0.2279049317104137, -0.43157894272210373, -0.7817371090913173]","[62.5, 37.625, 34.1875]","[0.017578125, 0.91259765625, 0.42236328125]"
18139730269,"std_msgs.msg.Header(stamp=builtin_interfaces.msg.Time(sec=1731187355, nanosec=739096084), frame_id='RU_myo')","geometry_msgs.msg.Quaternion(x=0.39245737562267335, y=0.23272783409786216, z=-0.43957667484206747, w=-0.7736842446956466)",[0. 0. 0. 0. 0. 0. 0. 0. 0.],"geometry_msgs.msg.Vector3(x=54.3125, y=27.6875, z=30.5625)",[0. 0. 0. 0. 0. 0. 0. 0. 0.],"geometry_msgs.msg.Vector3(x=0.06689453125, y=0.98583984375, z=0.47412109375)",[0. 0. 0. 0. 0. 0. 0. 0. 0.],False,15.656714437,"[0.39245737562267335, 0.23272783409786216, -0.43957667484206747, -0.7736842446956466]","[54.3125, 27.6875, 30.5625]","[0.06689453125, 0.98583984375, 0.47412109375]"
18155032669,"std_msgs.msg.Header(stamp=builtin_interfaces.msg.Time(sec=1731187355, nanosec=754215833), frame_id='RU_myo')","geometry_msgs.msg.Quaternion(x=0.39677673061424484, y=0.23577119064187477, z=-0.4435281497267678, w=-0.7682857229614081)",[0. 0. 0. 0. 0. 0. 0. 0. 0.],"geometry_msgs.msg.Vector3(x=21.6875, y=25.5, z=23.75)",[0. 0. 0. 0. 0. 0. 0. 0. 0.],"geometry_msgs.msg.Vector3(x=0.06884765625, y=1.05712890625, z=0.43115234375)",[0. 0. 0. 0. 0. 0. 0. 0. 0.],False,15.672016837,"[0.39677673061424484, 0.23577119064187477, -0.4435281497267678, -0.7682857229614081]","[21.6875, 25.5, 23.75]","[0.06884765625, 1.05712890625, 0.43115234375]"
18170807854,"std_msgs.msg.Header(stamp=builtin_interfaces.msg.Time(sec=1731187355, nanosec=770086415), frame_id='RU_myo')","geometry_msgs.msg.Quaternion(x=0.40110911101423724, y=0.23711334392731462, z=-0.4410247164012292, w=-0.7670631934307568)",[0. 0. 0. 0. 0. 0. 0. 0. 0.],"geometry_msgs.msg.Vector3(x=-20.375, y=24.8125, z=13.9375)",[0. 0. 0. 0. 0. 0. 0. 0. 0.],"geometry_msgs.msg.Vector3(x=0.0078125, y=1.013671875, z=0.423828125)",[0. 0. 0. 0. 0. 0. 0. 0. 0.],False,15.687792022,"[0.40110911101423724, 0.23711334392731462, -0.4410247164012292, -0.7670631934307568]","[-20.375, 24.8125, 13.9375]","[0.0078125, 1.013671875, 0.423828125]"
18193933752,"std_msgs.msg.Header(stamp=builtin_interfaces.msg.Time(sec=1731187355, nanosec=793197506), frame_id='RU_myo')","geometry_msgs.msg.Quaternion(x=0.40497324781426636, y=0.23688035791517223, z=-0.4360405248508092, w=-0.7679537911076262)",[0. 0. 0. 0. 0. 0. 0. 0. 0.],"geometry_msgs.msg.Vector3(x=-34.8125, y=19.4375, z=7.9375)",[0. 0. 0. 0. 0. 0. 0. 0. 0.],"geometry_msgs.msg.Vector3(x=0.00244140625, y=0.92138671875, z=0.46240234375)",[0. 0. 0. 0. 0. 0. 0. 0. 0.],False,15.71091792,"[0.40497324781426636, 0.23688035791517223, -0.4360405248508092, -0.7679537911076262]","[-34.8125, 19.4375, 7.9375]","[0.00244140625, 0.92138671875, 0.46240234375]"
18215193498,"std_msgs.msg.Header(stamp=builtin_interfaces.msg.Time(sec=1731187355, nanosec=814351770), frame_id='RU_myo')","geometry_msgs.msg.Quaternion(x=0.40789338612188747, y=0.2366306535978689, z=-0.43261234787250313, w=-0.7684240208401262)",[0. 0. 0. 0. 0. 0. 0. 0. 0.],"geometry_msgs.msg.Vector3(x=-22.0625, y=15.0625, z=4.8125)",[0. 0. 0. 0. 0. 0. 0. 0. 0.],"geometry_msgs.msg.Vector3(x=0.0341796875, y=0.8583984375, z=0.4951171875)",[0. 0. 0. 0. 0. 0. 0. 0. 0.],False,15.732177666,"[0.40789338612188747, 0.2366306535978689, -0.43261234787250313, -0.7684240208401262]","[-22.0625, 15.0625, 4.8125]","[0.0341796875, 0.8583984375, 0.4951171875]"
18230838477,"std_msgs.msg.Header(stamp=builtin_interfaces.msg.Time(sec=1731187355, nanosec=830083486), frame_id='RU_myo')","geometry_msgs.msg.Quaternion(x=0.4100265431828295, y=0.23736130194075974, z=-0.43096121188061315, w=-0.7679910677090717)",[0. 0. 0. 0. 0. 0. 0. 0. 0.],"geometry_msgs.msg.Vector3(x=-6.9375, y=14.8125, z=3.25)",[0. 0. 0. 0. 0. 0. 0. 0. 0.],"geometry_msgs.msg.Vector3(x=0.04248046875, y=0.810546875, z=0.5)",[0. 0. 0. 0. 0. 0. 0. 0. 0.],False,15.747822645,"[0.4100265431828295, 0.23736130194075974, -0.43096121188061315, -0.7679910677090717]","[-6.9375, 14.8125, 3.25]","[0.04248046875, 0.810546875, 0.5]"
18269691685,"std_msgs.msg.Header(stamp=builtin_interfaces.msg.Time(sec=1731187355, nanosec=868894931), frame_id='RU_myo')","geometry_msgs.msg.Quaternion(x=0.41155331966353126, y=0.2393149290227949, z=-0.43157252311149774, w=-0.7662228051395479)",[0. 0. 0. 0. 0. 0. 0. 0. 0.],"geometry_msgs.msg.Vector3(x=9.25, y=14.3125, z=5.0)",[0. 0. 0. 0. 0. 0. 0. 0. 0.],"geometry_msgs.msg.Vector3(x=0.0185546875, y=0.80078125, z=0.47119140625)",[0. 0. 0. 0. 0. 0. 0. 0. 0.],False,15.786675853,"[0.41155331966353126, 0.2393149290227949, -0.43157252311149774, -0.7662228051395479]","[9.25, 14.3125, 5.0]","[0.0185546875, 0.80078125, 0.47119140625]"
18271406656,"std_msgs.msg.Header(stamp=builtin_interfaces.msg.Time(sec=1731187355, nanosec=870640689), frame_id='RU_myo')","geometry_msgs.msg.Quaternion(x=0.4125199729764821, y=0.24168946485972317, z=-0.43400348096401303, w=-0.7635800239545446)",[0. 0. 0. 0. 0. 0. 0. 0. 0.],"geometry_msgs.msg.Vector3(x=24.5, y=11.6875, z=6.5)",[0. 0. 0. 0. 0. 0. 0. 0. 0.],"geometry_msgs.msg.Vector3(x=0.0107421875, y=0.78125, z=0.51025390625)",[0. 0. 0. 0. 0. 0. 0. 0. 0.],False,15.788390824,"[0.4125199729764821, 0.24168946485972317, -0.43400348096401303, -0.7635800239545446]","[24.5, 11.6875, 6.5]","[0.0107421875, 0.78125, 0.51025390625]"
18281961221,"std_msgs.msg.Header(stamp=builtin_interfaces.msg.Time(sec=1731187355, nanosec=881131908), frame_id='RU_myo')","geometry_msgs.msg.Quaternion(x=0.41300722837811965, y=0.24516773110608933, z=-0.44053290593073263, w=-0.7584514300361893)",[0. 0. 0. 0. 0. 0. 0. 0. 0.],"geometry_msgs.msg.Vector3(x=52.875, y=10.0625, z=11.0625)",[0. 0. 0. 0. 0. 0. 0. 0. 0.],"geometry_msgs.msg.Vector3(x=0.05029296875, y=0.78466796875, z=0.5078125)",[0. 0. 0. 0. 0. 0. 0. 0. 0.],False,15.798945389,"[0.41300722837811965, 0.24516773110608933, -0.44053290593073263, -0.7584514300361893]","[52.875, 10.0625, 11.0625]","[0.05029296875, 0.78466796875, 0.5078125]"
18298307464,"std_msgs.msg.Header(stamp=builtin_interfaces.msg.Time(sec=1731187355, nanosec=897544816), frame_id='RU_myo')","geometry_msgs.msg.Quaternion(x=0.41302123043393735, y=0.24975363897379513, z=-0.44860441018020386, w=-0.7521905783756234)",[0. 0. 0. 0. 0. 0. 0. 0. 0.],"geometry_msgs.msg.Vector3(x=61.8125, y=11.875, z=10.6875)",[0. 0. 0. 0. 0. 0. 0. 0. 0.],"geometry_msgs.msg.Vector3(x=0.05859375, y=0.853515625, z=0.45849609375)",[0. 0. 0. 0. 0. 0. 0. 0. 0.],False,15.815291632,"[0.41302123043393735, 0.24975363897379513, -0.44860441018020386, -0.7521905783756234]","[61.8125, 11.875, 10.6875]","[0.05859375, 0.853515625, 0.45849609375]"
18319324365,"std_msgs.msg.Header(stamp=builtin_interfaces.msg.Time(sec=1731187355, nanosec=918630714), frame_id='RU_myo')","geometry_msgs.msg.Quaternion(x=0.41294897541225756, y=0.2545074235100671, z=-0.45506171455421107, w=-0.746738207828698)",[0. 0. 0. 0. 0. 0. 0. 0. 0.],"geometry_msgs.msg.Vector3(x=52.875, y=13.25, z=8.5625)",[0. 0. 0. 0. 0. 0. 0. 0. 0.],"geometry_msgs.msg.Vector3(x=0.015625, y=0.8828125, z=0.44921875)",[0. 0. 0. 0. 0. 0. 0. 0. 0.],False,15.836308533,"[0.41294897541225756, 0.2545074235100671, -0.45506171455421107, -0.746738207828698]","[52.875, 13.25, 8.5625]","[0.015625, 0.8828125, 0.44921875]"
18341907466,"std_msgs.msg.Header(stamp=builtin_interfaces.msg.Time(sec=1731187355, nanosec=941148140), frame_id='RU_myo')","geometry_msgs.msg.Quaternion(x=0.41314557670651003, y=0.25768955899761936, z=-0.46050869792445237, w=-0.7421849922811585)",[0. 0. 0. 0. 0. 0. 0. 0. 0.],"geometry_msgs.msg.Vector3(x=42.1875, y=8.125, z=10.5625)",[0. 0. 0. 0. 0. 0. 0. 0. 0.],"geometry_msgs.msg.Vector3(x=0.0068359375, y=0.89599609375, z=0.43994140625)",[0. 0. 0. 0. 0. 0. 0. 0. 0.],False,15.858891634,"[0.41314557670651003, 0.25768955899761936, -0.46050869792445237, -0.7421849922811585]","[42.1875, 8.125, 10.5625]","[0.0068359375, 0.89599609375, 0.43994140625]"
18358404497,"std_msgs.msg.Header(stamp=builtin_interfaces.msg.Time(sec=1731187355, nanosec=957655436), frame_id='RU_myo')","geometry_msgs.msg.Quaternion(x=0.413439537617169, y=0.25975770181557, z=-0.4655619712051617, w=-0.7381366648866315)",[0. 0. 0. 0. 0. 0. 0. 0. 0.],"geometry_msgs.msg.Vector3(x=34.9375, y=3.8125, z=12.6875)",[0. 0. 0. 0. 0. 0. 0. 0. 0.],"geometry_msgs.msg.Vector3(x=0.00341796875, y=0.86767578125, z=0.3896484375)",[0. 0. 0. 0. 0. 0. 0. 0. 0.],False,15.875388665,"[0.413439537617169, 0.25975770181557, -0.4655619712051617, -0.7381366648866315]","[34.9375, 3.8125, 12.6875]","[0.00341796875, 0.86767578125, 0.3896484375]"
18379374164,"std_msgs.msg.Header(stamp=builtin_interfaces.msg.Time(sec=1731187355, nanosec=978619588), frame_id='RU_myo')","geometry_msgs.msg.Quaternion(x=0.4136191939221201, y=0.2612203261010291, z=-0.47007452140890793, w=-0.7346516507659082)",[0. 0. 0. 0. 0. 0. 0. 0. 0.],"geometry_msgs.msg.Vector3(x=30.3125, y=1.3125, z=11.4375)",[0. 0. 0. 0. 0. 0. 0. 0. 0.],"geometry_msgs.msg.Vector3(x=0.01025390625, y=0.86572265625, z=0.38330078125)",[0. 0. 0. 0. 0. 0. 0. 0. 0.],False,15.896358332,"[0.4136191939221201, 0.2612203261010291, -0.47007452140890793, -0.7346516507659082]","[30.3125, 1.3125, 11.4375]","[0.01025390625, 0.86572265625, 0.38330078125]"
18414148955,"std_msgs.msg.Header(stamp=builtin_interfaces.msg.Time(sec=1731187356, nanosec=13334048), frame_id='RU_myo')","geometry_msgs.msg.Quaternion(x=0.413019587991837, y=0.2627529667954571, z=-0.47539671506848213, w=-0.7310086604667108)",[0. 0. 0. 0. 0. 0. 0. 0. 0.],"geometry_msgs.msg.Vector3(x=34.75, y=-0.5, z=5.8125)",[0. 0. 0. 0. 0. 0. 0. 0. 0.],"geometry_msgs.msg.Vector3(x=0.0712890625, y=1.001953125, z=0.42138671875)",[0. 0. 0. 0. 0. 0. 0. 0. 0.],False,15.931133123,"[0.413019587991837, 0.2627529667954571, -0.47539671506848213, -0.7310086604667108]","[34.75, -0.5, 5.8125]","[0.0712890625, 1.001953125, 0.42138671875]"
18418314172,"std_msgs.msg.Header(stamp=builtin_interfaces.msg.Time(sec=1731187356, nanosec=17621049), frame_id='RU_myo')","geometry_msgs.msg.Quaternion(x=0.4128316675036406, y=0.2642757422073867, z=-0.47893111988484144, w=-0.7282536157086693)",[0. 0. 0. 0. 0. 0. 0. 0. 0.],"geometry_msgs.msg.Vector3(x=27.625, y=3.8125, z=1.1875)",[0. 0. 0. 0. 0. 0. 0. 0. 0.],"geometry_msgs.msg.Vector3(x=0.0966796875, y=1.0673828125, z=0.49267578125)",[0. 0. 0. 0. 0. 0. 0. 0. 0.],False,15.93529834,"[0.4128316675036406, 0.2642757422073867, -0.47893111988484144, -0.7282536157086693]","[27.625, 3.8125, 1.1875]","[0.0966796875, 1.0673828125, 0.49267578125]"
18439252400,"std_msgs.msg.Header(stamp=builtin_interfaces.msg.Time(sec=1731187356, nanosec=38673569), frame_id='RU_myo')","geometry_msgs.msg.Quaternion(x=0.41405555042763453, y=0.2650712345971723, z=-0.47844655952273396, w=-0.7275878857087016)",[0. 0. 0. 0. 0. 0. 0. 0. 0.],"geometry_msgs.msg.Vector3(x=2.625, y=10.625, z=-0.3125)",[0. 0. 0. 0. 0. 0. 0. 0. 0.],"geometry_msgs.msg.Vector3(x=0.0771484375, y=1.0234375, z=0.48779296875)",[0. 0. 0. 0. 0. 0. 0. 0. 0.],False,15.956236568,"[0.41405555042763453, 0.2650712345971723, -0.47844655952273396, -0.7275878857087016]","[2.625, 10.625, -0.3125]","[0.0771484375, 1.0234375, 0.48779296875]"
18461964230,"std_msgs.msg.Header(stamp=builtin_interfaces.msg.Time(sec=1731187356, nanosec=61191859), frame_id='RU_myo')","geometry_msgs.msg.Quaternion(x=0.41515982362539844, y=0.26586830222173413, z=-0.4763778922958299, w=-0.728025047957035)",[0. 0. 0. 0. 0. 0. 0. 0. 0.],"geometry_msgs.msg.Vector3(x=-9.0, y=11.5625, z=-3.5)",[0. 0. 0. 0. 0. 0. 0. 0. 0.],"geometry_msgs.msg.Vector3(x=0.033203125, y=0.90625, z=0.41259765625)",[0. 0. 0. 0. 0. 0. 0. 0. 0.],False,15.978948398,"[0.41515982362539844, 0.26586830222173413, -0.4763778922958299, -0.728025047957035]","[-9.0, 11.5625, -3.5]","[0.033203125, 0.90625, 0.41259765625]"
18476880426,"std_msgs.msg.Header(stamp=builtin_interfaces.msg.Time(sec=1731187356, nanosec=76165473), frame_id='RU_myo')","geometry_msgs.msg.Quaternion(x=0.4151053314389705, y=0.26666595986720515, z=-0.47577504169486473, w=-0.7281585949223524)",[0. 0. 0. 0. 0. 0. 0. 0. 0.],"geometry_msgs.msg.Vector3(x=-3.125, y=4.8125, z=-5.125)",[0. 0. 0. 0. 0. 0. 0. 0. 0.],"geometry_msgs.msg.Vector3(x=0.02783203125, y=0.8935546875, z=0.35888671875)",[0. 0. 0. 0. 0. 0. 0. 0. 0.],False,15.993864594,"[0.4151053314389705, 0.26666595986720515, -0.47577504169486473, -0.7281585949223524]","[-3.125, 4.8125, -5.125]","[0.02783203125, 0.8935546875, 0.35888671875]"
18499171783,"std_msgs.msg.Header(stamp=builtin_interfaces.msg.Time(sec=1731187356, nanosec=98567976), frame_id='RU_myo')","geometry_msgs.msg.Quaternion(x=0.4136837432224806, y=0.268424476643917, z=-0.4770973474137106, w=-0.7274559656932349)",[0. 0. 0. 0. 0. 0. 0. 0. 0.],"geometry_msgs.msg.Vector3(x=11.75, y=1.875, z=-7.9375)",[0. 0. 0. 0. 0. 0. 0. 0. 0.],"geometry_msgs.msg.Vector3(x=0.02294921875, y=0.91796875, z=0.37060546875)",[0. 0. 0. 0. 0. 0. 0. 0. 0.],False,16.016155951,"[0.4136837432224806, 0.268424476643917, -0.4770973474137106, -0.7274559656932349]","[11.75, 1.875, -7.9375]","[0.02294921875, 0.91796875, 0.37060546875]"
18522039709,"std_msgs.msg.Header(stamp=builtin_interfaces.msg.Time(sec=1731187356, nanosec=121214187), frame_id='RU_myo')","geometry_msgs.msg.Quaternion(x=0.4118673195284013, y=0.2709364302588283, z=-0.47925047316790265, w=-0.7261389301169814)",[0. 0. 0. 0. 0. 0. 0. 0. 0.],"geometry_msgs.msg.Vector3(x=24.9375, y=2.5, z=-8.625)",[0. 0. 0. 0. 0. 0. 0. 0. 0.],"geometry_msgs.msg.Vector3(x=0.0078125, y=0.84423828125, z=0.421875)",[0. 0. 0. 0. 0. 0. 0. 0. 0.],False,16.039023877,"[0.4118673195284013, 0.2709364302588283, -0.47925047316790265, -0.7261389301169814]","[24.9375, 2.5, -8.625]","[0.0078125, 0.84423828125, 0.421875]"
18547494203,"std_msgs.msg.Header(stamp=builtin_interfaces.msg.Time(sec=1731187356, nanosec=146689973), frame_id='RU_myo')","geometry_msgs.msg.Quaternion(x=0.4096550414968133, y=0.27434437001313705, z=-0.4835662833401746, w=-0.7232437785663346)",[0. 0. 0. 0. 0. 0. 0. 0. 0.],"geometry_msgs.msg.Vector3(x=39.5, y=3.3125, z=-7.125)",[0. 0. 0. 0. 0. 0. 0. 0. 0.],"geometry_msgs.msg.Vector3(x=0.02880859375, y=0.8154296875, z=0.37060546875)",[0. 0. 0. 0. 0. 0. 0. 0. 0.],False,16.064478371,"[0.4096550414968133, 0.27434437001313705, -0.4835662833401746, -0.7232437785663346]","[39.5, 3.3125, -7.125]","[0.02880859375, 0.8154296875, 0.37060546875]"
18559289464,"std_msgs.msg.Header(stamp=builtin_interfaces.msg.Time(sec=1731187356, nanosec=158563949), frame_id='RU_myo')","geometry_msgs.msg.Quaternion(x=0.4071720384059449, y=0.2783857993058784, z=-0.4898149615061772, w=-0.7188835659339259)",[0. 0. 0. 0. 0. 0. 0. 0. 0.],"geometry_msgs.msg.Vector3(x=49.9375, y=3.0, z=-3.8125)",[0. 0. 0. 0. 0. 0. 0. 0. 0.],"geometry_msgs.msg.Vector3(x=0.03466796875, y=0.87646484375, z=0.3193359375)",[0. 0. 0. 0. 0. 0. 0. 0. 0.],False,16.076273632,"[0.4071720384059449, 0.2783857993058784, -0.4898149615061772, -0.7188835659339259]","[49.9375, 3.0, -3.8125]","[0.03466796875, 0.87646484375, 0.3193359375]"
18584903756,"std_msgs.msg.Header(stamp=builtin_interfaces.msg.Time(sec=1731187356, nanosec=184146862), frame_id='RU_myo')","geometry_msgs.msg.Quaternion(x=0.4052027786536599, y=0.2823419271052614, z=-0.4955326645412057, w=-0.7145216041118235)",[0. 0. 0. 0. 0. 0. 0. 0. 0.],"geometry_msgs.msg.Vector3(x=50.0, y=5.1875, z=-1.3125)",[0. 0. 0. 0. 0. 0. 0. 0. 0.],"geometry_msgs.msg.Vector3(x=0.01953125, y=0.9013671875, z=0.36572265625)",[0. 0. 0. 0. 0. 0. 0. 0. 0.],False,16.101887924,"[0.4052027786536599, 0.2823419271052614, -0.4955326645412057, -0.7145216041118235]","[50.0, 5.1875, -1.3125]","[0.01953125, 0.9013671875, 0.36572265625]"
18598124836,"std_msgs.msg.Header(stamp=builtin_interfaces.msg.Time(sec=1731187356, nanosec=197563357), frame_id='RU_myo')","geometry_msgs.msg.Quaternion(x=0.4034946675645662, y=0.28630970890113144, z=-0.5014539689472811, w=-0.7097624397380639)",[0. 0. 0. 0. 0. 0. 0. 0. 0.],"geometry_msgs.msg.Vector3(x=52.8125, y=4.9375, z=2.5)",[0. 0. 0. 0. 0. 0. 0. 0. 0.],"geometry_msgs.msg.Vector3(x=-0.0029296875, y=0.9033203125, z=0.36865234375)",[0. 0. 0. 0. 0. 0. 0. 0. 0.],False,16.115109004,"[0.4034946675645662, 0.28630970890113144, -0.5014539689472811, -0.7097624397380639]","[52.8125, 4.9375, 2.5]","[-0.0029296875, 0.9033203125, 0.36865234375]"
18619327306,"std_msgs.msg.Header(stamp=builtin_interfaces.msg.Time(sec=1731187356, nanosec=218602851), frame_id='RU_myo')","geometry_msgs.msg.Quaternion(x=0.4021554077972639, y=0.28966907958807325, z=-0.5059138223146943, w=-0.7059844592488923)",[0. 0. 0. 0. 0. 0. 0. 0. 0.],"geometry_msgs.msg.Vector3(x=39.625, y=5.0625, z=2.875)",[0. 0. 0. 0. 0. 0. 0. 0. 0.],"geometry_msgs.msg.Vector3(x=-0.03076171875, y=0.9453125, z=0.3271484375)",[0. 0. 0. 0. 0. 0. 0. 0. 0.],False,16.136311474,"[0.4021554077972639, 0.28966907958807325, -0.5059138223146943, -0.7059844592488923]","[39.625, 5.0625, 2.875]","[-0.03076171875, 0.9453125, 0.3271484375]"
18641861976,"std_msgs.msg.Header(stamp=builtin_interfaces.msg.Time(sec=1731187356, nanosec=241087618), frame_id='RU_myo')","geometry_msgs.msg.Quaternion(x=0.40111042661455026, y=0.29259333310866614, z=-0.5088951212891236, w=-0.7032249445302569)",[0. 0. 0. 0. 0. 0. 0. 0. 0.],"geometry_msgs.msg.Vector3(x=29.375, y=6.0625, z=0.3125)",[0. 0. 0. 0. 0. 0. 0. 0. 0.],"geometry_msgs.msg.Vector3(x=-0.03173828125, y=0.9541015625, z=0.32568359375)",[0. 0. 0. 0. 0. 0. 0. 0. 0.],False,16.158846144,"[0.40111042661455026, 0.29259333310866614, -0.5088951212891236, -0.7032249445302569]","[29.375, 6.0625, 0.3125]","[-0.03173828125, 0.9541015625, 0.32568359375]"
18656828184,"std_msgs.msg.Header(stamp=builtin_interfaces.msg.Time(sec=1731187356, nanosec=256075919), frame_id='RU_myo')","geometry_msgs.msg.Quaternion(x=0.4005701349325164, y=0.29522440083324425, z=-0.5112258799626326, w=-0.7007383390462016)",[0. 0. 0. 0. 0. 0. 0. 0. 0.],"geometry_msgs.msg.Vector3(x=25.6875, y=6.75, z=1.8125)",[0. 0. 0. 0. 0. 0. 0. 0. 0.],"geometry_msgs.msg.Vector3(x=-0.03662109375, y=0.9501953125, z=0.33544921875)",[0. 0. 0. 0. 0. 0. 0. 0. 0.],False,16.173812352,"[0.4005701349325164, 0.29522440083324425, -0.5112258799626326, -0.7007383390462016]","[25.6875, 6.75, 1.8125]","[-0.03662109375, 0.9501953125, 0.33544921875]"
18690225898,"std_msgs.msg.Header(stamp=builtin_interfaces.msg.Time(sec=1731187356, nanosec=289434243), frame_id='RU_myo')","geometry_msgs.msg.Quaternion(x=0.39941949282343725, y=0.29803871996589915, z=-0.51355678676901, w=-0.6984958245524779)",[0. 0. 0. 0. 0. 0. 0. 0. 0.],"geometry_msgs.msg.Vector3(x=25.3125, y=5.6875, z=-1.4375)",[0. 0. 0. 0. 0. 0. 0. 0. 0.],"geometry_msgs.msg.Vector3(x=-0.04150390625, y=0.958984375, z=0.30810546875)",[0. 0. 0. 0. 0. 0. 0. 0. 0.],False,16.207210066,"[0.39941949282343725, 0.29803871996589915, -0.51355678676901, -0.6984958245524779]","[25.3125, 5.6875, -1.4375]","[-0.04150390625, 0.958984375, 0.30810546875]"
18701871092,"std_msgs.msg.Header(stamp=builtin_interfaces.msg.Time(sec=1731187356, nanosec=301087778), frame_id='RU_myo')","geometry_msgs.msg.Quaternion(x=0.3975028543325628, y=0.3010719454049643, z=-0.5149898794500484, w=-0.6972320908790415)",[0. 0. 0. 0. 0. 0. 0. 0. 0.],"geometry_msgs.msg.Vector3(x=18.0, y=4.5625, z=-8.5)",[0. 0. 0. 0. 0. 0. 0. 0. 0.],"geometry_msgs.msg.Vector3(x=-0.052734375, y=1.01953125, z=0.28466796875)",[0. 0. 0. 0. 0. 0. 0. 0. 0.],False,16.21885526,"[0.3975028543325628, 0.3010719454049643, -0.5149898794500484, -0.6972320908790415]","[18.0, 4.5625, -8.5]","[-0.052734375, 1.01953125, 0.28466796875]"
18716891070,"std_msgs.msg.Header(stamp=builtin_interfaces.msg.Time(sec=1731187356, nanosec=316151866), frame_id='RU_myo')","geometry_msgs.msg.Quaternion(x=0.3945933685291999, y=0.30401694797276796, z=-0.5166029808555527, w=-0.6964130448442647)",[0. 0. 0. 0. 0. 0. 0. 0. 0.],"geometry_msgs.msg.Vector3(x=20.375, y=0.125, z=-12.8125)",[0. 0. 0. 0. 0. 0. 0. 0. 0.],"geometry_msgs.msg.Vector3(x=-0.060546875, y=1.00341796875, z=0.2900390625)",[0. 0. 0. 0. 0. 0. 0. 0. 0.],False,16.233875238,"[0.3945933685291999, 0.30401694797276796, -0.5166029808555527, -0.6964130448442647]","[20.375, 0.125, -12.8125]","[-0.060546875, 1.00341796875, 0.2900390625]"
18746856727,"std_msgs.msg.Header(stamp=builtin_interfaces.msg.Time(sec=1731187356, nanosec=346061320), frame_id='RU_myo')","geometry_msgs.msg.Quaternion(x=0.39085497571628225, y=0.30687364426943586, z=-0.5204889495484784, w=-0.6943718080456189)",[0. 0. 0. 0. 0. 0. 0. 0. 0.],"geometry_msgs.msg.Vector3(x=36.375, y=-5.1875, z=-11.3125)",[0. 0. 0. 0. 0. 0. 0. 0. 0.],"geometry_msgs.msg.Vector3(x=-0.03125, y=0.89404296875, z=0.27734375)",[0. 0. 0. 0. 0. 0. 0. 0. 0.],False,16.263840895,"[0.39085497571628225, 0.30687364426943586, -0.5204889495484784, -0.6943718080456189]","[36.375, -5.1875, -11.3125]","[-0.03125, 0.89404296875, 0.27734375]"
18761833719,"std_msgs.msg.Header(stamp=builtin_interfaces.msg.Time(sec=1731187356, nanosec=361149223), frame_id='RU_myo')","geometry_msgs.msg.Quaternion(x=0.38610894645606353, y=0.30926557567070406, z=-0.5245979125497734, w=-0.6928720771687059)",[0. 0. 0. 0. 0. 0. 0. 0. 0.],"geometry_msgs.msg.Vector3(x=28.25, y=-10.875, z=-17.4375)",[0. 0. 0. 0. 0. 0. 0. 0. 0.],"geometry_msgs.msg.Vector3(x=0.00244140625, y=1.09130859375, z=0.19921875)",[0. 0. 0. 0. 0. 0. 0. 0. 0.],False,16.278817887,"[0.38610894645606353, 0.30926557567070406, -0.5245979125497734, -0.6928720771687059]","[28.25, -10.875, -17.4375]","[0.00244140625, 1.09130859375, 0.19921875]"
18776960896,"std_msgs.msg.Header(stamp=builtin_interfaces.msg.Time(sec=1731187356, nanosec=376216506), frame_id='RU_myo')","geometry_msgs.msg.Quaternion(x=0.38159597556111147, y=0.3110385622935739, z=-0.5246639484842154, w=-0.6945266484180882)",[0. 0. 0. 0. 0. 0. 0. 0. 0.],"geometry_msgs.msg.Vector3(x=2.0, y=-9.4375, z=-28.125)",[0. 0. 0. 0. 0. 0. 0. 0. 0.],"geometry_msgs.msg.Vector3(x=-0.021484375, y=1.28173828125, z=0.263671875)",[0. 0. 0. 0. 0. 0. 0. 0. 0.],False,16.293945064,"[0.38159597556111147, 0.3110385622935739, -0.5246639484842154, -0.6945266484180882]","[2.0, -9.4375, -28.125]","[-0.021484375, 1.28173828125, 0.263671875]"
18799420847,"std_msgs.msg.Header(stamp=builtin_interfaces.msg.Time(sec=1731187356, nanosec=398583886), frame_id='RU_myo')","geometry_msgs.msg.Quaternion(x=0.3776152766720292, y=0.31175995365132136, z=-0.5195795781976701, w=-0.7001781887799449)",[0. 0. 0. 0. 0. 0. 0. 0. 0.],"geometry_msgs.msg.Vector3(x=-29.125, y=-8.125, z=-39.9375)",[0. 0. 0. 0. 0. 0. 0. 0. 0.],"geometry_msgs.msg.Vector3(x=-0.046875, y=1.1640625, z=0.3115234375)",[0. 0. 0. 0. 0. 0. 0. 0. 0.],False,16.316405015,"[0.3776152766720292, 0.31175995365132136, -0.5195795781976701, -0.7001781887799449]","[-29.125, -8.125, -39.9375]","[-0.046875, 1.1640625, 0.3115234375]"
18834266054,"std_msgs.msg.Header(stamp=builtin_interfaces.msg.Time(sec=1731187356, nanosec=433349784), frame_id='RU_myo')","geometry_msgs.msg.Quaternion(x=0.374506795310254, y=0.3113362390608875, z=-0.5104913357195183, w=-0.7086698827163233)",[0. 0. 0. 0. 0. 0. 0. 0. 0.],"geometry_msgs.msg.Vector3(x=-57.5625, y=-5.9375, z=-47.875)",[0. 0. 0. 0. 0. 0. 0. 0. 0.],"geometry_msgs.msg.Vector3(x=-0.0361328125, y=1.05419921875, z=0.30908203125)",[0. 0. 0. 0. 0. 0. 0. 0. 0.],False,16.351250222,"[0.374506795310254, 0.3113362390608875, -0.5104913357195183, -0.7086698827163233]","[-57.5625, -5.9375, -47.875]","[-0.0361328125, 1.05419921875, 0.30908203125]"
18838258243,"std_msgs.msg.Header(stamp=builtin_interfaces.msg.Time(sec=1731187356, nanosec=437493956), frame_id='RU_myo')","geometry_msgs.msg.Quaternion(x=0.37219233913698047, y=0.3108520143038114, z=-0.49920648438854764, w=-0.7180785290171492)",[0. 0. 0. 0. 0. 0. 0. 0. 0.],"geometry_msgs.msg.Vector3(x=-68.875, y=0.3125, z=-52.8125)",[0. 0. 0. 0. 0. 0. 0. 0. 0.],"geometry_msgs.msg.Vector3(x=-0.013671875, y=1.041015625, z=0.359375)",[0. 0. 0. 0. 0. 0. 0. 0. 0.],False,16.355242411,"[0.37219233913698047, 0.3108520143038114, -0.49920648438854764, -0.7180785290171492]","[-68.875, 0.3125, -52.8125]","[-0.013671875, 1.041015625, 0.359375]"
18866914630,"std_msgs.msg.Header(stamp=builtin_interfaces.msg.Time(sec=1731187356, nanosec=466137262), frame_id='RU_myo')","geometry_msgs.msg.Quaternion(x=0.3696789359851082, y=0.31157519699586883, z=-0.4869850140705264, w=-0.7273953374724319)",[0. 0. 0. 0. 0. 0. 0. 0. 0.],"geometry_msgs.msg.Vector3(x=-66.3125, y=7.5, z=-59.4375)",[0. 0. 0. 0. 0. 0. 0. 0. 0.],"geometry_msgs.msg.Vector3(x=-0.01806640625, y=0.98583984375, z=0.4208984375)",[0. 0. 0. 0. 0. 0. 0. 0. 0.],False,16.383898798,"[0.3696789359851082, 0.31157519699586883, -0.4869850140705264, -0.7273953374724319]","[-66.3125, 7.5, -59.4375]","[-0.01806640625, 0.98583984375, 0.4208984375]"
18881611896,"std_msgs.msg.Header(stamp=builtin_interfaces.msg.Time(sec=1731187356, nanosec=480929136), frame_id='RU_myo')","geometry_msgs.msg.Quaternion(x=0.36656138899157786, y=0.31382928108469754, z=-0.4750161988880204, w=-0.735869241936639)",[0. 0. 0. 0. 0. 0. 0. 0. 0.],"geometry_msgs.msg.Vector3(x=-59.375, y=13.25, z=-64.5625)",[0. 0. 0. 0. 0. 0. 0. 0. 0.],"geometry_msgs.msg.Vector3(x=-0.0302734375, y=0.9541015625, z=0.41796875)",[0. 0. 0. 0. 0. 0. 0. 0. 0.],False,16.398596064,"[0.36656138899157786, 0.31382928108469754, -0.4750161988880204, -0.735869241936639]","[-59.375, 13.25, -64.5625]","[-0.0302734375, 0.9541015625, 0.41796875]"
18896594407,"std_msgs.msg.Header(stamp=builtin_interfaces.msg.Time(sec=1731187356, nanosec=495834254), frame_id='RU_myo')","geometry_msgs.msg.Quaternion(x=0.36369792953525204, y=0.31670222459446595, z=-0.46287717697522257, w=-0.7437528057252192)",[0. 0. 0. 0. 0. 0. 0. 0. 0.],"geometry_msgs.msg.Vector3(x=-58.9375, y=18.3125, z=-64.125)",[0. 0. 0. 0. 0. 0. 0. 0. 0.],"geometry_msgs.msg.Vector3(x=-0.0439453125, y=0.88720703125, z=0.39599609375)",[0. 0. 0. 0. 0. 0. 0. 0. 0.],False,16.413578575,"[0.36369792953525204, 0.31670222459446595, -0.46287717697522257, -0.7437528057252192]","[-58.9375, 18.3125, -64.125]","[-0.0439453125, 0.88720703125, 0.39599609375]"
18919536563,"std_msgs.msg.Header(stamp=builtin_interfaces.msg.Time(sec=1731187356, nanosec=518679623), frame_id='RU_myo')","geometry_msgs.msg.Quaternion(x=0.3615586230225826, y=0.3204835127433459, z=-0.4509717531252301, w=-0.7504599643291148)",[0. 0. 0. 0. 0. 0. 0. 0. 0.],"geometry_msgs.msg.Vector3(x=-49.5625, y=25.625, z=-57.8125)",[0. 0. 0. 0. 0. 0. 0. 0. 0.],"geometry_msgs.msg.Vector3(x=-0.072265625, y=0.7236328125, z=0.4228515625)",[0. 0. 0. 0. 0. 0. 0. 0. 0.],False,16.436520731,"[0.3615586230225826, 0.3204835127433459, -0.4509717531252301, -0.7504599643291148]","[-49.5625, 25.625, -57.8125]","[-0.072265625, 0.7236328125, 0.4228515625]"
18966741986,"std_msgs.msg.Header(stamp=builtin_interfaces.msg.Time(sec=1731187356, nanosec=565838755), frame_id='RU_myo')","geometry_msgs.msg.Quaternion(x=0.3597965550270281, y=0.325495339772543, z=-0.44268098619355983, w=-0.7540774278810742)",[0. 0. 0. 0. 0. 0. 0. 0. 0.],"geometry_msgs.msg.Vector3(x=-21.625, y=29.875, z=-44.8125)",[0. 0. 0. 0. 0. 0. 0. 0. 0.],"geometry_msgs.msg.Vector3(x=-0.10400390625, y=0.650390625, z=0.44091796875)",[0. 0. 0. 0. 0. 0. 0. 0. 0.],False,16.483726154,"[0.3597965550270281, 0.325495339772543, -0.44268098619355983, -0.7540774278810742]","[-21.625, 29.875, -44.8125]","[-0.10400390625, 0.650390625, 0.44091796875]"
18969564428,"std_msgs.msg.Header(stamp=builtin_interfaces.msg.Time(sec=1731187356, nanosec=568698156), frame_id='RU_myo')","geometry_msgs.msg.Quaternion(x=0.3588757421664144, y=0.33165489505651286, z=-0.43791385204830324, w=-0.7546155911812155)",[0. 0. 0. 0. 0. 0. 0. 0. 0.],"geometry_msgs.msg.Vector3(x=1.6875, y=34.125, z=-28.4375)",[0. 0. 0. 0. 0. 0. 0. 0. 0.],"geometry_msgs.msg.Vector3(x=-0.16357421875, y=0.70556640625, z=0.45458984375)",[0. 0. 0. 0. 0. 0. 0. 0. 0.],False,16.486548596,"[0.3588757421664144, 0.33165489505651286, -0.43791385204830324, -0.7546155911812155]","[1.6875, 34.125, -28.4375]","[-0.16357421875, 0.70556640625, 0.45458984375]"
18979196867,"std_msgs.msg.Header(stamp=builtin_interfaces.msg.Time(sec=1731187356, nanosec=578529468), frame_id='RU_myo')","geometry_msgs.msg.Quaternion(x=0.35773511217562676, y=0.3393020796083107, z=-0.4354346170040814, w=-0.7531908009294035)",[0. 0. 0. 0. 0. 0. 0. 0. 0.],"geometry_msgs.msg.Vector3(x=14.1875, y=38.25, z=-24.25)",[0. 0. 0. 0. 0. 0. 0. 0. 0.],"geometry_msgs.msg.Vector3(x=-0.2001953125, y=0.7734375, z=0.39306640625)",[0. 0. 0. 0. 0. 0. 0. 0. 0.],False,16.496181035,"[0.35773511217562676, 0.3393020796083107, -0.4354346170040814, -0.7531908009294035]","[14.1875, 38.25, -24.25]","[-0.2001953125, 0.7734375, 0.39306640625]"
19001760702,"std_msgs.msg.Header(stamp=builtin_interfaces.msg.Time(sec=1731187356, nanosec=601038274), frame_id='RU_myo')","geometry_msgs.msg.Quaternion(x=0.3572358164824532, y=0.346676821735919, z=-0.4324915420459018, w=-0.7517638051622032)",[0. 0. 0. 0. 0. 0. 0. 0. 0.],"geometry_msgs.msg.Vector3(x=9.5625, y=38.75, z=-21.1875)",[0. 0. 0. 0. 0. 0. 0. 0. 0.],"geometry_msgs.msg.Vector3(x=-0.2216796875, y=0.7861328125, z=0.3798828125)",[0. 0. 0. 0. 0. 0. 0. 0. 0.],False,16.51874487,"[0.3572358164824532, 0.346676821735919, -0.4324915420459018, -0.7517638051622032]","[9.5625, 38.75, -21.1875]","[-0.2216796875, 0.7861328125, 0.3798828125]"
19016693881,"std_msgs.msg.Header(stamp=builtin_interfaces.msg.Time(sec=1731187356, nanosec=616069243), frame_id='RU_myo')","geometry_msgs.msg.Quaternion(x=0.3571137365363824, y=0.35351269219257, z=-0.4298060045614775, w=-0.750176881860994)",[0. 0. 0. 0. 0. 0. 0. 0. 0.],"geometry_msgs.msg.Vector3(x=11.625, y=37.75, z=-16.1875)",[0. 0. 0. 0. 0. 0. 0. 0. 0.],"geometry_msgs.msg.Vector3(x=-0.23681640625, y=0.7421875, z=0.392578125)",[0. 0. 0. 0. 0. 0. 0. 0. 0.],False,16.533678049,"[0.3571137365363824, 0.35351269219257, -0.4298060045614775, -0.750176881860994]","[11.625, 37.75, -16.1875]","[-0.23681640625, 0.7421875, 0.392578125]"
19039515210,"std_msgs.msg.Header(stamp=builtin_interfaces.msg.Time(sec=1731187356, nanosec=638635061), frame_id='RU_myo')","geometry_msgs.msg.Quaternion(x=0.3575414219504832, y=0.35986074151929826, z=-0.42821963407384606, w=-0.7478584914918524)",[0. 0. 0. 0. 0. 0. 0. 0. 0.],"geometry_msgs.msg.Vector3(x=10.625, y=34.125, z=-7.875)",[0. 0. 0. 0. 0. 0. 0. 0. 0.],"geometry_msgs.msg.Vector3(x=-0.27197265625, y=0.7783203125, z=0.31884765625)",[0. 0. 0. 0. 0. 0. 0. 0. 0.],False,16.556499378,"[0.3575414219504832, 0.35986074151929826, -0.42821963407384606, -0.7478584914918524]","[10.625, 34.125, -7.875]","[-0.27197265625, 0.7783203125, 0.31884765625]"
19062030407,"std_msgs.msg.Header(stamp=builtin_interfaces.msg.Time(sec=1731187356, nanosec=661186594), frame_id='RU_myo')","geometry_msgs.msg.Quaternion(x=0.35881927214092507, y=0.3642513039865693, z=-0.4258957103247789, w=-0.7464466232834689)",[0. 0. 0. 0. 0. 0. 0. 0. 0.],"geometry_msgs.msg.Vector3(x=-1.875, y=28.25, z=-5.0)",[0. 0. 0. 0. 0. 0. 0. 0. 0.],"geometry_msgs.msg.Vector3(x=-0.24951171875, y=0.81005859375, z=0.3076171875)",[0. 0. 0. 0. 0. 0. 0. 0. 0.],False,16.579014575,"[0.35881927214092507, 0.3642513039865693, -0.4258957103247789, -0.7464466232834689]","[-1.875, 28.25, -5.0]","[-0.24951171875, 0.81005859375, 0.3076171875]"
19079953482,"std_msgs.msg.Header(stamp=builtin_interfaces.msg.Time(sec=1731187356, nanosec=679093307), frame_id='RU_myo')","geometry_msgs.msg.Quaternion(x=0.360843327380705, y=0.3669469019304463, z=-0.4240763597160248, w=-0.7451854167779141)",[0. 0. 0. 0. 0. 0. 0. 0. 0.],"geometry_msgs.msg.Vector3(x=1.1875, y=23.625, z=2.125)",[0. 0. 0. 0. 0. 0. 0. 0. 0.],"geometry_msgs.msg.Vector3(x=-0.20947265625, y=0.69921875, z=0.36328125)",[0. 0. 0. 0. 0. 0. 0. 0. 0.],False,16.59693765,"[0.360843327380705, 0.3669469019304463, -0.4240763597160248, -0.7451854167779141]","[1.1875, 23.625, 2.125]","[-0.20947265625, 0.69921875, 0.36328125]"
19102738176,"std_msgs.msg.Header(stamp=builtin_interfaces.msg.Time(sec=1731187356, nanosec=701969027), frame_id='RU_myo')","geometry_msgs.msg.Quaternion(x=0.3641852422208187, y=0.3692509997378839, z=-0.42515743209489243, w=-0.741797793523015)",[0. 0. 0. 0. 0. 0. 0. 0. 0.],"geometry_msgs.msg.Vector3(x=18.875, y=24.125, z=20.0)",[0. 0. 0. 0. 0. 0. 0. 0. 0.],"geometry_msgs.msg.Vector3(x=-0.20751953125, y=0.64892578125, z=0.396484375)",[0. 0. 0. 0. 0. 0. 0. 0. 0.],False,16.619722344,"[0.3641852422208187, 0.3692509997378839, -0.42515743209489243, -0.741797793523015]","[18.875, 24.125, 20.0]","[-0.20751953125, 0.64892578125, 0.396484375]"
19117510720,"std_msgs.msg.Header(stamp=builtin_interfaces.msg.Time(sec=1731187356, nanosec=716631306), frame_id='RU_myo')","geometry_msgs.msg.Quaternion(x=0.3677827109281696, y=0.372116028630775, z=-0.42826606083354896, w=-0.7367860747303125)",[0. 0. 0. 0. 0. 0. 0. 0. 0.],"geometry_msgs.msg.Vector3(x=24.75, y=24.5625, z=26.75)",[0. 0. 0. 0. 0. 0. 0. 0. 0.],"geometry_msgs.msg.Vector3(x=-0.23046875, y=0.8095703125, z=0.33203125)",[0. 0. 0. 0. 0. 0. 0. 0. 0.],False,16.634494888,"[0.3677827109281696, 0.372116028630775, -0.42826606083354896, -0.7367860747303125]","[24.75, 24.5625, 26.75]","[-0.23046875, 0.8095703125, 0.33203125]"
19145791988,"std_msgs.msg.Header(stamp=builtin_interfaces.msg.Time(sec=1731187356, nanosec=745119969), frame_id='RU_myo')","geometry_msgs.msg.Quaternion(x=0.3712605606915964, y=0.3746783794321405, z=-0.43046206387602, w=-0.7324507625940899)",[0. 0. 0. 0. 0. 0. 0. 0. 0.],"geometry_msgs.msg.Vector3(x=12.0, y=21.5625, z=24.75)",[0. 0. 0. 0. 0. 0. 0. 0. 0.],"geometry_msgs.msg.Vector3(x=-0.26611328125, y=0.8916015625, z=0.2529296875)",[0. 0. 0. 0. 0. 0. 0. 0. 0.],False,16.662776156,"[0.3712605606915964, 0.3746783794321405, -0.43046206387602, -0.7324507625940899]","[12.0, 21.5625, 24.75]","[-0.26611328125, 0.8916015625, 0.2529296875]"
19159405539,"std_msgs.msg.Header(stamp=builtin_interfaces.msg.Time(sec=1731187356, nanosec=758612901), frame_id='RU_myo')","geometry_msgs.msg.Quaternion(x=0.37493233182320795, y=0.37566474074098083, z=-0.4318771251800455, w=-0.7292351457958146)",[0. 0. 0. 0. 0. 0. 0. 0. 0.],"geometry_msgs.msg.Vector3(x=5.375, y=15.5, z=25.0625)",[0. 0. 0. 0. 0. 0. 0. 0. 0.],"geometry_msgs.msg.Vector3(x=-0.2373046875, y=0.82861328125, z=0.2666015625)",[0. 0. 0. 0. 0. 0. 0. 0. 0.],False,16.676389707,"[0.37493233182320795, 0.37566474074098083, -0.4318771251800455, -0.7292351457958146]","[5.375, 15.5, 25.0625]","[-0.2373046875, 0.82861328125, 0.2666015625]"
19177088245,"std_msgs.msg.Header(stamp=builtin_interfaces.msg.Time(sec=1731187356, nanosec=776386576), frame_id='RU_myo')","geometry_msgs.msg.Quaternion(x=0.3789119774362745, y=0.37586017349429424, z=-0.43384444839192005, w=-0.7259020856394351)",[0. 0. 0. 0. 0. 0. 0. 0. 0.],"geometry_msgs.msg.Vector3(x=5.6875, y=12.625, z=28.625)",[0. 0. 0. 0. 0. 0. 0. 0. 0.],"geometry_msgs.msg.Vector3(x=-0.220703125, y=0.8515625, z=0.28173828125)",[0. 0. 0. 0. 0. 0. 0. 0. 0.],False,16.694072413,"[0.3789119774362745, 0.37586017349429424, -0.43384444839192005, -0.7259020856394351]","[5.6875, 12.625, 28.625]","[-0.220703125, 0.8515625, 0.28173828125]"
19198318627,"std_msgs.msg.Header(stamp=builtin_interfaces.msg.Time(sec=1731187356, nanosec=797453498), frame_id='RU_myo')","geometry_msgs.msg.Quaternion(x=0.3829901253635173, y=0.37566601141234246, z=-0.4350523686997851, w=-0.7231341841126618)",[0. 0. 0. 0. 0. 0. 0. 0. 0.],"geometry_msgs.msg.Vector3(x=-1.75, y=11.4375, z=26.4375)",[0. 0. 0. 0. 0. 0. 0. 0. 0.],"geometry_msgs.msg.Vector3(x=-0.2236328125, y=0.95166015625, z=0.2822265625)",[0. 0. 0. 0. 0. 0. 0. 0. 0.],False,16.715302795,"[0.3829901253635173, 0.37566601141234246, -0.4350523686997851, -0.7231341841126618]","[-1.75, 11.4375, 26.4375]","[-0.2236328125, 0.95166015625, 0.2822265625]"
19244199517,"std_msgs.msg.Header(stamp=builtin_interfaces.msg.Time(sec=1731187356, nanosec=843262748), frame_id='RU_myo')","geometry_msgs.msg.Quaternion(x=0.38659896888166806, y=0.3750022205255713, z=-0.43554945404792916, w=-0.7212567122315554)",[0. 0. 0. 0. 0. 0. 0. 0. 0.],"geometry_msgs.msg.Vector3(x=-5.4375, y=8.5, z=21.6875)",[0. 0. 0. 0. 0. 0. 0. 0. 0.],"geometry_msgs.msg.Vector3(x=-0.20361328125, y=0.90771484375, z=0.28759765625)",[0. 0. 0. 0. 0. 0. 0. 0. 0.],False,16.761183685,"[0.38659896888166806, 0.3750022205255713, -0.43554945404792916, -0.7212567122315554]","[-5.4375, 8.5, 21.6875]","[-0.20361328125, 0.90771484375, 0.28759765625]"
19246498530,"std_msgs.msg.Header(stamp=builtin_interfaces.msg.Time(sec=1731187356, nanosec=845677579), frame_id='RU_myo')","geometry_msgs.msg.Quaternion(x=0.3894585958100023, y=0.37420007066464883, z=-0.43724829656524944, w=-0.719103773050219)",[0. 0. 0. 0. 0. 0. 0. 0. 0.],"geometry_msgs.msg.Vector3(x=2.8125, y=4.5, z=21.875)",[0. 0. 0. 0. 0. 0. 0. 0. 0.],"geometry_msgs.msg.Vector3(x=-0.1845703125, y=0.89208984375, z=0.3037109375)",[0. 0. 0. 0. 0. 0. 0. 0. 0.],False,16.763482698,"[0.3894585958100023, 0.37420007066464883, -0.43724829656524944, -0.719103773050219]","[2.8125, 4.5, 21.875]","[-0.1845703125, 0.89208984375, 0.3037109375]"
19258204657,"std_msgs.msg.Header(stamp=builtin_interfaces.msg.Time(sec=1731187356, nanosec=857517658), frame_id='RU_myo')","geometry_msgs.msg.Quaternion(x=0.39159410371786313, y=0.3737721775511524, z=-0.4406044006763176, w=-0.7161118483356745)",[0. 0. 0. 0. 0. 0. 0. 0. 0.],"geometry_msgs.msg.Vector3(x=14.5625, y=2.4375, z=22.9375)",[0. 0. 0. 0. 0. 0. 0. 0. 0.],"geometry_msgs.msg.Vector3(x=-0.185546875, y=0.93994140625, z=0.3212890625)",[0. 0. 0. 0. 0. 0. 0. 0. 0.],False,16.775188825,"[0.39159410371786313, 0.3737721775511524, -0.4406044006763176, -0.7161118483356745]","[14.5625, 2.4375, 22.9375]","[-0.185546875, 0.93994140625, 0.3212890625]"
19279455811,"std_msgs.msg.Header(stamp=builtin_interfaces.msg.Time(sec=1731187356, nanosec=878542851), frame_id='RU_myo')","geometry_msgs.msg.Quaternion(x=0.39324487737253594, y=0.3735917886694541, z=-0.443232081247766, w=-0.7136756714445232)",[0. 0. 0. 0. 0. 0. 0. 0. 0.],"geometry_msgs.msg.Vector3(x=11.125, y=2.4375, z=18.0)",[0. 0. 0. 0. 0. 0. 0. 0. 0.],"geometry_msgs.msg.Vector3(x=-0.18603515625, y=0.962890625, z=0.310546875)",[0. 0. 0. 0. 0. 0. 0. 0. 0.],False,16.796439979,"[0.39324487737253594, 0.3735917886694541, -0.443232081247766, -0.7136756714445232]","[11.125, 2.4375, 18.0]","[-0.18603515625, 0.962890625, 0.310546875]"
19297155677,"std_msgs.msg.Header(stamp=builtin_interfaces.msg.Time(sec=1731187356, nanosec=896448385), frame_id='RU_myo')","geometry_msgs.msg.Quaternion(x=0.39501846142846125, y=0.37310689967740784, z=-0.44518922398936905, w=-0.7117290294680604)",[0. 0. 0. 0. 0. 0. 0. 0. 0.],"geometry_msgs.msg.Vector3(x=10.625, y=2.4375, z=17.9375)",[0. 0. 0. 0. 0. 0. 0. 0. 0.],"geometry_msgs.msg.Vector3(x=-0.18505859375, y=0.88671875, z=0.35009765625)",[0. 0. 0. 0. 0. 0. 0. 0. 0.],False,16.814139845,"[0.39501846142846125, 0.37310689967740784, -0.44518922398936905, -0.7117290294680604]","[10.625, 2.4375, 17.9375]","[-0.18505859375, 0.88671875, 0.35009765625]"
19318510100,"std_msgs.msg.Header(stamp=builtin_interfaces.msg.Time(sec=1731187356, nanosec=917650444), frame_id='RU_myo')","geometry_msgs.msg.Quaternion(x=0.3970928745004554, y=0.3728009956115557, z=-0.4483621666277813, w=-0.7087369287887009)",[0. 0. 0. 0. 0. 0. 0. 0. 0.],"geometry_msgs.msg.Vector3(x=17.0625, y=3.75, z=22.4375)",[0. 0. 0. 0. 0. 0. 0. 0. 0.],"geometry_msgs.msg.Vector3(x=-0.15869140625, y=0.89453125, z=0.3310546875)",[0. 0. 0. 0. 0. 0. 0. 0. 0.],False,16.835494268,"[0.3970928745004554, 0.3728009956115557, -0.4483621666277813, -0.7087369287887009]","[17.0625, 3.75, 22.4375]","[-0.15869140625, 0.89453125, 0.3310546875]"
19339478912,"std_msgs.msg.Header(stamp=builtin_interfaces.msg.Time(sec=1731187356, nanosec=938588973), frame_id='RU_myo')","geometry_msgs.msg.Quaternion(x=0.39905667835933195, y=0.37329927268976354, z=-0.4506935627111207, w=-0.7058871956600908)",[0. 0. 0. 0. 0. 0. 0. 0. 0.],"geometry_msgs.msg.Vector3(x=11.0, y=7.875, z=16.1875)",[0. 0. 0. 0. 0. 0. 0. 0. 0.],"geometry_msgs.msg.Vector3(x=-0.15087890625, y=1.0048828125, z=0.29931640625)",[0. 0. 0. 0. 0. 0. 0. 0. 0.],False,16.85646308,"[0.39905667835933195, 0.37329927268976354, -0.4506935627111207, -0.7058871956600908]","[11.0, 7.875, 16.1875]","[-0.15087890625, 1.0048828125, 0.29931640625]"
19357183502,"std_msgs.msg.Header(stamp=builtin_interfaces.msg.Time(sec=1731187356, nanosec=956445449), frame_id='RU_myo')","geometry_msgs.msg.Quaternion(x=0.40099332456027514, y=0.3733449263828315, z=-0.4507970616746107, w=-0.7046984665712233)",[0. 0. 0. 0. 0. 0. 0. 0. 0.],"geometry_msgs.msg.Vector3(x=-6.5, y=7.3125, z=7.6875)",[0. 0. 0. 0. 0. 0. 0. 0. 0.],"geometry_msgs.msg.Vector3(x=-0.1376953125, y=1.02294921875, z=0.2509765625)",[0. 0. 0. 0. 0. 0. 0. 0. 0.],False,16.87416767,"[0.40099332456027514, 0.3733449263828315, -0.4507970616746107, -0.7046984665712233]","[-6.5, 7.3125, 7.6875]","[-0.1376953125, 1.02294921875, 0.2509765625]"
19379975631,"std_msgs.msg.Header(stamp=builtin_interfaces.msg.Time(sec=1731187356, nanosec=979351547), frame_id='RU_myo')","geometry_msgs.msg.Quaternion(x=0.4036307044474826, y=0.3718920130347061, z=-0.44922455538083655, w=-0.7049651650337856)",[0. 0. 0. 0. 0. 0. 0. 0. 0.],"geometry_msgs.msg.Vector3(x=-16.8125, y=4.0625, z=9.75)",[0. 0. 0. 0. 0. 0. 0. 0. 0.],"geometry_msgs.msg.Vector3(x=-0.14697265625, y=0.900390625, z=0.2998046875)",[0. 0. 0. 0. 0. 0. 0. 0. 0.],False,16.896959799,"[0.4036307044474826, 0.3718920130347061, -0.44922455538083655, -0.7049651650337856]","[-16.8125, 4.0625, 9.75]","[-0.14697265625, 0.900390625, 0.2998046875]"
19399393028,"std_msgs.msg.Header(stamp=builtin_interfaces.msg.Time(sec=1731187356, nanosec=998538505), frame_id='RU_myo')","geometry_msgs.msg.Quaternion(x=0.4068685864634834, y=0.36988053314862124, z=-0.44843436914899676, w=-0.7046651411222495)",[0. 0. 0. 0. 0. 0. 0. 0. 0.],"geometry_msgs.msg.Vector3(x=-9.9375, y=3.125, z=17.8125)",[0. 0. 0. 0. 0. 0. 0. 0. 0.],"geometry_msgs.msg.Vector3(x=-0.1494140625, y=0.8359375, z=0.35107421875)",[0. 0. 0. 0. 0. 0. 0. 0. 0.],False,16.916377196,"[0.4068685864634834, 0.36988053314862124, -0.44843436914899676, -0.7046651411222495]","[-9.9375, 3.125, 17.8125]","[-0.1494140625, 0.8359375, 0.35107421875]"
19417091215,"std_msgs.msg.Header(stamp=builtin_interfaces.msg.Time(sec=1731187357, nanosec=16333249), frame_id='RU_myo')","geometry_msgs.msg.Quaternion(x=0.4093018424371429, y=0.369628982672135, z=-0.44903573737102004, w=-0.7030030750359397)",[0. 0. 0. 0. 0. 0. 0. 0. 0.],"geometry_msgs.msg.Vector3(x=-2.125, y=6.6875, z=15.9375)",[0. 0. 0. 0. 0. 0. 0. 0. 0.],"geometry_msgs.msg.Vector3(x=-0.16162109375, y=0.9619140625, z=0.28955078125)",[0. 0. 0. 0. 0. 0. 0. 0. 0.],False,16.934075383,"[0.4093018424371429, 0.369628982672135, -0.44903573737102004, -0.7030030750359397]","[-2.125, 6.6875, 15.9375]","[-0.16162109375, 0.9619140625, 0.28955078125]"
19439919634,"std_msgs.msg.Header(stamp=builtin_interfaces.msg.Time(sec=1731187357, nanosec=39062542), frame_id='RU_myo')","geometry_msgs.msg.Quaternion(x=0.4105276071803896, y=0.370365970914452, z=-0.4489192017263999, w=-0.701974131754633)",[0. 0. 0. 0. 0. 0. 0. 0. 0.],"geometry_msgs.msg.Vector3(x=-2.875, y=7.5, z=6.4375)",[0. 0. 0. 0. 0. 0. 0. 0. 0.],"geometry_msgs.msg.Vector3(x=-0.1875, y=1.0234375, z=0.2880859375)",[0. 0. 0. 0. 0. 0. 0. 0. 0.],False,16.956903802,"[0.4105276071803896, 0.370365970914452, -0.4489192017263999, -0.701974131754633]","[-2.875, 7.5, 6.4375]","[-0.1875, 1.0234375, 0.2880859375]"
19459444142,"std_msgs.msg.Header(stamp=builtin_interfaces.msg.Time(sec=1731187357, nanosec=58641247), frame_id='RU_myo')","geometry_msgs.msg.Quaternion(x=0.4110126147775835, y=0.37054612181685614, z=-0.4490987257994445, w=-0.7014802467536037)",[0. 0. 0. 0. 0. 0. 0. 0. 0.],"geometry_msgs.msg.Vector3(x=1.375, y=2.625, z=3.1875)",[0. 0. 0. 0. 0. 0. 0. 0. 0.],"geometry_msgs.msg.Vector3(x=-0.1484375, y=0.91650390625, z=0.31640625)",[0. 0. 0. 0. 0. 0. 0. 0. 0.],False,16.97642831,"[0.4110126147775835, 0.37054612181685614, -0.4490987257994445, -0.7014802467536037]","[1.375, 2.625, 3.1875]","[-0.1484375, 0.91650390625, 0.31640625]"
19477294451,"std_msgs.msg.Header(stamp=builtin_interfaces.msg.Time(sec=1731187357, nanosec=76591137), frame_id='RU_myo')","geometry_msgs.msg.Quaternion(x=0.4126016664615987, y=0.36969353457957144, z=-0.44910104464858625, w=-0.7009955827383817)",[0. 0. 0. 0. 0. 0. 0. 0. 0.],"geometry_msgs.msg.Vector3(x=-1.0625, y=2.5625, z=7.8125)",[0. 0. 0. 0. 0. 0. 0. 0. 0.],"geometry_msgs.msg.Vector3(x=-0.10791015625, y=0.85107421875, z=0.34130859375)",[0. 0. 0. 0. 0. 0. 0. 0. 0.],False,16.994278619,"[0.4126016664615987, 0.36969353457957144, -0.44910104464858625, -0.7009955827383817]","[-1.0625, 2.5625, 7.8125]","[-0.10791015625, 0.85107421875, 0.34130859375]"
19523699541,"std_msgs.msg.Header(stamp=builtin_interfaces.msg.Time(sec=1731187357, nanosec=122899077), frame_id='RU_myo')","geometry_msgs.msg.Quaternion(x=0.4152742630089308, y=0.3690716443878607, z=-0.4490870116431088, w=-0.6997530019690463)",[0. 0. 0. 0. 0. 0. 0. 0. 0.],"geometry_msgs.msg.Vector3(x=-3.5, y=7.5, z=14.375)",[0. 0. 0. 0. 0. 0. 0. 0. 0.],"geometry_msgs.msg.Vector3(x=-0.12255859375, y=0.87841796875, z=0.31298828125)",[0. 0. 0. 0. 0. 0. 0. 0. 0.],False,17.040683709,"[0.4152742630089308, 0.3690716443878607, -0.4490870116431088, -0.6997530019690463]","[-3.5, 7.5, 14.375]","[-0.12255859375, 0.87841796875, 0.31298828125]"
19528122895,"std_msgs.msg.Header(stamp=builtin_interfaces.msg.Time(sec=1731187357, nanosec=127385887), frame_id='RU_myo')","geometry_msgs.msg.Quaternion(x=0.41722708873835374, y=0.369132450656753, z=-0.4496970728239015, w=-0.6981656916439479)",[0. 0. 0. 0. 0. 0. 0. 0. 0.],"geometry_msgs.msg.Vector3(x=-2.5, y=6.375, z=13.25)",[0. 0. 0. 0. 0. 0. 0. 0. 0.],"geometry_msgs.msg.Vector3(x=-0.15380859375, y=0.9970703125, z=0.26806640625)",[0. 0. 0. 0. 0. 0. 0. 0. 0.],False,17.045107063,"[0.41722708873835374, 0.369132450656753, -0.4496970728239015, -0.6981656916439479]","[-2.5, 6.375, 13.25]","[-0.15380859375, 0.9970703125, 0.26806640625]"
19537261552,"std_msgs.msg.Header(stamp=builtin_interfaces.msg.Time(sec=1731187357, nanosec=136537389), frame_id='RU_myo')","geometry_msgs.msg.Quaternion(x=0.417784702150703, y=0.36913979234586586, z=-0.45123189233018957, w=-0.6968368070788278)",[0. 0. 0. 0. 0. 0. 0. 0. 0.],"geometry_msgs.msg.Vector3(x=8.625, y=0.125, z=9.8125)",[0. 0. 0. 0. 0. 0. 0. 0. 0.],"geometry_msgs.msg.Vector3(x=-0.15380859375, y=0.91845703125, z=0.3173828125)",[0. 0. 0. 0. 0. 0. 0. 0. 0.],False,17.05424572,"[0.417784702150703, 0.36913979234586586, -0.45123189233018957, -0.6968368070788278]","[8.625, 0.125, 9.8125]","[-0.15380859375, 0.91845703125, 0.3173828125]"
19559694457,"std_msgs.msg.Header(stamp=builtin_interfaces.msg.Time(sec=1731187357, nanosec=159013264), frame_id='RU_myo')","geometry_msgs.msg.Quaternion(x=0.4176487276623087, y=0.3688833713270486, z=-0.4546957505603098, w=-0.6947995200508144)",[0. 0. 0. 0. 0. 0. 0. 0. 0.],"geometry_msgs.msg.Vector3(x=20.4375, y=-4.9375, z=11.1875)",[0. 0. 0. 0. 0. 0. 0. 0. 0.],"geometry_msgs.msg.Vector3(x=-0.099609375, y=0.8193359375, z=0.29931640625)",[0. 0. 0. 0. 0. 0. 0. 0. 0.],False,17.076678625,"[0.4176487276623087, 0.3688833713270486, -0.4546957505603098, -0.6947995200508144]","[20.4375, -4.9375, 11.1875]","[-0.099609375, 0.8193359375, 0.29931640625]"
19586891766,"std_msgs.msg.Header(stamp=builtin_interfaces.msg.Time(sec=1731187357, nanosec=186047897), frame_id='RU_myo')","geometry_msgs.msg.Quaternion(x=0.41777571911737554, y=0.36809428224936336, z=-0.45927863935109586, w=-0.6921222286035119)",[0. 0. 0. 0. 0. 0. 0. 0. 0.],"geometry_msgs.msg.Vector3(x=17.4375, y=-8.75, z=17.6875)",[0. 0. 0. 0. 0. 0. 0. 0. 0.],"geometry_msgs.msg.Vector3(x=-0.1025390625, y=0.85302734375, z=0.1923828125)",[0. 0. 0. 0. 0. 0. 0. 0. 0.],False,17.103875934,"[0.41777571911737554, 0.36809428224936336, -0.45927863935109586, -0.6921222286035119]","[17.4375, -8.75, 17.6875]","[-0.1025390625, 0.85302734375, 0.1923828125]"
19597673228,"std_msgs.msg.Header(stamp=builtin_interfaces.msg.Time(sec=1731187357, nanosec=196760072), frame_id='RU_myo')","geometry_msgs.msg.Quaternion(x=0.41796101398736246, y=0.3669365677704473, z=-0.4644079082111333, w=-0.6891962280878062)",[0. 0. 0. 0. 0. 0. 0. 0. 0.],"geometry_msgs.msg.Vector3(x=25.875, y=-8.8125, z=17.5625)",[0. 0. 0. 0. 0. 0. 0. 0. 0.],"geometry_msgs.msg.Vector3(x=-0.06787109375, y=1.021484375, z=0.3408203125)",[0. 0. 0. 0. 0. 0. 0. 0. 0.],False,17.114657396,"[0.41796101398736246, 0.3669365677704473, -0.4644079082111333, -0.6891962280878062]","[25.875, -8.8125, 17.5625]","[-0.06787109375, 1.021484375, 0.3408203125]"
19597673228,"std_msgs.msg.Header(stamp=builtin_interfaces.msg.Time(sec=1731187364, nanosec=538143967), frame_id='RU_myo')","geometry_msgs.msg.Quaternion(x=0.2979572133734286, y=-0.34049637308692304, z=-0.6892930700203815, w=-0.565825752803166)",[0. 0. 0. 0. 0. 0. 0. 0. 0.],"geometry_msgs.msg.Vector3(x=3.3125, y=46.8125, z=-95.5)",[0. 0. 0. 0. 0. 0. 0. 0. 0.],"geometry_msgs.msg.Vector3(x=1.060546875, y=0.84716796875, z=0.02392578125)",[0. 0. 0. 0. 0. 0. 0. 0. 0.],False,24.455851323,"[0.2979572133734286, -0.34049637308692304, -0.6892930700203815, -0.565825752803166]","[3.3125, 46.8125, -95.5]","[1.060546875, 0.84716796875, 0.02392578125]"
19612049350,"std_msgs.msg.Header(stamp=builtin_interfaces.msg.Time(sec=1731187364, nanosec=552540642), frame_id='RU_myo')","geometry_msgs.msg.Quaternion(x=0.29241368418837854, y=-0.32158791525538855, z=-0.6880357883230205, w=-0.5811042970481219)",[0. 0. 0. 0. 0. 0. 0. 0. 0.],"geometry_msgs.msg.Vector3(x=-39.3125, y=67.1875, z=-113.4375)",[0. 0. 0. 0. 0. 0. 0. 0. 0.],"geometry_msgs.msg.Vector3(x=1.08154296875, y=1.064453125, z=0.08984375)",[0. 0. 0. 0. 0. 0. 0. 0. 0.],False,24.470227445,"[0.29241368418837854, -0.32158791525538855, -0.6880357883230205, -0.5811042970481219]","[-39.3125, 67.1875, -113.4375]","[1.08154296875, 1.064453125, 0.08984375]"
19635105902,"std_msgs.msg.Header(stamp=builtin_interfaces.msg.Time(sec=1731187364, nanosec=575622506), frame_id='RU_myo')","geometry_msgs.msg.Quaternion(x=0.28014120054969577, y=-0.30186892765115364, z=-0.6794187025096325, w=-0.6072777658974886)",[0. 0. 0. 0. 0. 0. 0. 0. 0.],"geometry_msgs.msg.Vector3(x=-119.3125, y=77.8125, z=-143.5625)",[0. 0. 0. 0. 0. 0. 0. 0. 0.],"geometry_msgs.msg.Vector3(x=1.03662109375, y=1.13916015625, z=0.01513671875)",[0. 0. 0. 0. 0. 0. 0. 0. 0.],False,24.493283997,"[0.28014120054969577, -0.30186892765115364, -0.6794187025096325, -0.6072777658974886]","[-119.3125, 77.8125, -143.5625]","[1.03662109375, 1.13916015625, 0.01513671875]"
19682779610,"std_msgs.msg.Header(stamp=builtin_interfaces.msg.Time(sec=1731187364, nanosec=623216329), frame_id='RU_myo')","geometry_msgs.msg.Quaternion(x=0.26420835952147304, y=-0.2824569849538871, z=-0.6616499943571932, w=-0.6423638216593911)",[0. 0. 0. 0. 0. 0. 0. 0. 0.],"geometry_msgs.msg.Vector3(x=-194.1875, y=94.125, z=-156.3125)",[0. 0. 0. 0. 0. 0. 0. 0. 0.],"geometry_msgs.msg.Vector3(x=0.92626953125, y=0.95751953125, z=0.02490234375)",[0. 0. 0. 0. 0. 0. 0. 0. 0.],False,24.540957705,"[0.26420835952147304, -0.2824569849538871, -0.6616499943571932, -0.6423638216593911]","[-194.1875, 94.125, -156.3125]","[0.92626953125, 0.95751953125, 0.02490234375]"
19688191732,"std_msgs.msg.Header(stamp=builtin_interfaces.msg.Time(sec=1731187364, nanosec=628629868), frame_id='RU_myo')","geometry_msgs.msg.Quaternion(x=0.24986840140400918, y=-0.26408905053130133, z=-0.6463376577597599, w=-0.6708728549665044)",[0. 0. 0. 0. 0. 0. 0. 0. 0.],"geometry_msgs.msg.Vector3(x=-162.0, y=84.75, z=-146.4375)",[0. 0. 0. 0. 0. 0. 0. 0. 0.],"geometry_msgs.msg.Vector3(x=1.0361328125, y=0.66064453125, z=-0.1572265625)",[0. 0. 0. 0. 0. 0. 0. 0. 0.],False,24.546369827,"[0.24986840140400918, -0.26408905053130133, -0.6463376577597599, -0.6708728549665044]","[-162.0, 84.75, -146.4375]","[1.0361328125, 0.66064453125, -0.1572265625]"
19696752491,"std_msgs.msg.Header(stamp=builtin_interfaces.msg.Time(sec=1731187364, nanosec=637284560), frame_id='RU_myo')","geometry_msgs.msg.Quaternion(x=0.234794273112497, y=-0.2450478311792762, z=-0.6180820389420997, w=-0.7090823667847649)",[0. 0. 0. 0. 0. 0. 0. 0. 0.],"geometry_msgs.msg.Vector3(x=-244.6875, y=114.625, z=-143.75)",[0. 0. 0. 0. 0. 0. 0. 0. 0.],"geometry_msgs.msg.Vector3(x=0.82470703125, y=0.6923828125, z=0.2197265625)",[0. 0. 0. 0. 0. 0. 0. 0. 0.],False,24.554930586,"[0.234794273112497, -0.2450478311792762, -0.6180820389420997, -0.7090823667847649]","[-244.6875, 114.625, -143.75]","[0.82470703125, 0.6923828125, 0.2197265625]"
19717659716,"std_msgs.msg.Header(stamp=builtin_interfaces.msg.Time(sec=1731187364, nanosec=658196403), frame_id='RU_myo')","geometry_msgs.msg.Quaternion(x=0.2223998441260143, y=-0.22117920831851695, z=-0.5836470113548503, w=-0.7489821314803643)",[0. 0. 0. 0. 0. 0. 0. 0. 0.],"geometry_msgs.msg.Vector3(x=-265.375, y=155.0, z=-143.5)",[0. 0. 0. 0. 0. 0. 0. 0. 0.],"geometry_msgs.msg.Vector3(x=0.763671875, y=0.7265625, z=0.33642578125)",[0. 0. 0. 0. 0. 0. 0. 0. 0.],False,24.575837811,"[0.2223998441260143, -0.22117920831851695, -0.5836470113548503, -0.7489821314803643]","[-265.375, 155.0, -143.5]","[0.763671875, 0.7265625, 0.33642578125]"
19739456541,"std_msgs.msg.Header(stamp=builtin_interfaces.msg.Time(sec=1731187364, nanosec=679912312), frame_id='RU_myo')","geometry_msgs.msg.Quaternion(x=0.21606062269438442, y=-0.19396628783128633, z=-0.5444849760046901, w=-0.7869123187566944)",[0. 0. 0. 0. 0. 0. 0. 0. 0.],"geometry_msgs.msg.Vector3(x=-266.6875, y=193.9375, z=-121.6875)",[0. 0. 0. 0. 0. 0. 0. 0. 0.],"geometry_msgs.msg.Vector3(x=0.74462890625, y=0.587890625, z=0.4248046875)",[0. 0. 0. 0. 0. 0. 0. 0. 0.],False,24.597634636,"[0.21606062269438442, -0.19396628783128633, -0.5444849760046901, -0.7869123187566944]","[-266.6875, 193.9375, -121.6875]","[0.74462890625, 0.587890625, 0.4248046875]"
19741083800,"std_msgs.msg.Header(stamp=builtin_interfaces.msg.Time(sec=1731187364, nanosec=681546112), frame_id='RU_myo')","geometry_msgs.msg.Quaternion(x=0.21782731763709676, y=-0.164789508999765, z=-0.5048051959026134, w=-0.8188817934258692)",[0. 0. 0. 0. 0. 0. 0. 0. 0.],"geometry_msgs.msg.Vector3(x=-238.5, y=224.5, z=-87.0625)",[0. 0. 0. 0. 0. 0. 0. 0. 0.],"geometry_msgs.msg.Vector3(x=0.90478515625, y=0.44189453125, z=0.48291015625)",[0. 0. 0. 0. 0. 0. 0. 0. 0.],False,24.599261895,"[0.21782731763709676, -0.164789508999765, -0.5048051959026134, -0.8188817934258692]","[-238.5, 224.5, -87.0625]","[0.90478515625, 0.44189453125, 0.48291015625]"
19760580427,"std_msgs.msg.Header(stamp=builtin_interfaces.msg.Time(sec=1731187364, nanosec=701136906), frame_id='RU_myo')","geometry_msgs.msg.Quaternion(x=0.22282959074356293, y=-0.13543107692686007, z=-0.4690956544659065, w=-0.8437740597178192)",[0. 0. 0. 0. 0. 0. 0. 0. 0.],"geometry_msgs.msg.Vector3(x=-196.8125, y=223.3125, z=-65.0)",[0. 0. 0. 0. 0. 0. 0. 0. 0.],"geometry_msgs.msg.Vector3(x=0.7158203125, y=0.42724609375, z=0.4609375)",[0. 0. 0. 0. 0. 0. 0. 0. 0.],False,24.618758522,"[0.22282959074356293, -0.13543107692686007, -0.4690956544659065, -0.8437740597178192]","[-196.8125, 223.3125, -65.0]","[0.7158203125, 0.42724609375, 0.4609375]"
19783083535,"std_msgs.msg.Header(stamp=builtin_interfaces.msg.Time(sec=1731187364, nanosec=723541778), frame_id='RU_myo')","geometry_msgs.msg.Quaternion(x=0.23094603721363535, y=-0.10467031020649699, z=-0.43961530286728734, w=-0.8616533174899851)",[0. 0. 0. 0. 0. 0. 0. 0. 0.],"geometry_msgs.msg.Vector3(x=-143.125, y=225.8125, z=-49.25)",[0. 0. 0. 0. 0. 0. 0. 0. 0.],"geometry_msgs.msg.Vector3(x=0.67041015625, y=0.361328125, z=0.47802734375)",[0. 0. 0. 0. 0. 0. 0. 0. 0.],False,24.64126163,"[0.23094603721363535, -0.10467031020649699, -0.43961530286728734, -0.8616533174899851]","[-143.125, 225.8125, -49.25]","[0.67041015625, 0.361328125, 0.47802734375]"
19817584805,"std_msgs.msg.Header(stamp=builtin_interfaces.msg.Time(sec=1731187364, nanosec=758136949), frame_id='RU_myo')","geometry_msgs.msg.Quaternion(x=0.24125750584289846, y=-0.0745194572816036, z=-0.4185540033065008, w=-0.8723842116160866)",[0. 0. 0. 0. 0. 0. 0. 0. 0.],"geometry_msgs.msg.Vector3(x=-82.4375, y=213.4375, z=-32.8125)",[0. 0. 0. 0. 0. 0. 0. 0. 0.],"geometry_msgs.msg.Vector3(x=0.67626953125, y=0.3916015625, z=0.58740234375)",[0. 0. 0. 0. 0. 0. 0. 0. 0.],False,24.6757629,"[0.24125750584289846, -0.0745194572816036, -0.4185540033065008, -0.8723842116160866]","[-82.4375, 213.4375, -32.8125]","[0.67626953125, 0.3916015625, 0.58740234375]"
19822319285,"std_msgs.msg.Header(stamp=builtin_interfaces.msg.Time(sec=1731187364, nanosec=762658504), frame_id='RU_myo')","geometry_msgs.msg.Quaternion(x=0.25512250051466834, y=-0.043883511452164244, z=-0.4070363530938572, w=-0.8759612744943828)",[0. 0. 0. 0. 0. 0. 0. 0. 0.],"geometry_msgs.msg.Vector3(x=-14.9375, y=207.9375, z=-10.0625)",[0. 0. 0. 0. 0. 0. 0. 0. 0.],"geometry_msgs.msg.Vector3(x=0.61474609375, y=0.35595703125, z=0.60205078125)",[0. 0. 0. 0. 0. 0. 0. 0. 0.],False,24.68049738,"[0.25512250051466834, -0.043883511452164244, -0.4070363530938572, -0.8759612744943828]","[-14.9375, 207.9375, -10.0625]","[0.61474609375, 0.35595703125, 0.60205078125]"
19851352480,"std_msgs.msg.Header(stamp=builtin_interfaces.msg.Time(sec=1731187364, nanosec=791804844), frame_id='RU_myo')","geometry_msgs.msg.Quaternion(x=0.2721441775960337, y=-0.013060967482743038, z=-0.4031810803317781, w=-0.8736200399438498)",[0. 0. 0. 0. 0. 0. 0. 0. 0.],"geometry_msgs.msg.Vector3(x=38.0, y=202.3125, z=14.1875)",[0. 0. 0. 0. 0. 0. 0. 0. 0.],"geometry_msgs.msg.Vector3(x=0.44677734375, y=0.35302734375, z=0.56005859375)",[0. 0. 0. 0. 0. 0. 0. 0. 0.],False,24.709530575,"[0.2721441775960337, -0.013060967482743038, -0.4031810803317781, -0.8736200399438498]","[38.0, 202.3125, 14.1875]","[0.44677734375, 0.35302734375, 0.56005859375]"
19859788177,"std_msgs.msg.Header(stamp=builtin_interfaces.msg.Time(sec=1731187364, nanosec=800261516), frame_id='RU_myo')","geometry_msgs.msg.Quaternion(x=0.29113498934200877, y=0.016662442786240756, z=-0.4074669159008911, w=-0.8654094368721892)",[0. 0. 0. 0. 0. 0. 0. 0. 0.],"geometry_msgs.msg.Vector3(x=89.0, y=188.625, z=35.1875)",[0. 0. 0. 0. 0. 0. 0. 0. 0.],"geometry_msgs.msg.Vector3(x=0.4345703125, y=0.5029296875, z=0.56689453125)",[0. 0. 0. 0. 0. 0. 0. 0. 0.],False,24.717966272,"[0.29113498934200877, 0.016662442786240756, -0.4074669159008911, -0.8654094368721892]","[89.0, 188.625, 35.1875]","[0.4345703125, 0.5029296875, 0.56689453125]"
19880679294,"std_msgs.msg.Header(stamp=builtin_interfaces.msg.Time(sec=1731187364, nanosec=821209256), frame_id='RU_myo')","geometry_msgs.msg.Quaternion(x=0.30908044575645705, y=0.04669165501652639, z=-0.4155252122255054, w=-0.854182630008218)",[0. 0. 0. 0. 0. 0. 0. 0. 0.],"geometry_msgs.msg.Vector3(x=111.8125, y=181.0, z=36.625)",[0. 0. 0. 0. 0. 0. 0. 0. 0.],"geometry_msgs.msg.Vector3(x=0.34619140625, y=0.79638671875, z=0.4873046875)",[0. 0. 0. 0. 0. 0. 0. 0. 0.],False,24.738857389,"[0.30908044575645705, 0.04669165501652639, -0.4155252122255054, -0.854182630008218]","[111.8125, 181.0, 36.625]","[0.34619140625, 0.79638671875, 0.4873046875]"
19903188005,"std_msgs.msg.Header(stamp=builtin_interfaces.msg.Time(sec=1731187364, nanosec=843697855), frame_id='RU_myo')","geometry_msgs.msg.Quaternion(x=0.32457955304549, y=0.0738513086094477, z=-0.4210745273525452, w=-0.8437359423281033)",[0. 0. 0. 0. 0. 0. 0. 0. 0.],"geometry_msgs.msg.Vector3(x=91.125, y=164.75, z=30.0)",[0. 0. 0. 0. 0. 0. 0. 0. 0.],"geometry_msgs.msg.Vector3(x=0.255859375, y=0.87158203125, z=0.3349609375)",[0. 0. 0. 0. 0. 0. 0. 0. 0.],False,24.7613661,"[0.32457955304549, 0.0738513086094477, -0.4210745273525452, -0.8437359423281033]","[91.125, 164.75, 30.0]","[0.255859375, 0.87158203125, 0.3349609375]"
19920886252,"std_msgs.msg.Header(stamp=builtin_interfaces.msg.Time(sec=1731187364, nanosec=861428872), frame_id='RU_myo')","geometry_msgs.msg.Quaternion(x=0.3362388604217839, y=0.09661755600792955, z=-0.41790297282772815, w=-0.838430427593764)",[0. 0. 0. 0. 0. 0. 0. 0. 0.],"geometry_msgs.msg.Vector3(x=30.25, y=147.6875, z=9.5)",[0. 0. 0. 0. 0. 0. 0. 0. 0.],"geometry_msgs.msg.Vector3(x=0.171875, y=0.79150390625, z=0.3232421875)",[0. 0. 0. 0. 0. 0. 0. 0. 0.],False,24.779064347,"[0.3362388604217839, 0.09661755600792955, -0.41790297282772815, -0.838430427593764]","[30.25, 147.6875, 9.5]","[0.171875, 0.79150390625, 0.3232421875]"
19951408369,"std_msgs.msg.Header(stamp=builtin_interfaces.msg.Time(sec=1731187364, nanosec=891940734), frame_id='RU_myo')","geometry_msgs.msg.Quaternion(x=0.3455209147561622, y=0.11523467356644308, z=-0.4097911008077854, w=-0.8363058777581583)",[0. 0. 0. 0. 0. 0. 0. 0. 0.],"geometry_msgs.msg.Vector3(x=-7.5, y=129.25, z=-0.75)",[0. 0. 0. 0. 0. 0. 0. 0. 0.],"geometry_msgs.msg.Vector3(x=0.119140625, y=0.78515625, z=0.32177734375)",[0. 0. 0. 0. 0. 0. 0. 0. 0.],False,24.809586464,"[0.3455209147561622, 0.11523467356644308, -0.4097911008077854, -0.8363058777581583]","[-7.5, 129.25, -0.75]","[0.119140625, 0.78515625, 0.32177734375]"
19966043839,"std_msgs.msg.Header(stamp=builtin_interfaces.msg.Time(sec=1731187364, nanosec=906538505), frame_id='RU_myo')","geometry_msgs.msg.Quaternion(x=0.3536311638090062, y=0.13024661780607857, z=-0.3995287535888427, w=-0.8356779245552146)",[0. 0. 0. 0. 0. 0. 0. 0. 0.],"geometry_msgs.msg.Vector3(x=-26.4375, y=112.3125, z=-2.0625)",[0. 0. 0. 0. 0. 0. 0. 0. 0.],"geometry_msgs.msg.Vector3(x=0.08154296875, y=0.66357421875, z=0.32080078125)",[0. 0. 0. 0. 0. 0. 0. 0. 0.],False,24.824221934,"[0.3536311638090062, 0.13024661780607857, -0.3995287535888427, -0.8356779245552146]","[-26.4375, 112.3125, -2.0625]","[0.08154296875, 0.66357421875, 0.32080078125]"
19981078432,"std_msgs.msg.Header(stamp=builtin_interfaces.msg.Time(sec=1731187364, nanosec=921548084), frame_id='RU_myo')","geometry_msgs.msg.Quaternion(x=0.36283926073896666, y=0.14147374371621946, z=-0.3900598343789295, w=-0.8343777180088163)",[0. 0. 0. 0. 0. 0. 0. 0. 0.],"geometry_msgs.msg.Vector3(x=-38.0, y=98.8125, z=10.25)",[0. 0. 0. 0. 0. 0. 0. 0. 0.],"geometry_msgs.msg.Vector3(x=0.10546875, y=0.56494140625, z=0.275390625)",[0. 0. 0. 0. 0. 0. 0. 0. 0.],False,24.839256527,"[0.36283926073896666, 0.14147374371621946, -0.3900598343789295, -0.8343777180088163]","[-38.0, 98.8125, 10.25]","[0.10546875, 0.56494140625, 0.275390625]"
20008051762,"std_msgs.msg.Header(stamp=builtin_interfaces.msg.Time(sec=1731187364, nanosec=948574708), frame_id='RU_myo')","geometry_msgs.msg.Quaternion(x=0.3712098650542617, y=0.15228027183662987, z=-0.38256222199278395, w=-0.8322620387832805)",[0. 0. 0. 0. 0. 0. 0. 0. 0.],"geometry_msgs.msg.Vector3(x=-17.75, y=89.9375, z=11.9375)",[0. 0. 0. 0. 0. 0. 0. 0. 0.],"geometry_msgs.msg.Vector3(x=0.064453125, y=0.4404296875, z=0.3515625)",[0. 0. 0. 0. 0. 0. 0. 0. 0.],False,24.866229857,"[0.3712098650542617, 0.15228027183662987, -0.38256222199278395, -0.8322620387832805]","[-17.75, 89.9375, 11.9375]","[0.064453125, 0.4404296875, 0.3515625]"
20031356633,"std_msgs.msg.Header(stamp=builtin_interfaces.msg.Time(sec=1731187364, nanosec=971868690), frame_id='RU_myo')","geometry_msgs.msg.Quaternion(x=0.37932570011026223, y=0.1631436196934402, z=-0.3841473783578424, w=-0.8257886922754382)",[0. 0. 0. 0. 0. 0. 0. 0. 0.],"geometry_msgs.msg.Vector3(x=41.875, y=74.5, z=26.875)",[0. 0. 0. 0. 0. 0. 0. 0. 0.],"geometry_msgs.msg.Vector3(x=0.06982421875, y=0.40234375, z=0.4228515625)",[0. 0. 0. 0. 0. 0. 0. 0. 0.],False,24.889534728,"[0.37932570011026223, 0.1631436196934402, -0.3841473783578424, -0.8257886922754382]","[41.875, 74.5, 26.875]","[0.06982421875, 0.40234375, 0.4228515625]"
20039603297,"std_msgs.msg.Header(stamp=builtin_interfaces.msg.Time(sec=1731187364, nanosec=980122375), frame_id='RU_myo')","geometry_msgs.msg.Quaternion(x=0.38629605497595026, y=0.1745626034493945, z=-0.3965500820317189, w=-0.8142796128036266)",[0. 0. 0. 0. 0. 0. 0. 0. 0.],"geometry_msgs.msg.Vector3(x=98.875, y=54.375, z=42.6875)",[0. 0. 0. 0. 0. 0. 0. 0. 0.],"geometry_msgs.msg.Vector3(x=0.044921875, y=0.53662109375, z=0.36279296875)",[0. 0. 0. 0. 0. 0. 0. 0. 0.],False,24.897781392,"[0.38629605497595026, 0.1745626034493945, -0.3965500820317189, -0.8142796128036266]","[98.875, 54.375, 42.6875]","[0.044921875, 0.53662109375, 0.36279296875]"
20060749888,"std_msgs.msg.Header(stamp=builtin_interfaces.msg.Time(sec=1731187365, nanosec=1264737), frame_id='RU_myo')","geometry_msgs.msg.Quaternion(x=0.3924479217634824, y=0.18499372486238183, z=-0.41106325864339877, w=-0.8017411975560039)",[0. 0. 0. 0. 0. 0. 0. 0. 0.],"geometry_msgs.msg.Vector3(x=109.9375, y=43.5625, z=46.6875)",[0. 0. 0. 0. 0. 0. 0. 0. 0.],"geometry_msgs.msg.Vector3(x=0.0537109375, y=0.69287109375, z=0.2919921875)",[0. 0. 0. 0. 0. 0. 0. 0. 0.],False,24.918927983,"[0.3924479217634824, 0.18499372486238183, -0.41106325864339877, -0.8017411975560039]","[109.9375, 43.5625, 46.6875]","[0.0537109375, 0.69287109375, 0.2919921875]"
20086659598,"std_msgs.msg.Header(stamp=builtin_interfaces.msg.Time(sec=1731187365, nanosec=27014896), frame_id='RU_myo')","geometry_msgs.msg.Quaternion(x=0.3963078142965114, y=0.19488847236235346, z=-0.4251779199737407, w=-0.7900521096956791)",[0. 0. 0. 0. 0. 0. 0. 0. 0.],"geometry_msgs.msg.Vector3(x=94.4375, y=35.875, z=35.5625)",[0. 0. 0. 0. 0. 0. 0. 0. 0.],"geometry_msgs.msg.Vector3(x=0.03955078125, y=0.939453125, z=0.36279296875)",[0. 0. 0. 0. 0. 0. 0. 0. 0.],False,24.944837693,"[0.3963078142965114, 0.19488847236235346, -0.4251779199737407, -0.7900521096956791]","[94.4375, 35.875, 35.5625]","[0.03955078125, 0.939453125, 0.36279296875]"
20099592325,"std_msgs.msg.Header(stamp=builtin_interfaces.msg.Time(sec=1731187365, nanosec=40041180), frame_id='RU_myo')","geometry_msgs.msg.Quaternion(x=0.39824989925926757, y=0.20269546596782032, z=-0.43596920006267403, w=-0.7811801472213586)",[0. 0. 0. 0. 0. 0. 0. 0. 0.],"geometry_msgs.msg.Vector3(x=67.8125, y=24.5, z=24.5)",[0. 0. 0. 0. 0. 0. 0. 0. 0.],"geometry_msgs.msg.Vector3(x=0.001953125, y=1.10888671875, z=0.40234375)",[0. 0. 0. 0. 0. 0. 0. 0. 0.],False,24.95777042,"[0.39824989925926757, 0.20269546596782032, -0.43596920006267403, -0.7811801472213586]","[67.8125, 24.5, 24.5]","[0.001953125, 1.10888671875, 0.40234375]"
20120750033,"std_msgs.msg.Header(stamp=builtin_interfaces.msg.Time(sec=1731187365, nanosec=61175634), frame_id='RU_myo')","geometry_msgs.msg.Quaternion(x=0.40154131717330077, y=0.2048294057506608, z=-0.43687988270656436, w=-0.7784249824028391)",[0. 0. 0. 0. 0. 0. 0. 0. 0.],"geometry_msgs.msg.Vector3(x=-2.3125, y=19.625, z=16.375)",[0. 0. 0. 0. 0. 0. 0. 0. 0.],"geometry_msgs.msg.Vector3(x=0.04296875, y=1.01416015625, z=0.404296875)",[0. 0. 0. 0. 0. 0. 0. 0. 0.],False,24.978928128,"[0.40154131717330077, 0.2048294057506608, -0.43687988270656436, -0.7784249824028391]","[-2.3125, 19.625, 16.375]","[0.04296875, 1.01416015625, 0.404296875]"
20143070524,"std_msgs.msg.Header(stamp=builtin_interfaces.msg.Time(sec=1731187365, nanosec=83488405), frame_id='RU_myo')","geometry_msgs.msg.Quaternion(x=0.40674747590564453, y=0.20190886108881634, z=-0.4298192865137378, w=-0.7804131492991553)",[0. 0. 0. 0. 0. 0. 0. 0. 0.],"geometry_msgs.msg.Vector3(x=-55.4375, y=16.375, z=14.125)",[0. 0. 0. 0. 0. 0. 0. 0. 0.],"geometry_msgs.msg.Vector3(x=0.09619140625, y=0.93212890625, z=0.5068359375)",[0. 0. 0. 0. 0. 0. 0. 0. 0.],False,25.001248619,"[0.40674747590564453, 0.20190886108881634, -0.4298192865137378, -0.7804131492991553]","[-55.4375, 16.375, 14.125]","[0.09619140625, 0.93212890625, 0.5068359375]"
20159605960,"std_msgs.msg.Header(stamp=builtin_interfaces.msg.Time(sec=1731187365, nanosec=100077504), frame_id='RU_myo')","geometry_msgs.msg.Quaternion(x=0.41296333643697386, y=0.19732640654755196, z=-0.42108100178520286, w=-0.783080048253972)",[0. 0. 0. 0. 0. 0. 0. 0. 0.],"geometry_msgs.msg.Vector3(x=-57.4375, y=15.8125, z=16.6875)",[0. 0. 0. 0. 0. 0. 0. 0. 0.],"geometry_msgs.msg.Vector3(x=0.1416015625, y=0.8251953125, z=0.67333984375)",[0. 0. 0. 0. 0. 0. 0. 0. 0.],False,25.017784055,"[0.41296333643697386, 0.19732640654755196, -0.42108100178520286, -0.783080048253972]","[-57.4375, 15.8125, 16.6875]","[0.1416015625, 0.8251953125, 0.67333984375]"
20180802466,"std_msgs.msg.Header(stamp=builtin_interfaces.msg.Time(sec=1731187365, nanosec=121229986), frame_id='RU_myo')","geometry_msgs.msg.Quaternion(x=0.41881613860388145, y=0.1950040167355583, z=-0.4154592619464618, w=-0.7835560459627849)",[0. 0. 0. 0. 0. 0. 0. 0. 0.],"geometry_msgs.msg.Vector3(x=-31.625, y=20.375, z=17.9375)",[0. 0. 0. 0. 0. 0. 0. 0. 0.],"geometry_msgs.msg.Vector3(x=0.14697265625, y=0.75927734375, z=0.66357421875)",[0. 0. 0. 0. 0. 0. 0. 0. 0.],False,25.038980561,"[0.41881613860388145, 0.1950040167355583, -0.4154592619464618, -0.7835560459627849]","[-31.625, 20.375, 17.9375]","[0.14697265625, 0.75927734375, 0.66357421875]"
20227792549,"std_msgs.msg.Header(stamp=builtin_interfaces.msg.Time(sec=1731187365, nanosec=168212685), frame_id='RU_myo')","geometry_msgs.msg.Quaternion(x=0.42382507305250866, y=0.19549419772280893, z=-0.4126557198888265, w=-0.7822209297582015)",[0. 0. 0. 0. 0. 0. 0. 0. 0.],"geometry_msgs.msg.Vector3(x=-10.6875, y=25.1875, z=17.4375)",[0. 0. 0. 0. 0. 0. 0. 0. 0.],"geometry_msgs.msg.Vector3(x=0.11328125, y=0.7666015625, z=0.60791015625)",[0. 0. 0. 0. 0. 0. 0. 0. 0.],False,25.085970644,"[0.42382507305250866, 0.19549419772280893, -0.4126557198888265, -0.7822209297582015]","[-10.6875, 25.1875, 17.4375]","[0.11328125, 0.7666015625, 0.60791015625]"
20230211412,"std_msgs.msg.Header(stamp=builtin_interfaces.msg.Time(sec=1731187365, nanosec=170646637), frame_id='RU_myo')","geometry_msgs.msg.Quaternion(x=0.42773550474969063, y=0.19885306428003596, z=-0.4126597813374227, w=-0.7792378979936216)",[0. 0. 0. 0. 0. 0. 0. 0. 0.],"geometry_msgs.msg.Vector3(x=13.875, y=28.125, z=15.8125)",[0. 0. 0. 0. 0. 0. 0. 0. 0.],"geometry_msgs.msg.Vector3(x=0.05859375, y=0.81494140625, z=0.62939453125)",[0. 0. 0. 0. 0. 0. 0. 0. 0.],False,25.088389507,"[0.42773550474969063, 0.19885306428003596, -0.4126597813374227, -0.7792378979936216]","[13.875, 28.125, 15.8125]","[0.05859375, 0.81494140625, 0.62939453125]"
20240864427,"std_msgs.msg.Header(stamp=builtin_interfaces.msg.Time(sec=1731187365, nanosec=181323359), frame_id='RU_myo')","geometry_msgs.msg.Quaternion(x=0.43058602787313993, y=0.20378834118616787, z=-0.41447338274790835, w=-0.7754210466517708)",[0. 0. 0. 0. 0. 0. 0. 0. 0.],"geometry_msgs.msg.Vector3(x=27.6875, y=28.125, z=12.75)",[0. 0. 0. 0. 0. 0. 0. 0. 0.],"geometry_msgs.msg.Vector3(x=0.033203125, y=0.80859375, z=0.60009765625)",[0. 0. 0. 0. 0. 0. 0. 0. 0.],False,25.099042522,"[0.43058602787313993, 0.20378834118616787, -0.41447338274790835, -0.7754210466517708]","[27.6875, 28.125, 12.75]","[0.033203125, 0.80859375, 0.60009765625]"
20263212537,"std_msgs.msg.Header(stamp=builtin_interfaces.msg.Time(sec=1731187365, nanosec=203749186), frame_id='RU_myo')","geometry_msgs.msg.Quaternion(x=0.43289930666604837, y=0.2092784044209615, z=-0.4184347450306538, w=-0.7705278086365234)",[0. 0. 0. 0. 0. 0. 0. 0. 0.],"geometry_msgs.msg.Vector3(x=39.25, y=25.8125, z=14.1875)",[0. 0. 0. 0. 0. 0. 0. 0. 0.],"geometry_msgs.msg.Vector3(x=0.0341796875, y=0.78466796875, z=0.51953125)",[0. 0. 0. 0. 0. 0. 0. 0. 0.],False,25.121390632,"[0.43289930666604837, 0.2092784044209615, -0.4184347450306538, -0.7705278086365234]","[39.25, 25.8125, 14.1875]","[0.0341796875, 0.78466796875, 0.51953125]"
20279570888,"std_msgs.msg.Header(stamp=builtin_interfaces.msg.Time(sec=1731187365, nanosec=220089371), frame_id='RU_myo')","geometry_msgs.msg.Quaternion(x=0.435058784995034, y=0.21362314078038988, z=-0.4229738187451719, w=-0.7656253365569173)",[0. 0. 0. 0. 0. 0. 0. 0. 0.],"geometry_msgs.msg.Vector3(x=37.6875, y=20.0, z=15.25)",[0. 0. 0. 0. 0. 0. 0. 0. 0.],"geometry_msgs.msg.Vector3(x=0.06103515625, y=0.81884765625, z=0.50048828125)",[0. 0. 0. 0. 0. 0. 0. 0. 0.],False,25.137748983,"[0.435058784995034, 0.21362314078038988, -0.4229738187451719, -0.7656253365569173]","[37.6875, 20.0, 15.25]","[0.06103515625, 0.81884765625, 0.50048828125]"
20300694571,"std_msgs.msg.Header(stamp=builtin_interfaces.msg.Time(sec=1731187365, nanosec=241241979), frame_id='RU_myo')","geometry_msgs.msg.Quaternion(x=0.43676558577179925, y=0.21722313020707565, z=-0.42773242385253896, w=-0.7609828568198425)",[0. 0. 0. 0. 0. 0. 0. 0. 0.],"geometry_msgs.msg.Vector3(x=33.25, y=15.6875, z=13.75)",[0. 0. 0. 0. 0. 0. 0. 0. 0.],"geometry_msgs.msg.Vector3(x=0.0908203125, y=0.90966796875, z=0.48828125)",[0. 0. 0. 0. 0. 0. 0. 0. 0.],False,25.158872666,"[0.43676558577179925, 0.21722313020707565, -0.42773242385253896, -0.7609828568198425]","[33.25, 15.6875, 13.75]","[0.0908203125, 0.90966796875, 0.48828125]"
20323204555,"std_msgs.msg.Header(stamp=builtin_interfaces.msg.Time(sec=1731187365, nanosec=263732704), frame_id='RU_myo')","geometry_msgs.msg.Quaternion(x=0.43894215938735315, y=0.21995933571079265, z=-0.4303366470856823, w=-0.7574681785534538)",[0. 0. 0. 0. 0. 0. 0. 0. 0.],"geometry_msgs.msg.Vector3(x=18.9375, y=16.5, z=12.875)",[0. 0. 0. 0. 0. 0. 0. 0. 0.],"geometry_msgs.msg.Vector3(x=0.07958984375, y=0.91015625, z=0.48974609375)",[0. 0. 0. 0. 0. 0. 0. 0. 0.],False,25.18138265,"[0.43894215938735315, 0.21995933571079265, -0.4303366470856823, -0.7574681785534538]","[18.9375, 16.5, 12.875]","[0.07958984375, 0.91015625, 0.48974609375]"
20339482116,"std_msgs.msg.Header(stamp=builtin_interfaces.msg.Time(sec=1731187365, nanosec=280017312), frame_id='RU_myo')","geometry_msgs.msg.Quaternion(x=0.4408482829274727, y=0.22155326969773306, z=-0.4309607816351772, w=-0.7555393734402859)",[0. 0. 0. 0. 0. 0. 0. 0. 0.],"geometry_msgs.msg.Vector3(x=4.25, y=13.0, z=9.4375)",[0. 0. 0. 0. 0. 0. 0. 0. 0.],"geometry_msgs.msg.Vector3(x=0.05419921875, y=0.8876953125, z=0.474609375)",[0. 0. 0. 0. 0. 0. 0. 0. 0.],False,25.197660211,"[0.4408482829274727, 0.22155326969773306, -0.4309607816351772, -0.7555393734402859]","[4.25, 13.0, 9.4375]","[0.05419921875, 0.8876953125, 0.474609375]"
20364164242,"std_msgs.msg.Header(stamp=builtin_interfaces.msg.Time(sec=1731187365, nanosec=304667210), frame_id='RU_myo')","geometry_msgs.msg.Quaternion(x=0.4425744303828444, y=0.2219280966586708, z=-0.43012301901915656, w=-0.75489733208868)",[0. 0. 0. 0. 0. 0. 0. 0. 0.],"geometry_msgs.msg.Vector3(x=-9.375, y=9.6875, z=6.1875)",[0. 0. 0. 0. 0. 0. 0. 0. 0.],"geometry_msgs.msg.Vector3(x=0.0615234375, y=0.8798828125, z=0.44921875)",[0. 0. 0. 0. 0. 0. 0. 0. 0.],False,25.222342337,"[0.4425744303828444, 0.2219280966586708, -0.43012301901915656, -0.75489733208868]","[-9.375, 9.6875, 6.1875]","[0.0615234375, 0.8798828125, 0.44921875]"
20383110085,"std_msgs.msg.Header(stamp=builtin_interfaces.msg.Time(sec=1731187365, nanosec=323633100), frame_id='RU_myo')","geometry_msgs.msg.Quaternion(x=0.44426395457293766, y=0.22204042680812575, z=-0.4287003732546111, w=-0.7546811098082669)",[0. 0. 0. 0. 0. 0. 0. 0. 0.],"geometry_msgs.msg.Vector3(x=-9.875, y=10.9375, z=1.8125)",[0. 0. 0. 0. 0. 0. 0. 0. 0.],"geometry_msgs.msg.Vector3(x=0.1171875, y=0.95654296875, z=0.5673828125)",[0. 0. 0. 0. 0. 0. 0. 0. 0.],False,25.24128818,"[0.44426395457293766, 0.22204042680812575, -0.4287003732546111, -0.7546811098082669]","[-9.875, 10.9375, 1.8125]","[0.1171875, 0.95654296875, 0.5673828125]"
20399998288,"std_msgs.msg.Header(stamp=builtin_interfaces.msg.Time(sec=1731187365, nanosec=340398409), frame_id='RU_myo')","geometry_msgs.msg.Quaternion(x=0.44608799990301373, y=0.22319658170000292, z=-0.42643547069672416, w=-0.7545472626626022)",[0. 0. 0. 0. 0. 0. 0. 0. 0.],"geometry_msgs.msg.Vector3(x=-0.9375, y=18.1875, z=-2.375)",[0. 0. 0. 0. 0. 0. 0. 0. 0.],"geometry_msgs.msg.Vector3(x=0.12451171875, y=0.8271484375, z=0.65771484375)",[0. 0. 0. 0. 0. 0. 0. 0. 0.],False,25.258176383,"[0.44608799990301373, 0.22319658170000292, -0.42643547069672416, -0.7545472626626022]","[-0.9375, 18.1875, -2.375]","[0.12451171875, 0.8271484375, 0.65771484375]"
20422051671,"std_msgs.msg.Header(stamp=builtin_interfaces.msg.Time(sec=1731187365, nanosec=362508418), frame_id='RU_myo')","geometry_msgs.msg.Quaternion(x=0.4484272959289275, y=0.22509866168312026, z=-0.42529486838611225, w=-0.7532382277200074)",[0. 0. 0. 0. 0. 0. 0. 0. 0.],"geometry_msgs.msg.Vector3(x=8.1875, y=20.5, z=3.375)",[0. 0. 0. 0. 0. 0. 0. 0. 0.],"geometry_msgs.msg.Vector3(x=0.10693359375, y=0.7578125, z=0.6220703125)",[0. 0. 0. 0. 0. 0. 0. 0. 0.],False,25.280229766,"[0.4484272959289275, 0.22509866168312026, -0.42529486838611225, -0.7532382277200074]","[8.1875, 20.5, 3.375]","[0.10693359375, 0.7578125, 0.6220703125]"
20443282881,"std_msgs.msg.Header(stamp=builtin_interfaces.msg.Time(sec=1731187365, nanosec=383689121), frame_id='RU_myo')","geometry_msgs.msg.Quaternion(x=0.4505578904277756, y=0.22808653976274687, z=-0.42760885672405796, w=-0.7497498138735837)",[0. 0. 0. 0. 0. 0. 0. 0. 0.],"geometry_msgs.msg.Vector3(x=29.125, y=19.375, z=9.3125)",[0. 0. 0. 0. 0. 0. 0. 0. 0.],"geometry_msgs.msg.Vector3(x=0.11474609375, y=0.81201171875, z=0.6015625)",[0. 0. 0. 0. 0. 0. 0. 0. 0.],False,25.301460976,"[0.4505578904277756, 0.22808653976274687, -0.42760885672405796, -0.7497498138735837]","[29.125, 19.375, 9.3125]","[0.11474609375, 0.81201171875, 0.6015625]"
20459656167,"std_msgs.msg.Header(stamp=builtin_interfaces.msg.Time(sec=1731187365, nanosec=400091202), frame_id='RU_myo')","geometry_msgs.msg.Quaternion(x=0.4525522385501838, y=0.23253189870211735, z=-0.43167929646196224, w=-0.7448344597796956)",[0. 0. 0. 0. 0. 0. 0. 0. 0.],"geometry_msgs.msg.Vector3(x=45.0625, y=22.5625, z=10.625)",[0. 0. 0. 0. 0. 0. 0. 0. 0.],"geometry_msgs.msg.Vector3(x=0.125, y=0.8544921875, z=0.63330078125)",[0. 0. 0. 0. 0. 0. 0. 0. 0.],False,25.317834262,"[0.4525522385501838, 0.23253189870211735, -0.43167929646196224, -0.7448344597796956]","[45.0625, 22.5625, 10.625]","[0.125, 0.8544921875, 0.63330078125]"
20513384959,"std_msgs.msg.Header(stamp=builtin_interfaces.msg.Time(sec=1731187365, nanosec=453875326), frame_id='RU_myo')","geometry_msgs.msg.Quaternion(x=0.45451552476942086, y=0.23857945297753005, z=-0.43602241291160776, w=-0.7391751739603137)",[0. 0. 0. 0. 0. 0. 0. 0. 0.],"geometry_msgs.msg.Vector3(x=54.25, y=28.3125, z=10.625)",[0. 0. 0. 0. 0. 0. 0. 0. 0.],"geometry_msgs.msg.Vector3(x=0.09619140625, y=0.8193359375, z=0.6220703125)",[0. 0. 0. 0. 0. 0. 0. 0. 0.],False,25.371563054,"[0.45451552476942086, 0.23857945297753005, -0.43602241291160776, -0.7391751739603137]","[54.25, 28.3125, 10.625]","[0.09619140625, 0.8193359375, 0.6220703125]"
20515763225,"std_msgs.msg.Header(stamp=builtin_interfaces.msg.Time(sec=1731187365, nanosec=456284047), frame_id='RU_myo')","geometry_msgs.msg.Quaternion(x=0.4554389771239966, y=0.24670119881200675, z=-0.44201140074135403, w=-0.7323522227969493)",[0. 0. 0. 0. 0. 0. 0. 0. 0.],"geometry_msgs.msg.Vector3(x=65.125, y=30.875, z=8.375)",[0. 0. 0. 0. 0. 0. 0. 0. 0.],"geometry_msgs.msg.Vector3(x=0.0556640625, y=0.8271484375, z=0.5087890625)",[0. 0. 0. 0. 0. 0. 0. 0. 0.],False,25.37394132,"[0.4554389771239966, 0.24670119881200675, -0.44201140074135403, -0.7323522227969493]","[65.125, 30.875, 8.375]","[0.0556640625, 0.8271484375, 0.5087890625]"
20521249288,"std_msgs.msg.Header(stamp=builtin_interfaces.msg.Time(sec=1731187365, nanosec=461687629), frame_id='RU_myo')","geometry_msgs.msg.Quaternion(x=0.4556894934114482, y=0.25549373418434534, z=-0.44915871711958844, w=-0.7247940978115387)",[0. 0. 0. 0. 0. 0. 0. 0. 0.],"geometry_msgs.msg.Vector3(x=73.9375, y=27.875, z=11.0625)",[0. 0. 0. 0. 0. 0. 0. 0. 0.],"geometry_msgs.msg.Vector3(x=-0.00390625, y=0.83935546875, z=0.4814453125)",[0. 0. 0. 0. 0. 0. 0. 0. 0.],False,25.379427383,"[0.4556894934114482, 0.25549373418434534, -0.44915871711958844, -0.7247940978115387]","[73.9375, 27.875, 11.0625]","[-0.00390625, 0.83935546875, 0.4814453125]"
20540778461,"std_msgs.msg.Header(stamp=builtin_interfaces.msg.Time(sec=1731187365, nanosec=481212378), frame_id='RU_myo')","geometry_msgs.msg.Quaternion(x=0.45562389569500594, y=0.2644022392700289, z=-0.457515970814436, w=-0.7163640540887187)",[0. 0. 0. 0. 0. 0. 0. 0. 0.],"geometry_msgs.msg.Vector3(x=83.375, y=26.1875, z=13.125)",[0. 0. 0. 0. 0. 0. 0. 0. 0.],"geometry_msgs.msg.Vector3(x=-0.00048828125, y=0.81640625, z=0.458984375)",[0. 0. 0. 0. 0. 0. 0. 0. 0.],False,25.398956556,"[0.45562389569500594, 0.2644022392700289, -0.457515970814436, -0.7163640540887187]","[83.375, 26.1875, 13.125]","[-0.00048828125, 0.81640625, 0.458984375]"
20563372840,"std_msgs.msg.Header(stamp=builtin_interfaces.msg.Time(sec=1731187365, nanosec=503813848), frame_id='RU_myo')","geometry_msgs.msg.Quaternion(x=0.4542744914104936, y=0.27349240843885825, z=-0.46580987752853514, w=-0.7084191887413138)",[0. 0. 0. 0. 0. 0. 0. 0. 0.],"geometry_msgs.msg.Vector3(x=80.5625, y=20.875, z=10.75)",[0. 0. 0. 0. 0. 0. 0. 0. 0.],"geometry_msgs.msg.Vector3(x=-0.07666015625, y=0.80322265625, z=0.3701171875)",[0. 0. 0. 0. 0. 0. 0. 0. 0.],False,25.421550935,"[0.4542744914104936, 0.27349240843885825, -0.46580987752853514, -0.7084191887413138]","[80.5625, 20.875, 10.75]","[-0.07666015625, 0.80322265625, 0.3701171875]"
20581014231,"std_msgs.msg.Header(stamp=builtin_interfaces.msg.Time(sec=1731187365, nanosec=521507811), frame_id='RU_myo')","geometry_msgs.msg.Quaternion(x=0.4514041721899859, y=0.2819139901765204, z=-0.47349831907110745, w=-0.7018248480276701)",[0. 0. 0. 0. 0. 0. 0. 0. 0.],"geometry_msgs.msg.Vector3(x=65.8125, y=12.25, z=6.3125)",[0. 0. 0. 0. 0. 0. 0. 0. 0.],"geometry_msgs.msg.Vector3(x=-0.14111328125, y=0.96533203125, z=0.26416015625)",[0. 0. 0. 0. 0. 0. 0. 0. 0.],False,25.439192326,"[0.4514041721899859, 0.2819139901765204, -0.47349831907110745, -0.7018248480276701]","[65.8125, 12.25, 6.3125]","[-0.14111328125, 0.96533203125, 0.26416015625]"
20600654255,"std_msgs.msg.Header(stamp=builtin_interfaces.msg.Time(sec=1731187365, nanosec=541164421), frame_id='RU_myo')","geometry_msgs.msg.Quaternion(x=0.44835937230281914, y=0.28698417758887224, z=-0.4794259283199897, w=-0.6976852688256909)",[0. 0. 0. 0. 0. 0. 0. 0. 0.],"geometry_msgs.msg.Vector3(x=36.1875, y=0.5, z=2.875)",[0. 0. 0. 0. 0. 0. 0. 0. 0.],"geometry_msgs.msg.Vector3(x=-0.10107421875, y=1.044921875, z=0.16552734375)",[0. 0. 0. 0. 0. 0. 0. 0. 0.],False,25.45883235,"[0.44835937230281914, 0.28698417758887224, -0.4794259283199897, -0.6976852688256909]","[36.1875, 0.5, 2.875]","[-0.10107421875, 1.044921875, 0.16552734375]"
20647741970,"std_msgs.msg.Header(stamp=builtin_interfaces.msg.Time(sec=1731187365, nanosec=588164667), frame_id='RU_myo')","geometry_msgs.msg.Quaternion(x=0.44627525644175037, y=0.28771082588435604, z=-0.4821017848240408, w=-0.6968778553134445)",[0. 0. 0. 0. 0. 0. 0. 0. 0.],"geometry_msgs.msg.Vector3(x=2.5, y=-8.8125, z=-1.875)",[0. 0. 0. 0. 0. 0. 0. 0. 0.],"geometry_msgs.msg.Vector3(x=0.001953125, y=0.9921875, z=0.14990234375)",[0. 0. 0. 0. 0. 0. 0. 0. 0.],False,25.505920065,"[0.44627525644175037, 0.28771082588435604, -0.4821017848240408, -0.6968778553134445]","[2.5, -8.8125, -1.875]","[0.001953125, 0.9921875, 0.14990234375]"
20650163506,"std_msgs.msg.Header(stamp=builtin_interfaces.msg.Time(sec=1731187365, nanosec=590603538), frame_id='RU_myo')","geometry_msgs.msg.Quaternion(x=0.4444492641334369, y=0.286066149545924, z=-0.48369409753604603, w=-0.6976181116513572)",[0. 0. 0. 0. 0. 0. 0. 0. 0.],"geometry_msgs.msg.Vector3(x=-6.5625, y=-15.0, z=-6.0625)",[0. 0. 0. 0. 0. 0. 0. 0. 0.],"geometry_msgs.msg.Vector3(x=0.09033203125, y=0.96875, z=0.2392578125)",[0. 0. 0. 0. 0. 0. 0. 0. 0.],False,25.508341601,"[0.4444492641334369, 0.286066149545924, -0.48369409753604603, -0.6976181116513572]","[-6.5625, -15.0, -6.0625]","[0.09033203125, 0.96875, 0.2392578125]"
20660750847,"std_msgs.msg.Header(stamp=builtin_interfaces.msg.Time(sec=1731187365, nanosec=601214537), frame_id='RU_myo')","geometry_msgs.msg.Quaternion(x=0.44281658206534535, y=0.2836955855878326, z=-0.4850535324153411, w=-0.6986797263820825)",[0. 0. 0. 0. 0. 0. 0. 0. 0.],"geometry_msgs.msg.Vector3(x=-4.75, y=-16.375, z=-7.3125)",[0. 0. 0. 0. 0. 0. 0. 0. 0.],"geometry_msgs.msg.Vector3(x=0.13916015625, y=0.96630859375, z=0.32421875)",[0. 0. 0. 0. 0. 0. 0. 0. 0.],False,25.518928942,"[0.44281658206534535, 0.2836955855878326, -0.4850535324153411, -0.6986797263820825]","[-4.75, -16.375, -7.3125]","[0.13916015625, 0.96630859375, 0.32421875]"
20683322572,"std_msgs.msg.Header(stamp=builtin_interfaces.msg.Time(sec=1731187365, nanosec=623664003), frame_id='RU_myo')","geometry_msgs.msg.Quaternion(x=0.4412777480236914, y=0.2820393462818088, z=-0.48595483122609, w=-0.6996968331042321)",[0. 0. 0. 0. 0. 0. 0. 0. 0.],"geometry_msgs.msg.Vector3(x=1.3125, y=-12.5625, z=-8.3125)",[0. 0. 0. 0. 0. 0. 0. 0. 0.],"geometry_msgs.msg.Vector3(x=0.1220703125, y=0.94921875, z=0.4111328125)",[0. 0. 0. 0. 0. 0. 0. 0. 0.],False,25.541500667,"[0.4412777480236914, 0.2820393462818088, -0.48595483122609, -0.6996968331042321]","[1.3125, -12.5625, -8.3125]","[0.1220703125, 0.94921875, 0.4111328125]"
20701062958,"std_msgs.msg.Header(stamp=builtin_interfaces.msg.Time(sec=1731187365, nanosec=641518031), frame_id='RU_myo')","geometry_msgs.msg.Quaternion(x=0.4393251432786078, y=0.28295517702689993, z=-0.48876295462282454, w=-0.6985989983282779)",[0. 0. 0. 0. 0. 0. 0. 0. 0.],"geometry_msgs.msg.Vector3(x=31.4375, y=-7.125, z=-4.5)",[0. 0. 0. 0. 0. 0. 0. 0. 0.],"geometry_msgs.msg.Vector3(x=0.046875, y=0.7353515625, z=0.4658203125)",[0. 0. 0. 0. 0. 0. 0. 0. 0.],False,25.559241053,"[0.4393251432786078, 0.28295517702689993, -0.48876295462282454, -0.6985989983282779]","[31.4375, -7.125, -4.5]","[0.046875, 0.7353515625, 0.4658203125]"
20720734391,"std_msgs.msg.Header(stamp=builtin_interfaces.msg.Time(sec=1731187365, nanosec=661276788), frame_id='RU_myo')","geometry_msgs.msg.Quaternion(x=0.43719028109329705, y=0.28582466653077065, z=-0.49462376629625565, w=-0.694633894893594)",[0. 0. 0. 0. 0. 0. 0. 0. 0.],"geometry_msgs.msg.Vector3(x=57.4375, y=-3.0, z=2.375)",[0. 0. 0. 0. 0. 0. 0. 0. 0.],"geometry_msgs.msg.Vector3(x=0.03466796875, y=0.69677734375, z=0.43896484375)",[0. 0. 0. 0. 0. 0. 0. 0. 0.],False,25.578912486,"[0.43719028109329705, 0.28582466653077065, -0.49462376629625565, -0.694633894893594]","[57.4375, -3.0, 2.375]","[0.03466796875, 0.69677734375, 0.43896484375]"
20743452063,"std_msgs.msg.Header(stamp=builtin_interfaces.msg.Time(sec=1731187365, nanosec=683860251), frame_id='RU_myo')","geometry_msgs.msg.Quaternion(x=0.4341305691909492, y=0.2905800140472528, z=-0.5026100432008248, w=-0.6888229444522779)",[0. 0. 0. 0. 0. 0. 0. 0. 0.],"geometry_msgs.msg.Vector3(x=71.875, y=-0.9375, z=2.9375)",[0. 0. 0. 0. 0. 0. 0. 0. 0.],"geometry_msgs.msg.Vector3(x=0.01708984375, y=0.85888671875, z=0.396484375)",[0. 0. 0. 0. 0. 0. 0. 0. 0.],False,25.601630158,"[0.4341305691909492, 0.2905800140472528, -0.5026100432008248, -0.6888229444522779]","[71.875, -0.9375, 2.9375]","[0.01708984375, 0.85888671875, 0.396484375]"
20785135411,"std_msgs.msg.Header(stamp=builtin_interfaces.msg.Time(sec=1731187365, nanosec=725534765), frame_id='RU_myo')","geometry_msgs.msg.Quaternion(x=0.42967079755801996, y=0.2955207388886268, z=-0.508952383641524, w=-0.6848488663918384)",[0. 0. 0. 0. 0. 0. 0. 0. 0.],"geometry_msgs.msg.Vector3(x=51.1875, y=-4.0, z=-6.75)",[0. 0. 0. 0. 0. 0. 0. 0. 0.],"geometry_msgs.msg.Vector3(x=-0.0302734375, y=1.1591796875, z=0.30419921875)",[0. 0. 0. 0. 0. 0. 0. 0. 0.],False,25.643313506,"[0.42967079755801996, 0.2955207388886268, -0.508952383641524, -0.6848488663918384]","[51.1875, -4.0, -6.75]","[-0.0302734375, 1.1591796875, 0.30419921875]"
20789488479,"std_msgs.msg.Header(stamp=builtin_interfaces.msg.Time(sec=1731187365, nanosec=729948944), frame_id='RU_myo')","geometry_msgs.msg.Quaternion(x=0.42540940206044253, y=0.29815278752729724, z=-0.5095757672600624, w=-0.6859039971815284)",[0. 0. 0. 0. 0. 0. 0. 0. 0.],"geometry_msgs.msg.Vector3(x=3.125, y=-6.9375, z=-19.5625)",[0. 0. 0. 0. 0. 0. 0. 0. 0.],"geometry_msgs.msg.Vector3(x=-0.064453125, y=1.1689453125, z=0.22265625)",[0. 0. 0. 0. 0. 0. 0. 0. 0.],False,25.647666574,"[0.42540940206044253, 0.29815278752729724, -0.5095757672600624, -0.6859039971815284]","[3.125, -6.9375, -19.5625]","[-0.064453125, 1.1689453125, 0.22265625]"
20803275998,"std_msgs.msg.Header(stamp=builtin_interfaces.msg.Time(sec=1731187365, nanosec=743717570), frame_id='RU_myo')","geometry_msgs.msg.Quaternion(x=0.42218034249218234, y=0.2973023634927599, z=-0.5055543988525005, w=-0.6912234174821403)",[0. 0. 0. 0. 0. 0. 0. 0. 0.],"geometry_msgs.msg.Vector3(x=-33.0625, y=-12.25, z=-30.1875)",[0. 0. 0. 0. 0. 0. 0. 0. 0.],"geometry_msgs.msg.Vector3(x=0.01611328125, y=1.0927734375, z=0.2841796875)",[0. 0. 0. 0. 0. 0. 0. 0. 0.],False,25.661454093,"[0.42218034249218234, 0.2973023634927599, -0.5055543988525005, -0.6912234174821403]","[-33.0625, -12.25, -30.1875]","[0.01611328125, 1.0927734375, 0.2841796875]"
20821296434,"std_msgs.msg.Header(stamp=builtin_interfaces.msg.Time(sec=1731187365, nanosec=761754178), frame_id='RU_myo')","geometry_msgs.msg.Quaternion(x=0.41894146310399655, y=0.2957736495049486, z=-0.5002395442308211, w=-0.6976864604810292)",[0. 0. 0. 0. 0. 0. 0. 0. 0.],"geometry_msgs.msg.Vector3(x=-35.0, y=-12.125, z=-37.375)",[0. 0. 0. 0. 0. 0. 0. 0. 0.],"geometry_msgs.msg.Vector3(x=0.07177734375, y=1.12451171875, z=0.427734375)",[0. 0. 0. 0. 0. 0. 0. 0. 0.],False,25.679474529,"[0.41894146310399655, 0.2957736495049486, -0.5002395442308211, -0.6976864604810292]","[-35.0, -12.125, -37.375]","[0.07177734375, 1.12451171875, 0.427734375]"
20840585168,"std_msgs.msg.Header(stamp=builtin_interfaces.msg.Time(sec=1731187365, nanosec=781056975), frame_id='RU_myo')","geometry_msgs.msg.Quaternion(x=0.4156490819279386, y=0.29486060422817495, z=-0.4932857386404698, w=-0.7049554913755787)",[0. 0. 0. 0. 0. 0. 0. 0. 0.],"geometry_msgs.msg.Vector3(x=-46.25, y=-7.1875, z=-44.25)",[0. 0. 0. 0. 0. 0. 0. 0. 0.],"geometry_msgs.msg.Vector3(x=0.060546875, y=1.16015625, z=0.40576171875)",[0. 0. 0. 0. 0. 0. 0. 0. 0.],False,25.698763263,"[0.4156490819279386, 0.29486060422817495, -0.4932857386404698, -0.7049554913755787]","[-46.25, -7.1875, -44.25]","[0.060546875, 1.16015625, 0.40576171875]"
20863224721,"std_msgs.msg.Header(stamp=builtin_interfaces.msg.Time(sec=1731187365, nanosec=803689733), frame_id='RU_myo')","geometry_msgs.msg.Quaternion(x=0.4127777754830555, y=0.29498077612148565, z=-0.48333390567060724, w=-0.7134347800711868)",[0. 0. 0. 0. 0. 0. 0. 0. 0.],"geometry_msgs.msg.Vector3(x=-63.9375, y=2.5, z=-51.3125)",[0. 0. 0. 0. 0. 0. 0. 0. 0.],"geometry_msgs.msg.Vector3(x=0.0107421875, y=1.11767578125, z=0.35791015625)",[0. 0. 0. 0. 0. 0. 0. 0. 0.],False,25.721402816,"[0.4127777754830555, 0.29498077612148565, -0.48333390567060724, -0.7134347800711868]","[-63.9375, 2.5, -51.3125]","[0.0107421875, 1.11767578125, 0.35791015625]"
20881118965,"std_msgs.msg.Header(stamp=builtin_interfaces.msg.Time(sec=1731187365, nanosec=821509487), frame_id='RU_myo')","geometry_msgs.msg.Quaternion(x=0.4087524627243527, y=0.29656983968607287, z=-0.47222902853491366, w=-0.7224731822111636)",[0. 0. 0. 0. 0. 0. 0. 0. 0.],"geometry_msgs.msg.Vector3(x=-62.5, y=7.875, z=-64.8125)",[0. 0. 0. 0. 0. 0. 0. 0. 0.],"geometry_msgs.msg.Vector3(x=0.0087890625, y=1.025390625, z=0.37451171875)",[0. 0. 0. 0. 0. 0. 0. 0. 0.],False,25.73929706,"[0.4087524627243527, 0.29656983968607287, -0.47222902853491366, -0.7224731822111636]","[-62.5, 7.875, -64.8125]","[0.0087890625, 1.025390625, 0.37451171875]"
20920081564,"std_msgs.msg.Header(stamp=builtin_interfaces.msg.Time(sec=1731187365, nanosec=860419343), frame_id='RU_myo')","geometry_msgs.msg.Quaternion(x=0.40343802059991596, y=0.2997404113715866, z=-0.4610545851152444, w=-0.7313153347697721)",[0. 0. 0. 0. 0. 0. 0. 0. 0.],"geometry_msgs.msg.Vector3(x=-50.1875, y=11.625, z=-74.8125)",[0. 0. 0. 0. 0. 0. 0. 0. 0.],"geometry_msgs.msg.Vector3(x=0.00146484375, y=0.8857421875, z=0.44091796875)",[0. 0. 0. 0. 0. 0. 0. 0. 0.],False,25.778259659,"[0.40343802059991596, 0.2997404113715866, -0.4610545851152444, -0.7313153347697721]","[-50.1875, 11.625, -74.8125]","[0.00146484375, 0.8857421875, 0.44091796875]"
20932100599,"std_msgs.msg.Header(stamp=builtin_interfaces.msg.Time(sec=1731187365, nanosec=872611520), frame_id='RU_myo')","geometry_msgs.msg.Quaternion(x=0.3973950806709912, y=0.30456173438001016, z=-0.452265020391959, w=-0.7380891891497922)",[0. 0. 0. 0. 0. 0. 0. 0. 0.],"geometry_msgs.msg.Vector3(x=-26.0, y=15.6875, z=-73.5625)",[0. 0. 0. 0. 0. 0. 0. 0. 0.],"geometry_msgs.msg.Vector3(x=-0.00732421875, y=0.83056640625, z=0.4833984375)",[0. 0. 0. 0. 0. 0. 0. 0. 0.],False,25.790278694,"[0.3973950806709912, 0.30456173438001016, -0.452265020391959, -0.7380891891497922]","[-26.0, 15.6875, -73.5625]","[-0.00732421875, 0.83056640625, 0.4833984375]"
20941145337,"std_msgs.msg.Header(stamp=builtin_interfaces.msg.Time(sec=1731187365, nanosec=881628069), frame_id='RU_myo')","geometry_msgs.msg.Quaternion(x=0.39287512900132887, y=0.31017421245685156, z=-0.4447539327377169, w=-0.7427213678448301)",[0. 0. 0. 0. 0. 0. 0. 0. 0.],"geometry_msgs.msg.Vector3(x=-11.9375, y=25.75, z=-64.5)",[0. 0. 0. 0. 0. 0. 0. 0. 0.],"geometry_msgs.msg.Vector3(x=0.00732421875, y=0.83642578125, z=0.5546875)",[0. 0. 0. 0. 0. 0. 0. 0. 0.],False,25.799323432,"[0.39287512900132887, 0.31017421245685156, -0.4447539327377169, -0.7427213678448301]","[-11.9375, 25.75, -64.5]","[0.00732421875, 0.83642578125, 0.5546875]"
20962262880,"std_msgs.msg.Header(stamp=builtin_interfaces.msg.Time(sec=1731187365, nanosec=902626933), frame_id='RU_myo')","geometry_msgs.msg.Quaternion(x=0.39056253825921794, y=0.31689337375243937, z=-0.4373763321090101, w=-0.7454806754646176)",[0. 0. 0. 0. 0. 0. 0. 0. 0.],"geometry_msgs.msg.Vector3(x=-1.9375, y=38.5, z=-50.6875)",[0. 0. 0. 0. 0. 0. 0. 0. 0.],"geometry_msgs.msg.Vector3(x=-0.03564453125, y=0.697265625, z=0.59423828125)",[0. 0. 0. 0. 0. 0. 0. 0. 0.],False,25.820440975,"[0.39056253825921794, 0.31689337375243937, -0.4373763321090101, -0.7454806754646176]","[-1.9375, 38.5, -50.6875]","[-0.03564453125, 0.697265625, 0.59423828125]"
20983146244,"std_msgs.msg.Header(stamp=builtin_interfaces.msg.Time(sec=1731187365, nanosec=923619558), frame_id='RU_myo')","geometry_msgs.msg.Quaternion(x=0.3891450987311423, y=0.3252437627255736, z=-0.4316849566068647, w=-0.7459428162942316)",[0. 0. 0. 0. 0. 0. 0. 0. 0.],"geometry_msgs.msg.Vector3(x=6.9375, y=45.9375, z=-38.75)",[0. 0. 0. 0. 0. 0. 0. 0. 0.],"geometry_msgs.msg.Vector3(x=-0.103515625, y=0.66015625, z=0.486328125)",[0. 0. 0. 0. 0. 0. 0. 0. 0.],False,25.841324339,"[0.3891450987311423, 0.3252437627255736, -0.4316849566068647, -0.7459428162942316]","[6.9375, 45.9375, -38.75]","[-0.103515625, 0.66015625, 0.486328125]"
21008632272,"std_msgs.msg.Header(stamp=builtin_interfaces.msg.Time(sec=1731187365, nanosec=949050484), frame_id='RU_myo')","geometry_msgs.msg.Quaternion(x=0.3883561591416482, y=0.3348908133286537, z=-0.4281500010024615, w=-0.744120429397293)",[0. 0. 0. 0. 0. 0. 0. 0. 0.],"geometry_msgs.msg.Vector3(x=15.8125, y=49.9375, z=-27.4375)",[0. 0. 0. 0. 0. 0. 0. 0. 0.],"geometry_msgs.msg.Vector3(x=-0.18115234375, y=0.75146484375, z=0.3935546875)",[0. 0. 0. 0. 0. 0. 0. 0. 0.],False,25.866810367,"[0.3883561591416482, 0.3348908133286537, -0.4281500010024615, -0.744120429397293]","[15.8125, 49.9375, -27.4375]","[-0.18115234375, 0.75146484375, 0.3935546875]"
21020772038,"std_msgs.msg.Header(stamp=builtin_interfaces.msg.Time(sec=1731187365, nanosec=961136673), frame_id='RU_myo')","geometry_msgs.msg.Quaternion(x=0.3886634208968538, y=0.3440476921475447, z=-0.4229033987742305, w=-0.7427816947730387)",[0. 0. 0. 0. 0. 0. 0. 0. 0.],"geometry_msgs.msg.Vector3(x=2.25, y=53.5, z=-26.4375)",[0. 0. 0. 0. 0. 0. 0. 0. 0.],"geometry_msgs.msg.Vector3(x=-0.19580078125, y=0.82470703125, z=0.3994140625)",[0. 0. 0. 0. 0. 0. 0. 0. 0.],False,25.878950133,"[0.3886634208968538, 0.3440476921475447, -0.4229033987742305, -0.7427816947730387]","[2.25, 53.5, -26.4375]","[-0.19580078125, 0.82470703125, 0.3994140625]"
21062572481,"std_msgs.msg.Header(stamp=builtin_interfaces.msg.Time(sec=1731187366, nanosec=2910156), frame_id='RU_myo')","geometry_msgs.msg.Quaternion(x=0.3904345821906599, y=0.3521662559387381, z=-0.41570266363929725, w=-0.7421125660241104)",[0. 0. 0. 0. 0. 0. 0. 0. 0.],"geometry_msgs.msg.Vector3(x=-8.5, y=56.8125, z=-23.75)",[0. 0. 0. 0. 0. 0. 0. 0. 0.],"geometry_msgs.msg.Vector3(x=-0.1875, y=0.75537109375, z=0.435546875)",[0. 0. 0. 0. 0. 0. 0. 0. 0.],False,25.920750576,"[0.3904345821906599, 0.3521662559387381, -0.41570266363929725, -0.7421125660241104]","[-8.5, 56.8125, -23.75]","[-0.1875, 0.75537109375, 0.435546875]"
21067159833,"std_msgs.msg.Header(stamp=builtin_interfaces.msg.Time(sec=1731187366, nanosec=7579554), frame_id='RU_myo')","geometry_msgs.msg.Quaternion(x=0.39245063219465737, y=0.36016348065018244, z=-0.4109440290150277, w=-0.73985794144069)",[0. 0. 0. 0. 0. 0. 0. 0. 0.],"geometry_msgs.msg.Vector3(x=5.375, y=54.625, z=-13.0)",[0. 0. 0. 0. 0. 0. 0. 0. 0.],"geometry_msgs.msg.Vector3(x=-0.19482421875, y=0.677734375, z=0.41015625)",[0. 0. 0. 0. 0. 0. 0. 0. 0.],False,25.925337928,"[0.39245063219465737, 0.36016348065018244, -0.4109440290150277, -0.73985794144069]","[5.375, 54.625, -13.0]","[-0.19482421875, 0.677734375, 0.41015625]"
21080680320,"std_msgs.msg.Header(stamp=builtin_interfaces.msg.Time(sec=1731187366, nanosec=21093216), frame_id='RU_myo')","geometry_msgs.msg.Quaternion(x=0.39397307047020397, y=0.3686440504477199, z=-0.40953668518281466, w=-0.7356401887493986)",[0. 0. 0. 0. 0. 0. 0. 0. 0.],"geometry_msgs.msg.Vector3(x=24.5, y=50.6875, z=-2.75)",[0. 0. 0. 0. 0. 0. 0. 0. 0.],"geometry_msgs.msg.Vector3(x=-0.23193359375, y=0.6748046875, z=0.3701171875)",[0. 0. 0. 0. 0. 0. 0. 0. 0.],False,25.938858415,"[0.39397307047020397, 0.3686440504477199, -0.40953668518281466, -0.7356401887493986]","[24.5, 50.6875, -2.75]","[-0.23193359375, 0.6748046875, 0.3701171875]"
21098486096,"std_msgs.msg.Header(stamp=builtin_interfaces.msg.Time(sec=1731187366, nanosec=38944090), frame_id='RU_myo')","geometry_msgs.msg.Quaternion(x=0.39507622028268324, y=0.3773151851981381, z=-0.41179966912517596, w=-0.7293620936780574)",[0. 0. 0. 0. 0. 0. 0. 0. 0.],"geometry_msgs.msg.Vector3(x=50.875, y=46.0, z=10.875)",[0. 0. 0. 0. 0. 0. 0. 0. 0.],"geometry_msgs.msg.Vector3(x=-0.2734375, y=0.58984375, z=0.39697265625)",[0. 0. 0. 0. 0. 0. 0. 0. 0.],False,25.956664191,"[0.39507622028268324, 0.3773151851981381, -0.41179966912517596, -0.7293620936780574]","[50.875, 46.0, 10.875]","[-0.2734375, 0.58984375, 0.39697265625]"
21128626958,"std_msgs.msg.Header(stamp=builtin_interfaces.msg.Time(sec=1731187366, nanosec=69082903), frame_id='RU_myo')","geometry_msgs.msg.Quaternion(x=0.3947632832964051, y=0.3864017233379005, z=-0.42088552900618575, w=-0.7195213894219727)",[0. 0. 0. 0. 0. 0. 0. 0. 0.],"geometry_msgs.msg.Vector3(x=82.8125, y=34.8125, z=28.0)",[0. 0. 0. 0. 0. 0. 0. 0. 0.],"geometry_msgs.msg.Vector3(x=-0.29150390625, y=0.62255859375, z=0.2451171875)",[0. 0. 0. 0. 0. 0. 0. 0. 0.],False,25.986805053,"[0.3947632832964051, 0.3864017233379005, -0.42088552900618575, -0.7195213894219727]","[82.8125, 34.8125, 28.0]","[-0.29150390625, 0.62255859375, 0.2451171875]"
21143524746,"std_msgs.msg.Header(stamp=builtin_interfaces.msg.Time(sec=1731187366, nanosec=83921055), frame_id='RU_myo')","geometry_msgs.msg.Quaternion(x=0.3940402134847086, y=0.3948336649678717, z=-0.4313934679228501, w=-0.7090404523004739)",[0. 0. 0. 0. 0. 0. 0. 0. 0.],"geometry_msgs.msg.Vector3(x=79.375, y=28.375, z=28.8125)",[0. 0. 0. 0. 0. 0. 0. 0. 0.],"geometry_msgs.msg.Vector3(x=-0.2841796875, y=0.85791015625, z=0.13916015625)",[0. 0. 0. 0. 0. 0. 0. 0. 0.],False,26.001702841,"[0.3940402134847086, 0.3948336649678717, -0.4313934679228501, -0.7090404523004739]","[79.375, 28.375, 28.8125]","[-0.2841796875, 0.85791015625, 0.13916015625]"
21166055956,"std_msgs.msg.Header(stamp=builtin_interfaces.msg.Time(sec=1731187366, nanosec=106445473), frame_id='RU_myo')","geometry_msgs.msg.Quaternion(x=0.3947115124316484, y=0.401120157677562, z=-0.4382903001038607, w=-0.700861651036434)",[0. 0. 0. 0. 0. 0. 0. 0. 0.],"geometry_msgs.msg.Vector3(x=50.125, y=26.125, z=24.8125)",[0. 0. 0. 0. 0. 0. 0. 0. 0.],"geometry_msgs.msg.Vector3(x=-0.26953125, y=0.93896484375, z=0.13134765625)",[0. 0. 0. 0. 0. 0. 0. 0. 0.],False,26.024234051,"[0.3947115124316484, 0.401120157677562, -0.4382903001038607, -0.700861651036434]","[50.125, 26.125, 24.8125]","[-0.26953125, 0.93896484375, 0.13134765625]"
21196862578,"std_msgs.msg.Header(stamp=builtin_interfaces.msg.Time(sec=1731187366, nanosec=137257261), frame_id='RU_myo')","geometry_msgs.msg.Quaternion(x=0.3971522101774148, y=0.4038049827161174, z=-0.44225678729760987, w=-0.6954283514309919)",[0. 0. 0. 0. 0. 0. 0. 0. 0.],"geometry_msgs.msg.Vector3(x=22.875, y=17.875, z=27.125)",[0. 0. 0. 0. 0. 0. 0. 0. 0.],"geometry_msgs.msg.Vector3(x=-0.25244140625, y=0.92626953125, z=0.1728515625)",[0. 0. 0. 0. 0. 0. 0. 0. 0.],False,26.055040673,"[0.3971522101774148, 0.4038049827161174, -0.44225678729760987, -0.6954283514309919]","[22.875, 17.875, 27.125]","[-0.25244140625, 0.92626953125, 0.1728515625]"
21209002008,"std_msgs.msg.Header(stamp=builtin_interfaces.msg.Time(sec=1731187366, nanosec=149462870), frame_id='RU_myo')","geometry_msgs.msg.Quaternion(x=0.4009938884556877, y=0.4034962856286988, z=-0.44396187893861067, w=-0.6923095398406188)",[0. 0. 0. 0. 0. 0. 0. 0. 0.],"geometry_msgs.msg.Vector3(x=0.25, y=10.9375, z=26.5)",[0. 0. 0. 0. 0. 0. 0. 0. 0.],"geometry_msgs.msg.Vector3(x=-0.1982421875, y=0.962890625, z=0.2138671875)",[0. 0. 0. 0. 0. 0. 0. 0. 0.],False,26.067180103,"[0.4009938884556877, 0.4034962856286988, -0.44396187893861067, -0.6923095398406188]","[0.25, 10.9375, 26.5]","[-0.1982421875, 0.962890625, 0.2138671875]"
21224179569,"std_msgs.msg.Header(stamp=builtin_interfaces.msg.Time(sec=1731187366, nanosec=164489269), frame_id='RU_myo')","geometry_msgs.msg.Quaternion(x=0.40557478018717813, y=0.4022178783195642, z=-0.4432331156838657, w=-0.690850404354954)",[0. 0. 0. 0. 0. 0. 0. 0. 0.],"geometry_msgs.msg.Vector3(x=-16.0, y=10.8125, z=22.625)",[0. 0. 0. 0. 0. 0. 0. 0. 0.],"geometry_msgs.msg.Vector3(x=-0.18896484375, y=0.91455078125, z=0.224609375)",[0. 0. 0. 0. 0. 0. 0. 0. 0.],False,26.082357664,"[0.40557478018717813, 0.4022178783195642, -0.4432331156838657, -0.690850404354954]","[-16.0, 10.8125, 22.625]","[-0.18896484375, 0.91455078125, 0.224609375]"
21247805719,"std_msgs.msg.Header(stamp=builtin_interfaces.msg.Time(sec=1731187366, nanosec=188192590), frame_id='RU_myo')","geometry_msgs.msg.Quaternion(x=0.40992294492832604, y=0.4008284662513873, z=-0.44263865345744796, w=-0.6894713498973155)",[0. 0. 0. 0. 0. 0. 0. 0. 0.],"geometry_msgs.msg.Vector3(x=-11.25, y=9.6875, z=25.25)",[0. 0. 0. 0. 0. 0. 0. 0. 0.],"geometry_msgs.msg.Vector3(x=-0.20458984375, y=0.8134765625, z=0.26123046875)",[0. 0. 0. 0. 0. 0. 0. 0. 0.],False,26.105983814,"[0.40992294492832604, 0.4008284662513873, -0.44263865345744796, -0.6894713498973155]","[-11.25, 9.6875, 25.25]","[-0.20458984375, 0.8134765625, 0.26123046875]"
21261277415,"std_msgs.msg.Header(stamp=builtin_interfaces.msg.Time(sec=1731187366, nanosec=201766848), frame_id='RU_myo')","geometry_msgs.msg.Quaternion(x=0.4130884720340395, y=0.4002099750483447, z=-0.44604765863250007, w=-0.685734187840194)",[0. 0. 0. 0. 0. 0. 0. 0. 0.],"geometry_msgs.msg.Vector3(x=13.375, y=6.125, z=30.375)",[0. 0. 0. 0. 0. 0. 0. 0. 0.],"geometry_msgs.msg.Vector3(x=-0.1611328125, y=0.8671875, z=0.25)",[0. 0. 0. 0. 0. 0. 0. 0. 0.],False,26.11945551,"[0.4130884720340395, 0.4002099750483447, -0.44604765863250007, -0.685734187840194]","[13.375, 6.125, 30.375]","[-0.1611328125, 0.8671875, 0.25]"
21278510386,"std_msgs.msg.Header(stamp=builtin_interfaces.msg.Time(sec=1731187366, nanosec=218993477), frame_id='RU_myo')","geometry_msgs.msg.Quaternion(x=0.4153255182584402, y=0.4009829030063119, z=-0.4509684429701124, w=-0.6806944166254789)",[0. 0. 0. 0. 0. 0. 0. 0. 0.],"geometry_msgs.msg.Vector3(x=25.6875, y=8.9375, z=26.625)",[0. 0. 0. 0. 0. 0. 0. 0. 0.],"geometry_msgs.msg.Vector3(x=-0.14013671875, y=1.0478515625, z=0.2490234375)",[0. 0. 0. 0. 0. 0. 0. 0. 0.],False,26.136688481,"[0.4153255182584402, 0.4009829030063119, -0.4509684429701124, -0.6806944166254789]","[25.6875, 8.9375, 26.625]","[-0.14013671875, 1.0478515625, 0.2490234375]"
21300205482,"std_msgs.msg.Header(stamp=builtin_interfaces.msg.Time(sec=1731187366, nanosec=240658966), frame_id='RU_myo')","geometry_msgs.msg.Quaternion(x=0.41674781865659144, y=0.40252663503811076, z=-0.45446752456311945, w=-0.676574336527287)",[0. 0. 0. 0. 0. 0. 0. 0. 0.],"geometry_msgs.msg.Vector3(x=23.8125, y=10.4375, z=18.9375)",[0. 0. 0. 0. 0. 0. 0. 0. 0.],"geometry_msgs.msg.Vector3(x=-0.17138671875, y=1.0107421875, z=0.26611328125)",[0. 0. 0. 0. 0. 0. 0. 0. 0.],False,26.158383577,"[0.41674781865659144, 0.40252663503811076, -0.45446752456311945, -0.676574336527287]","[23.8125, 10.4375, 18.9375]","[-0.17138671875, 1.0107421875, 0.26611328125]"
21339378873,"std_msgs.msg.Header(stamp=builtin_interfaces.msg.Time(sec=1731187366, nanosec=279756507), frame_id='RU_myo')","geometry_msgs.msg.Quaternion(x=0.4182003082931784, y=0.40324714490557934, z=-0.45713956642088527, w=-0.6734416523215018)",[0. 0. 0. 0. 0. 0. 0. 0. 0.],"geometry_msgs.msg.Vector3(x=16.6875, y=6.875, z=20.25)",[0. 0. 0. 0. 0. 0. 0. 0. 0.],"geometry_msgs.msg.Vector3(x=-0.19482421875, y=0.90283203125, z=0.24365234375)",[0. 0. 0. 0. 0. 0. 0. 0. 0.],False,26.197556968,"[0.4182003082931784, 0.40324714490557934, -0.45713956642088527, -0.6734416523215018]","[16.6875, 6.875, 20.25]","[-0.19482421875, 0.90283203125, 0.24365234375]"
21343848816,"std_msgs.msg.Header(stamp=builtin_interfaces.msg.Time(sec=1731187366, nanosec=284195431), frame_id='RU_myo')","geometry_msgs.msg.Quaternion(x=0.41967719499565953, y=0.40338082922139523, z=-0.4602044866589984, w=-0.6703482595458593)",[0. 0. 0. 0. 0. 0. 0. 0. 0.],"geometry_msgs.msg.Vector3(x=16.125, y=3.75, z=20.875)",[0. 0. 0. 0. 0. 0. 0. 0. 0.],"geometry_msgs.msg.Vector3(x=-0.16845703125, y=0.9638671875, z=0.240234375)",[0. 0. 0. 0. 0. 0. 0. 0. 0.],False,26.202026911,"[0.41967719499565953, 0.40338082922139523, -0.4602044866589984, -0.6703482595458593]","[16.125, 3.75, 20.875]","[-0.16845703125, 0.9638671875, 0.240234375]"
21360243770,"std_msgs.msg.Header(stamp=builtin_interfaces.msg.Time(sec=1731187366, nanosec=300670845), frame_id='RU_myo')","geometry_msgs.msg.Quaternion(x=0.4208961718032833, y=0.4036233155648365, z=-0.4623388198100161, w=-0.6679651543235401)",[0. 0. 0. 0. 0. 0. 0. 0. 0.],"geometry_msgs.msg.Vector3(x=9.25, y=4.3125, z=14.0)",[0. 0. 0. 0. 0. 0. 0. 0. 0.],"geometry_msgs.msg.Vector3(x=-0.16162109375, y=1.0712890625, z=0.23583984375)",[0. 0. 0. 0. 0. 0. 0. 0. 0.],False,26.218421865,"[0.4208961718032833, 0.4036233155648365, -0.4623388198100161, -0.6679651543235401]","[9.25, 4.3125, 14.0]","[-0.16162109375, 1.0712890625, 0.23583984375]"
21381303301,"std_msgs.msg.Header(stamp=builtin_interfaces.msg.Time(sec=1731187366, nanosec=321812273), frame_id='RU_myo')","geometry_msgs.msg.Quaternion(x=0.42205142497155035, y=0.40264255249997366, z=-0.4621508879081098, w=-0.6679581771350177)",[0. 0. 0. 0. 0. 0. 0. 0. 0.],"geometry_msgs.msg.Vector3(x=-9.75, y=-0.875, z=7.0625)",[0. 0. 0. 0. 0. 0. 0. 0. 0.],"geometry_msgs.msg.Vector3(x=-0.16796875, y=1.048828125, z=0.2119140625)",[0. 0. 0. 0. 0. 0. 0. 0. 0.],False,26.239481396,"[0.42205142497155035, 0.40264255249997366, -0.4621508879081098, -0.6679581771350177]","[-9.75, -0.875, 7.0625]","[-0.16796875, 1.048828125, 0.2119140625]"
21397123634,"std_msgs.msg.Header(stamp=builtin_interfaces.msg.Time(sec=1731187366, nanosec=337542444), frame_id='RU_myo')","geometry_msgs.msg.Quaternion(x=0.42376025600971073, y=0.3996517580803091, z=-0.46044179336558516, w=-0.6698500374055272)",[0. 0. 0. 0. 0. 0. 0. 0. 0.],"geometry_msgs.msg.Vector3(x=-27.125, y=-8.4375, z=7.3125)",[0. 0. 0. 0. 0. 0. 0. 0. 0.],"geometry_msgs.msg.Vector3(x=-0.16162109375, y=0.92041015625, z=0.17822265625)",[0. 0. 0. 0. 0. 0. 0. 0. 0.],False,26.255301729,"[0.42376025600971073, 0.3996517580803091, -0.46044179336558516, -0.6698500374055272]","[-27.125, -8.4375, 7.3125]","[-0.16162109375, 0.92041015625, 0.17822265625]"
21420427129,"std_msgs.msg.Header(stamp=builtin_interfaces.msg.Time(sec=1731187366, nanosec=360824642), frame_id='RU_myo')","geometry_msgs.msg.Quaternion(x=0.4258493582350444, y=0.3958195625848162, z=-0.4594802879164991, w=-0.671458906398699)",[0. 0. 0. 0. 0. 0. 0. 0. 0.],"geometry_msgs.msg.Vector3(x=-26.0, y=-11.1875, z=12.0)",[0. 0. 0. 0. 0. 0. 0. 0. 0.],"geometry_msgs.msg.Vector3(x=-0.130859375, y=0.88134765625, z=0.18603515625)",[0. 0. 0. 0. 0. 0. 0. 0. 0.],False,26.278605224,"[0.4258493582350444, 0.3958195625848162, -0.4594802879164991, -0.671458906398699]","[-26.0, -11.1875, 12.0]","[-0.130859375, 0.88134765625, 0.18603515625]"
21441573609,"std_msgs.msg.Header(stamp=builtin_interfaces.msg.Time(sec=1731187366, nanosec=381949336), frame_id='RU_myo')","geometry_msgs.msg.Quaternion(x=0.42774182450191267, y=0.3921577086793363, z=-0.4599689482657554, w=-0.6720698101584704)",[0. 0. 0. 0. 0. 0. 0. 0. 0.],"geometry_msgs.msg.Vector3(x=-9.5, y=-11.4375, z=17.75)",[0. 0. 0. 0. 0. 0. 0. 0. 0.],"geometry_msgs.msg.Vector3(x=-0.1201171875, y=0.72802734375, z=0.2607421875)",[0. 0. 0. 0. 0. 0. 0. 0. 0.],False,26.299751704,"[0.42774182450191267, 0.3921577086793363, -0.4599689482657554, -0.6720698101584704]","[-9.5, -11.4375, 17.75]","[-0.1201171875, 0.72802734375, 0.2607421875]"
21473355620,"std_msgs.msg.Header(stamp=builtin_interfaces.msg.Time(sec=1731187366, nanosec=413758603), frame_id='RU_myo')","geometry_msgs.msg.Quaternion(x=0.42693249663235844, y=0.39067832894120463, z=-0.46703180332105887, w=-0.6685659139543751)",[0. 0. 0. 0. 0. 0. 0. 0. 0.],"geometry_msgs.msg.Vector3(x=26.125, y=-15.4375, z=14.0)",[0. 0. 0. 0. 0. 0. 0. 0. 0.],"geometry_msgs.msg.Vector3(x=0.00927734375, y=1.2197265625, z=0.2001953125)",[0. 0. 0. 0. 0. 0. 0. 0. 0.],False,26.331533715,"[0.42693249663235844, 0.39067832894120463, -0.46703180332105887, -0.6685659139543751]","[26.125, -15.4375, 14.0]","[0.00927734375, 1.2197265625, 0.2001953125]"
21480466425,"std_msgs.msg.Header(stamp=builtin_interfaces.msg.Time(sec=1731187366, nanosec=420896849), frame_id='RU_myo')","geometry_msgs.msg.Quaternion(x=0.4272996991723519, y=0.3904351057856785, z=-0.4659342813143457, w=-0.669238851796149)",[0. 0. 0. 0. 0. 0. 0. 0. 0.],"geometry_msgs.msg.Vector3(x=-6.0, y=1.6875, z=-2.4375)",[0. 0. 0. 0. 0. 0. 0. 0. 0.],"geometry_msgs.msg.Vector3(x=-0.14892578125, y=1.18017578125, z=0.34375)",[0. 0. 0. 0. 0. 0. 0. 0. 0.],False,26.33864452,"[0.4272996991723519, 0.3904351057856785, -0.4659342813143457, -0.669238851796149]","[-6.0, 1.6875, -2.4375]","[-0.14892578125, 1.18017578125, 0.34375]"
21502928207,"std_msgs.msg.Header(stamp=builtin_interfaces.msg.Time(sec=1731187366, nanosec=443293411), frame_id='RU_myo')","geometry_msgs.msg.Quaternion(x=0.42864883725188957, y=0.38824366421177126, z=-0.4613025647087828, w=-0.6728498906257768)",[0. 0. 0. 0. 0. 0. 0. 0. 0.],"geometry_msgs.msg.Vector3(x=-37.75, y=-2.9375, z=-4.375)",[0. 0. 0. 0. 0. 0. 0. 0. 0.],"geometry_msgs.msg.Vector3(x=-0.1796875, y=0.921875, z=0.23486328125)",[0. 0. 0. 0. 0. 0. 0. 0. 0.],False,26.361106302,"[0.42864883725188957, 0.38824366421177126, -0.4613025647087828, -0.6728498906257768]","[-37.75, -2.9375, -4.375]","[-0.1796875, 0.921875, 0.23486328125]"
21524062732,"std_msgs.msg.Header(stamp=builtin_interfaces.msg.Time(sec=1731187366, nanosec=464453945), frame_id='RU_myo')","geometry_msgs.msg.Quaternion(x=0.42888276246591683, y=0.38426723672768076, z=-0.4579957662650121, w=-0.6772282812468783)",[0. 0. 0. 0. 0. 0. 0. 0. 0.],"geometry_msgs.msg.Vector3(x=-43.0625, y=-17.25, z=-7.625)",[0. 0. 0. 0. 0. 0. 0. 0. 0.],"geometry_msgs.msg.Vector3(x=-0.111328125, y=0.904296875, z=0.1474609375)",[0. 0. 0. 0. 0. 0. 0. 0. 0.],False,26.382240827,"[0.42888276246591683, 0.38426723672768076, -0.4579957662650121, -0.6772282812468783]","[-43.0625, -17.25, -7.625]","[-0.111328125, 0.904296875, 0.1474609375]"
21540260702,"std_msgs.msg.Header(stamp=builtin_interfaces.msg.Time(sec=1731187366, nanosec=480710491), frame_id='RU_myo')","geometry_msgs.msg.Quaternion(x=0.43064532894100804, y=0.37882873536519795, z=-0.45463110193899786, w=-0.681427876647726)",[0. 0. 0. 0. 0. 0. 0. 0. 0.],"geometry_msgs.msg.Vector3(x=-38.375, y=-15.875, z=-0.6875)",[0. 0. 0. 0. 0. 0. 0. 0. 0.],"geometry_msgs.msg.Vector3(x=-0.05126953125, y=0.84912109375, z=0.31396484375)",[0. 0. 0. 0. 0. 0. 0. 0. 0.],False,26.398438797,"[0.43064532894100804, 0.37882873536519795, -0.45463110193899786, -0.681427876647726]","[-38.375, -15.875, -0.6875]","[-0.05126953125, 0.84912109375, 0.31396484375]"
21568902195,"std_msgs.msg.Header(stamp=builtin_interfaces.msg.Time(sec=1731187366, nanosec=509379256), frame_id='RU_myo')","geometry_msgs.msg.Quaternion(x=0.4329146044943533, y=0.37481017710416237, z=-0.452384470395058, w=-0.683703566832898)",[0. 0. 0. 0. 0. 0. 0. 0. 0.],"geometry_msgs.msg.Vector3(x=-26.3125, y=-6.9375, z=3.25)",[0. 0. 0. 0. 0. 0. 0. 0. 0.],"geometry_msgs.msg.Vector3(x=-0.029296875, y=0.892578125, z=0.33984375)",[0. 0. 0. 0. 0. 0. 0. 0. 0.],False,26.42708029,"[0.4329146044943533, 0.37481017710416237, -0.452384470395058, -0.683703566832898]","[-26.3125, -6.9375, 3.25]","[-0.029296875, 0.892578125, 0.33984375]"
21577479460,"std_msgs.msg.Header(stamp=builtin_interfaces.msg.Time(sec=1731187366, nanosec=517830035), frame_id='RU_myo')","geometry_msgs.msg.Quaternion(x=0.43419094754608645, y=0.37352384017178086, z=-0.45103614033814715, w=-0.6844885404455101)",[0. 0. 0. 0. 0. 0. 0. 0. 0.],"geometry_msgs.msg.Vector3(x=-12.25, y=0.125, z=2.5625)",[0. 0. 0. 0. 0. 0. 0. 0. 0.],"geometry_msgs.msg.Vector3(x=-0.1083984375, y=0.935546875, z=0.33056640625)",[0. 0. 0. 0. 0. 0. 0. 0. 0.],False,26.435657555,"[0.43419094754608645, 0.37352384017178086, -0.45103614033814715, -0.6844885404455101]","[-12.25, 0.125, 2.5625]","[-0.1083984375, 0.935546875, 0.33056640625]"
21615883529,"std_msgs.msg.Header(stamp=builtin_interfaces.msg.Time(sec=1731187366, nanosec=556282420), frame_id='RU_myo')","geometry_msgs.msg.Quaternion(x=0.4349887992878237, y=0.37346660065135306, z=-0.450674518583035, w=-0.6842513580490798)",[0. 0. 0. 0. 0. 0. 0. 0. 0.],"geometry_msgs.msg.Vector3(x=0.0625, y=3.5625, z=3.8125)",[0. 0. 0. 0. 0. 0. 0. 0. 0.],"geometry_msgs.msg.Vector3(x=-0.13037109375, y=0.9287109375, z=0.349609375)",[0. 0. 0. 0. 0. 0. 0. 0. 0.],False,26.474061624,"[0.4349887992878237, 0.37346660065135306, -0.450674518583035, -0.6842513580490798]","[0.0625, 3.5625, 3.8125]","[-0.13037109375, 0.9287109375, 0.349609375]"
21622878622,"std_msgs.msg.Header(stamp=builtin_interfaces.msg.Time(sec=1731187366, nanosec=563228894), frame_id='RU_myo')","geometry_msgs.msg.Quaternion(x=0.4355462738507126, y=0.3743891316984685, z=-0.45111021721281064, w=-0.683104525916084)",[0. 0. 0. 0. 0. 0. 0. 0. 0.],"geometry_msgs.msg.Vector3(x=9.0625, y=6.875, z=3.1875)",[0. 0. 0. 0. 0. 0. 0. 0. 0.],"geometry_msgs.msg.Vector3(x=-0.10693359375, y=0.91162109375, z=0.3544921875)",[0. 0. 0. 0. 0. 0. 0. 0. 0.],False,26.481056717,"[0.4355462738507126, 0.3743891316984685, -0.45111021721281064, -0.683104525916084]","[9.0625, 6.875, 3.1875]","[-0.10693359375, 0.91162109375, 0.3544921875]"
21643961487,"std_msgs.msg.Header(stamp=builtin_interfaces.msg.Time(sec=1731187366, nanosec=584407281), frame_id='RU_myo')","geometry_msgs.msg.Quaternion(x=0.43591330272868417, y=0.3758546791099464, z=-0.452026591992248, w=-0.6814578584382188)",[0. 0. 0. 0. 0. 0. 0. 0. 0.],"geometry_msgs.msg.Vector3(x=16.0625, y=8.75, z=2.75)",[0. 0. 0. 0. 0. 0. 0. 0. 0.],"geometry_msgs.msg.Vector3(x=-0.10107421875, y=0.89794921875, z=0.373046875)",[0. 0. 0. 0. 0. 0. 0. 0. 0.],False,26.502139582,"[0.43591330272868417, 0.3758546791099464, -0.452026591992248, -0.6814578584382188]","[16.0625, 8.75, 2.75]","[-0.10107421875, 0.89794921875, 0.373046875]"
21660541902,"std_msgs.msg.Header(stamp=builtin_interfaces.msg.Time(sec=1731187366, nanosec=600944660), frame_id='RU_myo')","geometry_msgs.msg.Quaternion(x=0.43572026419482757, y=0.3777381587199591, z=-0.4537862675848919, w=-0.6793671747797486)",[0. 0. 0. 0. 0. 0. 0. 0. 0.],"geometry_msgs.msg.Vector3(x=18.6875, y=7.1875, z=3.5625)",[0. 0. 0. 0. 0. 0. 0. 0. 0.],"geometry_msgs.msg.Vector3(x=-0.12158203125, y=0.95166015625, z=0.3251953125)",[0. 0. 0. 0. 0. 0. 0. 0. 0.],False,26.518719997,"[0.43572026419482757, 0.3777381587199591, -0.4537862675848919, -0.6793671747797486]","[18.6875, 7.1875, 3.5625]","[-0.12158203125, 0.95166015625, 0.3251953125]"
21683018982,"std_msgs.msg.Header(stamp=builtin_interfaces.msg.Time(sec=1731187366, nanosec=623451779), frame_id='RU_myo')","geometry_msgs.msg.Quaternion(x=0.43560072878325445, y=0.37938827660315394, z=-0.45525372509377815, w=-0.6775400995128076)",[0. 0. 0. 0. 0. 0. 0. 0. 0.],"geometry_msgs.msg.Vector3(x=9.875, y=5.625, z=3.375)",[0. 0. 0. 0. 0. 0. 0. 0. 0.],"geometry_msgs.msg.Vector3(x=-0.13134765625, y=1.029296875, z=0.25146484375)",[0. 0. 0. 0. 0. 0. 0. 0. 0.],False,26.541197077,"[0.43560072878325445, 0.37938827660315394, -0.45525372509377815, -0.6775400995128076]","[9.875, 5.625, 3.375]","[-0.13134765625, 1.029296875, 0.25146484375]"
21704117710,"std_msgs.msg.Header(stamp=builtin_interfaces.msg.Time(sec=1731187366, nanosec=644520676), frame_id='RU_myo')","geometry_msgs.msg.Quaternion(x=0.43616439866082607, y=0.3798890592310358, z=-0.4543531743116694, w=-0.6775013749139616)",[0. 0. 0. 0. 0. 0. 0. 0. 0.],"geometry_msgs.msg.Vector3(x=-9.4375, y=4.875, z=-0.9375)",[0. 0. 0. 0. 0. 0. 0. 0. 0.],"geometry_msgs.msg.Vector3(x=-0.125, y=0.9736328125, z=0.21484375)",[0. 0. 0. 0. 0. 0. 0. 0. 0.],False,26.562295805,"[0.43616439866082607, 0.3798890592310358, -0.4543531743116694, -0.6775013749139616]","[-9.4375, 4.875, -0.9375]","[-0.125, 0.9736328125, 0.21484375]"
21720114154,"std_msgs.msg.Header(stamp=builtin_interfaces.msg.Time(sec=1731187366, nanosec=660665028), frame_id='RU_myo')","geometry_msgs.msg.Quaternion(x=0.4370797977687461, y=0.3794616817104168, z=-0.4524609050216052, w=-0.6784166949028925)",[0. 0. 0. 0. 0. 0. 0. 0. 0.],"geometry_msgs.msg.Vector3(x=-15.6875, y=3.4375, z=-2.375)",[0. 0. 0. 0. 0. 0. 0. 0. 0.],"geometry_msgs.msg.Vector3(x=-0.10498046875, y=0.912109375, z=0.24560546875)",[0. 0. 0. 0. 0. 0. 0. 0. 0.],False,26.578292249,"[0.4370797977687461, 0.3794616817104168, -0.4524609050216052, -0.6784166949028925]","[-15.6875, 3.4375, -2.375]","[-0.10498046875, 0.912109375, 0.24560546875]"
21767378152,"std_msgs.msg.Header(stamp=builtin_interfaces.msg.Time(sec=1731187366, nanosec=707695558), frame_id='RU_myo')","geometry_msgs.msg.Quaternion(x=0.43818212856665567, y=0.3786103556900634, z=-0.4515491554723664, w=-0.6787886128694495)",[0. 0. 0. 0. 0. 0. 0. 0. 0.],"geometry_msgs.msg.Vector3(x=-9.5, y=1.25, z=1.9375)",[0. 0. 0. 0. 0. 0. 0. 0. 0.],"geometry_msgs.msg.Vector3(x=-0.08984375, y=0.89453125, z=0.28466796875)",[0. 0. 0. 0. 0. 0. 0. 0. 0.],False,26.625556247,"[0.43818212856665567, 0.3786103556900634, -0.4515491554723664, -0.6787886128694495]","[-9.5, 1.25, 1.9375]","[-0.08984375, 0.89453125, 0.28466796875]"
21780901185,"std_msgs.msg.Header(stamp=builtin_interfaces.msg.Time(sec=1731187366, nanosec=721342635), frame_id='RU_myo')","geometry_msgs.msg.Quaternion(x=0.43932682159040265, y=0.3781091497294449, z=-0.4515337352217003, w=-0.6783381904912108)",[0. 0. 0. 0. 0. 0. 0. 0. 0.],"geometry_msgs.msg.Vector3(x=-5.625, y=2.625, z=3.75)",[0. 0. 0. 0. 0. 0. 0. 0. 0.],"geometry_msgs.msg.Vector3(x=-0.06982421875, y=0.92822265625, z=0.25537109375)",[0. 0. 0. 0. 0. 0. 0. 0. 0.],False,26.63907928,"[0.43932682159040265, 0.3781091497294449, -0.4515337352217003, -0.6783381904912108]","[-5.625, 2.625, 3.75]","[-0.06982421875, 0.92822265625, 0.25537109375]"
21783149892,"std_msgs.msg.Header(stamp=builtin_interfaces.msg.Time(sec=1731187366, nanosec=723673523), frame_id='RU_myo')","geometry_msgs.msg.Quaternion(x=0.4399443415662062, y=0.3784204935780353, z=-0.45184627644487024, w=-0.6775557901951242)",[0. 0. 0. 0. 0. 0. 0. 0. 0.],"geometry_msgs.msg.Vector3(x=-2.6875, y=3.9375, z=1.25)",[0. 0. 0. 0. 0. 0. 0. 0. 0.],"geometry_msgs.msg.Vector3(x=-0.07275390625, y=0.9638671875, z=0.23193359375)",[0. 0. 0. 0. 0. 0. 0. 0. 0.],False,26.641327987,"[0.4399443415662062, 0.3784204935780353, -0.45184627644487024, -0.6775557901951242]","[-2.6875, 3.9375, 1.25]","[-0.07275390625, 0.9638671875, 0.23193359375]"
21802804130,"std_msgs.msg.Header(stamp=builtin_interfaces.msg.Time(sec=1731187366, nanosec=743184076), frame_id='RU_myo')","geometry_msgs.msg.Quaternion(x=0.43988035061022546, y=0.37854002143535703, z=-0.45300290859290876, w=-0.6767577809860108)",[0. 0. 0. 0. 0. 0. 0. 0. 0.],"geometry_msgs.msg.Vector3(x=4.0625, y=-0.5625, z=1.3125)",[0. 0. 0. 0. 0. 0. 0. 0. 0.],"geometry_msgs.msg.Vector3(x=-0.06982421875, y=0.90234375, z=0.2451171875)",[0. 0. 0. 0. 0. 0. 0. 0. 0.],False,26.660982225,"[0.43988035061022546, 0.37854002143535703, -0.45300290859290876, -0.6767577809860108]","[4.0625, -0.5625, 1.3125]","[-0.06982421875, 0.90234375, 0.2451171875]"
21817099781,"std_msgs.msg.Header(stamp=builtin_interfaces.msg.Time(sec=1731187366, nanosec=757590386), frame_id='RU_myo')","geometry_msgs.msg.Quaternion(x=0.43908250012185013, y=0.3779258883450787, z=-0.45611113753274757, w=-0.6755303185082898)",[0. 0. 0. 0. 0. 0. 0. 0. 0.],"geometry_msgs.msg.Vector3(x=8.0625, y=-8.875, z=4.875)",[0. 0. 0. 0. 0. 0. 0. 0. 0.],"geometry_msgs.msg.Vector3(x=-0.04931640625, y=0.8896484375, z=0.16796875)",[0. 0. 0. 0. 0. 0. 0. 0. 0.],False,26.675277876,"[0.43908250012185013, 0.3779258883450787, -0.45611113753274757, -0.6755303185082898]","[8.0625, -8.875, 4.875]","[-0.04931640625, 0.8896484375, 0.16796875]"
21840633579,"std_msgs.msg.Header(stamp=builtin_interfaces.msg.Time(sec=1731187366, nanosec=781175000), frame_id='RU_myo')","geometry_msgs.msg.Quaternion(x=0.4375701221077649, y=0.3769609532902157, z=-0.46003152606029074, w=-0.6743914463898305)",[0. 0. 0. 0. 0. 0. 0. 0. 0.],"geometry_msgs.msg.Vector3(x=4.625, y=-16.4375, z=6.375)",[0. 0. 0. 0. 0. 0. 0. 0. 0.],"geometry_msgs.msg.Vector3(x=-0.08056640625, y=0.92724609375, z=0.0712890625)",[0. 0. 0. 0. 0. 0. 0. 0. 0.],False,26.698811674,"[0.4375701221077649, 0.3769609532902157, -0.46003152606029074, -0.6743914463898305]","[4.625, -16.4375, 6.375]","[-0.08056640625, 0.92724609375, 0.0712890625]"
21863121143,"std_msgs.msg.Header(stamp=builtin_interfaces.msg.Time(sec=1731187366, nanosec=803610263), frame_id='RU_myo')","geometry_msgs.msg.Quaternion(x=0.43627454467184495, y=0.37389729444036407, z=-0.46190903106834397, w=-0.6756518200220095)",[0. 0. 0. 0. 0. 0. 0. 0. 0.],"geometry_msgs.msg.Vector3(x=-14.625, y=-25.1875, z=6.4375)",[0. 0. 0. 0. 0. 0. 0. 0. 0.],"geometry_msgs.msg.Vector3(x=-0.1357421875, y=0.85498046875, z=0.06103515625)",[0. 0. 0. 0. 0. 0. 0. 0. 0.],False,26.721299238,"[0.43627454467184495, 0.37389729444036407, -0.46190903106834397, -0.6756518200220095]","[-14.625, -25.1875, 6.4375]","[-0.1357421875, 0.85498046875, 0.06103515625]"
21863121143,"std_msgs.msg.Header(stamp=builtin_interfaces.msg.Time(sec=1731187374, nanosec=890540808), frame_id='RU_myo')","geometry_msgs.msg.Quaternion(x=0.26041651519455233, y=-0.5091152026606411, z=-0.6144535915113084, w=-0.5435363216130029)",[0. 0. 0. 0. 0. 0. 0. 0. 0.],"geometry_msgs.msg.Vector3(x=-8.1875, y=-1.5625, z=9.0625)",[0. 0. 0. 0. 0. 0. 0. 0. 0.],"geometry_msgs.msg.Vector3(x=0.9091796875, y=0.3525390625, z=-0.3203125)",[0. 0. 0. 0. 0. 0. 0. 0. 0.],False,34.808389324,"[0.26041651519455233, -0.5091152026606411, -0.6144535915113084, -0.5435363216130029]","[-8.1875, -1.5625, 9.0625]","[0.9091796875, 0.3525390625, -0.3203125]"
21868962610,"std_msgs.msg.Header(stamp=builtin_interfaces.msg.Time(sec=1731187374, nanosec=896401990), frame_id='RU_myo')","geometry_msgs.msg.Quaternion(x=0.2606661470307602, y=-0.5118113577616378, z=-0.6121473787680929, w=-0.5434867804516318)",[0. 0. 0. 0. 0. 0. 0. 0. 0.],"geometry_msgs.msg.Vector3(x=-12.875, y=-1.0625, z=13.3125)",[0. 0. 0. 0. 0. 0. 0. 0. 0.],"geometry_msgs.msg.Vector3(x=0.8779296875, y=0.34375, z=-0.32666015625)",[0. 0. 0. 0. 0. 0. 0. 0. 0.],False,34.814230791,"[0.2606661470307602, -0.5118113577616378, -0.6121473787680929, -0.5434867804516318]","[-12.875, -1.0625, 13.3125]","[0.8779296875, 0.34375, -0.32666015625]"
21873701455,"std_msgs.msg.Header(stamp=builtin_interfaces.msg.Time(sec=1731187374, nanosec=901135469), frame_id='RU_myo')","geometry_msgs.msg.Quaternion(x=0.26091808717873094, y=-0.5146952582873071, z=-0.6096023052026116, w=-0.5435030564506664)",[0. 0. 0. 0. 0. 0. 0. 0. 0.],"geometry_msgs.msg.Vector3(x=-13.625, y=-0.8125, z=16.8125)",[0. 0. 0. 0. 0. 0. 0. 0. 0.],"geometry_msgs.msg.Vector3(x=0.85107421875, y=0.35546875, z=-0.3232421875)",[0. 0. 0. 0. 0. 0. 0. 0. 0.],False,34.818969636,"[0.26091808717873094, -0.5146952582873071, -0.6096023052026116, -0.5435030564506664]","[-13.625, -0.8125, 16.8125]","[0.85107421875, 0.35546875, -0.3232421875]"
21904574165,"std_msgs.msg.Header(stamp=builtin_interfaces.msg.Time(sec=1731187374, nanosec=931895026), frame_id='RU_myo')","geometry_msgs.msg.Quaternion(x=0.2603648996573464, y=-0.5170068131733195, z=-0.6073960340810856, w=-0.5440442371180463)",[0. 0. 0. 0. 0. 0. 0. 0. 0.],"geometry_msgs.msg.Vector3(x=-14.6875, y=-2.375, z=13.0)",[0. 0. 0. 0. 0. 0. 0. 0. 0.],"geometry_msgs.msg.Vector3(x=0.86669921875, y=0.400390625, z=-0.29638671875)",[0. 0. 0. 0. 0. 0. 0. 0. 0.],False,34.849842346,"[0.2603648996573464, -0.5170068131733195, -0.6073960340810856, -0.5440442371180463]","[-14.6875, -2.375, 13.0]","[0.86669921875, 0.400390625, -0.29638671875]"
21920203799,"std_msgs.msg.Header(stamp=builtin_interfaces.msg.Time(sec=1731187374, nanosec=947746734), frame_id='RU_myo')","geometry_msgs.msg.Quaternion(x=0.25908628828445435, y=-0.5181725765689087, z=-0.6055722384825338, w=-0.5455765208421054)",[0. 0. 0. 0. 0. 0. 0. 0. 0.],"geometry_msgs.msg.Vector3(x=-15.5625, y=-1.0, z=5.9375)",[0. 0. 0. 0. 0. 0. 0. 0. 0.],"geometry_msgs.msg.Vector3(x=0.890625, y=0.4443359375, z=-0.27294921875)",[0. 0. 0. 0. 0. 0. 0. 0. 0.],False,34.86547198,"[0.25908628828445435, -0.5181725765689087, -0.6055722384825338, -0.5455765208421054]","[-15.5625, -1.0, 5.9375]","[0.890625, 0.4443359375, -0.27294921875]"
21933733380,"std_msgs.msg.Header(stamp=builtin_interfaces.msg.Time(sec=1731187374, nanosec=961160612), frame_id='RU_myo')","geometry_msgs.msg.Quaternion(x=0.2578593652400544, y=-0.5183430979843271, z=-0.6040317485871759, w=-0.5476993949501179)",[0. 0. 0. 0. 0. 0. 0. 0. 0.],"geometry_msgs.msg.Vector3(x=-14.75, y=3.5, z=1.4375)",[0. 0. 0. 0. 0. 0. 0. 0. 0.],"geometry_msgs.msg.Vector3(x=0.89892578125, y=0.46044921875, z=-0.267578125)",[0. 0. 0. 0. 0. 0. 0. 0. 0.],False,34.879001561,"[0.2578593652400544, -0.5183430979843271, -0.6040317485871759, -0.5476993949501179]","[-14.75, 3.5, 1.4375]","[0.89892578125, 0.46044921875, -0.267578125]"
21964953567,"std_msgs.msg.Header(stamp=builtin_interfaces.msg.Time(sec=1731187374, nanosec=992352609), frame_id='RU_myo')","geometry_msgs.msg.Quaternion(x=0.2578665486052567, y=-0.516221365231541, z=-0.6028889389639588, w=-0.5509494282271367)",[0. 0. 0. 0. 0. 0. 0. 0. 0.],"geometry_msgs.msg.Vector3(x=-9.125, y=13.5625, z=-6.6875)",[0. 0. 0. 0. 0. 0. 0. 0. 0.],"geometry_msgs.msg.Vector3(x=0.943359375, y=0.45751953125, z=-0.20703125)",[0. 0. 0. 0. 0. 0. 0. 0. 0.],False,34.910221748,"[0.2578665486052567, -0.516221365231541, -0.6028889389639588, -0.5509494282271367]","[-9.125, 13.5625, -6.6875]","[0.943359375, 0.45751953125, -0.20703125]"
21996165181,"std_msgs.msg.Header(stamp=builtin_interfaces.msg.Time(sec=1731187375, nanosec=23455865), frame_id='RU_myo')","geometry_msgs.msg.Quaternion(x=0.26078885921424383, y=-0.5109581861319095, z=-0.6015904014216713, w=-0.5558775871105389)",[0. 0. 0. 0. 0. 0. 0. 0. 0.],"geometry_msgs.msg.Vector3(x=-3.3125, y=38.0625, z=-15.875)",[0. 0. 0. 0. 0. 0. 0. 0. 0.],"geometry_msgs.msg.Vector3(x=0.97900390625, y=0.392578125, z=-0.19091796875)",[0. 0. 0. 0. 0. 0. 0. 0. 0.],False,34.941433362,"[0.26078885921424383, -0.5109581861319095, -0.6015904014216713, -0.5558775871105389]","[-3.3125, 38.0625, -15.875]","[0.97900390625, 0.392578125, -0.19091796875]"
21998232523,"std_msgs.msg.Header(stamp=builtin_interfaces.msg.Time(sec=1731187375, nanosec=25663364), frame_id='RU_myo')","geometry_msgs.msg.Quaternion(x=0.26426253180452325, y=-0.5021598410364012, z=-0.6034706499961029, w=-0.560199949060905)",[0. 0. 0. 0. 0. 0. 0. 0. 0.],"geometry_msgs.msg.Vector3(x=15.3125, y=47.625, z=-31.3125)",[0. 0. 0. 0. 0. 0. 0. 0. 0.],"geometry_msgs.msg.Vector3(x=0.95849609375, y=0.44189453125, z=-0.216796875)",[0. 0. 0. 0. 0. 0. 0. 0. 0.],False,34.943500704,"[0.26426253180452325, -0.5021598410364012, -0.6034706499961029, -0.560199949060905]","[15.3125, 47.625, -31.3125]","[0.95849609375, 0.44189453125, -0.216796875]"
22016188704,"std_msgs.msg.Header(stamp=builtin_interfaces.msg.Time(sec=1731187375, nanosec=43704924), frame_id='RU_myo')","geometry_msgs.msg.Quaternion(x=0.26811601426470416, y=-0.4905796773639181, z=-0.6089828341300292, w=-0.5626591248591641)",[0. 0. 0. 0. 0. 0. 0. 0. 0.],"geometry_msgs.msg.Vector3(x=36.4375, y=52.3125, z=-46.0)",[0. 0. 0. 0. 0. 0. 0. 0. 0.],"geometry_msgs.msg.Vector3(x=0.947265625, y=0.4765625, z=-0.2919921875)",[0. 0. 0. 0. 0. 0. 0. 0. 0.],False,34.961456885,"[0.26811601426470416, -0.4905796773639181, -0.6089828341300292, -0.5626591248591641]","[36.4375, 52.3125, -46.0]","[0.947265625, 0.4765625, -0.2919921875]"
22038849025,"std_msgs.msg.Header(stamp=builtin_interfaces.msg.Time(sec=1731187375, nanosec=66231340), frame_id='RU_myo')","geometry_msgs.msg.Quaternion(x=0.27025108309104245, y=-0.4779440450961955, z=-0.6161822346176976, w=-0.5646709622308774)",[0. 0. 0. 0. 0. 0. 0. 0. 0.],"geometry_msgs.msg.Vector3(x=42.1875, y=44.375, z=-55.25)",[0. 0. 0. 0. 0. 0. 0. 0. 0.],"geometry_msgs.msg.Vector3(x=0.98388671875, y=0.5791015625, z=-0.26904296875)",[0. 0. 0. 0. 0. 0. 0. 0. 0.],False,34.984117206,"[0.27025108309104245, -0.4779440450961955, -0.6161822346176976, -0.5646709622308774]","[42.1875, 44.375, -55.25]","[0.98388671875, 0.5791015625, -0.26904296875]"
22056862498,"std_msgs.msg.Header(stamp=builtin_interfaces.msg.Time(sec=1731187375, nanosec=84206334), frame_id='RU_myo')","geometry_msgs.msg.Quaternion(x=0.26896823029854333, y=-0.4627449789252452, z=-0.6231371979460238, w=-0.5702834454072132)",[0. 0. 0. 0. 0. 0. 0. 0. 0.],"geometry_msgs.msg.Vector3(x=27.375, y=46.875, z=-70.9375)",[0. 0. 0. 0. 0. 0. 0. 0. 0.],"geometry_msgs.msg.Vector3(x=1.06494140625, y=0.8125, z=-0.2197265625)",[0. 0. 0. 0. 0. 0. 0. 0. 0.],False,35.002130679,"[0.26896823029854333, -0.4627449789252452, -0.6231371979460238, -0.5702834454072132]","[27.375, 46.875, -70.9375]","[1.06494140625, 0.8125, -0.2197265625]"
22076358021,"std_msgs.msg.Header(stamp=builtin_interfaces.msg.Time(sec=1731187375, nanosec=103811287), frame_id='RU_myo')","geometry_msgs.msg.Quaternion(x=0.2609822010223432, y=-0.4445730477658438, z=-0.6271263132611264, w=-0.5839141059824036)",[0. 0. 0. 0. 0. 0. 0. 0. 0.],"geometry_msgs.msg.Vector3(x=-17.5, y=51.125, z=-96.5625)",[0. 0. 0. 0. 0. 0. 0. 0. 0.],"geometry_msgs.msg.Vector3(x=1.0732421875, y=1.0654296875, z=-0.07373046875)",[0. 0. 0. 0. 0. 0. 0. 0. 0.],False,35.021626202,"[0.2609822010223432, -0.4445730477658438, -0.6271263132611264, -0.5839141059824036]","[-17.5, 51.125, -96.5625]","[1.0732421875, 1.0654296875, -0.07373046875]"
22132287141,"std_msgs.msg.Header(stamp=builtin_interfaces.msg.Time(sec=1731187375, nanosec=159726520), frame_id='RU_myo')","geometry_msgs.msg.Quaternion(x=0.2531507506117024, y=-0.4247659653465402, z=-0.6286048050387018, w=-0.600287074015599)",[0. 0. 0. 0. 0. 0. 0. 0. 0.],"geometry_msgs.msg.Vector3(x=-40.0625, y=72.25, z=-121.9375)",[0. 0. 0. 0. 0. 0. 0. 0. 0.],"geometry_msgs.msg.Vector3(x=1.09130859375, y=0.98095703125, z=0.18408203125)",[0. 0. 0. 0. 0. 0. 0. 0. 0.],False,35.077555322,"[0.2531507506117024, -0.4247659653465402, -0.6286048050387018, -0.600287074015599]","[-40.0625, 72.25, -121.9375]","[1.09130859375, 0.98095703125, 0.18408203125]"
22138312539,"std_msgs.msg.Header(stamp=builtin_interfaces.msg.Time(sec=1731187375, nanosec=165756925), frame_id='RU_myo')","geometry_msgs.msg.Quaternion(x=0.242787566327588, y=-0.4074534421324729, z=-0.6293678692735262, w=-0.6155745082906114)",[0. 0. 0. 0. 0. 0. 0. 0. 0.],"geometry_msgs.msg.Vector3(x=-49.75, y=54.375, z=-122.9375)",[0. 0. 0. 0. 0. 0. 0. 0. 0.],"geometry_msgs.msg.Vector3(x=1.08251953125, y=0.71337890625, z=0.115234375)",[0. 0. 0. 0. 0. 0. 0. 0. 0.],False,35.08358072,"[0.242787566327588, -0.4074534421324729, -0.6293678692735262, -0.6155745082906114]","[-49.75, 54.375, -122.9375]","[1.08251953125, 0.71337890625, 0.115234375]"
22140686873,"std_msgs.msg.Header(stamp=builtin_interfaces.msg.Time(sec=1731187375, nanosec=168120864), frame_id='RU_myo')","geometry_msgs.msg.Quaternion(x=0.23021759280363874, y=-0.3890872624928942, z=-0.6311453147355324, w=-0.6302908485904499)",[0. 0. 0. 0. 0. 0. 0. 0. 0.],"geometry_msgs.msg.Vector3(x=-49.0, y=48.875, z=-135.0625)",[0. 0. 0. 0. 0. 0. 0. 0. 0.],"geometry_msgs.msg.Vector3(x=1.25, y=1.01611328125, z=0.01171875)",[0. 0. 0. 0. 0. 0. 0. 0. 0.],False,35.085955054,"[0.23021759280363874, -0.3890872624928942, -0.6311453147355324, -0.6302908485904499]","[-49.0, 48.875, -135.0625]","[1.25, 1.01611328125, 0.01171875]"
22160057202,"std_msgs.msg.Header(stamp=builtin_interfaces.msg.Time(sec=1731187375, nanosec=187562859), frame_id='RU_myo')","geometry_msgs.msg.Quaternion(x=0.21763586363796725, y=-0.366917221590426, z=-0.6244062032753906, w=-0.6543112995128005)",[0. 0. 0. 0. 0. 0. 0. 0. 0.],"geometry_msgs.msg.Vector3(x=-104.0625, y=89.8125, z=-141.0625)",[0. 0. 0. 0. 0. 0. 0. 0. 0.],"geometry_msgs.msg.Vector3(x=0.9375, y=0.91064453125, z=0.48388671875)",[0. 0. 0. 0. 0. 0. 0. 0. 0.],False,35.105325383,"[0.21763586363796725, -0.366917221590426, -0.6244062032753906, -0.6543112995128005]","[-104.0625, 89.8125, -141.0625]","[0.9375, 0.91064453125, 0.48388671875]"
22175037264,"std_msgs.msg.Header(stamp=builtin_interfaces.msg.Time(sec=1731187375, nanosec=202611596), frame_id='RU_myo')","geometry_msgs.msg.Quaternion(x=0.20372109460670737, y=-0.3420781112254628, z=-0.6075014307115534, w=-0.6873298284783518)",[0. 0. 0. 0. 0. 0. 0. 0. 0.],"geometry_msgs.msg.Vector3(x=-176.0, y=129.6875, z=-144.75)",[0. 0. 0. 0. 0. 0. 0. 0. 0.],"geometry_msgs.msg.Vector3(x=0.77734375, y=0.916015625, z=0.3671875)",[0. 0. 0. 0. 0. 0. 0. 0. 0.],False,35.120305445,"[0.20372109460670737, -0.3420781112254628, -0.6075014307115534, -0.6873298284783518]","[-176.0, 129.6875, -144.75]","[0.77734375, 0.916015625, 0.3671875]"
22197672489,"std_msgs.msg.Header(stamp=builtin_interfaces.msg.Time(sec=1731187375, nanosec=225195510), frame_id='RU_myo')","geometry_msgs.msg.Quaternion(x=0.19175850828437907, y=-0.3109514957698636, z=-0.5789373677866391, w=-0.7289508666290972)",[0. 0. 0. 0. 0. 0. 0. 0. 0.],"geometry_msgs.msg.Vector3(x=-241.875, y=192.875, z=-145.5)",[0. 0. 0. 0. 0. 0. 0. 0. 0.],"geometry_msgs.msg.Vector3(x=0.6484375, y=0.94775390625, z=0.41455078125)",[0. 0. 0. 0. 0. 0. 0. 0. 0.],False,35.14294067,"[0.19175850828437907, -0.3109514957698636, -0.5789373677866391, -0.7289508666290972]","[-241.875, 192.875, -145.5]","[0.6484375, 0.94775390625, 0.41455078125]"
22212760275,"std_msgs.msg.Header(stamp=builtin_interfaces.msg.Time(sec=1731187375, nanosec=240125694), frame_id='RU_myo')","geometry_msgs.msg.Quaternion(x=0.1831588610590347, y=-0.27666081878727233, z=-0.5431902244003362, w=-0.7712690860389942)",[0. 0. 0. 0. 0. 0. 0. 0. 0.],"geometry_msgs.msg.Vector3(x=-264.75, y=227.625, z=-134.6875)",[0. 0. 0. 0. 0. 0. 0. 0. 0.],"geometry_msgs.msg.Vector3(x=0.78564453125, y=0.73291015625, z=0.5078125)",[0. 0. 0. 0. 0. 0. 0. 0. 0.],False,35.158028456,"[0.1831588610590347, -0.27666081878727233, -0.5431902244003362, -0.7712690860389942]","[-264.75, 227.625, -134.6875]","[0.78564453125, 0.73291015625, 0.5078125]"
22243027654,"std_msgs.msg.Header(stamp=builtin_interfaces.msg.Time(sec=1731187375, nanosec=270302283), frame_id='RU_myo')","geometry_msgs.msg.Quaternion(x=0.17937711342269974, y=-0.24065463022310485, z=-0.5028540447395792, w=-0.810584363173486)",[0. 0. 0. 0. 0. 0. 0. 0. 0.],"geometry_msgs.msg.Vector3(x=-268.3125, y=252.875, z=-109.5)",[0. 0. 0. 0. 0. 0. 0. 0. 0.],"geometry_msgs.msg.Vector3(x=0.7724609375, y=0.69677734375, z=0.47705078125)",[0. 0. 0. 0. 0. 0. 0. 0. 0.],False,35.188295835,"[0.17937711342269974, -0.24065463022310485, -0.5028540447395792, -0.810584363173486]","[-268.3125, 252.875, -109.5]","[0.7724609375, 0.69677734375, 0.47705078125]"
22275469727,"std_msgs.msg.Header(stamp=builtin_interfaces.msg.Time(sec=1731187375, nanosec=302812228), frame_id='RU_myo')","geometry_msgs.msg.Quaternion(x=0.1779095198497576, y=-0.20934121889697038, z=-0.4654943080254207, w=-0.8413319832346171)",[0. 0. 0. 0. 0. 0. 0. 0. 0.],"geometry_msgs.msg.Vector3(x=-232.0625, y=225.625, z=-83.1875)",[0. 0. 0. 0. 0. 0. 0. 0. 0.],"geometry_msgs.msg.Vector3(x=0.900390625, y=0.5849609375, z=0.4453125)",[0. 0. 0. 0. 0. 0. 0. 0. 0.],False,35.220737908,"[0.1779095198497576, -0.20934121889697038, -0.4654943080254207, -0.8413319832346171]","[-232.0625, 225.625, -83.1875]","[0.900390625, 0.5849609375, 0.4453125]"
22280197963,"std_msgs.msg.Header(stamp=builtin_interfaces.msg.Time(sec=1731187375, nanosec=307735692), frame_id='RU_myo')","geometry_msgs.msg.Quaternion(x=0.18023249856638002, y=-0.1754108367354474, z=-0.4323016550442498, w=-0.8659460513578733)",[0. 0. 0. 0. 0. 0. 0. 0. 0.],"geometry_msgs.msg.Vector3(x=-186.8125, y=239.0, z=-74.0)",[0. 0. 0. 0. 0. 0. 0. 0. 0.],"geometry_msgs.msg.Vector3(x=1.03466796875, y=0.400390625, z=0.5087890625)",[0. 0. 0. 0. 0. 0. 0. 0. 0.],False,35.225466144,"[0.18023249856638002, -0.1754108367354474, -0.4323016550442498, -0.8659460513578733]","[-186.8125, 239.0, -74.0]","[1.03466796875, 0.400390625, 0.5087890625]"
22295103644,"std_msgs.msg.Header(stamp=builtin_interfaces.msg.Time(sec=1731187375, nanosec=322627591), frame_id='RU_myo')","geometry_msgs.msg.Quaternion(x=0.18871292377199161, y=-0.14000887682178162, z=-0.40574499263783964, w=-0.8832643702549362)",[0. 0. 0. 0. 0. 0. 0. 0. 0.],"geometry_msgs.msg.Vector3(x=-126.6875, y=249.0, z=-47.0625)",[0. 0. 0. 0. 0. 0. 0. 0. 0.],"geometry_msgs.msg.Vector3(x=1.03076171875, y=0.27392578125, z=0.55908203125)",[0. 0. 0. 0. 0. 0. 0. 0. 0.],False,35.240371825,"[0.18871292377199161, -0.14000887682178162, -0.40574499263783964, -0.8832643702549362]","[-126.6875, 249.0, -47.0625]","[1.03076171875, 0.27392578125, 0.55908203125]"
22316242647,"std_msgs.msg.Header(stamp=builtin_interfaces.msg.Time(sec=1731187375, nanosec=343687992), frame_id='RU_myo')","geometry_msgs.msg.Quaternion(x=0.2034266121489379, y=-0.10351381164254386, z=-0.39000781627114106, w=-0.8920742163723002)",[0. 0. 0. 0. 0. 0. 0. 0. 0.],"geometry_msgs.msg.Vector3(x=-44.625, y=250.1875, z=-16.5625)",[0. 0. 0. 0. 0. 0. 0. 0. 0.],"geometry_msgs.msg.Vector3(x=0.873046875, y=0.14697265625, z=0.5654296875)",[0. 0. 0. 0. 0. 0. 0. 0. 0.],False,35.261510828,"[0.2034266121489379, -0.10351381164254386, -0.39000781627114106, -0.8920742163723002]","[-44.625, 250.1875, -16.5625]","[0.873046875, 0.14697265625, 0.5654296875]"
22332877118,"std_msgs.msg.Header(stamp=builtin_interfaces.msg.Time(sec=1731187375, nanosec=360177396), frame_id='RU_myo')","geometry_msgs.msg.Quaternion(x=0.22442363726467598, y=-0.0690909865062859, z=-0.38720248974900856, w=-0.8915911050210462)",[0. 0. 0. 0. 0. 0. 0. 0. 0.],"geometry_msgs.msg.Vector3(x=43.0625, y=230.8125, z=26.0625)",[0. 0. 0. 0. 0. 0. 0. 0. 0.],"geometry_msgs.msg.Vector3(x=0.72119140625, y=0.35986328125, z=0.71337890625)",[0. 0. 0. 0. 0. 0. 0. 0. 0.],False,35.278145299,"[0.22442363726467598, -0.0690909865062859, -0.38720248974900856, -0.8915911050210462]","[43.0625, 230.8125, 26.0625]","[0.72119140625, 0.35986328125, 0.71337890625]"
22355228029,"std_msgs.msg.Header(stamp=builtin_interfaces.msg.Time(sec=1731187375, nanosec=382584414), frame_id='RU_myo')","geometry_msgs.msg.Quaternion(x=0.24839955059649443, y=-0.03594774823128629, z=-0.39347221196452076, w=-0.8844122574186243)",[0. 0. 0. 0. 0. 0. 0. 0. 0.],"geometry_msgs.msg.Vector3(x=100.125, y=216.25, z=51.5625)",[0. 0. 0. 0. 0. 0. 0. 0. 0.],"geometry_msgs.msg.Vector3(x=0.54052734375, y=0.46044921875, z=0.48388671875)",[0. 0. 0. 0. 0. 0. 0. 0. 0.],False,35.30049621,"[0.24839955059649443, -0.03594774823128629, -0.39347221196452076, -0.8844122574186243]","[100.125, 216.25, 51.5625]","[0.54052734375, 0.46044921875, 0.48388671875]"
22376449106,"std_msgs.msg.Header(stamp=builtin_interfaces.msg.Time(sec=1731187375, nanosec=403806286), frame_id='RU_myo')","geometry_msgs.msg.Quaternion(x=0.2727003497154502, y=-0.0039061822698721604, z=-0.39922403480052815, w=-0.8753510330391645)",[0. 0. 0. 0. 0. 0. 0. 0. 0.],"geometry_msgs.msg.Vector3(x=98.9375, y=212.1875, z=57.9375)",[0. 0. 0. 0. 0. 0. 0. 0. 0.],"geometry_msgs.msg.Vector3(x=0.51123046875, y=0.37255859375, z=0.2783203125)",[0. 0. 0. 0. 0. 0. 0. 0. 0.],False,35.321717287,"[0.2727003497154502, -0.0039061822698721604, -0.39922403480052815, -0.8753510330391645]","[98.9375, 212.1875, 57.9375]","[0.51123046875, 0.37255859375, 0.2783203125]"
22410063568,"std_msgs.msg.Header(stamp=builtin_interfaces.msg.Time(sec=1731187375, nanosec=437324024), frame_id='RU_myo')","geometry_msgs.msg.Quaternion(x=0.2977222542769671, y=0.029662364817262404, z=-0.402089834189557, w=-0.865335408187544)",[0. 0. 0. 0. 0. 0. 0. 0. 0.],"geometry_msgs.msg.Vector3(x=88.4375, y=226.0, z=59.625)",[0. 0. 0. 0. 0. 0. 0. 0. 0.],"geometry_msgs.msg.Vector3(x=0.494140625, y=0.36962890625, z=0.2138671875)",[0. 0. 0. 0. 0. 0. 0. 0. 0.],False,35.355331749,"[0.2977222542769671, 0.029662364817262404, -0.402089834189557, -0.865335408187544]","[88.4375, 226.0, 59.625]","[0.494140625, 0.36962890625, 0.2138671875]"
22415358716,"std_msgs.msg.Header(stamp=builtin_interfaces.msg.Time(sec=1731187375, nanosec=442766126), frame_id='RU_myo')","geometry_msgs.msg.Quaternion(x=0.31987322948839253, y=0.0635352092916269, z=-0.4044037432913735, w=-0.854460067322552)",[0. 0. 0. 0. 0. 0. 0. 0. 0.],"geometry_msgs.msg.Vector3(x=88.375, y=221.875, z=46.5625)",[0. 0. 0. 0. 0. 0. 0. 0. 0.],"geometry_msgs.msg.Vector3(x=0.466796875, y=0.51708984375, z=0.298828125)",[0. 0. 0. 0. 0. 0. 0. 0. 0.],False,35.360626897,"[0.31987322948839253, 0.0635352092916269, -0.4044037432913735, -0.854460067322552]","[88.375, 221.875, 46.5625]","[0.466796875, 0.51708984375, 0.298828125]"
22435947786,"std_msgs.msg.Header(stamp=builtin_interfaces.msg.Time(sec=1731187375, nanosec=463560019), frame_id='RU_myo')","geometry_msgs.msg.Quaternion(x=0.33874840517808924, y=0.09594819692611825, z=-0.40625394321898417, w=-0.8432088680243789)",[0. 0. 0. 0. 0. 0. 0. 0. 0.],"geometry_msgs.msg.Vector3(x=84.1875, y=206.4375, z=35.75)",[0. 0. 0. 0. 0. 0. 0. 0. 0.],"geometry_msgs.msg.Vector3(x=0.34716796875, y=0.7705078125, z=0.4150390625)",[0. 0. 0. 0. 0. 0. 0. 0. 0.],False,35.381215967,"[0.33874840517808924, 0.09594819692611825, -0.40625394321898417, -0.8432088680243789]","[84.1875, 206.4375, 35.75]","[0.34716796875, 0.7705078125, 0.4150390625]"
22452696765,"std_msgs.msg.Header(stamp=builtin_interfaces.msg.Time(sec=1731187375, nanosec=480115702), frame_id='RU_myo')","geometry_msgs.msg.Quaternion(x=0.354353771789435, y=0.12444494327913504, z=-0.4070857144050175, w=-0.8326031957890928)",[0. 0. 0. 0. 0. 0. 0. 0. 0.],"geometry_msgs.msg.Vector3(x=70.125, y=179.8125, z=29.0)",[0. 0. 0. 0. 0. 0. 0. 0. 0.],"geometry_msgs.msg.Vector3(x=0.19580078125, y=0.90966796875, z=0.36474609375)",[0. 0. 0. 0. 0. 0. 0. 0. 0.],False,35.397964946,"[0.354353771789435, 0.12444494327913504, -0.4070857144050175, -0.8326031957890928]","[70.125, 179.8125, 29.0]","[0.19580078125, 0.90966796875, 0.36474609375]"
22475980632,"std_msgs.msg.Header(stamp=builtin_interfaces.msg.Time(sec=1731187375, nanosec=503359248), frame_id='RU_myo')","geometry_msgs.msg.Quaternion(x=0.37011339242797453, y=0.14465183708019452, z=-0.39715168940119233, w=-0.8272620252257201)",[0. 0. 0. 0. 0. 0. 0. 0. 0.],"geometry_msgs.msg.Vector3(x=-9.9375, y=157.875, z=31.4375)",[0. 0. 0. 0. 0. 0. 0. 0. 0.],"geometry_msgs.msg.Vector3(x=0.09326171875, y=0.7294921875, z=0.25244140625)",[0. 0. 0. 0. 0. 0. 0. 0. 0.],False,35.421248813,"[0.37011339242797453, 0.14465183708019452, -0.39715168940119233, -0.8272620252257201]","[-9.9375, 157.875, 31.4375]","[0.09326171875, 0.7294921875, 0.25244140625]"
22498319396,"std_msgs.msg.Header(stamp=builtin_interfaces.msg.Time(sec=1731187375, nanosec=525689780), frame_id='RU_myo')","geometry_msgs.msg.Quaternion(x=0.38567569630929394, y=0.1577736469314013, z=-0.3828070845469048, w=-0.8245122616620116)",[0. 0. 0. 0. 0. 0. 0. 0. 0.],"geometry_msgs.msg.Vector3(x=-52.0625, y=131.4375, z=36.75)",[0. 0. 0. 0. 0. 0. 0. 0. 0.],"geometry_msgs.msg.Vector3(x=0.11328125, y=0.74658203125, z=0.24609375)",[0. 0. 0. 0. 0. 0. 0. 0. 0.],False,35.443587577,"[0.38567569630929394, 0.1577736469314013, -0.3828070845469048, -0.8245122616620116]","[-52.0625, 131.4375, 36.75]","[0.11328125, 0.74658203125, 0.24609375]"
22519357724,"std_msgs.msg.Header(stamp=builtin_interfaces.msg.Time(sec=1731187375, nanosec=546879097), frame_id='RU_myo')","geometry_msgs.msg.Quaternion(x=0.39903103135350065, y=0.16924335422809075, z=-0.36955229349119706, w=-0.8219258028812471)",[0. 0. 0. 0. 0. 0. 0. 0. 0.],"geometry_msgs.msg.Vector3(x=-47.5, y=116.25, z=30.4375)",[0. 0. 0. 0. 0. 0. 0. 0. 0.],"geometry_msgs.msg.Vector3(x=0.107421875, y=0.7392578125, z=0.3740234375)",[0. 0. 0. 0. 0. 0. 0. 0. 0.],False,35.464625905,"[0.39903103135350065, 0.16924335422809075, -0.36955229349119706, -0.8219258028812471]","[-47.5, 116.25, 30.4375]","[0.107421875, 0.7392578125, 0.3740234375]"
22544063729,"std_msgs.msg.Header(stamp=builtin_interfaces.msg.Time(sec=1731187375, nanosec=571357867), frame_id='RU_myo')","geometry_msgs.msg.Quaternion(x=0.4102080201240652, y=0.18029377941474312, z=-0.36650783526930686, w=-0.8154112704742614)",[0. 0. 0. 0. 0. 0. 0. 0. 0.],"geometry_msgs.msg.Vector3(x=3.875, y=90.625, z=39.75)",[0. 0. 0. 0. 0. 0. 0. 0. 0.],"geometry_msgs.msg.Vector3(x=0.03955078125, y=0.6416015625, z=0.38232421875)",[0. 0. 0. 0. 0. 0. 0. 0. 0.],False,35.48933191,"[0.4102080201240652, 0.18029377941474312, -0.36650783526930686, -0.8154112704742614]","[3.875, 90.625, 39.75]","[0.03955078125, 0.6416015625, 0.38232421875]"
22558440043,"std_msgs.msg.Header(stamp=builtin_interfaces.msg.Time(sec=1731187375, nanosec=585797706), frame_id='RU_myo')","geometry_msgs.msg.Quaternion(x=0.419481313438929, y=0.18883677924924291, z=-0.3675420441625536, w=-0.8082629177756057)",[0. 0. 0. 0. 0. 0. 0. 0. 0.],"geometry_msgs.msg.Vector3(x=16.6875, y=64.9375, z=42.5625)",[0. 0. 0. 0. 0. 0. 0. 0. 0.],"geometry_msgs.msg.Vector3(x=0.013671875, y=0.6123046875, z=0.2763671875)",[0. 0. 0. 0. 0. 0. 0. 0. 0.],False,35.503708224,"[0.419481313438929, 0.18883677924924291, -0.3675420441625536, -0.8082629177756057]","[16.6875, 64.9375, 42.5625]","[0.013671875, 0.6123046875, 0.2763671875]"
22579499154,"std_msgs.msg.Header(stamp=builtin_interfaces.msg.Time(sec=1731187375, nanosec=606886661), frame_id='RU_myo')","geometry_msgs.msg.Quaternion(x=0.4271278748947473, y=0.19537529687597685, z=-0.3715243461680947, w=-0.8008495065009973)",[0. 0. 0. 0. 0. 0. 0. 0. 0.],"geometry_msgs.msg.Vector3(x=29.0, y=46.375, z=42.0625)",[0. 0. 0. 0. 0. 0. 0. 0. 0.],"geometry_msgs.msg.Vector3(x=0.03759765625, y=0.67578125, z=0.345703125)",[0. 0. 0. 0. 0. 0. 0. 0. 0.],False,35.524767335,"[0.4271278748947473, 0.19537529687597685, -0.3715243461680947, -0.8008495065009973]","[29.0, 46.375, 42.0625]","[0.03759765625, 0.67578125, 0.345703125]"
22595879798,"std_msgs.msg.Header(stamp=builtin_interfaces.msg.Time(sec=1731187375, nanosec=623218690), frame_id='RU_myo')","geometry_msgs.msg.Quaternion(x=0.43176085767995515, y=0.2031241354762356, z=-0.3835432894629401, w=-0.7907070838625698)",[0. 0. 0. 0. 0. 0. 0. 0. 0.],"geometry_msgs.msg.Vector3(x=85.375, y=30.875, z=38.75)",[0. 0. 0. 0. 0. 0. 0. 0. 0.],"geometry_msgs.msg.Vector3(x=0.09033203125, y=0.7080078125, z=0.47216796875)",[0. 0. 0. 0. 0. 0. 0. 0. 0.],False,35.541147979,"[0.43176085767995515, 0.2031241354762356, -0.3835432894629401, -0.7907070838625698]","[85.375, 30.875, 38.75]","[0.09033203125, 0.7080078125, 0.47216796875]"
22618259782,"std_msgs.msg.Header(stamp=builtin_interfaces.msg.Time(sec=1731187375, nanosec=645841197), frame_id='RU_myo')","geometry_msgs.msg.Quaternion(x=0.43352264141269153, y=0.21074949750781696, z=-0.3986723769826413, w=-0.78019427357151)",[0. 0. 0. 0. 0. 0. 0. 0. 0.],"geometry_msgs.msg.Vector3(x=90.4375, y=15.3125, z=32.5625)",[0. 0. 0. 0. 0. 0. 0. 0. 0.],"geometry_msgs.msg.Vector3(x=0.06201171875, y=0.94091796875, z=0.3720703125)",[0. 0. 0. 0. 0. 0. 0. 0. 0.],False,35.563527963,"[0.43352264141269153, 0.21074949750781696, -0.3986723769826413, -0.78019427357151]","[90.4375, 15.3125, 32.5625]","[0.06201171875, 0.94091796875, 0.3720703125]"
22641269268,"std_msgs.msg.Header(stamp=builtin_interfaces.msg.Time(sec=1731187375, nanosec=668666955), frame_id='RU_myo')","geometry_msgs.msg.Quaternion(x=0.4355481965636622, y=0.21417301313647572, z=-0.4061901973277988, w=-0.7742333062514091)",[0. 0. 0. 0. 0. 0. 0. 0. 0.],"geometry_msgs.msg.Vector3(x=30.375, y=8.375, z=25.6875)",[0. 0. 0. 0. 0. 0. 0. 0. 0.],"geometry_msgs.msg.Vector3(x=0.0126953125, y=0.99609375, z=0.31103515625)",[0. 0. 0. 0. 0. 0. 0. 0. 0.],False,35.586537449,"[0.4355481965636622, 0.21417301313647572, -0.4061901973277988, -0.7742333062514091]","[30.375, 8.375, 25.6875]","[0.0126953125, 0.99609375, 0.31103515625]"
22655930636,"std_msgs.msg.Header(stamp=builtin_interfaces.msg.Time(sec=1731187375, nanosec=683305555), frame_id='RU_myo')","geometry_msgs.msg.Quaternion(x=0.43908766077342476, y=0.21234166970124335, z=-0.40496895040751646, w=-0.7733777800472706)",[0. 0. 0. 0. 0. 0. 0. 0. 0.],"geometry_msgs.msg.Vector3(x=-24.0625, y=3.9375, z=21.0625)",[0. 0. 0. 0. 0. 0. 0. 0. 0.],"geometry_msgs.msg.Vector3(x=0.0224609375, y=0.9794921875, z=0.49462890625)",[0. 0. 0. 0. 0. 0. 0. 0. 0.],False,35.601198817,"[0.43908766077342476, 0.21234166970124335, -0.40496895040751646, -0.7733777800472706]","[-24.0625, 3.9375, 21.0625]","[0.0224609375, 0.9794921875, 0.49462890625]"
22686381070,"std_msgs.msg.Header(stamp=builtin_interfaces.msg.Time(sec=1731187375, nanosec=713732781), frame_id='RU_myo')","geometry_msgs.msg.Quaternion(x=0.4424417915014462, y=0.20904443866636133, z=-0.4036236125257365, w=-0.7730676963936153)",[0. 0. 0. 0. 0. 0. 0. 0. 0.],"geometry_msgs.msg.Vector3(x=-15.1875, y=0.125, z=17.5)",[0. 0. 0. 0. 0. 0. 0. 0. 0.],"geometry_msgs.msg.Vector3(x=0.11083984375, y=0.81591796875, z=0.63427734375)",[0. 0. 0. 0. 0. 0. 0. 0. 0.],False,35.631649251,"[0.4424417915014462, 0.20904443866636133, -0.4036236125257365, -0.7730676963936153]","[-15.1875, 0.125, 17.5]","[0.11083984375, 0.81591796875, 0.63427734375]"
22699409687,"std_msgs.msg.Header(stamp=builtin_interfaces.msg.Time(sec=1731187375, nanosec=726942286), frame_id='RU_myo')","geometry_msgs.msg.Quaternion(x=0.44507048329952914, y=0.20568945813486192, z=-0.40326120174986135, w=-0.7726477301273642)",[0. 0. 0. 0. 0. 0. 0. 0. 0.],"geometry_msgs.msg.Vector3(x=-14.1875, y=-3.75, z=14.875)",[0. 0. 0. 0. 0. 0. 0. 0. 0.],"geometry_msgs.msg.Vector3(x=0.12744140625, y=0.7626953125, z=0.52587890625)",[0. 0. 0. 0. 0. 0. 0. 0. 0.],False,35.644677868,"[0.44507048329952914, 0.20568945813486192, -0.40326120174986135, -0.7726477301273642]","[-14.1875, -3.75, 14.875]","[0.12744140625, 0.7626953125, 0.52587890625]"
22715289504,"std_msgs.msg.Header(stamp=builtin_interfaces.msg.Time(sec=1731187375, nanosec=742671350), frame_id='RU_myo')","geometry_msgs.msg.Quaternion(x=0.4473283749140055, y=0.2020881770146367, z=-0.40246736310314535, w=-0.772708040170734)",[0. 0. 0. 0. 0. 0. 0. 0. 0.],"geometry_msgs.msg.Vector3(x=-17.0625, y=-6.0625, z=13.75)",[0. 0. 0. 0. 0. 0. 0. 0. 0.],"geometry_msgs.msg.Vector3(x=0.10595703125, y=0.78515625, z=0.55322265625)",[0. 0. 0. 0. 0. 0. 0. 0. 0.],False,35.660557685,"[0.4473283749140055, 0.2020881770146367, -0.40246736310314535, -0.772708040170734]","[-17.0625, -6.0625, 13.75]","[0.10595703125, 0.78515625, 0.55322265625]"
22738447763,"std_msgs.msg.Header(stamp=builtin_interfaces.msg.Time(sec=1731187375, nanosec=765825006), frame_id='RU_myo')","geometry_msgs.msg.Quaternion(x=0.4498725811083864, y=0.20000440215604157, z=-0.404708327951392, w=-0.7705998112975834)",[0. 0. 0. 0. 0. 0. 0. 0. 0.],"geometry_msgs.msg.Vector3(x=17.3125, y=-4.0625, z=19.3125)",[0. 0. 0. 0. 0. 0. 0. 0. 0.],"geometry_msgs.msg.Vector3(x=0.12841796875, y=0.63720703125, z=0.6611328125)",[0. 0. 0. 0. 0. 0. 0. 0. 0.],False,35.683715944,"[0.4498725811083864, 0.20000440215604157, -0.404708327951392, -0.7705998112975834]","[17.3125, -4.0625, 19.3125]","[0.12841796875, 0.63720703125, 0.6611328125]"
22759304240,"std_msgs.msg.Header(stamp=builtin_interfaces.msg.Time(sec=1731187375, nanosec=786859648), frame_id='RU_myo')","geometry_msgs.msg.Quaternion(x=0.4513434715320401, y=0.20012917419250298, z=-0.4133195387714639, w=-0.7651172088067146)",[0. 0. 0. 0. 0. 0. 0. 0. 0.],"geometry_msgs.msg.Vector3(x=52.9375, y=-5.75, z=21.5625)",[0. 0. 0. 0. 0. 0. 0. 0. 0.],"geometry_msgs.msg.Vector3(x=0.21826171875, y=0.83203125, z=0.654296875)",[0. 0. 0. 0. 0. 0. 0. 0. 0.],False,35.704572421,"[0.4513434715320401, 0.20012917419250298, -0.4133195387714639, -0.7651172088067146]","[52.9375, -5.75, 21.5625]","[0.21826171875, 0.83203125, 0.654296875]"
22774997626,"std_msgs.msg.Header(stamp=builtin_interfaces.msg.Time(sec=1731187375, nanosec=802417675), frame_id='RU_myo')","geometry_msgs.msg.Quaternion(x=0.4510355170079612, y=0.20293546604214763, z=-0.42375366638515216, w=-0.7588260599404575)",[0. 0. 0. 0. 0. 0. 0. 0. 0.],"geometry_msgs.msg.Vector3(x=62.5625, y=-3.0625, z=13.125)",[0. 0. 0. 0. 0. 0. 0. 0. 0.],"geometry_msgs.msg.Vector3(x=0.21533203125, y=1.05029296875, z=0.61474609375)",[0. 0. 0. 0. 0. 0. 0. 0. 0.],False,35.720265807,"[0.4510355170079612, 0.20293546604214763, -0.42375366638515216, -0.7588260599404575]","[62.5625, -3.0625, 13.125]","[0.21533203125, 1.05029296875, 0.61474609375]"
22798493477,"std_msgs.msg.Header(stamp=builtin_interfaces.msg.Time(sec=1731187375, nanosec=825837080), frame_id='RU_myo')","geometry_msgs.msg.Quaternion(x=0.4508065129924822, y=0.2052616170042943, z=-0.42944416807678104, w=-0.7551283751344422)",[0. 0. 0. 0. 0. 0. 0. 0. 0.],"geometry_msgs.msg.Vector3(x=33.8125, y=2.5625, z=5.4375)",[0. 0. 0. 0. 0. 0. 0. 0. 0.],"geometry_msgs.msg.Vector3(x=0.1611328125, y=0.98193359375, z=0.53857421875)",[0. 0. 0. 0. 0. 0. 0. 0. 0.],False,35.743761658,"[0.4508065129924822, 0.2052616170042943, -0.42944416807678104, -0.7551283751344422]","[33.8125, 2.5625, 5.4375]","[0.1611328125, 0.98193359375, 0.53857421875]"
22821612659,"std_msgs.msg.Header(stamp=builtin_interfaces.msg.Time(sec=1731187375, nanosec=849007400), frame_id='RU_myo')","geometry_msgs.msg.Quaternion(x=0.4508669192477347, y=0.20672617510384153, z=-0.4327394689950506, w=-0.7528079845676946)",[0. 0. 0. 0. 0. 0. 0. 0. 0.],"geometry_msgs.msg.Vector3(x=22.375, y=2.3125, z=3.9375)",[0. 0. 0. 0. 0. 0. 0. 0. 0.],"geometry_msgs.msg.Vector3(x=0.11865234375, y=0.83251953125, z=0.51708984375)",[0. 0. 0. 0. 0. 0. 0. 0. 0.],False,35.76688084,"[0.4508669192477347, 0.20672617510384153, -0.4327394689950506, -0.7528079845676946]","[22.375, 2.3125, 3.9375]","[0.11865234375, 0.83251953125, 0.51708984375]"
22835538066,"std_msgs.msg.Header(stamp=builtin_interfaces.msg.Time(sec=1731187375, nanosec=862843214), frame_id='RU_myo')","geometry_msgs.msg.Quaternion(x=0.45018823778570116, y=0.20806557790285457, z=-0.43578416727086583, w=-0.7510868294727275)",[0. 0. 0. 0. 0. 0. 0. 0. 0.],"geometry_msgs.msg.Vector3(x=17.8125, y=0.625, z=-1.125)",[0. 0. 0. 0. 0. 0. 0. 0. 0.],"geometry_msgs.msg.Vector3(x=0.140625, y=0.9248046875, z=0.515625)",[0. 0. 0. 0. 0. 0. 0. 0. 0.],False,35.780806247,"[0.45018823778570116, 0.20806557790285457, -0.43578416727086583, -0.7510868294727275]","[17.8125, 0.625, -1.125]","[0.140625, 0.9248046875, 0.515625]"
22858612080,"std_msgs.msg.Header(stamp=builtin_interfaces.msg.Time(sec=1731187375, nanosec=885955976), frame_id='RU_myo')","geometry_msgs.msg.Quaternion(x=0.44922556954656107, y=0.20898754757166102, z=-0.43598073957487576, w=-0.7512931434169321)",[0. 0. 0. 0. 0. 0. 0. 0. 0.],"geometry_msgs.msg.Vector3(x=-4.125, y=1.3125, z=-6.625)",[0. 0. 0. 0. 0. 0. 0. 0. 0.],"geometry_msgs.msg.Vector3(x=0.0810546875, y=0.9423828125, z=0.4658203125)",[0. 0. 0. 0. 0. 0. 0. 0. 0.],False,35.803880261,"[0.44922556954656107, 0.20898754757166102, -0.43598073957487576, -0.7512931434169321]","[-4.125, 1.3125, -6.625]","[0.0810546875, 0.9423828125, 0.4658203125]"
22879617698,"std_msgs.msg.Header(stamp=builtin_interfaces.msg.Time(sec=1731187375, nanosec=906975689), frame_id='RU_myo')","geometry_msgs.msg.Quaternion(x=0.4487757322346261, y=0.20806153558926158, z=-0.4331512813367525, w=-0.7534525247431605)",[0. 0. 0. 0. 0. 0. 0. 0. 0.],"geometry_msgs.msg.Vector3(x=-25.4375, y=0.0625, z=-8.6875)",[0. 0. 0. 0. 0. 0. 0. 0. 0.],"geometry_msgs.msg.Vector3(x=0.07861328125, y=0.87841796875, z=0.46337890625)",[0. 0. 0. 0. 0. 0. 0. 0. 0.],False,35.824885879,"[0.4487757322346261, 0.20806153558926158, -0.4331512813367525, -0.7534525247431605]","[-25.4375, 0.0625, -8.6875]","[0.07861328125, 0.87841796875, 0.46337890625]"
22895484355,"std_msgs.msg.Header(stamp=builtin_interfaces.msg.Time(sec=1731187375, nanosec=922774916), frame_id='RU_myo')","geometry_msgs.msg.Quaternion(x=0.4477443113120136, y=0.2072709489116137, z=-0.43138723996092043, w=-0.7552938730215606)",[0. 0. 0. 0. 0. 0. 0. 0. 0.],"geometry_msgs.msg.Vector3(x=-7.625, y=-3.125, z=-10.8125)",[0. 0. 0. 0. 0. 0. 0. 0. 0.],"geometry_msgs.msg.Vector3(x=0.0908203125, y=0.72900390625, z=0.55859375)",[0. 0. 0. 0. 0. 0. 0. 0. 0.],False,35.840752536,"[0.4477443113120136, 0.2072709489116137, -0.43138723996092043, -0.7552938730215606]","[-7.625, -3.125, -10.8125]","[0.0908203125, 0.72900390625, 0.55859375]"
22918323711,"std_msgs.msg.Header(stamp=builtin_interfaces.msg.Time(sec=1731187375, nanosec=945828602), frame_id='RU_myo')","geometry_msgs.msg.Quaternion(x=0.4457247200687736, y=0.20940456176310587, z=-0.4347997953950354, w=-0.7539418686854116)",[0. 0. 0. 0. 0. 0. 0. 0. 0.],"geometry_msgs.msg.Vector3(x=34.0, y=-2.5625, z=-7.9375)",[0. 0. 0. 0. 0. 0. 0. 0. 0.],"geometry_msgs.msg.Vector3(x=0.09033203125, y=0.744140625, z=0.61181640625)",[0. 0. 0. 0. 0. 0. 0. 0. 0.],False,35.863591892,"[0.4457247200687736, 0.20940456176310587, -0.4347997953950354, -0.7539418686854116]","[34.0, -2.5625, -7.9375]","[0.09033203125, 0.744140625, 0.61181640625]"
22964673496,"std_msgs.msg.Header(stamp=builtin_interfaces.msg.Time(sec=1731187375, nanosec=992126491), frame_id='RU_myo')","geometry_msgs.msg.Quaternion(x=0.44165126344646055, y=0.2149052098666373, z=-0.4420785103845652, w=-0.7505507996961202)",[0. 0. 0. 0. 0. 0. 0. 0. 0.],"geometry_msgs.msg.Vector3(x=60.875, y=-1.75, z=-13.25)",[0. 0. 0. 0. 0. 0. 0. 0. 0.],"geometry_msgs.msg.Vector3(x=0.056640625, y=0.91162109375, z=0.58251953125)",[0. 0. 0. 0. 0. 0. 0. 0. 0.],False,35.909941677,"[0.44165126344646055, 0.2149052098666373, -0.4420785103845652, -0.7505507996961202]","[60.875, -1.75, -13.25]","[0.056640625, 0.91162109375, 0.58251953125]"
22969520084,"std_msgs.msg.Header(stamp=builtin_interfaces.msg.Time(sec=1731187375, nanosec=996946066), frame_id='RU_myo')","geometry_msgs.msg.Quaternion(x=0.43683121781963263, y=0.2222303289201177, z=-0.448366931130784, w=-0.7475020154585778)",[0. 0. 0. 0. 0. 0. 0. 0. 0.],"geometry_msgs.msg.Vector3(x=65.0, y=3.375, z=-18.5625)",[0. 0. 0. 0. 0. 0. 0. 0. 0.],"geometry_msgs.msg.Vector3(x=-0.029296875, y=0.83056640625, z=0.57763671875)",[0. 0. 0. 0. 0. 0. 0. 0. 0.],False,35.914788265,"[0.43683121781963263, 0.2222303289201177, -0.448366931130784, -0.7475020154585778]","[65.0, 3.375, -18.5625]","[-0.029296875, 0.83056640625, 0.57763671875]"
22978293746,"std_msgs.msg.Header(stamp=builtin_interfaces.msg.Time(sec=1731187376, nanosec=5733719), frame_id='RU_myo')","geometry_msgs.msg.Quaternion(x=0.43144832282888984, y=0.22954832963070515, z=-0.45635013577473604, w=-0.7435754586255998)",[0. 0. 0. 0. 0. 0. 0. 0. 0.],"geometry_msgs.msg.Vector3(x=68.875, y=-0.5, z=-16.25)",[0. 0. 0. 0. 0. 0. 0. 0. 0.],"geometry_msgs.msg.Vector3(x=-0.04443359375, y=0.8359375, z=0.4482421875)",[0. 0. 0. 0. 0. 0. 0. 0. 0.],False,35.923561927,"[0.43144832282888984, 0.22954832963070515, -0.45635013577473604, -0.7435754586255998]","[68.875, -0.5, -16.25]","[-0.04443359375, 0.8359375, 0.4482421875]"
23016894598,"std_msgs.msg.Header(stamp=builtin_interfaces.msg.Time(sec=1731187376, nanosec=44166447), frame_id='RU_myo')","geometry_msgs.msg.Quaternion(x=0.42614310166622726, y=0.23534915497349934, z=-0.4633741661200226, w=-0.7404709409072858)",[0. 0. 0. 0. 0. 0. 0. 0. 0.],"geometry_msgs.msg.Vector3(x=46.5, y=-3.0625, z=-18.8125)",[0. 0. 0. 0. 0. 0. 0. 0. 0.],"geometry_msgs.msg.Vector3(x=0.01953125, y=1.0361328125, z=0.33154296875)",[0. 0. 0. 0. 0. 0. 0. 0. 0.],False,35.962162779,"[0.42614310166622726, 0.23534915497349934, -0.4633741661200226, -0.7404709409072858]","[46.5, -3.0625, -18.8125]","[0.01953125, 1.0361328125, 0.33154296875]"
23021785766,"std_msgs.msg.Header(stamp=builtin_interfaces.msg.Time(sec=1731187376, nanosec=49236587), frame_id='RU_myo')","geometry_msgs.msg.Quaternion(x=0.4208341548048405, y=0.23864561933095377, z=-0.46429085070346937, w=-0.7418765992244867)",[0. 0. 0. 0. 0. 0. 0. 0. 0.],"geometry_msgs.msg.Vector3(x=-1.625, y=-2.6875, z=-34.5625)",[0. 0. 0. 0. 0. 0. 0. 0. 0.],"geometry_msgs.msg.Vector3(x=0.072265625, y=1.25244140625, z=0.373046875)",[0. 0. 0. 0. 0. 0. 0. 0. 0.],False,35.967053947,"[0.4208341548048405, 0.23864561933095377, -0.46429085070346937, -0.7418765992244867]","[-1.625, -2.6875, -34.5625]","[0.072265625, 1.25244140625, 0.373046875]"
23038397937,"std_msgs.msg.Header(stamp=builtin_interfaces.msg.Time(sec=1731187376, nanosec=65726528), frame_id='RU_myo')","geometry_msgs.msg.Quaternion(x=0.4170508285109622, y=0.23754746444675323, z=-0.45483137334460566, w=-0.7501787989504224)",[0. 0. 0. 0. 0. 0. 0. 0. 0.],"geometry_msgs.msg.Vector3(x=-68.625, y=-0.5, z=-50.9375)",[0. 0. 0. 0. 0. 0. 0. 0. 0.],"geometry_msgs.msg.Vector3(x=0.1044921875, y=1.14404296875, z=0.46728515625)",[0. 0. 0. 0. 0. 0. 0. 0. 0.],False,35.983666118,"[0.4170508285109622, 0.23754746444675323, -0.45483137334460566, -0.7501787989504224]","[-68.625, -0.5, -50.9375]","[0.1044921875, 1.14404296875, 0.46728515625]"
23060645079,"std_msgs.msg.Header(stamp=builtin_interfaces.msg.Time(sec=1731187376, nanosec=88119177), frame_id='RU_myo')","geometry_msgs.msg.Quaternion(x=0.41405051527193315, y=0.23497855008799273, z=-0.439928672476429, w=-0.761452569064363)",[0. 0. 0. 0. 0. 0. 0. 0. 0.],"geometry_msgs.msg.Vector3(x=-93.4375, y=4.6875, z=-59.625)",[0. 0. 0. 0. 0. 0. 0. 0. 0.],"geometry_msgs.msg.Vector3(x=0.10498046875, y=0.88720703125, z=0.5478515625)",[0. 0. 0. 0. 0. 0. 0. 0. 0.],False,36.00591326,"[0.41405051527193315, 0.23497855008799273, -0.439928672476429, -0.761452569064363]","[-93.4375, 4.6875, -59.625]","[0.10498046875, 0.88720703125, 0.5478515625]"
23098884878,"std_msgs.msg.Header(stamp=builtin_interfaces.msg.Time(sec=1731187376, nanosec=126348290), frame_id='RU_myo')","geometry_msgs.msg.Quaternion(x=0.41026863591175816, y=0.23436946770323583, z=-0.42491672764321037, w=-0.7721375353941762)",[0. 0. 0. 0. 0. 0. 0. 0. 0.],"geometry_msgs.msg.Vector3(x=-79.5625, y=12.8125, z=-66.875)",[0. 0. 0. 0. 0. 0. 0. 0. 0.],"geometry_msgs.msg.Vector3(x=0.08935546875, y=0.83447265625, z=0.67431640625)",[0. 0. 0. 0. 0. 0. 0. 0. 0.],False,36.044153059,"[0.41026863591175816, 0.23436946770323583, -0.42491672764321037, -0.7721375353941762]","[-79.5625, 12.8125, -66.875]","[0.08935546875, 0.83447265625, 0.67431640625]"
23101246473,"std_msgs.msg.Header(stamp=builtin_interfaces.msg.Time(sec=1731187376, nanosec=128687418), frame_id='RU_myo')","geometry_msgs.msg.Quaternion(x=0.4067232950553353, y=0.23723491114647183, z=-0.41368104650135995, w=-0.7792071290473388)",[0. 0. 0. 0. 0. 0. 0. 0. 0.],"geometry_msgs.msg.Vector3(x=-36.125, y=24.875, z=-59.75)",[0. 0. 0. 0. 0. 0. 0. 0. 0.],"geometry_msgs.msg.Vector3(x=0.0595703125, y=0.68017578125, z=0.77294921875)",[0. 0. 0. 0. 0. 0. 0. 0. 0.],False,36.046514654,"[0.4067232950553353, 0.23723491114647183, -0.41368104650135995, -0.7792071290473388]","[-36.125, 24.875, -59.75]","[0.0595703125, 0.68017578125, 0.77294921875]"
23120674358,"std_msgs.msg.Header(stamp=builtin_interfaces.msg.Time(sec=1731187376, nanosec=148296203), frame_id='RU_myo')","geometry_msgs.msg.Quaternion(x=0.4029415054962253, y=0.24407196008473267, z=-0.40922793007455177, w=-0.7814086784108107)",[0. 0. 0. 0. 0. 0. 0. 0. 0.],"geometry_msgs.msg.Vector3(x=6.375, y=31.3125, z=-47.3125)",[0. 0. 0. 0. 0. 0. 0. 0. 0.],"geometry_msgs.msg.Vector3(x=0.0068359375, y=0.70849609375, z=0.64208984375)",[0. 0. 0. 0. 0. 0. 0. 0. 0.],False,36.065942539,"[0.4029415054962253, 0.24407196008473267, -0.40922793007455177, -0.7814086784108107]","[6.375, 31.3125, -47.3125]","[0.0068359375, 0.70849609375, 0.64208984375]"
23141993529,"std_msgs.msg.Header(stamp=builtin_interfaces.msg.Time(sec=1731187376, nanosec=169438487), frame_id='RU_myo')","geometry_msgs.msg.Quaternion(x=0.3984336275298796, y=0.2526830909886185, z=-0.40838226130551847, w=-0.7814255106104547)",[0. 0. 0. 0. 0. 0. 0. 0. 0.],"geometry_msgs.msg.Vector3(x=27.0, y=33.0, z=-45.4375)",[0. 0. 0. 0. 0. 0. 0. 0. 0.],"geometry_msgs.msg.Vector3(x=0.0, y=0.7880859375, z=0.58544921875)",[0. 0. 0. 0. 0. 0. 0. 0. 0.],False,36.08726171,"[0.3984336275298796, 0.2526830909886185, -0.40838226130551847, -0.7814255106104547]","[27.0, 33.0, -45.4375]","[0.0, 0.7880859375, 0.58544921875]"
23158509480,"std_msgs.msg.Header(stamp=builtin_interfaces.msg.Time(sec=1731187376, nanosec=185903841), frame_id='RU_myo')","geometry_msgs.msg.Quaternion(x=0.3942712102092877, y=0.26176922919313234, z=-0.4072101415660011, w=-0.781157464314036)",[0. 0. 0. 0. 0. 0. 0. 0. 0.],"geometry_msgs.msg.Vector3(x=32.0625, y=36.5, z=-43.9375)",[0. 0. 0. 0. 0. 0. 0. 0. 0.],"geometry_msgs.msg.Vector3(x=-0.0283203125, y=0.7333984375, z=0.6298828125)",[0. 0. 0. 0. 0. 0. 0. 0. 0.],False,36.103777661,"[0.3942712102092877, 0.26176922919313234, -0.4072101415660011, -0.781157464314036]","[32.0625, 36.5, -43.9375]","[-0.0283203125, 0.7333984375, 0.6298828125]"
23180863326,"std_msgs.msg.Header(stamp=builtin_interfaces.msg.Time(sec=1731187376, nanosec=208368939), frame_id='RU_myo')","geometry_msgs.msg.Quaternion(x=0.39189111611526906, y=0.2708632258712917, z=-0.4066000024232865, w=-0.7795709743249232)",[0. 0. 0. 0. 0. 0. 0. 0. 0.],"geometry_msgs.msg.Vector3(x=38.125, y=41.875, z=-31.375)",[0. 0. 0. 0. 0. 0. 0. 0. 0.],"geometry_msgs.msg.Vector3(x=-0.04345703125, y=0.6494140625, z=0.61962890625)",[0. 0. 0. 0. 0. 0. 0. 0. 0.],False,36.126131507,"[0.39189111611526906, 0.2708632258712917, -0.4066000024232865, -0.7795709743249232]","[38.125, 41.875, -31.375]","[-0.04345703125, 0.6494140625, 0.61962890625]"
23201879018,"std_msgs.msg.Header(stamp=builtin_interfaces.msg.Time(sec=1731187376, nanosec=229376273), frame_id='RU_myo')","geometry_msgs.msg.Quaternion(x=0.3908618173707482, y=0.2805733564105761, z=-0.4072799667887262, w=-0.7762916076106412)",[0. 0. 0. 0. 0. 0. 0. 0. 0.],"geometry_msgs.msg.Vector3(x=39.875, y=46.1875, z=-20.375)",[0. 0. 0. 0. 0. 0. 0. 0. 0.],"geometry_msgs.msg.Vector3(x=-0.0751953125, y=0.70703125, z=0.5234375)",[0. 0. 0. 0. 0. 0. 0. 0. 0.],False,36.147147199,"[0.3908618173707482, 0.2805733564105761, -0.4072799667887262, -0.7762916076106412]","[39.875, 46.1875, -20.375]","[-0.0751953125, 0.70703125, 0.5234375]"
23242327432,"std_msgs.msg.Header(stamp=builtin_interfaces.msg.Time(sec=1731187376, nanosec=269718320), frame_id='RU_myo')","geometry_msgs.msg.Quaternion(x=0.39075187694517327, y=0.29028677393802627, z=-0.4055225664516919, w=-0.7736911577877251)",[0. 0. 0. 0. 0. 0. 0. 0. 0.],"geometry_msgs.msg.Vector3(x=20.1875, y=50.25, z=-18.8125)",[0. 0. 0. 0. 0. 0. 0. 0. 0.],"geometry_msgs.msg.Vector3(x=-0.1474609375, y=0.80322265625, z=0.47216796875)",[0. 0. 0. 0. 0. 0. 0. 0. 0.],False,36.187595613,"[0.39075187694517327, 0.29028677393802627, -0.4055225664516919, -0.7736911577877251]","[20.1875, 50.25, -18.8125]","[-0.1474609375, 0.80322265625, 0.47216796875]"
23246959797,"std_msgs.msg.Header(stamp=builtin_interfaces.msg.Time(sec=1731187376, nanosec=274436547), frame_id='RU_myo')","geometry_msgs.msg.Quaternion(x=0.39153060412142704, y=0.2986374506572319, z=-0.399770141386648, w=-0.7731127299152168)",[0. 0. 0. 0. 0. 0. 0. 0. 0.],"geometry_msgs.msg.Vector3(x=-1.5, y=51.5, z=-20.9375)",[0. 0. 0. 0. 0. 0. 0. 0. 0.],"geometry_msgs.msg.Vector3(x=-0.1826171875, y=0.71337890625, z=0.505859375)",[0. 0. 0. 0. 0. 0. 0. 0. 0.],False,36.192227978,"[0.39153060412142704, 0.2986374506572319, -0.399770141386648, -0.7731127299152168]","[-1.5, 51.5, -20.9375]","[-0.1826171875, 0.71337890625, 0.505859375]"
23261907369,"std_msgs.msg.Header(stamp=builtin_interfaces.msg.Time(sec=1731187376, nanosec=289340167), frame_id='RU_myo')","geometry_msgs.msg.Quaternion(x=0.39306686017959197, y=0.30578648594716706, z=-0.39550826924903043, w=-0.771729406849497)",[0. 0. 0. 0. 0. 0. 0. 0. 0.],"geometry_msgs.msg.Vector3(x=8.0625, y=46.5625, z=-9.9375)",[0. 0. 0. 0. 0. 0. 0. 0. 0.],"geometry_msgs.msg.Vector3(x=-0.1748046875, y=0.5947265625, z=0.5224609375)",[0. 0. 0. 0. 0. 0. 0. 0. 0.],False,36.20717555,"[0.39306686017959197, 0.30578648594716706, -0.39550826924903043, -0.771729406849497]","[8.0625, 46.5625, -9.9375]","[-0.1748046875, 0.5947265625, 0.5224609375]"
23293476460,"std_msgs.msg.Header(stamp=builtin_interfaces.msg.Time(sec=1731187376, nanosec=320855089), frame_id='RU_myo')","geometry_msgs.msg.Quaternion(x=0.39518328180549184, y=0.3130339849236089, z=-0.3946950244688982, w=-0.7681508547959722)",[0. 0. 0. 0. 0. 0. 0. 0. 0.],"geometry_msgs.msg.Vector3(x=22.1875, y=44.375, z=2.1875)",[0. 0. 0. 0. 0. 0. 0. 0. 0.],"geometry_msgs.msg.Vector3(x=-0.171875, y=0.62646484375, z=0.447265625)",[0. 0. 0. 0. 0. 0. 0. 0. 0.],False,36.238744641,"[0.39518328180549184, 0.3130339849236089, -0.3946950244688982, -0.7681508547959722]","[22.1875, 44.375, 2.1875]","[-0.171875, 0.62646484375, 0.447265625]"
23308311231,"std_msgs.msg.Header(stamp=builtin_interfaces.msg.Time(sec=1731187376, nanosec=335735476), frame_id='RU_myo')","geometry_msgs.msg.Quaternion(x=0.397085649191458, y=0.3205493128732766, z=-0.3948884337947638, w=-0.7639595866783707)",[0. 0. 0. 0. 0. 0. 0. 0. 0.],"geometry_msgs.msg.Vector3(x=25.125, y=42.5625, z=5.125)",[0. 0. 0. 0. 0. 0. 0. 0. 0.],"geometry_msgs.msg.Vector3(x=-0.21240234375, y=0.71826171875, z=0.423828125)",[0. 0. 0. 0. 0. 0. 0. 0. 0.],False,36.253579412,"[0.397085649191458, 0.3205493128732766, -0.3948884337947638, -0.7639595866783707]","[25.125, 42.5625, 5.125]","[-0.21240234375, 0.71826171875, 0.423828125]"
23321990779,"std_msgs.msg.Header(stamp=builtin_interfaces.msg.Time(sec=1731187376, nanosec=349416215), frame_id='RU_myo')","geometry_msgs.msg.Quaternion(x=0.39843278967222584, y=0.32732767325553724, z=-0.3966627910661452, w=-0.7594514708779881)",[0. 0. 0. 0. 0. 0. 0. 0. 0.],"geometry_msgs.msg.Vector3(x=33.3125, y=33.875, z=10.625)",[0. 0. 0. 0. 0. 0. 0. 0. 0.],"geometry_msgs.msg.Vector3(x=-0.2509765625, y=0.67919921875, z=0.4111328125)",[0. 0. 0. 0. 0. 0. 0. 0. 0.],False,36.26725896,"[0.39843278967222584, 0.32732767325553724, -0.3966627910661452, -0.7594514708779881]","[33.3125, 33.875, 10.625]","[-0.2509765625, 0.67919921875, 0.4111328125]"
23338410220,"std_msgs.msg.Header(stamp=builtin_interfaces.msg.Time(sec=1731187376, nanosec=365845201), frame_id='RU_myo')","geometry_msgs.msg.Quaternion(x=0.3998958977475623, y=0.3325752055595951, z=-0.4019710596101107, w=-0.7535889269672087)",[0. 0. 0. 0. 0. 0. 0. 0. 0.],"geometry_msgs.msg.Vector3(x=43.1875, y=21.3125, z=23.4375)",[0. 0. 0. 0. 0. 0. 0. 0. 0.],"geometry_msgs.msg.Vector3(x=-0.2431640625, y=0.72705078125, z=0.3369140625)",[0. 0. 0. 0. 0. 0. 0. 0. 0.],False,36.283678401,"[0.3998958977475623, 0.3325752055595951, -0.4019710596101107, -0.7535889269672087]","[43.1875, 21.3125, 23.4375]","[-0.2431640625, 0.72705078125, 0.3369140625]"
23376599278,"std_msgs.msg.Header(stamp=builtin_interfaces.msg.Time(sec=1731187376, nanosec=403959113), frame_id='RU_myo')","geometry_msgs.msg.Quaternion(x=0.40228219482365485, y=0.3359981008199393, z=-0.40661568531561043, w=-0.7482900483292381)",[0. 0. 0. 0. 0. 0. 0. 0. 0.],"geometry_msgs.msg.Vector3(x=30.5, y=17.6875, z=25.25)",[0. 0. 0. 0. 0. 0. 0. 0. 0.],"geometry_msgs.msg.Vector3(x=-0.19873046875, y=0.84130859375, z=0.34423828125)",[0. 0. 0. 0. 0. 0. 0. 0. 0.],False,36.321867459,"[0.40228219482365485, 0.3359981008199393, -0.40661568531561043, -0.7482900483292381]","[30.5, 17.6875, 25.25]","[-0.19873046875, 0.84130859375, 0.34423828125]"
23389454406,"std_msgs.msg.Header(stamp=builtin_interfaces.msg.Time(sec=1731187376, nanosec=416889379), frame_id='RU_myo')","geometry_msgs.msg.Quaternion(x=0.4050929608726038, y=0.3379538532999258, z=-0.4092433784316421, w=-0.744450631876322)",[0. 0. 0. 0. 0. 0. 0. 0. 0.],"geometry_msgs.msg.Vector3(x=14.5625, y=16.0625, z=19.5)",[0. 0. 0. 0. 0. 0. 0. 0. 0.],"geometry_msgs.msg.Vector3(x=-0.14599609375, y=0.900390625, z=0.36767578125)",[0. 0. 0. 0. 0. 0. 0. 0. 0.],False,36.334722587,"[0.4050929608726038, 0.3379538532999258, -0.4092433784316421, -0.744450631876322]","[14.5625, 16.0625, 19.5]","[-0.14599609375, 0.900390625, 0.36767578125]"
23398554010,"std_msgs.msg.Header(stamp=builtin_interfaces.msg.Time(sec=1731187376, nanosec=425974534), frame_id='RU_myo')","geometry_msgs.msg.Quaternion(x=0.40839308055217033, y=0.33838458206265615, z=-0.4104683106730452, w=-0.7417726958527164)",[0. 0. 0. 0. 0. 0. 0. 0. 0.],"geometry_msgs.msg.Vector3(x=2.5625, y=11.1875, z=22.0625)",[0. 0. 0. 0. 0. 0. 0. 0. 0.],"geometry_msgs.msg.Vector3(x=-0.1689453125, y=0.853515625, z=0.36181640625)",[0. 0. 0. 0. 0. 0. 0. 0. 0.],False,36.343822191,"[0.40839308055217033, 0.33838458206265615, -0.4104683106730452, -0.7417726958527164]","[2.5625, 11.1875, 22.0625]","[-0.1689453125, 0.853515625, 0.36181640625]"
23420733873,"std_msgs.msg.Header(stamp=builtin_interfaces.msg.Time(sec=1731187376, nanosec=448279182), frame_id='RU_myo')","geometry_msgs.msg.Quaternion(x=0.4125307375093327, y=0.33666512029907963, z=-0.41076074322204603, w=-0.7401017492289049)",[0. 0. 0. 0. 0. 0. 0. 0. 0.],"geometry_msgs.msg.Vector3(x=-11.125, y=3.125, z=28.5625)",[0. 0. 0. 0. 0. 0. 0. 0. 0.],"geometry_msgs.msg.Vector3(x=-0.189453125, y=0.84912109375, z=0.34814453125)",[0. 0. 0. 0. 0. 0. 0. 0. 0.],False,36.366002054,"[0.4125307375093327, 0.33666512029907963, -0.41076074322204603, -0.7401017492289049]","[-11.125, 3.125, 28.5625]","[-0.189453125, 0.84912109375, 0.34814453125]"
23441783898,"std_msgs.msg.Header(stamp=builtin_interfaces.msg.Time(sec=1731187376, nanosec=469332797), frame_id='RU_myo')","geometry_msgs.msg.Quaternion(x=0.416971767780767, y=0.33396802009607096, z=-0.4105023580347539, w=-0.7389774830634552)",[0. 0. 0. 0. 0. 0. 0. 0. 0.],"geometry_msgs.msg.Vector3(x=-17.1875, y=1.5, z=26.375)",[0. 0. 0. 0. 0. 0. 0. 0. 0.],"geometry_msgs.msg.Vector3(x=-0.138671875, y=0.86962890625, z=0.37353515625)",[0. 0. 0. 0. 0. 0. 0. 0. 0.],False,36.387052079,"[0.416971767780767, 0.33396802009607096, -0.4105023580347539, -0.7389774830634552]","[-17.1875, 1.5, 26.375]","[-0.138671875, 0.86962890625, 0.37353515625]"
23458464190,"std_msgs.msg.Header(stamp=builtin_interfaces.msg.Time(sec=1731187376, nanosec=485913724), frame_id='RU_myo')","geometry_msgs.msg.Quaternion(x=0.4209522050389889, y=0.33153724485599356, z=-0.4099050324839567, w=-0.7381464358041948)",[0. 0. 0. 0. 0. 0. 0. 0. 0.],"geometry_msgs.msg.Vector3(x=-15.9375, y=2.8125, z=21.0625)",[0. 0. 0. 0. 0. 0. 0. 0. 0.],"geometry_msgs.msg.Vector3(x=-0.11279296875, y=0.91650390625, z=0.431640625)",[0. 0. 0. 0. 0. 0. 0. 0. 0.],False,36.403732371,"[0.4209522050389889, 0.33153724485599356, -0.4099050324839567, -0.7381464358041948]","[-15.9375, 2.8125, 21.0625]","[-0.11279296875, 0.91650390625, 0.431640625]"
23481424775,"std_msgs.msg.Header(stamp=builtin_interfaces.msg.Time(sec=1731187376, nanosec=508779608), frame_id='RU_myo')","geometry_msgs.msg.Quaternion(x=0.4244920754563046, y=0.32946200191418146, z=-0.4099049286505452, w=-0.7370476352566979)",[0. 0. 0. 0. 0. 0. 0. 0. 0.],"geometry_msgs.msg.Vector3(x=-6.375, y=2.5625, z=21.1875)",[0. 0. 0. 0. 0. 0. 0. 0. 0.],"geometry_msgs.msg.Vector3(x=-0.107421875, y=0.8251953125, z=0.46435546875)",[0. 0. 0. 0. 0. 0. 0. 0. 0.],False,36.426692956,"[0.4244920754563046, 0.32946200191418146, -0.4099049286505452, -0.7370476352566979]","[-6.375, 2.5625, 21.1875]","[-0.107421875, 0.8251953125, 0.46435546875]"
23519949958,"std_msgs.msg.Header(stamp=builtin_interfaces.msg.Time(sec=1731187376, nanosec=547255764), frame_id='RU_myo')","geometry_msgs.msg.Quaternion(x=0.42761931875088083, y=0.32770312908556654, z=-0.4121771709284468, w=-0.7347532627923355)",[0. 0. 0. 0. 0. 0. 0. 0. 0.],"geometry_msgs.msg.Vector3(x=6.75, y=0.125, z=25.25)",[0. 0. 0. 0. 0. 0. 0. 0. 0.],"geometry_msgs.msg.Vector3(x=-0.0908203125, y=0.84716796875, z=0.453125)",[0. 0. 0. 0. 0. 0. 0. 0. 0.],False,36.465218139,"[0.42761931875088083, 0.32770312908556654, -0.4121771709284468, -0.7347532627923355]","[6.75, 0.125, 25.25]","[-0.0908203125, 0.84716796875, 0.453125]"
23524334229,"std_msgs.msg.Header(stamp=builtin_interfaces.msg.Time(sec=1731187376, nanosec=551978404), frame_id='RU_myo')","geometry_msgs.msg.Quaternion(x=0.4297585861979229, y=0.32636261332201305, z=-0.4152318792649438, w=-0.7323779684404029)",[0. 0. 0. 0. 0. 0. 0. 0. 0.],"geometry_msgs.msg.Vector3(x=11.0625, y=-3.125, z=22.4375)",[0. 0. 0. 0. 0. 0. 0. 0. 0.],"geometry_msgs.msg.Vector3(x=-0.10986328125, y=0.94873046875, z=0.470703125)",[0. 0. 0. 0. 0. 0. 0. 0. 0.],False,36.46960241,"[0.4297585861979229, 0.32636261332201305, -0.4152318792649438, -0.7323779684404029]","[11.0625, -3.125, 22.4375]","[-0.10986328125, 0.94873046875, 0.470703125]"
23541071889,"std_msgs.msg.Header(stamp=builtin_interfaces.msg.Time(sec=1731187376, nanosec=568434268), frame_id='RU_myo')","geometry_msgs.msg.Quaternion(x=0.4310767988530332, y=0.3240247380873217, z=-0.4163067881886648, w=-0.7320310244150191)",[0. 0. 0. 0. 0. 0. 0. 0. 0.],"geometry_msgs.msg.Vector3(x=-7.125, y=-10.25, z=15.875)",[0. 0. 0. 0. 0. 0. 0. 0. 0.],"geometry_msgs.msg.Vector3(x=-0.15771484375, y=0.97314453125, z=0.42138671875)",[0. 0. 0. 0. 0. 0. 0. 0. 0.],False,36.48634007,"[0.4310767988530332, 0.3240247380873217, -0.4163067881886648, -0.7320310244150191]","[-7.125, -10.25, 15.875]","[-0.15771484375, 0.97314453125, 0.42138671875]"
23562316466,"std_msgs.msg.Header(stamp=builtin_interfaces.msg.Time(sec=1731187376, nanosec=589600156), frame_id='RU_myo')","geometry_msgs.msg.Quaternion(x=0.4332847980209895, y=0.3199435006657314, z=-0.4150964799747499, w=-0.7332089419109941)",[0. 0. 0. 0. 0. 0. 0. 0. 0.],"geometry_msgs.msg.Vector3(x=-27.8125, y=-12.9375, z=16.0)",[0. 0. 0. 0. 0. 0. 0. 0. 0.],"geometry_msgs.msg.Vector3(x=-0.14697265625, y=0.89208984375, z=0.365234375)",[0. 0. 0. 0. 0. 0. 0. 0. 0.],False,36.507584647,"[0.4332847980209895, 0.3199435006657314, -0.4150964799747499, -0.7332089419109941]","[-27.8125, -12.9375, 16.0]","[-0.14697265625, 0.89208984375, 0.365234375]"
23577601281,"std_msgs.msg.Header(stamp=builtin_interfaces.msg.Time(sec=1731187376, nanosec=605023057), frame_id='RU_myo')","geometry_msgs.msg.Quaternion(x=0.43590111745491644, y=0.31554309398514674, z=-0.41521076757852093, w=-0.7335003681844281)",[0. 0. 0. 0. 0. 0. 0. 0. 0.],"geometry_msgs.msg.Vector3(x=-20.1875, y=-13.375, z=20.5625)",[0. 0. 0. 0. 0. 0. 0. 0. 0.],"geometry_msgs.msg.Vector3(x=-0.09423828125, y=0.87060546875, z=0.37744140625)",[0. 0. 0. 0. 0. 0. 0. 0. 0.],False,36.522869462,"[0.43590111745491644, 0.31554309398514674, -0.41521076757852093, -0.7335003681844281]","[-20.1875, -13.375, 20.5625]","[-0.09423828125, 0.87060546875, 0.37744140625]"
23600874020,"std_msgs.msg.Header(stamp=builtin_interfaces.msg.Time(sec=1731187376, nanosec=628344689), frame_id='RU_myo')","geometry_msgs.msg.Quaternion(x=0.43780737595123864, y=0.3123794995285709, z=-0.4162008220565309, w=-0.7331579813085569)",[0. 0. 0. 0. 0. 0. 0. 0. 0.],"geometry_msgs.msg.Vector3(x=-11.6875, y=-10.5625, z=16.75)",[0. 0. 0. 0. 0. 0. 0. 0. 0.],"geometry_msgs.msg.Vector3(x=-0.07568359375, y=0.9365234375, z=0.3984375)",[0. 0. 0. 0. 0. 0. 0. 0. 0.],False,36.546142201,"[0.43780737595123864, 0.3123794995285709, -0.4162008220565309, -0.7331579813085569]","[-11.6875, -10.5625, 16.75]","[-0.07568359375, 0.9365234375, 0.3984375]"
23621890836,"std_msgs.msg.Header(stamp=builtin_interfaces.msg.Time(sec=1731187376, nanosec=649475368), frame_id='RU_myo')","geometry_msgs.msg.Quaternion(x=0.4388966685303998, y=0.3098704472436156, z=-0.41674126724037963, w=-0.7332644382873346)",[0. 0. 0. 0. 0. 0. 0. 0. 0.],"geometry_msgs.msg.Vector3(x=-10.9375, y=-10.75, z=12.25)",[0. 0. 0. 0. 0. 0. 0. 0. 0.],"geometry_msgs.msg.Vector3(x=-0.10498046875, y=0.85693359375, z=0.37109375)",[0. 0. 0. 0. 0. 0. 0. 0. 0.],False,36.567159017,"[0.4388966685303998, 0.3098704472436156, -0.41674126724037963, -0.7332644382873346]","[-10.9375, -10.75, 12.25]","[-0.10498046875, 0.85693359375, 0.37109375]"
23662090309,"std_msgs.msg.Header(stamp=builtin_interfaces.msg.Time(sec=1731187376, nanosec=689575337), frame_id='RU_myo')","geometry_msgs.msg.Quaternion(x=0.4398105499874159, y=0.3066344994638881, z=-0.4183876381021005, w=-0.7331396511863503)",[0. 0. 0. 0. 0. 0. 0. 0. 0.],"geometry_msgs.msg.Vector3(x=4.9375, y=-15.0625, z=15.5625)",[0. 0. 0. 0. 0. 0. 0. 0. 0.],"geometry_msgs.msg.Vector3(x=-0.078125, y=0.697265625, z=0.48779296875)",[0. 0. 0. 0. 0. 0. 0. 0. 0.],False,36.60735849,"[0.4398105499874159, 0.3066344994638881, -0.4183876381021005, -0.7331396511863503]","[4.9375, -15.0625, 15.5625]","[-0.078125, 0.697265625, 0.48779296875]"
23666745544,"std_msgs.msg.Header(stamp=builtin_interfaces.msg.Time(sec=1731187376, nanosec=694222407), frame_id='RU_myo')","geometry_msgs.msg.Quaternion(x=0.4393258789185138, y=0.3060266680880006, z=-0.4275462325401764, w=-0.728384973466733)",[0. 0. 0. 0. 0. 0. 0. 0. 0.],"geometry_msgs.msg.Vector3(x=66.4375, y=-9.0625, z=12.125)",[0. 0. 0. 0. 0. 0. 0. 0. 0.],"geometry_msgs.msg.Vector3(x=0.1630859375, y=1.01171875, z=0.77880859375)",[0. 0. 0. 0. 0. 0. 0. 0. 0.],False,36.612013725,"[0.4393258789185138, 0.3060266680880006, -0.4275462325401764, -0.728384973466733]","[66.4375, -9.0625, 12.125]","[0.1630859375, 1.01171875, 0.77880859375]"
23681867322,"std_msgs.msg.Header(stamp=builtin_interfaces.msg.Time(sec=1731187376, nanosec=709425766), frame_id='RU_myo')","geometry_msgs.msg.Quaternion(x=0.4392665233865661, y=0.30956784863368947, z=-0.4337123683736194, w=-0.7232608450925119)",[0. 0. 0. 0. 0. 0. 0. 0. 0.],"geometry_msgs.msg.Vector3(x=46.8125, y=11.625, z=7.4375)",[0. 0. 0. 0. 0. 0. 0. 0. 0.],"geometry_msgs.msg.Vector3(x=0.03173828125, y=1.1904296875, z=0.56591796875)",[0. 0. 0. 0. 0. 0. 0. 0. 0.],False,36.627135503,"[0.4392665233865661, 0.30956784863368947, -0.4337123683736194, -0.7232608450925119]","[46.8125, 11.625, 7.4375]","[0.03173828125, 1.1904296875, 0.56591796875]"
23705878243,"std_msgs.msg.Header(stamp=builtin_interfaces.msg.Time(sec=1731187376, nanosec=733360126), frame_id='RU_myo')","geometry_msgs.msg.Quaternion(x=0.44061710747978605, y=0.3114044164512908, z=-0.43048517233064565, w=-0.7235788626087912)",[0. 0. 0. 0. 0. 0. 0. 0. 0.],"geometry_msgs.msg.Vector3(x=-30.8125, y=15.875, z=-3.1875)",[0. 0. 0. 0. 0. 0. 0. 0. 0.],"geometry_msgs.msg.Vector3(x=-0.13525390625, y=1.22314453125, z=0.296875)",[0. 0. 0. 0. 0. 0. 0. 0. 0.],False,36.651146424,"[0.44061710747978605, 0.3114044164512908, -0.43048517233064565, -0.7235788626087912]","[-30.8125, 15.875, -3.1875]","[-0.13525390625, 1.22314453125, 0.296875]"
23720834995,"std_msgs.msg.Header(stamp=builtin_interfaces.msg.Time(sec=1731187376, nanosec=748228054), frame_id='RU_myo')","geometry_msgs.msg.Quaternion(x=0.43962739085783625, y=0.31108993630464965, z=-0.4243078746693985, w=-0.7279516716314609)",[0. 0. 0. 0. 0. 0. 0. 0. 0.],"geometry_msgs.msg.Vector3(x=-53.5, y=0.5625, z=-21.3125)",[0. 0. 0. 0. 0. 0. 0. 0. 0.],"geometry_msgs.msg.Vector3(x=-0.15869140625, y=1.0146484375, z=0.220703125)",[0. 0. 0. 0. 0. 0. 0. 0. 0.],False,36.666103176,"[0.43962739085783625, 0.31108993630464965, -0.4243078746693985, -0.7279516716314609]","[-53.5, 0.5625, -21.3125]","[-0.15869140625, 1.0146484375, 0.220703125]"
23743347814,"std_msgs.msg.Header(stamp=builtin_interfaces.msg.Time(sec=1731187376, nanosec=770777732), frame_id='RU_myo')","geometry_msgs.msg.Quaternion(x=0.4376788735761327, y=0.3066986947036769, z=-0.4186360889497552, w=-0.7342458303055189)",[0. 0. 0. 0. 0. 0. 0. 0. 0.],"geometry_msgs.msg.Vector3(x=-46.0625, y=-19.5625, z=-23.9375)",[0. 0. 0. 0. 0. 0. 0. 0. 0.],"geometry_msgs.msg.Vector3(x=-0.0478515625, y=0.63134765625, z=0.33740234375)",[0. 0. 0. 0. 0. 0. 0. 0. 0.],False,36.688615995,"[0.4376788735761327, 0.3066986947036769, -0.4186360889497552, -0.7342458303055189]","[-46.0625, -19.5625, -23.9375]","[-0.0478515625, 0.63134765625, 0.33740234375]"
23764264670,"std_msgs.msg.Header(stamp=builtin_interfaces.msg.Time(sec=1731187376, nanosec=791867969), frame_id='RU_myo')","geometry_msgs.msg.Quaternion(x=0.4381684167506831, y=0.3004740375628378, z=-0.4156465967505435, w=-0.7382152111156862)",[0. 0. 0. 0. 0. 0. 0. 0. 0.],"geometry_msgs.msg.Vector3(x=-35.875, y=-21.1875, z=-4.75)",[0. 0. 0. 0. 0. 0. 0. 0. 0.],"geometry_msgs.msg.Vector3(x=0.04833984375, y=0.6123046875, z=0.37646484375)",[0. 0. 0. 0. 0. 0. 0. 0. 0.],False,36.709532851,"[0.4381684167506831, 0.3004740375628378, -0.4156465967505435, -0.7382152111156862]","[-35.875, -21.1875, -4.75]","[0.04833984375, 0.6123046875, 0.37646484375]"
23796862529,"std_msgs.msg.Header(stamp=builtin_interfaces.msg.Time(sec=1731187376, nanosec=824373924), frame_id='RU_myo')","geometry_msgs.msg.Quaternion(x=0.436714865402061, y=0.2951716406826509, z=-0.4182208606198353, w=-0.7397601912890257)",[0. 0. 0. 0. 0. 0. 0. 0. 0.],"geometry_msgs.msg.Vector3(x=-29.4375, y=-34.5625, z=2.625)",[0. 0. 0. 0. 0. 0. 0. 0. 0.],"geometry_msgs.msg.Vector3(x=-0.00341796875, y=0.8798828125, z=0.056640625)",[0. 0. 0. 0. 0. 0. 0. 0. 0.],False,36.74213071,"[0.436714865402061, 0.2951716406826509, -0.4182208606198353, -0.7397601912890257]","[-29.4375, -34.5625, 2.625]","[-0.00341796875, 0.8798828125, 0.056640625]"
23802390653,"std_msgs.msg.Header(stamp=builtin_interfaces.msg.Time(sec=1731187376, nanosec=829963414), frame_id='RU_myo')","geometry_msgs.msg.Quaternion(x=0.4345081742221682, y=0.2875969261040675, z=-0.4190052838931289, w=-0.7435894207822271)",[0. 0. 0. 0. 0. 0. 0. 0. 0.],"geometry_msgs.msg.Vector3(x=-53.75, y=-50.1875, z=3.6875)",[0. 0. 0. 0. 0. 0. 0. 0. 0.],"geometry_msgs.msg.Vector3(x=-0.11962890625, y=0.81494140625, z=-0.080078125)",[0. 0. 0. 0. 0. 0. 0. 0. 0.],False,36.747658834,"[0.4345081742221682, 0.2875969261040675, -0.4190052838931289, -0.7435894207822271]","[-53.75, -50.1875, 3.6875]","[-0.11962890625, 0.81494140625, -0.080078125]"
23817795883,"std_msgs.msg.Header(stamp=builtin_interfaces.msg.Time(sec=1731187376, nanosec=845243153), frame_id='RU_myo')","geometry_msgs.msg.Quaternion(x=0.43064659381041803, y=0.2741588009348636, z=-0.41898935182943875, w=-0.7508850685444406)",[0. 0. 0. 0. 0. 0. 0. 0. 0.],"geometry_msgs.msg.Vector3(x=-78.4375, y=-83.9375, z=3.1875)",[0. 0. 0. 0. 0. 0. 0. 0. 0.],"geometry_msgs.msg.Vector3(x=-0.1396484375, y=0.74755859375, z=-0.12890625)",[0. 0. 0. 0. 0. 0. 0. 0. 0.],False,36.763064064,"[0.43064659381041803, 0.2741588009348636, -0.41898935182943875, -0.7508850685444406]","[-78.4375, -83.9375, 3.1875]","[-0.1396484375, 0.74755859375, -0.12890625]"
23840594479,"std_msgs.msg.Header(stamp=builtin_interfaces.msg.Time(sec=1731187376, nanosec=868115278), frame_id='RU_myo')","geometry_msgs.msg.Quaternion(x=0.4266249843384716, y=0.25103126760860284, z=-0.4147234289813898, w=-0.763530551369711)",[0. 0. 0. 0. 0. 0. 0. 0. 0.],"geometry_msgs.msg.Vector3(x=-105.4375, y=-118.8125, z=0.125)",[0. 0. 0. 0. 0. 0. 0. 0. 0.],"geometry_msgs.msg.Vector3(x=-0.02783203125, y=0.65380859375, z=-0.005859375)",[0. 0. 0. 0. 0. 0. 0. 0. 0.],False,36.78586266,"[0.4266249843384716, 0.25103126760860284, -0.4147234289813898, -0.763530551369711]","[-105.4375, -118.8125, 0.125]","[-0.02783203125, 0.65380859375, -0.005859375]"
23863256252,"std_msgs.msg.Header(stamp=builtin_interfaces.msg.Time(sec=1731187376, nanosec=890754723), frame_id='RU_myo')","geometry_msgs.msg.Quaternion(x=0.42173343068558045, y=0.22209666487189975, z=-0.40934386680292156, w=-0.7779791665628211)",[0. 0. 0. 0. 0. 0. 0. 0. 0.],"geometry_msgs.msg.Vector3(x=-124.0625, y=-144.625, z=2.25)",[0. 0. 0. 0. 0. 0. 0. 0. 0.],"geometry_msgs.msg.Vector3(x=0.138671875, y=0.52099609375, z=0.189453125)",[0. 0. 0. 0. 0. 0. 0. 0. 0.],False,36.808524433,"[0.42173343068558045, 0.22209666487189975, -0.40934386680292156, -0.7779791665628211]","[-124.0625, -144.625, 2.25]","[0.138671875, 0.52099609375, 0.189453125]"
23877722339,"std_msgs.msg.Header(stamp=builtin_interfaces.msg.Time(sec=1731187376, nanosec=905200610), frame_id='RU_myo')","geometry_msgs.msg.Quaternion(x=0.4172832338819621, y=0.18999600805536754, z=-0.4037949210710927, w=-0.7916602057456384)",[0. 0. 0. 0. 0. 0. 0. 0. 0.],"geometry_msgs.msg.Vector3(x=-129.375, y=-154.5625, z=11.25)",[0. 0. 0. 0. 0. 0. 0. 0. 0.],"geometry_msgs.msg.Vector3(x=0.30322265625, y=0.46630859375, z=0.31005859375)",[0. 0. 0. 0. 0. 0. 0. 0. 0.],False,36.82299052,"[0.4172832338819621, 0.18999600805536754, -0.4037949210710927, -0.7916602057456384]","[-129.375, -154.5625, 11.25]","[0.30322265625, 0.46630859375, 0.31005859375]"
23900951011,"std_msgs.msg.Header(stamp=builtin_interfaces.msg.Time(sec=1731187376, nanosec=928374721), frame_id='RU_myo')","geometry_msgs.msg.Quaternion(x=0.41332138098307764, y=0.15636877998798654, z=-0.3992225565579313, w=-0.803327822873489)",[0. 0. 0. 0. 0. 0. 0. 0. 0.],"geometry_msgs.msg.Vector3(x=-123.9375, y=-160.3125, z=22.9375)",[0. 0. 0. 0. 0. 0. 0. 0. 0.],"geometry_msgs.msg.Vector3(x=0.35009765625, y=0.39990234375, z=0.31640625)",[0. 0. 0. 0. 0. 0. 0. 0. 0.],False,36.846219192,"[0.41332138098307764, 0.15636877998798654, -0.3992225565579313, -0.803327822873489]","[-123.9375, -160.3125, 22.9375]","[0.35009765625, 0.39990234375, 0.31640625]"
23931337156,"std_msgs.msg.Header(stamp=builtin_interfaces.msg.Time(sec=1731187376, nanosec=958758477), frame_id='RU_myo')","geometry_msgs.msg.Quaternion(x=0.4094837687752715, y=0.12182584624764375, z=-0.3975209101257033, w=-0.8120705833291082)",[0. 0. 0. 0. 0. 0. 0. 0. 0.],"geometry_msgs.msg.Vector3(x=-105.6875, y=-168.3125, z=34.625)",[0. 0. 0. 0. 0. 0. 0. 0. 0.],"geometry_msgs.msg.Vector3(x=0.38916015625, y=0.37939453125, z=0.37255859375)",[0. 0. 0. 0. 0. 0. 0. 0. 0.],False,36.876605337,"[0.4094837687752715, 0.12182584624764375, -0.3975209101257033, -0.8120705833291082]","[-105.6875, -168.3125, 34.625]","[0.38916015625, 0.37939453125, 0.37255859375]"
23937736048,"std_msgs.msg.Header(stamp=builtin_interfaces.msg.Time(sec=1731187376, nanosec=965176572), frame_id='RU_myo')","geometry_msgs.msg.Quaternion(x=0.4038646730703455, y=0.08685196158064103, z=-0.40069088389101076, w=-0.8178000233443493)",[0. 0. 0. 0. 0. 0. 0. 0. 0.],"geometry_msgs.msg.Vector3(x=-75.0, y=-183.8125, z=38.125)",[0. 0. 0. 0. 0. 0. 0. 0. 0.],"geometry_msgs.msg.Vector3(x=0.4384765625, y=0.3974609375, z=0.505859375)",[0. 0. 0. 0. 0. 0. 0. 0. 0.],False,36.883004229,"[0.4038646730703455, 0.08685196158064103, -0.40069088389101076, -0.8178000233443493]","[-75.0, -183.8125, 38.125]","[0.4384765625, 0.3974609375, 0.505859375]"
23960805123,"std_msgs.msg.Header(stamp=builtin_interfaces.msg.Time(sec=1731187376, nanosec=988265820), frame_id='RU_myo')","geometry_msgs.msg.Quaternion(x=0.39603746955723124, y=0.05047356870455082, z=-0.4100748586769975, w=-0.8200276531007796)",[0. 0. 0. 0. 0. 0. 0. 0. 0.],"geometry_msgs.msg.Vector3(x=-39.5625, y=-208.375, z=42.625)",[0. 0. 0. 0. 0. 0. 0. 0. 0.],"geometry_msgs.msg.Vector3(x=0.45166015625, y=0.39208984375, z=0.49951171875)",[0. 0. 0. 0. 0. 0. 0. 0. 0.],False,36.906073304,"[0.39603746955723124, 0.05047356870455082, -0.4100748586769975, -0.8200276531007796]","[-39.5625, -208.375, 42.625]","[0.45166015625, 0.39208984375, 0.49951171875]"
23990736004,"std_msgs.msg.Header(stamp=builtin_interfaces.msg.Time(sec=1731187377, nanosec=18347825), frame_id='RU_myo')","geometry_msgs.msg.Quaternion(x=0.38847271564220676, y=0.009704188811800608, z=-0.4245430023577675, w=-0.8177762634548198)",[0. 0. 0. 0. 0. 0. 0. 0. 0.],"geometry_msgs.msg.Vector3(x=-15.3125, y=-238.4375, z=65.3125)",[0. 0. 0. 0. 0. 0. 0. 0. 0.],"geometry_msgs.msg.Vector3(x=0.53369140625, y=0.376953125, z=0.4677734375)",[0. 0. 0. 0. 0. 0. 0. 0. 0.],False,36.936004185,"[0.38847271564220676, 0.009704188811800608, -0.4245430023577675, -0.8177762634548198]","[-15.3125, -238.4375, 65.3125]","[0.53369140625, 0.376953125, 0.4677734375]"
24004110581,"std_msgs.msg.Header(stamp=builtin_interfaces.msg.Time(sec=1731187377, nanosec=31618255), frame_id='RU_myo')","geometry_msgs.msg.Quaternion(x=0.3834805960068001, y=-0.03430146346583188, z=-0.4414634968832063, w=-0.8104788849871556)",[0. 0. 0. 0. 0. 0. 0. 0. 0.],"geometry_msgs.msg.Vector3(x=0.0625, y=-251.8125, z=95.5625)",[0. 0. 0. 0. 0. 0. 0. 0. 0.],"geometry_msgs.msg.Vector3(x=0.708984375, y=0.5029296875, z=0.49560546875)",[0. 0. 0. 0. 0. 0. 0. 0. 0.],False,36.949378762,"[0.3834805960068001, -0.03430146346583188, -0.4414634968832063, -0.8104788849871556]","[0.0625, -251.8125, 95.5625]","[0.708984375, 0.5029296875, 0.49560546875]"
24021337573,"std_msgs.msg.Header(stamp=builtin_interfaces.msg.Time(sec=1731187377, nanosec=48819498), frame_id='RU_myo')","geometry_msgs.msg.Quaternion(x=0.3773755308403811, y=-0.07800192922756058, z=-0.4585512474856515, w=-0.8007709792375547)",[0. 0. 0. 0. 0. 0. 0. 0. 0.],"geometry_msgs.msg.Vector3(x=6.4375, y=-254.5, z=96.5625)",[0. 0. 0. 0. 0. 0. 0. 0. 0.],"geometry_msgs.msg.Vector3(x=0.77197265625, y=0.61962890625, z=0.48291015625)",[0. 0. 0. 0. 0. 0. 0. 0. 0.],False,36.966605754,"[0.3773755308403811, -0.07800192922756058, -0.4585512474856515, -0.8007709792375547]","[6.4375, -254.5, 96.5625]","[0.77197265625, 0.61962890625, 0.48291015625]"
24082086316,"std_msgs.msg.Header(stamp=builtin_interfaces.msg.Time(sec=1731187377, nanosec=109597506), frame_id='RU_myo')","geometry_msgs.msg.Quaternion(x=0.36857406972529866, y=-0.12273595863844604, z=-0.47574679144042115, w=-0.7891476604649962)",[0. 0. 0. 0. 0. 0. 0. 0. 0.],"geometry_msgs.msg.Vector3(x=8.5, y=-269.25, z=92.5)",[0. 0. 0. 0. 0. 0. 0. 0. 0.],"geometry_msgs.msg.Vector3(x=0.65625, y=0.56982421875, z=0.42822265625)",[0. 0. 0. 0. 0. 0. 0. 0. 0.],False,37.027354497,"[0.36857406972529866, -0.12273595863844604, -0.47574679144042115, -0.7891476604649962]","[8.5, -269.25, 92.5]","[0.65625, 0.56982421875, 0.42822265625]"
24087543392,"std_msgs.msg.Header(stamp=builtin_interfaces.msg.Time(sec=1731187377, nanosec=115091330), frame_id='RU_myo')","geometry_msgs.msg.Quaternion(x=0.35924273345044205, y=-0.17119875421822797, z=-0.49150216317981815, w=-0.7746362169475043)",[0. 0. 0. 0. 0. 0. 0. 0. 0.],"geometry_msgs.msg.Vector3(x=2.3125, y=-287.3125, z=107.4375)",[0. 0. 0. 0. 0. 0. 0. 0. 0.],"geometry_msgs.msg.Vector3(x=0.76416015625, y=0.6025390625, z=0.46875)",[0. 0. 0. 0. 0. 0. 0. 0. 0.],False,37.032811573,"[0.35924273345044205, -0.17119875421822797, -0.49150216317981815, -0.7746362169475043]","[2.3125, -287.3125, 107.4375]","[0.76416015625, 0.6025390625, 0.46875]"
24103917481,"std_msgs.msg.Header(stamp=builtin_interfaces.msg.Time(sec=1731187377, nanosec=131283517), frame_id='RU_myo')","geometry_msgs.msg.Quaternion(x=0.3368976231131776, y=-0.2571285663361988, z=-0.5119989420826897, w=-0.7471559243028116)",[0. 0. 0. 0. 0. 0. 0. 0. 0.],"geometry_msgs.msg.Vector3(x=-25.0625, y=-244.6875, z=76.125)",[0. 0. 0. 0. 0. 0. 0. 0. 0.],"geometry_msgs.msg.Vector3(x=1.09765625, y=0.79248046875, z=0.67578125)",[0. 0. 0. 0. 0. 0. 0. 0. 0.],False,37.049185662,"[0.3368976231131776, -0.2571285663361988, -0.5119989420826897, -0.7471559243028116]","[-25.0625, -244.6875, 76.125]","[1.09765625, 0.79248046875, 0.67578125]"
24124206758,"std_msgs.msg.Header(stamp=builtin_interfaces.msg.Time(sec=1731187377, nanosec=151802921), frame_id='RU_myo')","geometry_msgs.msg.Quaternion(x=0.322192271813464, y=-0.297046748800176, z=-0.5136522370869696, w=-0.7376426969383454)",[0. 0. 0. 0. 0. 0. 0. 0. 0.],"geometry_msgs.msg.Vector3(x=-61.4375, y=-235.125, z=71.25)",[0. 0. 0. 0. 0. 0. 0. 0. 0.],"geometry_msgs.msg.Vector3(x=0.8974609375, y=0.73291015625, z=0.611328125)",[0. 0. 0. 0. 0. 0. 0. 0. 0.],False,37.069474939,"[0.322192271813464, -0.297046748800176, -0.5136522370869696, -0.7376426969383454]","[-61.4375, -235.125, 71.25]","[0.8974609375, 0.73291015625, 0.611328125]"
24140830021,"std_msgs.msg.Header(stamp=builtin_interfaces.msg.Time(sec=1731187377, nanosec=168268942), frame_id='RU_myo')","geometry_msgs.msg.Quaternion(x=0.3064950137408054, y=-0.33713230902114877, z=-0.5136934549295816, w=-0.7269949429869522)",[0. 0. 0. 0. 0. 0. 0. 0. 0.],"geometry_msgs.msg.Vector3(x=-65.3125, y=-239.1875, z=70.0625)",[0. 0. 0. 0. 0. 0. 0. 0. 0.],"geometry_msgs.msg.Vector3(x=1.029296875, y=0.595703125, z=0.69189453125)",[0. 0. 0. 0. 0. 0. 0. 0. 0.],False,37.086098202,"[0.3064950137408054, -0.33713230902114877, -0.5136934549295816, -0.7269949429869522]","[-65.3125, -239.1875, 70.0625]","[1.029296875, 0.595703125, 0.69189453125]"
