timestamp,_data,_check_fields
5773431039.0,"array('h', [0.7395236384093645, 2.4041609788948426, 2.1826961698816976, 2.290083749228955, 1.2410099961640142, 1.9842167237281236, 1.3099856077325989, 1.5292258422370661])",False
5793479879.116591,"array('h', [0.5334520739515857, 1.0256007877977726, 2.591481102133175, 2.614492259902603, 1.7845241735818638, 1.0101965390414722, 0.870575900814737, 0.772849841156138])",False
5813528719.233184,"array('h', [0.9150134802006786, 1.0108775143043176, 2.495231292348802, 2.3957529809441236, 1.3828992926373382, 1.0531265099925642, 0.6924015565379124, 1.0984005943692932])",False
5833577559.349775,"array('h', [0.6441422666253761, 1.042525268022362, 2.5645884333246123, 2.790232562516922, 2.2203852815614047, 1.004008476955926, 0.6308296859531534, 1.0709261577342408])",False
5853626399.466368,"array('h', [0.8417613501472896, 1.3534872049544262, 2.7360122401098352, 3.3843969976050627, 3.6922947556238825, 1.2865775393746486, 0.7475567150915029, 0.9654024431009389])",False
5873675239.582959,"array('h', [0.9233587259834011, 1.4463303185979093, 2.8798155967240713, 3.792463331092814, 3.4479525900273345, 1.1738879365599522, 0.7553820550421577, 0.960401610901425])",False
5893724079.699552,"array('h', [1.0900216366464386, 1.5481621787558564, 2.8422963892858997, 3.883701843985735, 3.350201014868025, 1.1736654975125624, 0.9314484121396369, 0.9365587594670315])",False
5913772919.816143,"array('h', [1.0677647332131863, 1.4684737210405459, 2.7752276195546695, 3.9175036377659507, 3.1685556879673973, 1.1024776074680616, 0.9662203002862714, 1.00153770025183])",False
5933821759.932735,"array('h', [1.049676716849186, 1.5524819793076177, 2.7232147876361665, 3.8348974252261954, 2.982971746521851, 1.0795521078783779, 1.0999843202675563, 1.0332165937911133])",False
5953870600.049327,"array('h', [0.9910340626823887, 1.5100949214417954, 2.701966737027315, 3.7707525704439577, 2.853211004512268, 0.9522311281145127, 1.0673220354343722, 1.053626014186011])",False
5973919440.165919,"array('h', [1.002775097135738, 1.6859325259090467, 2.754848369853817, 3.701969494520853, 2.7259540009249026, 0.9640746178372311, 1.062548305955811, 1.061955915996998])",False
5993968280.282511,"array('h', [1.0036407050748686, 1.7327832693926115, 2.708929397677768, 3.7310275043641177, 2.6932257873964285, 0.9681792893488691, 1.0531880621182634, 1.022063946090325])",False
6014017120.399103,"array('h', [1.1043389784356799, 1.8294558305381714, 2.8303335061039756, 4.21526956122064, 2.9200941655048815, 1.0629396987666033, 1.026667096703392, 0.9970087622405392])",False
6034065960.515695,"array('h', [1.5099614589471786, 2.374968264563812, 3.851292647045245, 5.312869683344013, 3.4624841947598175, 1.2212546526591979, 1.1417075651377837, 1.1642149543845435])",False
6054114800.632287,"array('h', [1.9181580268182143, 3.4042154067700103, 5.589819270580091, 7.256726491852987, 4.30938605677724, 1.4867077806213662, 1.3105669798840989, 1.2943122388001014])",False
6074163640.748879,"array('h', [2.2906934550875, 4.298255065258157, 9.18377606899472, 9.186063800244078, 5.229659165056259, 1.7390122469094202, 1.5554380271072628, 1.4576008306805426])",False
6094212480.865471,"array('h', [2.5034020314061425, 4.686918000448217, 11.391142064923894, 9.85162315187305, 4.968506653858136, 2.0853298732974057, 1.8190845825347846, 1.7541667608712543])",False
6114261320.982062,"array('h', [2.658752432001434, 5.268396119598675, 12.78556994086762, 10.766641287123125, 5.09198300841374, 2.1704748509042266, 2.226956136513872, 2.283800683799159])",False
6134310161.098655,"array('h', [3.068210714281259, 6.273577709138835, 15.131646557219996, 12.516777953741183, 5.627283407598462, 2.791724460052526, 2.630626844764894, 3.012969641267573])",False
6154359001.215246,"array('h', [3.2705929038682218, 6.863420704853721, 17.307539872972416, 12.910418298937364, 5.793991320859687, 3.239711287960881, 3.0658044588829925, 3.7561612431919595])",False
6174407841.331839,"array('h', [3.5072119938395305, 7.557238620479578, 19.344427815819905, 13.620069151294851, 6.2842420902639855, 3.384119709781014, 3.4152561183151953, 4.401795615389491])",False
6194456681.44843,"array('h', [3.800374492731295, 8.069185360126314, 19.754093484978497, 14.259747252711563, 6.384007249645155, 3.695155780330669, 3.601229342873818, 4.689837943101654])",False
6214505521.565022,"array('h', [4.226410087232969, 10.667171454293449, 23.321643521232044, 15.493918516763832, 6.782177830414719, 3.9142071588373564, 3.8421688297945717, 4.874638123420464])",False
6234554361.681614,"array('h', [4.567343638660608, 13.681279795115104, 26.236217134378553, 16.57274513536739, 6.9287822600365745, 4.06508934149865, 4.02881019739493, 5.09584247452255])",False
6254603201.798206,"array('h', [4.967748183380833, 14.16914108848683, 26.92918085071773, 16.68308129337605, 7.016298060662374, 4.135041468798025, 4.1900071332170805, 5.315173087078504])",False
6274652041.914798,"array('h', [5.737209235358122, 15.122606920283141, 27.123612441144665, 16.08833122407862, 6.589843200394128, 4.110320853147896, 4.417859141274793, 5.489969483922276])",False
6294700882.03139,"array('h', [6.670982888661645, 14.917891627176017, 26.219442638228617, 14.592888886621935, 5.977304190602059, 3.99579923622116, 4.7268548874620055, 5.719214728615531])",False
6314749722.147982,"array('h', [8.116169277555635, 14.308986045970896, 23.80018827203023, 12.482747457028864, 4.95075166467855, 3.8079824495471417, 4.628965585010231, 5.976913035791796])",False
6334798562.264574,"array('h', [9.078979125756458, 13.839595648235528, 20.541083718790144, 11.07493576461627, 4.503542029942053, 3.4898059048174126, 4.603793651315731, 6.270115168437688])",False
6354847402.3811655,"array('h', [10.049600195474401, 13.682362114610116, 19.15728601825076, 10.440198341368484, 4.439952835970374, 3.5479027801546374, 4.629350559200729, 6.343462149450396])",False
6374896242.497758,"array('h', [11.34539985022036, 13.535449868713581, 17.23211243815858, 8.801377843746492, 3.901323877104557, 3.6750752754466127, 4.838495975905048, 6.868480746118225])",False
6394945082.614349,"array('h', [12.365872512487075, 13.959053639001958, 15.441222723747211, 7.6802349444989755, 3.858129860110757, 4.085564259377986, 5.200208786582032, 7.162498203153283])",False
6414993922.730942,"array('h', [12.79460453626725, 13.768693133680873, 13.13171969780852, 7.292482384509128, 3.5809370587107976, 4.531531170083776, 5.762738642824607, 7.730866952892641])",False
6435042762.847533,"array('h', [13.437028927672996, 13.788258192036944, 12.382615966831397, 6.539742430246539, 3.3442344548504823, 4.691886776082801, 5.948087244791549, 9.69354226352004])",False
6455091602.964126,"array('h', [14.403952970874657, 13.705389356825137, 11.224397841643185, 6.049908599995533, 3.4001878290049192, 5.28999657162096, 6.8448580656520726, 12.153360339063966])",False
6475140443.080717,"array('h', [14.997088856663463, 10.862448632213649, 7.346399014063791, 4.748398296449125, 3.352159323763853, 6.460424504858865, 7.706658688780311, 13.638302565556446])",False
6495189283.1973095,"array('h', [16.00334957496347, 10.32932196992599, 6.286785829340411, 4.24889574080986, 3.446487224638, 7.366795704232768, 8.627874873144265, 15.177529596518843])",False
6515238123.313901,"array('h', [16.316317356940424, 10.113378287607986, 5.725789264445915, 4.056010050169983, 3.4313390879771335, 7.635105155094026, 9.551862194920059, 17.352958731225407])",False
6535286963.430493,"array('h', [16.940786816595832, 9.883004642561833, 5.450119573665529, 4.249521376524949, 3.6246480353243093, 8.02821396489991, 9.604027279597338, 20.143799841767905])",False
6555335803.547085,"array('h', [17.527639022895894, 10.275543220301481, 5.5184199691526565, 4.621059664555774, 3.6641515861972045, 10.061618179053209, 9.913099088161747, 22.25275063805529])",False
6575384643.663677,"array('h', [16.779377184856234, 10.51834225637089, 5.504578521917892, 4.847794326683272, 4.242197385105208, 11.129650667544691, 10.469817809903185, 23.0146564437387])",False
6595433483.780269,"array('h', [17.809797649519115, 11.819590726775495, 6.057699032371225, 5.41295152048376, 5.172200001291042, 12.504304542101814, 12.087009778856206, 25.273535096290516])",False
6615482323.896861,"array('h', [18.097041950585325, 11.825452573012734, 6.0973883567400735, 5.431033619156685, 5.52762976975274, 14.592067230567231, 13.477271835385286, 27.20058015753413])",False
6635531164.013453,"array('h', [17.463916536818378, 11.231612479077084, 6.122891036353122, 5.4014487552876655, 5.601463527326122, 15.134322077273493, 13.468325099677864, 26.66332586767533])",False
6655580004.130045,"array('h', [17.705074135218645, 10.956482079309726, 6.191060641535236, 5.512437069037069, 5.554512068174424, 15.311493322542727, 14.03181340705325, 26.942266233567942])",False
6675628844.246636,"array('h', [17.825537260898503, 10.920275105631951, 6.221096022943659, 5.477786111334042, 5.749707740290195, 15.64351021536493, 15.126434366670336, 26.648998626741083])",False
6695677684.363229,"array('h', [17.16127543203415, 10.309154680820381, 6.274723125622336, 5.630562395927337, 5.92810588425353, 15.910678956195511, 15.345181442989547, 26.179145989260803])",False
6715726524.47982,"array('h', [16.73108442671005, 9.874910341250345, 5.884838040704187, 5.294321260629082, 5.714064303820206, 15.489696793774991, 14.75452435192432, 25.832821164164645])",False
6735775364.596413,"array('h', [17.84646944703621, 9.540167369499056, 5.959324929232457, 5.466133364108284, 5.66304073534846, 14.92623227109014, 14.605254583499171, 26.48998966537813])",False
6755824204.713004,"array('h', [18.117894630910477, 9.427137302391463, 6.065031279614318, 5.502255506309171, 5.591732007280904, 14.475237357163254, 14.01096338179507, 25.351532797345694])",False
6775873044.8295965,"array('h', [17.743526506500732, 9.222142223517173, 6.131808878897394, 5.609332018768581, 5.654319988949694, 15.299241656892397, 14.408856489037374, 25.528106211465527])",False
6795921884.946188,"array('h', [15.785655425336808, 8.550075283960126, 5.659471604343003, 5.260853923420151, 5.623748140176573, 14.220646493616854, 14.639654323163516, 23.8727152181583])",False
6815970725.06278,"array('h', [15.090038346732403, 8.6137883215041, 5.724181939487969, 5.1905687687369015, 5.750948368014423, 13.004358735082302, 15.579835457989226, 25.015153598147048])",False
6836019565.179372,"array('h', [15.186925230151124, 8.09774716841324, 5.304145125034695, 4.844114779665425, 5.091748198595492, 13.361556280917151, 15.48311311066002, 26.292071468317385])",False
6856068405.295964,"array('h', [14.038410360611017, 7.886995528619176, 5.2893761286624725, 4.71747084184852, 4.5159811948334445, 11.291070820924308, 14.058414235974862, 25.40124378666829])",False
6876117245.412556,"array('h', [14.330686170777682, 8.338456814085857, 5.5621748972006575, 4.990168825655643, 4.5489658094639855, 9.874618851277262, 13.734243364990071, 26.237233126629054])",False
6896166085.529148,"array('h', [14.095178769764177, 8.160378717076693, 5.482521831158689, 4.876098402558539, 4.542518692061799, 9.582295394927872, 14.158346941869535, 27.61583423649317])",False
6916214925.64574,"array('h', [14.628428764998853, 8.549938135544481, 5.527963649863377, 4.978564553502495, 4.423297191019679, 9.18635407040995, 13.511734804339124, 30.163391687541104])",False
6936263765.762332,"array('h', [15.296938210104312, 8.831054788131674, 5.397572359556283, 4.777447078325862, 4.167859375596958, 8.827022844000323, 12.484713960299885, 29.32206907098751])",False
6956312605.878923,"array('h', [17.164024539000632, 9.456719121811778, 5.522966388441267, 4.818222416563815, 4.193649940321529, 9.177256653729112, 13.302870628901122, 29.594672001800486])",False
6976361445.995516,"array('h', [17.70822194233495, 10.46699844983401, 5.856024978314062, 5.003335421160509, 4.224644645671636, 9.758965723879612, 13.03147391047927, 29.479722834650243])",False
6996410286.112107,"array('h', [16.612294715209693, 10.340895305583063, 5.562651085174518, 4.659299045595794, 4.349578913242905, 10.923086027981382, 13.244685571236463, 30.89052316749136])",False
7016459126.2287,"array('h', [17.093342322408972, 10.235434737765766, 5.60247395771068, 4.5922694024448285, 4.436566774936064, 11.523645790062064, 13.383310182057901, 32.151394488680914])",False
7036507966.345291,"array('h', [18.324946448293023, 10.851218861330167, 5.938975663075439, 4.6267405616613, 4.534093400499959, 12.949949146992939, 13.599352651907882, 33.491653801769374])",False
7056556806.461884,"array('h', [19.04206053963913, 10.786752869215114, 6.160718611521705, 4.890111218921565, 4.769326564627283, 13.24833634787698, 13.799907492756407, 35.02069362686566])",False
7076605646.578475,"array('h', [18.92554682071234, 11.11619003923989, 6.1960002465112956, 4.965446312641366, 4.664985309764024, 14.17869203673211, 13.1797476276411, 33.941539767330774])",False
7096654486.695067,"array('h', [20.83464267381879, 11.6643662470021, 6.48635465101084, 5.177481799726137, 4.955075598077797, 15.271882929552172, 14.392407555898592, 35.78177464375417])",False
7116703326.811659,"array('h', [21.61997460153376, 12.101979795967994, 6.505015310527281, 5.181052492841744, 5.50130328585757, 16.25655955215408, 14.46548514732317, 35.111900030466686])",False
7136752166.928251,"array('h', [22.097463287951296, 12.71036719914849, 6.291603175485779, 4.988774942713503, 5.839132838918924, 17.264455250956363, 14.362646114173302, 35.53260485099143])",False
7156801007.044843,"array('h', [23.002927310427765, 12.86387698192512, 6.091843104016593, 4.9509769255357785, 6.599858178193469, 17.736092150923668, 14.22929970749157, 33.64604695933774])",False
7176849847.161435,"array('h', [22.167385738563937, 12.760686559806336, 5.895443251892977, 4.909025873242678, 7.728123936398773, 19.72852090985031, 14.699101311421254, 32.242969569917186])",False
7196898687.278027,"array('h', [21.97635614175524, 13.02001608966725, 5.667329867769475, 4.868622137072053, 7.852423233996441, 21.781638202252772, 14.421780600926201, 31.818096610550892])",False
7216947527.394619,"array('h', [21.31007957023702, 12.603458370273122, 5.622082307523617, 5.253836927782512, 10.151777655920158, 22.93938311644145, 14.174622953035891, 32.062193027397164])",False
7236996367.51121,"array('h', [20.543438809935317, 12.195434345910511, 5.807857082625745, 6.842518062449782, 14.574905664749625, 23.570512447699386, 14.599456822808094, 31.8176097641325])",False
7257045207.627803,"array('h', [21.02681737726596, 12.726607899458365, 5.9576235338008985, 8.595213606291509, 18.007082935262858, 24.740398334474158, 14.161889124081378, 29.814884014696098])",False
7277094047.744394,"array('h', [20.7568184621433, 12.644032610370674, 5.715945313283577, 9.600542135460973, 20.69579929694279, 24.086280897493616, 13.808893057855574, 28.13170358609057])",False
7297142887.860987,"array('h', [20.360875699154313, 12.884860618833555, 5.892550593279976, 10.038898746046243, 21.461021384241032, 23.28858347255659, 12.827937860400766, 24.943930478335087])",False
7317191727.977578,"array('h', [19.983577951358846, 13.02293005151259, 5.808129601021167, 10.04385950574171, 22.79868636586389, 23.41655300945684, 12.27212449543502, 23.29868457076194])",False
7337240568.094171,"array('h', [19.58488263879857, 12.85308228117351, 5.778540333224962, 10.330768095651859, 23.626189651470234, 23.934815255135987, 12.596140787219284, 20.4253326252066])",False
7357289408.210762,"array('h', [17.676071195903926, 12.123576710935529, 5.133474128990831, 10.482236557742537, 25.310722816066352, 24.75228534030543, 11.908963956064401, 18.154116420955138])",False
7377338248.327354,"array('h', [16.724939503709916, 11.336991411655118, 4.977825925285829, 10.505614216496529, 27.00388180324758, 24.647531642543964, 11.649291958980635, 16.707439168752202])",False
7397387088.443946,"array('h', [15.249375781044538, 10.82502362273758, 4.741254524174191, 10.830474229588676, 27.750075148764278, 24.55841929575061, 11.321552427726305, 16.541279002582804])",False
7417435928.560538,"array('h', [14.252697275412238, 10.54149887908057, 5.433238277363745, 11.570237533574906, 27.60221361696205, 24.54026258840887, 10.751486705617385, 15.970825345180653])",False
7437484768.67713,"array('h', [14.491924581631567, 11.281482860549797, 5.786388426642643, 12.321556409917436, 30.307582279948846, 24.310680056254768, 11.490769105414612, 16.967516571616677])",False
7457533608.793722,"array('h', [14.961332061977357, 11.231131040220015, 7.209676831833932, 12.46048034731798, 32.01774335677, 23.75179486957356, 11.807857428500382, 17.256018012695083])",False
7477582448.910314,"array('h', [16.395775739861108, 11.643641829525613, 8.456122904493904, 11.509449650438851, 29.083047736748494, 22.963394796736495, 11.969181408903433, 16.307811572929104])",False
7497631289.026906,"array('h', [16.61073522786106, 12.485736476881604, 8.485236397278817, 10.43976109770498, 26.488680810023276, 22.283049805655647, 12.41966160302046, 16.643347055461323])",False
7517680129.143497,"array('h', [16.79481645143867, 14.038188466687751, 9.944640266781368, 9.761486241595584, 27.011784245203266, 23.46628878207841, 12.501650162436848, 16.582991151245515])",False
7537728969.26009,"array('h', [16.652001613577013, 15.964252018323885, 12.208223987454103, 9.567169031319475, 28.089827869370538, 24.89511330481484, 13.022397538057678, 18.013685893089455])",False
7557777809.376681,"array('h', [17.98862968642408, 18.151205943650545, 13.007057715470943, 9.43626763622541, 27.701116582491586, 26.019667720228533, 13.702758671463158, 18.881572596741986])",False
7577826649.493274,"array('h', [18.625637654431685, 22.07606245817766, 15.313597355788003, 11.311967378452442, 29.876458041579607, 26.785346857572318, 13.71020835507332, 20.101399309559437])",False
7597875489.609865,"array('h', [18.45602153857601, 26.07981481295834, 18.80760962956747, 11.892266523127626, 30.980728784411465, 26.82049149666577, 13.894115900502173, 21.681902506925308])",False
7617924329.726458,"array('h', [20.782469829810015, 28.607443441475063, 20.491493302962294, 12.204295569787744, 32.18715792085676, 28.409357149399224, 15.079371667219691, 23.955315226721957])",False
7637973169.843049,"array('h', [21.938989929317835, 30.2911388092826, 21.858528049846438, 13.108485822325902, 32.37079038821011, 27.7576486304888, 15.469908828929658, 24.43169890277478])",False
7658022009.959641,"array('h', [23.321053459846386, 34.01487933836797, 24.14370127585977, 14.285970787687033, 33.71708182736079, 28.58111644942575, 16.13955415547047, 24.877250553120493])",False
7678070850.076233,"array('h', [25.372393081012454, 36.046745735358776, 26.292880695801305, 15.416485628902828, 35.58181357130915, 29.66348499451404, 16.61706688425497, 26.50336235098731])",False
7698119690.192825,"array('h', [25.884893257021623, 38.46064768306159, 29.669801061584486, 16.489816608913504, 33.80095008518215, 29.078640652536336, 16.71617757606745, 27.371149895086216])",False
7718168530.309417,"array('h', [25.5578029396763, 39.34000487341624, 29.35341485919301, 18.45817921625261, 36.74991115819258, 30.713305847243774, 18.300093601469737, 29.60438915052539])",False
7738217370.426008,"array('h', [26.287786445091253, 40.5683614145943, 30.209893306310857, 20.063926526122305, 41.99649497204752, 33.651988118129296, 19.36628915987117, 31.213051723416577])",False
7758266210.542601,"array('h', [26.31190399038509, 43.97924172317632, 33.97775197044327, 21.710247124158418, 43.40938985264894, 33.75049294506952, 19.18033479337655, 31.49357077278684])",False
7778315050.659193,"array('h', [30.44618030864695, 46.510182969023234, 37.31562276101405, 22.327642397625745, 40.87737437563101, 32.70322183294244, 19.73932243076928, 33.02504488206907])",False
7798363890.775784,"array('h', [32.779248641066076, 46.360474077473185, 38.100544953283304, 22.618576839666083, 42.67672821429959, 34.08043402826951, 19.472739271726375, 34.29218485185215])",False
7818412730.892376,"array('h', [31.682893231005917, 45.38049976340071, 39.39727792712147, 22.318859897640422, 43.14449112311549, 33.968109283535355, 20.427342610597993, 35.69859524109383])",False
7838461571.008968,"array('h', [32.51193649359991, 43.34895698831157, 38.940215670232135, 21.27951892300187, 42.65082768090741, 32.61994864955593, 20.748157704191115, 38.3223734743751])",False
7858510411.125561,"array('h', [32.32964480769912, 41.821733878847134, 38.317951090552405, 21.26488311907893, 42.8054571547782, 31.780917112571768, 19.81292703828646, 39.93538924566789])",False
7878559251.242152,"array('h', [32.75679308826266, 44.53167801328716, 41.59097252347554, 21.369868028447165, 43.20440337259376, 32.64779324899475, 20.120723504257263, 42.68600643080642])",False
7898608091.358744,"array('h', [33.7681130673549, 48.47415285815133, 45.81274080124782, 21.56213056954853, 45.015868299717226, 34.163637826897705, 20.52338959443702, 43.77409892305378])",False
7918656931.475336,"array('h', [33.179504090644556, 49.47635120437179, 46.00909370266011, 20.745305827592865, 42.35945333836657, 32.35999513910268, 20.05708000768853, 44.287068903250145])",False
7938705771.591928,"array('h', [32.44824449989048, 48.73796123944914, 43.84760602391119, 20.568265860082917, 42.71124087199032, 31.734881833609478, 20.11174140030061, 44.52787107605086])",False
7958754611.70852,"array('h', [31.675722976217003, 48.515091625336694, 41.99602740049037, 19.264532766910776, 43.88610177482483, 33.833455274392946, 20.77010820163919, 44.637306391932256])",False
7978803451.825111,"array('h', [29.75165478220868, 49.463076640181264, 44.02708118920502, 18.9789600533453, 40.62702966338769, 31.926400860268053, 19.78453551282712, 42.624509190649306])",False
7998852291.941704,"array('h', [30.734969116493698, 48.652624061264746, 44.17257110686908, 17.84714649292565, 38.56593479221664, 29.97025446018277, 19.758774375282023, 43.918689671168494])",False
8018901132.058296,"array('h', [29.77270087383712, 46.02414893021864, 39.90311287142135, 16.86269560596272, 37.996403317998734, 29.65404673392019, 20.20905642995752, 44.89547629373455])",False
8038949972.174888,"array('h', [24.980276454021684, 45.175405117150014, 37.409099542981515, 16.62922921702753, 37.34905804118502, 28.84809328810975, 20.529073897750727, 43.37892154569614])",False
8058998812.291479,"array('h', [25.60714290416488, 46.770524737890106, 37.84063232408073, 16.86774474009945, 36.35071560397661, 27.657068160716054, 21.05479403139978, 44.012237898891826])",False
8079047652.408071,"array('h', [26.69393570446535, 44.593517873565546, 35.96944073869953, 16.571897032511124, 34.49645300462752, 26.199646834094334, 20.082462113347447, 43.37523073533442])",False
8099096492.524664,"array('h', [25.76490442424011, 46.08896739441007, 36.3354357644623, 16.119184680395698, 33.525915787514975, 26.63744656134106, 20.02564222139039, 41.47402121132272])",False
8119145332.641255,"array('h', [24.656833778076905, 45.78749984452846, 36.345541850287205, 16.7006177765036, 32.19536692476972, 26.162023475359625, 20.371018973649274, 38.03838356264448])",False
8139194172.757847,"array('h', [22.515972726128002, 44.56030392387493, 35.522116931975766, 16.90570408017253, 32.486526507763905, 26.798381975344817, 20.703666557937265, 36.40605181778617])",False
8159243012.874439,"array('h', [22.681873951366914, 42.757007902872466, 33.526250504825214, 17.189749541801245, 33.89891515723076, 26.271464228253645, 20.76724308809544, 36.43643227030782])",False
8179291852.991032,"array('h', [23.122936439379878, 42.820140506811875, 35.050734945579535, 17.50914594992446, 36.93442260679524, 26.146712905142035, 21.378352734253635, 35.87872066130939])",False
8199340693.107623,"array('h', [23.630348789926657, 43.27406584633974, 36.103747315203, 17.445277171514356, 36.00588554516446, 24.77147325691961, 20.997210045916393, 34.52113085624319])",False
8219389533.224215,"array('h', [23.74579409084198, 44.217529373581876, 37.361635682667504, 18.65442869087624, 38.04774627206869, 23.209071037740628, 19.155898069274468, 32.687606914956206])",False
8239438373.340807,"array('h', [23.40152655571714, 45.17551327746107, 36.79486609192689, 18.17083814422988, 37.27693965828681, 23.2929019282635, 18.8154669005482, 32.92979880083763])",False
8259487213.457399,"array('h', [22.50486449365409, 44.01895354215319, 36.192755098844316, 17.856402282863684, 35.829846558957534, 23.299705432460684, 17.921604768552267, 31.275406580220398])",False
8279536053.573991,"array('h', [22.31695274514883, 46.57963362917377, 37.76666205192241, 18.481175619682467, 38.795720361707964, 24.826482105157517, 17.426619343818896, 30.487219118047186])",False
8299584893.690582,"array('h', [22.358631742102997, 45.734026653516004, 38.215464340523056, 19.520376861104648, 39.16329944016225, 24.723107477206604, 17.33799030633857, 28.63881436280899])",False
8319633733.807175,"array('h', [20.46886741049171, 45.41157527207427, 39.52784710888866, 19.57185635983458, 39.576756846824075, 26.163154827441065, 17.097240675993078, 28.75589344723185])",False
8339682573.923767,"array('h', [20.364751123286112, 46.097035622032834, 39.52202599323014, 19.94659836943377, 40.641773296028205, 26.908213745517756, 16.89023902805878, 28.13855708545599])",False
8359731414.040359,"array('h', [21.184878658565076, 44.615557469253815, 38.20029578214136, 20.175585264170834, 42.41541332831345, 26.990980497353515, 16.491624006464686, 28.174122571616156])",False
8379780254.15695,"array('h', [22.603291474665205, 42.83523509208986, 35.47949342027404, 19.053458588779332, 42.56321640199709, 25.899669217682792, 15.72995988127841, 28.215479580555527])",False
8399829094.273542,"array('h', [22.865816950000458, 38.33221280523318, 31.94711289119732, 18.485470315577718, 40.9657532417381, 24.426837240277596, 15.45584694668817, 27.176959823142933])",False
8419877934.390135,"array('h', [23.665514569437303, 36.384813867251836, 30.31686031044202, 17.25633257477439, 38.63805178738969, 24.248447844406396, 15.159375393743252, 27.26742151869942])",False
8439926774.506726,"array('h', [25.021858144338847, 34.762682529130394, 28.27519340390424, 16.614123261132736, 35.12951304106404, 23.792781564322098, 14.162007790023567, 27.106360794988802])",False
8459975614.623318,"array('h', [25.074147915473773, 34.660026985473095, 28.8240254072726, 16.192663870805205, 33.92151635851825, 23.971542391060126, 14.094893571432902, 27.487476028168675])",False
8480024454.73991,"array('h', [25.629249527828673, 33.775642985157425, 28.398925029318928, 14.987049889203147, 32.26865714908394, 24.52775862974602, 14.72877016789679, 28.18530625028385])",False
8500073294.856503,"array('h', [25.046507145829697, 35.23477129165528, 30.65746160801667, 16.510177915699643, 34.69444202933832, 24.56617019320376, 14.988467397457308, 28.024705890466997])",False
8520122134.973094,"array('h', [24.23458271577354, 33.804397074869435, 30.627975702418738, 15.996411331701529, 33.29214156313956, 23.47816789213813, 15.18039246016527, 28.189582470557486])",False
8540170975.089685,"array('h', [24.92996394654338, 31.84442974686287, 30.262130463577755, 14.984183981554132, 32.03341477214203, 22.30111963392416, 14.957436530146323, 28.92200265362974])",False
8560219815.206278,"array('h', [25.944728196362874, 32.80107104288799, 30.591492918610886, 14.72927304559386, 31.742764268495506, 21.343619664207374, 14.655233651775246, 28.638189132472032])",False
8580268655.32287,"array('h', [25.727902879770422, 35.21018268110624, 32.033888036806474, 15.2794796508989, 30.877691451233257, 20.108282791877027, 14.681076548678492, 25.765863312161045])",False
8600317495.43946,"array('h', [26.474408939157346, 35.845264669754926, 33.2475170113329, 16.282716001831982, 30.640580377122994, 19.59604719210375, 15.601141146866983, 26.12812175700533])",False
8620366335.556053,"array('h', [26.33966743638062, 36.13156318008796, 34.94969034172722, 17.010918165872724, 30.13209645717772, 19.443480433232338, 16.54126745341002, 26.98847695569334])",False
8640415175.672646,"array('h', [26.05312764727717, 39.1648804075147, 37.920709300215954, 17.651269261013578, 29.2591970721255, 18.937445887366717, 16.42950717128139, 26.433888359733395])",False
8660464015.789238,"array('h', [25.856197054708026, 42.825457795020675, 41.533606868332996, 18.075968884562663, 28.021474155166874, 18.547396518022943, 16.06918383170085, 26.47092057766792])",False
8680512855.90583,"array('h', [24.445769394741678, 44.203004950962864, 42.31448734536144, 18.60305482717807, 30.382234452653115, 19.463656711241285, 15.795923184028029, 25.90149051283998])",False
8700561696.02242,"array('h', [23.920811091977033, 43.73473999789581, 42.38384375293111, 18.827952393354373, 32.666909608141744, 19.673591603629138, 15.054262045487182, 25.228787352816354])",False
8720610536.139013,"array('h', [24.59271667957492, 43.78924992671262, 41.85269897161608, 18.50136708355767, 31.613947171087887, 18.186126857807846, 14.28218532731731, 25.25549508400652])",False
8740659376.255606,"array('h', [25.753701035580566, 43.76217160630303, 41.26110755587078, 17.757850390300916, 30.065173277177816, 16.829776969873887, 13.159461212161732, 23.215586132214693])",False
8760708216.372196,"array('h', [26.694195127711176, 43.01536585218493, 41.59778043152493, 17.025239922813704, 28.069805638449523, 16.424322201788936, 13.397200271359532, 23.795064479305267])",False
8780757056.488789,"array('h', [27.2164450383393, 41.61183155253362, 41.14202879994022, 17.640570661022576, 28.245765184982535, 16.085412615069124, 13.449272568827379, 23.351400749073875])",False
8800805896.605381,"array('h', [26.265059174121728, 40.531226928526294, 39.76901744467249, 19.017845108110095, 27.85720791959742, 15.982181293974996, 12.959483791388484, 21.819806836135065])",False
8820854736.721973,"array('h', [26.192260518253867, 37.670742391599354, 37.38573249240931, 18.7849021923463, 27.83328298212149, 16.241640678640085, 12.996341465209593, 22.070588031078973])",False
8840903576.838566,"array('h', [25.800454935422902, 36.78035188976203, 37.16908763513127, 18.43842205883424, 26.842907018944764, 16.353512124646436, 12.794595910903567, 22.57409275488815])",False
8860952416.955156,"array('h', [24.643013798751753, 36.12881016534919, 36.767367346193836, 17.84105982291756, 27.202915961603697, 16.944564247876798, 11.444687516353572, 21.64849260808422])",False
8881001257.071749,"array('h', [24.844656621270826, 34.91514723849056, 34.00037027657952, 17.3180303521977, 27.019267806697037, 16.991891350495965, 11.113024666975447, 22.06384543255022])",False
8901050097.188341,"array('h', [24.72411627397842, 33.0691863424204, 32.52082281170159, 17.763498827646572, 27.65172527092091, 17.28970682758576, 10.094820624223434, 21.67546051872183])",False
8921098937.304932,"array('h', [24.505543606176097, 30.94558364953486, 30.734719133758407, 17.57735025193656, 27.547619124720043, 17.09520951188345, 10.482705665580152, 21.565763740797202])",False
8941147777.421524,"array('h', [24.692082865868045, 31.39950877998617, 30.51748728641263, 16.868981800210065, 25.195532799524596, 16.468497448813107, 11.646323440616664, 22.810530728490928])",False
8961196617.538116,"array('h', [23.12540862933266, 30.162083963540095, 28.70264315259759, 16.192950943579728, 24.357842245825296, 16.00791364899515, 11.604679264998756, 21.962545446873925])",False
8981245457.654709,"array('h', [21.39222082712084, 27.5425499927178, 27.019824024226985, 17.20999504028995, 25.287065062198888, 15.801117061398667, 11.659060727087088, 21.854570068860834])",False
9001294297.771301,"array('h', [20.02373486910806, 24.26251386202882, 23.231319064343772, 17.667695375494965, 26.02245539342458, 16.1866554724051, 11.643612690144233, 21.7049795073822])",False
9021343137.887892,"array('h', [19.25819751697742, 24.15513848145, 21.60632365448647, 17.325108793890205, 25.49162270784197, 15.908450173114403, 11.991005883583343, 19.70404372239474])",False
9041391978.004484,"array('h', [18.850675260277164, 23.258723729555015, 20.11204097347269, 16.121730999891177, 23.8180705976064, 15.331358165308156, 13.03715028562839, 22.192434281701537])",False
9061440818.121077,"array('h', [18.918800866184856, 22.990755977972846, 18.978858111101673, 14.973899496092772, 23.52356305613104, 14.670004680503046, 13.572529842512132, 23.97571154625943])",False
9081489658.237667,"array('h', [19.764169188468404, 21.672953896011194, 17.474908449130602, 14.296202851699057, 23.61775102345986, 16.70580005325951, 13.891858848709752, 23.534801711512735])",False
9101538498.35426,"array('h', [20.911810816411272, 19.406886302571564, 14.535433127394464, 13.013690902332433, 22.45325965523645, 17.076331297646725, 14.411570595886195, 23.90494874673003])",False
9121587338.470852,"array('h', [21.902099664237404, 19.62047656580464, 14.56273441577386, 13.36403508957237, 19.841548528434434, 15.539813421240712, 14.465691245599206, 22.714156533872703])",False
9141636178.587444,"array('h', [22.612686020800847, 18.220212971106363, 13.388872099490928, 12.662990176144945, 18.007220109981162, 15.497737671793832, 15.500722801009346, 25.271472321628472])",False
9161685018.704037,"array('h', [22.991972739197692, 17.101462984042076, 11.121505850107642, 11.720209050434836, 17.346468693769484, 15.726120253207336, 16.346472010231857, 27.031146659365614])",False
9181733858.820627,"array('h', [23.72087068497645, 17.744674318814553, 11.241397503625324, 11.813582047148167, 16.22750269581284, 15.85320876419429, 15.402128003937165, 26.32372880607964])",False
9201782698.93722,"array('h', [25.20757389513111, 17.38801627773713, 10.457762889325807, 11.836693346258963, 15.108576321573661, 14.74424980559869, 15.072294112758193, 27.076618846852227])",False
9221831539.053812,"array('h', [27.879039542167064, 18.32471865325386, 10.882249848371885, 11.97135158308053, 13.33937655206759, 14.516766893853504, 15.423281674632223, 29.21717062327384])",False
9241880379.170404,"array('h', [29.099456579180735, 19.218999045406118, 10.420720085253434, 10.315096338080739, 10.912901194092896, 13.676879770010345, 15.67965307136886, 30.847456841284988])",False
9261929219.286997,"array('h', [29.99268543651899, 19.784232060527692, 10.364774646734078, 9.834087507567077, 9.757140977076581, 12.711412006178382, 15.424064778839556, 31.398970492243723])",False
9281978059.403587,"array('h', [30.12786203064388, 20.724083517356533, 10.69077890623253, 10.050202064043875, 9.522156064919184, 12.281960526736153, 14.053152104324106, 30.738942707557758])",False
9302026899.52018,"array('h', [30.225706751851, 21.549100875553687, 12.40399955960747, 9.757923257341108, 8.540416575938622, 12.044873684635993, 12.613626791688183, 27.532672375057686])",False
9322075739.636772,"array('h', [29.688287000572878, 22.68661851625461, 13.676153549010449, 10.40348828994625, 8.009449597502948, 10.666026082306404, 11.815704794041642, 26.976110990212266])",False
9342124579.753365,"array('h', [27.618368259289426, 25.665872603849415, 17.135139077542338, 11.880173629814848, 7.855361013067736, 7.504272716602086, 10.27857713368995, 25.392032731495586])",False
9362173419.869955,"array('h', [25.436379204031077, 28.64479626480368, 19.874808077934496, 12.247546228465907, 6.6996017848153455, 6.294603475868433, 9.721311650683429, 24.2610004572643])",False
9382222259.986547,"array('h', [22.965547472161845, 31.291791795550665, 22.889563717433404, 12.923885334940584, 6.617563548712848, 5.499011633130631, 8.692676746264013, 22.169294925291474])",False
9402271100.103138,"array('h', [21.16004155247825, 33.22239736252052, 26.713456421578496, 14.147743191764366, 6.380513953582719, 4.553470527138963, 7.498142998552578, 18.56376185868])",False
9422319940.21973,"array('h', [19.226791313592383, 32.620370224943876, 26.898944742163284, 13.686067399499143, 5.935289741114737, 3.6228950650787657, 6.857637102159121, 16.412615563532324])",False
9442368780.336325,"array('h', [16.594824851056153, 32.797360797291724, 29.923806939411715, 14.957407334507874, 5.933276265491285, 3.431346346099405, 6.451252652321061, 14.592126064673362])",False
9462417620.452915,"array('h', [14.08292587448986, 32.91713089526899, 31.006625358692062, 15.181571382683467, 5.776315793300354, 3.373850753691236, 6.602559728030928, 12.205551078451222])",False
9482466460.569508,"array('h', [12.250331809816071, 33.93736898902534, 32.17461606823096, 15.657800939658896, 5.561628150208264, 3.1899234160429693, 6.91351151361258, 9.27122886603559])",False
9502515300.686098,"array('h', [10.755393692298625, 35.38641908597658, 35.15841784172914, 17.04096012533698, 6.110054830745293, 3.7477457103358, 6.496815558902548, 7.089635977119066])",False
9522564140.80269,"array('h', [9.640187606921526, 35.4773703642294, 36.16274899772958, 17.985042234264977, 6.603422077126667, 4.117043884615853, 6.647394972521307, 6.708859839106279])",False
9542612980.919285,"array('h', [8.634258340770817, 35.70744961724449, 37.12472822662225, 18.790062794988344, 7.189498223298734, 4.31752326399656, 7.098862442055389, 6.476951752665283])",False
9562661821.035872,"array('h', [7.381789160791643, 35.811436310548146, 35.70688452534013, 17.997564524101787, 7.043945585684177, 4.3660232861451265, 7.010502715954703, 6.025733567636765])",False
9582710661.152466,"array('h', [7.674382426424252, 36.262479269591296, 34.834901114978734, 17.946005023313568, 7.297920859377331, 4.554195369637219, 7.106087660269919, 5.711909067933733])",False
9602759501.269058,"array('h', [7.759375726614803, 33.77289340616983, 32.13649767836202, 17.56317473664803, 7.1651505019052815, 4.738088802864437, 7.189392333763593, 5.823030999536791])",False
9622808341.38565,"array('h', [7.6258208440887465, 31.46123031891015, 29.774031812254496, 16.960493552132892, 6.907980715302188, 4.6539772769079635, 6.898366286484753, 5.734859857263458])",False
9642857181.50224,"array('h', [7.511459749622029, 28.402559545477864, 25.39123617035513, 15.010044397032377, 6.704336064488732, 4.859775225290108, 6.810988988209729, 5.766465032255696])",False
9662906021.618834,"array('h', [7.733195799651377, 28.269674255148335, 24.252584011932097, 14.616008577039006, 6.574820871205291, 4.900723050913748, 6.638926259337968, 5.758966702860071])",False
9682954861.735426,"array('h', [7.314829649797187, 27.274567057486898, 23.39120973475164, 13.973182068617644, 6.2033147519014165, 4.6951191363774845, 6.584676759520432, 5.694182029114546])",False
9703003701.852016,"array('h', [7.034977187924001, 25.61960296361166, 20.312842082692086, 12.372451206043108, 5.978146960938529, 4.521312080294729, 7.038291368384592, 5.850220080837468])",False
9723052541.968609,"array('h', [6.636255064642901, 24.486125080517496, 19.41972957858947, 11.919013786515023, 5.970264995512796, 4.758854004009961, 6.667505416878227, 6.062847393110996])",False
9743101382.0852,"array('h', [6.683027904685158, 22.256413766766855, 16.494515782368207, 10.71548250882386, 6.002282207294042, 4.989509498572006, 6.4765410193268895, 6.324703648630681])",False
9763150222.201794,"array('h', [7.255089370915329, 21.265714432809524, 14.753738397449652, 9.588005155057987, 5.681434181717542, 5.418688511587292, 6.804798684806658, 6.9927472086606075])",False
9783199062.318386,"array('h', [7.341855466713756, 19.468814480738704, 12.869136910764366, 8.41889446959583, 4.996715171241349, 5.571819422569134, 6.269460316800641, 6.894086087236762])",False
9803247902.434977,"array('h', [7.60956239862792, 18.681092834104767, 11.59218408387754, 7.870979345982968, 4.856533557384831, 6.751297676491596, 6.6567572193862015, 7.575652802374625])",False
9823296742.551567,"array('h', [8.480320397740547, 16.994366417405242, 11.226744713783658, 7.854096746491965, 5.684934518453172, 8.623569504025001, 7.639522958303511, 9.03622746888581])",False
9843345582.66816,"array('h', [8.4731196872615, 14.20805949672106, 8.906556513595092, 6.577947811906734, 5.5125021955999545, 8.875677895669813, 7.624453448822595, 9.359759016875723])",False
9863394422.784752,"array('h', [8.165142028906235, 12.682324479151994, 8.015935045256098, 5.916232619803712, 5.5122942619631345, 8.76044502115629, 7.4384442788468075, 8.967907008135922])",False
9883443262.901344,"array('h', [7.770523792688539, 11.538085262803005, 7.638551312023094, 5.795023935705671, 5.275782522961316, 8.506817584873735, 7.282852613634168, 8.702774051731861])",False
9903492103.017937,"array('h', [7.279692912894215, 10.038269693775167, 6.7945602377073016, 5.541293362397127, 5.141777635374783, 8.302982462530917, 7.153557218615839, 8.362448384482645])",False
9923540943.13453,"array('h', [6.854838891437804, 8.260178693680388, 5.602183215321221, 5.170796022757019, 5.1422798738948625, 8.332831509278051, 7.059827106932796, 8.389959485253845])",False
9943589783.251122,"array('h', [6.659286197134621, 8.032952241298789, 5.058997531554128, 5.142796849686363, 5.098739652046236, 8.35954845756943, 6.325208227424703, 7.773498789028046])",False
9963638623.367712,"array('h', [6.641286824006272, 7.478726483351926, 4.959025851050652, 5.155159857096699, 5.02568761838016, 8.169882474097504, 5.631648316981273, 7.315866596027572])",False
9983687463.484304,"array('h', [6.108159743034624, 6.698655098028353, 4.666554967673516, 4.773474459183946, 4.800738648854419, 7.751440173547335, 5.1808534344012225, 6.879094438874026])",False
10003736303.600897,"array('h', [5.304054368133252, 5.543448944540304, 4.2414569970415705, 4.45064611405218, 4.36381837481769, 6.9781808428827095, 4.484591033003994, 6.081310345997803])",False
10023785143.717487,"array('h', [4.403001043806509, 5.296442613039657, 3.9011865089535434, 4.042114497458055, 4.053222982049238, 5.958651157020875, 3.8501106534495193, 5.139981293588966])",False
10043833983.83408,"array('h', [4.034401735419834, 4.8276322364846145, 3.6411240671856895, 3.5592446266593893, 3.872798263214167, 5.284505001662093, 3.611127945586308, 4.397289199080307])",False
10063882823.950672,"array('h', [3.024209081065245, 4.2372158478647215, 3.3719352882137836, 3.4819936045406403, 3.1230052227193874, 3.2705251400574573, 2.5236245783975657, 3.05233043332596])",False
10083931664.067265,"array('h', [1.714291120429542, 3.99614496657255, 3.152502788429074, 2.892225910100458, 2.0358147616885023, 2.0552588235114153, 1.8274667570754377, 1.8869943403231535])",False
10103980504.183855,"array('h', [1.5299995422311963, 3.8642590995592423, 3.193111415969941, 2.7894353043525584, 1.8621846362687478, 1.8849053067405093, 1.7099300043632386, 1.7752795546008564])",False
10124029344.30045,"array('h', [1.4747203230964498, 3.700101901190553, 3.0016062076175225, 2.484033452441696, 1.7384508794139588, 2.156916224285911, 1.684413360132705, 1.7336732804673745])",False
10144078184.41704,"array('h', [1.5330299880846208, 3.7274242180577875, 3.004307512659436, 2.5560118075314318, 1.801397565228808, 2.5897731960395878, 1.5848755440372473, 1.6745262190439822])",False
10164127024.533632,"array('h', [1.5953789762885662, 3.82073332971866, 2.9981211190286126, 2.3769034167322602, 1.5288375366706934, 2.824354316497779, 1.5080097184675545, 1.6583951030796533])",False
10184175864.650225,"array('h', [1.557499649563302, 3.4791267639674928, 2.722422039278822, 2.272312096362622, 1.4843773609514326, 2.781332918980535, 1.5125868567414884, 1.5877600343189546])",False
10204224704.766815,"array('h', [1.5969976526756364, 3.280802816122189, 2.6598818637608637, 2.1156098407991895, 1.350722661439525, 2.8421912437870835, 1.6040225755610618, 1.6299932108694697])",False
10224273544.883408,"array('h', [1.4509689649063113, 2.9230744936609576, 2.4630762774539443, 2.1721175974882194, 1.36363875399673, 2.792437105427592, 1.5801425350203508, 1.5301103691822502])",False
10244322385.0,"array('h', [1.7305364543509472, 3.0016163698496388, 2.349880135579054, 1.9411212851102542, 1.1277427147063557, 2.9830911601317993, 1.6696283955318971, 1.6201571692562757])",False
10244322386.0,"array('h', [1.2782302370695189, 1.4553492433640247, 2.1895325030357355, 1.9987024727175005, 1.0747912389055245, 2.1769863113248897, 1.3514038686785879, 1.1703560988769997])",False
10264430210.11616,"array('h', [0.9699764266057748, 0.6769140854347802, 1.9433893829322555, 1.6161408976814955, 0.7128373122581038, 0.5964279504560203, 1.2334971227340492, 1.112267437812464])",False
10284538034.232325,"array('h', [1.0998442091702458, 1.0341524986923343, 2.4885812971774266, 2.6297749087124305, 1.3727311969682725, 0.9695064492744735, 1.228448125775402, 1.3706516469926389])",False
10304645858.348484,"array('h', [1.1421667234364954, 1.1177385612927553, 2.2869706613746885, 2.088741348337759, 1.2389782445053952, 0.9367959361250309, 1.048176480268888, 1.2511113029996557])",False
10324753682.464647,"array('h', [1.1586467798918032, 1.1160303899236481, 2.298968333324271, 1.9850215733643606, 1.2199661015483085, 0.9654158292947428, 1.0880126379927255, 1.2336881061967275])",False
10344861506.580809,"array('h', [1.1436299077229242, 1.0767923119412657, 2.0507646138282567, 1.8818378930703148, 1.2550017785802714, 0.7413493129400137, 1.0054366815728961, 1.1432326509946906])",False
10364969330.69697,"array('h', [1.185948746757076, 1.215452818962406, 1.9001139156851952, 1.758129201458931, 1.2753918764614443, 0.853551058558335, 0.9438479316231961, 1.117533824622132])",False
10385077154.813131,"array('h', [1.196451455219568, 1.2990988908481886, 1.8332177689685674, 1.67654703411034, 1.3071418507700203, 0.7407977088657396, 0.8655259009006925, 1.017327658760769])",False
10405184978.929293,"array('h', [1.1624028102415787, 1.228322755859185, 1.8026026364885752, 1.6468757175231512, 1.2518547231461827, 0.8621837189502115, 0.9020432709737348, 0.9951191461775116])",False
10425292803.045454,"array('h', [1.1952175533746119, 1.2100863470683005, 1.7668829208251804, 1.608784866669854, 1.261665882829309, 0.80780024195957, 0.8993469096482875, 0.951229278350108])",False
10445400627.161615,"array('h', [1.1950265173272105, 1.3043438845917816, 2.0799913178262757, 2.019378322802435, 1.3044925285557396, 0.915497798340415, 0.9029828758040079, 0.9789186406575043])",False
10465508451.27778,"array('h', [1.2318447736766893, 1.4121408196786966, 2.1022660042828276, 2.250055997599762, 1.3663429819805266, 0.784189202923443, 0.8444037534512132, 0.9452499220628631])",False
10485616275.39394,"array('h', [1.2691454063929486, 1.5338471868131949, 2.1565530244367963, 2.6847779089615567, 1.4726558440888644, 0.9028800289211769, 0.9350581499774554, 1.0850332109146632])",False
10505724099.5101,"array('h', [1.3181575437105735, 1.624279760709713, 2.5232117407894425, 3.0793503685811774, 1.6958271078846008, 0.8331590259624304, 0.8482254888180202, 1.1022937842294767])",False
10525831923.626265,"array('h', [1.9831222708855978, 2.1787103551748705, 3.166004100379885, 3.6453113088105695, 1.9038429428403112, 1.1134216919513054, 1.2109956800180577, 2.192830609073399])",False
10545939747.742424,"array('h', [3.404208319274668, 3.5446801624741386, 4.543166718318832, 4.03121089102994, 2.090318733361265, 1.288909613875564, 1.8825544691710765, 4.600834326665754])",False
10566047571.858583,"array('h', [4.124550946600984, 4.349601657628953, 6.203996776058731, 6.005624775156589, 2.807793079097052, 1.884018987470145, 2.439649161950836, 6.277581806848263])",False
10586155395.974749,"array('h', [5.502497596591211, 5.455839606171699, 7.6517826260559785, 7.970510281635114, 3.318139596034348, 2.39962443053248, 3.2849190211157038, 7.540197949488454])",False
10606263220.09091,"array('h', [6.201257455149677, 6.0189908211800445, 9.709643673022349, 8.32592807824187, 3.5101041701596634, 3.01262512703254, 4.053094798007548, 8.895168510716466])",False
10626371044.207071,"array('h', [6.627566860553296, 6.912720825152519, 11.994690737697427, 11.269967585491738, 4.709103431012488, 3.367237086893977, 4.811829143987616, 9.866704221970691])",False
10646478868.323233,"array('h', [7.452784198521103, 8.150852086090655, 15.42851980602838, 15.62151686345601, 5.927835151794113, 4.200819849831574, 5.451062844816776, 10.888830623043447])",False
10666586692.439394,"array('h', [8.173176288701997, 9.898979232793316, 18.373868819197114, 18.572502942192223, 7.042518551027597, 5.097831503204726, 6.2231242782896805, 11.543656572579723])",False
10686694516.555555,"array('h', [9.029411871046825, 10.970193180517024, 19.583363409642327, 19.42244131687839, 7.5067146603314745, 6.5647746807402845, 6.959413095601622, 12.340967747767415])",False
10706802340.671717,"array('h', [9.499219399347721, 13.474954710915057, 24.100902369695675, 21.7498197095782, 8.429576462525228, 8.552365201116396, 7.398405307400966, 12.73501448929309])",False
10726910164.787878,"array('h', [10.055193979568212, 17.325336255090075, 29.543587891084428, 25.043496363069618, 9.488150332840254, 9.588243781986167, 7.568698487331013, 12.972427848347603])",False
10747017988.90404,"array('h', [10.41333117540086, 18.87572462147122, 30.9512390026052, 26.344375931781414, 9.948932536115866, 11.101262573956054, 7.937126970507403, 13.571782438151113])",False
10767125813.020205,"array('h', [10.580703081321605, 19.579618187296628, 32.24921919031715, 26.913006136902762, 10.13845908644652, 11.429137825197472, 8.074381768687813, 13.730012393163738])",False
10787233637.136364,"array('h', [10.885449188181221, 19.335081994966654, 32.7516795440126, 27.48438104634163, 10.24342110689705, 11.62645643663894, 7.741324474411156, 12.32850953553471])",False
10807341461.252523,"array('h', [10.90388195232113, 19.472225776734724, 32.495724080920944, 27.703377236603394, 10.180070573301307, 12.187767212831655, 7.786830266483823, 10.871492535403126])",False
10827449285.368689,"array('h', [11.248191338038318, 19.33106870719206, 31.65706046479657, 25.646245306971124, 9.704761958842624, 12.672966827164288, 8.75550072922437, 10.550576320987872])",False
10847557109.484848,"array('h', [11.272597855666005, 18.73095995382631, 30.091801663356392, 24.947449559342655, 9.73499692761145, 13.282284064410918, 8.727869553201455, 9.6865235817543])",False
10867664933.60101,"array('h', [12.096605977275614, 18.581567068720027, 28.418386373745317, 23.935396566065357, 9.295544608570758, 14.481549968115445, 9.068116651049511, 9.376310410406546])",False
10887772757.71717,"array('h', [12.685738089204639, 17.98561976423467, 26.13924730907939, 20.129525099436968, 8.225337786735908, 15.721005579434522, 9.067629484464156, 9.243568493616293])",False
10907880581.833334,"array('h', [13.160363526523636, 17.014705950599772, 22.8037093117857, 16.47991845098752, 7.2963928111182375, 16.532406648425198, 9.209783242856544, 10.346117923743163])",False
10927988405.949495,"array('h', [13.840113770029312, 16.314923796386477, 21.380285329557676, 15.126569982159355, 6.801500125224473, 17.40711423590577, 10.982632635279181, 12.76117748987294])",False
10948096230.065657,"array('h', [14.321884094767904, 16.03728192176147, 19.104032500662363, 13.997797995869698, 6.485583056355136, 17.289466639309243, 11.16612858672137, 12.298145492574934])",False
10968204054.181818,"array('h', [15.485262720776971, 13.048941814552881, 13.429967650434623, 10.684832959711146, 5.683473627328428, 18.340500118106768, 11.860098593763778, 13.247705466881639])",False
10988311878.29798,"array('h', [15.553524089347066, 10.444399174198487, 10.313050064696862, 8.155842680194027, 5.078786904424415, 18.322839393841587, 12.788182529970237, 15.028171197981171])",False
11008419702.41414,"array('h', [15.821286708629502, 9.784676617877007, 9.093379628321431, 7.115937757335245, 4.685676295153443, 18.134687954032476, 13.374996229886545, 15.367587693452691])",False
11028527526.530304,"array('h', [15.65027105875492, 9.44601206410498, 7.461647205231122, 6.116253510383292, 4.630873189395115, 19.186482231676447, 14.276261966372282, 16.75773967060418])",False
11048635350.646463,"array('h', [15.374719561198615, 8.73570809127831, 6.244483703798386, 4.945435446261623, 4.664122719350027, 20.603507809665807, 15.632359308309525, 17.98376750924954])",False
11068743174.762629,"array('h', [16.014875026876048, 8.072803653642994, 5.238179600143626, 4.252731322669933, 4.486223105498729, 20.5912407235459, 15.469657833071416, 18.011157722200156])",False
11088850998.878788,"array('h', [15.106789205186782, 7.605078418943396, 5.263338023769975, 4.285464170411571, 4.5824231909472735, 20.907849912647485, 14.518808963160305, 18.720021483336385])",False
11108958822.99495,"array('h', [14.947207836869453, 8.00098704521913, 5.2281005584491504, 4.355604676065549, 4.737631653412489, 21.407776215202652, 14.270275880132692, 20.062896566155896])",False
11129066647.11111,"array('h', [14.57727014497044, 7.934202302664946, 5.11789559548173, 4.274925427731524, 4.550353620392522, 21.185438705512418, 13.891677165326543, 20.576341866089678])",False
11149174471.227272,"array('h', [13.907339022843688, 7.807289677300966, 4.923877700117253, 4.366330709983656, 4.729189856492064, 20.028889944164145, 15.282652296835684, 21.090479254660146])",False
11169282295.343431,"array('h', [13.282354270670375, 7.964384318082127, 4.829388263195033, 4.075251284048679, 4.550001987076689, 18.66820990307121, 13.999041250216017, 18.63291922877497])",False
11189390119.459597,"array('h', [13.660348419822943, 7.90288369268112, 4.946779182346866, 4.081490146061083, 4.593482881294376, 19.26612231299971, 13.060994352691122, 19.27273129973518])",False
11209497943.575758,"array('h', [14.059614665541172, 7.822138463131841, 5.0189029497161854, 4.115945344628211, 4.355100580212335, 17.845561417300743, 14.05773577642399, 21.838671749418097])",False
11229605767.69192,"array('h', [13.264431084279995, 7.670692042768529, 4.584602612250958, 3.9155665590898345, 4.322652679505044, 17.951005679629073, 14.323460805401611, 20.43354854937398])",False
11249713591.80808,"array('h', [13.85798686810837, 7.9752933432301925, 4.75524553234092, 4.001967244294289, 4.591800443084074, 17.991118338600256, 14.368837422393625, 21.126814600303742])",False
11269821415.924242,"array('h', [14.128577742733293, 8.239796734517796, 4.658687345337984, 4.007768194904001, 4.854497229245053, 20.04068767655239, 15.278702593674621, 23.336919256085388])",False
11289929240.040403,"array('h', [14.830526781671807, 8.518846538977435, 5.218235072272831, 4.52309061444075, 5.137632174595314, 20.344449724468014, 15.236777569102276, 23.79688272019421])",False
11310037064.156565,"array('h', [14.39591294757559, 8.937360785278958, 5.51873093214424, 4.9506931094016045, 5.502316442411088, 20.715124833731494, 14.817280993095043, 23.846845130276975])",False
11330144888.272728,"array('h', [15.071299925353207, 10.050490886241475, 6.291309771929081, 5.466237163263199, 6.444979092835935, 25.217518537015618, 16.17831747889609, 25.87635047826223])",False
11350252712.38889,"array('h', [15.437301628293797, 10.329154224045244, 6.552255685464205, 5.811784256197742, 7.000256396101972, 27.120912012576454, 17.756055242306505, 27.007285922238033])",False
11370360536.50505,"array('h', [15.705063797118724, 11.476654421111672, 6.935301454866554, 6.07408986070164, 7.298058506599403, 25.92551630498512, 17.796903568879173, 27.365629555707468])",False
11390468360.621212,"array('h', [17.644449543791143, 12.841314434530046, 7.1048713107059065, 6.039243172413677, 7.428125561790809, 26.515634355172658, 17.60320167375598, 27.620400352821946])",False
11410576184.737371,"array('h', [17.993935373344982, 12.966037028253906, 7.410482685973236, 6.185335420626863, 7.630731466507896, 27.91560032180889, 17.793535030592807, 28.79750208890546])",False
11430684008.853537,"array('h', [17.97687072023976, 12.857842119071453, 7.450499657565919, 6.579325487624275, 8.4398035045631, 28.345974929422212, 19.811984262762923, 30.106943698430417])",False
11450791832.969696,"array('h', [17.162404726535893, 12.334863920184821, 7.201792839428698, 6.567248992244485, 9.844150372986167, 29.0272486490258, 19.9683830472221, 28.35200991963894])",False
11470899657.08586,"array('h', [17.793898857105845, 12.674959122127309, 7.486570543093382, 7.715832077690582, 12.862614423627816, 30.252521393683434, 18.90260816759583, 29.400056131566217])",False
11491007481.20202,"array('h', [18.30915849751054, 13.062612074321924, 7.604435207322265, 8.908981055691147, 15.949611840737012, 31.459778820691213, 18.620189842557874, 30.87537202794358])",False
11511115305.318182,"array('h', [17.856545923737563, 13.28165623153917, 7.884509122980923, 10.007240465464303, 19.056810982418277, 32.216911787321706, 18.643403143765113, 29.991104547140164])",False
11531223129.434343,"array('h', [17.870320129292978, 13.082461374449146, 7.956882522025129, 11.648907083749386, 22.370190317930618, 32.02207381984107, 18.28803723992669, 29.446194072795773])",False
11551330953.550505,"array('h', [17.115925945332187, 13.379476338337016, 7.728727363723418, 13.037523911001921, 24.93294288916215, 32.80315806593997, 17.96187540603107, 28.770687792256112])",False
11571438777.666666,"array('h', [16.555479543219057, 12.555380760766928, 7.785029836013421, 13.837834216385023, 27.69007777712344, 31.203102369677744, 17.669405797145018, 27.840431455568055])",False
11591546601.782827,"array('h', [15.942269257822382, 12.418008495849085, 7.552597829246331, 13.485788716059773, 27.583397757533646, 26.417685584807785, 15.879038057998418, 25.496716590129882])",False
11611654425.89899,"array('h', [17.311186618386063, 12.19526276495252, 8.269347535083778, 14.298747505618817, 29.057726289719604, 26.16998103147628, 15.002485735423432, 25.38539279928738])",False
11631762250.015152,"array('h', [17.043335120482435, 11.258428813377316, 8.485041790143084, 15.156754577200191, 31.587552406694087, 27.266110072063764, 14.977321153768491, 25.8715404589667])",False
11651870074.131311,"array('h', [17.10680283617096, 12.662668471248738, 9.98444842963044, 15.450376544517304, 33.00335615722389, 27.28914149384862, 14.793231542667073, 26.19855512110276])",False
11671977898.247477,"array('h', [18.017978466428776, 14.286604434524367, 12.320679728628297, 15.899093768598824, 35.876901622903425, 28.043597981569004, 14.062355446975008, 26.618667601193458])",False
11692085722.363636,"array('h', [17.774527244466924, 15.41112638029175, 14.267036157581863, 16.72027733081869, 38.951152643713336, 29.277690323505563, 13.305632231364472, 26.693769218715246])",False
11712193546.479795,"array('h', [17.793579010191042, 17.813193984842556, 16.706622617815988, 16.89398978234052, 39.04723302313872, 29.450303649835185, 14.00031406685573, 26.871361192544736])",False
11732301370.59596,"array('h', [19.826963815873683, 18.477973012971862, 18.02536375721408, 15.981125104360295, 38.72793417975981, 28.369318222227424, 13.859269672572522, 27.24910055110632])",False
11752409194.71212,"array('h', [21.115290020416488, 21.804942869678406, 22.13220451593905, 16.866945282425434, 37.69294294655416, 29.050478458718512, 14.606170638117883, 26.919913675858353])",False
11772517018.828283,"array('h', [22.469702117907406, 27.319985083779606, 26.15532469162051, 17.281785842033454, 37.95689779796671, 29.175356528959572, 14.178277495347444, 26.16959983228684])",False
11792624842.944445,"array('h', [22.623715111158706, 30.443615887187995, 29.879039748628294, 17.3745786643851, 38.32252775519115, 29.729719074344164, 15.37588476002117, 27.118699021168123])",False
11812732667.060606,"array('h', [24.31167463724951, 35.63290641241137, 35.3939456172589, 18.921435714655956, 38.47014990133549, 29.25304441226866, 15.855191111441593, 29.290439375087686])",False
11832840491.176767,"array('h', [25.926228688981723, 39.930522732885734, 38.46104393988302, 19.995419792265185, 40.46342864782819, 30.59883614520588, 16.432657377414348, 31.31155759632912])",False
11852948315.292929,"array('h', [27.593909454121526, 42.98040944507569, 40.80172271790272, 21.27538194570026, 43.162550919904966, 33.4791759343724, 18.146579902539465, 32.22182229309534])",False
11873056139.40909,"array('h', [27.656822906637743, 44.96803650903516, 42.14629836620744, 21.06800826827638, 43.54441827801068, 34.73599664972316, 18.31341298926739, 31.847488971344195])",False
11893163963.525251,"array('h', [26.502976068017666, 48.40713188742321, 44.66111061462377, 21.075882975829394, 44.75102517074306, 34.83039461371627, 18.288892741254347, 31.19552039722855])",False
11913271787.641417,"array('h', [26.561985633052004, 51.54137190936114, 45.51099554762929, 22.330250322212333, 46.82987442997131, 37.22246554264492, 19.334744558565617, 30.872957687063984])",False
11933379611.757576,"array('h', [27.35789785637364, 54.72505068429088, 46.823225222671475, 23.076741725692443, 45.320178560552534, 37.12659754837621, 19.8919345720594, 31.745928711158893])",False
11953487435.873735,"array('h', [28.384499577772786, 55.11596295452998, 48.14240613304878, 23.831917256154565, 44.09861818349547, 35.108109376916296, 19.23555541117986, 32.87202582289179])",False
11973595259.9899,"array('h', [26.111593837527536, 57.26327439036262, 49.702584797649976, 24.54947574156843, 45.05480142498428, 35.76514147074385, 20.278056827110053, 32.63610494013314])",False
11993703084.10606,"array('h', [24.836391697638913, 57.97196120351354, 50.47793216372294, 24.26150198893543, 44.93580997172387, 34.691280391654566, 19.855688487654422, 31.196581325797734])",False
12013810908.22222,"array('h', [24.804905842987942, 56.212505207407126, 48.19511675247262, 22.570159912537335, 45.586968519841164, 33.274115240658105, 19.555108805408025, 32.11189023753635])",False
12033918732.338385,"array('h', [24.916118481680954, 54.160322817802744, 45.59196331847271, 21.6973501208004, 42.62954499317534, 31.279133617840824, 18.723561010232128, 30.64423656074947])",False
12054026556.454546,"array('h', [25.95983385002401, 52.46974537531068, 43.178014612417996, 19.64864316557755, 40.58351744949266, 30.180568094664515, 17.017998346140207, 29.72039143151976])",False
12074134380.570707,"array('h', [25.39094081189873, 50.24015665959038, 41.373329622913175, 19.225272547821813, 38.81623390745155, 29.102114763232287, 16.6343709494722, 28.793174883862005])",False
12094242204.686869,"array('h', [24.3963907587343, 49.45332482515212, 40.695406460782266, 20.024331645877304, 35.67815933168813, 26.68571057993778, 15.575458034630742, 27.816259785605688])",False
12114350028.80303,"array('h', [23.105741301431515, 49.2434884375003, 39.08417257604759, 18.880750599815325, 33.564911564984264, 24.20702523283702, 15.316232899286435, 26.71589532638129])",False
12134457852.919191,"array('h', [22.74429274275835, 49.44425790406987, 39.90328463296935, 18.938545707434315, 33.990509013550444, 24.037278279597476, 16.429552130233137, 25.756605540441388])",False
12154565677.035353,"array('h', [23.86567109799036, 47.176939945850016, 38.64528992760359, 18.388858789240654, 31.864933041401564, 22.283704905559578, 15.563902601398393, 25.74415442808254])",False
12174673501.151516,"array('h', [23.274415303921238, 43.214902771109585, 36.18056391638597, 17.869683236331486, 30.031131677956704, 19.429658376627202, 13.768710584746556, 25.07551758219109])",False
12194781325.267677,"array('h', [22.29896219847051, 43.70430826029607, 35.640965020752056, 17.37376092724908, 29.04407880193431, 18.59035275845265, 13.055758320727186, 23.69500180610074])",False
12214889149.383839,"array('h', [22.565081059682882, 41.219078703438065, 33.243173259292604, 16.912060413378043, 26.540925097457702, 17.95692137421309, 12.564239113736527, 22.649894735496204])",False
12234996973.5,"array('h', [22.47652710879801, 42.38942943456126, 35.07422372166283, 17.594808768974087, 24.018101801808097, 16.97718496212628, 12.177858405238702, 22.460184784911764])",False
12255104797.616161,"array('h', [21.74927574548499, 43.45808575051914, 34.429932630126295, 17.996783424351054, 24.372242762625703, 16.63290211502465, 12.545358968976274, 23.000567283845097])",False
12275212621.732323,"array('h', [21.586448822149126, 42.669474198908375, 34.281149022573096, 17.84621009861032, 23.23300415069677, 16.432914397223257, 12.551870365548549, 22.23368785330569])",False
12295320445.848484,"array('h', [21.58882213235455, 43.58815201743066, 35.69677963410611, 18.878611517159616, 25.116571470954515, 16.584821150468738, 12.669482220030785, 22.700990290484626])",False
12315428269.964645,"array('h', [20.65356737741417, 41.04968997055721, 35.24711563211688, 18.136902706195464, 26.400847586244673, 17.307570650632492, 13.431014741923896, 22.537561025311376])",False
12335536094.080807,"array('h', [21.20281743186513, 39.85546647776905, 34.23806882008374, 16.25025132775574, 26.67710818738427, 17.874341512154054, 13.541426744700928, 22.03488339729161])",False
12355643918.196968,"array('h', [21.157925035918613, 40.65416185656565, 35.08147592036102, 16.198214162475743, 28.267425279581943, 18.118492465508403, 13.709325705504554, 21.99709150938084])",False
12375751742.31313,"array('h', [21.71278486174642, 41.63759092211215, 35.67035882169488, 16.755924121289624, 26.943462854880426, 16.942982171035748, 13.1919178109915, 22.091419082227])",False
12395859566.42929,"array('h', [21.84195589067127, 39.34945966767925, 34.042481948309366, 17.79856756526711, 25.97460446709569, 16.000050181891016, 14.121959270924517, 22.74049579615678])",False
12415967390.545456,"array('h', [22.929772615003667, 41.31885786961094, 35.818924118155095, 19.00330901027936, 26.08639670171546, 16.04833127574472, 16.965100103897196, 24.14625013925818])",False
12436075214.661617,"array('h', [23.366807810395454, 42.03972913851782, 37.178146884227196, 19.661008938217286, 26.603028309158123, 15.618207215135428, 17.15910264960439, 24.07271119299114])",False
12456183038.777779,"array('h', [24.270064717142, 44.96025334272346, 40.31356292729074, 20.527749897345938, 29.815200007773235, 16.473741354761298, 18.266811863315667, 25.027584662434048])",False
12476290862.89394,"array('h', [25.656786887815667, 46.268944524242926, 41.48441240485947, 21.203523956036, 32.975748428591736, 17.549503174553983, 19.379602308021063, 24.77101074843505])",False
12496398687.010101,"array('h', [28.70817073181798, 45.35179534162236, 40.1150827604427, 21.09663396093952, 31.764169064681763, 17.738583189748216, 21.45984436631545, 26.930043048236907])",False
12516506511.126263,"array('h', [30.79241226527442, 45.822074914362425, 41.73134942539318, 21.593497162517057, 29.512924107437527, 17.23267838012933, 21.437939005600185, 27.73351194857252])",False
12536614335.242424,"array('h', [30.373402072216933, 46.84810571979949, 41.886462593330045, 21.19755022897176, 28.643354167256135, 17.205424823604147, 21.41424743824348, 28.55622292684457])",False
12556722159.358585,"array('h', [31.530080836382076, 46.92273986167035, 40.54442814165645, 21.360695234327512, 28.95689912326032, 18.449961679859925, 20.93453383741153, 28.668032664968365])",False
12576829983.474747,"array('h', [31.61188523584497, 50.9768276090712, 41.74324346102155, 22.872645327071066, 28.330872365069187, 18.154274102185372, 21.085638696720796, 28.61088388308274])",False
12596937807.590908,"array('h', [32.076194128732766, 52.83074491165668, 44.853503112277046, 23.53722880083933, 28.432309852497127, 19.16679333442398, 22.015496097715566, 29.24852109395438])",False
12617045631.70707,"array('h', [32.31128171327801, 51.95009918082904, 46.12935393039943, 23.459531160663495, 29.069711945266278, 19.789540089888884, 22.264610960264097, 30.808501284953245])",False
12637153455.82323,"array('h', [32.85006620002733, 53.240690101251296, 47.850948952078724, 24.018892013350317, 29.142499166318135, 20.119760664897083, 22.109294566453247, 32.373991217544685])",False
12657261279.939392,"array('h', [33.145133044575815, 53.97991721256722, 48.41416635459854, 24.059319006778928, 32.03720648354201, 22.922592957029426, 20.749586286304304, 32.62069359483774])",False
12677369104.055557,"array('h', [32.79702188684963, 54.16184028827001, 48.58437434922218, 24.33167915172151, 33.28244301508547, 23.946652112106865, 20.04271771730442, 32.186914555504366])",False
12697476928.171719,"array('h', [32.36261290976328, 52.742156706001346, 46.847561219367265, 24.884038159899983, 33.59308074070364, 24.302781810044813, 19.915175135736444, 31.895199163722435])",False
12717584752.28788,"array('h', [31.690557357219976, 50.014341524332046, 44.32397862298926, 23.839092815831584, 30.023181921236223, 22.65606580597338, 18.88286566235075, 32.93613939627851])",False
12737692576.404041,"array('h', [30.90809917079244, 48.543186856427916, 42.80223565210427, 23.539748438231793, 32.35237894078626, 22.411013618417694, 18.337730522655963, 33.53916535701345])",False
12757800400.520203,"array('h', [29.402143125834137, 48.68489134669194, 42.16981977061732, 23.447577582589428, 34.43513501958263, 23.041440193571347, 17.203812935710257, 32.178149712192834])",False
12777908224.636364,"array('h', [28.508879017523242, 44.928856589300615, 39.955379375637804, 23.108137958737306, 34.92330812197484, 23.533492702085518, 17.217233052205476, 31.73953833991046])",False
12798016048.752525,"array('h', [27.485400590339545, 43.69747887623642, 38.22349447317061, 22.013310087743864, 34.19518222620344, 23.71182897908157, 17.83067118592972, 31.135476416763673])",False
12818123872.868687,"array('h', [27.271493493998953, 42.99124100171524, 36.406969386705775, 21.54663557996384, 32.52409322649845, 22.48539960048828, 17.455727573888197, 29.96376687739735])",False
12838231696.984848,"array('h', [26.43708147552105, 38.37653214471265, 32.70420914401072, 20.32730620822553, 32.32627969217175, 22.415171991844613, 15.841864857672682, 29.698292905799907])",False
12858339521.10101,"array('h', [26.220729040003565, 35.7256845430056, 28.60547862693796, 19.64667180526215, 30.101752610335, 23.831320241454765, 16.671069577858436, 30.71626667711248])",False
12878447345.21717,"array('h', [27.158012666700778, 33.85178178465704, 25.490889893044802, 19.271088239902163, 30.95338982964558, 25.612572571162993, 18.723505764197288, 31.273007953527628])",False
12898555169.333332,"array('h', [28.508199208243713, 32.33471016253739, 22.6334843342488, 17.226858340106475, 27.9122845460349, 26.255091073074865, 18.495910004784957, 31.49426256940793])",False
12918662993.449493,"array('h', [27.580944419676023, 30.02707178794886, 20.253918840338017, 15.646763599055461, 24.72958332106864, 24.507247155772916, 17.560852965086767, 30.59003481288794])",False
12938770817.565655,"array('h', [27.850253024800615, 27.437214610952918, 16.995376326915938, 13.21760946979086, 21.614429581840163, 23.791668591088065, 17.24513985706899, 30.53259053167666])",False
12958878641.681816,"array('h', [31.007768157024124, 27.50285210778127, 15.132217558579868, 11.819358596029119, 20.57163340223968, 23.118285100363007, 17.158035260368088, 30.482896060207523])",False
12978986465.797981,"array('h', [31.680966656061237, 28.062261618574336, 14.115238164183241, 11.395896522765373, 19.05303798684451, 23.186558284054833, 16.94102988804009, 30.45820777404365])",False
12999094289.914143,"array('h', [31.67332890526209, 24.47359730746365, 12.036538751763084, 10.44841578288715, 14.994113115143612, 22.76054671274354, 16.235106219514584, 29.225276630398977])",False
13019202114.030304,"array('h', [32.84200997161111, 23.76423275807792, 10.981582706482586, 10.175674371393779, 14.139741193766469, 22.281801160023008, 16.21202338435517, 30.192645539634544])",False
13039309938.146465,"array('h', [33.2914419258366, 24.061725444488495, 11.670835145021579, 10.766105419321653, 13.525234601058926, 22.254137203553505, 15.568461708415974, 30.219457862764404])",False
13059417762.262627,"array('h', [34.39947665783322, 23.10685223267059, 11.432079178288365, 10.525159050451421, 11.972103667256416, 22.474269883081348, 16.25263344542985, 30.705600315453484])",False
13079525586.378788,"array('h', [35.19817515172857, 22.393385428321032, 10.961707100710898, 9.555110690290185, 10.480576056623336, 23.35600677073544, 17.793169902757214, 32.45904406464065])",False
13099633410.49495,"array('h', [34.61236489264073, 22.13194392331487, 10.479636625476422, 9.350794545968695, 10.105117391865097, 20.371170488719653, 17.37636671799313, 30.518595234973436])",False
13119741234.61111,"array('h', [32.27053718181283, 21.173526164716066, 10.345085065992391, 8.51191340549913, 8.331513520677875, 17.885028564065525, 14.797588875809021, 27.353662022838208])",False
13139849058.727272,"array('h', [30.613694367578763, 19.648728430146193, 9.653917334194947, 8.174109094907823, 7.009944293883779, 15.538465842986751, 13.134233358229658, 25.132490881975336])",False
13159956882.843437,"array('h', [27.91686774286565, 19.142632671930123, 10.678869613335424, 9.033922844194107, 6.80591396365552, 12.858392734572158, 12.58462681712012, 22.562132403415394])",False
13180064706.959595,"array('h', [27.435976377818154, 19.511821282441304, 12.064241327421128, 9.142555703595562, 6.264489004438891, 12.37006120173046, 12.584513548541258, 21.256568174423304])",False
13200172531.07576,"array('h', [24.595993969744672, 19.297687460344427, 13.765001044982121, 9.937180550330831, 6.298271175565288, 11.914175925181512, 12.517595301605905, 19.38083677756823])",False
13220280355.191921,"array('h', [21.054005971496828, 18.407001935009344, 14.98988508485319, 10.962381422675696, 6.322602161907852, 11.843459920022239, 12.501286657811361, 17.16456338453729])",False
13240388179.308083,"array('h', [19.423205475943476, 20.525459761559187, 17.419315186447054, 11.72965155640416, 5.966035212467822, 10.347304231734206, 12.481499969154932, 15.695844247800245])",False
13260496003.42424,"array('h', [16.359956206595953, 22.06903452398682, 19.086193568054245, 12.17546283477486, 6.254059857007436, 10.270517822072811, 13.018738469230978, 14.056239435913612])",False
13280603827.540405,"array('h', [14.847758828941869, 23.88311487813289, 20.486926269436037, 12.613661288566115, 6.079746229169887, 9.39622360807425, 13.464880846184561, 12.52594027726738])",False
13300711651.656567,"array('h', [13.842564278841738, 25.798064610569956, 21.850885609899567, 13.002207544605655, 6.219533395968702, 7.713041055280851, 13.21052668816235, 11.615054881053352])",False
13320819475.772728,"array('h', [11.75627830412626, 27.704379241059364, 23.58390808722906, 13.46044389957786, 6.349518942627894, 6.1652734181670255, 12.364643183122777, 9.885087078963588])",False
13340927299.88889,"array('h', [10.611563869357813, 29.817935350302434, 24.606047482667076, 13.8896541798203, 6.329739741618093, 6.370880854140683, 11.910599270682214, 8.790918398075306])",False
13361035124.00505,"array('h', [10.914460136338931, 31.132768241250886, 25.90049982645884, 14.34666463885206, 6.488653962782485, 6.66505732111514, 11.651938159387994, 8.796881085861612])",False
13381142948.121208,"array('h', [10.544771644073494, 33.29082709828737, 28.936561087595727, 16.09067241868168, 6.965130534042987, 6.814494314085586, 11.405675443137824, 8.072193658156069])",False
13401250772.237373,"array('h', [9.53065215644888, 33.53853575815421, 29.011718595766975, 15.998612049178451, 6.975170370717534, 6.720275806275088, 11.66325553599555, 7.8866995927929455])",False
13421358596.35353,"array('h', [9.506560490514834, 34.0401012465885, 29.609864519168617, 16.417658056020308, 6.840118302608386, 6.8203822524603925, 11.408816281356, 7.771499066651977])",False
13441466420.469696,"array('h', [9.122512300392183, 33.33666117098462, 28.826807803538767, 16.438590946683462, 6.942243354083059, 6.979135717162595, 11.224794453069286, 7.912250678930484])",False
13461574244.585857,"array('h', [9.804514271261409, 32.83255498031609, 27.416106257513047, 15.526313265787403, 6.6408044565050135, 7.051226301547918, 11.490666054550037, 9.206543658814423])",False
13481682068.702019,"array('h', [12.054148765194464, 32.51670607656185, 25.697649499462276, 15.010096810943642, 7.363878883120426, 10.119100213603067, 12.555663570262825, 11.572980619027781])",False
13501789892.81818,"array('h', [14.210476387476774, 30.5976408437844, 23.466593725421145, 14.707039591761745, 8.349165503229711, 12.538012105792562, 12.568002241922999, 13.496959887234565])",False
13521897716.934341,"array('h', [14.689292720226746, 28.525804483112843, 22.324225000627685, 13.90430141415293, 8.47103642238899, 13.950884903509943, 12.036320262845301, 14.161333978844635])",False
13542005541.050507,"array('h', [14.333968251820615, 26.568699957766125, 20.210511172067573, 12.87655807672187, 8.851770369610314, 14.767671230575566, 12.27758771490858, 13.95880837063842])",False
13562113365.166668,"array('h', [13.10365844014662, 24.822866005804517, 18.666122438182096, 12.523098085069824, 8.469676301631111, 14.382985662692288, 11.50007381640964, 13.54554649824383])",False
13582221189.28283,"array('h', [12.687204660995206, 21.614543118242462, 16.997232591955495, 11.634844536588183, 8.212599924371784, 14.333254494610939, 11.025982059847031, 13.343510437761553])",False
13602329013.39899,"array('h', [12.953061930068946, 19.795409505201256, 16.288785289415124, 11.409453028258868, 8.287716054987719, 14.76488197612399, 10.964661454038328, 13.918247630089091])",False
13622436837.515152,"array('h', [12.471755310570323, 17.44379899183351, 13.373992703067715, 9.863228122100391, 7.991880082992289, 14.839580699857228, 10.894977307418579, 14.042055072185024])",False
13642544661.631317,"array('h', [12.162297230549342, 15.637783014993689, 11.516900785164662, 8.7847927204636, 7.531229929366828, 14.4065084033739, 10.46902594939851, 13.906493781988052])",False
13662652485.747475,"array('h', [11.76008408613334, 14.181449199643145, 10.131745314385864, 7.850570480996593, 7.345516814246705, 14.676928266252297, 10.00491880449038, 13.918328547092628])",False
13682760309.86364,"array('h', [11.408141870661947, 12.702279614354827, 8.2556820947984, 6.617523838800377, 7.096798505683425, 13.945395159454485, 9.613164404672968, 13.617270904107293])",False
13702868133.979801,"array('h', [10.847322808743279, 12.184679877154867, 7.8112005205258095, 6.326770906435057, 6.866175148519041, 14.112233617341762, 9.205664906802788, 12.991795758123596])",False
13722975958.095959,"array('h', [8.698735572036698, 9.71431342899627, 6.589600499378311, 5.4889428864952405, 6.17748436768025, 12.297668908512112, 7.3842468123633305, 10.458316138187298])",False
13743083782.21212,"array('h', [5.927610560267491, 7.921948303323436, 5.826699071693431, 4.471911885565582, 4.675302695671998, 9.01353891773279, 5.192167324602799, 7.255207077592207])",False
13763191606.328281,"array('h', [4.043759502050822, 7.351850470069199, 5.070008971666051, 3.8295218879098445, 3.7102702093468043, 6.789041413057654, 4.223762109326383, 5.112433306387959])",False
13783299430.444443,"array('h', [3.7102040174176576, 6.750508983946934, 4.543210753075195, 3.874001120979381, 2.995953317149399, 5.193891218313459, 3.3963335139089494, 4.369749713660275])",False
13803407254.560608,"array('h', [3.307079776928041, 5.27099219043106, 4.382390985213146, 3.2752626207366453, 2.4250012608819183, 4.7366517671100015, 3.1272332802057745, 4.280755417114647])",False
13823515078.676765,"array('h', [3.150869717053326, 4.413673234378903, 3.945858481155484, 3.1460990200724215, 2.423394390778255, 4.287621957275554, 3.075765986149711, 3.924341826146899])",False
13843622902.79293,"array('h', [2.4208694055735585, 4.328258347891969, 3.6474395546493437, 2.8727172290581637, 2.0505467041700145, 3.5057528845226846, 2.5098857047860728, 3.055135771577152])",False
13863730726.909088,"array('h', [1.8198869921793785, 3.9394967797995815, 3.5563943912012475, 2.6554782863131527, 1.8009227887771224, 2.3070818583890165, 2.0800671600148504, 2.2323670223713865])",False
13883838551.025253,"array('h', [1.695552176309418, 3.5890817721304824, 3.3898973503286993, 2.482754379223949, 1.5978378804940292, 2.1822361118394875, 1.9937638372668753, 2.258357120456911])",False
13903946375.14141,"array('h', [1.6039349721726617, 3.2872846831641227, 3.323174995972161, 2.5472392331011804, 1.5882807323503256, 1.8359909791706173, 1.9074182918894211, 2.0637989448950385])",False
13924054199.257576,"array('h', [1.5750114063285643, 3.217095256179594, 3.215254294984918, 2.4148938137628204, 1.3762209100069411, 1.7285131195443186, 1.7199575487308314, 1.9031708663691382])",False
13944162023.373737,"array('h', [1.5693755258714386, 3.0095948504240333, 3.1728235333871697, 2.312410968795029, 1.3175540114857907, 1.647009491024786, 1.6249469067935358, 1.694211434204363])",False
13964269847.489899,"array('h', [1.6625576149372916, 3.016823337972257, 3.0823404785770157, 2.253067883256924, 1.2578134085802726, 1.6891432248303915, 1.5826327425655993, 1.7165247435584663])",False
13984377671.60606,"array('h', [1.7716472745657879, 3.059473433193503, 3.1488496699056356, 2.145564062558683, 1.3704957554566626, 2.0146389828230555, 1.6513767832422102, 1.807356602324927])",False
14004485495.722221,"array('h', [1.9392170888206954, 3.0512664219234034, 3.1986511226550705, 2.055777211271341, 1.4033160493269174, 2.369168384104425, 1.6786321707963425, 2.0989861382688133])",False
14024593319.838383,"array('h', [1.9461552351198401, 2.704852570389478, 3.1014532721148096, 2.1866681015782437, 1.5321828796352042, 2.729242309338669, 1.8001037111196683, 2.2113468710719446])",False
14044701143.954544,"array('h', [1.8990730477875803, 2.5046956640770777, 2.971735023485204, 2.136212571349744, 1.4697056101732693, 3.0041457107601213, 1.7375322719043587, 2.1712907310454375])",False
14064808968.070705,"array('h', [1.926329163448304, 2.567145745403464, 2.9496592766084664, 2.1762914295441314, 1.6392122803062503, 3.248575331886474, 1.7176051761780915, 2.058147094754092])",False
14084916792.186867,"array('h', [1.9468004448642282, 2.638795568846579, 2.8284706814573624, 2.129122629104311, 1.6154934900930986, 3.1351504038149525, 1.665680769087981, 2.0548165638543474])",False
14105024616.303032,"array('h', [2.055253944195638, 2.664653901909999, 2.7119613350650686, 2.1807933478126587, 1.7051845574451066, 3.352528137504763, 1.7365791406626898, 2.1588860679832])",False
14125132440.419197,"array('h', [2.133671689754365, 2.5907039908632523, 2.659345119627203, 2.1746470267082083, 1.6954503336205142, 3.892216963582488, 1.892168347900308, 2.3387199203235736])",False
14145240264.535355,"array('h', [2.1403257588855773, 2.6631361880208555, 2.59230410632708, 2.108776475231843, 1.880530506151709, 4.169442041507337, 2.0402044320904067, 2.383600459242768])",False
14165348088.65152,"array('h', [2.162118377123241, 2.509220495159235, 2.5712357305656504, 2.1295442021861923, 1.9285505876135218, 4.160047675389762, 2.0363226898853495, 2.462528450345579])",False
14185455912.767681,"array('h', [2.2163359213477967, 2.5064488778566787, 2.5614754203191588, 2.0874079726842285, 2.040817355375857, 4.299074482623115, 2.1144864591732024, 2.5148388454031574])",False
14205563736.883839,"array('h', [1.9918261942825821, 2.444283926216961, 2.5834227951310353, 1.9384167843864137, 1.9366969947731858, 4.112455596162589, 1.9944591970828485, 2.4390588687299544])",False
14225671561.0,"array('h', [2.0272531039962303, 2.600810851094476, 2.64006350939742, 1.9715093793482403, 2.07847044516539, 4.030823446713162, 2.0385500130304113, 2.367014633533463])",False
14225671562.0,"array('h', [1.1486553230559258, 2.7381783471033603, 3.126080620874929, 3.4761239198459157, 1.4526312584612513, 0.9897383875386707, 1.2032104439830547, 1.2627651387801824])",False
14245761082.234692,"array('h', [0.9823783086435456, 2.5264412009523807, 4.193094472155619, 5.377736018945283, 2.165263500101056, 1.0007803120009424, 0.8212283684196106, 1.6459104906307553])",False
14265850602.469387,"array('h', [0.9368754439712883, 2.5234799151908125, 5.098436399539243, 4.97120834284904, 2.8165272638153187, 1.2808090796892593, 1.1645223747365414, 1.5444354688800959])",False
14285940122.704079,"array('h', [1.3502643727417922, 3.3216829046322474, 8.473335035198087, 7.209128464846694, 2.9918008992169294, 1.111942277123914, 1.0253478165535024, 1.080485051821834])",False
14306029642.93877,"array('h', [1.7953189617693488, 4.114128423010565, 9.658259337982416, 7.659843376764613, 4.640009309865186, 2.6462362606473793, 1.9320682498868718, 1.5697632069472736])",False
14326119163.17347,"array('h', [2.130391441405462, 3.927806386627536, 10.320544578198493, 8.453153635267212, 6.5051560157718304, 4.45506590638684, 2.964475617048139, 1.8666638868619727])",False
14346208683.408165,"array('h', [2.4712302491737383, 4.859159850810511, 14.322245466435625, 9.17885012221569, 7.085492615788423, 5.69050865964807, 3.5380641171028024, 2.5131087263793375])",False
14366298203.642857,"array('h', [3.046973633363832, 6.143957456789022, 18.028992582111584, 12.162378639121977, 9.529028353715688, 6.450769908240434, 3.9969495669743966, 3.1027510392429156])",False
14386387723.877552,"array('h', [3.7337077185901006, 7.721953297328718, 20.86117106551017, 18.294795229575353, 11.69459859951804, 6.42227192883587, 4.265126222073298, 3.304643302350136])",False
14406477244.112244,"array('h', [4.1564737330544235, 7.920905186225988, 22.899028199983356, 18.638725114848775, 11.380046193861721, 6.181759092695894, 4.4112270261965225, 3.63711337270016])",False
14426566764.34694,"array('h', [4.590147185767578, 8.60896502552696, 23.813504297044076, 19.534275917902562, 11.178428431947253, 6.819354179228638, 4.98634326489502, 4.379325190997055])",False
14446656284.581635,"array('h', [4.802591350058225, 8.698707386070732, 23.004351151628935, 20.14512908103048, 10.855310788694444, 7.589600839100973, 5.40349546116014, 4.918283943188994])",False
14466745804.816326,"array('h', [5.120495258858446, 9.221654540943142, 22.339186165113343, 20.10925281810711, 10.844950168867449, 8.091078088257271, 5.267320966113755, 5.155947161485302])",False
14486835325.051022,"array('h', [5.300515403615859, 9.089236615193583, 22.58415022630842, 21.219990664404488, 11.124887071407692, 8.143799991752289, 5.404912217039657, 5.333925152810187])",False
14506924845.285717,"array('h', [6.28753959558084, 9.926333644712644, 23.509878800748137, 21.757851726527786, 11.337564838133513, 8.6501524957334, 5.72571690931061, 5.724940448816154])",False
14527014365.520409,"array('h', [7.292321268118456, 10.262720763619892, 22.994390262267657, 21.520493279905004, 11.104364525834056, 8.469675682162817, 5.86932135557127, 6.290624883370614])",False
14547103885.7551,"array('h', [9.118483405972643, 11.056532270937806, 22.320728369577235, 20.860568117278614, 10.917106209921258, 9.07285585181009, 6.716835915355904, 6.4889271723044235])",False
14567193405.9898,"array('h', [12.000364142855116, 11.866273060011324, 21.836106687124072, 20.718891870718828, 9.834164240454884, 9.273025988299986, 7.215854768960349, 7.076230853410342])",False
14587282926.224491,"array('h', [14.507850656019198, 12.705444343349253, 20.412707980065758, 19.79300842896284, 9.254946930928165, 10.290637354428082, 8.337612863734371, 8.030848539721855])",False
14607372446.459183,"array('h', [15.211686056918124, 12.272019273662167, 17.415250517127195, 18.982712858320525, 8.511081617562507, 12.09984071259373, 9.55577137999801, 7.626813056988836])",False
14627461966.693878,"array('h', [15.502955523316084, 11.666541216917102, 14.723750763792081, 14.733788345520862, 6.609837332720255, 13.205142532477023, 10.687294535223316, 8.040461630500232])",False
14647551486.92857,"array('h', [16.228882483572693, 11.621645582075628, 11.911612385797392, 11.646839182053789, 5.894363346491269, 15.298621561886828, 11.169811218255672, 8.304405130867973])",False
14667641007.163265,"array('h', [17.993403383664674, 12.102426967141803, 9.264331017763451, 10.749330136481296, 5.8063665503702415, 17.854860741713303, 11.849602758902808, 8.912992402038341])",False
14687730527.39796,"array('h', [18.44935896847404, 12.089070162765562, 7.683826185495149, 8.207666503073604, 5.51334141558581, 19.711828817580162, 13.647963701932495, 8.906310057178233])",False
14707820047.632648,"array('h', [20.247263069458977, 12.371377081839471, 6.934632342980916, 7.032566284248848, 5.095263346004858, 18.974330629723493, 13.803415013969667, 9.766684187315294])",False
14727909567.867348,"array('h', [21.292975934224984, 12.704484787498437, 6.432589649055521, 5.58527757231685, 4.538853976254736, 20.183812992402494, 15.1272784556194, 10.96582378332658])",False
14747999088.10204,"array('h', [21.73939511291165, 13.444758606448575, 5.686618209785921, 4.485847064526783, 4.270891004050161, 22.13946454959779, 16.227110523878398, 12.6462728864697])",False
14768088608.336731,"array('h', [22.86071203762703, 13.820961914484132, 5.242593434589277, 4.022127721808417, 4.2664037826747965, 22.446848607555022, 16.789746890093564, 13.1555015534624])",False
14788178128.57143,"array('h', [22.06489250274815, 13.167914779683949, 4.878298237746626, 3.882398898137325, 4.503983559905059, 23.979477282073677, 18.59177968219048, 14.130436211434072])",False
14808267648.806122,"array('h', [21.451773780274387, 12.311298444256655, 4.515735850318337, 3.5761078349408097, 4.581009904135005, 23.991140073062727, 19.23799437095329, 16.089474794409178])",False
14828357169.040817,"array('h', [18.75778785493736, 11.58631482009332, 4.606339461683394, 3.557957316868191, 4.6244257837734795, 23.940567226562177, 19.445583548494998, 15.758941196741375])",False
14848446689.275509,"array('h', [18.113517259801178, 11.391336209564146, 4.453353286572701, 3.590224117363722, 4.344933832247221, 22.20869297429945, 19.101347301017412, 16.690083763721304])",False
14868536209.510204,"array('h', [18.44274755368455, 11.789548866409278, 4.7323031731609815, 3.8806703201757506, 4.181085787828457, 21.353761816745667, 18.563249007953484, 17.784619356319144])",False
14888625729.7449,"array('h', [18.67069139368027, 11.386065313629334, 4.572685508906424, 4.130732873667836, 3.801669748630162, 20.557144450301763, 17.76489689743611, 18.729232567256485])",False
14908715249.979591,"array('h', [18.185033513019125, 11.122381844883169, 4.76481318994894, 4.046690494229827, 3.7103410048596257, 19.831441383174766, 18.515985590777493, 20.379618075585952])",False
14928804770.214287,"array('h', [18.099305803485425, 10.388752575073122, 4.6186646263208555, 4.0194421475532, 3.5280689416188284, 17.71105335521516, 17.01012819030494, 21.59178269520575])",False
14948894290.448978,"array('h', [17.9544691524165, 10.520803572268395, 5.058756781811292, 4.401021106124243, 3.6189227564350523, 17.213345206959, 16.201542027706715, 22.716040118539457])",False
14968983810.683678,"array('h', [17.24004785555466, 10.031372105252844, 4.766854767447178, 4.086266104930459, 3.492133389693985, 17.46940091958992, 16.435828056456163, 21.443291688404162])",False
14989073330.918365,"array('h', [19.521269274914516, 10.642014052833522, 5.1830702759145035, 4.279831143991655, 3.844844040975968, 16.09113448568489, 15.031299747667184, 23.55649690631205])",False
15009162851.15306,"array('h', [18.959242354228813, 9.534623175620686, 5.07619505304672, 4.488798312604949, 4.306632056575999, 17.147190362636923, 15.545684063933875, 25.049813925242837])",False
15029252371.38776,"array('h', [20.00843919214279, 10.26817280148936, 5.464434071054212, 4.773446883662679, 4.530496518702032, 16.488748563495815, 15.110334190133107, 26.591301694527516])",False
15049341891.622448,"array('h', [20.53257431855295, 11.337854531272242, 5.80744013094004, 4.843307862893312, 4.24729137503396, 15.880645928530724, 13.617525375509747, 26.0503848596751])",False
15069431411.857143,"array('h', [20.066975613016716, 11.908500023493549, 6.0920346014731575, 5.095228166909012, 4.494972856966541, 15.7992771835771, 13.590680624695475, 25.927201261907175])",False
15089520932.091835,"array('h', [21.084337385100383, 12.875730950293745, 6.352367536688642, 5.170916481749672, 4.819263176928989, 15.896877527156382, 13.491795047649385, 27.366492369050853])",False
15109610452.32653,"array('h', [21.438563732610103, 12.835633630165743, 6.258059550950596, 4.950809737024824, 4.748209914330581, 15.806408309296891, 12.830226884663915, 26.7953310442162])",False
15129699972.561226,"array('h', [22.062884870128908, 12.728404687637493, 5.908343166430819, 4.694173150913266, 4.825073510836648, 17.525465263856685, 12.931957102153547, 27.99668306844572])",False
15149789492.795921,"array('h', [22.750679822688365, 13.164739991944607, 5.889256912874721, 4.3860296624253206, 4.595221295492761, 17.430770808549372, 12.828824214964403, 27.81489815425725])",False
15169879013.030613,"array('h', [22.288062716221702, 13.749084932347312, 5.799265279449352, 4.532882051315107, 4.621113412391525, 16.22222813035905, 12.225300842510082, 27.77242782415965])",False
15189968533.265305,"array('h', [21.975215146813284, 13.828247803129042, 5.767934226748293, 4.381517559635052, 4.550498096358889, 16.396834130576696, 12.548883261416114, 27.423277768380846])",False
15210058053.5,"array('h', [21.85137530307563, 13.071249051820711, 5.469535549866673, 4.175995028806138, 4.70546119201654, 17.309556296207255, 12.318773736883434, 27.413132502778744])",False
15230147573.734692,"array('h', [21.241763905780125, 12.894296561321827, 5.517604067563333, 4.135331565899693, 4.8121987809363285, 18.094508650524805, 12.621079896742966, 27.65808457483349])",False
15250237093.969387,"array('h', [21.041361097149608, 13.074178728931424, 5.538510458414046, 4.096395438258246, 4.440892783512915, 17.327844559372014, 13.298675399326232, 25.35527427278554])",False
15270326614.204079,"array('h', [20.319919096814058, 13.242962408798743, 5.490349575450471, 3.8439398011037995, 4.176336014511074, 16.87321255964758, 12.813925366003504, 25.234624727942663])",False
15290416134.43877,"array('h', [18.821860667315562, 11.912536230945074, 5.066037121628258, 4.184104683187418, 6.160499505620144, 20.097994847417922, 13.537978177307478, 23.33084991499312])",False
15310505654.67347,"array('h', [18.844561143981313, 11.858959007842463, 5.036102663109048, 4.434139973481974, 8.367506836208056, 24.498255199758304, 14.401364246851541, 25.342454139767806])",False
15330595174.908165,"array('h', [18.415535043243565, 10.893490685915546, 4.600463870096642, 4.226561601050583, 8.658945884318605, 24.73160165322155, 13.688052581226199, 25.904167980474043])",False
15350684695.142857,"array('h', [18.52013989887555, 11.396135876380848, 4.972715006197366, 4.801751629025915, 10.991905155004696, 26.000453910909304, 13.531017088060516, 27.459375983555123])",False
15370774215.377552,"array('h', [18.84203723859761, 13.019191576918077, 5.636375797604785, 5.484986019709031, 12.460563420007093, 26.188173277766374, 13.85203414579236, 28.295816238755183])",False
15390863735.612244,"array('h', [18.277050585691974, 13.549405896043591, 5.810994922158452, 6.012446595322187, 16.494471703400386, 27.034248699883733, 13.627385794405301, 26.93306067864302])",False
15410953255.84694,"array('h', [18.275735533345937, 13.985893915604562, 5.882946033192729, 6.70094182335925, 19.688090712680204, 29.097724629652262, 14.023511158559897, 27.532007774324306])",False
15431042776.081635,"array('h', [18.364282039989167, 14.183685475049115, 6.386674638406407, 7.583210445502337, 22.51170764402922, 30.318544999112703, 13.785391400574863, 26.695059400303013])",False
15451132296.316326,"array('h', [18.746840405074554, 15.361035209272611, 7.1225264996310225, 8.322392220145563, 24.8225140761731, 29.865868595207278, 13.39948936114249, 26.42019913340843])",False
15471221816.551022,"array('h', [18.716700092233307, 17.103692542888485, 9.066129214725533, 9.582629221812422, 27.38857514657333, 29.741601619449433, 14.125176540840119, 26.736953001272237])",False
15491311336.785717,"array('h', [19.193427110162247, 17.525338151479286, 11.881945712746061, 10.899809959757478, 30.340131207664427, 32.74119458370353, 14.926663742741969, 27.514222804948407])",False
15511400857.020409,"array('h', [20.73320087691983, 19.930656625063005, 16.68239551887725, 13.336454060961334, 32.87613652643457, 34.15069103188609, 14.73059481125886, 26.51262240145759])",False
15531490377.2551,"array('h', [21.417252382137285, 24.849081070621686, 21.270967470460587, 14.675322908870719, 37.407116859433216, 36.67211414358783, 14.599999016478664, 26.81487867533181])",False
15551579897.4898,"array('h', [22.206121485866312, 27.530797481074817, 24.75227510990601, 15.305966252297942, 37.266947303873266, 34.12120907811507, 15.280683772504485, 28.327778928598324])",False
15571669417.724491,"array('h', [24.017225256449443, 32.31782642555042, 30.63543024002593, 18.026206112114455, 39.74359260373482, 35.115455108650096, 16.538653277488212, 28.928575163361717])",False
15591758937.959183,"array('h', [25.068036585751383, 36.512753993853735, 33.41096299064766, 19.118339659557847, 41.43409490578003, 37.491233353182295, 18.837113170253755, 29.915042651285223])",False
15611848458.193878,"array('h', [25.396460933119616, 37.074161401706306, 34.07633575474496, 19.066612215611265, 41.54945083158891, 37.324051413161136, 20.112820789570097, 28.446346288323227])",False
15631937978.42857,"array('h', [26.948853527836334, 38.33459594259866, 35.06592310724708, 19.74214225122611, 42.66562447171937, 37.02959810827827, 20.663589233908493, 29.279284967248167])",False
15652027498.663265,"array('h', [27.384549278628565, 39.30009468161488, 36.22471356991243, 20.028107652043207, 39.67849273685145, 34.873971215924705, 21.768035529931826, 29.91508580376669])",False
15672117018.89796,"array('h', [28.342425204770844, 43.248852699873716, 40.05933417262052, 20.51580653375329, 39.71314278669517, 34.45149041319413, 22.0793118660734, 28.955178426319463])",False
15692206539.132648,"array('h', [29.047435394938102, 45.29154750780513, 41.91946111122651, 20.753447201139313, 40.013555748088685, 34.051049440690676, 22.69527402055544, 30.051569829478996])",False
15712296059.367348,"array('h', [29.147743899255566, 45.13303229935471, 42.429112695796896, 20.492323067920402, 40.59736451576563, 35.04274228579382, 23.163046085563053, 31.28097705394861])",False
15732385579.60204,"array('h', [28.886368959141404, 45.18724401604705, 40.84951391466658, 19.23369915841406, 37.92902390487932, 32.59164796940133, 22.902827868450384, 29.709308457735776])",False
15752475099.836731,"array('h', [27.68367193947818, 48.961824961421506, 41.985388164060566, 18.926655856042597, 37.741236627169776, 30.718780933978227, 22.27451736391367, 29.337079624202644])",False
15772564620.07143,"array('h', [27.088598432114605, 48.91786465983882, 40.72933514953688, 19.381622903952376, 38.33104300297239, 31.052832169396158, 23.123663501702218, 31.070162381437076])",False
15792654140.306122,"array('h', [27.929362773992217, 48.641688586522655, 38.9661482018902, 19.60708471969068, 35.31267992366777, 28.00774108525081, 22.53129487083765, 32.44250528965313])",False
15812743660.540817,"array('h', [26.3329428150354, 48.83655526469733, 36.57730780799657, 18.02481869845272, 33.30167507939124, 25.67886307425545, 20.11051944418408, 30.0655452242434])",False
15832833180.775509,"array('h', [24.768727239271637, 44.796801186563535, 32.242923222600304, 15.444307689905726, 30.375319916152407, 22.95158534921145, 18.52491402056684, 29.514067333529336])",False
15852922701.010204,"array('h', [24.603004965465338, 45.62819498505356, 33.77275407287198, 15.791949819929048, 29.596174498524263, 21.50178752493059, 16.36152922482088, 29.210608864295327])",False
15873012221.244896,"array('h', [24.057909423331253, 45.21869106611261, 34.85307093259973, 16.723221807051324, 28.504763124643798, 20.18221617005383, 15.951418461103403, 28.587015024245357])",False
15893101741.479591,"array('h', [23.911540792103512, 45.1304790979614, 36.33168048071891, 16.89671593516622, 26.859770208493096, 18.622788099516132, 14.911280482184505, 27.70227518268475])",False
15913191261.714287,"array('h', [23.82469460438037, 41.12451752612178, 33.804625440227646, 15.854151049373854, 26.756909419822296, 17.753191135680527, 13.800300588198679, 27.018464203474732])",False
15933280781.948978,"array('h', [23.700831554646953, 38.63147970710423, 32.10473395482481, 14.842824171194192, 26.231464132970196, 18.073444844771473, 13.762631932391484, 26.655483885788634])",False
15953370302.183678,"array('h', [24.958250948789864, 41.29371573000334, 34.82085006854335, 15.83717315729716, 24.87546518282267, 18.14126530571941, 13.45161993917457, 26.08262587658493])",False
15973459822.418365,"array('h', [26.891758553005037, 42.47699654286984, 36.68911863895295, 17.02804510124008, 24.81249444234317, 17.85210408790965, 13.480881355516928, 27.749364784874185])",False
15993549342.65306,"array('h', [27.172094892503008, 42.68103378684238, 36.17397721508431, 17.83614434668519, 27.166242644111822, 18.952437313973363, 12.570570289395144, 27.783330616152295])",False
16013638862.88776,"array('h', [26.90221728030294, 40.15338400244907, 34.88169997175813, 17.415692563549687, 26.306673495535062, 18.58676098386137, 13.407040785142655, 28.294932826736673])",False
16033728383.122448,"array('h', [27.81330633641946, 39.920876894865366, 36.643201867567925, 16.981242094965875, 25.45470669964963, 18.482291231616735, 13.268314028148955, 26.831882429588905])",False
16053817903.357143,"array('h', [27.324652917839554, 37.81041588076437, 34.997714590965856, 16.70511844540075, 26.636945311184807, 19.71308217740945, 13.81773865739756, 27.577526283410062])",False
16073907423.591835,"array('h', [28.94242407808982, 37.16430386786492, 35.76092447987483, 17.509855585699096, 28.13113219449306, 19.30336456528487, 14.29015750419921, 28.591897719472357])",False
16093996943.82653,"array('h', [28.82452255430104, 37.75881344453738, 37.004912078869445, 18.59994170228084, 29.49595817786642, 19.762201657381606, 14.029242757567355, 26.8610055650949])",False
16114086464.061226,"array('h', [28.31405053612103, 36.46425632584426, 36.17599246274712, 17.459796196865877, 28.718209164391002, 19.816755148806703, 14.607728388902409, 28.58142269628931])",False
16134175984.295921,"array('h', [28.773871004593467, 37.054410289788194, 36.50131535412433, 16.37184541703155, 27.753584970697055, 19.978433224401364, 15.350024697760634, 30.296790619180275])",False
16154265504.530613,"array('h', [29.204729115249723, 37.407908134745824, 36.30162052687404, 16.165878417320158, 29.773532146867456, 21.00628429477382, 15.597513139472495, 31.374189587519584])",False
16174355024.765305,"array('h', [28.241694400405773, 37.84810802809645, 37.085201696956034, 17.24906660361185, 30.30945944311634, 21.552645832111075, 15.514049620736607, 31.602828080847])",False
16194444545.0,"array('h', [28.476271787089377, 34.59127238728397, 35.93519519356866, 17.396778442604617, 30.3399458033526, 20.534432027872693, 15.410188393761251, 32.31885138549204])",False
16214534065.234692,"array('h', [27.901240770696003, 35.42654706977686, 36.74763647515039, 17.07387418608195, 30.578991777384203, 20.271246852607568, 14.89508953122657, 32.57476984172271])",False
16234623585.469387,"array('h', [26.69927975422849, 36.02978943689107, 37.179092689314224, 17.227719561742823, 29.62959539755417, 19.908045089754566, 14.807559208621297, 32.496031676054784])",False
16254713105.704079,"array('h', [26.760061754894448, 34.80009749860079, 37.74964586086943, 17.9508129407652, 31.350605630009014, 20.33299158255353, 14.684794061781972, 31.066326349499995])",False
16274802625.93877,"array('h', [26.518115861242293, 33.55138202579621, 35.5056577165027, 17.406152594718606, 29.752036017777737, 18.92088468844632, 14.03669711033498, 29.877478533174052])",False
16294892146.17347,"array('h', [26.906156113603284, 32.727440616069174, 36.33938193590622, 18.442641879170385, 31.412463959858012, 18.515493720808024, 13.52515308203559, 30.255689704668796])",False
16314981666.408165,"array('h', [26.97186578065226, 35.493919803057565, 41.02256973385634, 19.947992002767105, 31.930518159215673, 19.181523940293598, 13.102620322007985, 28.88604696328058])",False
16335071186.642857,"array('h', [27.67969048476248, 37.556689575947544, 42.92665032045826, 20.497683804068156, 31.38911862230069, 18.932098370043082, 13.389118800252291, 28.814766515270993])",False
16355160706.877552,"array('h', [29.411371457973726, 37.84407830092772, 43.79625663412046, 21.911248451875817, 32.594110662883516, 18.839500990599877, 13.525699862951464, 29.257649054765302])",False
16375250227.112244,"array('h', [29.56924812416489, 39.34803914807699, 43.74107037432208, 22.81358010678471, 34.26422370887587, 18.56657152458485, 12.334571679061558, 27.076582998070855])",False
16395339747.34694,"array('h', [28.501464370103367, 40.40441018577515, 43.70885179196793, 23.68722854345257, 34.27723204895092, 18.58497163512839, 11.805618868104286, 25.07625765775933])",False
16415429267.581635,"array('h', [28.914584265641473, 40.76165496973698, 45.20051103627469, 24.55847938727702, 32.7301255627775, 18.170734297722507, 12.144179132644274, 24.1470571825498])",False
16435518787.816326,"array('h', [29.92886702246826, 44.86095037644385, 49.63559283791007, 25.518268743342293, 32.61882063584218, 17.647253082969293, 12.40316654128543, 24.561998582981765])",False
16455608308.051022,"array('h', [27.165219077215134, 45.4456604371171, 47.7299834188235, 25.359153730018352, 31.238445115445945, 18.390902914430512, 12.886149891148618, 22.451134861135817])",False
16475697828.285717,"array('h', [26.806287777798456, 43.45357091962126, 45.67962113765086, 24.525136831971984, 31.659383536731074, 18.711649550344877, 12.638344328646786, 21.067466506893837])",False
16495787348.520409,"array('h', [27.11132103736712, 44.11697041319729, 45.22133852484057, 24.35916622010446, 31.701566302354966, 19.88482284811892, 13.039158490180727, 21.367567223311916])",False
16515876868.755104,"array('h', [28.255761832866177, 43.543997397261094, 43.576204881213485, 23.318302635472822, 31.26664598001942, 19.851788501632363, 12.968209085925688, 22.882289390327283])",False
16535966388.9898,"array('h', [27.515657263294692, 43.829956429955914, 43.743496715405456, 23.531259798133494, 30.611508560206893, 20.470493535268233, 13.331677657123919, 22.93915899135287])",False
16556055909.224491,"array('h', [27.059896897437042, 43.223115218077325, 41.62737800481136, 23.02054565886541, 29.707768072153925, 20.284756037308522, 14.581083059196535, 22.693106060984405])",False
16576145429.459183,"array('h', [27.03551842537371, 43.34659519681667, 40.51157507451421, 22.305105557668213, 31.55275349226525, 20.063269454183203, 14.727590592581812, 23.72259381492146])",False
16596234949.693878,"array('h', [25.753887920521258, 41.76305879175772, 39.13413565823616, 21.378610074293203, 30.75361024935257, 20.60733254540531, 14.649778502980226, 23.928225513870444])",False
16616324469.92857,"array('h', [24.538218159172924, 40.90546640037699, 38.461467787978314, 20.010165779342437, 30.12601453014408, 20.88851905779695, 14.808581832288661, 24.372299267869654])",False
16636413990.163265,"array('h', [23.700217599809537, 37.34230851933889, 36.74124878576707, 19.1581051168643, 28.752330016941627, 21.319070263198814, 14.60022854094441, 24.343291777354175])",False
16656503510.39796,"array('h', [24.30860705866624, 37.3363590473182, 36.690176146066996, 18.985450867759074, 30.359869745791517, 22.763381066280115, 15.022376520506532, 24.43192948820029])",False
16676593030.632648,"array('h', [23.441857802399255, 35.66777199259112, 32.38061690912021, 18.305950093893593, 30.50722757169592, 23.964585173640064, 16.277612324344496, 24.706207513918578])",False
16696682550.867348,"array('h', [23.85770307529365, 32.28068371780295, 28.911311619693656, 16.87592967031407, 30.041095882031907, 23.911103344453473, 15.61820538880234, 25.292816283321567])",False
16716772071.10204,"array('h', [25.265800479606153, 31.776214477514653, 28.734218003883463, 16.828567323125263, 30.606510153174938, 23.476136693145094, 15.328422989835468, 26.01305683300147])",False
16736861591.336731,"array('h', [23.623313112540256, 30.69027115035793, 28.73543512607355, 17.056565811979223, 29.696914130129354, 22.279684324031017, 15.160190449419174, 25.82049950924654])",False
16756951111.57143,"array('h', [24.4481604161253, 30.3842488162069, 27.254062420464823, 15.513121704504854, 27.913679295711958, 21.425039475690312, 14.983585198080036, 27.076557721887067])",False
16777040631.806122,"array('h', [25.189892750176444, 32.32402820065559, 28.310332417990953, 16.454412206616816, 28.285369977680457, 21.740451525305158, 14.8153133893948, 27.82662534045336])",False
16797130152.040817,"array('h', [25.933484198581063, 34.73298333923224, 30.160174973467406, 15.97803977515069, 27.97611000080104, 20.817305723240665, 14.073398258685692, 27.70661278606897])",False
16817219672.275509,"array('h', [25.54201968591351, 31.678327752996502, 27.08401055238607, 15.890747712777177, 27.352646795806308, 21.272852948438953, 13.591204960230614, 26.12766520310248])",False
16837309192.510204,"array('h', [25.25358958210968, 28.08258991264577, 23.835091112955038, 15.808634195660787, 27.230491100968994, 21.336439513267386, 13.263367444963638, 24.489937101445637])",False
16857398712.744896,"array('h', [24.983244160037806, 27.22698266104517, 22.126613210425898, 15.47932384873848, 26.657578239281754, 20.04571965377284, 12.798572617383178, 23.15695122882888])",False
16877488232.979591,"array('h', [24.496371739002566, 27.5996460923986, 21.94516801686393, 15.241932295564267, 25.93919779060788, 19.878260638154188, 13.092194045469986, 22.534512143683607])",False
16897577753.214287,"array('h', [24.012896568071675, 27.756932174603232, 21.0161712488731, 14.627799774901703, 25.16597069791045, 18.888522046861077, 14.622476936137852, 23.539245730202886])",False
16917667273.448978,"array('h', [22.625313646372735, 26.392767346822243, 20.507947624786375, 13.869278508979388, 22.725499404015903, 17.664754735854586, 13.451477134976294, 23.313643517999687])",False
16937756793.683678,"array('h', [22.810701109695835, 25.93488539413001, 19.88977591250552, 13.65574966372639, 21.669650785350285, 17.556476497277384, 14.570699454733209, 22.270883638288982])",False
16957846313.918365,"array('h', [22.14821626244986, 25.182396569115156, 18.996278434270998, 13.954439149563186, 21.08539952411871, 17.26676714977471, 15.621255959751311, 22.92959370991236])",False
16977935834.15306,"array('h', [22.610346547505443, 24.725902805492915, 17.595966241571528, 12.990696218814909, 20.078603473681806, 19.036461378564294, 17.023194697156946, 23.95886792988022])",False
16998025354.38776,"array('h', [22.765579830540315, 22.58571650096696, 16.061556716344082, 12.555661845088547, 18.412263181221526, 18.75864268253947, 18.434997132214, 23.59520371680896])",False
17018114874.622448,"array('h', [20.085868776673344, 20.235115453462843, 14.723298661302143, 11.594604038107258, 16.758164571890916, 18.64991148743979, 17.862206390503754, 22.69352091358843])",False
17038204394.857143,"array('h', [20.07121594765581, 16.602284758018815, 10.167829595417851, 9.482883557693867, 15.3606154868049, 17.950446054111048, 18.242937260536273, 21.757483643940258])",False
17058293915.091835,"array('h', [19.999338297022998, 14.347624688785254, 8.627910581447962, 8.506581899605882, 13.808512661265658, 17.619970011484916, 18.21783700865815, 21.21953291230769])",False
17078383435.32653,"array('h', [19.648658652070036, 14.648188866228963, 8.219870171849601, 7.306405089522426, 10.862512486316668, 15.833989707844124, 17.936063586216598, 21.088703431071828])",False
17098472955.561226,"array('h', [20.355678569738565, 14.717638625466186, 8.255729449413488, 6.70918150163477, 9.27929763136696, 16.89010210408449, 18.187634791907247, 20.699087217038485])",False
17118562475.795921,"array('h', [22.893141586667593, 13.792509585710475, 7.258301527625729, 6.513990388233849, 9.00427929014344, 18.210968106172082, 19.28453582394019, 22.88815012601663])",False
17138651996.030613,"array('h', [24.170615714379554, 13.209924561898527, 6.79857251805444, 6.809986075523185, 9.132177038111356, 18.312407509410896, 18.45028990669857, 24.243661894185546])",False
17158741516.265305,"array('h', [23.570033946772856, 12.785418948426432, 6.5938899785799565, 6.523619313449969, 8.286216025086441, 18.78256313242307, 17.758617320477867, 24.355370955780558])",False
17178831036.5,"array('h', [23.295636964982535, 12.788162715081427, 6.268747266638261, 5.949754288484507, 7.722925607486255, 17.150832866836605, 16.70729280480477, 26.20254545788742])",False
17198920556.73469,"array('h', [21.58490685596837, 12.14972880669783, 6.288900152036018, 5.279733791437325, 7.037600123334602, 16.89465828310408, 14.905719435476037, 25.45329366532595])",False
17219010076.969387,"array('h', [21.074379912646744, 11.314746091654678, 6.601620281022674, 5.299144539858706, 6.590900278476297, 15.064118534558926, 13.59417469651423, 22.937072790032634])",False
17239099597.20408,"array('h', [20.092310154162675, 11.470527516631687, 7.186253146593723, 5.509789713362842, 6.375118600303013, 13.528634906712382, 11.267346717345935, 22.18275952606192])",False
17259189117.43877,"array('h', [19.424582968178807, 12.63223250745826, 8.145422683902783, 5.743094402490287, 5.763282327297342, 11.725771011832029, 10.138285025952444, 20.810294747064066])",False
17279278637.67347,"array('h', [18.136153743348782, 12.656633655624018, 9.438415260497743, 6.251260976597784, 5.4834056575658225, 10.902120861998295, 9.956162812767332, 18.65328698826177])",False
17299368157.908165,"array('h', [16.223875037559605, 12.702064137615311, 10.249169486304629, 6.730729153760867, 5.4239075083371056, 10.643153117827277, 9.070028226193523, 17.9963004586532])",False
17319457678.142857,"array('h', [15.714383538668878, 15.05447141533733, 12.32577051542203, 7.416813103137888, 5.502133935683824, 10.070832483747957, 8.416437246843984, 17.048705576528924])",False
17339547198.377552,"array('h', [14.666313143976696, 16.022469729114874, 13.938838354755381, 7.750472243774628, 5.385935926222553, 9.501776208060281, 8.701675072008843, 16.47141062925313])",False
17359636718.612244,"array('h', [11.662003133061427, 17.241550784575626, 15.546098955062174, 7.929709450281236, 4.690669252318711, 6.793321647811171, 7.697398706437023, 14.253304421037797])",False
17379726238.84694,"array('h', [8.492169064136775, 18.92890424993504, 17.585422380013284, 8.438633240289615, 4.407229489838953, 6.157093359247727, 6.9007485437371185, 11.148674819542709])",False
17399815759.081635,"array('h', [7.268247518871884, 21.482339120059237, 20.242840922029515, 9.168259304819115, 4.1223531560975974, 4.781505936571264, 6.682619897578663, 9.710944526569326])",False
17419905279.316326,"array('h', [7.071204272060372, 24.892545856007843, 23.447066209332128, 10.470153360647057, 4.343590542228226, 4.2861150500720315, 6.931660620514247, 7.912977336212411])",False
17439994799.55102,"array('h', [6.868357118492122, 26.651863750467786, 24.69110836803865, 10.818505111356501, 4.340660209277727, 4.179614444395092, 6.6087048462971465, 6.029177819265901])",False
17460084319.785717,"array('h', [7.246046934737942, 31.467312134972822, 27.32056890927463, 11.587634918454786, 4.506866728650834, 3.975729595656123, 6.9088378685463425, 6.2667084879300345])",False
17480173840.02041,"array('h', [6.959733926100555, 31.947492893297238, 27.446060765748353, 11.628583323256318, 4.521376460682437, 3.920565585324578, 7.604437098419007, 5.724654444244882])",False
17500263360.255104,"array('h', [6.844469886355804, 32.677464507396984, 28.910591186984878, 12.146273845371905, 4.6632046695212015, 4.00835801632707, 7.9998847700600955, 5.43455830860114])",False
17520352880.4898,"array('h', [6.9216051396102785, 32.25413601729471, 29.02947369751778, 12.75328450137452, 5.06622574191512, 4.159494587843141, 8.10990816489666, 5.395249423686198])",False
17540442400.72449,"array('h', [6.64382673098878, 32.15070802599817, 29.033883400392828, 12.780727630010226, 4.900666352417364, 3.9025912474026074, 7.687686966145554, 5.416769799418748])",False
17560531920.959183,"array('h', [6.783672997650322, 31.475782972937658, 28.596157437056398, 12.502042122519626, 4.672512216856473, 4.51287378906348, 7.998312841279071, 5.7889981718997525])",False
17580621441.19388,"array('h', [6.551958548504898, 29.019003962687165, 26.460374078862817, 12.342274026744724, 4.615103238884689, 4.597056970648101, 7.8179762463383256, 6.16925978713246])",False
17600710961.42857,"array('h', [7.599571650829339, 29.315012693558426, 25.673633467674215, 12.422072151032687, 4.94849126869815, 7.025467483873667, 8.142016091647477, 7.7463786242931505])",False
17620800481.663265,"array('h', [9.238868078875223, 28.03801756721758, 24.224292350656924, 12.019316395175696, 5.962244881024022, 10.350268833699868, 9.097873308968266, 9.941270432595628])",False
17640890001.89796,"array('h', [9.985583157107829, 26.58700606183099, 22.510659870796786, 11.708815676492732, 6.408503347673182, 11.370773630785663, 8.815464444660504, 10.649100634146357])",False
17660979522.13265,"array('h', [10.357492633261584, 23.16511624902293, 19.168921524496103, 10.475518453737006, 6.68617398826442, 13.052027446094073, 8.530709301662206, 10.705537034859823])",False
17681069042.367348,"array('h', [10.305912794817429, 21.26095203298143, 17.254524203427998, 9.605559788799017, 6.514142429181884, 12.703180698979759, 8.104582222859827, 10.59936084810086])",False
17701158562.60204,"array('h', [10.191390258272646, 17.95563372659563, 15.350721994319967, 9.224428920148057, 6.442497948473992, 13.08254493734846, 8.353660752951429, 10.57306022401192])",False
17721248082.83673,"array('h', [9.255324580800767, 15.02011794444326, 13.53621595254963, 8.64526655032481, 6.294031795221376, 12.961242899404828, 7.574483664259937, 10.125452894332064])",False
17741337603.07143,"array('h', [8.979696390164936, 14.668116578626085, 12.378365243879001, 8.141647891039295, 6.20505557527298, 12.954882486352131, 6.856303969927863, 9.929889293857332])",False
17761427123.30612,"array('h', [8.489275625098577, 12.698291125946785, 9.891578913607784, 6.883752391166336, 5.7934579198996445, 12.453362175896231, 6.399818247500516, 9.437208573770201])",False
17781516643.540817,"array('h', [8.395869903361318, 12.74232318490902, 9.416415037863421, 6.192249867691747, 5.450677224188397, 12.51303164078786, 6.2228616598528115, 9.524241261149866])",False
17801606163.77551,"array('h', [8.128043559410864, 11.20703773503368, 8.201736350939806, 5.865595728729071, 5.5535401541248, 12.26509442274326, 5.936848145774891, 9.223951681985637])",False
17821695684.010204,"array('h', [7.738670352866279, 10.977461233587334, 7.738410995811455, 5.678559427179267, 5.422565780488872, 12.170905305227173, 5.647433006291418, 8.953807130995155])",False
17841785204.244896,"array('h', [6.933243610150931, 9.797717999938918, 7.181565250566965, 4.936939664289482, 5.147728408653731, 11.215745487740826, 5.171759034685953, 7.885183787726649])",False
17861874724.47959,"array('h', [5.090662830129673, 7.930248915614181, 6.331945534661126, 4.630138663597475, 4.239776738024065, 7.585399132729101, 3.6234128214332086, 5.590367703647928])",False
17881964244.714287,"array('h', [3.7589623782817334, 6.927814925032913, 5.6843711977852465, 4.173213393928884, 3.1079861015274046, 5.663908786433467, 2.92803936333425, 3.8702256792746677])",False
17902053764.94898,"array('h', [3.1039906202704883, 6.381420249291683, 5.230334075194336, 3.67675372770789, 2.5767094787269547, 4.079834402368149, 2.71080885018363, 2.9514597763283517])",False
17922143285.183678,"array('h', [2.6031228599457035, 5.6691022935191935, 4.867881552713707, 3.5546720127300535, 2.139239002201115, 3.160961849526873, 2.3528036842228865, 2.64548395741655])",False
17942232805.418365,"array('h', [2.2194100852595096, 5.405954199586926, 4.787196682081641, 3.412639712231099, 2.1770299654991776, 3.178615703667756, 2.0256885873114268, 2.298789717302949])",False
17962322325.65306,"array('h', [2.066799345330051, 4.871345228256138, 4.062796723737663, 2.9209006130530986, 1.80696699398628, 2.586281717410622, 1.7654175482709065, 2.1098546744514017])",False
17982411845.88776,"array('h', [1.9348208092904715, 4.322179751011833, 3.829640091683703, 2.721372661815167, 1.8192987967310863, 2.642965946761323, 1.748646317827693, 2.006598733952542])",False
18002501366.122448,"array('h', [1.8286683061223545, 3.810362985196069, 3.751004368801396, 2.6785209592446906, 1.6724896049256497, 2.419019314632926, 1.6145417336926045, 1.8832938900579632])",False
18022590886.357143,"array('h', [1.665110680434357, 3.9760573873572818, 3.6207284451067343, 2.535938032492708, 1.6727525989120289, 2.4732085188997375, 1.6544614221629668, 1.8092125036226323])",False
18042680406.591835,"array('h', [1.4487748962779445, 3.9144223715631, 3.1627381533450394, 2.3344091870613033, 1.3891430432793173, 2.099134605997424, 1.5650507387337933, 1.4670710186904072])",False
18062769926.82653,"array('h', [1.3235092676782674, 3.690845631759993, 2.930987326645977, 2.1158351191854248, 1.261053714298219, 1.7921684689397617, 1.6030656370869678, 1.3738915104677198])",False
18082859447.061226,"array('h', [1.3720183594006943, 3.581390725780091, 2.722390561434828, 1.8812660332184965, 1.1448298323017478, 1.3948837664525882, 1.3788409228266856, 1.2433250489108791])",False
18102948967.29592,"array('h', [1.3428451775782462, 3.5669211042324953, 2.7452283281111676, 2.0056187181038094, 1.2555389318319117, 1.4788938481327514, 1.4227677320272194, 1.260167156104632])",False
18123038487.530613,"array('h', [1.369773132939119, 3.588193242959262, 2.4503711580746255, 1.7887086498325593, 1.1425834747585741, 1.1570841073379992, 1.3262604511755074, 1.070315245088566])",False
18143128007.765305,"array('h', [1.268726825477125, 3.1529120719896735, 2.5607721039925115, 1.999049798483316, 1.3000978679478392, 1.3342325861461974, 1.3838857906840636, 1.147492299442494])",False
18163217528.0,"array('h', [1.3052736373751097, 3.220219447307133, 2.2392324704209017, 1.6962411084258102, 1.2153221271835994, 1.0372215525747186, 1.224069901771994, 1.00114965190596])",False
18163217529.0,"array('h', [0.445561626260895, 1.999736310004126, 2.362488311474327, 1.3947281713280226, 1.4279810794281234, 0.8510769905292037, 1.4663873149759488, 0.7574999296171322])",False
18183154540.219513,"array('h', [0.04791701652112742, 1.1523465834380116, 2.0914567035903624, 1.7454424498586751, 1.1493781888227959, 0.7366552953804818, 1.1344243449992717, 0.4170867928381352])",False
18203091551.439034,"array('h', [0.40862852137411426, 1.4242185968471492, 2.1183604035770975, 2.8885159584386377, 1.1016394724687828, 0.6971913394308168, 1.0846599026837318, 0.5569323030473535])",False
18223028562.65854,"array('h', [0.6737295264795732, 1.922902360608787, 4.148146942272628, 3.844930091488504, 1.4853759984838824, 1.1051591525805047, 1.1051432376008417, 0.6010341841499591])",False
18242965573.87805,"array('h', [1.2034545641453385, 2.848509909503969, 7.505555308271989, 8.033349583069809, 2.6649233419102667, 1.304585539244097, 1.001311775252872, 0.9469303945903568])",False
18262902585.097565,"array('h', [1.385892601407025, 3.8514266636074512, 10.848839513341256, 12.202471235168602, 4.169385942639156, 2.0134177846602146, 1.3292901549358642, 1.162868414850209])",False
18282839596.31707,"array('h', [1.7658229653862016, 4.88028702541696, 16.42184647534084, 15.453984172122496, 4.839159019123028, 1.9956711960508822, 1.288735711565815, 1.3983251104138512])",False
18302776607.536583,"array('h', [2.021600211564731, 5.728754095822385, 17.558540659322052, 17.452208962945658, 5.846980567108924, 3.2748049024546217, 1.8363370134924295, 1.525357565944441])",False
18322713618.756096,"array('h', [2.4334643892573937, 6.76188083862742, 21.319756975868852, 22.13232737979234, 6.539241776411687, 4.096300766431163, 2.1206667763330325, 1.9067335637842378])",False
18342650629.97561,"array('h', [2.7546267365877806, 7.153744389455731, 22.956382766436164, 24.155581274428652, 7.1902804524098185, 4.055705434152661, 2.5659272450831585, 2.571941138010129])",False
18362587641.19512,"array('h', [2.8490399331887764, 7.561930823651828, 23.91060178589927, 23.382249690137513, 7.098958829847587, 4.737108676230123, 2.888839266592441, 3.1984784650943956])",False
18382524652.414642,"array('h', [3.170922569823736, 8.103354748577882, 24.616426061978643, 25.66274900697537, 7.814363851779378, 5.071113366749425, 3.1333112441446715, 3.633859734465032])",False
18402461663.634148,"array('h', [3.2292346312077, 8.701734177709714, 25.22455508747411, 24.934885741302573, 7.885407841896267, 5.4813420554562935, 3.4921142234636444, 3.9307390207639696])",False
18422398674.85366,"array('h', [3.6059183279387437, 9.712934440241897, 28.935879187959287, 27.220974702011056, 8.466984255882375, 6.915337111612954, 3.9198499813408243, 4.744460672825377])",False
18442335686.073174,"array('h', [4.48196334486986, 10.38126687504667, 31.37254165413646, 29.14789901839662, 9.157808280004014, 7.587584609693808, 4.552788821683911, 5.596925436887269])",False
18462272697.292686,"array('h', [4.960143271321575, 10.931367840430944, 32.86164463946711, 29.753736656153464, 9.261883673031084, 8.440115007057578, 4.732519729151156, 6.204819714749916])",False
18482209708.51219,"array('h', [5.466532941365032, 11.263077734410958, 32.427773949237135, 29.70066650185408, 9.411354211465701, 9.270497483043254, 4.985462641077326, 6.690617418687884])",False
18502146719.731705,"array('h', [5.487116947879354, 10.891239653128766, 32.002478795653566, 28.388816385953778, 8.961913104990957, 9.633635063852935, 4.942383570437515, 6.660948278954387])",False
18522083730.951218,"array('h', [5.84888495325801, 10.620988911749423, 29.484886868499427, 26.43772192783018, 8.441027613734269, 9.779726616232681, 5.008460719437463, 6.820953972650592])",False
18542020742.17073,"array('h', [6.152335094739509, 10.326019462123867, 26.919774243223763, 24.359041616389305, 7.850745936663922, 10.23490593550263, 4.8949011736439445, 6.830396768496875])",False
18561957753.390244,"array('h', [6.738085111616482, 9.684202570875728, 24.958885585634114, 21.926639867171417, 7.196567358751378, 9.745699878865038, 4.821847332723072, 7.251281831882009])",False
18581894764.609756,"array('h', [8.030239004167687, 9.489940100550346, 21.259851159614946, 17.535245015657733, 6.427493511909866, 9.857107176042115, 4.699289427487994, 7.316011782694755])",False
18601831775.82927,"array('h', [9.267983832736396, 9.562423081853236, 19.49492401958781, 16.389731230674318, 5.883120222598838, 9.87582356341481, 5.0136930870138485, 7.661165872980449])",False
18621768787.048782,"array('h', [9.98575754027469, 9.322751543713654, 16.982142663044648, 13.929036966665812, 5.676494832244816, 10.896389741765848, 5.445828224199525, 8.167635087780729])",False
18641705798.268295,"array('h', [10.430911248639504, 8.82039164060165, 15.241398306083859, 11.203269891443044, 4.971409479174802, 12.013758727591961, 5.810097178872882, 8.775018332481011])",False
18661642809.48781,"array('h', [11.678651912781607, 7.879110618138566, 11.794614941255237, 9.977367791777406, 4.660764925052438, 11.89409917605821, 6.064647770089498, 10.054963462242057])",False
18681579820.707314,"array('h', [13.717465962742867, 8.03636744667785, 8.628838751640869, 6.994491822819575, 4.057325839713687, 12.249511989811042, 6.137147035592165, 12.374421529186742])",False
18701516831.926826,"array('h', [14.316021689323549, 8.520034123369776, 7.109224000259403, 6.221796060846631, 3.9822011724739297, 13.185838432314942, 7.1177977467833875, 13.903308997488748])",False
18721453843.14634,"array('h', [14.557462696093515, 8.576689894324332, 6.407490181854334, 5.67309423346635, 3.94546962785562, 13.109402749306643, 8.360400066753453, 15.013261474876474])",False
18741390854.365852,"array('h', [15.124672710552758, 9.014483425522567, 6.012999052911633, 5.295070961765939, 3.933758418090398, 12.765139998612971, 8.959608511408968, 16.945224421014377])",False
18761327865.585365,"array('h', [16.238824225677057, 9.587930872106561, 5.7053092745919205, 4.887949034746157, 4.130811320944675, 14.066426902490564, 9.620328151627158, 18.039445076078326])",False
18781264876.80488,"array('h', [16.88966390865991, 9.904611797059816, 5.603309051270766, 4.74491932561376, 4.2333596981708395, 14.50404950424671, 10.218980838272, 18.63058594307358])",False
18801201888.02439,"array('h', [16.98569487020575, 10.172221107079885, 5.469969790375971, 4.4454074198313975, 4.2595094796310695, 14.158062531831517, 11.41870483798474, 20.185247620644564])",False
18821138899.243904,"array('h', [16.15394743333407, 9.775372411342222, 5.115970346488293, 4.155140595460495, 4.129391465358615, 14.284340261379816, 11.878132118458261, 21.26546837329082])",False
18841075910.463417,"array('h', [14.89769558878207, 9.45974229684928, 5.165241921430942, 4.012439609367751, 4.15177556546987, 14.261846549164403, 12.187721504953322, 22.364397081126594])",False
18861012921.68293,"array('h', [14.526923536288997, 9.376594631204478, 4.902784500793133, 4.077531051337458, 3.9898741541395233, 14.093080604217501, 12.027921691717085, 23.29125583694305])",False
18880949932.902443,"array('h', [14.065382935726122, 8.751209993626796, 4.875792637731078, 4.0566265340848995, 3.7408497415915196, 12.283174995981124, 12.65822987898506, 23.667934688305362])",False
18900886944.12195,"array('h', [13.726539022810433, 8.73023581340534, 4.882869805530607, 4.215678566058109, 3.795664461938103, 11.763088115272993, 12.846005221636705, 23.570405996566837])",False
18920823955.34146,"array('h', [11.938888237508861, 8.21359273571657, 4.5890231458048065, 3.906827199688345, 3.644304111889558, 10.574913458900914, 13.807410574773796, 22.997559704176375])",False
18940760966.560974,"array('h', [10.395513384403081, 7.563438518261939, 4.23366816887499, 4.038499262881923, 3.646409016202469, 10.871454083445293, 14.537111953677922, 22.455116942454275])",False
18960697977.780487,"array('h', [10.742707781309655, 7.408774108957283, 4.019769472991305, 3.8748334764988774, 3.690348993399389, 10.432442328311641, 14.138755356679097, 23.115570477849158])",False
18980634989.0,"array('h', [10.934627221982629, 7.257770398552913, 4.044073319613088, 3.992355719737897, 3.726007143866901, 11.082426018909475, 13.882727251857101, 23.063546501584216])",False
19000572000.219513,"array('h', [10.530733522631444, 6.854186731742413, 3.840235263041688, 3.688651889575013, 3.6921227995770227, 11.445784957243328, 13.577006971891109, 22.06560902557338])",False
19020509011.439034,"array('h', [9.751017452770139, 7.034153235397675, 3.883773486699827, 3.9903908203161778, 3.811185223665604, 10.7242083489069, 13.786693424929979, 23.734958613738993])",False
19040446022.65854,"array('h', [9.814424419546803, 7.103621486475675, 3.989743741609652, 3.9928543364435263, 3.8859345537570564, 12.215214124633077, 13.906781507003027, 24.541665558110033])",False
19060383033.87805,"array('h', [9.841127842018535, 7.199420352629614, 4.251594116931992, 4.155758675015265, 3.920760635110982, 12.286942668643816, 13.830231282832242, 23.774170797359194])",False
19080320045.097565,"array('h', [11.193351424454805, 8.39530217078473, 4.405716245567047, 4.046548334491752, 4.1673838889923935, 13.210901964608553, 14.118499979660676, 23.83456739987573])",False
19100257056.31707,"array('h', [11.615876365034968, 8.69096654800172, 4.548056419102484, 4.069363600775794, 4.244826067659863, 13.452554527916035, 15.05458169209343, 24.54999990318701])",False
19120194067.536583,"array('h', [11.902353750873077, 9.072496024572681, 4.761790943445056, 4.039089509225321, 4.362465077038511, 14.18569876596708, 15.611418835830365, 25.628237776785923])",False
19140131078.756096,"array('h', [12.318003559332377, 9.671078598665817, 4.7994677712894225, 4.104476002832946, 4.413281086605718, 14.92411595775407, 15.222777387337745, 26.35137956933175])",False
19160068089.97561,"array('h', [13.946583714691595, 10.228702892531697, 5.05766008579764, 4.20361438882407, 4.725980408724499, 15.542210647361738, 15.884055721679577, 28.270077906204016])",False
19180005101.19512,"array('h', [14.534050376797982, 10.565529053505516, 5.156869984029375, 4.410218258649945, 4.704742743017831, 15.523960642344543, 14.955567269910999, 27.77260132593441])",False
19199942112.414642,"array('h', [14.453043530318574, 10.552741739286759, 5.235657312136341, 4.112187149817169, 4.690145194225421, 14.261694052104403, 14.011214780782097, 26.228939455892675])",False
19219879123.634148,"array('h', [14.495816192296482, 10.672644634933576, 5.052411471012561, 3.99272870246263, 4.588663698692935, 15.974148174314172, 13.558280571123973, 24.807954847285835])",False
19239816134.85366,"array('h', [13.875568922692262, 10.846553392482532, 5.084234384997309, 4.174166119193169, 4.903268815724166, 17.382841934332312, 13.948881185545273, 24.60760711731332])",False
19259753146.073174,"array('h', [14.803373649999644, 11.376807414263197, 5.022396858106924, 4.713117825771738, 5.979724519541367, 18.189874163343248, 14.017308837317712, 24.957253675045695])",False
19279690157.292686,"array('h', [14.685268290366729, 10.953980738568236, 4.981018764840812, 4.594765495106081, 6.521026558769794, 17.733913311147223, 13.957613375367385, 24.571848618100862])",False
19299627168.51219,"array('h', [15.440691774880351, 10.904747900506942, 4.998593315637396, 4.9058457869301915, 8.459428223425792, 18.58136846686274, 13.353553012890131, 25.18699048971379])",False
19319564179.731705,"array('h', [15.484779206392313, 10.922135389171384, 4.948592073543478, 5.38531574190791, 10.9716436652928, 20.432178079473655, 12.964790700629319, 25.210003236983923])",False
19339501190.951218,"array('h', [14.600783204969712, 10.145668285189494, 4.878123689978617, 6.146185779620326, 13.667352996817861, 21.12884476612241, 12.417744357889307, 25.068568140882256])",False
19359438202.17073,"array('h', [14.079971986453504, 9.644849811677501, 4.507946923737946, 6.321285507974925, 16.8072987459092, 23.303587085659174, 11.672121102000899, 23.106143226988895])",False
19379375213.390244,"array('h', [13.840547903198491, 9.984114080812752, 4.366349818340911, 6.795564159528826, 18.694419842500416, 24.619305542945852, 11.633291808483822, 21.95741972611466])",False
19399312224.609756,"array('h', [13.156465929957626, 9.727591855373008, 4.123452456379084, 6.523020096034542, 18.782626629739838, 24.769654929084925, 10.882887088416439, 20.248593001459223])",False
19419249235.82927,"array('h', [12.848214569306712, 9.879357568008274, 4.194750281756099, 6.856106522140419, 20.17303805852327, 25.500127752449348, 10.647242930234732, 19.914521280364326])",False
19439186247.048782,"array('h', [13.157219780641249, 10.384350659911906, 4.76071961331664, 6.762599760381651, 21.71524341769146, 26.583948377643644, 11.136588238096941, 20.380757383476865])",False
19459123258.268295,"array('h', [12.39572242585005, 10.989977986709153, 6.086606859636662, 7.861960158356014, 23.2406924206969, 27.409927320867467, 11.336968069365085, 20.83967676092722])",False
19479060269.48781,"array('h', [12.873162200395372, 11.659789836785555, 8.824585359168141, 9.497260492466078, 26.489752221659433, 26.640588550370804, 11.420416452696085, 21.81412235563574])",False
19498997280.707314,"array('h', [13.469560507128486, 11.854577220289087, 10.052858454441463, 9.966952135393578, 27.752728931802185, 26.477348117535968, 12.030521877992884, 22.033566683831165])",False
19518934291.926826,"array('h', [12.99658363985929, 13.025685242135326, 12.467469469533123, 10.762317185935663, 29.15993674583744, 27.57935084452156, 12.07598446866039, 21.39380072545895])",False
19538871303.14634,"array('h', [13.106320479874409, 13.978362622412499, 13.381646268159425, 11.712284386824745, 30.468979615056057, 27.8374053124028, 11.809015063463097, 19.960041787481792])",False
19558808314.365852,"array('h', [13.607660653161732, 14.986685719373492, 15.180200366877445, 11.979099844242654, 29.526212976121432, 26.132714562823885, 11.944884433969463, 19.833505319526264])",False
19578745325.585365,"array('h', [14.556432300033821, 16.853533297158688, 17.550909000346202, 12.030187086904768, 28.715020713050237, 25.22447363884087, 13.209299192999664, 20.774930284267004])",False
19598682336.80488,"array('h', [15.873906791320003, 21.076086760609982, 19.896158756311824, 12.251839415115304, 27.53804686401484, 24.659132007018215, 13.390076192111449, 20.91863332927775])",False
19618619348.02439,"array('h', [16.87139733003154, 23.847538024697986, 23.02970059188875, 12.883538651976496, 25.49177277687233, 22.245291890917596, 13.017555273330373, 22.399689795631687])",False
19638556359.243904,"array('h', [19.405637297704185, 26.962446341428727, 27.063640449257854, 14.607425636021645, 25.63413519401005, 21.94713163921587, 13.167591457629557, 23.236037438625537])",False
19658493370.463417,"array('h', [21.579848906897162, 28.22382317383213, 28.40692304764787, 15.435650787870339, 26.46239179873329, 22.789593954927877, 12.898378781779323, 24.387980233307825])",False
19678430381.68293,"array('h', [21.428894227443358, 29.031177856167616, 28.833664332193, 15.379957159767919, 26.851936367045802, 22.633998649487292, 12.911663911462771, 24.512780062723802])",False
19698367392.902443,"array('h', [22.136887672009138, 31.943176269079782, 31.33235292549771, 16.678265260063583, 26.298265969908886, 21.236440508226732, 12.968001220067105, 24.21872474015833])",False
19718304404.12195,"array('h', [22.96932014067738, 32.90337619539655, 31.002081237228275, 15.837105054006381, 25.02067176597286, 19.845664984758297, 12.689452698702748, 24.335130041817237])",False
19738241415.34146,"array('h', [22.33012849329216, 35.456554874942974, 31.16985691213469, 15.975584394231781, 25.67868617893764, 19.987382018994367, 12.578028223151232, 23.94518026352635])",False
19758178426.560974,"array('h', [22.602655381797486, 38.31957018910562, 32.527657018049915, 15.755172210406059, 26.818316809769982, 20.01154377179814, 12.28970853990744, 23.777444468140263])",False
19778115437.780487,"array('h', [25.238130474779027, 41.649991958170915, 33.38009142633648, 15.29964394690878, 27.68341005764776, 20.344991779991258, 12.376967576280839, 24.531595544644375])",False
19798052449.0,"array('h', [25.28379696598736, 43.79878680120924, 34.378402137566404, 15.19109131809061, 27.124397274629093, 20.667073906939045, 12.949473841767704, 24.99973355827047])",False
19817989460.219513,"array('h', [24.799691457977637, 47.27425313181686, 36.13519759617991, 15.72337794773771, 28.349192386389433, 22.069031649364124, 13.083296458342604, 24.233227618947026])",False
19837926471.439034,"array('h', [25.672952167988985, 50.44530171549144, 39.934849351653824, 16.403384664105328, 27.861969699278724, 21.947368092375598, 13.221480821609616, 24.99134144189579])",False
19857863482.65854,"array('h', [26.882673289868457, 49.71436364180825, 40.279740426477375, 16.607352579156316, 28.27660579748655, 21.658161424039626, 13.320754084475185, 25.914221582401623])",False
19877800493.87805,"array('h', [26.890462694462713, 49.94804695126647, 39.696359757524405, 15.636029068496702, 29.35102300070224, 21.81316933115903, 12.969533001893046, 24.75448645907267])",False
19897737505.097565,"array('h', [24.1702816708391, 49.35529651343494, 37.70133416618995, 14.528955880444883, 29.361213403536393, 21.687727973203142, 14.051724776597998, 25.64720526667532])",False
19917674516.31707,"array('h', [22.950596205375877, 51.64159994262225, 40.489343912449954, 15.687891709808236, 31.173448594552898, 22.735756938863748, 14.51592482580216, 24.440451759828214])",False
19937611527.536583,"array('h', [24.451129550508274, 52.285489549525906, 41.007480493202934, 17.28863697318061, 33.86380500930594, 24.620269597541377, 14.273482385679374, 26.201507851554368])",False
19957548538.756096,"array('h', [24.022203582662478, 51.852138396725145, 39.86891958761538, 16.553701881448067, 35.19752367756963, 25.673847892820852, 14.827642667072528, 26.86716907837641])",False
19977485549.97561,"array('h', [24.71566871307222, 52.62118972695122, 41.144330996994945, 16.507374127719412, 34.99827360204419, 25.20685700839848, 15.002082434041386, 26.860372507040186])",False
19997422561.19512,"array('h', [25.81486048992743, 53.17563817085154, 40.99595000401993, 16.487556832096452, 32.97449780672583, 23.888934110962186, 14.66975497282601, 27.03191333903317])",False
20017359572.414642,"array('h', [24.808081437245598, 51.864106583087384, 40.2009476867889, 16.330070181954287, 30.69810017915893, 22.574549666420808, 14.657127971425954, 26.76509317612934])",False
20037296583.634148,"array('h', [23.356797353143516, 50.42442620477764, 39.93786215428522, 16.268898024981414, 29.16412405011291, 21.92031806628111, 14.718579522218253, 27.203613733767646])",False
20057233594.85366,"array('h', [24.235870584251394, 52.07806684059714, 41.015599814649335, 15.776893166059722, 29.462576990963914, 21.634063740816835, 15.208359426367132, 28.394820572456982])",False
20077170606.073174,"array('h', [23.566867717259026, 47.9564914151817, 36.783718417806284, 14.529741777216033, 29.801130383833335, 20.768329394453094, 14.477403009631857, 29.526764635542555])",False
20097107617.292686,"array('h', [21.841197472562733, 47.20240172083135, 35.21980520998329, 14.665876844212821, 30.941656415490876, 22.006911635251633, 13.723304466243556, 28.242425512995236])",False
20117044628.51219,"array('h', [21.90903107964999, 48.704950720836536, 36.70492444168253, 14.745932745640829, 29.567350072111, 21.692216123577182, 13.664556305903314, 29.98999324205431])",False
20136981639.731705,"array('h', [22.54760016563058, 48.80023159275469, 36.57609256688658, 15.451751834574413, 30.6635440527311, 22.30728882818587, 13.992773768130805, 30.226617435819623])",False
20156918650.951218,"array('h', [23.50600773395938, 50.541159092995834, 38.59044133695919, 16.86743014202687, 31.499003107497852, 22.724879087002332, 13.83082525830469, 31.32380544723534])",False
20176855662.17073,"array('h', [22.1718022457996, 53.20519142196215, 39.85703489774513, 16.521920751339792, 26.929066413221374, 20.360850235292453, 13.534195045161141, 30.859882847060277])",False
20196792673.390244,"array('h', [21.599628241462852, 50.85903559995611, 38.93003044232281, 15.500571094415376, 26.41594652633337, 20.144310725626283, 13.656275130688975, 29.53696755229075])",False
20216729684.609756,"array('h', [21.3328852808943, 51.04186336575166, 39.51405373945015, 16.84140326283921, 27.425115177437952, 21.19068184355059, 13.556259118411019, 28.742782564071977])",False
20236666695.82927,"array('h', [20.763797711775936, 50.831873502994846, 39.549327816643626, 16.991207559262236, 26.245067471884465, 21.006676894688947, 13.87016719515121, 27.999883136124403])",False
20256603707.048782,"array('h', [22.348652096311152, 49.119417093750656, 38.76586145037511, 17.625893899783822, 28.144057718364543, 22.150575622222103, 13.980568266900336, 28.858540656667586])",False
20276540718.268295,"array('h', [22.505191822717418, 50.0114493804474, 40.94185460134352, 19.630676332519972, 28.761715247742355, 22.713420698957353, 14.547060494670262, 27.584373831085358])",False
20296477729.48781,"array('h', [23.043434824485914, 49.49462827776451, 42.758640151514946, 21.143754821275632, 28.913532932158038, 21.76717210192974, 13.780164945504312, 26.890919035681634])",False
20316414740.707314,"array('h', [23.30020135714243, 48.78492800178195, 42.65595410727479, 22.66481327961576, 27.95265570123547, 21.341429449977117, 13.521095693420722, 25.104440183072253])",False
20336351751.926826,"array('h', [23.10499157836063, 47.38964118828909, 41.807599200423255, 22.109140614355564, 26.144361508891883, 20.637719270810543, 13.52777022794625, 24.077100689933303])",False
20356288763.14634,"array('h', [23.960660308161273, 46.275461859894456, 40.65017584196996, 21.252677849835475, 26.042095602176627, 19.583503099482495, 14.402102011607171, 22.533232597631457])",False
20376225774.365852,"array('h', [22.855721736572338, 46.214524911443, 40.0476467617396, 21.01868522232962, 26.469061347209205, 20.091511716055006, 14.624908428797662, 20.560332784960554])",False
20396162785.585365,"array('h', [22.457203581182554, 44.66946972457185, 39.31117296611049, 19.747053589987157, 23.729956967820137, 18.388642832558094, 14.066381496240478, 20.953162163469923])",False
20416099796.80488,"array('h', [23.807843894795855, 40.80457163043604, 36.558980470047146, 18.279316061227306, 24.019443590419762, 18.483179486081962, 14.556485242443975, 21.381523265329886])",False
20436036808.02439,"array('h', [24.674135819504794, 39.998000434239124, 36.50168616033299, 17.671201261826088, 24.4352225738544, 19.36760494354491, 14.084557398879959, 21.220308024820273])",False
20455973819.243904,"array('h', [27.27864122872302, 42.66655167606106, 39.568615575661184, 18.674172154827115, 22.671271236273995, 18.474227306348137, 13.546122652950844, 21.61894989961319])",False
20475910830.463417,"array('h', [28.134779950599242, 40.32443339770263, 38.35947205442968, 17.844925524078754, 22.524161767332767, 18.83799182742745, 13.360699794587827, 22.55058861506831])",False
20495847841.68293,"array('h', [26.41216767300328, 41.56286185568249, 40.54277209056867, 18.063974065321684, 23.55571648336992, 19.89313037688883, 13.678130399058132, 22.0956761286567])",False
20515784852.902443,"array('h', [24.813441560237266, 41.241647669366905, 40.02292903604158, 16.89498580494389, 24.41030891264623, 21.19835820723996, 13.861669258305565, 23.46904978929717])",False
20535721864.12195,"array('h', [25.76867798398722, 39.9102381871566, 37.2820279396298, 15.266615033529533, 25.362663570210987, 22.15772814254062, 14.04318224661754, 24.676679410354215])",False
20555658875.34146,"array('h', [25.2991438769582, 38.23940377941208, 34.57653549587885, 13.391512452162292, 25.028412271576574, 22.76922194992983, 14.676103335003697, 25.596165060870334])",False
20575595886.560974,"array('h', [26.41085156534589, 38.20913726700956, 36.433381685622635, 13.987489480897652, 25.77285834713091, 22.709067904586213, 14.905402919495662, 26.34354146227028])",False
20595532897.780487,"array('h', [26.514940757618763, 38.96988409479171, 37.82921353348793, 14.669734386028026, 26.12022842205282, 23.129363282462606, 15.486210716786763, 26.435255881548628])",False
20615469909.0,"array('h', [26.08765688757989, 36.51543679381445, 35.93553071029721, 15.298125218408522, 26.393508654495346, 24.47425823070368, 15.15488059062501, 27.20724759569685])",False
20635406920.219513,"array('h', [26.688169638836232, 35.831366539918584, 36.22150264839183, 15.624325864477736, 26.87338866622338, 24.20274774413652, 15.447881884279663, 27.621559981774855])",False
20655343931.439034,"array('h', [25.53529575629156, 37.43693034675757, 37.12694254990948, 15.835664874186048, 26.889953933469304, 23.743125091826162, 14.487274184268758, 24.755016431107524])",False
20675280942.65854,"array('h', [24.759633173282147, 37.74771629322945, 37.45710466253715, 16.495560247636178, 28.05052427237514, 23.709883345623556, 14.323619705690671, 23.374926137892853])",False
20695217953.87805,"array('h', [23.262810495338123, 36.004736250690975, 36.0038862115496, 15.93599784729567, 28.838904034827493, 23.45102977927356, 14.592857544037374, 23.090599153732835])",False
20715154965.097565,"array('h', [21.823459321973534, 35.480445368109955, 34.918436664090976, 15.643972956090433, 28.545484046910566, 22.661595479439022, 15.003153835999463, 22.69561317346086])",False
20735091976.31707,"array('h', [22.114274018560995, 35.41041946661848, 32.70153447420678, 15.376393897278446, 28.242074422657986, 22.28201452239795, 15.14835343635942, 23.261337136394317])",False
20755028987.536583,"array('h', [23.09562799239028, 35.0213072288638, 30.758560515765428, 15.866318432740872, 27.648217210219528, 21.37992323462113, 14.430463534562668, 22.452351567992558])",False
20774965998.756096,"array('h', [22.90548119665347, 36.07205887182087, 31.409578563075584, 17.041361963210704, 28.563886327052945, 21.018559956667577, 14.753500243971347, 21.905782881885294])",False
20794903009.97561,"array('h', [21.691122704046133, 35.60465167435174, 31.186483374003167, 17.9539723844022, 29.421786936452662, 21.805783187885506, 14.009684934986376, 20.39063086941563])",False
20814840021.19512,"array('h', [21.460457821351607, 34.63983099900749, 30.300051320913102, 17.995542599330697, 28.69527935825891, 21.433009311135, 13.389449021958148, 19.975354495022064])",False
20834777032.414642,"array('h', [21.17189226050095, 33.642629526764814, 28.175958505034526, 17.288967901444156, 28.98499663017129, 21.605344044119658, 12.650985623486408, 19.699875910288235])",False
20854714043.634148,"array('h', [21.577785848430054, 34.146892250562075, 29.291922347547988, 17.58594156945698, 30.855685856823015, 22.1656601450096, 12.766481758212791, 19.87095366013999])",False
20874651054.85366,"array('h', [21.132092100658852, 34.59935929078806, 28.72117458950403, 16.923450342076347, 29.456638714394174, 21.41672698991199, 13.277830420557011, 21.14913038622961])",False
20894588066.073174,"array('h', [21.827056560927577, 35.2714599350683, 29.518335146051932, 17.834273808600717, 29.293875427583025, 21.38480248543649, 12.897857271305147, 21.60373938823672])",False
20914525077.29268,"array('h', [24.280280147221994, 36.4144305019952, 29.110305055588174, 17.442422290981778, 28.820267008687438, 20.735657977917054, 13.0413032825705, 22.315578109970932])",False
20934462088.51219,"array('h', [25.807974001982586, 34.88930456873645, 27.18158449350612, 17.751686181805656, 27.893122893073077, 19.885904298889443, 12.992300062864214, 22.45408442631404])",False
20954399099.731705,"array('h', [24.393477459421845, 33.674573095566615, 25.49932754521222, 17.98926941354928, 28.143377790388072, 19.905619229338697, 13.22185666231612, 22.935687122796494])",False
20974336110.951218,"array('h', [23.54968348982812, 33.52160459665884, 24.630977061836447, 17.497486154658798, 27.665763400691787, 18.87635051755218, 12.486889088670226, 21.67964420145584])",False
20994273122.17073,"array('h', [24.560086137291485, 32.03015212234896, 24.236179581943844, 17.081080302994234, 27.149366341543733, 18.748574746654135, 13.934700686174326, 23.59656925381472])",False
21014210133.390244,"array('h', [24.271856786758622, 28.541842390873015, 22.376581331039063, 16.962507081623848, 24.84452263140132, 17.071399381904705, 14.620652285801423, 23.075385509977593])",False
21034147144.609756,"array('h', [25.247149636100023, 27.578850802843448, 21.11418491413174, 16.766463625329276, 23.350594888933895, 15.188404285246495, 14.678493573923912, 22.167508936616763])",False
21054084155.82927,"array('h', [24.672054321432466, 26.964772001132125, 20.206003427068044, 16.739054173126153, 23.939035410666904, 16.440710195705133, 15.432091299715164, 23.33558328305709])",False
21074021167.048782,"array('h', [26.14783439009764, 27.65896103745777, 20.04300410422926, 16.62962220182266, 23.35165627463784, 16.820156895895746, 16.53324727533316, 26.978040016546192])",False
21093958178.268295,"array('h', [27.33792149671437, 25.89667252961098, 18.132384884465875, 18.91783320762132, 22.840338682687875, 17.133168018898356, 18.973167414845985, 29.27523104240133])",False
21113895189.48781,"array('h', [26.230421301618435, 24.5895072011594, 16.653418354023596, 20.407919561331862, 22.14018181484824, 16.687648923126368, 19.52693849773248, 27.899662839840854])",False
21133832200.707314,"array('h', [29.22394404942342, 24.491056260374265, 15.71519535402746, 20.599676218656978, 22.548023828853644, 17.006113929905307, 20.428111177809082, 28.833353976464654])",False
21153769211.926826,"array('h', [29.816138016851855, 22.27031475689654, 12.658296408539897, 20.00576217650642, 22.00259951952248, 17.19710201563271, 20.552570681160653, 30.319301475269363])",False
21173706223.14634,"array('h', [30.06646337897607, 21.081435459104032, 11.43711514052222, 19.421469086824725, 20.639138588394086, 16.967400607230708, 20.726953743453063, 30.549069625521934])",False
21193643234.365852,"array('h', [31.6187901848733, 22.112854355064513, 11.58553317472657, 19.082942111069954, 19.52263263438835, 16.878816748242404, 20.517590079826068, 30.261850497219942])",False
21213580245.585365,"array('h', [35.46553516210254, 22.532886543834525, 11.431602719365003, 18.91267624774176, 19.065102128219337, 17.19298570533297, 20.8248089825651, 32.826304303777164])",False
21233517256.80488,"array('h', [35.40737920594508, 21.474865298007362, 11.288483427489851, 18.961848264027285, 18.23238645558561, 16.932365681735554, 19.814353844268876, 31.594893055380105])",False
21253454268.02439,"array('h', [35.364924304903646, 21.939895115192808, 12.397211310890205, 18.171668058392353, 17.029960147774617, 15.7799888869064, 17.87273333246295, 30.105156859085966])",False
21273391279.243904,"array('h', [35.322599297936215, 21.6873780685701, 12.653911085063857, 16.707399834357506, 15.410477278952074, 15.71174705393108, 16.92128598698392, 30.13057177726447])",False
21293328290.463417,"array('h', [34.02094532547286, 20.727334255440237, 13.005725679563437, 15.678172238248438, 13.20444732315341, 13.892138828021048, 15.864907677400788, 29.908773029752723])",False
21313265301.68293,"array('h', [33.476973440098575, 20.555683967188042, 12.836472400492589, 15.333491742045233, 11.973156229751325, 11.962237839869802, 14.94701280119189, 26.62088536343087])",False
21333202312.902443,"array('h', [29.69513642828476, 20.6196731271287, 14.213548984834006, 14.732221780046276, 11.00542415928471, 10.98007160899861, 12.507545124959217, 21.242686408987627])",False
21353139324.12195,"array('h', [28.61943612905683, 20.713889337476562, 14.719717592131085, 11.757766963975468, 8.422284324625627, 8.651713034132866, 10.250964992854787, 20.035268282296602])",False
21373076335.34146,"array('h', [27.106102716624264, 19.680336247929, 15.829002383332018, 11.086980260190083, 7.719607424910323, 7.951553818465214, 8.61613648406012, 17.8154320487727])",False
21393013346.560974,"array('h', [23.554030546647205, 18.69208329202749, 15.843095945766647, 10.305221321897328, 6.945273269964558, 7.259156009540622, 7.6382904227046495, 14.864088465861437])",False
21412950357.780487,"array('h', [20.02471750941074, 18.486686357879638, 16.75007551027594, 10.257963204918763, 6.722681606370273, 6.708810073989553, 7.678937719633796, 11.874523625259213])",False
21432887369.0,"array('h', [17.294751364552006, 18.59589848785402, 17.314051956760242, 9.880402586834489, 6.31648502830545, 5.958257633495613, 7.395354469560992, 11.42971982636549])",False
21452824380.219513,"array('h', [14.099579713989739, 18.763606416280926, 17.983452574245508, 9.19252774885434, 5.335009021533011, 5.884395117861656, 6.982131666537749, 8.942013470530807])",False
21472761391.439034,"array('h', [11.377119870319396, 19.240630705535942, 19.383004189157298, 9.825358548656771, 5.208530722108619, 5.865452332170643, 6.6332323638195705, 7.138520179453971])",False
21492698402.65854,"array('h', [10.750752981744764, 20.247573073584004, 19.960083236210732, 10.161102857726913, 5.129876968378986, 5.86146188723081, 6.81770609164018, 7.047191494449755])",False
21512635413.87805,"array('h', [8.733736639395094, 21.32603577213851, 20.668130895248712, 10.36365638461726, 4.8909011887859455, 5.705287549273596, 6.65481014552697, 6.240630827489335])",False
21532572425.097565,"array('h', [8.259811701166088, 21.76608212729605, 20.05813773408885, 10.258595798427322, 4.8876644414043335, 6.017965092595893, 6.7440314243262645, 6.1178089697391105])",False
21552509436.31707,"array('h', [8.069254914231543, 22.789741941341628, 20.53412100557932, 10.389044091261566, 4.656358968154286, 5.662936516869628, 6.71054050355851, 5.690672075495132])",False
21572446447.536583,"array('h', [7.631726444230229, 22.494853199256, 19.486212109100247, 10.262491825022332, 4.506539605246028, 5.9531247671007, 6.927502311880977, 5.689510512346781])",False
21592383458.756096,"array('h', [7.6541300713348335, 21.35727206948268, 17.90371426272514, 9.481794755207922, 4.045939530988991, 6.451980947256157, 6.895924279905765, 5.9873989575377085])",False
21612320469.97561,"array('h', [7.8575560564989635, 21.20421105187243, 17.098615141092406, 9.225091591320536, 4.226426792418197, 8.292188552341926, 6.808578634027175, 6.851515110528991])",False
21632257481.19512,"array('h', [7.844826797406926, 20.423680636670728, 16.14641511633966, 8.787439886238065, 4.36351322943439, 9.75522333594774, 7.1285141952203785, 7.920943733655261])",False
21652194492.414642,"array('h', [7.97197925821138, 19.36841027765891, 16.001368373732472, 8.399798454879907, 4.330871282122355, 9.915244215336699, 6.764720327216415, 8.005146674883722])",False
21672131503.634148,"array('h', [7.544613592716191, 17.308954801772924, 14.84966438768883, 7.96128049277724, 4.1251606803545675, 10.253003731608947, 6.041666937871743, 8.018886494022539])",False
21692068514.85366,"array('h', [7.618894712548299, 16.627789608856173, 14.558911288490412, 8.416033084269856, 4.219877207075011, 10.656657359037203, 5.743783475847517, 8.186514677122283])",False
21712005526.073174,"array('h', [7.555586755743838, 15.204927150475921, 12.772191152057502, 7.790856578915961, 3.9586573050748175, 10.800183871124965, 5.379455059039328, 7.866533087499837])",False
21731942537.29268,"array('h', [7.160133881794076, 13.438299111974258, 11.234760083932485, 6.699325410599178, 3.606877362179105, 10.434010761049034, 5.185308497140224, 7.614478268200831])",False
21751879548.51219,"array('h', [6.965163874959125, 11.359080869794546, 9.349819058494615, 5.969316651030565, 3.5300911112070623, 10.81986105205068, 4.951682077740305, 7.720682801260429])",False
21771816559.731705,"array('h', [7.272671935437985, 10.088274634671626, 8.715115349523368, 5.400278788405203, 3.637207199141699, 11.142399197170684, 4.678270779220322, 8.003702388723907])",False
21791753570.951218,"array('h', [6.871951383912118, 9.03745556399174, 7.959547274353911, 5.131417369875002, 3.510341649045479, 11.352998534378683, 4.6369836125034345, 7.883071535151612])",False
21811690582.17073,"array('h', [6.798849000086838, 7.656236986089985, 7.557396059509659, 4.708566276988972, 3.594547953976616, 11.966882140314885, 4.571551623813051, 8.19121507803066])",False
21831627593.390244,"array('h', [6.691617687058452, 7.720522291400765, 7.795209233651123, 4.388460083836292, 3.8168683442269074, 12.866462415222916, 4.530056317897517, 8.711406962666405])",False
21851564604.609756,"array('h', [6.602195766705477, 8.096365033189278, 7.630944574885716, 4.279488189524727, 3.775126783587264, 12.676587533514152, 4.3049099863823965, 8.401669431676199])",False
21871501615.82927,"array('h', [5.507860999398331, 7.820149897909399, 7.009379123994205, 3.9947792670879108, 3.3541843722663662, 10.331820368785051, 3.553913177454929, 6.731917123419092])",False
21891438627.048782,"array('h', [4.85136827832385, 7.451498957522508, 6.317488034802755, 3.7361926675558315, 3.072123849526932, 9.765745038618237, 3.126130286268352, 5.837478737276164])",False
21911375638.268295,"array('h', [4.9240860304030125, 7.534544550383274, 6.169158323710405, 3.9543455935328247, 3.0550614190468455, 9.275978573574196, 3.1224264924903826, 5.7240479581210435])",False
21931312649.48781,"array('h', [4.767898974351455, 7.373188512385946, 5.9768972412363635, 3.6874455943940627, 2.857900615094508, 8.718649986899067, 2.822174480014323, 5.21090394568148])",False
21951249660.707314,"array('h', [4.232637917557589, 6.574721868209829, 5.550398837900546, 3.157412667136719, 2.631829324652189, 7.599466125360236, 2.7807648900219175, 4.948342636219654])",False
21971186671.926826,"array('h', [4.166271947847423, 6.433986804280068, 5.303623233530501, 2.887911408860172, 2.5369044510025045, 7.419419695985943, 2.7776450030281827, 5.078622526126075])",False
21991123683.14634,"array('h', [3.957761709987393, 6.274732604114028, 5.277557134996135, 2.662401953703148, 2.357204653274831, 7.182901649554095, 2.653729742685562, 4.612902155646149])",False
22011060694.365852,"array('h', [3.334995495150938, 5.974163636681714, 4.733964054807278, 2.4759499409675496, 2.0897103996070485, 6.124959068426535, 2.524419541942602, 3.9917724420338017])",False
22030997705.585365,"array('h', [2.9400436353726933, 5.851075898822075, 4.378892786548561, 2.3309775981142256, 1.935023743030767, 5.436028910597989, 2.4354650998135603, 3.746732242320435])",False
22050934716.80488,"array('h', [2.7538924835253757, 5.480663079208922, 4.137670150854352, 2.2816715563983716, 1.9439462196759831, 4.921553270226352, 2.1956132392091248, 3.4216129426643533])",False
22070871728.02439,"array('h', [2.350865223299785, 5.208776289299901, 3.7663690298225645, 2.3014433816321485, 1.6913532940039506, 3.8754386034880866, 2.007590160824179, 2.684477199943802])",False
22090808739.243904,"array('h', [2.0513388062055182, 4.707660727363394, 3.286659212660505, 2.169147878596731, 1.4660249907868035, 2.277421388455969, 1.5504173300872486, 1.7616679083170135])",False
22110745750.463417,"array('h', [1.7972747740743036, 3.9416811255844535, 2.976940881130186, 2.0659325322315008, 1.3342419276583968, 1.8553104393310826, 1.4932667081900868, 1.5725904923866747])",False
22130682761.68293,"array('h', [1.675920832226013, 4.079207924363408, 2.8855298211907052, 1.9654708321235572, 1.2391502985263785, 1.6192456132210564, 1.4148966461967534, 1.3122837704245545])",False
22150619772.902443,"array('h', [1.5490815100055286, 3.9393825763184736, 2.8168358512665486, 1.9984780332113508, 1.1104363884217967, 1.3274410217478712, 1.2734955426656858, 1.2037677190400673])",False
22170556784.12195,"array('h', [1.4695188303991609, 3.7984643114415753, 2.5551858166000248, 1.7117665529371449, 1.091316347206751, 1.4990868371164314, 1.1518904437860074, 1.1697655757587488])",False
22190493795.34146,"array('h', [1.3393873458726688, 3.6553129524340604, 2.2955519223654455, 1.6457686739692483, 1.1391173613251853, 1.319816187424679, 1.1405555535031295, 1.118255834110201])",False
22210430806.560974,"array('h', [1.2297091767690447, 3.4183489530109483, 2.188519268813936, 1.4436754187861034, 1.1069812980662583, 1.3591413439214854, 1.0083279326949635, 0.968828198072432])",False
22230367817.780487,"array('h', [1.1012266599943872, 3.263201480169053, 2.421357235467602, 1.5706555845027537, 1.1953137991065559, 1.2855184821074641, 1.0495752846746267, 0.9778012240892473])",False
22250304829.0,"array('h', [1.213267100119977, 3.573674648774156, 2.396396957847811, 1.570541111930037, 1.117279861783348, 1.285815420783773, 0.8785161226621727, 0.9850638483886266])",False
