timestamp,_header,_orientation,_orientation_covariance,_angular_velocity,_angular_velocity_covariance,_linear_acceleration,_linear_acceleration_covariance,_check_fields
3813637124,"std_msgs.msg.Header(stamp=builtin_interfaces.msg.Time(sec=1731186785, nanosec=992889512), frame_id='RU_myo')","geometry_msgs.msg.Quaternion(x=0.7437653524064755, y=0.17028601125997592, z=-0.39947023071560656, w=-0.5081725196238565)",[0. 0. 0. 0. 0. 0. 0. 0. 0.],"geometry_msgs.msg.Vector3(x=-165.8125, y=229.9375, z=-60.5625)",[0. 0. 0. 0. 0. 0. 0. 0. 0.],"geometry_msgs.msg.Vector3(x=0.6953125, y=0.3291015625, z=0.638671875)",[0. 0. 0. 0. 0. 0. 0. 0. 0.],False
3831548673,"std_msgs.msg.Header(stamp=builtin_interfaces.msg.Time(sec=1731186786, nanosec=10896503), frame_id='RU_myo')","geometry_msgs.msg.Quaternion(x=0.7603055167908706, y=0.17681665586763684, z=-0.3577836509133887, w=-0.5125058540975307)",[0. 0. 0. 0. 0. 0. 0. 0. 0.],"geometry_msgs.msg.Vector3(x=-116.8125, y=234.125, z=-31.375)",[0. 0. 0. 0. 0. 0. 0. 0. 0.],"geometry_msgs.msg.Vector3(x=0.6806640625, y=0.36474609375, z=0.65625)",[0. 0. 0. 0. 0. 0. 0. 0. 0.],False
3852477362,"std_msgs.msg.Header(stamp=builtin_interfaces.msg.Time(sec=1731186786, nanosec=31879294), frame_id='RU_myo')","geometry_msgs.msg.Quaternion(x=0.7745686457879478, y=0.19178051103748872, z=-0.3237440580976576, w=-0.5083831560888745)",[0. 0. 0. 0. 0. 0. 0. 0. 0.],"geometry_msgs.msg.Vector3(x=-38.375, y=230.4375, z=-10.625)",[0. 0. 0. 0. 0. 0. 0. 0. 0.],"geometry_msgs.msg.Vector3(x=0.6298828125, y=0.31591796875, z=0.6162109375)",[0. 0. 0. 0. 0. 0. 0. 0. 0.],False
3873535656,"std_msgs.msg.Header(stamp=builtin_interfaces.msg.Time(sec=1731186786, nanosec=52851615), frame_id='RU_myo')","geometry_msgs.msg.Quaternion(x=0.7862424742804538, y=0.21532863291891327, z=-0.2982130670186537, w=-0.4965131600893876)",[0. 0. 0. 0. 0. 0. 0. 0. 0.],"geometry_msgs.msg.Vector3(x=42.3125, y=221.25, z=9.5625)",[0. 0. 0. 0. 0. 0. 0. 0. 0.],"geometry_msgs.msg.Vector3(x=0.5478515625, y=0.20361328125, z=0.5390625)",[0. 0. 0. 0. 0. 0. 0. 0. 0.],False
3891560476,"std_msgs.msg.Header(stamp=builtin_interfaces.msg.Time(sec=1731186786, nanosec=70899319), frame_id='RU_myo')","geometry_msgs.msg.Quaternion(x=0.793482118804764, y=0.24518597471067208, z=-0.2827237826387436, w=-0.47993460770475843)",[0. 0. 0. 0. 0. 0. 0. 0. 0.],"geometry_msgs.msg.Vector3(x=113.5, y=190.4375, z=21.6875)",[0. 0. 0. 0. 0. 0. 0. 0. 0.],"geometry_msgs.msg.Vector3(x=0.4267578125, y=0.36474609375, z=0.703125)",[0. 0. 0. 0. 0. 0. 0. 0. 0.],False
3912749528,"std_msgs.msg.Header(stamp=builtin_interfaces.msg.Time(sec=1731186786, nanosec=92031877), frame_id='RU_myo')","geometry_msgs.msg.Quaternion(x=0.7959024505938692, y=0.2835707657560672, z=-0.28003070884391656, w=-0.45575180970739426)",[0. 0. 0. 0. 0. 0. 0. 0. 0.],"geometry_msgs.msg.Vector3(x=199.25, y=158.125, z=49.6875)",[0. 0. 0. 0. 0. 0. 0. 0. 0.],"geometry_msgs.msg.Vector3(x=0.310546875, y=0.765625, z=0.458984375)",[0. 0. 0. 0. 0. 0. 0. 0. 0.],False
3936421310,"std_msgs.msg.Header(stamp=builtin_interfaces.msg.Time(sec=1731186786, nanosec=115744571), frame_id='RU_myo')","geometry_msgs.msg.Quaternion(x=0.8005303696132472, y=0.31237529976216827, z=-0.2676979415312368, w=-0.4357873466787576)",[0. 0. 0. 0. 0. 0. 0. 0. 0.],"geometry_msgs.msg.Vector3(x=121.0, y=174.0, z=34.6875)",[0. 0. 0. 0. 0. 0. 0. 0. 0.],"geometry_msgs.msg.Vector3(x=0.26708984375, y=0.40771484375, z=0.13671875)",[0. 0. 0. 0. 0. 0. 0. 0. 0.],False
3951532648,"std_msgs.msg.Header(stamp=builtin_interfaces.msg.Time(sec=1731186786, nanosec=130872420), frame_id='RU_myo')","geometry_msgs.msg.Quaternion(x=0.8071458740981028, y=0.33032920981691866, z=-0.24750276160524856, w=-0.4220669781751649)",[0. 0. 0. 0. 0. 0. 0. 0. 0.],"geometry_msgs.msg.Vector3(x=38.75, y=174.0625, z=13.8125)",[0. 0. 0. 0. 0. 0. 0. 0. 0.],"geometry_msgs.msg.Vector3(x=0.20751953125, y=0.40771484375, z=0.203125)",[0. 0. 0. 0. 0. 0. 0. 0. 0.],False
3978383494,"std_msgs.msg.Header(stamp=builtin_interfaces.msg.Time(sec=1731186786, nanosec=157814789), frame_id='RU_myo')","geometry_msgs.msg.Quaternion(x=0.8080607990436994, y=0.35016578322484354, z=-0.23724845727644533, w=-0.4100424841736969)",[0. 0. 0. 0. 0. 0. 0. 0. 0.],"geometry_msgs.msg.Vector3(x=78.9375, y=119.875, z=10.5625)",[0. 0. 0. 0. 0. 0. 0. 0. 0.],"geometry_msgs.msg.Vector3(x=0.103515625, y=0.779296875, z=0.40185546875)",[0. 0. 0. 0. 0. 0. 0. 0. 0.],False
3993498490,"std_msgs.msg.Header(stamp=builtin_interfaces.msg.Time(sec=1731186786, nanosec=172895527), frame_id='RU_myo')","geometry_msgs.msg.Quaternion(x=0.8071905337892231, y=0.36816433268934545, z=-0.23425310160174204, w=-0.3975222643908666)",[0. 0. 0. 0. 0. 0. 0. 0. 0.],"geometry_msgs.msg.Vector3(x=69.25, y=80.875, z=28.375)",[0. 0. 0. 0. 0. 0. 0. 0. 0.],"geometry_msgs.msg.Vector3(x=0.03125, y=0.7314453125, z=0.10302734375)",[0. 0. 0. 0. 0. 0. 0. 0. 0.],False
4011550503,"std_msgs.msg.Header(stamp=builtin_interfaces.msg.Time(sec=1731186786, nanosec=190940594), frame_id='RU_myo')","geometry_msgs.msg.Quaternion(x=0.8123965226678201, y=0.3701256584115448, z=-0.22687286812594198, w=-0.38929113610633787)",[0. 0. 0. 0. 0. 0. 0. 0. 0.],"geometry_msgs.msg.Vector3(x=-36.25, y=64.0625, z=33.9375)",[0. 0. 0. 0. 0. 0. 0. 0. 0.],"geometry_msgs.msg.Vector3(x=0.029296875, y=0.61767578125, z=-0.03173828125)",[0. 0. 0. 0. 0. 0. 0. 0. 0.],False
4033997871,"std_msgs.msg.Header(stamp=builtin_interfaces.msg.Time(sec=1731186786, nanosec=213336262), frame_id='RU_myo')","geometry_msgs.msg.Quaternion(x=0.8195460827262046, y=0.36414775672484817, z=-0.2195507007943813, w=-0.3841069113425192)",[0. 0. 0. 0. 0. 0. 0. 0. 0.],"geometry_msgs.msg.Vector3(x=-74.625, y=43.125, z=32.25)",[0. 0. 0. 0. 0. 0. 0. 0. 0.],"geometry_msgs.msg.Vector3(x=0.06982421875, y=0.68505859375, z=0.15771484375)",[0. 0. 0. 0. 0. 0. 0. 0. 0.],False
4053366740,"std_msgs.msg.Header(stamp=builtin_interfaces.msg.Time(sec=1731186786, nanosec=232824706), frame_id='RU_myo')","geometry_msgs.msg.Quaternion(x=0.8237824831331113, y=0.36169037527204695, z=-0.2179541562768275, w=-0.37823072149187903)",[0. 0. 0. 0. 0. 0. 0. 0. 0.],"geometry_msgs.msg.Vector3(x=-26.6875, y=23.0, z=34.0625)",[0. 0. 0. 0. 0. 0. 0. 0. 0.],"geometry_msgs.msg.Vector3(x=0.11376953125, y=0.54541015625, z=0.27001953125)",[0. 0. 0. 0. 0. 0. 0. 0. 0.],False
4071988847,"std_msgs.msg.Header(stamp=builtin_interfaces.msg.Time(sec=1731186786, nanosec=251436255), frame_id='RU_myo')","geometry_msgs.msg.Quaternion(x=0.8253428642994852, y=0.36268209581922356, z=-0.2229072726239994, w=-0.37092209631326517)",[0. 0. 0. 0. 0. 0. 0. 0. 0.],"geometry_msgs.msg.Vector3(x=17.125, y=-0.5625, z=43.5)",[0. 0. 0. 0. 0. 0. 0. 0. 0.],"geometry_msgs.msg.Vector3(x=0.13134765625, y=0.51123046875, z=0.3525390625)",[0. 0. 0. 0. 0. 0. 0. 0. 0.],False
4093108594,"std_msgs.msg.Header(stamp=builtin_interfaces.msg.Time(sec=1731186786, nanosec=272468720), frame_id='RU_myo')","geometry_msgs.msg.Quaternion(x=0.8234741702362797, y=0.3683079937147514, z=-0.2364031918556898, w=-0.3610443789895185)",[0. 0. 0. 0. 0. 0. 0. 0. 0.],"geometry_msgs.msg.Vector3(x=75.625, y=-30.8125, z=59.0625)",[0. 0. 0. 0. 0. 0. 0. 0. 0.],"geometry_msgs.msg.Vector3(x=0.1787109375, y=0.6328125, z=0.56982421875)",[0. 0. 0. 0. 0. 0. 0. 0. 0.],False
4120748330,"std_msgs.msg.Header(stamp=builtin_interfaces.msg.Time(sec=1731186786, nanosec=300279754), frame_id='RU_myo')","geometry_msgs.msg.Quaternion(x=0.8176285933458773, y=0.37872390427823, z=-0.2553105707648406, w=-0.35052560552294515)",[0. 0. 0. 0. 0. 0. 0. 0. 0.],"geometry_msgs.msg.Vector3(x=113.3125, y=-52.625, z=62.5625)",[0. 0. 0. 0. 0. 0. 0. 0. 0.],"geometry_msgs.msg.Vector3(x=0.19921875, y=0.7666015625, z=0.4482421875)",[0. 0. 0. 0. 0. 0. 0. 0. 0.],False
4130607771,"std_msgs.msg.Header(stamp=builtin_interfaces.msg.Time(sec=1731186786, nanosec=310016544), frame_id='RU_myo')","geometry_msgs.msg.Quaternion(x=0.816442842945357, y=0.38038814273590493, z=-0.27082512665584246, w=-0.339675868794177)",[0. 0. 0. 0. 0. 0. 0. 0. 0.],"geometry_msgs.msg.Vector3(x=64.125, y=-48.6875, z=79.25)",[0. 0. 0. 0. 0. 0. 0. 0. 0.],"geometry_msgs.msg.Vector3(x=0.03857421875, y=0.1220703125, z=0.20947265625)",[0. 0. 0. 0. 0. 0. 0. 0. 0.],False
4154418343,"std_msgs.msg.Header(stamp=builtin_interfaces.msg.Time(sec=1731186786, nanosec=333857490), frame_id='RU_myo')","geometry_msgs.msg.Quaternion(x=0.8096648572306058, y=0.3936930515746255, z=-0.28956276537519743, w=-0.3249646211757064)",[0. 0. 0. 0. 0. 0. 0. 0. 0.],"geometry_msgs.msg.Vector3(x=123.875, y=-36.875, z=75.1875)",[0. 0. 0. 0. 0. 0. 0. 0. 0.],"geometry_msgs.msg.Vector3(x=0.55859375, y=2.0166015625, z=0.39404296875)",[0. 0. 0. 0. 0. 0. 0. 0. 0.],False
4173952717,"std_msgs.msg.Header(stamp=builtin_interfaces.msg.Time(sec=1731186786, nanosec=353398359), frame_id='RU_myo')","geometry_msgs.msg.Quaternion(x=0.8001942486055255, y=0.41144999464911114, z=-0.2901085632053442, w=-0.32593724542742225)",[0. 0. 0. 0. 0. 0. 0. 0. 0.],"geometry_msgs.msg.Vector3(x=103.0, y=12.5625, z=-50.25)",[0. 0. 0. 0. 0. 0. 0. 0. 0.],"geometry_msgs.msg.Vector3(x=0.626953125, y=2.2236328125, z=1.2265625)",[0. 0. 0. 0. 0. 0. 0. 0. 0.],False
4190578547,"std_msgs.msg.Header(stamp=builtin_interfaces.msg.Time(sec=1731186786, nanosec=370054756), frame_id='RU_myo')","geometry_msgs.msg.Quaternion(x=0.8076929979501062, y=0.396491628102765, z=-0.2781422951453664, w=-0.336248826850082)",[0. 0. 0. 0. 0. 0. 0. 0. 0.],"geometry_msgs.msg.Vector3(x=-123.1875, y=15.1875, z=-37.6875)",[0. 0. 0. 0. 0. 0. 0. 0. 0.],"geometry_msgs.msg.Vector3(x=0.298828125, y=1.04833984375, z=0.85009765625)",[0. 0. 0. 0. 0. 0. 0. 0. 0.],False
4212885333,"std_msgs.msg.Header(stamp=builtin_interfaces.msg.Time(sec=1731186786, nanosec=392353671), frame_id='RU_myo')","geometry_msgs.msg.Quaternion(x=0.817944919134087, y=0.3747617195346089, z=-0.26343185366634725, w=-0.3480279030596645)",[0. 0. 0. 0. 0. 0. 0. 0. 0.],"geometry_msgs.msg.Vector3(x=-172.0625, y=18.5625, z=-37.25)",[0. 0. 0. 0. 0. 0. 0. 0. 0.],"geometry_msgs.msg.Vector3(x=0.41064453125, y=0.6591796875, z=0.40283203125)",[0. 0. 0. 0. 0. 0. 0. 0. 0.],False
4234858396,"std_msgs.msg.Header(stamp=builtin_interfaces.msg.Time(sec=1731186786, nanosec=414235879), frame_id='RU_myo')","geometry_msgs.msg.Quaternion(x=0.8224150227482281, y=0.3652465115129432, z=-0.25861455034765046, w=-0.35120795909850855)",[0. 0. 0. 0. 0. 0. 0. 0. 0.],"geometry_msgs.msg.Vector3(x=-60.125, y=9.125, z=-12.1875)",[0. 0. 0. 0. 0. 0. 0. 0. 0.],"geometry_msgs.msg.Vector3(x=0.29443359375, y=0.5205078125, z=0.5546875)",[0. 0. 0. 0. 0. 0. 0. 0. 0.],False
4250723075,"std_msgs.msg.Header(stamp=builtin_interfaces.msg.Time(sec=1731186786, nanosec=430058759), frame_id='RU_myo')","geometry_msgs.msg.Quaternion(x=0.8244654030119152, y=0.36193957949812383, z=-0.25573808399614484, w=-0.35192978337035113)",[0. 0. 0. 0. 0. 0. 0. 0. 0.],"geometry_msgs.msg.Vector3(x=-18.3125, y=7.8125, z=-1.75)",[0. 0. 0. 0. 0. 0. 0. 0. 0.],"geometry_msgs.msg.Vector3(x=0.1513671875, y=0.60302734375, z=0.62451171875)",[0. 0. 0. 0. 0. 0. 0. 0. 0.],False
4273189863,"std_msgs.msg.Header(stamp=builtin_interfaces.msg.Time(sec=1731186786, nanosec=452571062), frame_id='RU_myo')","geometry_msgs.msg.Quaternion(x=0.8246108115045234, y=0.3612173784221887, z=-0.2526324314446501, w=-0.35456433782603825)",[0. 0. 0. 0. 0. 0. 0. 0. 0.],"geometry_msgs.msg.Vector3(x=-17.125, y=3.8125, z=-11.4375)",[0. 0. 0. 0. 0. 0. 0. 0. 0.],"geometry_msgs.msg.Vector3(x=0.0166015625, y=0.6201171875, z=0.43212890625)",[0. 0. 0. 0. 0. 0. 0. 0. 0.],False
4294081252,"std_msgs.msg.Header(stamp=builtin_interfaces.msg.Time(sec=1731186786, nanosec=473498196), frame_id='RU_myo')","geometry_msgs.msg.Quaternion(x=0.8229317740557278, y=0.3615699643629854, z=-0.2521956604908602, w=-0.3583961564381246)",[0. 0. 0. 0. 0. 0. 0. 0. 0.],"geometry_msgs.msg.Vector3(x=-6.9375, y=-10.25, z=-18.4375)",[0. 0. 0. 0. 0. 0. 0. 0. 0.],"geometry_msgs.msg.Vector3(x=0.01171875, y=0.4921875, z=0.28369140625)",[0. 0. 0. 0. 0. 0. 0. 0. 0.],False
4318235009,"std_msgs.msg.Header(stamp=builtin_interfaces.msg.Time(sec=1731186786, nanosec=497613480), frame_id='RU_myo')","geometry_msgs.msg.Quaternion(x=0.8184856942399419, y=0.3654804129089316, z=-0.25714244816054255, w=-0.3610858588458983)",[0. 0. 0. 0. 0. 0. 0. 0. 0.],"geometry_msgs.msg.Vector3(x=23.875, y=-29.125, z=-12.4375)",[0. 0. 0. 0. 0. 0. 0. 0. 0.],"geometry_msgs.msg.Vector3(x=0.01953125, y=0.548828125, z=0.23828125)",[0. 0. 0. 0. 0. 0. 0. 0. 0.],False
4333219176,"std_msgs.msg.Header(stamp=builtin_interfaces.msg.Time(sec=1731186786, nanosec=512620415), frame_id='RU_myo')","geometry_msgs.msg.Quaternion(x=0.8121240382639244, y=0.36962446833957063, z=-0.2689787040905693, w=-0.3626055096442188)",[0. 0. 0. 0. 0. 0. 0. 0. 0.],"geometry_msgs.msg.Vector3(x=36.5, y=-59.4375, z=3.5)",[0. 0. 0. 0. 0. 0. 0. 0. 0.],"geometry_msgs.msg.Vector3(x=0.05615234375, y=0.71044921875, z=0.18701171875)",[0. 0. 0. 0. 0. 0. 0. 0. 0.],False
4354140024,"std_msgs.msg.Header(stamp=builtin_interfaces.msg.Time(sec=1731186786, nanosec=533529889), frame_id='RU_myo')","geometry_msgs.msg.Quaternion(x=0.8066412906017884, y=0.3671267677791886, z=-0.2823488657932713, w=-0.36718780298580195)",[0. 0. 0. 0. 0. 0. 0. 0. 0.],"geometry_msgs.msg.Vector3(x=-2.625, y=-81.4375, z=0.8125)",[0. 0. 0. 0. 0. 0. 0. 0. 0.],"geometry_msgs.msg.Vector3(x=0.17138671875, y=0.876953125, z=0.20947265625)",[0. 0. 0. 0. 0. 0. 0. 0. 0.],False
4370668544,"std_msgs.msg.Header(stamp=builtin_interfaces.msg.Time(sec=1731186786, nanosec=550026537), frame_id='RU_myo')","geometry_msgs.msg.Quaternion(x=0.8030585568077294, y=0.3558433827003924, z=-0.2938912328820565, w=-0.37696204657935223)",[0. 0. 0. 0. 0. 0. 0. 0. 0.],"geometry_msgs.msg.Vector3(x=-60.5625, y=-95.125, z=-13.5625)",[0. 0. 0. 0. 0. 0. 0. 0. 0.],"geometry_msgs.msg.Vector3(x=0.28125, y=0.89599609375, z=0.21142578125)",[0. 0. 0. 0. 0. 0. 0. 0. 0.],False
4393026748,"std_msgs.msg.Header(stamp=builtin_interfaces.msg.Time(sec=1731186786, nanosec=572401114), frame_id='RU_myo')","geometry_msgs.msg.Quaternion(x=0.8024948860915817, y=0.3349628791352754, z=-0.3009050645293199, w=-0.39148176143834845)",[0. 0. 0. 0. 0. 0. 0. 0. 0.],"geometry_msgs.msg.Vector3(x=-109.625, y=-105.25, z=-20.25)",[0. 0. 0. 0. 0. 0. 0. 0. 0.],"geometry_msgs.msg.Vector3(x=0.357421875, y=0.796875, z=0.21826171875)",[0. 0. 0. 0. 0. 0. 0. 0. 0.],False
4414124802,"std_msgs.msg.Header(stamp=builtin_interfaces.msg.Time(sec=1731186786, nanosec=593523067), frame_id='RU_myo')","geometry_msgs.msg.Quaternion(x=0.8017008166875176, y=0.3099991205143435, z=-0.3082901275286373, w=-0.4075948270909206)",[0. 0. 0. 0. 0. 0. 0. 0. 0.],"geometry_msgs.msg.Vector3(x=-128.875, y=-118.8125, z=-21.5)",[0. 0. 0. 0. 0. 0. 0. 0. 0.],"geometry_msgs.msg.Vector3(x=0.43603515625, y=0.75146484375, z=0.26416015625)",[0. 0. 0. 0. 0. 0. 0. 0. 0.],False
4430650838,"std_msgs.msg.Header(stamp=builtin_interfaces.msg.Time(sec=1731186786, nanosec=610023867), frame_id='RU_myo')","geometry_msgs.msg.Quaternion(x=0.7992344835540204, y=0.28313469027927457, z=-0.3176796859029153, w=-0.42442738439363553)",[0. 0. 0. 0. 0. 0. 0. 0. 0.],"geometry_msgs.msg.Vector3(x=-130.125, y=-136.875, z=-21.5625)",[0. 0. 0. 0. 0. 0. 0. 0. 0.],"geometry_msgs.msg.Vector3(x=0.439453125, y=0.64208984375, z=0.32275390625)",[0. 0. 0. 0. 0. 0. 0. 0. 0.],False
4453285578,"std_msgs.msg.Header(stamp=builtin_interfaces.msg.Time(sec=1731186786, nanosec=632664847), frame_id='RU_myo')","geometry_msgs.msg.Quaternion(x=0.7943575865986409, y=0.2554273146304504, z=-0.3299498358165388, w=-0.44145896456918704)",[0. 0. 0. 0. 0. 0. 0. 0. 0.],"geometry_msgs.msg.Vector3(x=-121.4375, y=-156.8125, z=-22.8125)",[0. 0. 0. 0. 0. 0. 0. 0. 0.],"geometry_msgs.msg.Vector3(x=0.46923828125, y=0.5205078125, z=0.36767578125)",[0. 0. 0. 0. 0. 0. 0. 0. 0.],False
4474084889,"std_msgs.msg.Header(stamp=builtin_interfaces.msg.Time(sec=1731186786, nanosec=653487827), frame_id='RU_myo')","geometry_msgs.msg.Quaternion(x=0.7870494320098937, y=0.22943147071928582, z=-0.3455815342411802, w=-0.45660463752353747)",[0. 0. 0. 0. 0. 0. 0. 0. 0.],"geometry_msgs.msg.Vector3(x=-96.5, y=-169.9375, z=-18.75)",[0. 0. 0. 0. 0. 0. 0. 0. 0.],"geometry_msgs.msg.Vector3(x=0.5048828125, y=0.43505859375, z=0.451171875)",[0. 0. 0. 0. 0. 0. 0. 0. 0.],False
4490776024,"std_msgs.msg.Header(stamp=builtin_interfaces.msg.Time(sec=1731186786, nanosec=670128069), frame_id='RU_myo')","geometry_msgs.msg.Quaternion(x=0.7775433342564962, y=0.20618112749183173, z=-0.36548626152193264, w=-0.46833267946856866)",[0. 0. 0. 0. 0. 0. 0. 0. 0.],"geometry_msgs.msg.Vector3(x=-61.75, y=-181.8125, z=-9.9375)",[0. 0. 0. 0. 0. 0. 0. 0. 0.],"geometry_msgs.msg.Vector3(x=0.5791015625, y=0.36767578125, z=0.5146484375)",[0. 0. 0. 0. 0. 0. 0. 0. 0.],False
4513669921,"std_msgs.msg.Header(stamp=builtin_interfaces.msg.Time(sec=1731186786, nanosec=692882439), frame_id='RU_myo')","geometry_msgs.msg.Quaternion(x=0.7662258606955098, y=0.18682629915476784, z=-0.390009817575618, w=-0.47527487472008406)",[0. 0. 0. 0. 0. 0. 0. 0. 0.],"geometry_msgs.msg.Vector3(x=-19.625, y=-188.9375, z=2.5625)",[0. 0. 0. 0. 0. 0. 0. 0. 0.],"geometry_msgs.msg.Vector3(x=0.71728515625, y=0.34619140625, z=0.48095703125)",[0. 0. 0. 0. 0. 0. 0. 0. 0.],False
4534249706,"std_msgs.msg.Header(stamp=builtin_interfaces.msg.Time(sec=1731186786, nanosec=713599936), frame_id='RU_myo')","geometry_msgs.msg.Quaternion(x=0.7537124061861515, y=0.16955324839137814, z=-0.41918348090424234, w=-0.4769219161015943)",[0. 0. 0. 0. 0. 0. 0. 0. 0.],"geometry_msgs.msg.Vector3(x=14.375, y=-200.8125, z=23.25)",[0. 0. 0. 0. 0. 0. 0. 0. 0.],"geometry_msgs.msg.Vector3(x=0.7548828125, y=0.37353515625, z=0.40966796875)",[0. 0. 0. 0. 0. 0. 0. 0. 0.],False
4550666140,"std_msgs.msg.Header(stamp=builtin_interfaces.msg.Time(sec=1731186786, nanosec=730062651), frame_id='RU_myo')","geometry_msgs.msg.Quaternion(x=0.7400044358127966, y=0.15112594713563876, z=-0.4517298605617377, w=-0.4748626287218375)",[0. 0. 0. 0. 0. 0. 0. 0. 0.],"geometry_msgs.msg.Vector3(x=27.75, y=-217.75, z=41.875)",[0. 0. 0. 0. 0. 0. 0. 0. 0.],"geometry_msgs.msg.Vector3(x=0.78515625, y=0.3955078125, z=0.3466796875)",[0. 0. 0. 0. 0. 0. 0. 0. 0.],False
4573156346,"std_msgs.msg.Header(stamp=builtin_interfaces.msg.Time(sec=1731186786, nanosec=752552053), frame_id='RU_myo')","geometry_msgs.msg.Quaternion(x=0.7244994474587199, y=0.13025120647657187, z=-0.48761803586754116, w=-0.46942925445703576)",[0. 0. 0. 0. 0. 0. 0. 0. 0.],"geometry_msgs.msg.Vector3(x=37.8125, y=-241.1875, z=60.5)",[0. 0. 0. 0. 0. 0. 0. 0. 0.],"geometry_msgs.msg.Vector3(x=0.841796875, y=0.388671875, z=0.3837890625)",[0. 0. 0. 0. 0. 0. 0. 0. 0.],False
4594065449,"std_msgs.msg.Header(stamp=builtin_interfaces.msg.Time(sec=1731186786, nanosec=773426659), frame_id='RU_myo')","geometry_msgs.msg.Quaternion(x=0.7078961786619513, y=0.10534823283070598, z=-0.524543866133886, w=-0.46112740384471823)",[0. 0. 0. 0. 0. 0. 0. 0. 0.],"geometry_msgs.msg.Vector3(x=33.0, y=-258.125, z=81.75)",[0. 0. 0. 0. 0. 0. 0. 0. 0.],"geometry_msgs.msg.Vector3(x=0.96435546875, y=0.4580078125, z=0.40234375)",[0. 0. 0. 0. 0. 0. 0. 0. 0.],False
4610633205,"std_msgs.msg.Header(stamp=builtin_interfaces.msg.Time(sec=1731186786, nanosec=790022167), frame_id='RU_myo')","geometry_msgs.msg.Quaternion(x=0.6844081320740549, y=0.07562487074286578, z=-0.5660573456572536, w=-0.453260928278064)",[0. 0. 0. 0. 0. 0. 0. 0. 0.],"geometry_msgs.msg.Vector3(x=28.1875, y=-312.1875, z=80.125)",[0. 0. 0. 0. 0. 0. 0. 0. 0.],"geometry_msgs.msg.Vector3(x=0.95556640625, y=0.4853515625, z=0.37646484375)",[0. 0. 0. 0. 0. 0. 0. 0. 0.],False
4633397431,"std_msgs.msg.Header(stamp=builtin_interfaces.msg.Time(sec=1731186786, nanosec=812718169), frame_id='RU_myo')","geometry_msgs.msg.Quaternion(x=0.6657109687719582, y=0.050537148816648156, z=-0.5982670684792092, w=-0.443115580203944)",[0. 0. 0. 0. 0. 0. 0. 0. 0.],"geometry_msgs.msg.Vector3(x=29.625, y=-250.25, z=82.25)",[0. 0. 0. 0. 0. 0. 0. 0. 0.],"geometry_msgs.msg.Vector3(x=0.93798828125, y=0.40966796875, z=0.51025390625)",[0. 0. 0. 0. 0. 0. 0. 0. 0.],False
4655945530,"std_msgs.msg.Header(stamp=builtin_interfaces.msg.Time(sec=1731186786, nanosec=835120649), frame_id='RU_myo')","geometry_msgs.msg.Quaternion(x=0.6473913817901149, y=0.023803397652318734, z=-0.6299965911980359, w=-0.4282780546828732)",[0. 0. 0. 0. 0. 0. 0. 0. 0.],"geometry_msgs.msg.Vector3(x=38.125, y=-249.875, z=106.3125)",[0. 0. 0. 0. 0. 0. 0. 0. 0.],"geometry_msgs.msg.Vector3(x=0.92626953125, y=0.318359375, z=0.41796875)",[0. 0. 0. 0. 0. 0. 0. 0. 0.],False
4678242134,"std_msgs.msg.Header(stamp=builtin_interfaces.msg.Time(sec=1731186786, nanosec=857546057), frame_id='RU_myo')","geometry_msgs.msg.Quaternion(x=0.6259699981797275, y=0.0003051725810158578, z=-0.66027139628591, w=-0.4149736756653635)",[0. 0. 0. 0. 0. 0. 0. 0. 0.],"geometry_msgs.msg.Vector3(x=41.75, y=-251.25, z=86.8125)",[0. 0. 0. 0. 0. 0. 0. 0. 0.],"geometry_msgs.msg.Vector3(x=0.859375, y=0.61279296875, z=0.52783203125)",[0. 0. 0. 0. 0. 0. 0. 0. 0.],False
4693043821,"std_msgs.msg.Header(stamp=builtin_interfaces.msg.Time(sec=1731186786, nanosec=872464657), frame_id='RU_myo')","geometry_msgs.msg.Quaternion(x=0.5992853414876939, y=-0.026366357828972783, z=-0.6876004335676097, w=-0.4091057789990847)",[0. 0. 0. 0. 0. 0. 0. 0. 0.],"geometry_msgs.msg.Vector3(x=-3.25, y=-271.5625, z=64.3125)",[0. 0. 0. 0. 0. 0. 0. 0. 0.],"geometry_msgs.msg.Vector3(x=0.99951171875, y=1.001953125, z=0.67626953125)",[0. 0. 0. 0. 0. 0. 0. 0. 0.],False
4715380899,"std_msgs.msg.Header(stamp=builtin_interfaces.msg.Time(sec=1731186786, nanosec=894787308), frame_id='RU_myo')","geometry_msgs.msg.Quaternion(x=0.5784218605089356, y=-0.05975255897839484, z=-0.7050679890892924, w=-0.4058779542454808)",[0. 0. 0. 0. 0. 0. 0. 0. 0.],"geometry_msgs.msg.Vector3(x=-60.5625, y=-227.5, z=95.125)",[0. 0. 0. 0. 0. 0. 0. 0. 0.],"geometry_msgs.msg.Vector3(x=1.34521484375, y=1.03955078125, z=0.4267578125)",[0. 0. 0. 0. 0. 0. 0. 0. 0.],False
4732295597,"std_msgs.msg.Header(stamp=builtin_interfaces.msg.Time(sec=1731186786, nanosec=911643030), frame_id='RU_myo')","geometry_msgs.msg.Quaternion(x=0.561100958273451, y=-0.09527668833513074, z=-0.714666716025654, w=-0.4066196653995138)",[0. 0. 0. 0. 0. 0. 0. 0. 0.],"geometry_msgs.msg.Vector3(x=-101.125, y=-190.0625, z=95.375)",[0. 0. 0. 0. 0. 0. 0. 0. 0.],"geometry_msgs.msg.Vector3(x=1.30029296875, y=0.55224609375, z=0.31298828125)",[0. 0. 0. 0. 0. 0. 0. 0. 0.],False
4753283623,"std_msgs.msg.Header(stamp=builtin_interfaces.msg.Time(sec=1731186786, nanosec=932620074), frame_id='RU_myo')","geometry_msgs.msg.Quaternion(x=0.5438260734040883, y=-0.12097230948225622, z=-0.7208899834989547, w=-0.4122335914445805)",[0. 0. 0. 0. 0. 0. 0. 0. 0.],"geometry_msgs.msg.Vector3(x=-95.875, y=-157.0625, z=41.875)",[0. 0. 0. 0. 0. 0. 0. 0. 0.],"geometry_msgs.msg.Vector3(x=1.14697265625, y=0.4599609375, z=0.52197265625)",[0. 0. 0. 0. 0. 0. 0. 0. 0.],False
4792295079,"std_msgs.msg.Header(stamp=builtin_interfaces.msg.Time(sec=1731186786, nanosec=971589993), frame_id='RU_myo')","geometry_msgs.msg.Quaternion(x=0.5287500207836362, y=-0.13018859452054668, z=-0.7310214704981658, w=-0.41119576244018896)",[0. 0. 0. 0. 0. 0. 0. 0. 0.],"geometry_msgs.msg.Vector3(x=-7.8125, y=-122.5625, z=-2.75)",[0. 0. 0. 0. 0. 0. 0. 0. 0.],"geometry_msgs.msg.Vector3(x=1.10302734375, y=0.5048828125, z=0.2783203125)",[0. 0. 0. 0. 0. 0. 0. 0. 0.],False
4813632717,"std_msgs.msg.Header(stamp=builtin_interfaces.msg.Time(sec=1731186786, nanosec=992997444), frame_id='RU_myo')","geometry_msgs.msg.Quaternion(x=0.5214759740803943, y=-0.1320169161909987, z=-0.7385134932552401, w=-0.4064875921553635)",[0. 0. 0. 0. 0. 0. 0. 0. 0.],"geometry_msgs.msg.Vector3(x=40.6875, y=-90.625, z=-11.1875)",[0. 0. 0. 0. 0. 0. 0. 0. 0.],"geometry_msgs.msg.Vector3(x=1.15673828125, y=0.4384765625, z=0.3125)",[0. 0. 0. 0. 0. 0. 0. 0. 0.],False
4816218816,"std_msgs.msg.Header(stamp=builtin_interfaces.msg.Time(sec=1731186786, nanosec=995552423), frame_id='RU_myo')","geometry_msgs.msg.Quaternion(x=0.5171942879582995, y=-0.1300004523661999, z=-0.7446645630610352, w=-0.4013535092770566)",[0. 0. 0. 0. 0. 0. 0. 0. 0.],"geometry_msgs.msg.Vector3(x=50.875, y=-59.75, z=-10.6875)",[0. 0. 0. 0. 0. 0. 0. 0. 0.],"geometry_msgs.msg.Vector3(x=1.12841796875, y=0.55859375, z=0.203125)",[0. 0. 0. 0. 0. 0. 0. 0. 0.],False
4834343149,"std_msgs.msg.Header(stamp=builtin_interfaces.msg.Time(sec=1731186787, nanosec=13696875), frame_id='RU_myo')","geometry_msgs.msg.Quaternion(x=0.5153072447808124, y=-0.12487488130066826, z=-0.748638951140761, w=-0.39800053810442704)",[0. 0. 0. 0. 0. 0. 0. 0. 0.],"geometry_msgs.msg.Vector3(x=49.1875, y=-33.0, z=-18.4375)",[0. 0. 0. 0. 0. 0. 0. 0. 0.],"geometry_msgs.msg.Vector3(x=1.0888671875, y=0.59521484375, z=0.17138671875)",[0. 0. 0. 0. 0. 0. 0. 0. 0.],False
4850107731,"std_msgs.msg.Header(stamp=builtin_interfaces.msg.Time(sec=1731186787, nanosec=29465601), frame_id='RU_myo')","geometry_msgs.msg.Quaternion(x=0.5149894497508773, y=-0.11620525151998938, z=-0.7516111725150574, w=-0.3954274288855101)",[0. 0. 0. 0. 0. 0. 0. 0. 0.],"geometry_msgs.msg.Vector3(x=53.4375, y=-9.1875, z=-26.75)",[0. 0. 0. 0. 0. 0. 0. 0. 0.],"geometry_msgs.msg.Vector3(x=1.03759765625, y=0.6640625, z=0.0869140625)",[0. 0. 0. 0. 0. 0. 0. 0. 0.],False
4873674361,"std_msgs.msg.Header(stamp=builtin_interfaces.msg.Time(sec=1731186787, nanosec=53143332), frame_id='RU_myo')","geometry_msgs.msg.Quaternion(x=0.5165403406902999, y=-0.10644527403567092, z=-0.7533566613659898, w=-0.39282212367751035)",[0. 0. 0. 0. 0. 0. 0. 0. 0.],"geometry_msgs.msg.Vector3(x=50.75, y=11.1875, z=-32.875)",[0. 0. 0. 0. 0. 0. 0. 0. 0.],"geometry_msgs.msg.Vector3(x=1.0546875, y=0.576171875, z=-0.017578125)",[0. 0. 0. 0. 0. 0. 0. 0. 0.],False
4896142319,"std_msgs.msg.Header(stamp=builtin_interfaces.msg.Time(sec=1731186787, nanosec=75500002), frame_id='RU_myo')","geometry_msgs.msg.Quaternion(x=0.5197419982318079, y=-0.09600213283450375, z=-0.7534916287188704, w=-0.39102712337613826)",[0. 0. 0. 0. 0. 0. 0. 0. 0.],"geometry_msgs.msg.Vector3(x=45.0625, y=27.25, z=-36.6875)",[0. 0. 0. 0. 0. 0. 0. 0. 0.],"geometry_msgs.msg.Vector3(x=1.0673828125, y=0.548828125, z=-0.05126953125)",[0. 0. 0. 0. 0. 0. 0. 0. 0.],False
4909922940,"std_msgs.msg.Header(stamp=builtin_interfaces.msg.Time(sec=1731186787, nanosec=89417395), frame_id='RU_myo')","geometry_msgs.msg.Quaternion(x=0.5247778502827746, y=-0.08294639433988028, z=-0.7528651759988397, w=-0.3884869756978204)",[0. 0. 0. 0. 0. 0. 0. 0. 0.],"geometry_msgs.msg.Vector3(x=52.5625, y=47.0625, z=-43.0625)",[0. 0. 0. 0. 0. 0. 0. 0. 0.],"geometry_msgs.msg.Vector3(x=1.0400390625, y=0.50830078125, z=-0.10546875)",[0. 0. 0. 0. 0. 0. 0. 0. 0.],False
4933158988,"std_msgs.msg.Header(stamp=builtin_interfaces.msg.Time(sec=1731186787, nanosec=112505077), frame_id='RU_myo')","geometry_msgs.msg.Quaternion(x=0.5307588932944843, y=-0.06780969761386524, z=-0.7521932613800857, w=-0.384580472245693)",[0. 0. 0. 0. 0. 0. 0. 0. 0.],"geometry_msgs.msg.Vector3(x=65.0, y=55.4375, z=-47.125)",[0. 0. 0. 0. 0. 0. 0. 0. 0.],"geometry_msgs.msg.Vector3(x=0.9404296875, y=0.4423828125, z=-0.087890625)",[0. 0. 0. 0. 0. 0. 0. 0. 0.],False
4955487327,"std_msgs.msg.Header(stamp=builtin_interfaces.msg.Time(sec=1731186787, nanosec=134841910), frame_id='RU_myo')","geometry_msgs.msg.Quaternion(x=0.5359927010515839, y=-0.05108470630610063, z=-0.7528433121693564, w=-0.37858833120279833)",[0. 0. 0. 0. 0. 0. 0. 0. 0.],"geometry_msgs.msg.Vector3(x=83.3125, y=47.8125, z=-50.0625)",[0. 0. 0. 0. 0. 0. 0. 0. 0.],"geometry_msgs.msg.Vector3(x=0.85302734375, y=0.39794921875, z=-0.01513671875)",[0. 0. 0. 0. 0. 0. 0. 0. 0.],False
4969918838,"std_msgs.msg.Header(stamp=builtin_interfaces.msg.Time(sec=1731186787, nanosec=149322475), frame_id='RU_myo')","geometry_msgs.msg.Quaternion(x=0.53904491134975, y=-0.032347577334167515, z=-0.7552854141704207, w=-0.37138680769511195)",[0. 0. 0. 0. 0. 0. 0. 0. 0.],"geometry_msgs.msg.Vector3(x=92.3125, y=45.75, z=-62.0)",[0. 0. 0. 0. 0. 0. 0. 0. 0.],"geometry_msgs.msg.Vector3(x=0.865234375, y=0.3837890625, z=-0.171875)",[0. 0. 0. 0. 0. 0. 0. 0. 0.],False
4993065658,"std_msgs.msg.Header(stamp=builtin_interfaces.msg.Time(sec=1731186787, nanosec=172441594), frame_id='RU_myo')","geometry_msgs.msg.Quaternion(x=0.5401464630502663, y=-0.005309914382528041, z=-0.7585243212190631, w=-0.36449205393629264)",[0. 0. 0. 0. 0. 0. 0. 0. 0.],"geometry_msgs.msg.Vector3(x=118.0625, y=55.25, z=-92.3125)",[0. 0. 0. 0. 0. 0. 0. 0. 0.],"geometry_msgs.msg.Vector3(x=0.81787109375, y=0.654296875, z=-0.4384765625)",[0. 0. 0. 0. 0. 0. 0. 0. 0.],False
5015639585,"std_msgs.msg.Header(stamp=builtin_interfaces.msg.Time(sec=1731186787, nanosec=195011099), frame_id='RU_myo')","geometry_msgs.msg.Quaternion(x=0.5386921651357337, y=0.028381130386145047, z=-0.7639101675548202, w=-0.35418430028128967)",[0. 0. 0. 0. 0. 0. 0. 0. 0.],"geometry_msgs.msg.Vector3(x=159.0625, y=50.5, z=-111.75)",[0. 0. 0. 0. 0. 0. 0. 0. 0.],"geometry_msgs.msg.Vector3(x=0.75, y=0.95947265625, z=-0.41845703125)",[0. 0. 0. 0. 0. 0. 0. 0. 0.],False
5038294618,"std_msgs.msg.Header(stamp=builtin_interfaces.msg.Time(sec=1731186787, nanosec=217585624), frame_id='RU_myo')","geometry_msgs.msg.Quaternion(x=0.5372411250699672, y=0.06024278464485999, z=-0.7670426288064393, w=-0.3455262450603368)",[0. 0. 0. 0. 0. 0. 0. 0. 0.],"geometry_msgs.msg.Vector3(x=144.125, y=49.625, z=-111.125)",[0. 0. 0. 0. 0. 0. 0. 0. 0.],"geometry_msgs.msg.Vector3(x=0.990234375, y=1.0634765625, z=-0.21484375)",[0. 0. 0. 0. 0. 0. 0. 0. 0.],False
5054505387,"std_msgs.msg.Header(stamp=builtin_interfaces.msg.Time(sec=1731186787, nanosec=233756053), frame_id='RU_myo')","geometry_msgs.msg.Quaternion(x=0.5382189102283329, y=0.08654960475207259, z=-0.7640535629664631, w=-0.34503872754828374)",[0. 0. 0. 0. 0. 0. 0. 0. 0.],"geometry_msgs.msg.Vector3(x=78.75, y=63.125, z=-112.8125)",[0. 0. 0. 0. 0. 0. 0. 0. 0.],"geometry_msgs.msg.Vector3(x=1.11083984375, y=0.94140625, z=-0.0771484375)",[0. 0. 0. 0. 0. 0. 0. 0. 0.],False
5081882352,"std_msgs.msg.Header(stamp=builtin_interfaces.msg.Time(sec=1731186787, nanosec=261091825), frame_id='RU_myo')","geometry_msgs.msg.Quaternion(x=0.5400279043844799, y=0.10699241821722348, z=-0.7571865033672986, w=-0.3515552361273287)",[0. 0. 0. 0. 0. 0. 0. 0. 0.],"geometry_msgs.msg.Vector3(x=22.875, y=62.75, z=-110.375)",[0. 0. 0. 0. 0. 0. 0. 0. 0.],"geometry_msgs.msg.Vector3(x=1.060546875, y=0.8720703125, z=0.0166015625)",[0. 0. 0. 0. 0. 0. 0. 0. 0.],False
5096659989,"std_msgs.msg.Header(stamp=builtin_interfaces.msg.Time(sec=1731186787, nanosec=275995450), frame_id='RU_myo')","geometry_msgs.msg.Quaternion(x=0.5403163048779435, y=0.12444425004474492, z=-0.7475809802835117, w=-0.36564271800787973)",[0. 0. 0. 0. 0. 0. 0. 0. 0.],"geometry_msgs.msg.Vector3(x=-23.3125, y=53.9375, z=-124.0625)",[0. 0. 0. 0. 0. 0. 0. 0. 0.],"geometry_msgs.msg.Vector3(x=1.01171875, y=1.00146484375, z=0.07666015625)",[0. 0. 0. 0. 0. 0. 0. 0. 0.],False
5113320635,"std_msgs.msg.Header(stamp=builtin_interfaces.msg.Time(sec=1731186787, nanosec=292593048), frame_id='RU_myo')","geometry_msgs.msg.Quaternion(x=0.5413707468786634, y=0.1406221195950891, z=-0.731430330393901, w=-0.3900676937205792)",[0. 0. 0. 0. 0. 0. 0. 0. 0.],"geometry_msgs.msg.Vector3(x=-86.1875, y=68.4375, z=-154.0625)",[0. 0. 0. 0. 0. 0. 0. 0. 0.],"geometry_msgs.msg.Vector3(x=1.05810546875, y=1.1533203125, z=0.05078125)",[0. 0. 0. 0. 0. 0. 0. 0. 0.],False
5135782836,"std_msgs.msg.Header(stamp=builtin_interfaces.msg.Time(sec=1731186787, nanosec=315067509), frame_id='RU_myo')","geometry_msgs.msg.Quaternion(x=0.5441867274894461, y=0.15673749620826577, z=-0.7074549527063896, w=-0.4228494445992466)",[0. 0. 0. 0. 0. 0. 0. 0. 0.],"geometry_msgs.msg.Vector3(x=-142.125, y=94.25, z=-183.9375)",[0. 0. 0. 0. 0. 0. 0. 0. 0.],"geometry_msgs.msg.Vector3(x=0.96630859375, y=1.02294921875, z=0.0419921875)",[0. 0. 0. 0. 0. 0. 0. 0. 0.],False
5156581892,"std_msgs.msg.Header(stamp=builtin_interfaces.msg.Time(sec=1731186787, nanosec=335937517), frame_id='RU_myo')","geometry_msgs.msg.Quaternion(x=0.5492968389486225, y=0.17083131691302159, z=-0.678564695047865, w=-0.45677083807683233)",[0. 0. 0. 0. 0. 0. 0. 0. 0.],"geometry_msgs.msg.Vector3(x=-167.6875, y=114.0625, z=-181.1875)",[0. 0. 0. 0. 0. 0. 0. 0. 0.],"geometry_msgs.msg.Vector3(x=0.85595703125, y=0.7509765625, z=0.07470703125)",[0. 0. 0. 0. 0. 0. 0. 0. 0.],False
5173064408,"std_msgs.msg.Header(stamp=builtin_interfaces.msg.Time(sec=1731186787, nanosec=352381448), frame_id='RU_myo')","geometry_msgs.msg.Quaternion(x=0.5581548236239141, y=0.18560402609516924, z=-0.6464708465636411, w=-0.4858907108660448)",[0. 0. 0. 0. 0. 0. 0. 0. 0.],"geometry_msgs.msg.Vector3(x=-158.5, y=145.4375, z=-163.5)",[0. 0. 0. 0. 0. 0. 0. 0. 0.],"geometry_msgs.msg.Vector3(x=0.818359375, y=0.615234375, z=0.16015625)",[0. 0. 0. 0. 0. 0. 0. 0. 0.],False
5195417815,"std_msgs.msg.Header(stamp=builtin_interfaces.msg.Time(sec=1731186787, nanosec=374900736), frame_id='RU_myo')","geometry_msgs.msg.Quaternion(x=0.5700054237469889, y=0.1983635964426292, z=-0.6079691643584706, w=-0.5158674206563391)",[0. 0. 0. 0. 0. 0. 0. 0. 0.],"geometry_msgs.msg.Vector3(x=-186.8125, y=169.5625, z=-157.375)",[0. 0. 0. 0. 0. 0. 0. 0. 0.],"geometry_msgs.msg.Vector3(x=0.73974609375, y=0.5947265625, z=0.375)",[0. 0. 0. 0. 0. 0. 0. 0. 0.],False
5218157884,"std_msgs.msg.Header(stamp=builtin_interfaces.msg.Time(sec=1731186787, nanosec=397543827), frame_id='RU_myo')","geometry_msgs.msg.Quaternion(x=0.5876972089121988, y=0.2061121066046833, z=-0.5605370408816734, w=-0.5458278262853665)",[0. 0. 0. 0. 0. 0. 0. 0. 0.],"geometry_msgs.msg.Vector3(x=-236.5, y=205.875, z=-133.3125)",[0. 0. 0. 0. 0. 0. 0. 0. 0.],"geometry_msgs.msg.Vector3(x=0.75, y=0.60888671875, z=0.4404296875)",[0. 0. 0. 0. 0. 0. 0. 0. 0.],False
5232888273,"std_msgs.msg.Header(stamp=builtin_interfaces.msg.Time(sec=1731186787, nanosec=412419086), frame_id='RU_myo')","geometry_msgs.msg.Quaternion(x=0.6078602192928312, y=0.2141152374012704, z=-0.512094310660393, w=-0.5678204257537111)",[0. 0. 0. 0. 0. 0. 0. 0. 0.],"geometry_msgs.msg.Vector3(x=-218.3125, y=229.0625, z=-100.3125)",[0. 0. 0. 0. 0. 0. 0. 0. 0.],"geometry_msgs.msg.Vector3(x=0.68701171875, y=0.59521484375, z=0.37353515625)",[0. 0. 0. 0. 0. 0. 0. 0. 0.],False
5255448101,"std_msgs.msg.Header(stamp=builtin_interfaces.msg.Time(sec=1731186787, nanosec=434830696), frame_id='RU_myo')","geometry_msgs.msg.Quaternion(x=0.6271229060087472, y=0.219355690919264, z=-0.463918365797809, w=-0.585986084728952)",[0. 0. 0. 0. 0. 0. 0. 0. 0.],"geometry_msgs.msg.Vector3(x=-214.125, y=221.5625, z=-81.0625)",[0. 0. 0. 0. 0. 0. 0. 0. 0.],"geometry_msgs.msg.Vector3(x=0.603515625, y=0.5244140625, z=0.42724609375)",[0. 0. 0. 0. 0. 0. 0. 0. 0.],False
5276663929,"std_msgs.msg.Header(stamp=builtin_interfaces.msg.Time(sec=1731186787, nanosec=456036060), frame_id='RU_myo')","geometry_msgs.msg.Quaternion(x=0.6457512975963232, y=0.2234494801985009, z=-0.4171138343831071, w=-0.5992425557467582)",[0. 0. 0. 0. 0. 0. 0. 0. 0.],"geometry_msgs.msg.Vector3(x=-199.9375, y=218.4375, z=-60.75)",[0. 0. 0. 0. 0. 0. 0. 0. 0.],"geometry_msgs.msg.Vector3(x=0.595703125, y=0.47705078125, z=0.4521484375)",[0. 0. 0. 0. 0. 0. 0. 0. 0.],False
5293201817,"std_msgs.msg.Header(stamp=builtin_interfaces.msg.Time(sec=1731186787, nanosec=472571735), frame_id='RU_myo')","geometry_msgs.msg.Quaternion(x=0.6639868179165688, y=0.22948712522900072, z=-0.37371001802584347, w=-0.6056384956508973)",[0. 0. 0. 0. 0. 0. 0. 0. 0.],"geometry_msgs.msg.Vector3(x=-163.3125, y=220.5625, z=-36.875)",[0. 0. 0. 0. 0. 0. 0. 0. 0.],"geometry_msgs.msg.Vector3(x=0.5283203125, y=0.4052734375, z=0.50732421875)",[0. 0. 0. 0. 0. 0. 0. 0. 0.],False
5315645521,"std_msgs.msg.Header(stamp=builtin_interfaces.msg.Time(sec=1731186787, nanosec=494951298), frame_id='RU_myo')","geometry_msgs.msg.Quaternion(x=0.6807986540118743, y=0.24054397484855627, z=-0.33649300516114966, w=-0.6045033054808682)",[0. 0. 0. 0. 0. 0. 0. 0. 0.],"geometry_msgs.msg.Vector3(x=-104.1875, y=220.8125, z=-14.3125)",[0. 0. 0. 0. 0. 0. 0. 0. 0.],"geometry_msgs.msg.Vector3(x=0.4150390625, y=0.4150390625, z=0.6015625)",[0. 0. 0. 0. 0. 0. 0. 0. 0.],False
5336723368,"std_msgs.msg.Header(stamp=builtin_interfaces.msg.Time(sec=1731186787, nanosec=515921688), frame_id='RU_myo')","geometry_msgs.msg.Quaternion(x=0.6955130767210624, y=0.2575748296413237, z=-0.3078080250903307, w=-0.5959622361653755)",[0. 0. 0. 0. 0. 0. 0. 0. 0.],"geometry_msgs.msg.Vector3(x=-34.625, y=213.9375, z=8.3125)",[0. 0. 0. 0. 0. 0. 0. 0. 0.],"geometry_msgs.msg.Vector3(x=0.3505859375, y=0.42529296875, z=0.58544921875)",[0. 0. 0. 0. 0. 0. 0. 0. 0.],False
5352950787,"std_msgs.msg.Header(stamp=builtin_interfaces.msg.Time(sec=1731186787, nanosec=532359240), frame_id='RU_myo')","geometry_msgs.msg.Quaternion(x=0.7078946042608776, y=0.2813145569096728, z=-0.2871740052636169, w=-0.5807567821643602)",[0. 0. 0. 0. 0. 0. 0. 0. 0.],"geometry_msgs.msg.Vector3(x=34.3125, y=210.9375, z=26.8125)",[0. 0. 0. 0. 0. 0. 0. 0. 0.],"geometry_msgs.msg.Vector3(x=0.3515625, y=0.41015625, z=0.51171875)",[0. 0. 0. 0. 0. 0. 0. 0. 0.],False
5375755541,"std_msgs.msg.Header(stamp=builtin_interfaces.msg.Time(sec=1731186787, nanosec=555031816), frame_id='RU_myo')","geometry_msgs.msg.Quaternion(x=0.7179014583578887, y=0.31109877004337344, z=-0.27270733854302387, w=-0.5598801290186118)",[0. 0. 0. 0. 0. 0. 0. 0. 0.],"geometry_msgs.msg.Vector3(x=91.875, y=211.6875, z=41.3125)",[0. 0. 0. 0. 0. 0. 0. 0. 0.],"geometry_msgs.msg.Vector3(x=0.34033203125, y=0.43408203125, z=0.4560546875)",[0. 0. 0. 0. 0. 0. 0. 0. 0.],False
5397070726,"std_msgs.msg.Header(stamp=builtin_interfaces.msg.Time(sec=1731186787, nanosec=576297603), frame_id='RU_myo')","geometry_msgs.msg.Quaternion(x=0.7243795191526161, y=0.3446112879285196, z=-0.2636770747168269, w=-0.5357161307383309)",[0. 0. 0. 0. 0. 0. 0. 0. 0.],"geometry_msgs.msg.Vector3(x=136.875, y=201.0625, z=48.0)",[0. 0. 0. 0. 0. 0. 0. 0. 0.],"geometry_msgs.msg.Vector3(x=0.2900390625, y=0.4931640625, z=0.541015625)",[0. 0. 0. 0. 0. 0. 0. 0. 0.],False
5413191074,"std_msgs.msg.Header(stamp=builtin_interfaces.msg.Time(sec=1731186787, nanosec=592496942), frame_id='RU_myo')","geometry_msgs.msg.Quaternion(x=0.7260982808257676, y=0.38129925691985284, z=-0.2622157207824056, w=-0.508561775037012)",[0. 0. 0. 0. 0. 0. 0. 0. 0.],"geometry_msgs.msg.Vector3(x=182.625, y=177.125, z=56.9375)",[0. 0. 0. 0. 0. 0. 0. 0. 0.],"geometry_msgs.msg.Vector3(x=0.1962890625, y=0.84375, z=0.390625)",[0. 0. 0. 0. 0. 0. 0. 0. 0.],False
5435826386,"std_msgs.msg.Header(stamp=builtin_interfaces.msg.Time(sec=1731186787, nanosec=615124988), frame_id='RU_myo')","geometry_msgs.msg.Quaternion(x=0.7276880615320427, y=0.41212462602452204, z=-0.2564181803804824, w=-0.48463707503476083)",[0. 0. 0. 0. 0. 0. 0. 0. 0.],"geometry_msgs.msg.Vector3(x=137.1875, y=169.5625, z=43.5625)",[0. 0. 0. 0. 0. 0. 0. 0. 0.],"geometry_msgs.msg.Vector3(x=0.08837890625, y=0.93408203125, z=0.1240234375)",[0. 0. 0. 0. 0. 0. 0. 0. 0.],False
5456799501,"std_msgs.msg.Header(stamp=builtin_interfaces.msg.Time(sec=1731186787, nanosec=636163407), frame_id='RU_myo')","geometry_msgs.msg.Quaternion(x=0.7320177717768502, y=0.4311659751381364, z=-0.24152374909705632, w=-0.46894793134007673)",[0. 0. 0. 0. 0. 0. 0. 0. 0.],"geometry_msgs.msg.Vector3(x=45.125, y=158.375, z=14.0625)",[0. 0. 0. 0. 0. 0. 0. 0. 0.],"geometry_msgs.msg.Vector3(x=-0.01025390625, y=0.7802734375, z=0.09033203125)",[0. 0. 0. 0. 0. 0. 0. 0. 0.],False
5472368956,"std_msgs.msg.Header(stamp=builtin_interfaces.msg.Time(sec=1731186787, nanosec=651712900), frame_id='RU_myo')","geometry_msgs.msg.Quaternion(x=0.7383464893915583, y=0.4424463670000336, z=-0.22381719241124612, w=-0.4571559234142987)",[0. 0. 0. 0. 0. 0. 0. 0. 0.],"geometry_msgs.msg.Vector3(x=-4.375, y=141.375, z=7.8125)",[0. 0. 0. 0. 0. 0. 0. 0. 0.],"geometry_msgs.msg.Vector3(x=-0.1123046875, y=0.7109375, z=0.09814453125)",[0. 0. 0. 0. 0. 0. 0. 0. 0.],False
5495675695,"std_msgs.msg.Header(stamp=builtin_interfaces.msg.Time(sec=1731186787, nanosec=674942046), frame_id='RU_myo')","geometry_msgs.msg.Quaternion(x=0.7429834439297825, y=0.45367583494044805, z=-0.2133796204697708, w=-0.4434218943686742)",[0. 0. 0. 0. 0. 0. 0. 0. 0.],"geometry_msgs.msg.Vector3(x=22.4375, y=113.6875, z=30.3125)",[0. 0. 0. 0. 0. 0. 0. 0. 0.],"geometry_msgs.msg.Vector3(x=-0.10693359375, y=0.607421875, z=0.0908203125)",[0. 0. 0. 0. 0. 0. 0. 0. 0.],False
5516787624,"std_msgs.msg.Header(stamp=builtin_interfaces.msg.Time(sec=1731186787, nanosec=696201467), frame_id='RU_myo')","geometry_msgs.msg.Quaternion(x=0.7457910774606783, y=0.4650894516941132, z=-0.20977853615126862, w=-0.42834616430305594)",[0. 0. 0. 0. 0. 0. 0. 0. 0.],"geometry_msgs.msg.Vector3(x=28.8125, y=85.9375, z=45.875)",[0. 0. 0. 0. 0. 0. 0. 0. 0.],"geometry_msgs.msg.Vector3(x=-0.03466796875, y=0.72607421875, z=0.04345703125)",[0. 0. 0. 0. 0. 0. 0. 0. 0.],False
5533047044,"std_msgs.msg.Header(stamp=builtin_interfaces.msg.Time(sec=1731186787, nanosec=712348944), frame_id='RU_myo')","geometry_msgs.msg.Quaternion(x=0.7483872649361983, y=0.47383821366117834, z=-0.20850590465884133, w=-0.414631326214142)",[0. 0. 0. 0. 0. 0. 0. 0. 0.],"geometry_msgs.msg.Vector3(x=27.75, y=67.3125, z=46.8125)",[0. 0. 0. 0. 0. 0. 0. 0. 0.],"geometry_msgs.msg.Vector3(x=0.0029296875, y=0.7548828125, z=0.14013671875)",[0. 0. 0. 0. 0. 0. 0. 0. 0.],False
5555908409,"std_msgs.msg.Header(stamp=builtin_interfaces.msg.Time(sec=1731186787, nanosec=735149657), frame_id='RU_myo')","geometry_msgs.msg.Quaternion(x=0.7461697414760688, y=0.48719238253267744, z=-0.21332214694960006, w=-0.400459687020408)",[0. 0. 0. 0. 0. 0. 0. 0. 0.],"geometry_msgs.msg.Vector3(x=80.625, y=48.3125, z=47.875)",[0. 0. 0. 0. 0. 0. 0. 0. 0.],"geometry_msgs.msg.Vector3(x=0.02392578125, y=0.71240234375, z=0.1689453125)",[0. 0. 0. 0. 0. 0. 0. 0. 0.],False
5576713915,"std_msgs.msg.Header(stamp=builtin_interfaces.msg.Time(sec=1731186787, nanosec=755958197), frame_id='RU_myo')","geometry_msgs.msg.Quaternion(x=0.7413802089586119, y=0.5016996227578653, z=-0.22021073466062993, w=-0.38750497626395214)",[0. 0. 0. 0. 0. 0. 0. 0. 0.],"geometry_msgs.msg.Vector3(x=102.375, y=34.6875, z=44.0)",[0. 0. 0. 0. 0. 0. 0. 0. 0.],"geometry_msgs.msg.Vector3(x=0.04345703125, y=0.9033203125, z=0.10400390625)",[0. 0. 0. 0. 0. 0. 0. 0. 0.],False
5592580521,"std_msgs.msg.Header(stamp=builtin_interfaces.msg.Time(sec=1731186787, nanosec=771916163), frame_id='RU_myo')","geometry_msgs.msg.Quaternion(x=0.7370046129797027, y=0.5142247506711383, z=-0.22601474798044216, w=-0.3759181293036844)",[0. 0. 0. 0. 0. 0. 0. 0. 0.],"geometry_msgs.msg.Vector3(x=74.0625, y=31.0, z=37.0)",[0. 0. 0. 0. 0. 0. 0. 0. 0.],"geometry_msgs.msg.Vector3(x=-0.00927734375, y=1.1279296875, z=0.15625)",[0. 0. 0. 0. 0. 0. 0. 0. 0.],False
5615562510,"std_msgs.msg.Header(stamp=builtin_interfaces.msg.Time(sec=1731186787, nanosec=794865116), frame_id='RU_myo')","geometry_msgs.msg.Quaternion(x=0.7356636171203552, y=0.5200854294766902, z=-0.22979951202672674, w=-0.3681064693315243)",[0. 0. 0. 0. 0. 0. 0. 0. 0.],"geometry_msgs.msg.Vector3(x=39.0, y=18.25, z=31.4375)",[0. 0. 0. 0. 0. 0. 0. 0. 0.],"geometry_msgs.msg.Vector3(x=-0.02294921875, y=1.16552734375, z=0.31787109375)",[0. 0. 0. 0. 0. 0. 0. 0. 0.],False
5644357408,"std_msgs.msg.Header(stamp=builtin_interfaces.msg.Time(sec=1731186787, nanosec=823617672), frame_id='RU_myo')","geometry_msgs.msg.Quaternion(x=0.7364777497366358, y=0.5211376617977289, z=-0.23273575830812138, w=-0.36311172991739155)",[0. 0. 0. 0. 0. 0. 0. 0. 0.],"geometry_msgs.msg.Vector3(x=7.25, y=7.4375, z=24.9375)",[0. 0. 0. 0. 0. 0. 0. 0. 0.],"geometry_msgs.msg.Vector3(x=0.03076171875, y=1.115234375, z=0.3046875)",[0. 0. 0. 0. 0. 0. 0. 0. 0.],False
5652592924,"std_msgs.msg.Header(stamp=builtin_interfaces.msg.Time(sec=1731186787, nanosec=831926170), frame_id='RU_myo')","geometry_msgs.msg.Quaternion(x=0.7410876869606453, y=0.5164176346050091, z=-0.23187218932329862, w=-0.3610223742688369)",[0. 0. 0. 0. 0. 0. 0. 0. 0.],"geometry_msgs.msg.Vector3(x=-41.25, y=7.1875, z=18.3125)",[0. 0. 0. 0. 0. 0. 0. 0. 0.],"geometry_msgs.msg.Vector3(x=0.029296875, y=1.02880859375, z=0.265625)",[0. 0. 0. 0. 0. 0. 0. 0. 0.],False
5675695138,"std_msgs.msg.Header(stamp=builtin_interfaces.msg.Time(sec=1731186787, nanosec=855000105), frame_id='RU_myo')","geometry_msgs.msg.Quaternion(x=0.7470847221778798, y=0.5092871668179926, z=-0.22913039600128765, w=-0.36054162205104057)",[0. 0. 0. 0. 0. 0. 0. 0. 0.],"geometry_msgs.msg.Vector3(x=-57.8125, y=7.0625, z=13.6875)",[0. 0. 0. 0. 0. 0. 0. 0. 0.],"geometry_msgs.msg.Vector3(x=0.00537109375, y=0.966796875, z=0.3173828125)",[0. 0. 0. 0. 0. 0. 0. 0. 0.],False
5698248564,"std_msgs.msg.Header(stamp=builtin_interfaces.msg.Time(sec=1731186787, nanosec=877537276), frame_id='RU_myo')","geometry_msgs.msg.Quaternion(x=0.7519026751079046, y=0.5033640199378918, z=-0.2269319056783172, w=-0.36023456355928674)",[0. 0. 0. 0. 0. 0. 0. 0. 0.],"geometry_msgs.msg.Vector3(x=-38.6875, y=5.625, z=10.0625)",[0. 0. 0. 0. 0. 0. 0. 0. 0.],"geometry_msgs.msg.Vector3(x=0.01953125, y=0.85888671875, z=0.4384765625)",[0. 0. 0. 0. 0. 0. 0. 0. 0.],False
5712543900,"std_msgs.msg.Header(stamp=builtin_interfaces.msg.Time(sec=1731186787, nanosec=891892461), frame_id='RU_myo')","geometry_msgs.msg.Quaternion(x=0.7541590578632906, y=0.5013485352289632, z=-0.22748064168472676, w=-0.3579753054684525)",[0. 0. 0. 0. 0. 0. 0. 0. 0.],"geometry_msgs.msg.Vector3(x=-2.375, y=5.0625, z=13.375)",[0. 0. 0. 0. 0. 0. 0. 0. 0.],"geometry_msgs.msg.Vector3(x=0.0615234375, y=0.79638671875, z=0.47998046875)",[0. 0. 0. 0. 0. 0. 0. 0. 0.],False
5735643552,"std_msgs.msg.Header(stamp=builtin_interfaces.msg.Time(sec=1731186787, nanosec=914892390), frame_id='RU_myo')","geometry_msgs.msg.Quaternion(x=0.7536041483216936, y=0.5034810577067831, z=-0.22985933607997883, w=-0.35461570436130563)",[0. 0. 0. 0. 0. 0. 0. 0. 0.],"geometry_msgs.msg.Vector3(x=21.0, y=4.5625, z=14.3125)",[0. 0. 0. 0. 0. 0. 0. 0. 0.],"geometry_msgs.msg.Vector3(x=0.03955078125, y=0.896484375, z=0.39306640625)",[0. 0. 0. 0. 0. 0. 0. 0. 0.],False
5758152574,"std_msgs.msg.Header(stamp=builtin_interfaces.msg.Time(sec=1731186787, nanosec=937520283), frame_id='RU_myo')","geometry_msgs.msg.Quaternion(x=0.7528301573788895, y=0.5063628170597751, z=-0.23175742723914733, w=-0.35090161948850623)",[0. 0. 0. 0. 0. 0. 0. 0. 0.],"geometry_msgs.msg.Vector3(x=23.3125, y=7.75, z=14.4375)",[0. 0. 0. 0. 0. 0. 0. 0. 0.],"geometry_msgs.msg.Vector3(x=0.0185546875, y=0.9365234375, z=0.37939453125)",[0. 0. 0. 0. 0. 0. 0. 0. 0.],False
5788218565,"std_msgs.msg.Header(stamp=builtin_interfaces.msg.Time(sec=1731186787, nanosec=967633330), frame_id='RU_myo')","geometry_msgs.msg.Quaternion(x=0.7511591936594132, y=0.5105587596458107, z=-0.2343138168894521, w=-0.34667946859392756)",[0. 0. 0. 0. 0. 0. 0. 0. 0.],"geometry_msgs.msg.Vector3(x=35.9375, y=9.0625, z=12.75)",[0. 0. 0. 0. 0. 0. 0. 0. 0.],"geometry_msgs.msg.Vector3(x=0.05908203125, y=0.91650390625, z=0.39794921875)",[0. 0. 0. 0. 0. 0. 0. 0. 0.],False
5795637992,"std_msgs.msg.Header(stamp=builtin_interfaces.msg.Time(sec=1731186787, nanosec=974960474), frame_id='RU_myo')","geometry_msgs.msg.Quaternion(x=0.7488121430648732, y=0.5158307320705285, z=-0.23749821068351987, w=-0.3417508305363731)",[0. 0. 0. 0. 0. 0. 0. 0. 0.],"geometry_msgs.msg.Vector3(x=46.0625, y=11.25, z=11.0)",[0. 0. 0. 0. 0. 0. 0. 0. 0.],"geometry_msgs.msg.Vector3(x=0.11767578125, y=0.94921875, z=0.41796875)",[0. 0. 0. 0. 0. 0. 0. 0. 0.],False
5818144472,"std_msgs.msg.Header(stamp=builtin_interfaces.msg.Time(sec=1731186787, nanosec=997519860), frame_id='RU_myo')","geometry_msgs.msg.Quaternion(x=0.7471084265551226, y=0.5209005974037104, z=-0.2390258658815245, w=-0.33668709811095227)",[0. 0. 0. 0. 0. 0. 0. 0. 0.],"geometry_msgs.msg.Vector3(x=37.0625, y=18.375, z=9.25)",[0. 0. 0. 0. 0. 0. 0. 0. 0.],"geometry_msgs.msg.Vector3(x=0.1103515625, y=0.974609375, z=0.36181640625)",[0. 0. 0. 0. 0. 0. 0. 0. 0.],False
5839183312,"std_msgs.msg.Header(stamp=builtin_interfaces.msg.Time(sec=1731186788, nanosec=18686600), frame_id='RU_myo')","geometry_msgs.msg.Quaternion(x=0.7463947855727623, y=0.5248994321633622, z=-0.23876820681663638, w=-0.33221251270525354)",[0. 0. 0. 0. 0. 0. 0. 0. 0.],"geometry_msgs.msg.Vector3(x=19.875, y=22.9375, z=6.5625)",[0. 0. 0. 0. 0. 0. 0. 0. 0.],"geometry_msgs.msg.Vector3(x=0.083984375, y=1.09619140625, z=0.3154296875)",[0. 0. 0. 0. 0. 0. 0. 0. 0.],False
5856470175,"std_msgs.msg.Header(stamp=builtin_interfaces.msg.Time(sec=1731186788, nanosec=35634578), frame_id='RU_myo')","geometry_msgs.msg.Quaternion(x=0.746464468622793, y=0.5275300410716925, z=-0.23730612052374647, w=-0.3289204432876722)",[0. 0. 0. 0. 0. 0. 0. 0. 0.],"geometry_msgs.msg.Vector3(x=14.1875, y=21.875, z=4.6875)",[0. 0. 0. 0. 0. 0. 0. 0. 0.],"geometry_msgs.msg.Vector3(x=0.0263671875, y=1.00634765625, z=0.37353515625)",[0. 0. 0. 0. 0. 0. 0. 0. 0.],False
5878109196,"std_msgs.msg.Header(stamp=builtin_interfaces.msg.Time(sec=1731186788, nanosec=57420653), frame_id='RU_myo')","geometry_msgs.msg.Quaternion(x=0.7461832086318212, y=0.5298053374989127, z=-0.23597090262336365, w=-0.3268557122473131)",[0. 0. 0. 0. 0. 0. 0. 0. 0.],"geometry_msgs.msg.Vector3(x=8.1875, y=15.0625, z=3.3125)",[0. 0. 0. 0. 0. 0. 0. 0. 0.],"geometry_msgs.msg.Vector3(x=-0.02197265625, y=0.9462890625, z=0.2890625)",[0. 0. 0. 0. 0. 0. 0. 0. 0.],False
5899168703,"std_msgs.msg.Header(stamp=builtin_interfaces.msg.Time(sec=1731186788, nanosec=78614424), frame_id='RU_myo')","geometry_msgs.msg.Quaternion(x=0.7459688535001616, y=0.5311869523819266, z=-0.23474032159725264, w=-0.32598753449062046)",[0. 0. 0. 0. 0. 0. 0. 0. 0.],"geometry_msgs.msg.Vector3(x=0.1875, y=9.125, z=0.6875)",[0. 0. 0. 0. 0. 0. 0. 0. 0.],"geometry_msgs.msg.Vector3(x=-0.04443359375, y=0.94677734375, z=0.24560546875)",[0. 0. 0. 0. 0. 0. 0. 0. 0.],False
5915654514,"std_msgs.msg.Header(stamp=builtin_interfaces.msg.Time(sec=1731186788, nanosec=94947444), frame_id='RU_myo')","geometry_msgs.msg.Quaternion(x=0.7455640856482572, y=0.5323626651677527, z=-0.23377081031787353, w=-0.32569217855252564)",[0. 0. 0. 0. 0. 0. 0. 0. 0.],"geometry_msgs.msg.Vector3(x=2.0625, y=7.0, z=-5.0)",[0. 0. 0. 0. 0. 0. 0. 0. 0.],"geometry_msgs.msg.Vector3(x=0.01171875, y=0.94873046875, z=0.2822265625)",[0. 0. 0. 0. 0. 0. 0. 0. 0.],False
5938216144,"std_msgs.msg.Header(stamp=builtin_interfaces.msg.Time(sec=1731186788, nanosec=117555669), frame_id='RU_myo')","geometry_msgs.msg.Quaternion(x=0.744826015726629, y=0.5344338763994397, z=-0.23309764435466657, w=-0.32446899119911166)",[0. 0. 0. 0. 0. 0. 0. 0. 0.],"geometry_msgs.msg.Vector3(x=18.125, y=10.0625, z=-3.3125)",[0. 0. 0. 0. 0. 0. 0. 0. 0.],"geometry_msgs.msg.Vector3(x=0.037109375, y=0.828125, z=0.37890625)",[0. 0. 0. 0. 0. 0. 0. 0. 0.],False
5959092244,"std_msgs.msg.Header(stamp=builtin_interfaces.msg.Time(sec=1731186788, nanosec=138439180), frame_id='RU_myo')","geometry_msgs.msg.Quaternion(x=0.7421958942691892, y=0.5391906685833896, z=-0.23425557912871284, w=-0.32178098310749714)",[0. 0. 0. 0. 0. 0. 0. 0. 0.],"geometry_msgs.msg.Vector3(x=36.0, y=9.75, z=0.6875)",[0. 0. 0. 0. 0. 0. 0. 0. 0.],"geometry_msgs.msg.Vector3(x=0.044921875, y=0.87548828125, z=0.3125)",[0. 0. 0. 0. 0. 0. 0. 0. 0.],False
5976471224,"std_msgs.msg.Header(stamp=builtin_interfaces.msg.Time(sec=1731186788, nanosec=155830139), frame_id='RU_myo')","geometry_msgs.msg.Quaternion(x=0.7386686690194855, y=0.5453037422756638, z=-0.23566350446903267, w=-0.31855162647601176)",[0. 0. 0. 0. 0. 0. 0. 0. 0.],"geometry_msgs.msg.Vector3(x=40.125, y=10.5, z=3.375)",[0. 0. 0. 0. 0. 0. 0. 0. 0.],"geometry_msgs.msg.Vector3(x=0.0009765625, y=0.94873046875, z=0.23974609375)",[0. 0. 0. 0. 0. 0. 0. 0. 0.],False
5989661428,"std_msgs.msg.Header(stamp=builtin_interfaces.msg.Time(sec=1731186788, nanosec=169025898), frame_id='RU_myo')","geometry_msgs.msg.Quaternion(x=0.7351273178019999, y=0.5511623779269395, z=-0.23688385257302902, w=-0.31574340875039403)",[0. 0. 0. 0. 0. 0. 0. 0. 0.],"geometry_msgs.msg.Vector3(x=39.3125, y=10.0, z=-0.5625)",[0. 0. 0. 0. 0. 0. 0. 0. 0.],"geometry_msgs.msg.Vector3(x=0.0302734375, y=0.97607421875, z=0.24853515625)",[0. 0. 0. 0. 0. 0. 0. 0. 0.],False
6005041808,"std_msgs.msg.Header(stamp=builtin_interfaces.msg.Time(sec=1731186788, nanosec=184351688), frame_id='RU_myo')","geometry_msgs.msg.Quaternion(x=0.7316542178210064, y=0.5569044033869077, z=-0.2381675780376714, w=-0.3127551691094383)",[0. 0. 0. 0. 0. 0. 0. 0. 0.],"geometry_msgs.msg.Vector3(x=42.0625, y=10.4375, z=-0.75)",[0. 0. 0. 0. 0. 0. 0. 0. 0.],"geometry_msgs.msg.Vector3(x=0.04541015625, y=0.92578125, z=0.26318359375)",[0. 0. 0. 0. 0. 0. 0. 0. 0.],False
6027473344,"std_msgs.msg.Header(stamp=builtin_interfaces.msg.Time(sec=1731186788, nanosec=206867933), frame_id='RU_myo')","geometry_msgs.msg.Quaternion(x=0.7272026719433766, y=0.5636217452346097, z=-0.2392676241411815, w=-0.31025442181368)",[0. 0. 0. 0. 0. 0. 0. 0. 0.],"geometry_msgs.msg.Vector3(x=43.1875, y=10.25, z=-5.6875)",[0. 0. 0. 0. 0. 0. 0. 0. 0.],"geometry_msgs.msg.Vector3(x=0.03369140625, y=1.0224609375, z=0.1982421875)",[0. 0. 0. 0. 0. 0. 0. 0. 0.],False
6049742083,"std_msgs.msg.Header(stamp=builtin_interfaces.msg.Time(sec=1731186788, nanosec=229274575), frame_id='RU_myo')","geometry_msgs.msg.Quaternion(x=0.7224254769107044, y=0.5706282345081257, z=-0.23895705830562755, w=-0.30884360537074723)",[0. 0. 0. 0. 0. 0. 0. 0. 0.],"geometry_msgs.msg.Vector3(x=45.9375, y=10.25, z=-7.625)",[0. 0. 0. 0. 0. 0. 0. 0. 0.],"geometry_msgs.msg.Vector3(x=-0.087890625, y=1.02197265625, z=0.24267578125)",[0. 0. 0. 0. 0. 0. 0. 0. 0.],False
6064841494,"std_msgs.msg.Header(stamp=builtin_interfaces.msg.Time(sec=1731186788, nanosec=244318915), frame_id='RU_myo')","geometry_msgs.msg.Quaternion(x=0.717376632436755, y=0.5774781178834458, z=-0.2395121165389115, w=-0.30744712818718073)",[0. 0. 0. 0. 0. 0. 0. 0. 0.],"geometry_msgs.msg.Vector3(x=52.75, y=5.6875, z=-3.3125)",[0. 0. 0. 0. 0. 0. 0. 0. 0.],"geometry_msgs.msg.Vector3(x=-0.12109375, y=0.865234375, z=0.27001953125)",[0. 0. 0. 0. 0. 0. 0. 0. 0.],False
6087391384,"std_msgs.msg.Header(stamp=builtin_interfaces.msg.Time(sec=1731186788, nanosec=266753143), frame_id='RU_myo')","geometry_msgs.msg.Quaternion(x=0.7118138346840293, y=0.5842464436284966, z=-0.2407910802459694, w=-0.30658899773777043)",[0. 0. 0. 0. 0. 0. 0. 0. 0.],"geometry_msgs.msg.Vector3(x=51.1875, y=0.5625, z=-5.25)",[0. 0. 0. 0. 0. 0. 0. 0. 0.],"geometry_msgs.msg.Vector3(x=-0.103515625, y=0.94873046875, z=0.216796875)",[0. 0. 0. 0. 0. 0. 0. 0. 0.],False
6110771204,"std_msgs.msg.Header(stamp=builtin_interfaces.msg.Time(sec=1731186788, nanosec=290098251), frame_id='RU_myo')","geometry_msgs.msg.Quaternion(x=0.706011860754867, y=0.5907134769936546, z=-0.24085093823279202, w=-0.3075640845805978)",[0. 0. 0. 0. 0. 0. 0. 0. 0.],"geometry_msgs.msg.Vector3(x=38.375, y=-0.625, z=-20.6875)",[0. 0. 0. 0. 0. 0. 0. 0. 0.],"geometry_msgs.msg.Vector3(x=-0.05859375, y=1.23974609375, z=0.14306640625)",[0. 0. 0. 0. 0. 0. 0. 0. 0.],False
6124991439,"std_msgs.msg.Header(stamp=builtin_interfaces.msg.Time(sec=1731186788, nanosec=304346424), frame_id='RU_myo')","geometry_msgs.msg.Quaternion(x=0.7025986030884716, y=0.5934641836355842, z=-0.2379228003508698, w=-0.3123270829644435)",[0. 0. 0. 0. 0. 0. 0. 0. 0.],"geometry_msgs.msg.Vector3(x=4.3125, y=-4.3125, z=-40.125)",[0. 0. 0. 0. 0. 0. 0. 0. 0.],"geometry_msgs.msg.Vector3(x=-0.03125, y=1.28076171875, z=0.14501953125)",[0. 0. 0. 0. 0. 0. 0. 0. 0.],False
6147394855,"std_msgs.msg.Header(stamp=builtin_interfaces.msg.Time(sec=1731186788, nanosec=326740973), frame_id='RU_myo')","geometry_msgs.msg.Quaternion(x=0.7038770712034971, y=0.5901043638913814, z=-0.23255043715620222, w=-0.31977211030481456)",[0. 0. 0. 0. 0. 0. 0. 0. 0.],"geometry_msgs.msg.Vector3(x=-35.0, y=-6.8125, z=-46.3125)",[0. 0. 0. 0. 0. 0. 0. 0. 0.],"geometry_msgs.msg.Vector3(x=0.01171875, y=1.138671875, z=0.265625)",[0. 0. 0. 0. 0. 0. 0. 0. 0.],False
6170647370,"std_msgs.msg.Header(stamp=builtin_interfaces.msg.Time(sec=1731186788, nanosec=349957380), frame_id='RU_myo')","geometry_msgs.msg.Quaternion(x=0.7070602865484142, y=0.5845576971921758, z=-0.22583935257502874, w=-0.32765017422236603)",[0. 0. 0. 0. 0. 0. 0. 0. 0.],"geometry_msgs.msg.Vector3(x=-48.5, y=-3.875, z=-47.625)",[0. 0. 0. 0. 0. 0. 0. 0. 0.],"geometry_msgs.msg.Vector3(x=0.01708984375, y=1.12451171875, z=0.3564453125)",[0. 0. 0. 0. 0. 0. 0. 0. 0.],False
6191882184,"std_msgs.msg.Header(stamp=builtin_interfaces.msg.Time(sec=1731186788, nanosec=371214573), frame_id='RU_myo')","geometry_msgs.msg.Quaternion(x=0.7119494214259511, y=0.5776654084683814, z=-0.21607518448627117, w=-0.3357710705816321)",[0. 0. 0. 0. 0. 0. 0. 0. 0.],"geometry_msgs.msg.Vector3(x=-66.75, y=7.3125, z=-52.375)",[0. 0. 0. 0. 0. 0. 0. 0. 0.],"geometry_msgs.msg.Vector3(x=-0.02294921875, y=1.09521484375, z=0.3642578125)",[0. 0. 0. 0. 0. 0. 0. 0. 0.],False
6207458258,"std_msgs.msg.Header(stamp=builtin_interfaces.msg.Time(sec=1731186788, nanosec=386829633), frame_id='RU_myo')","geometry_msgs.msg.Quaternion(x=0.7174345562859923, y=0.5705783760559346, z=-0.20343792548079057, w=-0.3440072451274334)",[0. 0. 0. 0. 0. 0. 0. 0. 0.],"geometry_msgs.msg.Vector3(x=-76.75, y=19.125, z=-59.5625)",[0. 0. 0. 0. 0. 0. 0. 0. 0.],"geometry_msgs.msg.Vector3(x=-0.05126953125, y=0.97900390625, z=0.34375)",[0. 0. 0. 0. 0. 0. 0. 0. 0.],False
6230707449,"std_msgs.msg.Header(stamp=builtin_interfaces.msg.Time(sec=1731186788, nanosec=410017000), frame_id='RU_myo')","geometry_msgs.msg.Quaternion(x=0.7211505765075588, y=0.5658117515213771, z=-0.19025191256657306, w=-0.3515723504598848)",[0. 0. 0. 0. 0. 0. 0. 0. 0.],"geometry_msgs.msg.Vector3(x=-60.3125, y=26.0, z=-65.1875)",[0. 0. 0. 0. 0. 0. 0. 0. 0.],"geometry_msgs.msg.Vector3(x=-0.05712890625, y=0.880859375, z=0.3583984375)",[0. 0. 0. 0. 0. 0. 0. 0. 0.],False
6259219023,"std_msgs.msg.Header(stamp=builtin_interfaces.msg.Time(sec=1731186788, nanosec=438484681), frame_id='RU_myo')","geometry_msgs.msg.Quaternion(x=0.7229884068351587, y=0.5637417412857345, z=-0.17761893321150796, w=-0.357679363786748)",[0. 0. 0. 0. 0. 0. 0. 0. 0.],"geometry_msgs.msg.Vector3(x=-40.625, y=32.5, z=-65.1875)",[0. 0. 0. 0. 0. 0. 0. 0. 0.],"geometry_msgs.msg.Vector3(x=-0.05224609375, y=0.806640625, z=0.34765625)",[0. 0. 0. 0. 0. 0. 0. 0. 0.],False
6267703895,"std_msgs.msg.Header(stamp=builtin_interfaces.msg.Time(sec=1731186788, nanosec=446965702), frame_id='RU_myo')","geometry_msgs.msg.Quaternion(x=0.723650636058678, y=0.5638566612609706, z=-0.16589764075636695, w=-0.36176428136975236)",[0. 0. 0. 0. 0. 0. 0. 0. 0.],"geometry_msgs.msg.Vector3(x=-23.125, y=38.4375, z=-56.0625)",[0. 0. 0. 0. 0. 0. 0. 0. 0.],"geometry_msgs.msg.Vector3(x=-0.10302734375, y=0.77880859375, z=0.36083984375)",[0. 0. 0. 0. 0. 0. 0. 0. 0.],False
6290612223,"std_msgs.msg.Header(stamp=builtin_interfaces.msg.Time(sec=1731186788, nanosec=469950501), frame_id='RU_myo')","geometry_msgs.msg.Quaternion(x=0.723532777169804, y=0.56611831518896, z=-0.1551560924215996, w=-0.3632312769476551)",[0. 0. 0. 0. 0. 0. 0. 0. 0.],"geometry_msgs.msg.Vector3(x=-8.875, y=44.75, z=-42.4375)",[0. 0. 0. 0. 0. 0. 0. 0. 0.],"geometry_msgs.msg.Vector3(x=-0.17626953125, y=0.80419921875, z=0.345703125)",[0. 0. 0. 0. 0. 0. 0. 0. 0.],False
6311526270,"std_msgs.msg.Header(stamp=builtin_interfaces.msg.Time(sec=1731186788, nanosec=490997341), frame_id='RU_myo')","geometry_msgs.msg.Quaternion(x=0.7233624023296439, y=0.5691191493816218, z=-0.144904425207204, w=-0.3631155962753398)",[0. 0. 0. 0. 0. 0. 0. 0. 0.],"geometry_msgs.msg.Vector3(x=-1.9375, y=50.0625, z=-35.375)",[0. 0. 0. 0. 0. 0. 0. 0. 0.],"geometry_msgs.msg.Vector3(x=-0.18017578125, y=0.79541015625, z=0.3642578125)",[0. 0. 0. 0. 0. 0. 0. 0. 0.],False
6341859018,"std_msgs.msg.Header(stamp=builtin_interfaces.msg.Time(sec=1731186788, nanosec=521132142), frame_id='RU_myo')","geometry_msgs.msg.Quaternion(x=0.7229093167846034, y=0.5729440861750313, z=-0.13482832495585856, w=-0.3618819097615597)",[0. 0. 0. 0. 0. 0. 0. 0. 0.],"geometry_msgs.msg.Vector3(x=4.4375, y=55.375, z=-33.125)",[0. 0. 0. 0. 0. 0. 0. 0. 0.],"geometry_msgs.msg.Vector3(x=-0.16748046875, y=0.76416015625, z=0.35986328125)",[0. 0. 0. 0. 0. 0. 0. 0. 0.],False
6350692044,"std_msgs.msg.Header(stamp=builtin_interfaces.msg.Time(sec=1731186788, nanosec=529980361), frame_id='RU_myo')","geometry_msgs.msg.Quaternion(x=0.7226058762583336, y=0.5770959168867762, z=-0.12561220486017827, w=-0.35919719417014045)",[0. 0. 0. 0. 0. 0. 0. 0. 0.],"geometry_msgs.msg.Vector3(x=8.875, y=57.4375, z=-23.6875)",[0. 0. 0. 0. 0. 0. 0. 0. 0.],"geometry_msgs.msg.Vector3(x=-0.16943359375, y=0.7177734375, z=0.3564453125)",[0. 0. 0. 0. 0. 0. 0. 0. 0.],False
6371831347,"std_msgs.msg.Header(stamp=builtin_interfaces.msg.Time(sec=1731186788, nanosec=551114491), frame_id='RU_myo')","geometry_msgs.msg.Quaternion(x=0.7223145623710477, y=0.5821120484479197, z=-0.11902259562477127, w=-0.3538938509909866)",[0. 0. 0. 0. 0. 0. 0. 0. 0.],"geometry_msgs.msg.Vector3(x=16.4375, y=56.3125, z=-3.9375)",[0. 0. 0. 0. 0. 0. 0. 0. 0.],"geometry_msgs.msg.Vector3(x=-0.18310546875, y=0.70361328125, z=0.2919921875)",[0. 0. 0. 0. 0. 0. 0. 0. 0.],False
6396500245,"std_msgs.msg.Header(stamp=builtin_interfaces.msg.Time(sec=1731186788, nanosec=575738435), frame_id='RU_myo')","geometry_msgs.msg.Quaternion(x=0.7221210864047144, y=0.5871697110314725, z=-0.11340554294142163, w=-0.347724100181528)",[0. 0. 0. 0. 0. 0. 0. 0. 0.],"geometry_msgs.msg.Vector3(x=14.125, y=53.1875, z=4.5)",[0. 0. 0. 0. 0. 0. 0. 0. 0.],"geometry_msgs.msg.Vector3(x=-0.236328125, y=0.80419921875, z=0.244140625)",[0. 0. 0. 0. 0. 0. 0. 0. 0.],False
6410641775,"std_msgs.msg.Header(stamp=builtin_interfaces.msg.Time(sec=1731186788, nanosec=589942652), frame_id='RU_myo')","geometry_msgs.msg.Quaternion(x=0.7237174183225804, y=0.5900460726089555, z=-0.10760848515667616, w=-0.3413197101509547)",[0. 0. 0. 0. 0. 0. 0. 0. 0.],"geometry_msgs.msg.Vector3(x=1.5, y=52.9375, z=8.375)",[0. 0. 0. 0. 0. 0. 0. 0. 0.],"geometry_msgs.msg.Vector3(x=-0.21142578125, y=0.78369140625, z=0.27099609375)",[0. 0. 0. 0. 0. 0. 0. 0. 0.],False
6431705557,"std_msgs.msg.Header(stamp=builtin_interfaces.msg.Time(sec=1731186788, nanosec=610982465), frame_id='RU_myo')","geometry_msgs.msg.Quaternion(x=0.7260157543390849, y=0.5925924303386445, z=-0.10333288542211609, w=-0.3332531331392521)",[0. 0. 0. 0. 0. 0. 0. 0. 0.],"geometry_msgs.msg.Vector3(x=3.9375, y=52.4375, z=22.0)",[0. 0. 0. 0. 0. 0. 0. 0. 0.],"geometry_msgs.msg.Vector3(x=-0.1923828125, y=0.69873046875, z=0.28076171875)",[0. 0. 0. 0. 0. 0. 0. 0. 0.],False
6447503570,"std_msgs.msg.Header(stamp=builtin_interfaces.msg.Time(sec=1731186788, nanosec=626741029), frame_id='RU_myo')","geometry_msgs.msg.Quaternion(x=0.7275059900705071, y=0.5962143225949084, z=-0.10107810383058644, w=-0.3241091372828587)",[0. 0. 0. 0. 0. 0. 0. 0. 0.],"geometry_msgs.msg.Vector3(x=10.5625, y=46.9375, z=34.875)",[0. 0. 0. 0. 0. 0. 0. 0. 0.],"geometry_msgs.msg.Vector3(x=-0.24267578125, y=0.72705078125, z=0.197265625)",[0. 0. 0. 0. 0. 0. 0. 0. 0.],False
6470758877,"std_msgs.msg.Header(stamp=builtin_interfaces.msg.Time(sec=1731186788, nanosec=649954918), frame_id='RU_myo')","geometry_msgs.msg.Quaternion(x=0.7286637561823881, y=0.5993256342733179, z=-0.10004019906038984, w=-0.3159903053908714)",[0. 0. 0. 0. 0. 0. 0. 0. 0.],"geometry_msgs.msg.Vector3(x=4.3125, y=35.125, z=36.1875)",[0. 0. 0. 0. 0. 0. 0. 0. 0.],"geometry_msgs.msg.Vector3(x=-0.291015625, y=0.83056640625, z=0.12109375)",[0. 0. 0. 0. 0. 0. 0. 0. 0.],False
6491706712,"std_msgs.msg.Header(stamp=builtin_interfaces.msg.Time(sec=1731186788, nanosec=671028488), frame_id='RU_myo')","geometry_msgs.msg.Quaternion(x=0.729817033921927, y=0.6018838982607779, z=-0.10046657504687562, w=-0.3082358468935127)",[0. 0. 0. 0. 0. 0. 0. 0. 0.],"geometry_msgs.msg.Vector3(x=3.625, y=27.5625, z=36.3125)",[0. 0. 0. 0. 0. 0. 0. 0. 0.],"geometry_msgs.msg.Vector3(x=-0.2314453125, y=0.85205078125, z=0.1015625)",[0. 0. 0. 0. 0. 0. 0. 0. 0.],False
6507591291,"std_msgs.msg.Header(stamp=builtin_interfaces.msg.Time(sec=1731186788, nanosec=686794945), frame_id='RU_myo')","geometry_msgs.msg.Quaternion(x=0.7309958837756354, y=0.6042191260433379, z=-0.10205620555050621, w=-0.3002478918079785)",[0. 0. 0. 0. 0. 0. 0. 0. 0.],"geometry_msgs.msg.Vector3(x=5.75, y=24.9375, z=36.25)",[0. 0. 0. 0. 0. 0. 0. 0. 0.],"geometry_msgs.msg.Vector3(x=-0.15673828125, y=0.93115234375, z=0.13623046875)",[0. 0. 0. 0. 0. 0. 0. 0. 0.],False
6530564251,"std_msgs.msg.Header(stamp=builtin_interfaces.msg.Time(sec=1731186788, nanosec=709887116), frame_id='RU_myo')","geometry_msgs.msg.Quaternion(x=0.7328554781577815, y=0.6056571091662918, z=-0.10308927314137528, w=-0.2923609344861975)",[0. 0. 0. 0. 0. 0. 0. 0. 0.],"geometry_msgs.msg.Vector3(x=0.25, y=26.0625, z=35.0625)",[0. 0. 0. 0. 0. 0. 0. 0. 0.],"geometry_msgs.msg.Vector3(x=-0.16162109375, y=0.99658203125, z=0.173828125)",[0. 0. 0. 0. 0. 0. 0. 0. 0.],False
6551683174,"std_msgs.msg.Header(stamp=builtin_interfaces.msg.Time(sec=1731186788, nanosec=730940110), frame_id='RU_myo')","geometry_msgs.msg.Quaternion(x=0.7349319728015644, y=0.6060854156564683, z=-0.10443224030092822, w=-0.2857085428688749)",[0. 0. 0. 0. 0. 0. 0. 0. 0.],"geometry_msgs.msg.Vector3(x=-7.5, y=17.9375, z=35.3125)",[0. 0. 0. 0. 0. 0. 0. 0. 0.],"geometry_msgs.msg.Vector3(x=-0.1904296875, y=1.00048828125, z=0.1328125)",[0. 0. 0. 0. 0. 0. 0. 0. 0.],False
6567657662,"std_msgs.msg.Header(stamp=builtin_interfaces.msg.Time(sec=1731186788, nanosec=746818038), frame_id='RU_myo')","geometry_msgs.msg.Quaternion(x=0.7371474684872596, y=0.6057341622313128, z=-0.10699838637560372, w=-0.2797339445290313)",[0. 0. 0. 0. 0. 0. 0. 0. 0.],"geometry_msgs.msg.Vector3(x=-6.0625, y=10.0625, z=36.25)",[0. 0. 0. 0. 0. 0. 0. 0. 0.],"geometry_msgs.msg.Vector3(x=-0.14990234375, y=0.92529296875, z=0.16845703125)",[0. 0. 0. 0. 0. 0. 0. 0. 0.],False
6590694502,"std_msgs.msg.Header(stamp=builtin_interfaces.msg.Time(sec=1731186788, nanosec=769995533), frame_id='RU_myo')","geometry_msgs.msg.Quaternion(x=0.7373796237437409, y=0.6072502174179685, z=-0.1109640059569672, w=-0.27423612693325283)",[0. 0. 0. 0. 0. 0. 0. 0. 0.],"geometry_msgs.msg.Vector3(x=15.875, y=5.9375, z=33.0625)",[0. 0. 0. 0. 0. 0. 0. 0. 0.],"geometry_msgs.msg.Vector3(x=-0.1123046875, y=0.89697265625, z=0.228515625)",[0. 0. 0. 0. 0. 0. 0. 0. 0.],False
6613039363,"std_msgs.msg.Header(stamp=builtin_interfaces.msg.Time(sec=1731186788, nanosec=792508251), frame_id='RU_myo')","geometry_msgs.msg.Quaternion(x=0.7362818383689848, y=0.6101196432343837, z=-0.115419792452603, w=-0.2689262853231988)",[0. 0. 0. 0. 0. 0. 0. 0. 0.],"geometry_msgs.msg.Vector3(x=23.6875, y=3.5625, z=31.625)",[0. 0. 0. 0. 0. 0. 0. 0. 0.],"geometry_msgs.msg.Vector3(x=-0.1240234375, y=1.0068359375, z=0.20361328125)",[0. 0. 0. 0. 0. 0. 0. 0. 0.],False
6627398301,"std_msgs.msg.Header(stamp=builtin_interfaces.msg.Time(sec=1731186788, nanosec=806785859), frame_id='RU_myo')","geometry_msgs.msg.Quaternion(x=0.7359644405260534, y=0.6116964358062785, z=-0.11920206936037338, w=-0.26452727527284087)",[0. 0. 0. 0. 0. 0. 0. 0. 0.],"geometry_msgs.msg.Vector3(x=11.75, y=1.5625, z=27.375)",[0. 0. 0. 0. 0. 0. 0. 0. 0.],"geometry_msgs.msg.Vector3(x=-0.12353515625, y=1.05419921875, z=0.1728515625)",[0. 0. 0. 0. 0. 0. 0. 0. 0.],False
6650666599,"std_msgs.msg.Header(stamp=builtin_interfaces.msg.Time(sec=1731186788, nanosec=830012263), frame_id='RU_myo')","geometry_msgs.msg.Quaternion(x=0.7377723872683901, y=0.6104460697502415, z=-0.12164973672755038, w=-0.261244793373766)",[0. 0. 0. 0. 0. 0. 0. 0. 0.],"geometry_msgs.msg.Vector3(x=-4.1875, y=1.5, z=22.125)",[0. 0. 0. 0. 0. 0. 0. 0. 0.],"geometry_msgs.msg.Vector3(x=-0.09521484375, y=1.02783203125, z=0.26171875)",[0. 0. 0. 0. 0. 0. 0. 0. 0.],False
6673007435,"std_msgs.msg.Header(stamp=builtin_interfaces.msg.Time(sec=1731186788, nanosec=852358657), frame_id='RU_myo')","geometry_msgs.msg.Quaternion(x=0.7397617415025558, y=0.6091437442405534, z=-0.12390398805694623, w=-0.2575738076848833)",[0. 0. 0. 0. 0. 0. 0. 0. 0.],"geometry_msgs.msg.Vector3(x=-1.0625, y=4.25, z=24.1875)",[0. 0. 0. 0. 0. 0. 0. 0. 0.],"geometry_msgs.msg.Vector3(x=-0.07470703125, y=0.91748046875, z=0.2939453125)",[0. 0. 0. 0. 0. 0. 0. 0. 0.],False
6687243646,"std_msgs.msg.Header(stamp=builtin_interfaces.msg.Time(sec=1731186788, nanosec=866762983), frame_id='RU_myo')","geometry_msgs.msg.Quaternion(x=0.7419010768176064, y=0.607498265533989, z=-0.1259797468162517, w=-0.25427888819598093)",[0. 0. 0. 0. 0. 0. 0. 0. 0.],"geometry_msgs.msg.Vector3(x=-12.75, y=2.0, z=23.1875)",[0. 0. 0. 0. 0. 0. 0. 0. 0.],"geometry_msgs.msg.Vector3(x=-0.09716796875, y=1.01171875, z=0.189453125)",[0. 0. 0. 0. 0. 0. 0. 0. 0.],False
6710593850,"std_msgs.msg.Header(stamp=builtin_interfaces.msg.Time(sec=1731186788, nanosec=889905452), frame_id='RU_myo')","geometry_msgs.msg.Quaternion(x=0.7439542866468809, y=0.6053440491396969, z=-0.1274408524504625, w=-0.2526844488241929)",[0. 0. 0. 0. 0. 0. 0. 0. 0.],"geometry_msgs.msg.Vector3(x=-19.4375, y=-3.3125, z=16.75)",[0. 0. 0. 0. 0. 0. 0. 0. 0.],"geometry_msgs.msg.Vector3(x=-0.12646484375, y=1.0283203125, z=0.15673828125)",[0. 0. 0. 0. 0. 0. 0. 0. 0.],False
6731946162,"std_msgs.msg.Header(stamp=builtin_interfaces.msg.Time(sec=1731186788, nanosec=911244608), frame_id='RU_myo')","geometry_msgs.msg.Quaternion(x=0.7456367103448959, y=0.6032967620374059, z=-0.12909476443839674, w=-0.2517805689401355)",[0. 0. 0. 0. 0. 0. 0. 0. 0.],"geometry_msgs.msg.Vector3(x=-13.8125, y=-6.0625, z=14.25)",[0. 0. 0. 0. 0. 0. 0. 0. 0.],"geometry_msgs.msg.Vector3(x=-0.12060546875, y=0.92236328125, z=0.19482421875)",[0. 0. 0. 0. 0. 0. 0. 0. 0.],False
6754205147,"std_msgs.msg.Header(stamp=builtin_interfaces.msg.Time(sec=1731186788, nanosec=933516335), frame_id='RU_myo')","geometry_msgs.msg.Quaternion(x=0.7462291904592651, y=0.6026719308518553, z=-0.13177726338962484, w=-0.25012655181597154)",[0. 0. 0. 0. 0. 0. 0. 0. 0.],"geometry_msgs.msg.Vector3(x=-1.875, y=-6.0625, z=15.5625)",[0. 0. 0. 0. 0. 0. 0. 0. 0.],"geometry_msgs.msg.Vector3(x=-0.078125, y=0.96533203125, z=0.205078125)",[0. 0. 0. 0. 0. 0. 0. 0. 0.],False
6770790266,"std_msgs.msg.Header(stamp=builtin_interfaces.msg.Time(sec=1731186788, nanosec=950048760), frame_id='RU_myo')","geometry_msgs.msg.Quaternion(x=0.7466054670378632, y=0.6021917542344309, z=-0.13367118809785158, w=-0.24915332868284482)",[0. 0. 0. 0. 0. 0. 0. 0. 0.],"geometry_msgs.msg.Vector3(x=-5.5625, y=-5.375, z=9.8125)",[0. 0. 0. 0. 0. 0. 0. 0. 0.],"geometry_msgs.msg.Vector3(x=-0.07763671875, y=1.048828125, z=0.1787109375)",[0. 0. 0. 0. 0. 0. 0. 0. 0.],False
6791684480,"std_msgs.msg.Header(stamp=builtin_interfaces.msg.Time(sec=1731186788, nanosec=971011738), frame_id='RU_myo')","geometry_msgs.msg.Quaternion(x=0.7477223945475505, y=0.6004363424623881, z=-0.13507833952112075, w=-0.2492814905577303)",[0. 0. 0. 0. 0. 0. 0. 0. 0.],"geometry_msgs.msg.Vector3(x=-12.125, y=-7.4375, z=4.125)",[0. 0. 0. 0. 0. 0. 0. 0. 0.],"geometry_msgs.msg.Vector3(x=-0.0556640625, y=0.9990234375, z=0.2109375)",[0. 0. 0. 0. 0. 0. 0. 0. 0.],False
6807486923,"std_msgs.msg.Header(stamp=builtin_interfaces.msg.Time(sec=1731186788, nanosec=986843593), frame_id='RU_myo')","geometry_msgs.msg.Quaternion(x=0.7477761157327373, y=0.6001863150763208, z=-0.13678608075724955, w=-0.2487907475085003)",[0. 0. 0. 0. 0. 0. 0. 0. 0.],"geometry_msgs.msg.Vector3(x=5.6875, y=-3.5625, z=-0.5625)",[0. 0. 0. 0. 0. 0. 0. 0. 0.],"geometry_msgs.msg.Vector3(x=0.01513671875, y=1.12939453125, z=0.34130859375)",[0. 0. 0. 0. 0. 0. 0. 0. 0.],False
6838233960,"std_msgs.msg.Header(stamp=builtin_interfaces.msg.Time(sec=1731186789, nanosec=17609151), frame_id='RU_myo')","geometry_msgs.msg.Quaternion(x=0.7488216368917778, y=0.5992770485004463, z=-0.13593297891734507, w=-0.24830505533711708)",[0. 0. 0. 0. 0. 0. 0. 0. 0.],"geometry_msgs.msg.Vector3(x=4.0, y=6.4375, z=0.125)",[0. 0. 0. 0. 0. 0. 0. 0. 0.],"geometry_msgs.msg.Vector3(x=-0.0751953125, y=0.9755859375, z=0.4296875)",[0. 0. 0. 0. 0. 0. 0. 0. 0.],False
6851876962,"std_msgs.msg.Header(stamp=builtin_interfaces.msg.Time(sec=1731186789, nanosec=31185741), frame_id='RU_myo')","geometry_msgs.msg.Quaternion(x=0.7504348822806408, y=0.5979064747312857, z=-0.13464492479146756, w=-0.2474390412985537)",[0. 0. 0. 0. 0. 0. 0. 0. 0.],"geometry_msgs.msg.Vector3(x=-13.125, y=7.3125, z=3.9375)",[0. 0. 0. 0. 0. 0. 0. 0. 0.],"geometry_msgs.msg.Vector3(x=-0.1064453125, y=0.89697265625, z=0.22509765625)",[0. 0. 0. 0. 0. 0. 0. 0. 0.],False
6875577416,"std_msgs.msg.Header(stamp=builtin_interfaces.msg.Time(sec=1731186789, nanosec=54905802), frame_id='RU_myo')","geometry_msgs.msg.Quaternion(x=0.7507452450556531, y=0.5974833499064869, z=-0.1343406735258124, w=-0.24768489466958052)",[0. 0. 0. 0. 0. 0. 0. 0. 0.],"geometry_msgs.msg.Vector3(x=-10.6875, y=-1.125, z=0.3125)",[0. 0. 0. 0. 0. 0. 0. 0. 0.],"geometry_msgs.msg.Vector3(x=-0.123046875, y=0.9560546875, z=0.1396484375)",[0. 0. 0. 0. 0. 0. 0. 0. 0.],False
6898280669,"std_msgs.msg.Header(stamp=builtin_interfaces.msg.Time(sec=1731186789, nanosec=77570813), frame_id='RU_myo')","geometry_msgs.msg.Quaternion(x=0.7514929137543751, y=0.5965188633951842, z=-0.13409924719934715, w=-0.24787302816410958)",[0. 0. 0. 0. 0. 0. 0. 0. 0.],"geometry_msgs.msg.Vector3(x=-10.125, y=-0.875, z=1.125)",[0. 0. 0. 0. 0. 0. 0. 0. 0.],"geometry_msgs.msg.Vector3(x=-0.11474609375, y=1.01123046875, z=0.22265625)",[0. 0. 0. 0. 0. 0. 0. 0. 0.],False
6928456018,"std_msgs.msg.Header(stamp=builtin_interfaces.msg.Time(sec=1731186789, nanosec=107730875), frame_id='RU_myo')","geometry_msgs.msg.Quaternion(x=0.7531108823870853, y=0.5947250537304287, z=-0.13311733807328252, w=-0.24780210572101197)",[0. 0. 0. 0. 0. 0. 0. 0. 0.],"geometry_msgs.msg.Vector3(x=-16.25, y=3.375, z=-0.1875)",[0. 0. 0. 0. 0. 0. 0. 0. 0.],"geometry_msgs.msg.Vector3(x=-0.0810546875, y=0.97119140625, z=0.23828125)",[0. 0. 0. 0. 0. 0. 0. 0. 0.],False
6942134040,"std_msgs.msg.Header(stamp=builtin_interfaces.msg.Time(sec=1731186789, nanosec=121327174), frame_id='RU_myo')","geometry_msgs.msg.Quaternion(x=0.7553774449753042, y=0.5921680648957984, z=-0.131776010318494, w=-0.24774378225232385)",[0. 0. 0. 0. 0. 0. 0. 0. 0.],"geometry_msgs.msg.Vector3(x=-22.5, y=4.6875, z=-3.4375)",[0. 0. 0. 0. 0. 0. 0. 0. 0.],"geometry_msgs.msg.Vector3(x=-0.0302734375, y=0.9248046875, z=0.22607421875)",[0. 0. 0. 0. 0. 0. 0. 0. 0.],False
6958260740,"std_msgs.msg.Header(stamp=builtin_interfaces.msg.Time(sec=1731186789, nanosec=137510049), frame_id='RU_myo')","geometry_msgs.msg.Quaternion(x=0.7576116522296428, y=0.5894501873655866, z=-0.13111100781415347, w=-0.24775585694490174)",[0. 0. 0. 0. 0. 0. 0. 0. 0.],"geometry_msgs.msg.Vector3(x=-18.875, y=2.8125, z=-3.75)",[0. 0. 0. 0. 0. 0. 0. 0. 0.],"geometry_msgs.msg.Vector3(x=0.00927734375, y=0.92041015625, z=0.28076171875)",[0. 0. 0. 0. 0. 0. 0. 0. 0.],False
6980535949,"std_msgs.msg.Header(stamp=builtin_interfaces.msg.Time(sec=1731186789, nanosec=159914131), frame_id='RU_myo')","geometry_msgs.msg.Quaternion(x=0.7591707731705007, y=0.5873533003875003, z=-0.13128930158303162, w=-0.24786883018535164)",[0. 0. 0. 0. 0. 0. 0. 0. 0.],"geometry_msgs.msg.Vector3(x=-17.0625, y=-1.8125, z=-1.9375)",[0. 0. 0. 0. 0. 0. 0. 0. 0.],"geometry_msgs.msg.Vector3(x=-0.00537109375, y=0.94482421875, z=0.22998046875)",[0. 0. 0. 0. 0. 0. 0. 0. 0.],False
7001866514,"std_msgs.msg.Header(stamp=builtin_interfaces.msg.Time(sec=1731186789, nanosec=181115323), frame_id='RU_myo')","geometry_msgs.msg.Quaternion(x=0.7610643235501356, y=0.584424644958902, z=-0.13177783900431012, w=-0.2487238045125353)",[0. 0. 0. 0. 0. 0. 0. 0. 0.],"geometry_msgs.msg.Vector3(x=-30.5625, y=-7.0, z=-2.9375)",[0. 0. 0. 0. 0. 0. 0. 0. 0.],"geometry_msgs.msg.Vector3(x=-0.0068359375, y=1.0166015625, z=0.12890625)",[0. 0. 0. 0. 0. 0. 0. 0. 0.],False
7018250115,"std_msgs.msg.Header(stamp=builtin_interfaces.msg.Time(sec=1731186789, nanosec=197552900), frame_id='RU_myo')","geometry_msgs.msg.Quaternion(x=0.7639454984892473, y=0.5797953251956983, z=-0.13196310064986838, w=-0.2506200237133948)",[0. 0. 0. 0. 0. 0. 0. 0. 0.],"geometry_msgs.msg.Vector3(x=-44.6875, y=-11.8125, z=-4.3125)",[0. 0. 0. 0. 0. 0. 0. 0. 0.],"geometry_msgs.msg.Vector3(x=-0.0380859375, y=1.0478515625, z=0.12109375)",[0. 0. 0. 0. 0. 0. 0. 0. 0.],False
7040673192,"std_msgs.msg.Header(stamp=builtin_interfaces.msg.Time(sec=1731186789, nanosec=220052456), frame_id='RU_myo')","geometry_msgs.msg.Quaternion(x=0.767418938542195, y=0.5735652402355051, z=-0.13226730611794613, w=-0.25415831226355684)",[0. 0. 0. 0. 0. 0. 0. 0. 0.],"geometry_msgs.msg.Vector3(x=-50.125, y=-19.0625, z=-8.0)",[0. 0. 0. 0. 0. 0. 0. 0. 0.],"geometry_msgs.msg.Vector3(x=-0.0478515625, y=1.009765625, z=0.19189453125)",[0. 0. 0. 0. 0. 0. 0. 0. 0.],False
7061848964,"std_msgs.msg.Header(stamp=builtin_interfaces.msg.Time(sec=1731186789, nanosec=241070077), frame_id='RU_myo')","geometry_msgs.msg.Quaternion(x=0.7713813325930058, y=0.5653825988138165, z=-0.1330599228558912, w=-0.2600161795257323)",[0. 0. 0. 0. 0. 0. 0. 0. 0.],"geometry_msgs.msg.Vector3(x=-67.5, y=-32.4375, z=-12.625)",[0. 0. 0. 0. 0. 0. 0. 0. 0.],"geometry_msgs.msg.Vector3(x=-0.07275390625, y=0.97021484375, z=0.1015625)",[0. 0. 0. 0. 0. 0. 0. 0. 0.],False
7078292548,"std_msgs.msg.Header(stamp=builtin_interfaces.msg.Time(sec=1731186789, nanosec=257594281), frame_id='RU_myo')","geometry_msgs.msg.Quaternion(x=0.7785787219297906, y=0.5504861628319835, z=-0.13391358701112893, w=-0.26990240736700644)",[0. 0. 0. 0. 0. 0. 0. 0. 0.],"geometry_msgs.msg.Vector3(x=-102.5, y=-53.3125, z=-18.9375)",[0. 0. 0. 0. 0. 0. 0. 0. 0.],"geometry_msgs.msg.Vector3(x=-0.087890625, y=1.005859375, z=-0.0537109375)",[0. 0. 0. 0. 0. 0. 0. 0. 0.],False
7083364188,"std_msgs.msg.Header(stamp=builtin_interfaces.msg.Time(sec=1731186789, nanosec=262732955), frame_id='RU_myo')","geometry_msgs.msg.Quaternion(x=0.7872085082277746, y=0.5299328734150219, z=-0.13703055756930713, w=-0.28407136522385534)",[0. 0. 0. 0. 0. 0. 0. 0. 0.],"geometry_msgs.msg.Vector3(x=-135.1875, y=-84.6875, z=-24.6875)",[0. 0. 0. 0. 0. 0. 0. 0. 0.],"geometry_msgs.msg.Vector3(x=-0.09814453125, y=1.046875, z=-0.1630859375)",[0. 0. 0. 0. 0. 0. 0. 0. 0.],False
7106072098,"std_msgs.msg.Header(stamp=builtin_interfaces.msg.Time(sec=1731186789, nanosec=285362899), frame_id='RU_myo')","geometry_msgs.msg.Quaternion(x=0.7984820789782824, y=0.5015385447916638, z=-0.14105580832585313, w=-0.3016433599075578)",[0. 0. 0. 0. 0. 0. 0. 0. 0.],"geometry_msgs.msg.Vector3(x=-179.0, y=-109.5, z=-27.3125)",[0. 0. 0. 0. 0. 0. 0. 0. 0.],"geometry_msgs.msg.Vector3(x=-0.02880859375, y=0.9072265625, z=-0.16162109375)",[0. 0. 0. 0. 0. 0. 0. 0. 0.],False
7128594624,"std_msgs.msg.Header(stamp=builtin_interfaces.msg.Time(sec=1731186789, nanosec=307955978), frame_id='RU_myo')","geometry_msgs.msg.Quaternion(x=0.8112310693577361, y=0.46637699202185406, z=-0.14508285696060033, w=-0.3214772434209011)",[0. 0. 0. 0. 0. 0. 0. 0. 0.],"geometry_msgs.msg.Vector3(x=-212.6875, y=-125.5, z=-30.5)",[0. 0. 0. 0. 0. 0. 0. 0. 0.],"geometry_msgs.msg.Vector3(x=0.056640625, y=0.68603515625, z=0.0126953125)",[0. 0. 0. 0. 0. 0. 0. 0. 0.],False
7143443336,"std_msgs.msg.Header(stamp=builtin_interfaces.msg.Time(sec=1731186789, nanosec=322860042), frame_id='RU_myo')","geometry_msgs.msg.Quaternion(x=0.8214603221044713, y=0.4305968179245891, z=-0.1509987990851075, w=-0.34203608329544966)",[0. 0. 0. 0. 0. 0. 0. 0. 0.],"geometry_msgs.msg.Vector3(x=-202.0, y=-138.8125, z=-32.875)",[0. 0. 0. 0. 0. 0. 0. 0. 0.],"geometry_msgs.msg.Vector3(x=0.08642578125, y=0.45849609375, z=0.203125)",[0. 0. 0. 0. 0. 0. 0. 0. 0.],False
7166172070,"std_msgs.msg.Header(stamp=builtin_interfaces.msg.Time(sec=1731186789, nanosec=345481472), frame_id='RU_myo')","geometry_msgs.msg.Quaternion(x=0.8272177900077385, y=0.3986856492533423, z=-0.16131753995354925, w=-0.3615759011293325)",[0. 0. 0. 0. 0. 0. 0. 0. 0.],"geometry_msgs.msg.Vector3(x=-160.8125, y=-153.3125, z=-29.3125)",[0. 0. 0. 0. 0. 0. 0. 0. 0.],"geometry_msgs.msg.Vector3(x=0.11083984375, y=0.3095703125, z=0.2724609375)",[0. 0. 0. 0. 0. 0. 0. 0. 0.],False
7183956891,"std_msgs.msg.Header(stamp=builtin_interfaces.msg.Time(sec=1731186789, nanosec=363369605), frame_id='RU_myo')","geometry_msgs.msg.Quaternion(x=0.828613063628922, y=0.37255849590387, z=-0.1769408714982502, w=-0.3785399396454459)",[0. 0. 0. 0. 0. 0. 0. 0. 0.],"geometry_msgs.msg.Vector3(x=-108.75, y=-164.0625, z=-20.0625)",[0. 0. 0. 0. 0. 0. 0. 0. 0.],"geometry_msgs.msg.Vector3(x=0.1806640625, y=0.26318359375, z=0.37255859375)",[0. 0. 0. 0. 0. 0. 0. 0. 0.],False
7203805126,"std_msgs.msg.Header(stamp=builtin_interfaces.msg.Time(sec=1731186789, nanosec=383069803), frame_id='RU_myo')","geometry_msgs.msg.Quaternion(x=0.8257683623376059, y=0.3524881582156607, z=-0.19763751624282413, w=-0.39344392517024224)",[0. 0. 0. 0. 0. 0. 0. 0. 0.],"geometry_msgs.msg.Vector3(x=-57.5625, y=-173.25, z=-16.125)",[0. 0. 0. 0. 0. 0. 0. 0. 0.],"geometry_msgs.msg.Vector3(x=0.302734375, y=0.33447265625, z=0.44091796875)",[0. 0. 0. 0. 0. 0. 0. 0. 0.],False
7226132108,"std_msgs.msg.Header(stamp=builtin_interfaces.msg.Time(sec=1731186789, nanosec=405407522), frame_id='RU_myo')","geometry_msgs.msg.Quaternion(x=0.8194162437154964, y=0.33679991305937496, z=-0.22333288906927384, w=-0.40650370079293896)",[0. 0. 0. 0. 0. 0. 0. 0. 0.],"geometry_msgs.msg.Vector3(x=-16.875, y=-187.0625, z=-10.4375)",[0. 0. 0. 0. 0. 0. 0. 0. 0.],"geometry_msgs.msg.Vector3(x=0.37939453125, y=0.39013671875, z=0.4736328125)",[0. 0. 0. 0. 0. 0. 0. 0. 0.],False
7248509592,"std_msgs.msg.Header(stamp=builtin_interfaces.msg.Time(sec=1731186789, nanosec=427871928), frame_id='RU_myo')","geometry_msgs.msg.Quaternion(x=0.8117715260770333, y=0.32202305049491936, z=-0.2540905912074203, w=-0.4156514355326764)",[0. 0. 0. 0. 0. 0. 0. 0. 0.],"geometry_msgs.msg.Vector3(x=7.875, y=-202.8125, z=12.875)",[0. 0. 0. 0. 0. 0. 0. 0. 0.],"geometry_msgs.msg.Vector3(x=0.427734375, y=0.39697265625, z=0.53271484375)",[0. 0. 0. 0. 0. 0. 0. 0. 0.],False
7263378199,"std_msgs.msg.Header(stamp=builtin_interfaces.msg.Time(sec=1731186789, nanosec=442772712), frame_id='RU_myo')","geometry_msgs.msg.Quaternion(x=0.8038295611521552, y=0.3054796471956368, z=-0.28912229545768864, w=-0.4206524932012645)",[0. 0. 0. 0. 0. 0. 0. 0. 0.],"geometry_msgs.msg.Vector3(x=14.4375, y=-219.6875, z=42.625)",[0. 0. 0. 0. 0. 0. 0. 0. 0.],"geometry_msgs.msg.Vector3(x=0.47705078125, y=0.50732421875, z=0.474609375)",[0. 0. 0. 0. 0. 0. 0. 0. 0.],False
7295110317,"std_msgs.msg.Header(stamp=builtin_interfaces.msg.Time(sec=1731186789, nanosec=474334126), frame_id='RU_myo')","geometry_msgs.msg.Quaternion(x=0.7960889986794984, y=0.2842433847159721, z=-0.32489317948102203, w=-0.4241372730065042)",[0. 0. 0. 0. 0. 0. 0. 0. 0.],"geometry_msgs.msg.Vector3(x=-5.1875, y=-230.4375, z=58.4375)",[0. 0. 0. 0. 0. 0. 0. 0. 0.],"geometry_msgs.msg.Vector3(x=0.6298828125, y=0.65869140625, z=0.46875)",[0. 0. 0. 0. 0. 0. 0. 0. 0.],False
7308546458,"std_msgs.msg.Header(stamp=builtin_interfaces.msg.Time(sec=1731186789, nanosec=487931199), frame_id='RU_myo')","geometry_msgs.msg.Quaternion(x=0.7877404536456717, y=0.2582465410952144, z=-0.35810268414219404, w=-0.42957673274122404)",[0. 0. 0. 0. 0. 0. 0. 0. 0.],"geometry_msgs.msg.Vector3(x=-34.375, y=-236.125, z=53.25)",[0. 0. 0. 0. 0. 0. 0. 0. 0.],"geometry_msgs.msg.Vector3(x=0.64892578125, y=0.6826171875, z=0.5732421875)",[0. 0. 0. 0. 0. 0. 0. 0. 0.],False
7323717070,"std_msgs.msg.Header(stamp=builtin_interfaces.msg.Time(sec=1731186789, nanosec=502998194), frame_id='RU_myo')","geometry_msgs.msg.Quaternion(x=0.7786315419165231, y=0.22412283624029727, z=-0.393252569143855, w=-0.43457369118489014)",[0. 0. 0. 0. 0. 0. 0. 0. 0.],"geometry_msgs.msg.Vector3(x=-64.4375, y=-267.0625, z=74.5625)",[0. 0. 0. 0. 0. 0. 0. 0. 0.],"geometry_msgs.msg.Vector3(x=0.52685546875, y=0.5439453125, z=0.45751953125)",[0. 0. 0. 0. 0. 0. 0. 0. 0.],False
7346265918,"std_msgs.msg.Header(stamp=builtin_interfaces.msg.Time(sec=1731186789, nanosec=525523586), frame_id='RU_myo')","geometry_msgs.msg.Quaternion(x=0.7670743529942621, y=0.18432244955781918, z=-0.4299839924287537, w=-0.4390170131355607)",[0. 0. 0. 0. 0. 0. 0. 0. 0.],"geometry_msgs.msg.Vector3(x=-81.9375, y=-291.5625, z=85.0625)",[0. 0. 0. 0. 0. 0. 0. 0. 0.],"geometry_msgs.msg.Vector3(x=0.7177734375, y=0.568359375, z=0.41455078125)",[0. 0. 0. 0. 0. 0. 0. 0. 0.],False
7364163946,"std_msgs.msg.Header(stamp=builtin_interfaces.msg.Time(sec=1731186789, nanosec=543364394), frame_id='RU_myo')","geometry_msgs.msg.Quaternion(x=0.7522199668955233, y=0.14514598192774703, z=-0.4646746679629681, w=-0.44404416254178286)",[0. 0. 0. 0. 0. 0. 0. 0. 0.],"geometry_msgs.msg.Vector3(x=-80.3125, y=-290.9375, z=69.25)",[0. 0. 0. 0. 0. 0. 0. 0. 0.],"geometry_msgs.msg.Vector3(x=0.93408203125, y=0.58740234375, z=0.607421875)",[0. 0. 0. 0. 0. 0. 0. 0. 0.],False
7383550758,"std_msgs.msg.Header(stamp=builtin_interfaces.msg.Time(sec=1731186789, nanosec=562849852), frame_id='RU_myo')","geometry_msgs.msg.Quaternion(x=0.7351710889513832, y=0.10961953306406677, z=-0.4991472947649989, w=-0.44537512960383924)",[0. 0. 0. 0. 0. 0. 0. 0. 0.],"geometry_msgs.msg.Vector3(x=-51.4375, y=-284.25, z=67.9375)",[0. 0. 0. 0. 0. 0. 0. 0. 0.],"geometry_msgs.msg.Vector3(x=0.95849609375, y=0.32080078125, z=0.57421875)",[0. 0. 0. 0. 0. 0. 0. 0. 0.],False
7406043246,"std_msgs.msg.Header(stamp=builtin_interfaces.msg.Time(sec=1731186789, nanosec=585352708), frame_id='RU_myo')","geometry_msgs.msg.Quaternion(x=0.7155129790049674, y=0.07665992507295394, z=-0.5366805104828694, w=-0.4406114642529096)",[0. 0. 0. 0. 0. 0. 0. 0. 0.],"geometry_msgs.msg.Vector3(x=-13.75, y=-295.375, z=81.9375)",[0. 0. 0. 0. 0. 0. 0. 0. 0.],"geometry_msgs.msg.Vector3(x=0.9345703125, y=0.2734375, z=0.50537109375)",[0. 0. 0. 0. 0. 0. 0. 0. 0.],False
7422569199,"std_msgs.msg.Header(stamp=builtin_interfaces.msg.Time(sec=1731186789, nanosec=601890376), frame_id='RU_myo')","geometry_msgs.msg.Quaternion(x=0.6923655174710146, y=0.05059688064029188, z=-0.5765847182253768, w=-0.4308364058381428)",[0. 0. 0. 0. 0. 0. 0. 0. 0.],"geometry_msgs.msg.Vector3(x=38.875, y=-300.0625, z=75.5625)",[0. 0. 0. 0. 0. 0. 0. 0. 0.],"geometry_msgs.msg.Vector3(x=0.978515625, y=0.4365234375, z=0.6962890625)",[0. 0. 0. 0. 0. 0. 0. 0. 0.],False
7443660848,"std_msgs.msg.Header(stamp=builtin_interfaces.msg.Time(sec=1731186789, nanosec=622910972), frame_id='RU_myo')","geometry_msgs.msg.Quaternion(x=0.6716654048062113, y=0.031370833082271024, z=-0.612768801840469, w=-0.41520579272118635)",[0. 0. 0. 0. 0. 0. 0. 0. 0.],"geometry_msgs.msg.Vector3(x=75.5625, y=-259.5, z=80.625)",[0. 0. 0. 0. 0. 0. 0. 0. 0.],"geometry_msgs.msg.Vector3(x=1.0556640625, y=0.3916015625, z=0.64013671875)",[0. 0. 0. 0. 0. 0. 0. 0. 0.],False
7466041011,"std_msgs.msg.Header(stamp=builtin_interfaces.msg.Time(sec=1731186789, nanosec=645326385), frame_id='RU_myo')","geometry_msgs.msg.Quaternion(x=0.651368125356591, y=0.008605969422346265, z=-0.6443490722816277, w=-0.40057430722594706)",[0. 0. 0. 0. 0. 0. 0. 0. 0.],"geometry_msgs.msg.Vector3(x=46.375, y=-250.1875, z=92.9375)",[0. 0. 0. 0. 0. 0. 0. 0. 0.],"geometry_msgs.msg.Vector3(x=1.20361328125, y=0.7099609375, z=0.6337890625)",[0. 0. 0. 0. 0. 0. 0. 0. 0.],False
7482620612,"std_msgs.msg.Header(stamp=builtin_interfaces.msg.Time(sec=1731186789, nanosec=661916533), frame_id='RU_myo')","geometry_msgs.msg.Quaternion(x=0.6298809529098931, y=-0.01708979329600485, z=-0.6716288765329907, w=-0.3897083221249678)",[0. 0. 0. 0. 0. 0. 0. 0. 0.],"geometry_msgs.msg.Vector3(x=10.875, y=-244.9375, z=89.125)",[0. 0. 0. 0. 0. 0. 0. 0. 0.],"geometry_msgs.msg.Vector3(x=1.080078125, y=0.724609375, z=0.4658203125)",[0. 0. 0. 0. 0. 0. 0. 0. 0.],False
7482620613,"std_msgs.msg.Header(stamp=builtin_interfaces.msg.Time(sec=1731186795, nanosec=998619103), frame_id='RU_myo')","geometry_msgs.msg.Quaternion(x=0.5717795781714822, y=0.20184405049243076, z=-0.5506613315823133, w=-0.57367167540924)",[0. 0. 0. 0. 0. 0. 0. 0. 0.],"geometry_msgs.msg.Vector3(x=-158.625, y=177.125, z=-123.6875)",[0. 0. 0. 0. 0. 0. 0. 0. 0.],"geometry_msgs.msg.Vector3(x=0.58837890625, y=0.4345703125, z=0.31884765625)",[0. 0. 0. 0. 0. 0. 0. 0. 0.],False
7499071874,"std_msgs.msg.Header(stamp=builtin_interfaces.msg.Time(sec=1731186796, nanosec=14990146), frame_id='RU_myo')","geometry_msgs.msg.Quaternion(x=0.5858569079036701, y=0.21245628673952238, z=-0.5124340659192846, w=-0.5908005905310476)",[0. 0. 0. 0. 0. 0. 0. 0. 0.],"geometry_msgs.msg.Vector3(x=-159.0, y=186.0625, z=-93.0)",[0. 0. 0. 0. 0. 0. 0. 0. 0.],"geometry_msgs.msg.Vector3(x=0.53662109375, y=0.45703125, z=0.3759765625)",[0. 0. 0. 0. 0. 0. 0. 0. 0.],False
7521532436,"std_msgs.msg.Header(stamp=builtin_interfaces.msg.Time(sec=1731186796, nanosec=37503777), frame_id='RU_myo')","geometry_msgs.msg.Quaternion(x=0.6015603015960099, y=0.22094645817548256, z=-0.473570046680544, w=-0.6041848037235088)",[0. 0. 0. 0. 0. 0. 0. 0. 0.],"geometry_msgs.msg.Vector3(x=-159.6875, y=191.0625, z=-69.0625)",[0. 0. 0. 0. 0. 0. 0. 0. 0.],"geometry_msgs.msg.Vector3(x=0.51708984375, y=0.490234375, z=0.40576171875)",[0. 0. 0. 0. 0. 0. 0. 0. 0.],False
7542596098,"std_msgs.msg.Header(stamp=builtin_interfaces.msg.Time(sec=1731186796, nanosec=58499141), frame_id='RU_myo')","geometry_msgs.msg.Quaternion(x=0.6196251818454778, y=0.22747666004118355, z=-0.432187343641433, w=-0.6144372247476777)",[0. 0. 0. 0. 0. 0. 0. 0. 0.],"geometry_msgs.msg.Vector3(x=-169.8125, y=203.5625, z=-48.1875)",[0. 0. 0. 0. 0. 0. 0. 0. 0.],"geometry_msgs.msg.Vector3(x=0.49072265625, y=0.46337890625, z=0.43896484375)",[0. 0. 0. 0. 0. 0. 0. 0. 0.],False
7559206254,"std_msgs.msg.Header(stamp=builtin_interfaces.msg.Time(sec=1731186796, nanosec=75060929), frame_id='RU_myo')","geometry_msgs.msg.Quaternion(x=0.638666676428137, y=0.23315239907831453, z=-0.3932463108014609, w=-0.6189524814275361)",[0. 0. 0. 0. 0. 0. 0. 0. 0.],"geometry_msgs.msg.Vector3(x=-150.625, y=201.9375, z=-17.875)",[0. 0. 0. 0. 0. 0. 0. 0. 0.],"geometry_msgs.msg.Vector3(x=0.421875, y=0.43603515625, z=0.53466796875)",[0. 0. 0. 0. 0. 0. 0. 0. 0.],False
7581480985,"std_msgs.msg.Header(stamp=builtin_interfaces.msg.Time(sec=1731186796, nanosec=97432891), frame_id='RU_myo')","geometry_msgs.msg.Quaternion(x=0.6587603411162373, y=0.2398710405435757, z=-0.3570599458473073, w=-0.617255937154499)",[0. 0. 0. 0. 0. 0. 0. 0. 0.],"geometry_msgs.msg.Vector3(x=-124.0, y=206.125, z=10.1875)",[0. 0. 0. 0. 0. 0. 0. 0. 0.],"geometry_msgs.msg.Vector3(x=0.3603515625, y=0.45068359375, z=0.5947265625)",[0. 0. 0. 0. 0. 0. 0. 0. 0.],False
7602735590,"std_msgs.msg.Header(stamp=builtin_interfaces.msg.Time(sec=1731186796, nanosec=118687589), frame_id='RU_myo')","geometry_msgs.msg.Quaternion(x=0.6776591347605522, y=0.24804167555317339, z=-0.3275077832230139, w=-0.6099115314475546)",[0. 0. 0. 0. 0. 0. 0. 0. 0.],"geometry_msgs.msg.Vector3(x=-82.875, y=191.4375, z=34.125)",[0. 0. 0. 0. 0. 0. 0. 0. 0.],"geometry_msgs.msg.Vector3(x=0.33642578125, y=0.51123046875, z=0.61474609375)",[0. 0. 0. 0. 0. 0. 0. 0. 0.],False
7619062566,"std_msgs.msg.Header(stamp=builtin_interfaces.msg.Time(sec=1731186796, nanosec=135089903), frame_id='RU_myo')","geometry_msgs.msg.Quaternion(x=0.6947233422705134, y=0.25983458689558736, z=-0.30542923956436907, w=-0.5971251500116352)",[0. 0. 0. 0. 0. 0. 0. 0. 0.],"geometry_msgs.msg.Vector3(x=-31.125, y=180.25, z=52.5)",[0. 0. 0. 0. 0. 0. 0. 0. 0.],"geometry_msgs.msg.Vector3(x=0.3466796875, y=0.53271484375, z=0.556640625)",[0. 0. 0. 0. 0. 0. 0. 0. 0.],False
7641661223,"std_msgs.msg.Header(stamp=builtin_interfaces.msg.Time(sec=1731186796, nanosec=157631888), frame_id='RU_myo')","geometry_msgs.msg.Quaternion(x=0.7105503753725533, y=0.2755045863624554, z=-0.28728402481348636, w=-0.5802441520930136)",[0. 0. 0. 0. 0. 0. 0. 0. 0.],"geometry_msgs.msg.Vector3(x=5.4375, y=182.3125, z=63.125)",[0. 0. 0. 0. 0. 0. 0. 0. 0.],"geometry_msgs.msg.Vector3(x=0.36572265625, y=0.568359375, z=0.47314453125)",[0. 0. 0. 0. 0. 0. 0. 0. 0.],False
7662633732,"std_msgs.msg.Header(stamp=builtin_interfaces.msg.Time(sec=1731186796, nanosec=178568127), frame_id='RU_myo')","geometry_msgs.msg.Quaternion(x=0.724732230965769, y=0.2946170186012942, z=-0.2708132818591138, w=-0.5609136940016353)",[0. 0. 0. 0. 0. 0. 0. 0. 0.],"geometry_msgs.msg.Vector3(x=32.0, y=187.875, z=64.625)",[0. 0. 0. 0. 0. 0. 0. 0. 0.],"geometry_msgs.msg.Vector3(x=0.3291015625, y=0.5634765625, z=0.51025390625)",[0. 0. 0. 0. 0. 0. 0. 0. 0.],False
7679221811,"std_msgs.msg.Header(stamp=builtin_interfaces.msg.Time(sec=1731186796, nanosec=195104953), frame_id='RU_myo')","geometry_msgs.msg.Quaternion(x=0.7354099210568318, y=0.3176257970935142, z=-0.2601919240987031, w=-0.5390605380341886)",[0. 0. 0. 0. 0. 0. 0. 0. 0.],"geometry_msgs.msg.Vector3(x=78.5625, y=174.1875, z=68.625)",[0. 0. 0. 0. 0. 0. 0. 0. 0.],"geometry_msgs.msg.Vector3(x=0.25927734375, y=0.60693359375, z=0.6416015625)",[0. 0. 0. 0. 0. 0. 0. 0. 0.],False
7701669164,"std_msgs.msg.Header(stamp=builtin_interfaces.msg.Time(sec=1731186796, nanosec=217600723), frame_id='RU_myo')","geometry_msgs.msg.Quaternion(x=0.7425564301546936, y=0.34442264798314454, z=-0.2564096303698724, w=-0.5140399683349358)",[0. 0. 0. 0. 0. 0. 0. 0. 0.],"geometry_msgs.msg.Vector3(x=123.625, y=156.5625, z=78.6875)",[0. 0. 0. 0. 0. 0. 0. 0. 0.],"geometry_msgs.msg.Vector3(x=0.1806640625, y=0.76318359375, z=0.4814453125)",[0. 0. 0. 0. 0. 0. 0. 0. 0.],False
7722633793,"std_msgs.msg.Header(stamp=builtin_interfaces.msg.Time(sec=1731186796, nanosec=238640568), frame_id='RU_myo')","geometry_msgs.msg.Quaternion(x=0.7497131975319428, y=0.36713546227750843, z=-0.24976198032245459, w=-0.4906736460929161)",[0. 0. 0. 0. 0. 0. 0. 0. 0.],"geometry_msgs.msg.Vector3(x=92.625, y=153.3125, z=72.25)",[0. 0. 0. 0. 0. 0. 0. 0. 0.],"geometry_msgs.msg.Vector3(x=0.1533203125, y=0.7421875, z=0.22998046875)",[0. 0. 0. 0. 0. 0. 0. 0. 0.],False
7745127995,"std_msgs.msg.Header(stamp=builtin_interfaces.msg.Time(sec=1731186796, nanosec=261155404), frame_id='RU_myo')","geometry_msgs.msg.Quaternion(x=0.7582573005726233, y=0.3826382530217963, z=-0.23657774265632198, w=-0.4718737173570757)",[0. 0. 0. 0. 0. 0. 0. 0. 0.],"geometry_msgs.msg.Vector3(x=33.0, y=153.375, z=53.5)",[0. 0. 0. 0. 0. 0. 0. 0. 0.],"geometry_msgs.msg.Vector3(x=0.1279296875, y=0.80517578125, z=0.20947265625)",[0. 0. 0. 0. 0. 0. 0. 0. 0.],False
7760161816,"std_msgs.msg.Header(stamp=builtin_interfaces.msg.Time(sec=1731186796, nanosec=276132944), frame_id='RU_myo')","geometry_msgs.msg.Quaternion(x=0.7647813911948419, y=0.3953913688874849, z=-0.224856715495754, w=-0.45630532167379395)",[0. 0. 0. 0. 0. 0. 0. 0. 0.],"geometry_msgs.msg.Vector3(x=26.375, y=128.6875, z=41.875)",[0. 0. 0. 0. 0. 0. 0. 0. 0.],"geometry_msgs.msg.Vector3(x=0.017578125, y=0.908203125, z=0.37451171875)",[0. 0. 0. 0. 0. 0. 0. 0. 0.],False
7774993156,"std_msgs.msg.Header(stamp=builtin_interfaces.msg.Time(sec=1731186796, nanosec=290983935), frame_id='RU_myo')","geometry_msgs.msg.Quaternion(x=0.7680528198683337, y=0.40929451764439334, z=-0.2193564712815314, w=-0.4409712033970686)",[0. 0. 0. 0. 0. 0. 0. 0. 0.],"geometry_msgs.msg.Vector3(x=38.625, y=97.6875, z=46.9375)",[0. 0. 0. 0. 0. 0. 0. 0. 0.],"geometry_msgs.msg.Vector3(x=-0.0537109375, y=0.8935546875, z=0.26416015625)",[0. 0. 0. 0. 0. 0. 0. 0. 0.],False
7797552461,"std_msgs.msg.Header(stamp=builtin_interfaces.msg.Time(sec=1731186796, nanosec=313610885), frame_id='RU_myo')","geometry_msgs.msg.Quaternion(x=0.7732581119686074, y=0.41552934140676284, z=-0.21246440032857544, w=-0.4292623175842778)",[0. 0. 0. 0. 0. 0. 0. 0. 0.],"geometry_msgs.msg.Vector3(x=-9.125, y=79.1875, z=40.5625)",[0. 0. 0. 0. 0. 0. 0. 0. 0.],"geometry_msgs.msg.Vector3(x=-0.02099609375, y=0.75244140625, z=0.140625)",[0. 0. 0. 0. 0. 0. 0. 0. 0.],False
7820072488,"std_msgs.msg.Header(stamp=builtin_interfaces.msg.Time(sec=1731186796, nanosec=336086541), frame_id='RU_myo')","geometry_msgs.msg.Quaternion(x=0.7800095449718415, y=0.41713633542042133, z=-0.20716428481371232, w=-0.41792983444887694)",[0. 0. 0. 0. 0. 0. 0. 0. 0.],"geometry_msgs.msg.Vector3(x=-16.8125, y=64.75, z=48.875)",[0. 0. 0. 0. 0. 0. 0. 0. 0.],"geometry_msgs.msg.Vector3(x=0.0400390625, y=0.68603515625, z=0.32470703125)",[0. 0. 0. 0. 0. 0. 0. 0. 0.],False
7834953241,"std_msgs.msg.Header(stamp=builtin_interfaces.msg.Time(sec=1731186796, nanosec=351088733), frame_id='RU_myo')","geometry_msgs.msg.Quaternion(x=0.7814022734611397, y=0.4267743083924612, z=-0.21082357854513173, w=-0.40351901498606424)",[0. 0. 0. 0. 0. 0. 0. 0. 0.],"geometry_msgs.msg.Vector3(x=56.75, y=46.6875, z=59.0625)",[0. 0. 0. 0. 0. 0. 0. 0. 0.],"geometry_msgs.msg.Vector3(x=0.09228515625, y=0.79150390625, z=0.36669921875)",[0. 0. 0. 0. 0. 0. 0. 0. 0.],False
7857726204,"std_msgs.msg.Header(stamp=builtin_interfaces.msg.Time(sec=1731186796, nanosec=373608258), frame_id='RU_myo')","geometry_msgs.msg.Quaternion(x=0.7794865053650302, y=0.43933473225412945, z=-0.21643247576731633, w=-0.39056723418924344)",[0. 0. 0. 0. 0. 0. 0. 0. 0.],"geometry_msgs.msg.Vector3(x=75.5625, y=36.25, z=46.625)",[0. 0. 0. 0. 0. 0. 0. 0. 0.],"geometry_msgs.msg.Vector3(x=0.083984375, y=0.91162109375, z=0.3212890625)",[0. 0. 0. 0. 0. 0. 0. 0. 0.],False
7873383289,"std_msgs.msg.Header(stamp=builtin_interfaces.msg.Time(sec=1731186796, nanosec=389452917), frame_id='RU_myo')","geometry_msgs.msg.Quaternion(x=0.7785701654835275, y=0.44806236945865285, z=-0.21911781860190216, w=-0.380862169380465)",[0. 0. 0. 0. 0. 0. 0. 0. 0.],"geometry_msgs.msg.Vector3(x=52.5, y=32.1875, z=35.0)",[0. 0. 0. 0. 0. 0. 0. 0. 0.],"geometry_msgs.msg.Vector3(x=0.03564453125, y=0.8994140625, z=0.41259765625)",[0. 0. 0. 0. 0. 0. 0. 0. 0.],False
7894971841,"std_msgs.msg.Header(stamp=builtin_interfaces.msg.Time(sec=1731186796, nanosec=411054866), frame_id='RU_myo')","geometry_msgs.msg.Quaternion(x=0.77685857983174, y=0.45648376167202886, z=-0.22338956648209998, w=-0.37176662553072976)",[0. 0. 0. 0. 0. 0. 0. 0. 0.],"geometry_msgs.msg.Vector3(x=55.5, y=21.5625, z=35.5)",[0. 0. 0. 0. 0. 0. 0. 0. 0.],"geometry_msgs.msg.Vector3(x=0.03857421875, y=0.92236328125, z=0.39208984375)",[0. 0. 0. 0. 0. 0. 0. 0. 0.],False
7917400854,"std_msgs.msg.Header(stamp=builtin_interfaces.msg.Time(sec=1731186796, nanosec=433483907), frame_id='RU_myo')","geometry_msgs.msg.Quaternion(x=0.7753220875211853, y=0.46221476570872516, z=-0.22778099902614055, w=-0.36516980631655915)",[0. 0. 0. 0. 0. 0. 0. 0. 0.],"geometry_msgs.msg.Vector3(x=33.8125, y=9.0625, z=28.1875)",[0. 0. 0. 0. 0. 0. 0. 0. 0.],"geometry_msgs.msg.Vector3(x=0.0478515625, y=1.09375, z=0.36865234375)",[0. 0. 0. 0. 0. 0. 0. 0. 0.],False
7933137061,"std_msgs.msg.Header(stamp=builtin_interfaces.msg.Time(sec=1731186796, nanosec=449180407), frame_id='RU_myo')","geometry_msgs.msg.Quaternion(x=0.7771184082307658, y=0.46058243076573663, z=-0.2279718233381959, w=-0.36329003815500455)",[0. 0. 0. 0. 0. 0. 0. 0. 0.],"geometry_msgs.msg.Vector3(x=-18.875, y=3.25, z=14.75)",[0. 0. 0. 0. 0. 0. 0. 0. 0.],"geometry_msgs.msg.Vector3(x=0.02783203125, y=1.08203125, z=0.42236328125)",[0. 0. 0. 0. 0. 0. 0. 0. 0.],False
7955039941,"std_msgs.msg.Header(stamp=builtin_interfaces.msg.Time(sec=1731186796, nanosec=471021737), frame_id='RU_myo')","geometry_msgs.msg.Quaternion(x=0.7806641504119464, y=0.4552755197750358, z=-0.2265085740561949, w=-0.36329265232618485)",[0. 0. 0. 0. 0. 0. 0. 0. 0.],"geometry_msgs.msg.Vector3(x=-39.6875, y=1.125, z=8.5625)",[0. 0. 0. 0. 0. 0. 0. 0. 0.],"geometry_msgs.msg.Vector3(x=0.05078125, y=0.9462890625, z=0.4599609375)",[0. 0. 0. 0. 0. 0. 0. 0. 0.],False
7977597932,"std_msgs.msg.Header(stamp=builtin_interfaces.msg.Time(sec=1731186796, nanosec=493637876), frame_id='RU_myo')","geometry_msgs.msg.Quaternion(x=0.7835623639435322, y=0.45025234139363113, z=-0.22558393029562976, w=-0.36388836375068845)",[0. 0. 0. 0. 0. 0. 0. 0. 0.],"geometry_msgs.msg.Vector3(x=-31.625, y=-2.25, z=4.375)",[0. 0. 0. 0. 0. 0. 0. 0. 0.],"geometry_msgs.msg.Vector3(x=0.07568359375, y=0.8388671875, z=0.494140625)",[0. 0. 0. 0. 0. 0. 0. 0. 0.],False
7993982452,"std_msgs.msg.Header(stamp=builtin_interfaces.msg.Time(sec=1731186796, nanosec=510096076), frame_id='RU_myo')","geometry_msgs.msg.Quaternion(x=0.7854877705312928, y=0.44715855209513183, z=-0.22541039214951158, w=-0.3636596578464094)",[0. 0. 0. 0. 0. 0. 0. 0. 0.],"geometry_msgs.msg.Vector3(x=-13.4375, y=-0.75, z=4.5625)",[0. 0. 0. 0. 0. 0. 0. 0. 0.],"geometry_msgs.msg.Vector3(x=0.09033203125, y=0.771484375, z=0.53515625)",[0. 0. 0. 0. 0. 0. 0. 0. 0.],False
8014943730,"std_msgs.msg.Header(stamp=builtin_interfaces.msg.Time(sec=1731186796, nanosec=531035133), frame_id='RU_myo')","geometry_msgs.msg.Quaternion(x=0.785363574847274, y=0.44831704804952416, z=-0.2273629685479207, w=-0.3612782310966826)",[0. 0. 0. 0. 0. 0. 0. 0. 0.],"geometry_msgs.msg.Vector3(x=19.1875, y=1.9375, z=9.875)",[0. 0. 0. 0. 0. 0. 0. 0. 0.],"geometry_msgs.msg.Vector3(x=0.09375, y=0.73193359375, z=0.52294921875)",[0. 0. 0. 0. 0. 0. 0. 0. 0.],False
8038159358,"std_msgs.msg.Header(stamp=builtin_interfaces.msg.Time(sec=1731186796, nanosec=554280837), frame_id='RU_myo')","geometry_msgs.msg.Quaternion(x=0.7825438131447184, y=0.4538033890282335, z=-0.23138784772105356, w=-0.35797671508414114)",[0. 0. 0. 0. 0. 0. 0. 0. 0.],"geometry_msgs.msg.Vector3(x=44.0625, y=-0.875, z=9.6875)",[0. 0. 0. 0. 0. 0. 0. 0. 0.],"geometry_msgs.msg.Vector3(x=0.076171875, y=0.8154296875, z=0.43994140625)",[0. 0. 0. 0. 0. 0. 0. 0. 0.],False
8053939709,"std_msgs.msg.Header(stamp=builtin_interfaces.msg.Time(sec=1731186796, nanosec=570075894), frame_id='RU_myo')","geometry_msgs.msg.Quaternion(x=0.7786663697407674, y=0.46077858627992896, z=-0.2359743031604458, w=-0.35451079998858487)",[0. 0. 0. 0. 0. 0. 0. 0. 0.],"geometry_msgs.msg.Vector3(x=54.6875, y=-0.375, z=6.8125)",[0. 0. 0. 0. 0. 0. 0. 0. 0.],"geometry_msgs.msg.Vector3(x=0.09423828125, y=0.86669921875, z=0.4453125)",[0. 0. 0. 0. 0. 0. 0. 0. 0.],False
8075102224,"std_msgs.msg.Header(stamp=builtin_interfaces.msg.Time(sec=1731186796, nanosec=591059278), frame_id='RU_myo')","geometry_msgs.msg.Quaternion(x=0.775263712832496, y=0.4672212030965798, z=-0.2396225268918579, w=-0.35107202615434707)",[0. 0. 0. 0. 0. 0. 0. 0. 0.],"geometry_msgs.msg.Vector3(x=53.3125, y=4.1875, z=3.4375)",[0. 0. 0. 0. 0. 0. 0. 0. 0.],"geometry_msgs.msg.Vector3(x=0.1396484375, y=0.95849609375, z=0.53759765625)",[0. 0. 0. 0. 0. 0. 0. 0. 0.],False
8097414750,"std_msgs.msg.Header(stamp=builtin_interfaces.msg.Time(sec=1731186796, nanosec=613477336), frame_id='RU_myo')","geometry_msgs.msg.Quaternion(x=0.7729086557526957, y=0.47260773288265995, z=-0.24188873116543735, w=-0.34748234835347835)",[0. 0. 0. 0. 0. 0. 0. 0. 0.],"geometry_msgs.msg.Vector3(x=44.5, y=10.25, z=2.625)",[0. 0. 0. 0. 0. 0. 0. 0. 0.],"geometry_msgs.msg.Vector3(x=0.16357421875, y=0.99169921875, z=0.5576171875)",[0. 0. 0. 0. 0. 0. 0. 0. 0.],False
8113039467,"std_msgs.msg.Header(stamp=builtin_interfaces.msg.Time(sec=1731186796, nanosec=629174571), frame_id='RU_myo')","geometry_msgs.msg.Quaternion(x=0.7724655043571413, y=0.4754056426546914, z=-0.24176168321417799, w=-0.34472860055381904)",[0. 0. 0. 0. 0. 0. 0. 0. 0.],"geometry_msgs.msg.Vector3(x=17.9375, y=14.8125, z=3.3125)",[0. 0. 0. 0. 0. 0. 0. 0. 0.],"geometry_msgs.msg.Vector3(x=0.11279296875, y=0.98876953125, z=0.4853515625)",[0. 0. 0. 0. 0. 0. 0. 0. 0.],False
8138007998,"std_msgs.msg.Header(stamp=builtin_interfaces.msg.Time(sec=1731186796, nanosec=654038337), frame_id='RU_myo')","geometry_msgs.msg.Quaternion(x=0.7736332647946436, y=0.4754106113992488, z=-0.23956690842753262, w=-0.3436335527253525)",[0. 0. 0. 0. 0. 0. 0. 0. 0.],"geometry_msgs.msg.Vector3(x=-9.0625, y=14.25, z=1.6875)",[0. 0. 0. 0. 0. 0. 0. 0. 0.],"geometry_msgs.msg.Vector3(x=0.0341796875, y=0.95263671875, z=0.412109375)",[0. 0. 0. 0. 0. 0. 0. 0. 0.],False
8157408829,"std_msgs.msg.Header(stamp=builtin_interfaces.msg.Time(sec=1731186796, nanosec=673475151), frame_id='RU_myo')","geometry_msgs.msg.Quaternion(x=0.7750359298801867, y=0.47418917461325955, z=-0.2370030332119046, w=-0.3439382158509097)",[0. 0. 0. 0. 0. 0. 0. 0. 0.],"geometry_msgs.msg.Vector3(x=-15.375, y=9.5625, z=-3.25)",[0. 0. 0. 0. 0. 0. 0. 0. 0.],"geometry_msgs.msg.Vector3(x=0.0283203125, y=0.873046875, z=0.41455078125)",[0. 0. 0. 0. 0. 0. 0. 0. 0.],False
8173239025,"std_msgs.msg.Header(stamp=builtin_interfaces.msg.Time(sec=1731186796, nanosec=689272650), frame_id='RU_myo')","geometry_msgs.msg.Quaternion(x=0.7753562591502878, y=0.4739542905063359, z=-0.23597003053412682, w=-0.34425012214497547)",[0. 0. 0. 0. 0. 0. 0. 0. 0.],"geometry_msgs.msg.Vector3(x=-2.6875, y=4.75, z=-5.375)",[0. 0. 0. 0. 0. 0. 0. 0. 0.],"geometry_msgs.msg.Vector3(x=0.07275390625, y=0.83447265625, z=0.43359375)",[0. 0. 0. 0. 0. 0. 0. 0. 0.],False
8194981517,"std_msgs.msg.Header(stamp=builtin_interfaces.msg.Time(sec=1731186796, nanosec=710972232), frame_id='RU_myo')","geometry_msgs.msg.Quaternion(x=0.7743867602259328, y=0.47615599562721694, z=-0.23560596630189173, w=-0.3436428990361789)",[0. 0. 0. 0. 0. 0. 0. 0. 0.],"geometry_msgs.msg.Vector3(x=16.375, y=6.75, z=-4.5)",[0. 0. 0. 0. 0. 0. 0. 0. 0.],"geometry_msgs.msg.Vector3(x=0.05517578125, y=0.82763671875, z=0.462890625)",[0. 0. 0. 0. 0. 0. 0. 0. 0.],False
8218922790,"std_msgs.msg.Header(stamp=builtin_interfaces.msg.Time(sec=1731186796, nanosec=734970061), frame_id='RU_myo')","geometry_msgs.msg.Quaternion(x=0.7718129943043884, y=0.4810937145992241, z=-0.2363353035940365, w=-0.34205140530500533)",[0. 0. 0. 0. 0. 0. 0. 0. 0.],"geometry_msgs.msg.Vector3(x=35.25, y=7.3125, z=-2.875)",[0. 0. 0. 0. 0. 0. 0. 0. 0.],"geometry_msgs.msg.Vector3(x=0.03466796875, y=0.8359375, z=0.4375)",[0. 0. 0. 0. 0. 0. 0. 0. 0.],False
8233310173,"std_msgs.msg.Header(stamp=builtin_interfaces.msg.Time(sec=1731186796, nanosec=749324404), frame_id='RU_myo')","geometry_msgs.msg.Quaternion(x=0.7676608402990179, y=0.4882950403428594, z=-0.2381659059272297, w=-0.33991438495867304)",[0. 0. 0. 0. 0. 0. 0. 0. 0.],"geometry_msgs.msg.Vector3(x=51.25, y=7.125, z=-5.5)",[0. 0. 0. 0. 0. 0. 0. 0. 0.],"geometry_msgs.msg.Vector3(x=0.0615234375, y=0.8544921875, z=0.40283203125)",[0. 0. 0. 0. 0. 0. 0. 0. 0.],False
8255054511,"std_msgs.msg.Header(stamp=builtin_interfaces.msg.Time(sec=1731186796, nanosec=771014321), frame_id='RU_myo')","geometry_msgs.msg.Quaternion(x=0.7626882293338827, y=0.49688259243014876, z=-0.2402931785281287, w=-0.33715507193024713)",[0. 0. 0. 0. 0. 0. 0. 0. 0.],"geometry_msgs.msg.Vector3(x=60.375, y=9.75, z=-6.625)",[0. 0. 0. 0. 0. 0. 0. 0. 0.],"geometry_msgs.msg.Vector3(x=0.080078125, y=0.8828125, z=0.392578125)",[0. 0. 0. 0. 0. 0. 0. 0. 0.],False
8277443841,"std_msgs.msg.Header(stamp=builtin_interfaces.msg.Time(sec=1731186796, nanosec=793493147), frame_id='RU_myo')","geometry_msgs.msg.Quaternion(x=0.7573293492499237, y=0.5056796952398145, z=-0.24237224741065821, w=-0.33465802884730267)",[0. 0. 0. 0. 0. 0. 0. 0. 0.],"geometry_msgs.msg.Vector3(x=58.75, y=8.6875, z=-7.625)",[0. 0. 0. 0. 0. 0. 0. 0. 0.],"geometry_msgs.msg.Vector3(x=0.064453125, y=0.990234375, z=0.359375)",[0. 0. 0. 0. 0. 0. 0. 0. 0.],False
8293310346,"std_msgs.msg.Header(stamp=builtin_interfaces.msg.Time(sec=1731186796, nanosec=809322680), frame_id='RU_myo')","geometry_msgs.msg.Quaternion(x=0.7531378689474011, y=0.5124682346772331, z=-0.24292801024480562, w=-0.33338512360731865)",[0. 0. 0. 0. 0. 0. 0. 0. 0.],"geometry_msgs.msg.Vector3(x=44.1875, y=8.4375, z=-10.625)",[0. 0. 0. 0. 0. 0. 0. 0. 0.],"geometry_msgs.msg.Vector3(x=0.02783203125, y=0.97509765625, z=0.3701171875)",[0. 0. 0. 0. 0. 0. 0. 0. 0.],False
8324089227,"std_msgs.msg.Header(stamp=builtin_interfaces.msg.Time(sec=1731186796, nanosec=840139756), frame_id='RU_myo')","geometry_msgs.msg.Quaternion(x=0.7502353620697348, y=0.5171448277592632, z=-0.24285604504356287, w=-0.3327597782300841)",[0. 0. 0. 0. 0. 0. 0. 0. 0.],"geometry_msgs.msg.Vector3(x=32.6875, y=6.0625, z=-7.625)",[0. 0. 0. 0. 0. 0. 0. 0. 0.],"geometry_msgs.msg.Vector3(x=-0.0087890625, y=0.91015625, z=0.3837890625)",[0. 0. 0. 0. 0. 0. 0. 0. 0.],False
8337600686,"std_msgs.msg.Header(stamp=builtin_interfaces.msg.Time(sec=1731186796, nanosec=853600577), frame_id='RU_myo')","geometry_msgs.msg.Quaternion(x=0.7473179748634462, y=0.5216089033961949, z=-0.24371452741177235, w=-0.3317276374863468)",[0. 0. 0. 0. 0. 0. 0. 0. 0.],"geometry_msgs.msg.Vector3(x=33.0625, y=3.5, z=-3.8125)",[0. 0. 0. 0. 0. 0. 0. 0. 0.],"geometry_msgs.msg.Vector3(x=0.00146484375, y=0.88720703125, z=0.34765625)",[0. 0. 0. 0. 0. 0. 0. 0. 0.],False
8353126828,"std_msgs.msg.Header(stamp=builtin_interfaces.msg.Time(sec=1731186796, nanosec=869279839), frame_id='RU_myo')","geometry_msgs.msg.Quaternion(x=0.7437881477921846, y=0.5266820882405022, z=-0.24359580648601745, w=-0.3317321995117777)",[0. 0. 0. 0. 0. 0. 0. 0. 0.],"geometry_msgs.msg.Vector3(x=30.9375, y=3.4375, z=-8.9375)",[0. 0. 0. 0. 0. 0. 0. 0. 0.],"geometry_msgs.msg.Vector3(x=-0.06494140625, y=0.9599609375, z=0.31884765625)",[0. 0. 0. 0. 0. 0. 0. 0. 0.],False
8376242174,"std_msgs.msg.Header(stamp=builtin_interfaces.msg.Time(sec=1731186796, nanosec=892329929), frame_id='RU_myo')","geometry_msgs.msg.Quaternion(x=0.7408225156136801, y=0.5304233056507275, z=-0.24207811624980266, w=-0.3335135721605955)",[0. 0. 0. 0. 0. 0. 0. 0. 0.],"geometry_msgs.msg.Vector3(x=20.3125, y=0.3125, z=-12.375)",[0. 0. 0. 0. 0. 0. 0. 0. 0.],"geometry_msgs.msg.Vector3(x=-0.15771484375, y=0.9755859375, z=0.33984375)",[0. 0. 0. 0. 0. 0. 0. 0. 0.],False
8397604614,"std_msgs.msg.Header(stamp=builtin_interfaces.msg.Time(sec=1731186796, nanosec=913576897), frame_id='RU_myo')","geometry_msgs.msg.Quaternion(x=0.7371942380890458, y=0.5339439638022001, z=-0.24188613723686775, w=-0.3360648679349467)",[0. 0. 0. 0. 0. 0. 0. 0. 0.],"geometry_msgs.msg.Vector3(x=21.625, y=-7.625, z=-16.75)",[0. 0. 0. 0. 0. 0. 0. 0. 0.],"geometry_msgs.msg.Vector3(x=-0.10107421875, y=0.98486328125, z=0.31884765625)",[0. 0. 0. 0. 0. 0. 0. 0. 0.],False
8413337424,"std_msgs.msg.Header(stamp=builtin_interfaces.msg.Time(sec=1731186796, nanosec=929402610), frame_id='RU_myo')","geometry_msgs.msg.Quaternion(x=0.7346371896258849, y=0.5353525083257424, z=-0.24048442398853329, w=-0.3404014295898604)",[0. 0. 0. 0. 0. 0. 0. 0. 0.],"geometry_msgs.msg.Vector3(x=3.8125, y=-8.4375, z=-28.5625)",[0. 0. 0. 0. 0. 0. 0. 0. 0.],"geometry_msgs.msg.Vector3(x=-0.02685546875, y=1.13818359375, z=0.35791015625)",[0. 0. 0. 0. 0. 0. 0. 0. 0.],False
8436368618,"std_msgs.msg.Header(stamp=builtin_interfaces.msg.Time(sec=1731186796, nanosec=952396292), frame_id='RU_myo')","geometry_msgs.msg.Quaternion(x=0.7348847324898959, y=0.5330355788068324, z=-0.23584672810140847, w=-0.3466898073540373)",[0. 0. 0. 0. 0. 0. 0. 0. 0.],"geometry_msgs.msg.Vector3(x=-24.625, y=-2.5625, z=-40.8125)",[0. 0. 0. 0. 0. 0. 0. 0. 0.],"geometry_msgs.msg.Vector3(x=0.0283203125, y=1.21484375, z=0.462890625)",[0. 0. 0. 0. 0. 0. 0. 0. 0.],False
8457603388,"std_msgs.msg.Header(stamp=builtin_interfaces.msg.Time(sec=1731186796, nanosec=973540666), frame_id='RU_myo')","geometry_msgs.msg.Quaternion(x=0.7382946870159991, y=0.5268650577316554, z=-0.22815356647369414, w=-0.35394931299650945)",[0. 0. 0. 0. 0. 0. 0. 0. 0.],"geometry_msgs.msg.Vector3(x=-56.0625, y=5.0625, z=-45.9375)",[0. 0. 0. 0. 0. 0. 0. 0. 0.],"geometry_msgs.msg.Vector3(x=0.056640625, y=1.12060546875, z=0.484375)",[0. 0. 0. 0. 0. 0. 0. 0. 0.],False
8473248389,"std_msgs.msg.Header(stamp=builtin_interfaces.msg.Time(sec=1731186796, nanosec=989255752), frame_id='RU_myo')","geometry_msgs.msg.Quaternion(x=0.744889614779148, y=0.516796162597103, z=-0.21722895272033657, w=-0.36176341746935514)",[0. 0. 0. 0. 0. 0. 0. 0. 0.],"geometry_msgs.msg.Vector3(x=-85.5625, y=13.625, z=-45.6875)",[0. 0. 0. 0. 0. 0. 0. 0. 0.],"geometry_msgs.msg.Vector3(x=0.04150390625, y=0.947265625, z=0.52294921875)",[0. 0. 0. 0. 0. 0. 0. 0. 0.],False
8496580333,"std_msgs.msg.Header(stamp=builtin_interfaces.msg.Time(sec=1731186797, nanosec=12612480), frame_id='RU_myo')","geometry_msgs.msg.Quaternion(x=0.7516743458160637, y=0.5070368486150257, z=-0.2043528793984719, w=-0.36897047669168537)",[0. 0. 0. 0. 0. 0. 0. 0. 0.],"geometry_msgs.msg.Vector3(x=-87.6875, y=24.375, z=-47.5)",[0. 0. 0. 0. 0. 0. 0. 0. 0.],"geometry_msgs.msg.Vector3(x=0.00732421875, y=0.88037109375, z=0.54248046875)",[0. 0. 0. 0. 0. 0. 0. 0. 0.],False
8525028864,"std_msgs.msg.Header(stamp=builtin_interfaces.msg.Time(sec=1731186797, nanosec=41008814), frame_id='RU_myo')","geometry_msgs.msg.Quaternion(x=0.757706766110595, y=0.4992783427408302, z=-0.1908610486247648, w=-0.374397720583405)",[0. 0. 0. 0. 0. 0. 0. 0. 0.],"geometry_msgs.msg.Vector3(x=-76.6875, y=36.125, z=-46.1875)",[0. 0. 0. 0. 0. 0. 0. 0. 0.],"geometry_msgs.msg.Vector3(x=0.00732421875, y=0.80224609375, z=0.5263671875)",[0. 0. 0. 0. 0. 0. 0. 0. 0.],False
8533253462,"std_msgs.msg.Header(stamp=builtin_interfaces.msg.Time(sec=1731186797, nanosec=49351622), frame_id='RU_myo')","geometry_msgs.msg.Quaternion(x=0.7626471148803533, y=0.49469826859585947, z=-0.1777373668292588, w=-0.3768984341245444)",[0. 0. 0. 0. 0. 0. 0. 0. 0.],"geometry_msgs.msg.Vector3(x=-55.8125, y=47.25, z=-35.0)",[0. 0. 0. 0. 0. 0. 0. 0. 0.],"geometry_msgs.msg.Vector3(x=-0.05029296875, y=0.7236328125, z=0.5078125)",[0. 0. 0. 0. 0. 0. 0. 0. 0.],False
8556491346,"std_msgs.msg.Header(stamp=builtin_interfaces.msg.Time(sec=1731186797, nanosec=72550460), frame_id='RU_myo')","geometry_msgs.msg.Quaternion(x=0.7657457124641687, y=0.494139748773307, z=-0.1662594708076196, w=-0.37658624628598125)",[0. 0. 0. 0. 0. 0. 0. 0. 0.],"geometry_msgs.msg.Vector3(x=-25.625, y=54.9375, z=-25.0625)",[0. 0. 0. 0. 0. 0. 0. 0. 0.],"geometry_msgs.msg.Vector3(x=-0.07470703125, y=0.69970703125, z=0.52783203125)",[0. 0. 0. 0. 0. 0. 0. 0. 0.],False
8577593788,"std_msgs.msg.Header(stamp=builtin_interfaces.msg.Time(sec=1731186797, nanosec=93586282), frame_id='RU_myo')","geometry_msgs.msg.Quaternion(x=0.7668863160949234, y=0.49752390659739903, z=-0.15576996805748525, w=-0.37428739973687286)",[0. 0. 0. 0. 0. 0. 0. 0. 0.],"geometry_msgs.msg.Vector3(x=0.9375, y=61.875, z=-19.625)",[0. 0. 0. 0. 0. 0. 0. 0. 0.],"geometry_msgs.msg.Vector3(x=-0.11767578125, y=0.66748046875, z=0.50439453125)",[0. 0. 0. 0. 0. 0. 0. 0. 0.],False
8607690137,"std_msgs.msg.Header(stamp=builtin_interfaces.msg.Time(sec=1731186797, nanosec=123679827), frame_id='RU_myo')","geometry_msgs.msg.Quaternion(x=0.7664382124481226, y=0.5040413122876958, z=-0.14685437119934563, w=-0.37006569101480985)",[0. 0. 0. 0. 0. 0. 0. 0. 0.],"geometry_msgs.msg.Vector3(x=17.5625, y=64.5625, z=-11.6875)",[0. 0. 0. 0. 0. 0. 0. 0. 0.],"geometry_msgs.msg.Vector3(x=-0.15185546875, y=0.71923828125, z=0.41748046875)",[0. 0. 0. 0. 0. 0. 0. 0. 0.],False
8616205513,"std_msgs.msg.Header(stamp=builtin_interfaces.msg.Time(sec=1731186797, nanosec=132426919), frame_id='RU_myo')","geometry_msgs.msg.Quaternion(x=0.7647107061743842, y=0.5126961395055333, z=-0.13995383903407, w=-0.3643804705771469)",[0. 0. 0. 0. 0. 0. 0. 0. 0.],"geometry_msgs.msg.Vector3(x=34.0625, y=62.625, z=-4.5)",[0. 0. 0. 0. 0. 0. 0. 0. 0.],"geometry_msgs.msg.Vector3(x=-0.166015625, y=0.7724609375, z=0.3896484375)",[0. 0. 0. 0. 0. 0. 0. 0. 0.],False
8644994998,"std_msgs.msg.Header(stamp=builtin_interfaces.msg.Time(sec=1731186797, nanosec=161054018), frame_id='RU_myo')","geometry_msgs.msg.Quaternion(x=0.7627151893214581, y=0.5217421125415992, z=-0.13476913716563538, w=-0.3576143001147906)",[0. 0. 0. 0. 0. 0. 0. 0. 0.],"geometry_msgs.msg.Vector3(x=43.9375, y=60.25, z=3.9375)",[0. 0. 0. 0. 0. 0. 0. 0. 0.],"geometry_msgs.msg.Vector3(x=-0.15380859375, y=0.734375, z=0.40576171875)",[0. 0. 0. 0. 0. 0. 0. 0. 0.],False
8661473145,"std_msgs.msg.Header(stamp=builtin_interfaces.msg.Time(sec=1731186797, nanosec=177502772), frame_id='RU_myo')","geometry_msgs.msg.Quaternion(x=0.7595991372865741, y=0.5318719873294662, z=-0.1306791283994018, w=-0.3507767169132938)",[0. 0. 0. 0. 0. 0. 0. 0. 0.],"geometry_msgs.msg.Vector3(x=51.9375, y=56.125, z=5.0625)",[0. 0. 0. 0. 0. 0. 0. 0. 0.],"geometry_msgs.msg.Vector3(x=-0.16015625, y=0.70166015625, z=0.3330078125)",[0. 0. 0. 0. 0. 0. 0. 0. 0.],False
8691572234,"std_msgs.msg.Header(stamp=builtin_interfaces.msg.Time(sec=1731186797, nanosec=207588121), frame_id='RU_myo')","geometry_msgs.msg.Quaternion(x=0.7561372606025707, y=0.5421384524275131, z=-0.12830162429662606, w=-0.34333807643602354)",[0. 0. 0. 0. 0. 0. 0. 0. 0.],"geometry_msgs.msg.Vector3(x=52.8125, y=49.75, z=11.6875)",[0. 0. 0. 0. 0. 0. 0. 0. 0.],"geometry_msgs.msg.Vector3(x=-0.16943359375, y=0.75830078125, z=0.2685546875)",[0. 0. 0. 0. 0. 0. 0. 0. 0.],False
8705031356,"std_msgs.msg.Header(stamp=builtin_interfaces.msg.Time(sec=1731186797, nanosec=221125002), frame_id='RU_myo')","geometry_msgs.msg.Quaternion(x=0.7535712004202372, y=0.5506819512547692, z=-0.1272025256500708, w=-0.3357072413989393)",[0. 0. 0. 0. 0. 0. 0. 0. 0.],"geometry_msgs.msg.Vector3(x=45.3125, y=42.4375, z=19.5)",[0. 0. 0. 0. 0. 0. 0. 0. 0.],"geometry_msgs.msg.Vector3(x=-0.17626953125, y=0.81787109375, z=0.275390625)",[0. 0. 0. 0. 0. 0. 0. 0. 0.],False
8721492216,"std_msgs.msg.Header(stamp=builtin_interfaces.msg.Time(sec=1731186797, nanosec=237511698), frame_id='RU_myo')","geometry_msgs.msg.Quaternion(x=0.7524170208429959, y=0.5569118924451606, z=-0.12665411845941563, w=-0.328140983536298)",[0. 0. 0. 0. 0. 0. 0. 0. 0.],"geometry_msgs.msg.Vector3(x=33.25, y=37.375, z=23.0)",[0. 0. 0. 0. 0. 0. 0. 0. 0.],"geometry_msgs.msg.Vector3(x=-0.1455078125, y=0.83984375, z=0.28857421875)",[0. 0. 0. 0. 0. 0. 0. 0. 0.],False
8743698824,"std_msgs.msg.Header(stamp=builtin_interfaces.msg.Time(sec=1731186797, nanosec=259869040), frame_id='RU_myo')","geometry_msgs.msg.Quaternion(x=0.7525331967850764, y=0.5611191238579939, z=-0.12616482421565034, w=-0.32081389263544174)",[0. 0. 0. 0. 0. 0. 0. 0. 0.],"geometry_msgs.msg.Vector3(x=19.6875, y=33.6875, z=25.75)",[0. 0. 0. 0. 0. 0. 0. 0. 0.],"geometry_msgs.msg.Vector3(x=-0.1259765625, y=0.830078125, z=0.26611328125)",[0. 0. 0. 0. 0. 0. 0. 0. 0.],False
8764737840,"std_msgs.msg.Header(stamp=builtin_interfaces.msg.Time(sec=1731186797, nanosec=281016047), frame_id='RU_myo')","geometry_msgs.msg.Quaternion(x=0.7533245251805538, y=0.5641693879633656, z=-0.12579823743292184, w=-0.3136715876602549)",[0. 0. 0. 0. 0. 0. 0. 0. 0.],"geometry_msgs.msg.Vector3(x=7.875, y=29.0, z=29.25)",[0. 0. 0. 0. 0. 0. 0. 0. 0.],"geometry_msgs.msg.Vector3(x=-0.169921875, y=0.90966796875, z=0.21337890625)",[0. 0. 0. 0. 0. 0. 0. 0. 0.],False
8780815004,"std_msgs.msg.Header(stamp=builtin_interfaces.msg.Time(sec=1731186797, nanosec=296911389), frame_id='RU_myo')","geometry_msgs.msg.Quaternion(x=0.7550609880256679, y=0.565349625795775, z=-0.1251313682661778, w=-0.30757900716744874)",[0. 0. 0. 0. 0. 0. 0. 0. 0.],"geometry_msgs.msg.Vector3(x=-3.125, y=23.875, z=29.25)",[0. 0. 0. 0. 0. 0. 0. 0. 0.],"geometry_msgs.msg.Vector3(x=-0.2041015625, y=0.9365234375, z=0.244140625)",[0. 0. 0. 0. 0. 0. 0. 0. 0.],False
8803757609,"std_msgs.msg.Header(stamp=builtin_interfaces.msg.Time(sec=1731186797, nanosec=319986360), frame_id='RU_myo')","geometry_msgs.msg.Quaternion(x=0.7569180335828884, y=0.56544542078154, z=-0.1251255518784712, w=-0.3028038355459003)",[0. 0. 0. 0. 0. 0. 0. 0. 0.],"geometry_msgs.msg.Vector3(x=-5.125, y=16.875, z=22.8125)",[0. 0. 0. 0. 0. 0. 0. 0. 0.],"geometry_msgs.msg.Vector3(x=-0.13818359375, y=0.91748046875, z=0.28125)",[0. 0. 0. 0. 0. 0. 0. 0. 0.],False
8825110442,"std_msgs.msg.Header(stamp=builtin_interfaces.msg.Time(sec=1731186797, nanosec=341164176), frame_id='RU_myo')","geometry_msgs.msg.Quaternion(x=0.758691472978201, y=0.5653258586262349, z=-0.12634685028679615, w=-0.29804428500020563)",[0. 0. 0. 0. 0. 0. 0. 0. 0.],"geometry_msgs.msg.Vector3(x=-3.25, y=12.0, z=24.1875)",[0. 0. 0. 0. 0. 0. 0. 0. 0.],"geometry_msgs.msg.Vector3(x=-0.0869140625, y=0.9052734375, z=0.28173828125)",[0. 0. 0. 0. 0. 0. 0. 0. 0.],False
8840866001,"std_msgs.msg.Header(stamp=builtin_interfaces.msg.Time(sec=1731186797, nanosec=356905150), frame_id='RU_myo')","geometry_msgs.msg.Quaternion(x=0.7608289061766151, y=0.56471632891665, z=-0.1280560806384708, w=-0.29297864016428016)",[0. 0. 0. 0. 0. 0. 0. 0. 0.],"geometry_msgs.msg.Vector3(x=-5.0, y=10.1875, z=28.25)",[0. 0. 0. 0. 0. 0. 0. 0. 0.],"geometry_msgs.msg.Vector3(x=-0.0810546875, y=0.9208984375, z=0.294921875)",[0. 0. 0. 0. 0. 0. 0. 0. 0.],False
8863705433,"std_msgs.msg.Header(stamp=builtin_interfaces.msg.Time(sec=1731186797, nanosec=379912646), frame_id='RU_myo')","geometry_msgs.msg.Quaternion(x=0.7624820810442319, y=0.5645980827456889, z=-0.12939977680225517, w=-0.2882807291684204)",[0. 0. 0. 0. 0. 0. 0. 0. 0.],"geometry_msgs.msg.Vector3(x=1.375, y=10.75, z=27.5)",[0. 0. 0. 0. 0. 0. 0. 0. 0.],"geometry_msgs.msg.Vector3(x=-0.1201171875, y=0.8984375, z=0.33544921875)",[0. 0. 0. 0. 0. 0. 0. 0. 0.],False
8884920334,"std_msgs.msg.Header(stamp=builtin_interfaces.msg.Time(sec=1731186797, nanosec=400970648), frame_id='RU_myo')","geometry_msgs.msg.Quaternion(x=0.762716281874248, y=0.566055601640667, z=-0.13122919382439446, w=-0.28394335333538745)",[0. 0. 0. 0. 0. 0. 0. 0. 0.],"geometry_msgs.msg.Vector3(x=10.125, y=8.5, z=24.0625)",[0. 0. 0. 0. 0. 0. 0. 0. 0.],"geometry_msgs.msg.Vector3(x=-0.1220703125, y=0.94677734375, z=0.3056640625)",[0. 0. 0. 0. 0. 0. 0. 0. 0.],False
8900668752,"std_msgs.msg.Header(stamp=builtin_interfaces.msg.Time(sec=1731186797, nanosec=416782980), frame_id='RU_myo')","geometry_msgs.msg.Quaternion(x=0.7630292507148998, y=0.5672210884644079, z=-0.132756469106864, w=-0.2800398529941573)",[0. 0. 0. 0. 0. 0. 0. 0. 0.],"geometry_msgs.msg.Vector3(x=5.125, y=7.8125, z=20.625)",[0. 0. 0. 0. 0. 0. 0. 0. 0.],"geometry_msgs.msg.Vector3(x=-0.10888671875, y=0.98291015625, z=0.267578125)",[0. 0. 0. 0. 0. 0. 0. 0. 0.],False
8924094427,"std_msgs.msg.Header(stamp=builtin_interfaces.msg.Time(sec=1731186797, nanosec=440162343), frame_id='RU_myo')","geometry_msgs.msg.Quaternion(x=0.7638501572537091, y=0.5673792298705936, z=-0.13391028725646326, w=-0.2769147553703618)",[0. 0. 0. 0. 0. 0. 0. 0. 0.],"geometry_msgs.msg.Vector3(x=-1.75, y=6.25, z=16.5625)",[0. 0. 0. 0. 0. 0. 0. 0. 0.],"geometry_msgs.msg.Vector3(x=-0.08251953125, y=0.98046875, z=0.2763671875)",[0. 0. 0. 0. 0. 0. 0. 0. 0.],False
8944967646,"std_msgs.msg.Header(stamp=builtin_interfaces.msg.Time(sec=1731186797, nanosec=461067820), frame_id='RU_myo')","geometry_msgs.msg.Quaternion(x=0.7649081294557177, y=0.5669060570048441, z=-0.13537872894452457, w=-0.2742365325282908)",[0. 0. 0. 0. 0. 0. 0. 0. 0.],"geometry_msgs.msg.Vector3(x=-1.625, y=2.8125, z=16.4375)",[0. 0. 0. 0. 0. 0. 0. 0. 0.],"geometry_msgs.msg.Vector3(x=-0.0751953125, y=0.94091796875, z=0.3095703125)",[0. 0. 0. 0. 0. 0. 0. 0. 0.],False
8960898178,"std_msgs.msg.Header(stamp=builtin_interfaces.msg.Time(sec=1731186797, nanosec=476930795), frame_id='RU_myo')","geometry_msgs.msg.Quaternion(x=0.7656312819936002, y=0.5665940043643647, z=-0.13726919269799162, w=-0.2719138521429758)",[0. 0. 0. 0. 0. 0. 0. 0. 0.],"geometry_msgs.msg.Vector3(x=0.1875, y=0.0625, z=15.8125)",[0. 0. 0. 0. 0. 0. 0. 0. 0.],"geometry_msgs.msg.Vector3(x=-0.07275390625, y=0.98583984375, z=0.326171875)",[0. 0. 0. 0. 0. 0. 0. 0. 0.],False
8983948343,"std_msgs.msg.Header(stamp=builtin_interfaces.msg.Time(sec=1731186797, nanosec=499948680), frame_id='RU_myo')","geometry_msgs.msg.Quaternion(x=0.766627978711052, y=0.5659374696344646, z=-0.13837146717658877, w=-0.26990676129460767)",[0. 0. 0. 0. 0. 0. 0. 0. 0.],"geometry_msgs.msg.Vector3(x=-8.625, y=1.75, z=11.4375)",[0. 0. 0. 0. 0. 0. 0. 0. 0.],"geometry_msgs.msg.Vector3(x=-0.05517578125, y=1.02490234375, z=0.2578125)",[0. 0. 0. 0. 0. 0. 0. 0. 0.],False
9012581039,"std_msgs.msg.Header(stamp=builtin_interfaces.msg.Time(sec=1731186797, nanosec=528569529), frame_id='RU_myo')","geometry_msgs.msg.Quaternion(x=0.7679839613000926, y=0.5646043269770988, z=-0.13819072392174614, w=-0.26893477455795645)",[0. 0. 0. 0. 0. 0. 0. 0. 0.],"geometry_msgs.msg.Vector3(x=-12.0, y=5.0, z=0.0)",[0. 0. 0. 0. 0. 0. 0. 0. 0.],"geometry_msgs.msg.Vector3(x=-0.00390625, y=1.0771484375, z=0.341796875)",[0. 0. 0. 0. 0. 0. 0. 0. 0.],False
9021564165,"std_msgs.msg.Header(stamp=builtin_interfaces.msg.Time(sec=1731186797, nanosec=537665950), frame_id='RU_myo')","geometry_msgs.msg.Quaternion(x=0.7684426723888007, y=0.564643618925242, z=-0.13751400642509676, w=-0.26788680612505533)",[0. 0. 0. 0. 0. 0. 0. 0. 0.],"geometry_msgs.msg.Vector3(x=6.6875, y=9.375, z=-2.75)",[0. 0. 0. 0. 0. 0. 0. 0. 0.],"geometry_msgs.msg.Vector3(x=0.0009765625, y=0.87060546875, z=0.42138671875)",[0. 0. 0. 0. 0. 0. 0. 0. 0.],False
9043746654,"std_msgs.msg.Header(stamp=builtin_interfaces.msg.Time(sec=1731186797, nanosec=559942642), frame_id='RU_myo')","geometry_msgs.msg.Quaternion(x=0.7682817751100596, y=0.5656365464324241, z=-0.13751798199117854, w=-0.26624653237706203)",[0. 0. 0. 0. 0. 0. 0. 0. 0.],"geometry_msgs.msg.Vector3(x=8.25, y=8.25, z=2.25)",[0. 0. 0. 0. 0. 0. 0. 0. 0.],"geometry_msgs.msg.Vector3(x=-0.0126953125, y=0.78955078125, z=0.30419921875)",[0. 0. 0. 0. 0. 0. 0. 0. 0.],False
9066306719,"std_msgs.msg.Header(stamp=builtin_interfaces.msg.Time(sec=1731186797, nanosec=582389640), frame_id='RU_myo')","geometry_msgs.msg.Quaternion(x=0.7662601308100498, y=0.5690491635767161, z=-0.13837117385266712, w=-0.264351810302559)",[0. 0. 0. 0. 0. 0. 0. 0. 0.],"geometry_msgs.msg.Vector3(x=13.875, y=6.875, z=0.0625)",[0. 0. 0. 0. 0. 0. 0. 0. 0.],"geometry_msgs.msg.Vector3(x=-0.025390625, y=1.05712890625, z=0.19091796875)",[0. 0. 0. 0. 0. 0. 0. 0. 0.],False
9081609421,"std_msgs.msg.Header(stamp=builtin_interfaces.msg.Time(sec=1731186797, nanosec=597592023), frame_id='RU_myo')","geometry_msgs.msg.Quaternion(x=0.7651131512918927, y=0.571072887394252, z=-0.13788517022484129, w=-0.26356271139037835)",[0. 0. 0. 0. 0. 0. 0. 0. 0.],"geometry_msgs.msg.Vector3(x=8.3125, y=6.4375, z=-1.3125)",[0. 0. 0. 0. 0. 0. 0. 0. 0.],"geometry_msgs.msg.Vector3(x=-0.1005859375, y=1.04052734375, z=0.28173828125)",[0. 0. 0. 0. 0. 0. 0. 0. 0.],False
9103802717,"std_msgs.msg.Header(stamp=builtin_interfaces.msg.Time(sec=1731186797, nanosec=620002728), frame_id='RU_myo')","geometry_msgs.msg.Quaternion(x=0.7656784321899407, y=0.5707340788687234, z=-0.1376939452387809, w=-0.2627537385873013)",[0. 0. 0. 0. 0. 0. 0. 0. 0.],"geometry_msgs.msg.Vector3(x=-5.5, y=3.8125, z=2.0)",[0. 0. 0. 0. 0. 0. 0. 0. 0.],"geometry_msgs.msg.Vector3(x=-0.0546875, y=0.8974609375, z=0.25634765625)",[0. 0. 0. 0. 0. 0. 0. 0. 0.],False
9126394491,"std_msgs.msg.Header(stamp=builtin_interfaces.msg.Time(sec=1731186797, nanosec=642620052), frame_id='RU_myo')","geometry_msgs.msg.Quaternion(x=0.7663217789008829, y=0.5700262121191036, z=-0.13818817263493421, w=-0.26215468262678554)",[0. 0. 0. 0. 0. 0. 0. 0. 0.],"geometry_msgs.msg.Vector3(x=-7.3125, y=0.0625, z=1.625)",[0. 0. 0. 0. 0. 0. 0. 0. 0.],"geometry_msgs.msg.Vector3(x=-0.0244140625, y=0.9501953125, z=0.263671875)",[0. 0. 0. 0. 0. 0. 0. 0. 0.],False
9147711499,"std_msgs.msg.Header(stamp=builtin_interfaces.msg.Time(sec=1731186797, nanosec=663737497), frame_id='RU_myo')","geometry_msgs.msg.Quaternion(x=0.767158065095505, y=0.5693412706827011, z=-0.13800178098344631, w=-0.2612939515215098)",[0. 0. 0. 0. 0. 0. 0. 0. 0.],"geometry_msgs.msg.Vector3(x=-2.1875, y=4.5625, z=2.3125)",[0. 0. 0. 0. 0. 0. 0. 0. 0.],"geometry_msgs.msg.Vector3(x=-0.04443359375, y=0.90869140625, z=0.3486328125)",[0. 0. 0. 0. 0. 0. 0. 0. 0.],False
9164110491,"std_msgs.msg.Header(stamp=builtin_interfaces.msg.Time(sec=1731186797, nanosec=680195695), frame_id='RU_myo')","geometry_msgs.msg.Quaternion(x=0.7673499055193203, y=0.5696529325653688, z=-0.13806438802773643, w=-0.2600151604766389)",[0. 0. 0. 0. 0. 0. 0. 0. 0.],"geometry_msgs.msg.Vector3(x=4.625, y=5.625, z=3.25)",[0. 0. 0. 0. 0. 0. 0. 0. 0.],"geometry_msgs.msg.Vector3(x=-0.0361328125, y=0.85791015625, z=0.32568359375)",[0. 0. 0. 0. 0. 0. 0. 0. 0.],False
9186250461,"std_msgs.msg.Header(stamp=builtin_interfaces.msg.Time(sec=1731186797, nanosec=702447348), frame_id='RU_myo')","geometry_msgs.msg.Quaternion(x=0.7668468800975272, y=0.5710457983279581, z=-0.1385500173369458, w=-0.2581791071961589)",[0. 0. 0. 0. 0. 0. 0. 0. 0.],"geometry_msgs.msg.Vector3(x=9.1875, y=5.875, z=6.3125)",[0. 0. 0. 0. 0. 0. 0. 0. 0.],"geometry_msgs.msg.Vector3(x=-0.05419921875, y=0.888671875, z=0.27880859375)",[0. 0. 0. 0. 0. 0. 0. 0. 0.],False
9200792286,"std_msgs.msg.Header(stamp=builtin_interfaces.msg.Time(sec=1731186797, nanosec=716973610), frame_id='RU_myo')","geometry_msgs.msg.Quaternion(x=0.7662678315496815, y=0.5724119582820546, z=-0.139043979629614, w=-0.25660267355702254)",[0. 0. 0. 0. 0. 0. 0. 0. 0.],"geometry_msgs.msg.Vector3(x=3.0, y=3.1875, z=8.9375)",[0. 0. 0. 0. 0. 0. 0. 0. 0.],"geometry_msgs.msg.Vector3(x=-0.11376953125, y=0.91748046875, z=0.19482421875)",[0. 0. 0. 0. 0. 0. 0. 0. 0.],False
9223502082,"std_msgs.msg.Header(stamp=builtin_interfaces.msg.Time(sec=1731186797, nanosec=739756995), frame_id='RU_myo')","geometry_msgs.msg.Quaternion(x=0.7655211970378983, y=0.5731948302808885, z=-0.14038420931168602, w=-0.2563537735256875)",[0. 0. 0. 0. 0. 0. 0. 0. 0.],"geometry_msgs.msg.Vector3(x=-6.875, y=-6.0, z=4.4375)",[0. 0. 0. 0. 0. 0. 0. 0. 0.],"geometry_msgs.msg.Vector3(x=-0.099609375, y=1.03662109375, z=0.10693359375)",[0. 0. 0. 0. 0. 0. 0. 0. 0.],False
9246474131,"std_msgs.msg.Header(stamp=builtin_interfaces.msg.Time(sec=1731186797, nanosec=762500017), frame_id='RU_myo')","geometry_msgs.msg.Quaternion(x=0.7662459061061989, y=0.5704424277894324, z=-0.1420307649760335, w=-0.2594029871715266)",[0. 0. 0. 0. 0. 0. 0. 0. 0.],"geometry_msgs.msg.Vector3(x=-33.5, y=-22.375, z=-4.4375)",[0. 0. 0. 0. 0. 0. 0. 0. 0.],"geometry_msgs.msg.Vector3(x=-0.09423828125, y=1.0517578125, z=0.05859375)",[0. 0. 0. 0. 0. 0. 0. 0. 0.],False
9267793696,"std_msgs.msg.Header(stamp=builtin_interfaces.msg.Time(sec=1731186797, nanosec=783797508), frame_id='RU_myo')","geometry_msgs.msg.Quaternion(x=0.7697758924619298, y=0.5617679443561372, z=-0.14495859059602625, w=-0.26617448993232445)",[0. 0. 0. 0. 0. 0. 0. 0. 0.],"geometry_msgs.msg.Vector3(x=-72.5625, y=-47.5625, z=-6.0)",[0. 0. 0. 0. 0. 0. 0. 0. 0.],"geometry_msgs.msg.Vector3(x=-0.111328125, y=1.037109375, z=0.03173828125)",[0. 0. 0. 0. 0. 0. 0. 0. 0.],False
9283898319,"std_msgs.msg.Header(stamp=builtin_interfaces.msg.Time(sec=1731186797, nanosec=799900222), frame_id='RU_myo')","geometry_msgs.msg.Quaternion(x=0.7772532223902151, y=0.5448219147993608, z=-0.1492980510418145, w=-0.2770498175301701)",[0. 0. 0. 0. 0. 0. 0. 0. 0.],"geometry_msgs.msg.Vector3(x=-109.1875, y=-74.375, z=-8.625)",[0. 0. 0. 0. 0. 0. 0. 0. 0.],"geometry_msgs.msg.Vector3(x=-0.0849609375, y=0.97265625, z=-0.125)",[0. 0. 0. 0. 0. 0. 0. 0. 0.],False
9306624709,"std_msgs.msg.Header(stamp=builtin_interfaces.msg.Time(sec=1731186797, nanosec=822715987), frame_id='RU_myo')","geometry_msgs.msg.Quaternion(x=0.7865097560170783, y=0.5214304551958637, z=-0.15515348438579954, w=-0.29230135197623686)",[0. 0. 0. 0. 0. 0. 0. 0. 0.],"geometry_msgs.msg.Vector3(x=-147.25, y=-103.625, z=-15.4375)",[0. 0. 0. 0. 0. 0. 0. 0. 0.],"geometry_msgs.msg.Vector3(x=-0.03759765625, y=0.9677734375, z=-0.21240234375)",[0. 0. 0. 0. 0. 0. 0. 0. 0.],False
9327888055,"std_msgs.msg.Header(stamp=builtin_interfaces.msg.Time(sec=1731186797, nanosec=843870860), frame_id='RU_myo')","geometry_msgs.msg.Quaternion(x=0.7971730975298491, y=0.4913286452121036, z=-0.16180276254127784, w=-0.3113375676058311)",[0. 0. 0. 0. 0. 0. 0. 0. 0.],"geometry_msgs.msg.Vector3(x=-181.5, y=-127.4375, z=-22.875)",[0. 0. 0. 0. 0. 0. 0. 0. 0.],"geometry_msgs.msg.Vector3(x=0.04052734375, y=0.79638671875, z=-0.1142578125)",[0. 0. 0. 0. 0. 0. 0. 0. 0.],False
9344067325,"std_msgs.msg.Header(stamp=builtin_interfaces.msg.Time(sec=1731186797, nanosec=860112799), frame_id='RU_myo')","geometry_msgs.msg.Quaternion(x=0.8067250972131598, y=0.45826526669262346, z=-0.1699878486599569, w=-0.33210193341429994)",[0. 0. 0. 0. 0. 0. 0. 0. 0.],"geometry_msgs.msg.Vector3(x=-186.25, y=-144.875, z=-26.6875)",[0. 0. 0. 0. 0. 0. 0. 0. 0.],"geometry_msgs.msg.Vector3(x=0.13525390625, y=0.55908203125, z=0.09423828125)",[0. 0. 0. 0. 0. 0. 0. 0. 0.],False
9366379377,"std_msgs.msg.Header(stamp=builtin_interfaces.msg.Time(sec=1731186797, nanosec=882529231), frame_id='RU_myo')","geometry_msgs.msg.Quaternion(x=0.8137136083528483, y=0.4255333991476192, z=-0.18066248730306264, w=-0.35235288486506106)",[0. 0. 0. 0. 0. 0. 0. 0. 0.],"geometry_msgs.msg.Vector3(x=-169.4375, y=-156.0, z=-23.5)",[0. 0. 0. 0. 0. 0. 0. 0. 0.],"geometry_msgs.msg.Vector3(x=0.216796875, y=0.38134765625, z=0.24658203125)",[0. 0. 0. 0. 0. 0. 0. 0. 0.],False
9387625157,"std_msgs.msg.Header(stamp=builtin_interfaces.msg.Time(sec=1731186797, nanosec=903749711), frame_id='RU_myo')","geometry_msgs.msg.Quaternion(x=0.8171426535591293, y=0.3963642360481764, z=-0.1949472389802703, w=-0.3703631327903194)",[0. 0. 0. 0. 0. 0. 0. 0. 0.],"geometry_msgs.msg.Vector3(x=-133.1875, y=-163.5, z=-15.75)",[0. 0. 0. 0. 0. 0. 0. 0. 0.],"geometry_msgs.msg.Vector3(x=0.2744140625, y=0.34375, z=0.3359375)",[0. 0. 0. 0. 0. 0. 0. 0. 0.],False
9403927508,"std_msgs.msg.Header(stamp=builtin_interfaces.msg.Time(sec=1731186797, nanosec=919974997), frame_id='RU_myo')","geometry_msgs.msg.Quaternion(x=0.8171007192219512, y=0.37104319654517376, z=-0.21350700798075634, w=-0.38611930602809164)",[0. 0. 0. 0. 0. 0. 0. 0. 0.],"geometry_msgs.msg.Vector3(x=-94.8125, y=-173.9375, z=-6.8125)",[0. 0. 0. 0. 0. 0. 0. 0. 0.],"geometry_msgs.msg.Vector3(x=0.2890625, y=0.34228515625, z=0.4111328125)",[0. 0. 0. 0. 0. 0. 0. 0. 0.],False
9434123593,"std_msgs.msg.Header(stamp=builtin_interfaces.msg.Time(sec=1731186797, nanosec=950177127), frame_id='RU_myo')","geometry_msgs.msg.Quaternion(x=0.8144476121429248, y=0.3481421747349553, z=-0.23724204649277195, w=-0.39898411575077186)",[0. 0. 0. 0. 0. 0. 0. 0. 0.],"geometry_msgs.msg.Vector3(x=-62.875, y=-190.0, z=8.75)",[0. 0. 0. 0. 0. 0. 0. 0. 0.],"geometry_msgs.msg.Vector3(x=0.30419921875, y=0.341796875, z=0.455078125)",[0. 0. 0. 0. 0. 0. 0. 0. 0.],False
9447573123,"std_msgs.msg.Header(stamp=builtin_interfaces.msg.Time(sec=1731186797, nanosec=963592070), frame_id='RU_myo')","geometry_msgs.msg.Quaternion(x=0.8090459940252545, y=0.3268533608453593, z=-0.2659383927550384, w=-0.40974166411856155)",[0. 0. 0. 0. 0. 0. 0. 0. 0.],"geometry_msgs.msg.Vector3(x=-35.6875, y=-208.625, z=20.1875)",[0. 0. 0. 0. 0. 0. 0. 0. 0.],"geometry_msgs.msg.Vector3(x=0.376953125, y=0.40869140625, z=0.48681640625)",[0. 0. 0. 0. 0. 0. 0. 0. 0.],False
9463965690,"std_msgs.msg.Header(stamp=builtin_interfaces.msg.Time(sec=1731186797, nanosec=980151050), frame_id='RU_myo')","geometry_msgs.msg.Quaternion(x=0.801401965636437, y=0.30597319525784145, z=-0.2978554144939689, w=-0.4188286586593473)",[0. 0. 0. 0. 0. 0. 0. 0. 0.],"geometry_msgs.msg.Vector3(x=-20.625, y=-222.625, z=27.375)",[0. 0. 0. 0. 0. 0. 0. 0. 0.],"geometry_msgs.msg.Vector3(x=0.478515625, y=0.49365234375, z=0.48388671875)",[0. 0. 0. 0. 0. 0. 0. 0. 0.],False
9486581223,"std_msgs.msg.Header(stamp=builtin_interfaces.msg.Time(sec=1731186798, nanosec=2573394), frame_id='RU_myo')","geometry_msgs.msg.Quaternion(x=0.7919821533775303, y=0.2835047088809054, z=-0.3326984215521669, w=-0.4262641306403107)",[0. 0. 0. 0. 0. 0. 0. 0. 0.],"geometry_msgs.msg.Vector3(x=-14.1875, y=-239.5, z=37.6875)",[0. 0. 0. 0. 0. 0. 0. 0. 0.],"geometry_msgs.msg.Vector3(x=0.61328125, y=0.5615234375, z=0.56787109375)",[0. 0. 0. 0. 0. 0. 0. 0. 0.],False
9508978779,"std_msgs.msg.Header(stamp=builtin_interfaces.msg.Time(sec=1731186798, nanosec=25012157), frame_id='RU_myo')","geometry_msgs.msg.Quaternion(x=0.7820426136210018, y=0.25659152014849695, z=-0.37005575324936657, w=-0.4308467033130923)",[0. 0. 0. 0. 0. 0. 0. 0. 0.],"geometry_msgs.msg.Vector3(x=-23.6875, y=-258.0, z=61.9375)",[0. 0. 0. 0. 0. 0. 0. 0. 0.],"geometry_msgs.msg.Vector3(x=0.6884765625, y=0.630859375, z=0.5029296875)",[0. 0. 0. 0. 0. 0. 0. 0. 0.],False
9523987664,"std_msgs.msg.Header(stamp=builtin_interfaces.msg.Time(sec=1731186798, nanosec=40022950), frame_id='RU_myo')","geometry_msgs.msg.Quaternion(x=0.7724321238517308, y=0.22429583242376033, z=-0.4058076162681857, w=-0.4340048066300299)",[0. 0. 0. 0. 0. 0. 0. 0. 0.],"geometry_msgs.msg.Vector3(x=-49.9375, y=-261.1875, z=79.0625)",[0. 0. 0. 0. 0. 0. 0. 0. 0.],"geometry_msgs.msg.Vector3(x=0.8095703125, y=0.7314453125, z=0.52099609375)",[0. 0. 0. 0. 0. 0. 0. 0. 0.],False
9553981788,"std_msgs.msg.Header(stamp=builtin_interfaces.msg.Time(sec=1731186798, nanosec=70033410), frame_id='RU_myo')","geometry_msgs.msg.Quaternion(x=0.7608707643535266, y=0.18634192552312825, z=-0.43909066892020465, w=-0.43994516841490616)",[0. 0. 0. 0. 0. 0. 0. 0. 0.],"geometry_msgs.msg.Vector3(x=-84.1875, y=-273.375, z=72.1875)",[0. 0. 0. 0. 0. 0. 0. 0. 0.],"geometry_msgs.msg.Vector3(x=0.8125, y=0.6279296875, z=0.51171875)",[0. 0. 0. 0. 0. 0. 0. 0. 0.],False
9567466043,"std_msgs.msg.Header(stamp=builtin_interfaces.msg.Time(sec=1731186798, nanosec=83706527), frame_id='RU_myo')","geometry_msgs.msg.Quaternion(x=0.7462954508487559, y=0.14386344791449396, z=-0.47303424749144174, w=-0.44562877947548596)",[0. 0. 0. 0. 0. 0. 0. 0. 0.],"geometry_msgs.msg.Vector3(x=-97.4375, y=-296.125, z=77.5625)",[0. 0. 0. 0. 0. 0. 0. 0. 0.],"geometry_msgs.msg.Vector3(x=0.75830078125, y=0.421875, z=0.431640625)",[0. 0. 0. 0. 0. 0. 0. 0. 0.],False
9583985020,"std_msgs.msg.Header(stamp=builtin_interfaces.msg.Time(sec=1731186798, nanosec=99999811), frame_id='RU_myo')","geometry_msgs.msg.Quaternion(x=0.7274132932848452, y=0.10101266994348201, z=-0.5101902767719433, w=-0.4476295597374605)",[0. 0. 0. 0. 0. 0. 0. 0. 0.],"geometry_msgs.msg.Vector3(x=-76.3125, y=-319.3125, z=84.25)",[0. 0. 0. 0. 0. 0. 0. 0. 0.],"geometry_msgs.msg.Vector3(x=0.998046875, y=0.42041015625, z=0.47900390625)",[0. 0. 0. 0. 0. 0. 0. 0. 0.],False
9589541741,"std_msgs.msg.Header(stamp=builtin_interfaces.msg.Time(sec=1731186798, nanosec=105514927), frame_id='RU_myo')","geometry_msgs.msg.Quaternion(x=0.701823229741883, y=0.06548885342317075, z=-0.5502162289001719, w=-0.447680093065198)",[0. 0. 0. 0. 0. 0. 0. 0. 0.],"geometry_msgs.msg.Vector3(x=-29.5625, y=-331.875, z=57.5625)",[0. 0. 0. 0. 0. 0. 0. 0. 0.],"geometry_msgs.msg.Vector3(x=1.15185546875, y=0.6376953125, z=0.513671875)",[0. 0. 0. 0. 0. 0. 0. 0. 0.],False
9612075184,"std_msgs.msg.Header(stamp=builtin_interfaces.msg.Time(sec=1731186798, nanosec=128028580), frame_id='RU_myo')","geometry_msgs.msg.Quaternion(x=0.6778057704058669, y=0.03723201440320385, z=-0.5831998321682178, w=-0.44617381194659045)",[0. 0. 0. 0. 0. 0. 0. 0. 0.],"geometry_msgs.msg.Vector3(x=-12.0, y=-282.375, z=41.8125)",[0. 0. 0. 0. 0. 0. 0. 0. 0.],"geometry_msgs.msg.Vector3(x=1.109375, y=0.50048828125, z=0.59765625)",[0. 0. 0. 0. 0. 0. 0. 0. 0.],False
9634539867,"std_msgs.msg.Header(stamp=builtin_interfaces.msg.Time(sec=1731186798, nanosec=150460400), frame_id='RU_myo')","geometry_msgs.msg.Quaternion(x=0.6554354825320555, y=0.013000070563304576, z=-0.6151535737443512, w=-0.43797420827358513)",[0. 0. 0. 0. 0. 0. 0. 0. 0.],"geometry_msgs.msg.Vector3(x=24.25, y=-262.8125, z=56.8125)",[0. 0. 0. 0. 0. 0. 0. 0. 0.],"geometry_msgs.msg.Vector3(x=1.1376953125, y=0.37353515625, z=0.59326171875)",[0. 0. 0. 0. 0. 0. 0. 0. 0.],False
9658252852,"std_msgs.msg.Header(stamp=builtin_interfaces.msg.Time(sec=1731186798, nanosec=174317923), frame_id='RU_myo')","geometry_msgs.msg.Quaternion(x=0.6316545662658453, y=-0.009521510516713872, z=-0.644471984269114, w=-0.4307873155574776)",[0. 0. 0. 0. 0. 0. 0. 0. 0.],"geometry_msgs.msg.Vector3(x=21.375, y=-257.5, z=47.5625)",[0. 0. 0. 0. 0. 0. 0. 0. 0.],"geometry_msgs.msg.Vector3(x=1.060546875, y=0.583984375, z=0.7490234375)",[0. 0. 0. 0. 0. 0. 0. 0. 0.],False
9671924602,"std_msgs.msg.Header(stamp=builtin_interfaces.msg.Time(sec=1731186798, nanosec=187894640), frame_id='RU_myo')","geometry_msgs.msg.Quaternion(x=0.6113943599881958, y=-0.03283719333868916, z=-0.6670588959080554, w=-0.42444208638893016)",[0. 0. 0. 0. 0. 0. 0. 0. 0.],"geometry_msgs.msg.Vector3(x=-3.3125, y=-219.3125, z=57.8125)",[0. 0. 0. 0. 0. 0. 0. 0. 0.],"geometry_msgs.msg.Vector3(x=1.0341796875, y=0.63671875, z=0.4521484375)",[0. 0. 0. 0. 0. 0. 0. 0. 0.],False
9694619297,"std_msgs.msg.Header(stamp=builtin_interfaces.msg.Time(sec=1731186798, nanosec=210523788), frame_id='RU_myo')","geometry_msgs.msg.Quaternion(x=0.5920488343647742, y=-0.060181458833367764, z=-0.6852507488054969, w=-0.4198663847005445)",[0. 0. 0. 0. 0. 0. 0. 0. 0.],"geometry_msgs.msg.Vector3(x=-34.9375, y=-209.875, z=68.5)",[0. 0. 0. 0. 0. 0. 0. 0. 0.],"geometry_msgs.msg.Vector3(x=1.1328125, y=0.55322265625, z=0.384765625)",[0. 0. 0. 0. 0. 0. 0. 0. 0.],False
9709436803,"std_msgs.msg.Header(stamp=builtin_interfaces.msg.Time(sec=1731186798, nanosec=225482073), frame_id='RU_myo')","geometry_msgs.msg.Quaternion(x=0.5727495909419512, y=-0.08819513628635119, z=-0.6975045103670736, w=-0.4215056132827275)",[0. 0. 0. 0. 0. 0. 0. 0. 0.],"geometry_msgs.msg.Vector3(x=-74.0, y=-192.3125, z=49.8125)",[0. 0. 0. 0. 0. 0. 0. 0. 0.],"geometry_msgs.msg.Vector3(x=1.31689453125, y=0.46826171875, z=0.53515625)",[0. 0. 0. 0. 0. 0. 0. 0. 0.],False
9731943895,"std_msgs.msg.Header(stamp=builtin_interfaces.msg.Time(sec=1731186798, nanosec=247944304), frame_id='RU_myo')","geometry_msgs.msg.Quaternion(x=0.5542383004012158, y=-0.11230023926200165, z=-0.7043178049366843, w=-0.4291211860060509)",[0. 0. 0. 0. 0. 0. 0. 0. 0.],"geometry_msgs.msg.Vector3(x=-97.9375, y=-158.9375, z=22.25)",[0. 0. 0. 0. 0. 0. 0. 0. 0.],"geometry_msgs.msg.Vector3(x=1.16455078125, y=0.55322265625, z=0.51806640625)",[0. 0. 0. 0. 0. 0. 0. 0. 0.],False
9763354784,"std_msgs.msg.Header(stamp=builtin_interfaces.msg.Time(sec=1731186798, nanosec=279352948), frame_id='RU_myo')","geometry_msgs.msg.Quaternion(x=0.5400924470760509, y=-0.13097958994521472, z=-0.7087301949878068, w=-0.43456415676138344)",[0. 0. 0. 0. 0. 0. 0. 0. 0.],"geometry_msgs.msg.Vector3(x=-75.5, y=-121.625, z=18.9375)",[0. 0. 0. 0. 0. 0. 0. 0. 0.],"geometry_msgs.msg.Vector3(x=1.08154296875, y=0.47314453125, z=0.46923828125)",[0. 0. 0. 0. 0. 0. 0. 0. 0.],False
9769347843,"std_msgs.msg.Header(stamp=builtin_interfaces.msg.Time(sec=1731186798, nanosec=285479271), frame_id='RU_myo')","geometry_msgs.msg.Quaternion(x=0.5366306885406932, y=-0.14496108795315588, z=-0.7060673117650977, w=-0.43872854745569867)",[0. 0. 0. 0. 0. 0. 0. 0. 0.],"geometry_msgs.msg.Vector3(x=-52.9375, y=-69.625, z=22.1875)",[0. 0. 0. 0. 0. 0. 0. 0. 0.],"geometry_msgs.msg.Vector3(x=1.1123046875, y=0.33447265625, z=0.46533203125)",[0. 0. 0. 0. 0. 0. 0. 0. 0.],False
9791856274,"std_msgs.msg.Header(stamp=builtin_interfaces.msg.Time(sec=1731186798, nanosec=307893757), frame_id='RU_myo')","geometry_msgs.msg.Quaternion(x=0.5377127536909305, y=-0.15514935526473841, z=-0.7015900231188702, w=-0.4410953542479404)",[0. 0. 0. 0. 0. 0. 0. 0. 0.],"geometry_msgs.msg.Vector3(x=-39.25, y=-29.9375, z=25.4375)",[0. 0. 0. 0. 0. 0. 0. 0. 0.],"geometry_msgs.msg.Vector3(x=1.126953125, y=0.330078125, z=0.345703125)",[0. 0. 0. 0. 0. 0. 0. 0. 0.],False
9814202011,"std_msgs.msg.Header(stamp=builtin_interfaces.msg.Time(sec=1731186798, nanosec=330247753), frame_id='RU_myo')","geometry_msgs.msg.Quaternion(x=0.5403885629173188, y=-0.15508553629691746, z=-0.7003567607269295, w=-0.43980573575583914)",[0. 0. 0. 0. 0. 0. 0. 0. 0.],"geometry_msgs.msg.Vector3(x=11.625, y=-0.3125, z=9.25)",[0. 0. 0. 0. 0. 0. 0. 0. 0.],"geometry_msgs.msg.Vector3(x=0.97802734375, y=0.45556640625, z=0.185546875)",[0. 0. 0. 0. 0. 0. 0. 0. 0.],False
9829815115,"std_msgs.msg.Header(stamp=builtin_interfaces.msg.Time(sec=1731186798, nanosec=345628710), frame_id='RU_myo')","geometry_msgs.msg.Quaternion(x=0.5445515591802936, y=-0.14922983212237367, z=-0.7011055548424157, w=-0.435482557134207)",[0. 0. 0. 0. 0. 0. 0. 0. 0.],"geometry_msgs.msg.Vector3(x=45.875, y=15.75, z=4.125)",[0. 0. 0. 0. 0. 0. 0. 0. 0.],"geometry_msgs.msg.Vector3(x=0.94775390625, y=0.5458984375, z=0.12060546875)",[0. 0. 0. 0. 0. 0. 0. 0. 0.],False
9860511929,"std_msgs.msg.Header(stamp=builtin_interfaces.msg.Time(sec=1731186798, nanosec=376681963), frame_id='RU_myo')","geometry_msgs.msg.Quaternion(x=0.550871029581733, y=-0.14336317842759702, z=-0.699971176409583, w=-0.431310166857313)",[0. 0. 0. 0. 0. 0. 0. 0. 0.],"geometry_msgs.msg.Vector3(x=41.75, y=31.0, z=0.0)",[0. 0. 0. 0. 0. 0. 0. 0. 0.],"geometry_msgs.msg.Vector3(x=1.09130859375, y=0.44775390625, z=0.115234375)",[0. 0. 0. 0. 0. 0. 0. 0. 0.],False
9874359545,"std_msgs.msg.Header(stamp=builtin_interfaces.msg.Time(sec=1731186798, nanosec=390304830), frame_id='RU_myo')","geometry_msgs.msg.Quaternion(x=0.5583935238888721, y=-0.13524975942045475, z=-0.6996855785180925, w=-0.424669596591843)",[0. 0. 0. 0. 0. 0. 0. 0. 0.],"geometry_msgs.msg.Vector3(x=58.5625, y=43.9375, z=-5.5625)",[0. 0. 0. 0. 0. 0. 0. 0. 0.],"geometry_msgs.msg.Vector3(x=1.2080078125, y=0.39794921875, z=0.0107421875)",[0. 0. 0. 0. 0. 0. 0. 0. 0.],False
9889479967,"std_msgs.msg.Header(stamp=builtin_interfaces.msg.Time(sec=1731186798, nanosec=405406360), frame_id='RU_myo')","geometry_msgs.msg.Quaternion(x=0.5657103785730946, y=-0.12291948456642707, z=-0.7015077237370967, w=-0.41563142497386707)",[0. 0. 0. 0. 0. 0. 0. 0. 0.],"geometry_msgs.msg.Vector3(x=84.1875, y=49.25, z=-7.8125)",[0. 0. 0. 0. 0. 0. 0. 0. 0.],"geometry_msgs.msg.Vector3(x=1.01025390625, y=0.44140625, z=-0.05908203125)",[0. 0. 0. 0. 0. 0. 0. 0. 0.],False
9911966265,"std_msgs.msg.Header(stamp=builtin_interfaces.msg.Time(sec=1731186798, nanosec=428005153), frame_id='RU_myo')","geometry_msgs.msg.Quaternion(x=0.5712334825248445, y=-0.1114512596527798, z=-0.7033758577429542, w=-0.4080849518283054)",[0. 0. 0. 0. 0. 0. 0. 0. 0.],"geometry_msgs.msg.Vector3(x=72.5625, y=44.3125, z=-6.875)",[0. 0. 0. 0. 0. 0. 0. 0. 0.],"geometry_msgs.msg.Vector3(x=0.9130859375, y=0.501953125, z=-0.1162109375)",[0. 0. 0. 0. 0. 0. 0. 0. 0.],False
9934450359,"std_msgs.msg.Header(stamp=builtin_interfaces.msg.Time(sec=1731186798, nanosec=450367554), frame_id='RU_myo')","geometry_msgs.msg.Quaternion(x=0.5755663767456506, y=-0.10333339086218309, z=-0.7036192143291474, w=-0.4036899274438741)",[0. 0. 0. 0. 0. 0. 0. 0. 0.],"geometry_msgs.msg.Vector3(x=44.5625, y=39.1875, z=-7.1875)",[0. 0. 0. 0. 0. 0. 0. 0. 0.],"geometry_msgs.msg.Vector3(x=0.91455078125, y=0.47705078125, z=-0.11279296875)",[0. 0. 0. 0. 0. 0. 0. 0. 0.],False
9949573677,"std_msgs.msg.Header(stamp=builtin_interfaces.msg.Time(sec=1731186798, nanosec=465516994), frame_id='RU_myo')","geometry_msgs.msg.Quaternion(x=0.5801127187631567, y=-0.09893347891794603, z=-0.702238499956747, w=-0.40067753799896094)",[0. 0. 0. 0. 0. 0. 0. 0. 0.],"geometry_msgs.msg.Vector3(x=24.25, y=34.625, z=-0.1875)",[0. 0. 0. 0. 0. 0. 0. 0. 0.],"geometry_msgs.msg.Vector3(x=0.8740234375, y=0.37939453125, z=-0.06103515625)",[0. 0. 0. 0. 0. 0. 0. 0. 0.],False
9971980955,"std_msgs.msg.Header(stamp=builtin_interfaces.msg.Time(sec=1731186798, nanosec=487992353), frame_id='RU_myo')","geometry_msgs.msg.Quaternion(x=0.5847801423093898, y=-0.09783974200208244, z=-0.70013704335988, w=-0.3978287201307382)",[0. 0. 0. 0. 0. 0. 0. 0. 0.],"geometry_msgs.msg.Vector3(x=12.4375, y=27.625, z=10.125)",[0. 0. 0. 0. 0. 0. 0. 0. 0.],"geometry_msgs.msg.Vector3(x=0.83544921875, y=0.30224609375, z=-0.0146484375)",[0. 0. 0. 0. 0. 0. 0. 0. 0.],False
9971980956,"std_msgs.msg.Header(stamp=builtin_interfaces.msg.Time(sec=1731186803, nanosec=643535158), frame_id='RU_myo')","geometry_msgs.msg.Quaternion(x=0.5869529218819645, y=0.21990135983578227, z=-0.5956195866326393, w=-0.5023613912873505)",[0. 0. 0. 0. 0. 0. 0. 0. 0.],"geometry_msgs.msg.Vector3(x=-161.375, y=187.25, z=-144.75)",[0. 0. 0. 0. 0. 0. 0. 0. 0.],"geometry_msgs.msg.Vector3(x=0.70458984375, y=0.60546875, z=0.36669921875)",[0. 0. 0. 0. 0. 0. 0. 0. 0.],False
9986746672,"std_msgs.msg.Header(stamp=builtin_interfaces.msg.Time(sec=1731186803, nanosec=658403490), frame_id='RU_myo')","geometry_msgs.msg.Quaternion(x=0.6059010566616131, y=0.22992135392810484, z=-0.5502365292439249, w=-0.5265546908249961)",[0. 0. 0. 0. 0. 0. 0. 0. 0.],"geometry_msgs.msg.Vector3(x=-201.75, y=216.375, z=-124.375)",[0. 0. 0. 0. 0. 0. 0. 0. 0.],"geometry_msgs.msg.Vector3(x=0.740234375, y=0.6953125, z=0.4033203125)",[0. 0. 0. 0. 0. 0. 0. 0. 0.],False
10006409150,"std_msgs.msg.Header(stamp=builtin_interfaces.msg.Time(sec=1731186803, nanosec=677923333), frame_id='RU_myo')","geometry_msgs.msg.Quaternion(x=0.6300653957221938, y=0.23718242059250655, z=-0.49902302387141884, w=-0.5456538445952158)",[0. 0. 0. 0. 0. 0. 0. 0. 0.],"geometry_msgs.msg.Vector3(x=-222.0625, y=253.6875, z=-90.125)",[0. 0. 0. 0. 0. 0. 0. 0. 0.],"geometry_msgs.msg.Vector3(x=0.74658203125, y=0.76123046875, z=0.33984375)",[0. 0. 0. 0. 0. 0. 0. 0. 0.],False
10028787913,"std_msgs.msg.Header(stamp=builtin_interfaces.msg.Time(sec=1731186803, nanosec=700412146), frame_id='RU_myo')","geometry_msgs.msg.Quaternion(x=0.6524144413387686, y=0.24145865187914384, z=-0.4481877858312824, w=-0.5614096764368971)",[0. 0. 0. 0. 0. 0. 0. 0. 0.],"geometry_msgs.msg.Vector3(x=-220.1875, y=243.625, z=-74.8125)",[0. 0. 0. 0. 0. 0. 0. 0. 0.],"geometry_msgs.msg.Vector3(x=0.66015625, y=0.60009765625, z=0.302734375)",[0. 0. 0. 0. 0. 0. 0. 0. 0.],False
10046826394,"std_msgs.msg.Header(stamp=builtin_interfaces.msg.Time(sec=1731186803, nanosec=718425543), frame_id='RU_myo')","geometry_msgs.msg.Quaternion(x=0.6735648630999646, y=0.24358439367814047, z=-0.4002571921175759, w=-0.5716390456500786)",[0. 0. 0. 0. 0. 0. 0. 0. 0.],"geometry_msgs.msg.Vector3(x=-201.375, y=230.3125, z=-48.3125)",[0. 0. 0. 0. 0. 0. 0. 0. 0.],"geometry_msgs.msg.Vector3(x=0.59912109375, y=0.43212890625, z=0.36865234375)",[0. 0. 0. 0. 0. 0. 0. 0. 0.],False
10066449557,"std_msgs.msg.Header(stamp=builtin_interfaces.msg.Time(sec=1731186803, nanosec=737999436), frame_id='RU_myo')","geometry_msgs.msg.Quaternion(x=0.694159039617424, y=0.24743873618298048, z=-0.35711989279886996, w=-0.5739187065438001)",[0. 0. 0. 0. 0. 0. 0. 0. 0.],"geometry_msgs.msg.Vector3(x=-158.375, y=227.0625, z=-16.0)",[0. 0. 0. 0. 0. 0. 0. 0. 0.],"geometry_msgs.msg.Vector3(x=0.5166015625, y=0.3583984375, z=0.4697265625)",[0. 0. 0. 0. 0. 0. 0. 0. 0.],False
10088764945,"std_msgs.msg.Header(stamp=builtin_interfaces.msg.Time(sec=1731186803, nanosec=760392743), frame_id='RU_myo')","geometry_msgs.msg.Quaternion(x=0.7117510488990589, y=0.2561107453203371, z=-0.32410582880147526, w=-0.5681312720309099)",[0. 0. 0. 0. 0. 0. 0. 0. 0.],"geometry_msgs.msg.Vector3(x=-85.0625, y=207.8125, z=10.9375)",[0. 0. 0. 0. 0. 0. 0. 0. 0.],"geometry_msgs.msg.Vector3(x=0.47900390625, y=0.36669921875, z=0.53662109375)",[0. 0. 0. 0. 0. 0. 0. 0. 0.],False
10106810847,"std_msgs.msg.Header(stamp=builtin_interfaces.msg.Time(sec=1731186803, nanosec=778448022), frame_id='RU_myo')","geometry_msgs.msg.Quaternion(x=0.7271047170007245, y=0.2729465537167162, z=-0.29766555064320777, w=-0.5551703606009059)",[0. 0. 0. 0. 0. 0. 0. 0. 0.],"geometry_msgs.msg.Vector3(x=-14.5625, y=213.75, z=28.9375)",[0. 0. 0. 0. 0. 0. 0. 0. 0.],"geometry_msgs.msg.Vector3(x=0.39208984375, y=0.400390625, z=0.5)",[0. 0. 0. 0. 0. 0. 0. 0. 0.],False
10127650336,"std_msgs.msg.Header(stamp=builtin_interfaces.msg.Time(sec=1731186803, nanosec=799235202), frame_id='RU_myo')","geometry_msgs.msg.Quaternion(x=0.7399561849726876, y=0.2928573600180611, z=-0.27845253780791884, w=-0.537739337590479)",[0. 0. 0. 0. 0. 0. 0. 0. 0.],"geometry_msgs.msg.Vector3(x=32.25, y=196.0625, z=45.4375)",[0. 0. 0. 0. 0. 0. 0. 0. 0.],"geometry_msgs.msg.Vector3(x=0.35595703125, y=0.44970703125, z=0.4736328125)",[0. 0. 0. 0. 0. 0. 0. 0. 0.],False
10148779567,"std_msgs.msg.Header(stamp=builtin_interfaces.msg.Time(sec=1731186803, nanosec=820511695), frame_id='RU_myo')","geometry_msgs.msg.Quaternion(x=0.7502713739939372, y=0.3170281090566637, z=-0.2662450157306829, w=-0.5154606047330621)",[0. 0. 0. 0. 0. 0. 0. 0. 0.],"geometry_msgs.msg.Vector3(x=81.875, y=183.5, z=63.75)",[0. 0. 0. 0. 0. 0. 0. 0. 0.],"geometry_msgs.msg.Vector3(x=0.333984375, y=0.58251953125, z=0.4345703125)",[0. 0. 0. 0. 0. 0. 0. 0. 0.],False
10166617589,"std_msgs.msg.Header(stamp=builtin_interfaces.msg.Time(sec=1731186803, nanosec=838312661), frame_id='RU_myo')","geometry_msgs.msg.Quaternion(x=0.7572127562706004, y=0.34528071596185606, z=-0.2567784995671784, w=-0.49140092703003413)",[0. 0. 0. 0. 0. 0. 0. 0. 0.],"geometry_msgs.msg.Vector3(x=115.9375, y=181.625, z=60.25)",[0. 0. 0. 0. 0. 0. 0. 0. 0.],"geometry_msgs.msg.Vector3(x=0.30322265625, y=0.666015625, z=0.42578125)",[0. 0. 0. 0. 0. 0. 0. 0. 0.],False
10187560677,"std_msgs.msg.Header(stamp=builtin_interfaces.msg.Time(sec=1731186803, nanosec=859259242), frame_id='RU_myo')","geometry_msgs.msg.Quaternion(x=0.7601394222068562, y=0.3746985637488269, z=-0.24750002866940757, w=-0.4696091789352458)",[0. 0. 0. 0. 0. 0. 0. 0. 0.],"geometry_msgs.msg.Vector3(x=123.25, y=172.375, z=38.75)",[0. 0. 0. 0. 0. 0. 0. 0. 0.],"geometry_msgs.msg.Vector3(x=0.20068359375, y=0.80419921875, z=0.27587890625)",[0. 0. 0. 0. 0. 0. 0. 0. 0.],False
10208843248,"std_msgs.msg.Header(stamp=builtin_interfaces.msg.Time(sec=1731186803, nanosec=880405516), frame_id='RU_myo')","geometry_msgs.msg.Quaternion(x=0.7627727748337931, y=0.39759157039828186, z=-0.23590595940886697, w=-0.45215817523955665)",[0. 0. 0. 0. 0. 0. 0. 0. 0.],"geometry_msgs.msg.Vector3(x=83.8125, y=154.25, z=24.3125)",[0. 0. 0. 0. 0. 0. 0. 0. 0.],"geometry_msgs.msg.Vector3(x=0.1103515625, y=0.7822265625, z=0.275390625)",[0. 0. 0. 0. 0. 0. 0. 0. 0.],False
10226610449,"std_msgs.msg.Header(stamp=builtin_interfaces.msg.Time(sec=1731186803, nanosec=898203367), frame_id='RU_myo')","geometry_msgs.msg.Quaternion(x=0.7655260040024181, y=0.4138918699681388, z=-0.22766799513068248, w=-0.4368417804692478)",[0. 0. 0. 0. 0. 0. 0. 0. 0.],"geometry_msgs.msg.Vector3(x=59.5, y=117.25, z=32.6875)",[0. 0. 0. 0. 0. 0. 0. 0. 0.],"geometry_msgs.msg.Vector3(x=0.0361328125, y=0.84228515625, z=0.23193359375)",[0. 0. 0. 0. 0. 0. 0. 0. 0.],False
10247759163,"std_msgs.msg.Header(stamp=builtin_interfaces.msg.Time(sec=1731186803, nanosec=919389020), frame_id='RU_myo')","geometry_msgs.msg.Quaternion(x=0.7695517163826487, y=0.42408354421213856, z=-0.2222349142884854, w=-0.4225576247237529)",[0. 0. 0. 0. 0. 0. 0. 0. 0.],"geometry_msgs.msg.Vector3(x=12.25, y=87.375, z=47.5625)",[0. 0. 0. 0. 0. 0. 0. 0. 0.],"geometry_msgs.msg.Vector3(x=-0.02880859375, y=0.82421875, z=0.05859375)",[0. 0. 0. 0. 0. 0. 0. 0. 0.],False
10268886447,"std_msgs.msg.Header(stamp=builtin_interfaces.msg.Time(sec=1731186803, nanosec=940462953), frame_id='RU_myo')","geometry_msgs.msg.Quaternion(x=0.7771014592365305, y=0.42407327511588233, z=-0.21514943793659835, w=-0.412293461918219)",[0. 0. 0. 0. 0. 0. 0. 0. 0.],"geometry_msgs.msg.Vector3(x=-52.25, y=63.375, z=49.3125)",[0. 0. 0. 0. 0. 0. 0. 0. 0.],"geometry_msgs.msg.Vector3(x=-0.05810546875, y=0.7626953125, z=-0.01220703125)",[0. 0. 0. 0. 0. 0. 0. 0. 0.],False
10286626113,"std_msgs.msg.Header(stamp=builtin_interfaces.msg.Time(sec=1731186803, nanosec=958318610), frame_id='RU_myo')","geometry_msgs.msg.Quaternion(x=0.7851748152206451, y=0.41871107217145725, z=-0.2108814510717762, w=-0.40461161770037757)",[0. 0. 0. 0. 0. 0. 0. 0. 0.],"geometry_msgs.msg.Vector3(x=-58.6875, y=35.875, z=48.0)",[0. 0. 0. 0. 0. 0. 0. 0. 0.],"geometry_msgs.msg.Vector3(x=0.0234375, y=0.71533203125, z=0.22900390625)",[0. 0. 0. 0. 0. 0. 0. 0. 0.],False
10309825616,"std_msgs.msg.Header(stamp=builtin_interfaces.msg.Time(sec=1731186803, nanosec=981466521), frame_id='RU_myo')","geometry_msgs.msg.Quaternion(x=0.7879333140394573, y=0.4206095334298474, z=-0.2151572493600656, w=-0.3949127385417374)",[0. 0. 0. 0. 0. 0. 0. 0. 0.],"geometry_msgs.msg.Vector3(x=21.6875, y=18.0, z=48.4375)",[0. 0. 0. 0. 0. 0. 0. 0. 0.],"geometry_msgs.msg.Vector3(x=0.1650390625, y=0.685546875, z=0.42724609375)",[0. 0. 0. 0. 0. 0. 0. 0. 0.],False
10329396907,"std_msgs.msg.Header(stamp=builtin_interfaces.msg.Time(sec=1731186804, nanosec=1036258), frame_id='RU_myo')","geometry_msgs.msg.Quaternion(x=0.7877919901670313, y=0.4275573635329708, z=-0.22040109060921592, w=-0.38471007314037325)",[0. 0. 0. 0. 0. 0. 0. 0. 0.],"geometry_msgs.msg.Vector3(x=46.5, y=19.375, z=45.0625)",[0. 0. 0. 0. 0. 0. 0. 0. 0.],"geometry_msgs.msg.Vector3(x=0.09716796875, y=0.787109375, z=0.34033203125)",[0. 0. 0. 0. 0. 0. 0. 0. 0.],False
10345925599,"std_msgs.msg.Header(stamp=builtin_interfaces.msg.Time(sec=1731186804, nanosec=17640000), frame_id='RU_myo')","geometry_msgs.msg.Quaternion(x=0.7875396165232272, y=0.4334733284157142, z=-0.2227181322710421, w=-0.3771987003110551)",[0. 0. 0. 0. 0. 0. 0. 0. 0.],"geometry_msgs.msg.Vector3(x=26.25, y=19.875, z=33.1875)",[0. 0. 0. 0. 0. 0. 0. 0. 0.],"geometry_msgs.msg.Vector3(x=-0.00048828125, y=0.9765625, z=0.34033203125)",[0. 0. 0. 0. 0. 0. 0. 0. 0.],False
10366877365,"std_msgs.msg.Header(stamp=builtin_interfaces.msg.Time(sec=1731186804, nanosec=38597875), frame_id='RU_myo')","geometry_msgs.msg.Quaternion(x=0.7878097641445432, y=0.4375771441196428, z=-0.22406830744360565, w=-0.37104637454363354)",[0. 0. 0. 0. 0. 0. 0. 0. 0.],"geometry_msgs.msg.Vector3(x=26.4375, y=17.375, z=28.75)",[0. 0. 0. 0. 0. 0. 0. 0. 0.],"geometry_msgs.msg.Vector3(x=-0.00732421875, y=0.93603515625, z=0.52978515625)",[0. 0. 0. 0. 0. 0. 0. 0. 0.],False
10389577506,"std_msgs.msg.Header(stamp=builtin_interfaces.msg.Time(sec=1731186804, nanosec=61167144), frame_id='RU_myo')","geometry_msgs.msg.Quaternion(x=0.7873833339543763, y=0.44142296675643794, z=-0.2274256048305431, w=-0.36530924447418156)",[0. 0. 0. 0. 0. 0. 0. 0. 0.],"geometry_msgs.msg.Vector3(x=34.1875, y=8.3125, z=25.8125)",[0. 0. 0. 0. 0. 0. 0. 0. 0.],"geometry_msgs.msg.Vector3(x=0.08056640625, y=0.91162109375, z=0.5576171875)",[0. 0. 0. 0. 0. 0. 0. 0. 0.],False
10405956473,"std_msgs.msg.Header(stamp=builtin_interfaces.msg.Time(sec=1731186804, nanosec=77573387), frame_id='RU_myo')","geometry_msgs.msg.Quaternion(x=0.7885235955578729, y=0.4423276180051014, z=-0.22912900206860087, w=-0.3606615005922649)",[0. 0. 0. 0. 0. 0. 0. 0. 0.],"geometry_msgs.msg.Vector3(x=9.9375, y=10.375, z=21.5625)",[0. 0. 0. 0. 0. 0. 0. 0. 0.],"geometry_msgs.msg.Vector3(x=0.1259765625, y=0.9150390625, z=0.52099609375)",[0. 0. 0. 0. 0. 0. 0. 0. 0.],False
10427148190,"std_msgs.msg.Header(stamp=builtin_interfaces.msg.Time(sec=1731186804, nanosec=98748334), frame_id='RU_myo')","geometry_msgs.msg.Quaternion(x=0.790465322115579, y=0.4418939797789199, z=-0.22863740997953508, w=-0.35723832370801356)",[0. 0. 0. 0. 0. 0. 0. 0. 0.],"geometry_msgs.msg.Vector3(x=-4.75, y=14.875, z=14.6875)",[0. 0. 0. 0. 0. 0. 0. 0. 0.],"geometry_msgs.msg.Vector3(x=0.11767578125, y=0.96435546875, z=0.54345703125)",[0. 0. 0. 0. 0. 0. 0. 0. 0.],False
10442850381,"std_msgs.msg.Header(stamp=builtin_interfaces.msg.Time(sec=1731186804, nanosec=114465729), frame_id='RU_myo')","geometry_msgs.msg.Quaternion(x=0.7921307919738754, y=0.4412323543827358, z=-0.22717759344481153, w=-0.3552930605701902)",[0. 0. 0. 0. 0. 0. 0. 0. 0.],"geometry_msgs.msg.Vector3(x=-7.625, y=13.5, z=7.3125)",[0. 0. 0. 0. 0. 0. 0. 0. 0.],"geometry_msgs.msg.Vector3(x=0.0830078125, y=0.9287109375, z=0.548828125)",[0. 0. 0. 0. 0. 0. 0. 0. 0.],False
10466029908,"std_msgs.msg.Header(stamp=builtin_interfaces.msg.Time(sec=1731186804, nanosec=137548206), frame_id='RU_myo')","geometry_msgs.msg.Quaternion(x=0.7934167306538409, y=0.4401970506558582, z=-0.2258359799537819, w=-0.3545624885274376)",[0. 0. 0. 0. 0. 0. 0. 0. 0.],"geometry_msgs.msg.Vector3(x=-8.75, y=8.6875, z=2.375)",[0. 0. 0. 0. 0. 0. 0. 0. 0.],"geometry_msgs.msg.Vector3(x=0.0732421875, y=0.8720703125, z=0.53125)",[0. 0. 0. 0. 0. 0. 0. 0. 0.],False
10488369408,"std_msgs.msg.Header(stamp=builtin_interfaces.msg.Time(sec=1731186804, nanosec=160053318), frame_id='RU_myo')","geometry_msgs.msg.Quaternion(x=0.7931172628748042, y=0.440322297551088, z=-0.22577657036893187, w=-0.3551143785905503)",[0. 0. 0. 0. 0. 0. 0. 0. 0.],"geometry_msgs.msg.Vector3(x=-6.375, y=-1.0, z=-3.5)",[0. 0. 0. 0. 0. 0. 0. 0. 0.],"geometry_msgs.msg.Vector3(x=0.05078125, y=0.916015625, z=0.4287109375)",[0. 0. 0. 0. 0. 0. 0. 0. 0.],False
10502654940,"std_msgs.msg.Header(stamp=builtin_interfaces.msg.Time(sec=1731186804, nanosec=174229997), frame_id='RU_myo')","geometry_msgs.msg.Quaternion(x=0.7943540467918039, y=0.4374013446526869, z=-0.2251707452447337, w=-0.3563423179015331)",[0. 0. 0. 0. 0. 0. 0. 0. 0.],"geometry_msgs.msg.Vector3(x=-19.25, y=-5.125, z=-0.5)",[0. 0. 0. 0. 0. 0. 0. 0. 0.],"geometry_msgs.msg.Vector3(x=0.03466796875, y=0.77001953125, z=0.4677734375)",[0. 0. 0. 0. 0. 0. 0. 0. 0.],False
10526074138,"std_msgs.msg.Header(stamp=builtin_interfaces.msg.Time(sec=1731186804, nanosec=197732404), frame_id='RU_myo')","geometry_msgs.msg.Quaternion(x=0.7945966655104489, y=0.4371563464730247, z=-0.22700145944333688, w=-0.35493774849771553)",[0. 0. 0. 0. 0. 0. 0. 0. 0.],"geometry_msgs.msg.Vector3(x=12.375, y=-2.375, z=6.5)",[0. 0. 0. 0. 0. 0. 0. 0. 0.],"geometry_msgs.msg.Vector3(x=0.12548828125, y=0.6767578125, z=0.5498046875)",[0. 0. 0. 0. 0. 0. 0. 0. 0.],False
10548394061,"std_msgs.msg.Header(stamp=builtin_interfaces.msg.Time(sec=1731186804, nanosec=219883500), frame_id='RU_myo')","geometry_msgs.msg.Quaternion(x=0.7924933628846712, y=0.4417796488415935, z=-0.23108286135870032, w=-0.35126303938703657)",[0. 0. 0. 0. 0. 0. 0. 0. 0.],"geometry_msgs.msg.Vector3(x=46.5, y=0.4375, z=10.625)",[0. 0. 0. 0. 0. 0. 0. 0. 0.],"geometry_msgs.msg.Vector3(x=0.14453125, y=0.6884765625, z=0.5205078125)",[0. 0. 0. 0. 0. 0. 0. 0. 0.],False
10562447467,"std_msgs.msg.Header(stamp=builtin_interfaces.msg.Time(sec=1731186804, nanosec=234211989), frame_id='RU_myo')","geometry_msgs.msg.Quaternion(x=0.7896392417494069, y=0.448379830709681, z=-0.2359090723785621, w=-0.346081355856778)",[0. 0. 0. 0. 0. 0. 0. 0. 0.],"geometry_msgs.msg.Vector3(x=62.375, y=2.375, z=17.125)",[0. 0. 0. 0. 0. 0. 0. 0. 0.],"geometry_msgs.msg.Vector3(x=0.11767578125, y=0.72412109375, z=0.546875)",[0. 0. 0. 0. 0. 0. 0. 0. 0.],False
10586032750,"std_msgs.msg.Header(stamp=builtin_interfaces.msg.Time(sec=1731186804, nanosec=257622175), frame_id='RU_myo')","geometry_msgs.msg.Quaternion(x=0.7858366270292041, y=0.4570364786947324, z=-0.24194612734320503, w=-0.33917624360398346)",[0. 0. 0. 0. 0. 0. 0. 0. 0.],"geometry_msgs.msg.Vector3(x=79.3125, y=4.9375, z=21.75)",[0. 0. 0. 0. 0. 0. 0. 0. 0.],"geometry_msgs.msg.Vector3(x=0.15087890625, y=0.724609375, z=0.52685546875)",[0. 0. 0. 0. 0. 0. 0. 0. 0.],False
10608211099,"std_msgs.msg.Header(stamp=builtin_interfaces.msg.Time(sec=1731186804, nanosec=279835050), frame_id='RU_myo')","geometry_msgs.msg.Quaternion(x=0.7809943206586144, y=0.4674003210068513, z=-0.24914182689344044, w=-0.3309277279314635)",[0. 0. 0. 0. 0. 0. 0. 0. 0.],"geometry_msgs.msg.Vector3(x=82.25, y=5.75, z=26.375)",[0. 0. 0. 0. 0. 0. 0. 0. 0.],"geometry_msgs.msg.Vector3(x=0.17431640625, y=0.923828125, z=0.41357421875)",[0. 0. 0. 0. 0. 0. 0. 0. 0.],False
10636765060,"std_msgs.msg.Header(stamp=builtin_interfaces.msg.Time(sec=1731186804, nanosec=308475831), frame_id='RU_myo')","geometry_msgs.msg.Quaternion(x=0.7766898902211165, y=0.47584081604430833, z=-0.25488856436647406, w=-0.32459228575213334)",[0. 0. 0. 0. 0. 0. 0. 0. 0.],"geometry_msgs.msg.Vector3(x=60.5, y=5.375, z=15.8125)",[0. 0. 0. 0. 0. 0. 0. 0. 0.],"geometry_msgs.msg.Vector3(x=0.23876953125, y=1.22412109375, z=0.4287109375)",[0. 0. 0. 0. 0. 0. 0. 0. 0.],False
10645927649,"std_msgs.msg.Header(stamp=builtin_interfaces.msg.Time(sec=1731186804, nanosec=317508217), frame_id='RU_myo')","geometry_msgs.msg.Quaternion(x=0.7757293190467803, y=0.47853630193774155, z=-0.25593146862563143, w=-0.32209643690375794)",[0. 0. 0. 0. 0. 0. 0. 0. 0.],"geometry_msgs.msg.Vector3(x=10.875, y=9.1875, z=2.9375)",[0. 0. 0. 0. 0. 0. 0. 0. 0.],"geometry_msgs.msg.Vector3(x=0.20166015625, y=1.2294921875, z=0.41064453125)",[0. 0. 0. 0. 0. 0. 0. 0. 0.],False
10668200458,"std_msgs.msg.Header(stamp=builtin_interfaces.msg.Time(sec=1731186804, nanosec=339904090), frame_id='RU_myo')","geometry_msgs.msg.Quaternion(x=0.7783263231690899, y=0.47491821836407533, z=-0.25348096142732357, w=-0.3231226125201664)",[0. 0. 0. 0. 0. 0. 0. 0. 0.],"geometry_msgs.msg.Vector3(x=-31.375, y=6.3125, z=-3.625)",[0. 0. 0. 0. 0. 0. 0. 0. 0.],"geometry_msgs.msg.Vector3(x=0.13134765625, y=0.99365234375, z=0.43212890625)",[0. 0. 0. 0. 0. 0. 0. 0. 0.],False
10689289041,"std_msgs.msg.Header(stamp=builtin_interfaces.msg.Time(sec=1731186804, nanosec=360998077), frame_id='RU_myo')","geometry_msgs.msg.Quaternion(x=0.7810376414944963, y=0.47066124207284, z=-0.2516581897375592, w=-0.32423194370262304)",[0. 0. 0. 0. 0. 0. 0. 0. 0.],"geometry_msgs.msg.Vector3(x=-28.625, y=1.8125, z=-0.25)",[0. 0. 0. 0. 0. 0. 0. 0. 0.],"geometry_msgs.msg.Vector3(x=0.10888671875, y=0.828125, z=0.43798828125)",[0. 0. 0. 0. 0. 0. 0. 0. 0.],False
10705851629,"std_msgs.msg.Header(stamp=builtin_interfaces.msg.Time(sec=1731186804, nanosec=377452572), frame_id='RU_myo')","geometry_msgs.msg.Quaternion(x=0.7827994636671048, y=0.4685199752911265, z=-0.25049582837347356, w=-0.323984370615594)",[0. 0. 0. 0. 0. 0. 0. 0. 0.],"geometry_msgs.msg.Vector3(x=-11.3125, y=4.125, z=3.8125)",[0. 0. 0. 0. 0. 0. 0. 0. 0.],"geometry_msgs.msg.Vector3(x=0.076171875, y=0.71044921875, z=0.42041015625)",[0. 0. 0. 0. 0. 0. 0. 0. 0.],False
10728162718,"std_msgs.msg.Header(stamp=builtin_interfaces.msg.Time(sec=1731186804, nanosec=399906650), frame_id='RU_myo')","geometry_msgs.msg.Quaternion(x=0.7823710796136704, y=0.4703504087613468, z=-0.250373394334161, w=-0.32245798202520054)",[0. 0. 0. 0. 0. 0. 0. 0. 0.],"geometry_msgs.msg.Vector3(x=16.375, y=5.875, z=4.875)",[0. 0. 0. 0. 0. 0. 0. 0. 0.],"geometry_msgs.msg.Vector3(x=0.03955078125, y=0.71142578125, z=0.42578125)",[0. 0. 0. 0. 0. 0. 0. 0. 0.],False
10749213727,"std_msgs.msg.Header(stamp=builtin_interfaces.msg.Time(sec=1731186804, nanosec=421028130), frame_id='RU_myo')","geometry_msgs.msg.Quaternion(x=0.7795811827306468, y=0.47554940452978933, z=-0.2519050689891465, w=-0.3203900429183499)",[0. 0. 0. 0. 0. 0. 0. 0. 0.],"geometry_msgs.msg.Vector3(x=42.375, y=2.6875, z=3.0625)",[0. 0. 0. 0. 0. 0. 0. 0. 0.],"geometry_msgs.msg.Vector3(x=0.0361328125, y=0.76025390625, z=0.4453125)",[0. 0. 0. 0. 0. 0. 0. 0. 0.],False
10765811852,"std_msgs.msg.Header(stamp=builtin_interfaces.msg.Time(sec=1731186804, nanosec=437494252), frame_id='RU_myo')","geometry_msgs.msg.Quaternion(x=0.7759549570717824, y=0.48224810161442244, z=-0.2538501271502826, w=-0.3176330997090817)",[0. 0. 0. 0. 0. 0. 0. 0. 0.],"geometry_msgs.msg.Vector3(x=51.1875, y=4.6875, z=3.375)",[0. 0. 0. 0. 0. 0. 0. 0. 0.],"geometry_msgs.msg.Vector3(x=0.0439453125, y=0.78955078125, z=0.416015625)",[0. 0. 0. 0. 0. 0. 0. 0. 0.],False
10788357460,"std_msgs.msg.Header(stamp=builtin_interfaces.msg.Time(sec=1731186804, nanosec=460048863), frame_id='RU_myo')","geometry_msgs.msg.Quaternion(x=0.7720045295239235, y=0.48970527675288095, z=-0.2559309766203203, w=-0.3141609197864986)",[0. 0. 0. 0. 0. 0. 0. 0. 0.],"geometry_msgs.msg.Vector3(x=51.375, y=7.9375, z=3.5)",[0. 0. 0. 0. 0. 0. 0. 0. 0.],"geometry_msgs.msg.Vector3(x=0.0771484375, y=0.91015625, z=0.3623046875)",[0. 0. 0. 0. 0. 0. 0. 0. 0.],False
10809357361,"std_msgs.msg.Header(stamp=builtin_interfaces.msg.Time(sec=1731186804, nanosec=481162465), frame_id='RU_myo')","geometry_msgs.msg.Quaternion(x=0.768613948837698, y=0.49597053507941985, z=-0.2567743097562293, w=-0.3119499636710454)",[0. 0. 0. 0. 0. 0. 0. 0. 0.],"geometry_msgs.msg.Vector3(x=37.125, y=8.875, z=-2.6875)",[0. 0. 0. 0. 0. 0. 0. 0. 0.],"geometry_msgs.msg.Vector3(x=0.08837890625, y=1.02783203125, z=0.34423828125)",[0. 0. 0. 0. 0. 0. 0. 0. 0.],False
10825611516,"std_msgs.msg.Header(stamp=builtin_interfaces.msg.Time(sec=1731186804, nanosec=497311507), frame_id='RU_myo')","geometry_msgs.msg.Quaternion(x=0.7668602028331029, y=0.4999484178132717, z=-0.25525384974912735, w=-0.3111631100002514)",[0. 0. 0. 0. 0. 0. 0. 0. 0.],"geometry_msgs.msg.Vector3(x=18.3125, y=13.3125, z=-8.8125)",[0. 0. 0. 0. 0. 0. 0. 0. 0.],"geometry_msgs.msg.Vector3(x=0.07666015625, y=1.03125, z=0.37255859375)",[0. 0. 0. 0. 0. 0. 0. 0. 0.],False
10848208460,"std_msgs.msg.Header(stamp=builtin_interfaces.msg.Time(sec=1731186804, nanosec=519942188), frame_id='RU_myo')","geometry_msgs.msg.Quaternion(x=0.766435922466056, y=0.5023307829812567, z=-0.2522030127920477, w=-0.31085913459581294)",[0. 0. 0. 0. 0. 0. 0. 0. 0.],"geometry_msgs.msg.Vector3(x=10.6875, y=16.6875, z=-9.0)",[0. 0. 0. 0. 0. 0. 0. 0. 0.],"geometry_msgs.msg.Vector3(x=0.03369140625, y=0.970703125, z=0.44384765625)",[0. 0. 0. 0. 0. 0. 0. 0. 0.],False
10869517020,"std_msgs.msg.Header(stamp=builtin_interfaces.msg.Time(sec=1731186804, nanosec=541123905), frame_id='RU_myo')","geometry_msgs.msg.Quaternion(x=0.766563671488549, y=0.5042266494280518, z=-0.24890888226214689, w=-0.31012899234280733)",[0. 0. 0. 0. 0. 0. 0. 0. 0.],"geometry_msgs.msg.Vector3(x=13.8125, y=18.0625, z=-5.8125)",[0. 0. 0. 0. 0. 0. 0. 0. 0.],"geometry_msgs.msg.Vector3(x=0.0146484375, y=0.80224609375, z=0.48046875)",[0. 0. 0. 0. 0. 0. 0. 0. 0.],False
10885689434,"std_msgs.msg.Header(stamp=builtin_interfaces.msg.Time(sec=1731186804, nanosec=557380974), frame_id='RU_myo')","geometry_msgs.msg.Quaternion(x=0.7635145565117288, y=0.5102101029563947, z=-0.2483604389196758, w=-0.30829898672481754)",[0. 0. 0. 0. 0. 0. 0. 0. 0.],"geometry_msgs.msg.Vector3(x=36.0, y=11.9375, z=-2.375)",[0. 0. 0. 0. 0. 0. 0. 0. 0.],"geometry_msgs.msg.Vector3(x=-0.01904296875, y=0.873046875, z=0.326171875)",[0. 0. 0. 0. 0. 0. 0. 0. 0.],False
10908060347,"std_msgs.msg.Header(stamp=builtin_interfaces.msg.Time(sec=1731186804, nanosec=579802366), frame_id='RU_myo')","geometry_msgs.msg.Quaternion(x=0.7585551670205968, y=0.5177071875336902, z=-0.24805022519888198, w=-0.3082927380609136)",[0. 0. 0. 0. 0. 0. 0. 0. 0.],"geometry_msgs.msg.Vector3(x=41.875, y=5.0, z=-13.3125)",[0. 0. 0. 0. 0. 0. 0. 0. 0.],"geometry_msgs.msg.Vector3(x=-0.0400390625, y=1.10595703125, z=0.32421875)",[0. 0. 0. 0. 0. 0. 0. 0. 0.],False
10930050735,"std_msgs.msg.Header(stamp=builtin_interfaces.msg.Time(sec=1731186804, nanosec=601668198), frame_id='RU_myo')","geometry_msgs.msg.Quaternion(x=0.7534911287245054, y=0.5241783567019889, z=-0.2470742883010772, w=-0.31055187225194686)",[0. 0. 0. 0. 0. 0. 0. 0. 0.],"geometry_msgs.msg.Vector3(x=38.6875, y=-0.125, z=-25.6875)",[0. 0. 0. 0. 0. 0. 0. 0. 0.],"geometry_msgs.msg.Vector3(x=-0.03125, y=1.01416015625, z=0.36083984375)",[0. 0. 0. 0. 0. 0. 0. 0. 0.],False
10945892694,"std_msgs.msg.Header(stamp=builtin_interfaces.msg.Time(sec=1731186804, nanosec=617542346), frame_id='RU_myo')","geometry_msgs.msg.Quaternion(x=0.7490974142002569, y=0.5289398021233135, z=-0.24658629131989226, w=-0.31348197827202146)",[0. 0. 0. 0. 0. 0. 0. 0. 0.],"geometry_msgs.msg.Vector3(x=27.625, y=-4.25, z=-28.6875)",[0. 0. 0. 0. 0. 0. 0. 0. 0.],"geometry_msgs.msg.Vector3(x=0.0419921875, y=0.9814453125, z=0.31298828125)",[0. 0. 0. 0. 0. 0. 0. 0. 0.],False
10968095796,"std_msgs.msg.Header(stamp=builtin_interfaces.msg.Time(sec=1731186804, nanosec=639903378), frame_id='RU_myo')","geometry_msgs.msg.Quaternion(x=0.7462221723978266, y=0.531254522210918, z=-0.24493616700740048, w=-0.3176906925675354)",[0. 0. 0. 0. 0. 0. 0. 0. 0.],"geometry_msgs.msg.Vector3(x=8.625, y=-4.3125, z=-35.25)",[0. 0. 0. 0. 0. 0. 0. 0. 0.],"geometry_msgs.msg.Vector3(x=0.08740234375, y=1.1982421875, z=0.384765625)",[0. 0. 0. 0. 0. 0. 0. 0. 0.],False
10989370858,"std_msgs.msg.Header(stamp=builtin_interfaces.msg.Time(sec=1731186804, nanosec=661081327), frame_id='RU_myo')","geometry_msgs.msg.Quaternion(x=0.7459086160639326, y=0.5300888904766594, z=-0.23956233680148395, w=-0.3244009732738566)",[0. 0. 0. 0. 0. 0. 0. 0. 0.],"geometry_msgs.msg.Vector3(x=-23.375, y=2.1875, z=-50.4375)",[0. 0. 0. 0. 0. 0. 0. 0. 0.],"geometry_msgs.msg.Vector3(x=0.11328125, y=1.228515625, z=0.4150390625)",[0. 0. 0. 0. 0. 0. 0. 0. 0.],False
11005690947,"std_msgs.msg.Header(stamp=builtin_interfaces.msg.Time(sec=1731186804, nanosec=677385493), frame_id='RU_myo')","geometry_msgs.msg.Quaternion(x=0.7489218275742481, y=0.524672537068316, z=-0.2299867519396713, w=-0.3330779472756864)",[0. 0. 0. 0. 0. 0. 0. 0. 0.],"geometry_msgs.msg.Vector3(x=-55.75, y=10.5, z=-59.625)",[0. 0. 0. 0. 0. 0. 0. 0. 0.],"geometry_msgs.msg.Vector3(x=0.09130859375, y=0.9697265625, z=0.4501953125)",[0. 0. 0. 0. 0. 0. 0. 0. 0.],False
11028185678,"std_msgs.msg.Header(stamp=builtin_interfaces.msg.Time(sec=1731186804, nanosec=699988585), frame_id='RU_myo')","geometry_msgs.msg.Quaternion(x=0.7527630179830435, y=0.5188101559114465, z=-0.21960928717286876, w=-0.3405225717447012)",[0. 0. 0. 0. 0. 0. 0. 0. 0.],"geometry_msgs.msg.Vector3(x=-56.3125, y=19.0, z=-55.3125)",[0. 0. 0. 0. 0. 0. 0. 0. 0.],"geometry_msgs.msg.Vector3(x=0.0869140625, y=0.888671875, z=0.50439453125)",[0. 0. 0. 0. 0. 0. 0. 0. 0.],False
11049263855,"std_msgs.msg.Header(stamp=builtin_interfaces.msg.Time(sec=1731186804, nanosec=720964363), frame_id='RU_myo')","geometry_msgs.msg.Quaternion(x=0.7557376467516455, y=0.5158693741192786, z=-0.20922861032665488, w=-0.3449098240828258)",[0. 0. 0. 0. 0. 0. 0. 0. 0.],"geometry_msgs.msg.Vector3(x=-32.5, y=32.5625, z=-46.5)",[0. 0. 0. 0. 0. 0. 0. 0. 0.],"geometry_msgs.msg.Vector3(x=0.06005859375, y=0.78466796875, z=0.55126953125)",[0. 0. 0. 0. 0. 0. 0. 0. 0.],False
11065862947,"std_msgs.msg.Header(stamp=builtin_interfaces.msg.Time(sec=1731186804, nanosec=737554011), frame_id='RU_myo')","geometry_msgs.msg.Quaternion(x=0.7570476236396989, y=0.5164379540123755, z=-0.1985548592840394, w=-0.34748626311221525)",[0. 0. 0. 0. 0. 0. 0. 0. 0.],"geometry_msgs.msg.Vector3(x=-12.5625, y=43.75, z=-44.8125)",[0. 0. 0. 0. 0. 0. 0. 0. 0.],"geometry_msgs.msg.Vector3(x=0.00830078125, y=0.76953125, z=0.52392578125)",[0. 0. 0. 0. 0. 0. 0. 0. 0.],False
11088359222,"std_msgs.msg.Header(stamp=builtin_interfaces.msg.Time(sec=1731186804, nanosec=759979091), frame_id='RU_myo')","geometry_msgs.msg.Quaternion(x=0.7572126617699196, y=0.5196605354110185, z=-0.18841814338898452, w=-0.34796625703291245)",[0. 0. 0. 0. 0. 0. 0. 0. 0.],"geometry_msgs.msg.Vector3(x=-1.4375, y=50.5, z=-37.1875)",[0. 0. 0. 0. 0. 0. 0. 0. 0.],"geometry_msgs.msg.Vector3(x=-0.04052734375, y=0.8408203125, z=0.4462890625)",[0. 0. 0. 0. 0. 0. 0. 0. 0.],False
11109330199,"std_msgs.msg.Header(stamp=builtin_interfaces.msg.Time(sec=1731186804, nanosec=781027009), frame_id='RU_myo')","geometry_msgs.msg.Quaternion(x=0.7578446921245798, y=0.5227883205579112, z=-0.17804711396000317, w=-0.34736582980678027)",[0. 0. 0. 0. 0. 0. 0. 0. 0.],"geometry_msgs.msg.Vector3(x=-3.4375, y=54.1875, z=-31.0625)",[0. 0. 0. 0. 0. 0. 0. 0. 0.],"geometry_msgs.msg.Vector3(x=-0.08056640625, y=0.8779296875, z=0.45166015625)",[0. 0. 0. 0. 0. 0. 0. 0. 0.],False
11125726777,"std_msgs.msg.Header(stamp=builtin_interfaces.msg.Time(sec=1731186804, nanosec=797422889), frame_id='RU_myo')","geometry_msgs.msg.Quaternion(x=0.7597213744274603, y=0.524425648676849, z=-0.16730105947663446, w=-0.3461380183480459)",[0. 0. 0. 0. 0. 0. 0. 0. 0.],"geometry_msgs.msg.Vector3(x=-13.5, y=56.0625, z=-25.375)",[0. 0. 0. 0. 0. 0. 0. 0. 0.],"geometry_msgs.msg.Vector3(x=-0.0927734375, y=0.8095703125, z=0.4267578125)",[0. 0. 0. 0. 0. 0. 0. 0. 0.],False
11148329851,"std_msgs.msg.Header(stamp=builtin_interfaces.msg.Time(sec=1731186804, nanosec=819993013), frame_id='RU_myo')","geometry_msgs.msg.Quaternion(x=0.7622763597973409, y=0.5254573770113946, z=-0.15637377162309132, w=-0.3440589190629843)",[0. 0. 0. 0. 0. 0. 0. 0. 0.],"geometry_msgs.msg.Vector3(x=-17.75, y=58.3125, z=-17.75)",[0. 0. 0. 0. 0. 0. 0. 0. 0.],"geometry_msgs.msg.Vector3(x=-0.1259765625, y=0.72607421875, z=0.40185546875)",[0. 0. 0. 0. 0. 0. 0. 0. 0.],False
11169482259,"std_msgs.msg.Header(stamp=builtin_interfaces.msg.Time(sec=1731186804, nanosec=841136740), frame_id='RU_myo')","geometry_msgs.msg.Quaternion(x=0.7641190302301966, y=0.5277847475357863, z=-0.14728166945806087, w=-0.34040193558541465)",[0. 0. 0. 0. 0. 0. 0. 0. 0.],"geometry_msgs.msg.Vector3(x=-6.5625, y=57.5, z=-10.3125)",[0. 0. 0. 0. 0. 0. 0. 0. 0.],"geometry_msgs.msg.Vector3(x=-0.10400390625, y=0.71044921875, z=0.36572265625)",[0. 0. 0. 0. 0. 0. 0. 0. 0.],False
11193270482,"std_msgs.msg.Header(stamp=builtin_interfaces.msg.Time(sec=1731186804, nanosec=864917589), frame_id='RU_myo')","geometry_msgs.msg.Quaternion(x=0.7654710170681461, y=0.5313312497869558, z=-0.13947063822667363, w=-0.33509575661463376)",[0. 0. 0. 0. 0. 0. 0. 0. 0.],"geometry_msgs.msg.Vector3(x=6.5, y=58.1875, z=1.875)",[0. 0. 0. 0. 0. 0. 0. 0. 0.],"geometry_msgs.msg.Vector3(x=-0.14892578125, y=0.68115234375, z=0.3935546875)",[0. 0. 0. 0. 0. 0. 0. 0. 0.],False
11209117480,"std_msgs.msg.Header(stamp=builtin_interfaces.msg.Time(sec=1731186804, nanosec=880775045), frame_id='RU_myo')","geometry_msgs.msg.Quaternion(x=0.765818278961339, y=0.5368113304746136, z=-0.13434016354458492, w=-0.3275800353220297)",[0. 0. 0. 0. 0. 0. 0. 0. 0.],"geometry_msgs.msg.Vector3(x=26.5, y=56.5, z=15.875)",[0. 0. 0. 0. 0. 0. 0. 0. 0.],"geometry_msgs.msg.Vector3(x=-0.1435546875, y=0.66650390625, z=0.3974609375)",[0. 0. 0. 0. 0. 0. 0. 0. 0.],False
11229206616,"std_msgs.msg.Header(stamp=builtin_interfaces.msg.Time(sec=1731186804, nanosec=900971087), frame_id='RU_myo')","geometry_msgs.msg.Quaternion(x=0.7655999375733398, y=0.5434215294758387, z=-0.13080448586619367, w=-0.31849641028922004)",[0. 0. 0. 0. 0. 0. 0. 0. 0.],"geometry_msgs.msg.Vector3(x=30.25, y=54.6875, z=25.0625)",[0. 0. 0. 0. 0. 0. 0. 0. 0.],"geometry_msgs.msg.Vector3(x=-0.1455078125, y=0.75537109375, z=0.3125)",[0. 0. 0. 0. 0. 0. 0. 0. 0.],False
11245127830,"std_msgs.msg.Header(stamp=builtin_interfaces.msg.Time(sec=1731186804, nanosec=916793920), frame_id='RU_myo')","geometry_msgs.msg.Quaternion(x=0.7664861552537138, y=0.5482225391375105, z=-0.1266490501792846, w=-0.3096950749926217)",[0. 0. 0. 0. 0. 0. 0. 0. 0.],"geometry_msgs.msg.Vector3(x=12.8125, y=54.125, z=24.5625)",[0. 0. 0. 0. 0. 0. 0. 0. 0.],"geometry_msgs.msg.Vector3(x=-0.1494140625, y=0.8515625, z=0.271484375)",[0. 0. 0. 0. 0. 0. 0. 0. 0.],False
11268287006,"std_msgs.msg.Header(stamp=builtin_interfaces.msg.Time(sec=1731186804, nanosec=939921906), frame_id='RU_myo')","geometry_msgs.msg.Quaternion(x=0.7683327168483971, y=0.5511023276472972, z=-0.1223179825678573, w=-0.3016444460331092)",[0. 0. 0. 0. 0. 0. 0. 0. 0.],"geometry_msgs.msg.Vector3(x=5.25, y=49.625, z=26.0)",[0. 0. 0. 0. 0. 0. 0. 0. 0.],"geometry_msgs.msg.Vector3(x=-0.173828125, y=0.8203125, z=0.32568359375)",[0. 0. 0. 0. 0. 0. 0. 0. 0.],False
11289286845,"std_msgs.msg.Header(stamp=builtin_interfaces.msg.Time(sec=1731186804, nanosec=961040764), frame_id='RU_myo')","geometry_msgs.msg.Quaternion(x=0.7693811018693592, y=0.5545281483921561, z=-0.12085478633092671, w=-0.29316441350880856)",[0. 0. 0. 0. 0. 0. 0. 0. 0.],"geometry_msgs.msg.Vector3(x=17.75, y=39.75, z=33.0625)",[0. 0. 0. 0. 0. 0. 0. 0. 0.],"geometry_msgs.msg.Vector3(x=-0.13232421875, y=0.7529296875, z=0.32763671875)",[0. 0. 0. 0. 0. 0. 0. 0. 0.],False
11305051491,"std_msgs.msg.Header(stamp=builtin_interfaces.msg.Time(sec=1731186804, nanosec=976829275), frame_id='RU_myo')","geometry_msgs.msg.Quaternion(x=0.769438777092471, y=0.5589814628441099, z=-0.12097633319032822, w=-0.28437373175264336)",[0. 0. 0. 0. 0. 0. 0. 0. 0.],"geometry_msgs.msg.Vector3(x=21.3125, y=34.25, z=35.6875)",[0. 0. 0. 0. 0. 0. 0. 0. 0.],"geometry_msgs.msg.Vector3(x=-0.11376953125, y=0.8662109375, z=0.2578125)",[0. 0. 0. 0. 0. 0. 0. 0. 0.],False
11328175911,"std_msgs.msg.Header(stamp=builtin_interfaces.msg.Time(sec=1731186804, nanosec=999956975), frame_id='RU_myo')","geometry_msgs.msg.Quaternion(x=0.7702947887042626, y=0.5620344226932528, z=-0.12061034092548518, w=-0.2760731639706323)",[0. 0. 0. 0. 0. 0. 0. 0. 0.],"geometry_msgs.msg.Vector3(x=7.5, y=32.9375, z=34.75)",[0. 0. 0. 0. 0. 0. 0. 0. 0.],"geometry_msgs.msg.Vector3(x=-0.1298828125, y=0.966796875, z=0.22314453125)",[0. 0. 0. 0. 0. 0. 0. 0. 0.],False
11356796166,"std_msgs.msg.Header(stamp=builtin_interfaces.msg.Time(sec=1731186805, nanosec=28512576), frame_id='RU_myo')","geometry_msgs.msg.Quaternion(x=0.7721784583388857, y=0.5630658665857419, z=-0.12030382905588047, w=-0.26874569220347116)",[0. 0. 0. 0. 0. 0. 0. 0. 0.],"geometry_msgs.msg.Vector3(x=-5.5, y=26.5625, z=33.0625)",[0. 0. 0. 0. 0. 0. 0. 0. 0.],"geometry_msgs.msg.Vector3(x=-0.11669921875, y=0.9873046875, z=0.22314453125)",[0. 0. 0. 0. 0. 0. 0. 0. 0.],False
11365130195,"std_msgs.msg.Header(stamp=builtin_interfaces.msg.Time(sec=1731186805, nanosec=36835084), frame_id='RU_myo')","geometry_msgs.msg.Quaternion(x=0.7745672894959109, y=0.5628278153224425, z=-0.12073239547855885, w=-0.2620955036324225)",[0. 0. 0. 0. 0. 0. 0. 0. 0.],"geometry_msgs.msg.Vector3(x=-8.125, y=20.5625, z=33.6875)",[0. 0. 0. 0. 0. 0. 0. 0. 0.],"geometry_msgs.msg.Vector3(x=-0.0947265625, y=0.94482421875, z=0.27294921875)",[0. 0. 0. 0. 0. 0. 0. 0. 0.],False
11388328503,"std_msgs.msg.Header(stamp=builtin_interfaces.msg.Time(sec=1731186805, nanosec=60121899), frame_id='RU_myo')","geometry_msgs.msg.Quaternion(x=0.7769231462711201, y=0.5621385951101435, z=-0.12139996369968246, w=-0.2562277765768059)",[0. 0. 0. 0. 0. 0. 0. 0. 0.],"geometry_msgs.msg.Vector3(x=-9.125, y=16.6875, z=30.6875)",[0. 0. 0. 0. 0. 0. 0. 0. 0.],"geometry_msgs.msg.Vector3(x=-0.076171875, y=0.93310546875, z=0.28466796875)",[0. 0. 0. 0. 0. 0. 0. 0. 0.],False
11410759527,"std_msgs.msg.Header(stamp=builtin_interfaces.msg.Time(sec=1731186805, nanosec=82383278), frame_id='RU_myo')","geometry_msgs.msg.Quaternion(x=0.7784115541028942, y=0.5620945661204072, z=-0.12225816222599366, w=-0.25135252723247226)",[0. 0. 0. 0. 0. 0. 0. 0. 0.],"geometry_msgs.msg.Vector3(x=-5.4375, y=12.75, z=25.625)",[0. 0. 0. 0. 0. 0. 0. 0. 0.],"geometry_msgs.msg.Vector3(x=-0.0771484375, y=0.95361328125, z=0.26904296875)",[0. 0. 0. 0. 0. 0. 0. 0. 0.],False
11431954700,"std_msgs.msg.Header(stamp=builtin_interfaces.msg.Time(sec=1731186805, nanosec=103655405), frame_id='RU_myo')","geometry_msgs.msg.Quaternion(x=0.7794337059883873, y=0.5623885800295224, z=-0.12311024158015485, w=-0.24707499153022647)",[0. 0. 0. 0. 0. 0. 0. 0. 0.],"geometry_msgs.msg.Vector3(x=-1.75, y=11.25, z=21.4375)",[0. 0. 0. 0. 0. 0. 0. 0. 0.],"geometry_msgs.msg.Vector3(x=-0.0693359375, y=0.998046875, z=0.29345703125)",[0. 0. 0. 0. 0. 0. 0. 0. 0.],False
11448062832,"std_msgs.msg.Header(stamp=builtin_interfaces.msg.Time(sec=1731186805, nanosec=119865601), frame_id='RU_myo')","geometry_msgs.msg.Quaternion(x=0.7805273349428251, y=0.5625070315008661, z=-0.12378084417141456, w=-0.24298399440157858)",[0. 0. 0. 0. 0. 0. 0. 0. 0.],"geometry_msgs.msg.Vector3(x=0.8125, y=11.9375, z=20.0)",[0. 0. 0. 0. 0. 0. 0. 0. 0.],"geometry_msgs.msg.Vector3(x=-0.05419921875, y=0.95361328125, z=0.34423828125)",[0. 0. 0. 0. 0. 0. 0. 0. 0.],False
11472053967,"std_msgs.msg.Header(stamp=builtin_interfaces.msg.Time(sec=1731186805, nanosec=143777453), frame_id='RU_myo')","geometry_msgs.msg.Quaternion(x=0.7818779577110937, y=0.5622074838779769, z=-0.12445348600881499, w=-0.23895801752060358)",[0. 0. 0. 0. 0. 0. 0. 0. 0.],"geometry_msgs.msg.Vector3(x=-2.1875, y=11.125, z=19.75)",[0. 0. 0. 0. 0. 0. 0. 0. 0.],"geometry_msgs.msg.Vector3(x=-0.0341796875, y=0.92041015625, z=0.32421875)",[0. 0. 0. 0. 0. 0. 0. 0. 0.],False
11491807347,"std_msgs.msg.Header(stamp=builtin_interfaces.msg.Time(sec=1731186805, nanosec=163553869), frame_id='RU_myo')","geometry_msgs.msg.Quaternion(x=0.7832356136955959, y=0.5614856928293164, z=-0.1256765997973217, w=-0.23554443837681616)",[0. 0. 0. 0. 0. 0. 0. 0. 0.],"geometry_msgs.msg.Vector3(x=-3.875, y=6.625, z=18.6875)",[0. 0. 0. 0. 0. 0. 0. 0. 0.],"geometry_msgs.msg.Vector3(x=-0.02490234375, y=0.9560546875, z=0.34326171875)",[0. 0. 0. 0. 0. 0. 0. 0. 0.],False
11508086887,"std_msgs.msg.Header(stamp=builtin_interfaces.msg.Time(sec=1731186805, nanosec=179871170), frame_id='RU_myo')","geometry_msgs.msg.Quaternion(x=0.7839815791563582, y=0.5611291386783247, z=-0.1272657733214736, w=-0.23304591009179196)",[0. 0. 0. 0. 0. 0. 0. 0. 0.],"geometry_msgs.msg.Vector3(x=-0.8125, y=1.8125, z=14.9375)",[0. 0. 0. 0. 0. 0. 0. 0. 0.],"geometry_msgs.msg.Vector3(x=-0.02880859375, y=1.01025390625, z=0.35205078125)",[0. 0. 0. 0. 0. 0. 0. 0. 0.],False
11530643129,"std_msgs.msg.Header(stamp=builtin_interfaces.msg.Time(sec=1731186805, nanosec=202428338), frame_id='RU_myo')","geometry_msgs.msg.Quaternion(x=0.7859825395282171, y=0.5587391602734565, z=-0.128667484144248, w=-0.2312718678475122)",[0. 0. 0. 0. 0. 0. 0. 0. 0.],"geometry_msgs.msg.Vector3(x=-19.0625, y=-1.875, z=14.8125)",[0. 0. 0. 0. 0. 0. 0. 0. 0.],"geometry_msgs.msg.Vector3(x=-0.02734375, y=0.92529296875, z=0.26025390625)",[0. 0. 0. 0. 0. 0. 0. 0. 0.],False
11551673240,"std_msgs.msg.Header(stamp=builtin_interfaces.msg.Time(sec=1731186805, nanosec=223483272), frame_id='RU_myo')","geometry_msgs.msg.Quaternion(x=0.7882930942585077, y=0.5553758315647047, z=-0.131046478774527, w=-0.23017059686014965)",[0. 0. 0. 0. 0. 0. 0. 0. 0.],"geometry_msgs.msg.Vector3(x=-29.0, y=-8.5, z=12.75)",[0. 0. 0. 0. 0. 0. 0. 0. 0.],"geometry_msgs.msg.Vector3(x=0.029296875, y=1.05517578125, z=0.23388671875)",[0. 0. 0. 0. 0. 0. 0. 0. 0.],False
11568230628,"std_msgs.msg.Header(stamp=builtin_interfaces.msg.Time(sec=1731186805, nanosec=239942150), frame_id='RU_myo')","geometry_msgs.msg.Quaternion(x=0.78973420592464, y=0.5535890909449328, z=-0.1307983927116859, w=-0.22967538580218105)",[0. 0. 0. 0. 0. 0. 0. 0. 0.],"geometry_msgs.msg.Vector3(x=-3.125, y=5.9375, z=-6.25)",[0. 0. 0. 0. 0. 0. 0. 0. 0.],"geometry_msgs.msg.Vector3(x=0.099609375, y=1.1845703125, z=0.59228515625)",[0. 0. 0. 0. 0. 0. 0. 0. 0.],False
11590653888,"std_msgs.msg.Header(stamp=builtin_interfaces.msg.Time(sec=1731186805, nanosec=262348063), frame_id='RU_myo')","geometry_msgs.msg.Quaternion(x=0.7911508667567945, y=0.5526825411574429, z=-0.1281759620574964, w=-0.22845839332438525)",[0. 0. 0. 0. 0. 0. 0. 0. 0.],"geometry_msgs.msg.Vector3(x=7.9375, y=17.375, z=-2.4375)",[0. 0. 0. 0. 0. 0. 0. 0. 0.],"geometry_msgs.msg.Vector3(x=-0.01220703125, y=0.822265625, z=0.6064453125)",[0. 0. 0. 0. 0. 0. 0. 0. 0.],False
11611880588,"std_msgs.msg.Header(stamp=builtin_interfaces.msg.Time(sec=1731186805, nanosec=283579512), frame_id='RU_myo')","geometry_msgs.msg.Quaternion(x=0.7921678906326179, y=0.5516730925826476, z=-0.12763315297525074, w=-0.2276765473924846)",[0. 0. 0. 0. 0. 0. 0. 0. 0.],"geometry_msgs.msg.Vector3(x=-18.6875, y=3.8125, z=3.625)",[0. 0. 0. 0. 0. 0. 0. 0. 0.],"geometry_msgs.msg.Vector3(x=-0.04736328125, y=0.99169921875, z=0.21484375)",[0. 0. 0. 0. 0. 0. 0. 0. 0.],False
11635775434,"std_msgs.msg.Header(stamp=builtin_interfaces.msg.Time(sec=1731186805, nanosec=307512372), frame_id='RU_myo')","geometry_msgs.msg.Quaternion(x=0.7930270288402882, y=0.5504131259972077, z=-0.1263423343107363, w=-0.22845379580922026)",[0. 0. 0. 0. 0. 0. 0. 0. 0.],"geometry_msgs.msg.Vector3(x=-27.0625, y=1.5625, z=-5.75)",[0. 0. 0. 0. 0. 0. 0. 0. 0.],"geometry_msgs.msg.Vector3(x=-0.056640625, y=1.10986328125, z=0.18310546875)",[0. 0. 0. 0. 0. 0. 0. 0. 0.],False
11650886197,"std_msgs.msg.Header(stamp=builtin_interfaces.msg.Time(sec=1731186805, nanosec=322546523), frame_id='RU_myo')","geometry_msgs.msg.Quaternion(x=0.7950085361384792, y=0.5475029995517972, z=-0.12518714070019354, w=-0.22919439947792625)",[0. 0. 0. 0. 0. 0. 0. 0. 0.],"geometry_msgs.msg.Vector3(x=-22.375, y=2.0625, z=-6.25)",[0. 0. 0. 0. 0. 0. 0. 0. 0.],"geometry_msgs.msg.Vector3(x=0.013671875, y=0.84423828125, z=0.322265625)",[0. 0. 0. 0. 0. 0. 0. 0. 0.],False
11679728181,"std_msgs.msg.Header(stamp=builtin_interfaces.msg.Time(sec=1731186805, nanosec=351187948), frame_id='RU_myo')","geometry_msgs.msg.Quaternion(x=0.7957710400381217, y=0.5461999568416285, z=-0.12615882342067783, w=-0.2291244427291846)",[0. 0. 0. 0. 0. 0. 0. 0. 0.],"geometry_msgs.msg.Vector3(x=-6.4375, y=-2.0, z=-3.25)",[0. 0. 0. 0. 0. 0. 0. 0. 0.],"geometry_msgs.msg.Vector3(x=0.09130859375, y=0.71484375, z=0.2978515625)",[0. 0. 0. 0. 0. 0. 0. 0. 0.],False
11688044813,"std_msgs.msg.Header(stamp=builtin_interfaces.msg.Time(sec=1731186805, nanosec=359844581), frame_id='RU_myo')","geometry_msgs.msg.Quaternion(x=0.7951997026985869, y=0.5470202437507472, z=-0.12750784302558704, w=-0.2284032305417648)",[0. 0. 0. 0. 0. 0. 0. 0. 0.],"geometry_msgs.msg.Vector3(x=4.125, y=-0.5625, z=-1.4375)",[0. 0. 0. 0. 0. 0. 0. 0. 0.],"geometry_msgs.msg.Vector3(x=0.06787109375, y=0.8779296875, z=0.29052734375)",[0. 0. 0. 0. 0. 0. 0. 0. 0.],False
11710693777,"std_msgs.msg.Header(stamp=builtin_interfaces.msg.Time(sec=1731186805, nanosec=382356396), frame_id='RU_myo')","geometry_msgs.msg.Quaternion(x=0.7943145180039386, y=0.5484639817721986, z=-0.1279301697968538, w=-0.22778406187111563)",[0. 0. 0. 0. 0. 0. 0. 0. 0.],"geometry_msgs.msg.Vector3(x=3.9375, y=1.75, z=0.1875)",[0. 0. 0. 0. 0. 0. 0. 0. 0.],"geometry_msgs.msg.Vector3(x=-0.0185546875, y=0.9326171875, z=0.27197265625)",[0. 0. 0. 0. 0. 0. 0. 0. 0.],False
11731679378,"std_msgs.msg.Header(stamp=builtin_interfaces.msg.Time(sec=1731186805, nanosec=403469605), frame_id='RU_myo')","geometry_msgs.msg.Quaternion(x=0.7942029608951997, y=0.5484712424380774, z=-0.12890844246931, w=-0.22760396873487546)",[0. 0. 0. 0. 0. 0. 0. 0. 0.],"geometry_msgs.msg.Vector3(x=-7.4375, y=-3.6875, z=1.75)",[0. 0. 0. 0. 0. 0. 0. 0. 0.],"geometry_msgs.msg.Vector3(x=-0.01806640625, y=0.9208984375, z=0.21923828125)",[0. 0. 0. 0. 0. 0. 0. 0. 0.],False
11748072487,"std_msgs.msg.Header(stamp=builtin_interfaces.msg.Time(sec=1731186805, nanosec=419770625), frame_id='RU_myo')","geometry_msgs.msg.Quaternion(x=0.7949492611733142, y=0.5462834680206666, z=-0.12958210085004193, w=-0.22986631738165705)",[0. 0. 0. 0. 0. 0. 0. 0. 0.],"geometry_msgs.msg.Vector3(x=-21.75, y=-11.9375, z=-8.3125)",[0. 0. 0. 0. 0. 0. 0. 0. 0.],"geometry_msgs.msg.Vector3(x=-0.0029296875, y=0.9755859375, z=0.2578125)",[0. 0. 0. 0. 0. 0. 0. 0. 0.],False
11770801848,"std_msgs.msg.Header(stamp=builtin_interfaces.msg.Time(sec=1731186805, nanosec=442461161), frame_id='RU_myo')","geometry_msgs.msg.Quaternion(x=0.7960946721590137, y=0.5416959453661924, z=-0.1317160394479147, w=-0.235477516306791)",[0. 0. 0. 0. 0. 0. 0. 0. 0.],"geometry_msgs.msg.Vector3(x=-44.625, y=-32.9375, z=-14.5)",[0. 0. 0. 0. 0. 0. 0. 0. 0.],"geometry_msgs.msg.Vector3(x=-0.04443359375, y=1.0068359375, z=0.125)",[0. 0. 0. 0. 0. 0. 0. 0. 0.],False
11791740656,"std_msgs.msg.Header(stamp=builtin_interfaces.msg.Time(sec=1731186805, nanosec=463449777), frame_id='RU_myo')","geometry_msgs.msg.Quaternion(x=0.7982378132348819, y=0.5333385848024467, z=-0.1364169989738462, w=-0.24445193775850296)",[0. 0. 0. 0. 0. 0. 0. 0. 0.],"geometry_msgs.msg.Vector3(x=-80.8125, y=-61.5625, z=-15.8125)",[0. 0. 0. 0. 0. 0. 0. 0. 0.],"geometry_msgs.msg.Vector3(x=-0.07861328125, y=1.0498046875, z=-0.10546875)",[0. 0. 0. 0. 0. 0. 0. 0. 0.],False
11808150720,"std_msgs.msg.Header(stamp=builtin_interfaces.msg.Time(sec=1731186805, nanosec=479871445), frame_id='RU_myo')","geometry_msgs.msg.Quaternion(x=0.8051884199978208, y=0.514229263074715, z=-0.1425803630317548, w=-0.25867105245230176)",[0. 0. 0. 0. 0. 0. 0. 0. 0.],"geometry_msgs.msg.Vector3(x=-122.125, y=-93.4375, z=-21.5625)",[0. 0. 0. 0. 0. 0. 0. 0. 0.],"geometry_msgs.msg.Vector3(x=-0.05419921875, y=1.05810546875, z=-0.18408203125)",[0. 0. 0. 0. 0. 0. 0. 0. 0.],False
11830882846,"std_msgs.msg.Header(stamp=builtin_interfaces.msg.Time(sec=1731186805, nanosec=502546995), frame_id='RU_myo')","geometry_msgs.msg.Quaternion(x=0.8141017535186746, y=0.4873746065262121, z=-0.1501492212967416, w=-0.277776059398972)",[0. 0. 0. 0. 0. 0. 0. 0. 0.],"geometry_msgs.msg.Vector3(x=-164.0, y=-123.75, z=-31.375)",[0. 0. 0. 0. 0. 0. 0. 0. 0.],"geometry_msgs.msg.Vector3(x=0.00341796875, y=0.91552734375, z=-0.12109375)",[0. 0. 0. 0. 0. 0. 0. 0. 0.],False
11851784305,"std_msgs.msg.Header(stamp=builtin_interfaces.msg.Time(sec=1731186805, nanosec=523529638), frame_id='RU_myo')","geometry_msgs.msg.Quaternion(x=0.8244888709820597, y=0.452834093412489, z=-0.15839122151306226, w=-0.3001193203004729)",[0. 0. 0. 0. 0. 0. 0. 0. 0.],"geometry_msgs.msg.Vector3(x=-201.5625, y=-146.5625, z=-36.125)",[0. 0. 0. 0. 0. 0. 0. 0. 0.],"geometry_msgs.msg.Vector3(x=0.06591796875, y=0.646484375, z=0.04541015625)",[0. 0. 0. 0. 0. 0. 0. 0. 0.],False
11868249599,"std_msgs.msg.Header(stamp=builtin_interfaces.msg.Time(sec=1731186805, nanosec=539898455), frame_id='RU_myo')","geometry_msgs.msg.Quaternion(x=0.8330876379683155, y=0.41602500845424856, z=-0.16839979435523353, w=-0.32331051493282786)",[0. 0. 0. 0. 0. 0. 0. 0. 0.],"geometry_msgs.msg.Vector3(x=-202.625, y=-161.5, z=-37.5625)",[0. 0. 0. 0. 0. 0. 0. 0. 0.],"geometry_msgs.msg.Vector3(x=0.1494140625, y=0.46142578125, z=0.1923828125)",[0. 0. 0. 0. 0. 0. 0. 0. 0.],False
11890799943,"std_msgs.msg.Header(stamp=builtin_interfaces.msg.Time(sec=1731186805, nanosec=562482293), frame_id='RU_myo')","geometry_msgs.msg.Quaternion(x=0.8376674781686743, y=0.3820896541340645, z=-0.1815841407426265, w=-0.34546764255571966)",[0. 0. 0. 0. 0. 0. 0. 0. 0.],"geometry_msgs.msg.Vector3(x=-169.875, y=-172.5625, z=-35.625)",[0. 0. 0. 0. 0. 0. 0. 0. 0.],"geometry_msgs.msg.Vector3(x=0.2041015625, y=0.3642578125, z=0.3076171875)",[0. 0. 0. 0. 0. 0. 0. 0. 0.],False
11911863799,"std_msgs.msg.Header(stamp=builtin_interfaces.msg.Time(sec=1731186805, nanosec=583498428), frame_id='RU_myo')","geometry_msgs.msg.Quaternion(x=0.8375310254665008, y=0.35382359383685363, z=-0.19909825135342704, w=-0.36566450762059516)",[0. 0. 0. 0. 0. 0. 0. 0. 0.],"geometry_msgs.msg.Vector3(x=-120.3125, y=-182.125, z=-32.4375)",[0. 0. 0. 0. 0. 0. 0. 0. 0.],"geometry_msgs.msg.Vector3(x=0.2626953125, y=0.3154296875, z=0.38330078125)",[0. 0. 0. 0. 0. 0. 0. 0. 0.],False
11928102875,"std_msgs.msg.Header(stamp=builtin_interfaces.msg.Time(sec=1731186805, nanosec=599842449), frame_id='RU_myo')","geometry_msgs.msg.Quaternion(x=0.8330069917058917, y=0.33148160697206164, z=-0.22119118830174025, w=-0.38378868433811886)",[0. 0. 0. 0. 0. 0. 0. 0. 0.],"geometry_msgs.msg.Vector3(x=-70.5, y=-191.375, z=-30.5)",[0. 0. 0. 0. 0. 0. 0. 0. 0.],"geometry_msgs.msg.Vector3(x=0.36572265625, y=0.33447265625, z=0.46875)",[0. 0. 0. 0. 0. 0. 0. 0. 0.],False
11950675628,"std_msgs.msg.Header(stamp=builtin_interfaces.msg.Time(sec=1731186805, nanosec=622399869), frame_id='RU_myo')","geometry_msgs.msg.Quaternion(x=0.8245561194759475, y=0.3140381401068732, z=-0.24750722218335683, w=-0.40028418324992704)",[0. 0. 0. 0. 0. 0. 0. 0. 0.],"geometry_msgs.msg.Vector3(x=-28.8125, y=-202.5625, z=-29.3125)",[0. 0. 0. 0. 0. 0. 0. 0. 0.],"geometry_msgs.msg.Vector3(x=0.4248046875, y=0.38916015625, z=0.47412109375)",[0. 0. 0. 0. 0. 0. 0. 0. 0.],False
11973269255,"std_msgs.msg.Header(stamp=builtin_interfaces.msg.Time(sec=1731186805, nanosec=644894508), frame_id='RU_myo')","geometry_msgs.msg.Quaternion(x=0.8137290379384463, y=0.29809875647250017, z=-0.27826212750985424, w=-0.41418881274004626)",[0. 0. 0. 0. 0. 0. 0. 0. 0.],"geometry_msgs.msg.Vector3(x=-3.5625, y=-218.875, z=-16.8125)",[0. 0. 0. 0. 0. 0. 0. 0. 0.],"geometry_msgs.msg.Vector3(x=0.45654296875, y=0.416015625, z=0.4892578125)",[0. 0. 0. 0. 0. 0. 0. 0. 0.],False
11988777437,"std_msgs.msg.Header(stamp=builtin_interfaces.msg.Time(sec=1731186805, nanosec=660530986), frame_id='RU_myo')","geometry_msgs.msg.Quaternion(x=0.8020340189380938, y=0.28138332019060974, z=-0.3127566448279142, w=-0.4239671457796042)",[0. 0. 0. 0. 0. 0. 0. 0. 0.],"geometry_msgs.msg.Vector3(x=9.875, y=-231.875, z=7.125)",[0. 0. 0. 0. 0. 0. 0. 0. 0.],"geometry_msgs.msg.Vector3(x=0.60400390625, y=0.49072265625, z=0.55517578125)",[0. 0. 0. 0. 0. 0. 0. 0. 0.],False
12010792933,"std_msgs.msg.Header(stamp=builtin_interfaces.msg.Time(sec=1731186805, nanosec=682604156), frame_id='RU_myo')","geometry_msgs.msg.Quaternion(x=0.7904613556271989, y=0.26226642306617814, z=-0.3479592454969238, w=-0.4304782596894937)",[0. 0. 0. 0. 0. 0. 0. 0. 0.],"geometry_msgs.msg.Vector3(x=5.3125, y=-235.0625, z=27.625)",[0. 0. 0. 0. 0. 0. 0. 0. 0.],"geometry_msgs.msg.Vector3(x=0.71240234375, y=0.58251953125, z=0.53515625)",[0. 0. 0. 0. 0. 0. 0. 0. 0.],False
12031812734,"std_msgs.msg.Header(stamp=builtin_interfaces.msg.Time(sec=1731186805, nanosec=703594713), frame_id='RU_myo')","geometry_msgs.msg.Quaternion(x=0.7787619975745442, y=0.23859084948028006, z=-0.3825754526841636, w=-0.4361653134781482)",[0. 0. 0. 0. 0. 0. 0. 0. 0.],"geometry_msgs.msg.Vector3(x=-15.3125, y=-243.75, z=39.9375)",[0. 0. 0. 0. 0. 0. 0. 0. 0.],"geometry_msgs.msg.Vector3(x=0.68701171875, y=0.583984375, z=0.50732421875)",[0. 0. 0. 0. 0. 0. 0. 0. 0.],False
12048230967,"std_msgs.msg.Header(stamp=builtin_interfaces.msg.Time(sec=1731186805, nanosec=720023095), frame_id='RU_myo')","geometry_msgs.msg.Quaternion(x=0.7649168294961554, y=0.21002863152699255, z=-0.4193858550485225, w=-0.44148128213738363)",[0. 0. 0. 0. 0. 0. 0. 0. 0.],"geometry_msgs.msg.Vector3(x=-28.0, y=-271.0, z=51.75)",[0. 0. 0. 0. 0. 0. 0. 0. 0.],"geometry_msgs.msg.Vector3(x=0.65185546875, y=0.59130859375, z=0.48974609375)",[0. 0. 0. 0. 0. 0. 0. 0. 0.],False
12071358552,"std_msgs.msg.Header(stamp=builtin_interfaces.msg.Time(sec=1731186805, nanosec=743163304), frame_id='RU_myo')","geometry_msgs.msg.Quaternion(x=0.7500719788608546, y=0.17663831937694796, z=-0.45600030548209336, w=-0.44525796124907924)",[0. 0. 0. 0. 0. 0. 0. 0. 0.],"geometry_msgs.msg.Vector3(x=-45.0, y=-282.875, z=66.5625)",[0. 0. 0. 0. 0. 0. 0. 0. 0.],"geometry_msgs.msg.Vector3(x=0.80126953125, y=0.62841796875, z=0.498046875)",[0. 0. 0. 0. 0. 0. 0. 0. 0.],False
12091700769,"std_msgs.msg.Header(stamp=builtin_interfaces.msg.Time(sec=1731186805, nanosec=763341492), frame_id='RU_myo')","geometry_msgs.msg.Quaternion(x=0.733325423278968, y=0.13921891722840832, z=-0.4912029135704648, w=-0.4489672753757877)",[0. 0. 0. 0. 0. 0. 0. 0. 0.],"geometry_msgs.msg.Vector3(x=-62.5, y=-291.125, z=68.375)",[0. 0. 0. 0. 0. 0. 0. 0. 0.],"geometry_msgs.msg.Vector3(x=1.0673828125, y=0.55859375, z=0.5029296875)",[0. 0. 0. 0. 0. 0. 0. 0. 0.],False
12107516619,"std_msgs.msg.Header(stamp=builtin_interfaces.msg.Time(sec=1731186805, nanosec=779276741), frame_id='RU_myo')","geometry_msgs.msg.Quaternion(x=0.7110708681544122, y=0.10577560639584518, z=-0.5283287068450293, w=-0.45172836868762273)",[0. 0. 0. 0. 0. 0. 0. 0. 0.],"geometry_msgs.msg.Vector3(x=-31.9375, y=-307.5, z=51.4375)",[0. 0. 0. 0. 0. 0. 0. 0. 0.],"geometry_msgs.msg.Vector3(x=0.9619140625, y=0.57080078125, z=0.63037109375)",[0. 0. 0. 0. 0. 0. 0. 0. 0.],False
12130740311,"std_msgs.msg.Header(stamp=builtin_interfaces.msg.Time(sec=1731186805, nanosec=802421871), frame_id='RU_myo')","geometry_msgs.msg.Quaternion(x=0.689912767937712, y=0.0745818650406833, z=-0.5603405097696509, w=-0.4521907021983818)",[0. 0. 0. 0. 0. 0. 0. 0. 0.],"geometry_msgs.msg.Vector3(x=-30.0625, y=-276.9375, z=53.1875)",[0. 0. 0. 0. 0. 0. 0. 0. 0.],"geometry_msgs.msg.Vector3(x=0.97314453125, y=0.51025390625, z=0.5859375)",[0. 0. 0. 0. 0. 0. 0. 0. 0.],False
12151809332,"std_msgs.msg.Header(stamp=builtin_interfaces.msg.Time(sec=1731186805, nanosec=823381848), frame_id='RU_myo')","geometry_msgs.msg.Quaternion(x=0.6681567776385493, y=0.045166348355944685, z=-0.5911908786157841, w=-0.44946620174753604)",[0. 0. 0. 0. 0. 0. 0. 0. 0.],"geometry_msgs.msg.Vector3(x=-15.125, y=-268.75, z=58.0)",[0. 0. 0. 0. 0. 0. 0. 0. 0.],"geometry_msgs.msg.Vector3(x=1.0068359375, y=0.48193359375, z=0.52001953125)",[0. 0. 0. 0. 0. 0. 0. 0. 0.],False
12167770701,"std_msgs.msg.Header(stamp=builtin_interfaces.msg.Time(sec=1731186805, nanosec=839342466), frame_id='RU_myo')","geometry_msgs.msg.Quaternion(x=0.6453326043880616, y=0.021484637921554684, z=-0.6239090023696932, w=-0.4402519696823123)",[0. 0. 0. 0. 0. 0. 0. 0. 0.],"geometry_msgs.msg.Vector3(x=35.0625, y=-264.875, z=60.125)",[0. 0. 0. 0. 0. 0. 0. 0. 0.],"geometry_msgs.msg.Vector3(x=1.04443359375, y=0.375, z=0.548828125)",[0. 0. 0. 0. 0. 0. 0. 0. 0.],False
12190724136,"std_msgs.msg.Header(stamp=builtin_interfaces.msg.Time(sec=1731186805, nanosec=862408791), frame_id='RU_myo')","geometry_msgs.msg.Quaternion(x=0.6245111813320935, y=-0.00018310531118024634, z=-0.6513055918681362, w=-0.43102990251829987)",[0. 0. 0. 0. 0. 0. 0. 0. 0.],"geometry_msgs.msg.Vector3(x=29.625, y=-234.875, z=57.125)",[0. 0. 0. 0. 0. 0. 0. 0. 0.],"geometry_msgs.msg.Vector3(x=1.16650390625, y=0.4130859375, z=0.61865234375)",[0. 0. 0. 0. 0. 0. 0. 0. 0.],False
12211785279,"std_msgs.msg.Header(stamp=builtin_interfaces.msg.Time(sec=1731186805, nanosec=883478868), frame_id='RU_myo')","geometry_msgs.msg.Quaternion(x=0.6064340225390452, y=-0.022033281213425453, z=-0.6722897300993944, w=-0.42400333681348096)",[0. 0. 0. 0. 0. 0. 0. 0. 0.],"geometry_msgs.msg.Vector3(x=3.8125, y=-202.8125, z=61.5625)",[0. 0. 0. 0. 0. 0. 0. 0. 0.],"geometry_msgs.msg.Vector3(x=1.20068359375, y=0.73388671875, z=0.55615234375)",[0. 0. 0. 0. 0. 0. 0. 0. 0.],False
12229043966,"std_msgs.msg.Header(stamp=builtin_interfaces.msg.Time(sec=1731186805, nanosec=900727684), frame_id='RU_myo')","geometry_msgs.msg.Quaternion(x=0.5899546888012123, y=-0.046996183568894415, z=-0.6877921982310015, w=-0.4203411899207478)",[0. 0. 0. 0. 0. 0. 0. 0. 0.],"geometry_msgs.msg.Vector3(x=-34.125, y=-182.9375, z=66.3125)",[0. 0. 0. 0. 0. 0. 0. 0. 0.],"geometry_msgs.msg.Vector3(x=1.0439453125, y=0.595703125, z=0.35302734375)",[0. 0. 0. 0. 0. 0. 0. 0. 0.],False
12250722862,"std_msgs.msg.Header(stamp=builtin_interfaces.msg.Time(sec=1731186805, nanosec=922451784), frame_id='RU_myo')","geometry_msgs.msg.Quaternion(x=0.5725111082053378, y=-0.07427995934817656, z=-0.7001969545129675, w=-0.4200449303485218)",[0. 0. 0. 0. 0. 0. 0. 0. 0.],"geometry_msgs.msg.Vector3(x=-63.3125, y=-180.8125, z=63.9375)",[0. 0. 0. 0. 0. 0. 0. 0. 0.],"geometry_msgs.msg.Vector3(x=0.9482421875, y=0.59326171875, z=0.30517578125)",[0. 0. 0. 0. 0. 0. 0. 0. 0.],False
12271924925,"std_msgs.msg.Header(stamp=builtin_interfaces.msg.Time(sec=1731186805, nanosec=943564711), frame_id='RU_myo')","geometry_msgs.msg.Quaternion(x=0.5554153595647293, y=-0.09912027955309016, z=-0.7075747542235064, w=-0.4254725792885416)",[0. 0. 0. 0. 0. 0. 0. 0. 0.],"geometry_msgs.msg.Vector3(x=-90.0, y=-155.625, z=36.75)",[0. 0. 0. 0. 0. 0. 0. 0. 0.],"geometry_msgs.msg.Vector3(x=1.17626953125, y=0.60693359375, z=0.31201171875)",[0. 0. 0. 0. 0. 0. 0. 0. 0.],False
12287701808,"std_msgs.msg.Header(stamp=builtin_interfaces.msg.Time(sec=1731186805, nanosec=959362132), frame_id='RU_myo')","geometry_msgs.msg.Quaternion(x=0.540439728721744, y=-0.1208436660495825, z=-0.7113907936737038, w=-0.4327179759048181)",[0. 0. 0. 0. 0. 0. 0. 0. 0.],"geometry_msgs.msg.Vector3(x=-94.3125, y=-128.3125, z=22.125)",[0. 0. 0. 0. 0. 0. 0. 0. 0.],"geometry_msgs.msg.Vector3(x=1.3779296875, y=0.4716796875, z=0.3701171875)",[0. 0. 0. 0. 0. 0. 0. 0. 0.],False
12310769362,"std_msgs.msg.Header(stamp=builtin_interfaces.msg.Time(sec=1731186805, nanosec=982421760), frame_id='RU_myo')","geometry_msgs.msg.Quaternion(x=0.5296585339420025, y=-0.13940309881580243, z=-0.7130676022176095, w=-0.43767934396152336)",[0. 0. 0. 0. 0. 0. 0. 0. 0.],"geometry_msgs.msg.Vector3(x=-76.5, y=-100.375, z=27.5625)",[0. 0. 0. 0. 0. 0. 0. 0. 0.],"geometry_msgs.msg.Vector3(x=1.318359375, y=0.39013671875, z=0.490234375)",[0. 0. 0. 0. 0. 0. 0. 0. 0.],False
12331779755,"std_msgs.msg.Header(stamp=builtin_interfaces.msg.Time(sec=1731186806, nanosec=3363647), frame_id='RU_myo')","geometry_msgs.msg.Quaternion(x=0.52752082341943, y=-0.15325752488790798, z=-0.7108683362682056, w=-0.4392039622036582)",[0. 0. 0. 0. 0. 0. 0. 0. 0.],"geometry_msgs.msg.Vector3(x=-41.9375, y=-62.8125, z=35.875)",[0. 0. 0. 0. 0. 0. 0. 0. 0.],"geometry_msgs.msg.Vector3(x=1.0966796875, y=0.3642578125, z=0.36083984375)",[0. 0. 0. 0. 0. 0. 0. 0. 0.],False
12347601004,"std_msgs.msg.Header(stamp=builtin_interfaces.msg.Time(sec=1731186806, nanosec=19220972), frame_id='RU_myo')","geometry_msgs.msg.Quaternion(x=0.527652898395516, y=-0.1597912421052008, z=-0.7099662827225728, w=-0.4381746856658657)",[0. 0. 0. 0. 0. 0. 0. 0. 0.],"geometry_msgs.msg.Vector3(x=-10.8125, y=-27.6875, z=28.0625)",[0. 0. 0. 0. 0. 0. 0. 0. 0.],"geometry_msgs.msg.Vector3(x=0.95068359375, y=0.44580078125, z=0.15283203125)",[0. 0. 0. 0. 0. 0. 0. 0. 0.],False
12370806908,"std_msgs.msg.Header(stamp=builtin_interfaces.msg.Time(sec=1731186806, nanosec=42462546), frame_id='RU_myo')","geometry_msgs.msg.Quaternion(x=0.5310397275461217, y=-0.1600259930612494, z=-0.7086429463898424, w=-0.4361349147275699)",[0. 0. 0. 0. 0. 0. 0. 0. 0.],"geometry_msgs.msg.Vector3(x=16.5625, y=-3.25, z=16.5625)",[0. 0. 0. 0. 0. 0. 0. 0. 0.],"geometry_msgs.msg.Vector3(x=0.9716796875, y=0.4814453125, z=0.23388671875)",[0. 0. 0. 0. 0. 0. 0. 0. 0.],False
12393126793,"std_msgs.msg.Header(stamp=builtin_interfaces.msg.Time(sec=1731186806, nanosec=64741987), frame_id='RU_myo')","geometry_msgs.msg.Quaternion(x=0.5359988636452426, y=-0.15642963875230662, z=-0.70835832514993, w=-0.43181416081645313)",[0. 0. 0. 0. 0. 0. 0. 0. 0.],"geometry_msgs.msg.Vector3(x=40.75, y=8.25, z=5.375)",[0. 0. 0. 0. 0. 0. 0. 0. 0.],"geometry_msgs.msg.Vector3(x=0.98681640625, y=0.40185546875, z=0.2216796875)",[0. 0. 0. 0. 0. 0. 0. 0. 0.],False
12414339900,"std_msgs.msg.Header(stamp=builtin_interfaces.msg.Time(sec=1731186806, nanosec=86000695), frame_id='RU_myo')","geometry_msgs.msg.Quaternion(x=0.5407709444815636, y=-0.14758286046912197, z=-0.7109367902168456, w=-0.4246821931944379)",[0. 0. 0. 0. 0. 0. 0. 0. 0.],"geometry_msgs.msg.Vector3(x=68.6875, y=23.4375, z=-3.6875)",[0. 0. 0. 0. 0. 0. 0. 0. 0.],"geometry_msgs.msg.Vector3(x=0.8994140625, y=0.46142578125, z=0.00537109375)",[0. 0. 0. 0. 0. 0. 0. 0. 0.],False
12430918119,"std_msgs.msg.Header(stamp=builtin_interfaces.msg.Time(sec=1731186806, nanosec=102549022), frame_id='RU_myo')","geometry_msgs.msg.Quaternion(x=0.5448375690663403, y=-0.1351870970630608, z=-0.7148132193239586, w=-0.41703541048843995)",[0. 0. 0. 0. 0. 0. 0. 0. 0.],"geometry_msgs.msg.Vector3(x=82.75, y=28.625, z=-14.6875)",[0. 0. 0. 0. 0. 0. 0. 0. 0.],"geometry_msgs.msg.Vector3(x=0.99169921875, y=0.58642578125, z=-0.07373046875)",[0. 0. 0. 0. 0. 0. 0. 0. 0.],False
12453844714,"std_msgs.msg.Header(stamp=builtin_interfaces.msg.Time(sec=1731186806, nanosec=125592850), frame_id='RU_myo')","geometry_msgs.msg.Quaternion(x=0.549101409347837, y=-0.12267353926743942, z=-0.7168162779582468, w=-0.41184131491377174)",[0. 0. 0. 0. 0. 0. 0. 0. 0.],"geometry_msgs.msg.Vector3(x=70.0, y=33.125, z=-30.5)",[0. 0. 0. 0. 0. 0. 0. 0. 0.],"geometry_msgs.msg.Vector3(x=1.09326171875, y=0.498046875, z=-0.009765625)",[0. 0. 0. 0. 0. 0. 0. 0. 0.],False
12453844715,"std_msgs.msg.Header(stamp=builtin_interfaces.msg.Time(sec=1731186811, nanosec=665351649), frame_id='RU_myo')","geometry_msgs.msg.Quaternion(x=0.7921123943537897, y=0.41180323044421474, z=-0.18218951280213144, w=-0.41204737049487083)",[0. 0. 0. 0. 0. 0. 0. 0. 0.],"geometry_msgs.msg.Vector3(x=-32.5, y=74.8125, z=50.125)",[0. 0. 0. 0. 0. 0. 0. 0. 0.],"geometry_msgs.msg.Vector3(x=0.0078125, y=0.5751953125, z=0.2685546875)",[0. 0. 0. 0. 0. 0. 0. 0. 0.],False
12470395846,"std_msgs.msg.Header(stamp=builtin_interfaces.msg.Time(sec=1731186811, nanosec=681922322), frame_id='RU_myo')","geometry_msgs.msg.Quaternion(x=0.7946427900314611, y=0.42079018315361344, z=-0.18274525795792262, w=-0.3975960622371102)",[0. 0. 0. 0. 0. 0. 0. 0. 0.],"geometry_msgs.msg.Vector3(x=48.75, y=58.1875, z=59.75)",[0. 0. 0. 0. 0. 0. 0. 0. 0.],"geometry_msgs.msg.Vector3(x=0.03173828125, y=0.6201171875, z=0.39892578125)",[0. 0. 0. 0. 0. 0. 0. 0. 0.],False
12491427979,"std_msgs.msg.Header(stamp=builtin_interfaces.msg.Time(sec=1731186811, nanosec=702957310), frame_id='RU_myo')","geometry_msgs.msg.Quaternion(x=0.7912226485953678, y=0.4377573737349362, z=-0.18878744519829305, w=-0.3830071835173905)",[0. 0. 0. 0. 0. 0. 0. 0. 0.],"geometry_msgs.msg.Vector3(x=110.3125, y=43.0625, z=54.625)",[0. 0. 0. 0. 0. 0. 0. 0. 0.],"geometry_msgs.msg.Vector3(x=0.01953125, y=0.8017578125, z=0.23388671875)",[0. 0. 0. 0. 0. 0. 0. 0. 0.],False
12513799410,"std_msgs.msg.Header(stamp=builtin_interfaces.msg.Time(sec=1731186811, nanosec=725277983), frame_id='RU_myo')","geometry_msgs.msg.Quaternion(x=0.7869462823760001, y=0.4531365237229058, z=-0.1948902101626129, w=-0.37067593057236087)",[0. 0. 0. 0. 0. 0. 0. 0. 0.],"geometry_msgs.msg.Vector3(x=81.6875, y=32.8125, z=43.0)",[0. 0. 0. 0. 0. 0. 0. 0. 0.],"geometry_msgs.msg.Vector3(x=0.0078125, y=0.9921875, z=0.17333984375)",[0. 0. 0. 0. 0. 0. 0. 0. 0.],False
12536317811,"std_msgs.msg.Header(stamp=builtin_interfaces.msg.Time(sec=1731186811, nanosec=747828783), frame_id='RU_myo')","geometry_msgs.msg.Quaternion(x=0.784821193025284, y=0.4630310756174991, z=-0.19904354568793364, w=-0.36061001776274515)",[0. 0. 0. 0. 0. 0. 0. 0. 0.],"geometry_msgs.msg.Vector3(x=62.625, y=27.4375, z=37.6875)",[0. 0. 0. 0. 0. 0. 0. 0. 0.],"geometry_msgs.msg.Vector3(x=0.02294921875, y=0.9638671875, z=0.4208984375)",[0. 0. 0. 0. 0. 0. 0. 0. 0.],False
12551295551,"std_msgs.msg.Header(stamp=builtin_interfaces.msg.Time(sec=1731186811, nanosec=762808481), frame_id='RU_myo')","geometry_msgs.msg.Quaternion(x=0.7816290738986628, y=0.4726640284453572, z=-0.20556978923088368, w=-0.3512631048170236)",[0. 0. 0. 0. 0. 0. 0. 0. 0.],"geometry_msgs.msg.Vector3(x=71.125, y=14.8125, z=35.625)",[0. 0. 0. 0. 0. 0. 0. 0. 0.],"geometry_msgs.msg.Vector3(x=0.08447265625, y=0.98828125, z=0.4501953125)",[0. 0. 0. 0. 0. 0. 0. 0. 0.],False
12573925096,"std_msgs.msg.Header(stamp=builtin_interfaces.msg.Time(sec=1731186811, nanosec=785428663), frame_id='RU_myo')","geometry_msgs.msg.Quaternion(x=0.7805898873837605, y=0.47717974349567904, z=-0.20898739341637312, w=-0.3454029378923059)",[0. 0. 0. 0. 0. 0. 0. 0. 0.],"geometry_msgs.msg.Vector3(x=26.6875, y=10.875, z=23.1875)",[0. 0. 0. 0. 0. 0. 0. 0. 0.],"geometry_msgs.msg.Vector3(x=0.072265625, y=1.0556640625, z=0.380859375)",[0. 0. 0. 0. 0. 0. 0. 0. 0.],False
12588866095,"std_msgs.msg.Header(stamp=builtin_interfaces.msg.Time(sec=1731186811, nanosec=800325958), frame_id='RU_myo')","geometry_msgs.msg.Quaternion(x=0.7823766817784463, y=0.47590817505278094, z=-0.20911394225097185, w=-0.34302987608011143)",[0. 0. 0. 0. 0. 0. 0. 0. 0.],"geometry_msgs.msg.Vector3(x=-14.375, y=5.5625, z=16.4375)",[0. 0. 0. 0. 0. 0. 0. 0. 0.],"geometry_msgs.msg.Vector3(x=-0.0048828125, y=0.97802734375, z=0.396484375)",[0. 0. 0. 0. 0. 0. 0. 0. 0.],False
12611277186,"std_msgs.msg.Header(stamp=builtin_interfaces.msg.Time(sec=1731186811, nanosec=822781982), frame_id='RU_myo')","geometry_msgs.msg.Quaternion(x=0.7851298427477206, y=0.47224983233608914, z=-0.2094818953828949, w=-0.34156779911499996)",[0. 0. 0. 0. 0. 0. 0. 0. 0.],"geometry_msgs.msg.Vector3(x=-22.125, y=-1.75, z=16.875)",[0. 0. 0. 0. 0. 0. 0. 0. 0.],"geometry_msgs.msg.Vector3(x=0.01318359375, y=0.8603515625, z=0.44287109375)",[0. 0. 0. 0. 0. 0. 0. 0. 0.],False
12642814268,"std_msgs.msg.Header(stamp=builtin_interfaces.msg.Time(sec=1731186811, nanosec=854292639), frame_id='RU_myo')","geometry_msgs.msg.Quaternion(x=0.7868315373056354, y=0.46992599532356577, z=-0.2114941646702371, w=-0.3396114090116015)",[0. 0. 0. 0. 0. 0. 0. 0. 0.],"geometry_msgs.msg.Vector3(x=-4.5625, y=-5.0625, z=18.375)",[0. 0. 0. 0. 0. 0. 0. 0. 0.],"geometry_msgs.msg.Vector3(x=0.04541015625, y=0.76708984375, z=0.4765625)",[0. 0. 0. 0. 0. 0. 0. 0. 0.],False
12648882715,"std_msgs.msg.Header(stamp=builtin_interfaces.msg.Time(sec=1731186811, nanosec=860386032), frame_id='RU_myo')","geometry_msgs.msg.Quaternion(x=0.7873285897990506, y=0.4695039547820992, z=-0.2143653002073235, w=-0.33723470491043916)",[0. 0. 0. 0. 0. 0. 0. 0. 0.],"geometry_msgs.msg.Vector3(x=4.5625, y=-5.75, z=17.4375)",[0. 0. 0. 0. 0. 0. 0. 0. 0.],"geometry_msgs.msg.Vector3(x=0.05859375, y=0.88037109375, z=0.45654296875)",[0. 0. 0. 0. 0. 0. 0. 0. 0.],False
12671290599,"std_msgs.msg.Header(stamp=builtin_interfaces.msg.Time(sec=1731186811, nanosec=882810674), frame_id='RU_myo')","geometry_msgs.msg.Quaternion(x=0.7880421144566496, y=0.468638165502142, z=-0.2169847197655789, w=-0.3350903267265902)",[0. 0. 0. 0. 0. 0. 0. 0. 0.],"geometry_msgs.msg.Vector3(x=1.25, y=-6.5, z=18.5)",[0. 0. 0. 0. 0. 0. 0. 0. 0.],"geometry_msgs.msg.Vector3(x=0.0361328125, y=0.873046875, z=0.44970703125)",[0. 0. 0. 0. 0. 0. 0. 0. 0.],False
12693884136,"std_msgs.msg.Header(stamp=builtin_interfaces.msg.Time(sec=1731186811, nanosec=905409968), frame_id='RU_myo')","geometry_msgs.msg.Quaternion(x=0.7888697877539919, y=0.46764567224534515, z=-0.22033423085430645, w=-0.3323323786708306)",[0. 0. 0. 0. 0. 0. 0. 0. 0.],"geometry_msgs.msg.Vector3(x=4.75, y=-7.6875, z=22.5625)",[0. 0. 0. 0. 0. 0. 0. 0. 0.],"geometry_msgs.msg.Vector3(x=0.05712890625, y=0.77978515625, z=0.4365234375)",[0. 0. 0. 0. 0. 0. 0. 0. 0.],False
12708897451,"std_msgs.msg.Header(stamp=builtin_interfaces.msg.Time(sec=1731186811, nanosec=920413716), frame_id='RU_myo')","geometry_msgs.msg.Quaternion(x=0.7896700039536299, y=0.46691726157406616, z=-0.22473063491708647, w=-0.3284900263779901)",[0. 0. 0. 0. 0. 0. 0. 0. 0.],"geometry_msgs.msg.Vector3(x=12.25, y=-8.0625, z=27.375)",[0. 0. 0. 0. 0. 0. 0. 0. 0.],"geometry_msgs.msg.Vector3(x=0.11474609375, y=0.7978515625, z=0.48828125)",[0. 0. 0. 0. 0. 0. 0. 0. 0.],False
12731388747,"std_msgs.msg.Header(stamp=builtin_interfaces.msg.Time(sec=1731186811, nanosec=942902752), frame_id='RU_myo')","geometry_msgs.msg.Quaternion(x=0.7901759350184576, y=0.4671108010734015, z=-0.22931337771237026, w=-0.32379756954062394)",[0. 0. 0. 0. 0. 0. 0. 0. 0.],"geometry_msgs.msg.Vector3(x=21.1875, y=-3.875, z=27.375)",[0. 0. 0. 0. 0. 0. 0. 0. 0.],"geometry_msgs.msg.Vector3(x=0.16943359375, y=0.8857421875, z=0.5703125)",[0. 0. 0. 0. 0. 0. 0. 0. 0.],False
12756686424,"std_msgs.msg.Header(stamp=builtin_interfaces.msg.Time(sec=1731186811, nanosec=968226595), frame_id='RU_myo')","geometry_msgs.msg.Quaternion(x=0.7912870079456494, y=0.467423318948456, z=-0.23267402609447824, w=-0.3181872240373859)",[0. 0. 0. 0. 0. 0. 0. 0. 0.],"geometry_msgs.msg.Vector3(x=19.1875, y=6.8125, z=25.4375)",[0. 0. 0. 0. 0. 0. 0. 0. 0.],"geometry_msgs.msg.Vector3(x=0.24755859375, y=1.02099609375, z=0.638671875)",[0. 0. 0. 0. 0. 0. 0. 0. 0.],False
12769190783,"std_msgs.msg.Header(stamp=builtin_interfaces.msg.Time(sec=1731186811, nanosec=980571476), frame_id='RU_myo')","geometry_msgs.msg.Quaternion(x=0.7941783852851498, y=0.4658748551246195, z=-0.2333951848547812, w=-0.3126787479108379)",[0. 0. 0. 0. 0. 0. 0. 0. 0.],"geometry_msgs.msg.Vector3(x=-2.0, y=16.625, z=25.375)",[0. 0. 0. 0. 0. 0. 0. 0. 0.],"geometry_msgs.msg.Vector3(x=0.22998046875, y=1.0087890625, z=0.5849609375)",[0. 0. 0. 0. 0. 0. 0. 0. 0.],False
12791390899,"std_msgs.msg.Header(stamp=builtin_interfaces.msg.Time(sec=1731186812, nanosec=2874762), frame_id='RU_myo')","geometry_msgs.msg.Quaternion(x=0.7979937452626221, y=0.46339058543933204, z=-0.23139010924664222, w=-0.3081132343648246)",[0. 0. 0. 0. 0. 0. 0. 0. 0.],"geometry_msgs.msg.Vector3(x=-20.375, y=22.875, z=23.625)",[0. 0. 0. 0. 0. 0. 0. 0. 0.],"geometry_msgs.msg.Vector3(x=0.1220703125, y=0.97119140625, z=0.490234375)",[0. 0. 0. 0. 0. 0. 0. 0. 0.],False
12809325660,"std_msgs.msg.Header(stamp=builtin_interfaces.msg.Time(sec=1731186812, nanosec=20794922), frame_id='RU_myo')","geometry_msgs.msg.Quaternion(x=0.800339756945188, y=0.46276031702573134, z=-0.22875569351258784, w=-0.3049262125904186)",[0. 0. 0. 0. 0. 0. 0. 0. 0.],"geometry_msgs.msg.Vector3(x=-12.6875, y=20.5, z=16.875)",[0. 0. 0. 0. 0. 0. 0. 0. 0.],"geometry_msgs.msg.Vector3(x=0.02490234375, y=0.97509765625, z=0.46484375)",[0. 0. 0. 0. 0. 0. 0. 0. 0.],False
12836511556,"std_msgs.msg.Header(stamp=builtin_interfaces.msg.Time(sec=1731186812, nanosec=48037045), frame_id='RU_myo')","geometry_msgs.msg.Quaternion(x=0.8020832321885049, y=0.4621698679043725, z=-0.2258357780303986, w=-0.30341341961867874)",[0. 0. 0. 0. 0. 0. 0. 0. 0.],"geometry_msgs.msg.Vector3(x=-10.4375, y=16.75, z=6.8125)",[0. 0. 0. 0. 0. 0. 0. 0. 0.],"geometry_msgs.msg.Vector3(x=0.01611328125, y=0.83740234375, z=0.4501953125)",[0. 0. 0. 0. 0. 0. 0. 0. 0.],False
12851836627,"std_msgs.msg.Header(stamp=builtin_interfaces.msg.Time(sec=1731186812, nanosec=63150724), frame_id='RU_myo')","geometry_msgs.msg.Quaternion(x=0.8034258464594664, y=0.46198664680177015, z=-0.22388254993643716, w=-0.30158224624752894)",[0. 0. 0. 0. 0. 0. 0. 0. 0.],"geometry_msgs.msg.Vector3(x=-1.6875, y=14.3125, z=6.5)",[0. 0. 0. 0. 0. 0. 0. 0. 0.],"geometry_msgs.msg.Vector3(x=0.0517578125, y=0.75537109375, z=0.4658203125)",[0. 0. 0. 0. 0. 0. 0. 0. 0.],False
12874036360,"std_msgs.msg.Header(stamp=builtin_interfaces.msg.Time(sec=1731186812, nanosec=85445423), frame_id='RU_myo')","geometry_msgs.msg.Quaternion(x=0.8022206644307998, y=0.46565787483394744, z=-0.2241920794684872, w=-0.2989024266695295)",[0. 0. 0. 0. 0. 0. 0. 0. 0.],"geometry_msgs.msg.Vector3(x=22.5625, y=9.5, z=8.875)",[0. 0. 0. 0. 0. 0. 0. 0. 0.],"geometry_msgs.msg.Vector3(x=0.03515625, y=0.77294921875, z=0.38525390625)",[0. 0. 0. 0. 0. 0. 0. 0. 0.],False
12897757465,"std_msgs.msg.Header(stamp=builtin_interfaces.msg.Time(sec=1731186812, nanosec=109247375), frame_id='RU_myo')","geometry_msgs.msg.Quaternion(x=0.7991872331709821, y=0.4718946383292494, z=-0.22529596560254295, w=-0.2964067214754669)",[0. 0. 0. 0. 0. 0. 0. 0. 0.],"geometry_msgs.msg.Vector3(x=39.375, y=6.8125, z=4.0)",[0. 0. 0. 0. 0. 0. 0. 0. 0.],"geometry_msgs.msg.Vector3(x=0.02587890625, y=0.833984375, z=0.3857421875)",[0. 0. 0. 0. 0. 0. 0. 0. 0.],False
12911522301,"std_msgs.msg.Header(stamp=builtin_interfaces.msg.Time(sec=1731186812, nanosec=122921274), frame_id='RU_myo')","geometry_msgs.msg.Quaternion(x=0.7954142305901951, y=0.47906739532707504, z=-0.2268078023997211, w=-0.29388578271115634)",[0. 0. 0. 0. 0. 0. 0. 0. 0.],"geometry_msgs.msg.Vector3(x=52.5625, y=6.75, z=0.5625)",[0. 0. 0. 0. 0. 0. 0. 0. 0.],"geometry_msgs.msg.Vector3(x=0.06640625, y=0.8544921875, z=0.47705078125)",[0. 0. 0. 0. 0. 0. 0. 0. 0.],False
12929298079,"std_msgs.msg.Header(stamp=builtin_interfaces.msg.Time(sec=1731186812, nanosec=140740858), frame_id='RU_myo')","geometry_msgs.msg.Quaternion(x=0.7916157406550962, y=0.48650493976574954, z=-0.22851267023999075, w=-0.29058462153114206)",[0. 0. 0. 0. 0. 0. 0. 0. 0.],"geometry_msgs.msg.Vector3(x=53.75, y=10.0625, z=0.4375)",[0. 0. 0. 0. 0. 0. 0. 0. 0.],"geometry_msgs.msg.Vector3(x=0.1318359375, y=0.92822265625, z=0.470703125)",[0. 0. 0. 0. 0. 0. 0. 0. 0.],False
12950411222,"std_msgs.msg.Header(stamp=builtin_interfaces.msg.Time(sec=1731186812, nanosec=161799818), frame_id='RU_myo')","geometry_msgs.msg.Quaternion(x=0.7885436245837628, y=0.49263376376000845, z=-0.22876859702298497, w=-0.28840224678057735)",[0. 0. 0. 0. 0. 0. 0. 0. 0.],"geometry_msgs.msg.Vector3(x=35.4375, y=11.125, z=-2.375)",[0. 0. 0. 0. 0. 0. 0. 0. 0.],"geometry_msgs.msg.Vector3(x=0.08203125, y=1.0185546875, z=0.39501953125)",[0. 0. 0. 0. 0. 0. 0. 0. 0.],False
12971449967,"std_msgs.msg.Header(stamp=builtin_interfaces.msg.Time(sec=1731186812, nanosec=182961531), frame_id='RU_myo')","geometry_msgs.msg.Quaternion(x=0.7873772016411162, y=0.49537623011777515, z=-0.22809524050642258, w=-0.28742319709519504)",[0. 0. 0. 0. 0. 0. 0. 0. 0.],"geometry_msgs.msg.Vector3(x=14.875, y=8.4375, z=-1.875)",[0. 0. 0. 0. 0. 0. 0. 0. 0.],"geometry_msgs.msg.Vector3(x=0.05810546875, y=0.98046875, z=0.41943359375)",[0. 0. 0. 0. 0. 0. 0. 0. 0.],False
12989230076,"std_msgs.msg.Header(stamp=builtin_interfaces.msg.Time(sec=1731186812, nanosec=200685386), frame_id='RU_myo')","geometry_msgs.msg.Quaternion(x=0.7860357304756586, y=0.4978185601614747, z=-0.22809563012793416, w=-0.28687435418819657)",[0. 0. 0. 0. 0. 0. 0. 0. 0.],"geometry_msgs.msg.Vector3(x=16.5625, y=4.5625, z=-4.875)",[0. 0. 0. 0. 0. 0. 0. 0. 0.],"geometry_msgs.msg.Vector3(x=0.10302734375, y=0.8759765625, z=0.3994140625)",[0. 0. 0. 0. 0. 0. 0. 0. 0.],False
13010463271,"std_msgs.msg.Header(stamp=builtin_interfaces.msg.Time(sec=1731186812, nanosec=221873663), frame_id='RU_myo')","geometry_msgs.msg.Quaternion(x=0.7834679269887024, y=0.5015391053339177, z=-0.22900994562648888, w=-0.2866896893943545)",[0. 0. 0. 0. 0. 0. 0. 0. 0.],"geometry_msgs.msg.Vector3(x=20.5625, y=0.375, z=-7.625)",[0. 0. 0. 0. 0. 0. 0. 0. 0.],"geometry_msgs.msg.Vector3(x=0.10302734375, y=0.94921875, z=0.3271484375)",[0. 0. 0. 0. 0. 0. 0. 0. 0.],False
13031521094,"std_msgs.msg.Header(stamp=builtin_interfaces.msg.Time(sec=1731186812, nanosec=243019108), frame_id='RU_myo')","geometry_msgs.msg.Quaternion(x=0.7805049415959526, y=0.505768667088767, z=-0.2295064190506594, w=-0.28694406275456114)",[0. 0. 0. 0. 0. 0. 0. 0. 0.],"geometry_msgs.msg.Vector3(x=23.8125, y=-0.25, z=-8.875)",[0. 0. 0. 0. 0. 0. 0. 0. 0.],"geometry_msgs.msg.Vector3(x=0.05078125, y=0.96923828125, z=0.3369140625)",[0. 0. 0. 0. 0. 0. 0. 0. 0.],False
13049068665,"std_msgs.msg.Header(stamp=builtin_interfaces.msg.Time(sec=1731186812, nanosec=260580500), frame_id='RU_myo')","geometry_msgs.msg.Quaternion(x=0.7765954272040376, y=0.5113822596176552, z=-0.22956656462425415, w=-0.28755333314141485)",[0. 0. 0. 0. 0. 0. 0. 0. 0.],"geometry_msgs.msg.Vector3(x=34.1875, y=-0.1875, z=-10.8125)",[0. 0. 0. 0. 0. 0. 0. 0. 0.],"geometry_msgs.msg.Vector3(x=-0.02783203125, y=0.85205078125, z=0.3193359375)",[0. 0. 0. 0. 0. 0. 0. 0. 0.],False
13070487585,"std_msgs.msg.Header(stamp=builtin_interfaces.msg.Time(sec=1731186812, nanosec=281935066), frame_id='RU_myo')","geometry_msgs.msg.Quaternion(x=0.7709495638214117, y=0.5195410250374362, z=-0.23028997738090304, w=-0.2875420311268047)",[0. 0. 0. 0. 0. 0. 0. 0. 0.],"geometry_msgs.msg.Vector3(x=53.875, y=-0.9375, z=-8.375)",[0. 0. 0. 0. 0. 0. 0. 0. 0.],"geometry_msgs.msg.Vector3(x=-0.09619140625, y=0.84521484375, z=0.3173828125)",[0. 0. 0. 0. 0. 0. 0. 0. 0.],False
13094225354,"std_msgs.msg.Header(stamp=builtin_interfaces.msg.Time(sec=1731186812, nanosec=305625774), frame_id='RU_myo')","geometry_msgs.msg.Quaternion(x=0.7649545166295951, y=0.5274664432069706, z=-0.23120144490488362, w=-0.2883914538478287)",[0. 0. 0. 0. 0. 0. 0. 0. 0.],"geometry_msgs.msg.Vector3(x=50.4375, y=-5.25, z=-10.25)",[0. 0. 0. 0. 0. 0. 0. 0. 0.],"geometry_msgs.msg.Vector3(x=-0.11181640625, y=1.01953125, z=0.32373046875)",[0. 0. 0. 0. 0. 0. 0. 0. 0.],False
13116626385,"std_msgs.msg.Header(stamp=builtin_interfaces.msg.Time(sec=1731186812, nanosec=328034632), frame_id='RU_myo')","geometry_msgs.msg.Quaternion(x=0.7608302383950718, y=0.5323675362440285, z=-0.2295003366518628, w=-0.2916363320538831)",[0. 0. 0. 0. 0. 0. 0. 0. 0.],"geometry_msgs.msg.Vector3(x=29.9375, y=-2.125, z=-26.1875)",[0. 0. 0. 0. 0. 0. 0. 0. 0.],"geometry_msgs.msg.Vector3(x=-0.0517578125, y=1.12841796875, z=0.43603515625)",[0. 0. 0. 0. 0. 0. 0. 0. 0.],False
13137407342,"std_msgs.msg.Header(stamp=builtin_interfaces.msg.Time(sec=1731186812, nanosec=349022943), frame_id='RU_myo')","geometry_msgs.msg.Quaternion(x=0.7592903638016822, y=0.5332733045446381, z=-0.22485737140236314, w=-0.2975514890300001)",[0. 0. 0. 0. 0. 0. 0. 0. 0.],"geometry_msgs.msg.Vector3(x=-3.4375, y=2.625, z=-47.0)",[0. 0. 0. 0. 0. 0. 0. 0. 0.],"geometry_msgs.msg.Vector3(x=0.078125, y=1.19287109375, z=0.470703125)",[0. 0. 0. 0. 0. 0. 0. 0. 0.],False
13151128050,"std_msgs.msg.Header(stamp=builtin_interfaces.msg.Time(sec=1731186812, nanosec=362751591), frame_id='RU_myo')","geometry_msgs.msg.Quaternion(x=0.7608824598236329, y=0.5300419766652036, z=-0.21674102477408314, w=-0.30518308191225446)",[0. 0. 0. 0. 0. 0. 0. 0. 0.],"geometry_msgs.msg.Vector3(x=-39.3125, y=11.6875, z=-59.5)",[0. 0. 0. 0. 0. 0. 0. 0. 0.],"geometry_msgs.msg.Vector3(x=0.1337890625, y=1.279296875, z=0.52197265625)",[0. 0. 0. 0. 0. 0. 0. 0. 0.],False
13173772497,"std_msgs.msg.Header(stamp=builtin_interfaces.msg.Time(sec=1731186812, nanosec=385265281), frame_id='RU_myo')","geometry_msgs.msg.Quaternion(x=0.765267020912497, y=0.5227107008370254, z=-0.2057517249558165, w=-0.3143344359307194)",[0. 0. 0. 0. 0. 0. 0. 0. 0.],"geometry_msgs.msg.Vector3(x=-72.5625, y=15.375, z=-64.0625)",[0. 0. 0. 0. 0. 0. 0. 0. 0.],"geometry_msgs.msg.Vector3(x=0.09375, y=1.1787109375, z=0.513671875)",[0. 0. 0. 0. 0. 0. 0. 0. 0.],False
13190282844,"std_msgs.msg.Header(stamp=builtin_interfaces.msg.Time(sec=1731186812, nanosec=401742867), frame_id='RU_myo')","geometry_msgs.msg.Quaternion(x=0.7716999492145378, y=0.5122896206404821, z=-0.19098703955487534, w=-0.32490380682345843)",[0. 0. 0. 0. 0. 0. 0. 0. 0.],"geometry_msgs.msg.Vector3(x=-103.5, y=22.5625, z=-68.625)",[0. 0. 0. 0. 0. 0. 0. 0. 0.],"geometry_msgs.msg.Vector3(x=0.06591796875, y=1.03955078125, z=0.48974609375)",[0. 0. 0. 0. 0. 0. 0. 0. 0.],False
13211377629,"std_msgs.msg.Header(stamp=builtin_interfaces.msg.Time(sec=1731186812, nanosec=422711959), frame_id='RU_myo')","geometry_msgs.msg.Quaternion(x=0.7774373070378551, y=0.5028896893055577, z=-0.1753003019402308, w=-0.33460872396808683)",[0. 0. 0. 0. 0. 0. 0. 0. 0.],"geometry_msgs.msg.Vector3(x=-89.875, y=34.125, z=-76.6875)",[0. 0. 0. 0. 0. 0. 0. 0. 0.],"geometry_msgs.msg.Vector3(x=0.07568359375, y=0.84375, z=0.54296875)",[0. 0. 0. 0. 0. 0. 0. 0. 0.],False
13229163008,"std_msgs.msg.Header(stamp=builtin_interfaces.msg.Time(sec=1731186812, nanosec=440700501), frame_id='RU_myo')","geometry_msgs.msg.Quaternion(x=0.7807691356940294, y=0.4981736777309778, z=-0.16040191436866083, w=-0.3413118360538628)",[0. 0. 0. 0. 0. 0. 0. 0. 0.],"geometry_msgs.msg.Vector3(x=-53.5625, y=46.25, z=-69.25)",[0. 0. 0. 0. 0. 0. 0. 0. 0.],"geometry_msgs.msg.Vector3(x=0.04296875, y=0.74755859375, z=0.576171875)",[0. 0. 0. 0. 0. 0. 0. 0. 0.],False
13250259106,"std_msgs.msg.Header(stamp=builtin_interfaces.msg.Time(sec=1731186812, nanosec=461865689), frame_id='RU_myo')","geometry_msgs.msg.Quaternion(x=0.7806523833597827, y=0.4995809036590947, z=-0.14758541539984008, w=-0.34528151154544884)",[0. 0. 0. 0. 0. 0. 0. 0. 0.],"geometry_msgs.msg.Vector3(x=-15.0, y=52.5, z=-62.3125)",[0. 0. 0. 0. 0. 0. 0. 0. 0.],"geometry_msgs.msg.Vector3(x=0.00048828125, y=0.76806640625, z=0.513671875)",[0. 0. 0. 0. 0. 0. 0. 0. 0.],False
13271354489,"std_msgs.msg.Header(stamp=builtin_interfaces.msg.Time(sec=1731186812, nanosec=482820916), frame_id='RU_myo')","geometry_msgs.msg.Quaternion(x=0.7786577479250659, y=0.504171278346088, z=-0.1361750753014676, w=-0.347792729299759)",[0. 0. 0. 0. 0. 0. 0. 0. 0.],"geometry_msgs.msg.Vector3(x=4.9375, y=54.8125, z=-57.0625)",[0. 0. 0. 0. 0. 0. 0. 0. 0.],"geometry_msgs.msg.Vector3(x=-0.02783203125, y=0.73974609375, z=0.43798828125)",[0. 0. 0. 0. 0. 0. 0. 0. 0.],False
13289189887,"std_msgs.msg.Header(stamp=builtin_interfaces.msg.Time(sec=1731186812, nanosec=500669181), frame_id='RU_myo')","geometry_msgs.msg.Quaternion(x=0.7762726494477012, y=0.5098447429498859, z=-0.12628621730675374, w=-0.348584140666443)",[0. 0. 0. 0. 0. 0. 0. 0. 0.],"geometry_msgs.msg.Vector3(x=16.75, y=53.5625, z=-44.8125)",[0. 0. 0. 0. 0. 0. 0. 0. 0.],"geometry_msgs.msg.Vector3(x=-0.07177734375, y=0.67822265625, z=0.4228515625)",[0. 0. 0. 0. 0. 0. 0. 0. 0.],False
13310280317,"std_msgs.msg.Header(stamp=builtin_interfaces.msg.Time(sec=1731186812, nanosec=521712033), frame_id='RU_myo')","geometry_msgs.msg.Quaternion(x=0.7725790331926182, y=0.517941671328216, z=-0.11883483785953766, w=-0.34747135692570513)",[0. 0. 0. 0. 0. 0. 0. 0. 0.],"geometry_msgs.msg.Vector3(x=34.3125, y=51.125, z=-31.6875)",[0. 0. 0. 0. 0. 0. 0. 0. 0.],"geometry_msgs.msg.Vector3(x=-0.1005859375, y=0.66064453125, z=0.35205078125)",[0. 0. 0. 0. 0. 0. 0. 0. 0.],False
13339152612,"std_msgs.msg.Header(stamp=builtin_interfaces.msg.Time(sec=1731186812, nanosec=550479489), frame_id='RU_myo')","geometry_msgs.msg.Quaternion(x=0.7685891871860788, y=0.5264518535165128, z=-0.11261491823048883, w=-0.345596567491072)",[0. 0. 0. 0. 0. 0. 0. 0. 0.],"geometry_msgs.msg.Vector3(x=37.375, y=47.0625, z=-23.3125)",[0. 0. 0. 0. 0. 0. 0. 0. 0.],"geometry_msgs.msg.Vector3(x=-0.16650390625, y=0.72216796875, z=0.32763671875)",[0. 0. 0. 0. 0. 0. 0. 0. 0.],False
13349530512,"std_msgs.msg.Header(stamp=builtin_interfaces.msg.Time(sec=1731186812, nanosec=560895182), frame_id='RU_myo')","geometry_msgs.msg.Quaternion(x=0.765887757682643, y=0.5332771229577026, z=-0.10699722977507754, w=-0.3429038430555537)",[0. 0. 0. 0. 0. 0. 0. 0. 0.],"geometry_msgs.msg.Vector3(x=31.3125, y=44.25, z=-13.625)",[0. 0. 0. 0. 0. 0. 0. 0. 0.],"geometry_msgs.msg.Vector3(x=-0.19091796875, y=0.7333984375, z=0.37841796875)",[0. 0. 0. 0. 0. 0. 0. 0. 0.],False
13370672485,"std_msgs.msg.Header(stamp=builtin_interfaces.msg.Time(sec=1731186812, nanosec=581960738), frame_id='RU_myo')","geometry_msgs.msg.Quaternion(x=0.7638010403019924, y=0.5397389003828128, z=-0.10266208644621634, w=-0.3387482638385854)",[0. 0. 0. 0. 0. 0. 0. 0. 0.],"geometry_msgs.msg.Vector3(x=33.8125, y=43.25, z=-0.625)",[0. 0. 0. 0. 0. 0. 0. 0. 0.],"geometry_msgs.msg.Vector3(x=-0.19970703125, y=0.689453125, z=0.38623046875)",[0. 0. 0. 0. 0. 0. 0. 0. 0.],False
13391300593,"std_msgs.msg.Header(stamp=builtin_interfaces.msg.Time(sec=1731186812, nanosec=602817242), frame_id='RU_myo')","geometry_msgs.msg.Quaternion(x=0.7619451291239124, y=0.5462956745701367, z=-0.09985918699404957, w=-0.33320984217635485)",[0. 0. 0. 0. 0. 0. 0. 0. 0.],"geometry_msgs.msg.Vector3(x=34.8125, y=40.0, z=11.375)",[0. 0. 0. 0. 0. 0. 0. 0. 0.],"geometry_msgs.msg.Vector3(x=-0.21435546875, y=0.68701171875, z=0.32861328125)",[0. 0. 0. 0. 0. 0. 0. 0. 0.],False
13409245816,"std_msgs.msg.Header(stamp=builtin_interfaces.msg.Time(sec=1731186812, nanosec=620668105), frame_id='RU_myo')","geometry_msgs.msg.Quaternion(x=0.7614621153758001, y=0.5509553154454431, z=-0.09716637445321206, w=-0.32738720638632507)",[0. 0. 0. 0. 0. 0. 0. 0. 0.],"geometry_msgs.msg.Vector3(x=22.375, y=37.75, z=17.4375)",[0. 0. 0. 0. 0. 0. 0. 0. 0.],"geometry_msgs.msg.Vector3(x=-0.2314453125, y=0.7099609375, z=0.33447265625)",[0. 0. 0. 0. 0. 0. 0. 0. 0.],False
13430407232,"std_msgs.msg.Header(stamp=builtin_interfaces.msg.Time(sec=1731186812, nanosec=641699562), frame_id='RU_myo')","geometry_msgs.msg.Quaternion(x=0.7624395270241098, y=0.5541130434973075, z=-0.09564828587357137, w=-0.3201501336355341)",[0. 0. 0. 0. 0. 0. 0. 0. 0.],"geometry_msgs.msg.Vector3(x=17.6875, y=35.375, z=30.875)",[0. 0. 0. 0. 0. 0. 0. 0. 0.],"geometry_msgs.msg.Vector3(x=-0.220703125, y=0.6787109375, z=0.36376953125)",[0. 0. 0. 0. 0. 0. 0. 0. 0.],False
13459162529,"std_msgs.msg.Header(stamp=builtin_interfaces.msg.Time(sec=1731186812, nanosec=670458490), frame_id='RU_myo')","geometry_msgs.msg.Quaternion(x=0.7634555472723782, y=0.5571492033500375, z=-0.09576764899827002, w=-0.31232827273686914)",[0. 0. 0. 0. 0. 0. 0. 0. 0.],"geometry_msgs.msg.Vector3(x=13.5625, y=29.875, z=36.0)",[0. 0. 0. 0. 0. 0. 0. 0. 0.],"geometry_msgs.msg.Vector3(x=-0.19091796875, y=0.78466796875, z=0.296875)",[0. 0. 0. 0. 0. 0. 0. 0. 0.],False
13469537610,"std_msgs.msg.Header(stamp=builtin_interfaces.msg.Time(sec=1731186812, nanosec=680894846), frame_id='RU_myo')","geometry_msgs.msg.Quaternion(x=0.7655834828963576, y=0.5584859179224805, z=-0.09558349152640484, w=-0.30469526800754343)",[0. 0. 0. 0. 0. 0. 0. 0. 0.],"geometry_msgs.msg.Vector3(x=-1.125, y=27.4375, z=36.6875)",[0. 0. 0. 0. 0. 0. 0. 0. 0.],"geometry_msgs.msg.Vector3(x=-0.20556640625, y=0.880859375, z=0.2822265625)",[0. 0. 0. 0. 0. 0. 0. 0. 0.],False
13491816349,"std_msgs.msg.Header(stamp=builtin_interfaces.msg.Time(sec=1731186812, nanosec=703182339), frame_id='RU_myo')","geometry_msgs.msg.Quaternion(x=0.7690030772434101, y=0.5577545932098009, z=-0.09527849857742386, w=-0.2974324942778901)",[0. 0. 0. 0. 0. 0. 0. 0. 0.],"geometry_msgs.msg.Vector3(x=-11.9375, y=24.25, z=38.9375)",[0. 0. 0. 0. 0. 0. 0. 0. 0.],"geometry_msgs.msg.Vector3(x=-0.20068359375, y=0.85498046875, z=0.318359375)",[0. 0. 0. 0. 0. 0. 0. 0. 0.],False
13511659283,"std_msgs.msg.Header(stamp=builtin_interfaces.msg.Time(sec=1731186812, nanosec=722934097), frame_id='RU_myo')","geometry_msgs.msg.Quaternion(x=0.7715560780844873, y=0.5576248975065166, z=-0.0966810242611999, w=-0.29053136078491887)",[0. 0. 0. 0. 0. 0. 0. 0. 0.],"geometry_msgs.msg.Vector3(x=-4.625, y=16.25, z=40.0625)",[0. 0. 0. 0. 0. 0. 0. 0. 0.],"geometry_msgs.msg.Vector3(x=-0.16845703125, y=0.83447265625, z=0.29296875)",[0. 0. 0. 0. 0. 0. 0. 0. 0.],False
13529488290,"std_msgs.msg.Header(stamp=builtin_interfaces.msg.Time(sec=1731186812, nanosec=740837370), frame_id='RU_myo')","geometry_msgs.msg.Quaternion(x=0.773628199548688, y=0.5576836969843284, z=-0.09863378070774595, w=-0.2841824770886542)",[0. 0. 0. 0. 0. 0. 0. 0. 0.],"geometry_msgs.msg.Vector3(x=-4.625, y=12.25, z=37.25)",[0. 0. 0. 0. 0. 0. 0. 0. 0.],"geometry_msgs.msg.Vector3(x=-0.14990234375, y=0.86865234375, z=0.2666015625)",[0. 0. 0. 0. 0. 0. 0. 0. 0.],False
13551944977,"std_msgs.msg.Header(stamp=builtin_interfaces.msg.Time(sec=1731186812, nanosec=763331480), frame_id='RU_myo')","geometry_msgs.msg.Quaternion(x=0.7750508259916096, y=0.558368637279197, z=-0.10144388665916326, w=-0.27790253667820114)",[0. 0. 0. 0. 0. 0. 0. 0. 0.],"geometry_msgs.msg.Vector3(x=3.5625, y=9.125, z=38.0)",[0. 0. 0. 0. 0. 0. 0. 0. 0.],"geometry_msgs.msg.Vector3(x=-0.142578125, y=0.9072265625, z=0.302734375)",[0. 0. 0. 0. 0. 0. 0. 0. 0.],False
13571449901,"std_msgs.msg.Header(stamp=builtin_interfaces.msg.Time(sec=1731186812, nanosec=782813320), frame_id='RU_myo')","geometry_msgs.msg.Quaternion(x=0.7753311567663311, y=0.5601207608946407, z=-0.10546896314982446, w=-0.2720342411798424)",[0. 0. 0. 0. 0. 0. 0. 0. 0.],"geometry_msgs.msg.Vector3(x=14.8125, y=4.9375, z=35.0)",[0. 0. 0. 0. 0. 0. 0. 0. 0.],"geometry_msgs.msg.Vector3(x=-0.091796875, y=0.96044921875, z=0.33251953125)",[0. 0. 0. 0. 0. 0. 0. 0. 0.],False
13589358820,"std_msgs.msg.Header(stamp=builtin_interfaces.msg.Time(sec=1731186812, nanosec=800700051), frame_id='RU_myo')","geometry_msgs.msg.Quaternion(x=0.7759918431498111, y=0.5610895873899806, z=-0.10882440273211524, w=-0.2667815279540526)",[0. 0. 0. 0. 0. 0. 0. 0. 0.],"geometry_msgs.msg.Vector3(x=8.25, y=4.9375, z=30.625)",[0. 0. 0. 0. 0. 0. 0. 0. 0.],"geometry_msgs.msg.Vector3(x=-0.078125, y=0.97216796875, z=0.33056640625)",[0. 0. 0. 0. 0. 0. 0. 0. 0.],False
13619648195,"std_msgs.msg.Header(stamp=builtin_interfaces.msg.Time(sec=1731186812, nanosec=830945816), frame_id='RU_myo')","geometry_msgs.msg.Quaternion(x=0.7770505686621403, y=0.5611658886403046, z=-0.11194020445576666, w=-0.2622110787033662)",[0. 0. 0. 0. 0. 0. 0. 0. 0.],"geometry_msgs.msg.Vector3(x=1.9375, y=1.9375, z=29.75)",[0. 0. 0. 0. 0. 0. 0. 0. 0.],"geometry_msgs.msg.Vector3(x=-0.08935546875, y=0.9501953125, z=0.3125)",[0. 0. 0. 0. 0. 0. 0. 0. 0.],False
13632346922,"std_msgs.msg.Header(stamp=builtin_interfaces.msg.Time(sec=1731186812, nanosec=843660722), frame_id='RU_myo')","geometry_msgs.msg.Quaternion(x=0.7780357548247142, y=0.5610500241899092, z=-0.1149932817203861, w=-0.25818555290723627)",[0. 0. 0. 0. 0. 0. 0. 0. 0.],"geometry_msgs.msg.Vector3(x=1.875, y=0.25, z=27.5)",[0. 0. 0. 0. 0. 0. 0. 0. 0.],"geometry_msgs.msg.Vector3(x=-0.09033203125, y=0.98583984375, z=0.34033203125)",[0. 0. 0. 0. 0. 0. 0. 0. 0.],False
13648564201,"std_msgs.msg.Header(stamp=builtin_interfaces.msg.Time(sec=1731186812, nanosec=859915229), frame_id='RU_myo')","geometry_msgs.msg.Quaternion(x=0.7795739521643597, y=0.560143294629841, z=-0.11713141357684045, w=-0.25452735519303005)",[0. 0. 0. 0. 0. 0. 0. 0. 0.],"geometry_msgs.msg.Vector3(x=0.9375, y=2.5625, z=25.0)",[0. 0. 0. 0. 0. 0. 0. 0. 0.],"geometry_msgs.msg.Vector3(x=-0.091796875, y=0.9521484375, z=0.419921875)",[0. 0. 0. 0. 0. 0. 0. 0. 0.],False
13670989929,"std_msgs.msg.Header(stamp=builtin_interfaces.msg.Time(sec=1731186812, nanosec=882382876), frame_id='RU_myo')","geometry_msgs.msg.Quaternion(x=0.7802287229526786, y=0.5601923820120226, z=-0.11950933580077797, w=-0.25128699463319865)",[0. 0. 0. 0. 0. 0. 0. 0. 0.],"geometry_msgs.msg.Vector3(x=4.125, y=1.0, z=21.5)",[0. 0. 0. 0. 0. 0. 0. 0. 0.],"geometry_msgs.msg.Vector3(x=-0.0712890625, y=0.9501953125, z=0.35400390625)",[0. 0. 0. 0. 0. 0. 0. 0. 0.],False
13700350696,"std_msgs.msg.Header(stamp=builtin_interfaces.msg.Time(sec=1731186812, nanosec=911412828), frame_id='RU_myo')","geometry_msgs.msg.Quaternion(x=0.7806032572937326, y=0.5602593868714655, z=-0.12183001810605132, w=-0.2488481882857571)",[0. 0. 0. 0. 0. 0. 0. 0. 0.],"geometry_msgs.msg.Vector3(x=-1.125, y=-2.3125, z=17.6875)",[0. 0. 0. 0. 0. 0. 0. 0. 0.],"geometry_msgs.msg.Vector3(x=-0.08154296875, y=1.02587890625, z=0.29833984375)",[0. 0. 0. 0. 0. 0. 0. 0. 0.],False
13708776131,"std_msgs.msg.Header(stamp=builtin_interfaces.msg.Time(sec=1731186812, nanosec=920081456), frame_id='RU_myo')","geometry_msgs.msg.Quaternion(x=0.7817772654462778, y=0.5588657590901093, z=-0.12366339317568385, w=-0.2473878245513557)",[0. 0. 0. 0. 0. 0. 0. 0. 0.],"geometry_msgs.msg.Vector3(x=-9.25, y=-4.8125, z=14.75)",[0. 0. 0. 0. 0. 0. 0. 0. 0.],"geometry_msgs.msg.Vector3(x=-0.08251953125, y=0.978515625, z=0.31494140625)",[0. 0. 0. 0. 0. 0. 0. 0. 0.],False
13731241544,"std_msgs.msg.Header(stamp=builtin_interfaces.msg.Time(sec=1731186812, nanosec=942529702), frame_id='RU_myo')","geometry_msgs.msg.Quaternion(x=0.7834852258263386, y=0.5566675957881122, z=-0.12555539962019152, w=-0.2459835977002294)",[0. 0. 0. 0. 0. 0. 0. 0. 0.],"geometry_msgs.msg.Vector3(x=-11.125, y=-5.8125, z=16.25)",[0. 0. 0. 0. 0. 0. 0. 0. 0.],"geometry_msgs.msg.Vector3(x=-0.07568359375, y=0.87109375, z=0.3349609375)",[0. 0. 0. 0. 0. 0. 0. 0. 0.],False
13752139990,"std_msgs.msg.Header(stamp=builtin_interfaces.msg.Time(sec=1731186812, nanosec=963615639), frame_id='RU_myo')","geometry_msgs.msg.Quaternion(x=0.7842116002355446, y=0.5559308261943757, z=-0.12842319480818692, w=-0.24384537227124847)",[0. 0. 0. 0. 0. 0. 0. 0. 0.],"geometry_msgs.msg.Vector3(x=-0.6875, y=-6.6875, z=20.0625)",[0. 0. 0. 0. 0. 0. 0. 0. 0.],"geometry_msgs.msg.Vector3(x=-0.06298828125, y=0.890625, z=0.32421875)",[0. 0. 0. 0. 0. 0. 0. 0. 0.],False
13768338708,"std_msgs.msg.Header(stamp=builtin_interfaces.msg.Time(sec=1731186812, nanosec=979763280), frame_id='RU_myo')","geometry_msgs.msg.Quaternion(x=0.7848867996229576, y=0.5551400141979003, z=-0.13092636948372688, w=-0.24213748612678068)",[0. 0. 0. 0. 0. 0. 0. 0. 0.],"geometry_msgs.msg.Vector3(x=-0.75, y=-6.5625, z=17.25)",[0. 0. 0. 0. 0. 0. 0. 0. 0.],"geometry_msgs.msg.Vector3(x=-0.06494140625, y=0.9287109375, z=0.34619140625)",[0. 0. 0. 0. 0. 0. 0. 0. 0.],False
13791148486,"std_msgs.msg.Header(stamp=builtin_interfaces.msg.Time(sec=1731186813, nanosec=2480614), frame_id='RU_myo')","geometry_msgs.msg.Quaternion(x=0.7854667907889161, y=0.5538367907077959, z=-0.13330169174628897, w=-0.24194501194244025)",[0. 0. 0. 0. 0. 0. 0. 0. 0.],"geometry_msgs.msg.Vector3(x=-10.1875, y=-12.0625, z=11.0625)",[0. 0. 0. 0. 0. 0. 0. 0. 0.],"geometry_msgs.msg.Vector3(x=-0.0693359375, y=0.93505859375, z=0.2626953125)",[0. 0. 0. 0. 0. 0. 0. 0. 0.],False
13812009995,"std_msgs.msg.Header(stamp=builtin_interfaces.msg.Time(sec=1731186813, nanosec=23513174), frame_id='RU_myo')","geometry_msgs.msg.Quaternion(x=0.7866532216049018, y=0.5520855361123788, z=-0.13617499514281006, w=-0.24048833745525397)",[0. 0. 0. 0. 0. 0. 0. 0. 0.],"geometry_msgs.msg.Vector3(x=-5.1875, y=-8.3125, z=14.625)",[0. 0. 0. 0. 0. 0. 0. 0. 0.],"geometry_msgs.msg.Vector3(x=0.00927734375, y=0.91455078125, z=0.369140625)",[0. 0. 0. 0. 0. 0. 0. 0. 0.],False
13828862166,"std_msgs.msg.Header(stamp=builtin_interfaces.msg.Time(sec=1731186813, nanosec=40135216), frame_id='RU_myo')","geometry_msgs.msg.Quaternion(x=0.785059341662706, y=0.5548273531110245, z=-0.13818802282105164, w=-0.23822785029618576)",[0. 0. 0. 0. 0. 0. 0. 0. 0.],"geometry_msgs.msg.Vector3(x=33.1875, y=8.125, z=-6.0)",[0. 0. 0. 0. 0. 0. 0. 0. 0.],"geometry_msgs.msg.Vector3(x=0.20654296875, y=1.310546875, z=0.6513671875)",[0. 0. 0. 0. 0. 0. 0. 0. 0.],False
13851222841,"std_msgs.msg.Header(stamp=builtin_interfaces.msg.Time(sec=1731186813, nanosec=62527400), frame_id='RU_myo')","geometry_msgs.msg.Quaternion(x=0.7862044003362402, y=0.5546949452880794, z=-0.13543882962084597, w=-0.23633129711217468)",[0. 0. 0. 0. 0. 0. 0. 0. 0.],"geometry_msgs.msg.Vector3(x=5.125, y=20.5, z=-1.1875)",[0. 0. 0. 0. 0. 0. 0. 0. 0.],"geometry_msgs.msg.Vector3(x=-0.0126953125, y=0.9716796875, z=0.53759765625)",[0. 0. 0. 0. 0. 0. 0. 0. 0.],False
13872285958,"std_msgs.msg.Header(stamp=builtin_interfaces.msg.Time(sec=1731186813, nanosec=83723647), frame_id='RU_myo')","geometry_msgs.msg.Quaternion(x=0.7867740423500192, y=0.5553806835797381, z=-0.13342808817510798, w=-0.23395693594473418)",[0. 0. 0. 0. 0. 0. 0. 0. 0.],"geometry_msgs.msg.Vector3(x=-8.5625, y=14.5, z=12.625)",[0. 0. 0. 0. 0. 0. 0. 0. 0.],"geometry_msgs.msg.Vector3(x=-0.169921875, y=0.84619140625, z=0.17724609375)",[0. 0. 0. 0. 0. 0. 0. 0. 0.],False
13888653971,"std_msgs.msg.Header(stamp=builtin_interfaces.msg.Time(sec=1731186813, nanosec=100093707), frame_id='RU_myo')","geometry_msgs.msg.Quaternion(x=0.78427548234234, y=0.5588626598432925, z=-0.133489803088388, w=-0.23401916096976666)",[0. 0. 0. 0. 0. 0. 0. 0. 0.],"geometry_msgs.msg.Vector3(x=15.625, y=-0.625, z=0.875)",[0. 0. 0. 0. 0. 0. 0. 0. 0.],"geometry_msgs.msg.Vector3(x=-0.1533203125, y=0.87060546875, z=0.1904296875)",[0. 0. 0. 0. 0. 0. 0. 0. 0.],False
13911291797,"std_msgs.msg.Header(stamp=builtin_interfaces.msg.Time(sec=1731186813, nanosec=122604984), frame_id='RU_myo')","geometry_msgs.msg.Quaternion(x=0.7824589952397669, y=0.5614977999228189, z=-0.13446892632133603, w=-0.23323003516741939)",[0. 0. 0. 0. 0. 0. 0. 0. 0.],"geometry_msgs.msg.Vector3(x=19.5, y=0.6875, z=0.75)",[0. 0. 0. 0. 0. 0. 0. 0. 0.],"geometry_msgs.msg.Vector3(x=-0.02978515625, y=0.869140625, z=0.30908203125)",[0. 0. 0. 0. 0. 0. 0. 0. 0.],False
13932263225,"std_msgs.msg.Header(stamp=builtin_interfaces.msg.Time(sec=1731186813, nanosec=143690472), frame_id='RU_myo')","geometry_msgs.msg.Quaternion(x=0.7815179400730017, y=0.5634326854743735, z=-0.13544113628725327, w=-0.23114717580884547)",[0. 0. 0. 0. 0. 0. 0. 0. 0.],"geometry_msgs.msg.Vector3(x=13.5, y=5.625, z=5.125)",[0. 0. 0. 0. 0. 0. 0. 0. 0.],"geometry_msgs.msg.Vector3(x=0.01904296875, y=0.94140625, z=0.31005859375)",[0. 0. 0. 0. 0. 0. 0. 0. 0.],False
13948645359,"std_msgs.msg.Header(stamp=builtin_interfaces.msg.Time(sec=1731186813, nanosec=159978350), frame_id='RU_myo')","geometry_msgs.msg.Quaternion(x=0.7808503321644077, y=0.5652665462498694, z=-0.13538075797237992, w=-0.2289509572382313)",[0. 0. 0. 0. 0. 0. 0. 0. 0.],"geometry_msgs.msg.Vector3(x=13.25, y=10.0625, z=5.3125)",[0. 0. 0. 0. 0. 0. 0. 0. 0.],"geometry_msgs.msg.Vector3(x=-0.0146484375, y=0.912109375, z=0.3330078125)",[0. 0. 0. 0. 0. 0. 0. 0. 0.],False
13970989025,"std_msgs.msg.Header(stamp=builtin_interfaces.msg.Time(sec=1731186813, nanosec=182335610), frame_id='RU_myo')","geometry_msgs.msg.Quaternion(x=0.7802503787699553, y=0.5672883533042294, z=-0.13550464217079722, w=-0.22590210841176597)",[0. 0. 0. 0. 0. 0. 0. 0. 0.],"geometry_msgs.msg.Vector3(x=11.125, y=11.9375, z=9.5)",[0. 0. 0. 0. 0. 0. 0. 0. 0.],"geometry_msgs.msg.Vector3(x=-0.0078125, y=0.88037109375, z=0.2646484375)",[0. 0. 0. 0. 0. 0. 0. 0. 0.],False
13992374902,"std_msgs.msg.Header(stamp=builtin_interfaces.msg.Time(sec=1731186813, nanosec=203639359), frame_id='RU_myo')","geometry_msgs.msg.Quaternion(x=0.7797489806940879, y=0.5688047554667871, z=-0.13568547820610236, w=-0.2237009795885583)",[0. 0. 0. 0. 0. 0. 0. 0. 0.],"geometry_msgs.msg.Vector3(x=4.1875, y=9.375, z=3.25)",[0. 0. 0. 0. 0. 0. 0. 0. 0.],"geometry_msgs.msg.Vector3(x=0.03564453125, y=0.94970703125, z=0.2216796875)",[0. 0. 0. 0. 0. 0. 0. 0. 0.],False
14008473510,"std_msgs.msg.Header(stamp=builtin_interfaces.msg.Time(sec=1731186813, nanosec=219885431), frame_id='RU_myo')","geometry_msgs.msg.Quaternion(x=0.7795484427535527, y=0.5695855048368427, z=-0.1353772663660648, w=-0.2225973356343726)",[0. 0. 0. 0. 0. 0. 0. 0. 0.],"geometry_msgs.msg.Vector3(x=-4.125, y=7.3125, z=-2.0)",[0. 0. 0. 0. 0. 0. 0. 0. 0.],"geometry_msgs.msg.Vector3(x=0.03271484375, y=0.9853515625, z=0.19970703125)",[0. 0. 0. 0. 0. 0. 0. 0. 0.],False
14030914442,"std_msgs.msg.Header(stamp=builtin_interfaces.msg.Time(sec=1731186813, nanosec=242322064), frame_id='RU_myo')","geometry_msgs.msg.Quaternion(x=0.7804160901478212, y=0.568374365044307, z=-0.13556265729847575, w=-0.2225400488564802)",[0. 0. 0. 0. 0. 0. 0. 0. 0.],"geometry_msgs.msg.Vector3(x=-19.6875, y=-0.6875, z=-1.3125)",[0. 0. 0. 0. 0. 0. 0. 0. 0.],"geometry_msgs.msg.Vector3(x=0.017578125, y=1.01025390625, z=0.16064453125)",[0. 0. 0. 0. 0. 0. 0. 0. 0.],False
14052130692,"std_msgs.msg.Header(stamp=builtin_interfaces.msg.Time(sec=1731186813, nanosec=263562100), frame_id='RU_myo')","geometry_msgs.msg.Quaternion(x=0.7823037678648408, y=0.5651361930764267, z=-0.1361112118544585, w=-0.22382054433645712)",[0. 0. 0. 0. 0. 0. 0. 0. 0.],"geometry_msgs.msg.Vector3(x=-35.4375, y=-8.625, z=-2.8125)",[0. 0. 0. 0. 0. 0. 0. 0. 0.],"geometry_msgs.msg.Vector3(x=0.01025390625, y=1.05322265625, z=0.14697265625)",[0. 0. 0. 0. 0. 0. 0. 0. 0.],False
14068418223,"std_msgs.msg.Header(stamp=builtin_interfaces.msg.Time(sec=1731186813, nanosec=279792700), frame_id='RU_myo')","geometry_msgs.msg.Quaternion(x=0.78513510212066, y=0.5595987418364464, z=-0.13629842828542593, w=-0.22767269928555248)",[0. 0. 0. 0. 0. 0. 0. 0. 0.],"geometry_msgs.msg.Vector3(x=-51.0, y=-17.8125, z=-12.1875)",[0. 0. 0. 0. 0. 0. 0. 0. 0.],"geometry_msgs.msg.Vector3(x=0.0068359375, y=1.033203125, z=0.15185546875)",[0. 0. 0. 0. 0. 0. 0. 0. 0.],False
14090880835,"std_msgs.msg.Header(stamp=builtin_interfaces.msg.Time(sec=1731186813, nanosec=302362515), frame_id='RU_myo')","geometry_msgs.msg.Quaternion(x=0.7888322871313633, y=0.5514013371978286, z=-0.13678220020592582, w=-0.23450121070556315)",[0. 0. 0. 0. 0. 0. 0. 0. 0.],"geometry_msgs.msg.Vector3(x=-73.25, y=-32.1875, z=-19.8125)",[0. 0. 0. 0. 0. 0. 0. 0. 0.],"geometry_msgs.msg.Vector3(x=-0.02001953125, y=0.97607421875, z=0.0703125)",[0. 0. 0. 0. 0. 0. 0. 0. 0.],False
14112024789,"std_msgs.msg.Header(stamp=builtin_interfaces.msg.Time(sec=1731186813, nanosec=323423717), frame_id='RU_myo')","geometry_msgs.msg.Quaternion(x=0.7924480237116241, y=0.5406078830789383, z=-0.1400807374580742, w=-0.24524810592877655)",[0. 0. 0. 0. 0. 0. 0. 0. 0.],"geometry_msgs.msg.Vector3(x=-96.75, y=-62.0, z=-25.125)",[0. 0. 0. 0. 0. 0. 0. 0. 0.],"geometry_msgs.msg.Vector3(x=-0.0498046875, y=1.0048828125, z=-0.09033203125)",[0. 0. 0. 0. 0. 0. 0. 0. 0.],False
14128625087,"std_msgs.msg.Header(stamp=builtin_interfaces.msg.Time(sec=1731186813, nanosec=340030363), frame_id='RU_myo')","geometry_msgs.msg.Quaternion(x=0.7986028923867949, y=0.5224122711662013, z=-0.14538918447457547, w=-0.26111458068103854)",[0. 0. 0. 0. 0. 0. 0. 0. 0.],"geometry_msgs.msg.Vector3(x=-115.6875, y=-94.1875, z=-32.5)",[0. 0. 0. 0. 0. 0. 0. 0. 0.],"geometry_msgs.msg.Vector3(x=-0.048828125, y=1.0205078125, z=-0.10400390625)",[0. 0. 0. 0. 0. 0. 0. 0. 0.],False
14151012864,"std_msgs.msg.Header(stamp=builtin_interfaces.msg.Time(sec=1731186813, nanosec=362365830), frame_id='RU_myo')","geometry_msgs.msg.Quaternion(x=0.807639907965634, y=0.49635185395832343, z=-0.1514324827435564, w=-0.28003717485991)",[0. 0. 0. 0. 0. 0. 0. 0. 0.],"geometry_msgs.msg.Vector3(x=-159.6875, y=-115.6875, z=-33.9375)",[0. 0. 0. 0. 0. 0. 0. 0. 0.],"geometry_msgs.msg.Vector3(x=0.01220703125, y=0.76611328125, z=-0.0263671875)",[0. 0. 0. 0. 0. 0. 0. 0. 0.],False
14172103117,"std_msgs.msg.Header(stamp=builtin_interfaces.msg.Time(sec=1731186813, nanosec=383475797), frame_id='RU_myo')","geometry_msgs.msg.Quaternion(x=0.8175644956443929, y=0.4653312217090595, z=-0.158080779672936, w=-0.30010934117831134)",[0. 0. 0. 0. 0. 0. 0. 0. 0.],"geometry_msgs.msg.Vector3(x=-182.6875, y=-128.1875, z=-33.0625)",[0. 0. 0. 0. 0. 0. 0. 0. 0.],"geometry_msgs.msg.Vector3(x=0.0986328125, y=0.57568359375, z=0.08544921875)",[0. 0. 0. 0. 0. 0. 0. 0. 0.],False
14187987970,"std_msgs.msg.Header(stamp=builtin_interfaces.msg.Time(sec=1731186813, nanosec=399470572), frame_id='RU_myo')","geometry_msgs.msg.Quaternion(x=0.824630246342147, y=0.43624221840172644, z=-0.16675720451567325, w=-0.319170359594603)",[0. 0. 0. 0. 0. 0. 0. 0. 0.],"geometry_msgs.msg.Vector3(x=-158.6875, y=-133.75, z=-30.375)",[0. 0. 0. 0. 0. 0. 0. 0. 0.],"geometry_msgs.msg.Vector3(x=0.177734375, y=0.49755859375, z=0.2470703125)",[0. 0. 0. 0. 0. 0. 0. 0. 0.],False
14211012258,"std_msgs.msg.Header(stamp=builtin_interfaces.msg.Time(sec=1731186813, nanosec=422413627), frame_id='RU_myo')","geometry_msgs.msg.Quaternion(x=0.8287980493463473, y=0.4100960375254516, z=-0.17767369626977075, w=-0.33667059726006715)",[0. 0. 0. 0. 0. 0. 0. 0. 0.],"geometry_msgs.msg.Vector3(x=-129.25, y=-136.75, z=-25.875)",[0. 0. 0. 0. 0. 0. 0. 0. 0.],"geometry_msgs.msg.Vector3(x=0.2353515625, y=0.36181640625, z=0.37451171875)",[0. 0. 0. 0. 0. 0. 0. 0. 0.],False
14232140524,"std_msgs.msg.Header(stamp=builtin_interfaces.msg.Time(sec=1731186813, nanosec=443517935), frame_id='RU_myo')","geometry_msgs.msg.Quaternion(x=0.8297135259808008, y=0.38855055954051626, z=-0.19226111570100946, w=-0.3516242182709573)",[0. 0. 0. 0. 0. 0. 0. 0. 0.],"geometry_msgs.msg.Vector3(x=-89.3125, y=-142.6875, z=-16.8125)",[0. 0. 0. 0. 0. 0. 0. 0. 0.],"geometry_msgs.msg.Vector3(x=0.28857421875, y=0.33984375, z=0.4462890625)",[0. 0. 0. 0. 0. 0. 0. 0. 0.],False
14247672681,"std_msgs.msg.Header(stamp=builtin_interfaces.msg.Time(sec=1731186813, nanosec=459115086), frame_id='RU_myo')","geometry_msgs.msg.Quaternion(x=0.8264465620409743, y=0.3733048134004874, z=-0.21082322195639036, w=-0.3649426879204568)",[0. 0. 0. 0. 0. 0. 0. 0. 0.],"geometry_msgs.msg.Vector3(x=-39.1875, y=-149.625, z=-15.0625)",[0. 0. 0. 0. 0. 0. 0. 0. 0.],"geometry_msgs.msg.Vector3(x=0.28369140625, y=0.31982421875, z=0.50390625)",[0. 0. 0. 0. 0. 0. 0. 0. 0.],False
14271877315,"std_msgs.msg.Header(stamp=builtin_interfaces.msg.Time(sec=1731186813, nanosec=483221755), frame_id='RU_myo')","geometry_msgs.msg.Quaternion(x=0.8205129689471321, y=0.36292271913707114, z=-0.23492928791769035, w=-0.37397031620464766)",[0. 0. 0. 0. 0. 0. 0. 0. 0.],"geometry_msgs.msg.Vector3(x=7.0625, y=-160.3125, z=5.4375)",[0. 0. 0. 0. 0. 0. 0. 0. 0.],"geometry_msgs.msg.Vector3(x=0.3154296875, y=0.3623046875, z=0.6015625)",[0. 0. 0. 0. 0. 0. 0. 0. 0.],False
14292137861,"std_msgs.msg.Header(stamp=builtin_interfaces.msg.Time(sec=1731186813, nanosec=503475331), frame_id='RU_myo')","geometry_msgs.msg.Quaternion(x=0.8126509609295955, y=0.3543216785486182, z=-0.26459680904535055, w=-0.3795300942662029)",[0. 0. 0. 0. 0. 0. 0. 0. 0.],"geometry_msgs.msg.Vector3(x=34.75, y=-178.5, z=27.5625)",[0. 0. 0. 0. 0. 0. 0. 0. 0.],"geometry_msgs.msg.Vector3(x=0.2958984375, y=0.369140625, z=0.48486328125)",[0. 0. 0. 0. 0. 0. 0. 0. 0.],False
14307907578,"std_msgs.msg.Header(stamp=builtin_interfaces.msg.Time(sec=1731186813, nanosec=519393854), frame_id='RU_myo')","geometry_msgs.msg.Quaternion(x=0.8040511144018556, y=0.3446194938064888, z=-0.30030604136165867, w=-0.38020453895157963)",[0. 0. 0. 0. 0. 0. 0. 0. 0.],"geometry_msgs.msg.Vector3(x=51.5625, y=-199.9375, z=62.0)",[0. 0. 0. 0. 0. 0. 0. 0. 0.],"geometry_msgs.msg.Vector3(x=0.3779296875, y=0.44091796875, z=0.5146484375)",[0. 0. 0. 0. 0. 0. 0. 0. 0.],False
14330905744,"std_msgs.msg.Header(stamp=builtin_interfaces.msg.Time(sec=1731186813, nanosec=542393192), frame_id='RU_myo')","geometry_msgs.msg.Quaternion(x=0.7954834540780806, y=0.3323415489492173, z=-0.3400320971893645, w=-0.3756771779214752)",[0. 0. 0. 0. 0. 0. 0. 0. 0.],"geometry_msgs.msg.Vector3(x=56.625, y=-213.5, z=98.1875)",[0. 0. 0. 0. 0. 0. 0. 0. 0.],"geometry_msgs.msg.Vector3(x=0.5126953125, y=0.5927734375, z=0.54638671875)",[0. 0. 0. 0. 0. 0. 0. 0. 0.],False
14351999569,"std_msgs.msg.Header(stamp=builtin_interfaces.msg.Time(sec=1731186813, nanosec=563451075), frame_id='RU_myo')","geometry_msgs.msg.Quaternion(x=0.7864436089897735, y=0.3165916181474548, z=-0.3808010614270234, w=-0.3691432632650485)",[0. 0. 0. 0. 0. 0. 0. 0. 0.],"geometry_msgs.msg.Vector3(x=45.8125, y=-222.9375, z=114.875)",[0. 0. 0. 0. 0. 0. 0. 0. 0.],"geometry_msgs.msg.Vector3(x=0.576171875, y=0.6884765625, z=0.42578125)",[0. 0. 0. 0. 0. 0. 0. 0. 0.],False
14367603593,"std_msgs.msg.Header(stamp=builtin_interfaces.msg.Time(sec=1731186813, nanosec=579114862), frame_id='RU_myo')","geometry_msgs.msg.Quaternion(x=0.7780261477166813, y=0.293400148432893, z=-0.420782322300055, w=-0.36267603120204917)",[0. 0. 0. 0. 0. 0. 0. 0. 0.],"geometry_msgs.msg.Vector3(x=8.9375, y=-234.3125, z=132.375)",[0. 0. 0. 0. 0. 0. 0. 0. 0.],"geometry_msgs.msg.Vector3(x=0.5146484375, y=0.5966796875, z=0.34619140625)",[0. 0. 0. 0. 0. 0. 0. 0. 0.],False
14390941003,"std_msgs.msg.Header(stamp=builtin_interfaces.msg.Time(sec=1731186813, nanosec=602423789), frame_id='RU_myo')","geometry_msgs.msg.Quaternion(x=0.7667180374445218, y=0.26708789459140486, z=-0.46294828164437973, w=-0.355649260005511)",[0. 0. 0. 0. 0. 0. 0. 0. 0.],"geometry_msgs.msg.Vector3(x=4.8125, y=-254.375, z=137.3125)",[0. 0. 0. 0. 0. 0. 0. 0. 0.],"geometry_msgs.msg.Vector3(x=0.76953125, y=0.515625, z=0.1591796875)",[0. 0. 0. 0. 0. 0. 0. 0. 0.],False
14421112573,"std_msgs.msg.Header(stamp=builtin_interfaces.msg.Time(sec=1731186813, nanosec=632535691), frame_id='RU_myo')","geometry_msgs.msg.Quaternion(x=0.7491977821361718, y=0.24682328561781497, z=-0.5076234585765003, w=-0.3465535647225404)",[0. 0. 0. 0. 0. 0. 0. 0. 0.],"geometry_msgs.msg.Vector3(x=56.5, y=-272.0625, z=124.5625)",[0. 0. 0. 0. 0. 0. 0. 0. 0.],"geometry_msgs.msg.Vector3(x=0.74951171875, y=0.70849609375, z=0.63427734375)",[0. 0. 0. 0. 0. 0. 0. 0. 0.],False
14427969167,"std_msgs.msg.Header(stamp=builtin_interfaces.msg.Time(sec=1731186813, nanosec=639368509), frame_id='RU_myo')","geometry_msgs.msg.Quaternion(x=0.7326117843749358, y=0.22827360439575603, z=-0.5474904362112116, w=-0.33380436963646787)",[0. 0. 0. 0. 0. 0. 0. 0. 0.],"geometry_msgs.msg.Vector3(x=63.3125, y=-241.25, z=131.4375)",[0. 0. 0. 0. 0. 0. 0. 0. 0.],"geometry_msgs.msg.Vector3(x=0.66455078125, y=0.646484375, z=0.55517578125)",[0. 0. 0. 0. 0. 0. 0. 0. 0.],False
14450889513,"std_msgs.msg.Header(stamp=builtin_interfaces.msg.Time(sec=1731186813, nanosec=662370578), frame_id='RU_myo')","geometry_msgs.msg.Quaternion(x=0.7164224052564997, y=0.21020265494150492, z=-0.5866631589133987, w=-0.31365605219059056)",[0. 0. 0. 0. 0. 0. 0. 0. 0.],"geometry_msgs.msg.Vector3(x=86.3125, y=-224.5, z=157.6875)",[0. 0. 0. 0. 0. 0. 0. 0. 0.],"geometry_msgs.msg.Vector3(x=0.8720703125, y=0.47998046875, z=0.35693359375)",[0. 0. 0. 0. 0. 0. 0. 0. 0.],False
14473544537,"std_msgs.msg.Header(stamp=builtin_interfaces.msg.Time(sec=1731186813, nanosec=684881035), frame_id='RU_myo')","geometry_msgs.msg.Quaternion(x=0.6977592024571097, y=0.19519191125418445, z=-0.6245164590221436, w=-0.2915671544906939)",[0. 0. 0. 0. 0. 0. 0. 0. 0.],"geometry_msgs.msg.Vector3(x=105.9375, y=-221.0, z=150.1875)",[0. 0. 0. 0. 0. 0. 0. 0. 0.],"geometry_msgs.msg.Vector3(x=0.94970703125, y=0.55419921875, z=0.35302734375)",[0. 0. 0. 0. 0. 0. 0. 0. 0.],False
14488044419,"std_msgs.msg.Header(stamp=builtin_interfaces.msg.Time(sec=1731186813, nanosec=699404190), frame_id='RU_myo')","geometry_msgs.msg.Quaternion(x=0.6818208209273072, y=0.18188398946946338, z=-0.6533785594867804, w=-0.27410771701589265)",[0. 0. 0. 0. 0. 0. 0. 0. 0.],"geometry_msgs.msg.Vector3(x=78.0625, y=-179.1875, z=124.3125)",[0. 0. 0. 0. 0. 0. 0. 0. 0.],"geometry_msgs.msg.Vector3(x=1.17431640625, y=0.98046875, z=0.3984375)",[0. 0. 0. 0. 0. 0. 0. 0. 0.],False
14511252081,"std_msgs.msg.Header(stamp=builtin_interfaces.msg.Time(sec=1731186813, nanosec=722614373), frame_id='RU_myo')","geometry_msgs.msg.Quaternion(x=0.6735832353514285, y=0.1676023526889292, z=-0.6711418318162656, w=-0.2603146519367382)",[0. 0. 0. 0. 0. 0. 0. 0. 0.],"geometry_msgs.msg.Vector3(x=35.0, y=-111.8125, z=110.4375)",[0. 0. 0. 0. 0. 0. 0. 0. 0.],"geometry_msgs.msg.Vector3(x=1.4873046875, y=0.87646484375, z=0.33154296875)",[0. 0. 0. 0. 0. 0. 0. 0. 0.],False
14533658951,"std_msgs.msg.Header(stamp=builtin_interfaces.msg.Time(sec=1731186813, nanosec=745063717), frame_id='RU_myo')","geometry_msgs.msg.Quaternion(x=0.6665800407001511, y=0.145327998984256, z=-0.6864779523628421, w=-0.2515926131092412)",[0. 0. 0. 0. 0. 0. 0. 0. 0.],"geometry_msgs.msg.Vector3(x=-20.375, y=-115.0625, z=125.4375)",[0. 0. 0. 0. 0. 0. 0. 0. 0.],"geometry_msgs.msg.Vector3(x=1.197265625, y=0.88232421875, z=0.283203125)",[0. 0. 0. 0. 0. 0. 0. 0. 0.],False
