time,.data
1969-12-31 18:00:03.279000000,(-2 0 1 0 1 0 -1 -2)
1969-12-31 18:00:03.279000000,(-1 -1 -2 -2 0 -1 -2 -2)
1969-12-31 18:00:03.280040659,(-1 1 0 -2 1 -1 0 0)
1969-12-31 18:00:03.280040659,(0 -1 -1 0 -1 -1 1 0)
1969-12-31 18:00:03.293569241,(-1 0 -1 -1 0 -1 -1 -1)
1969-12-31 18:00:03.293569241,(-3 -4 -5 -5 -2 0 -2 -2)
1969-12-31 18:00:03.294609901,(-1 0 -1 -1 0 1 -5 -1)
1969-12-31 18:00:03.294609901,(-3 -3 -4 -1 -1 -3 -2 -2)
1969-12-31 18:00:03.295650561,(1 2 0 0 0 -2 -1 0)
1969-12-31 18:00:03.295650561,(1 5 2 4 1 0 -1 -2)
1969-12-31 18:00:03.307097822,(0 0 -1 1 -1 -1 1 1)
1969-12-31 18:00:03.307097822,(-2 -5 -4 -4 -3 -3 -3 -3)
1969-12-31 18:00:03.322707723,(-4 -5 -4 -3 -4 -2 -1 -5)
1969-12-31 18:00:03.322707723,(0 -2 -1 0 0 0 0 -2)
1969-12-31 18:00:03.331033004,(1 1 0 0 0 -1 0 0)
1969-12-31 18:00:03.331033004,(3 4 -1 -1 0 -2 0 0)
1969-12-31 18:00:03.333114324,(-3 0 -1 -2 0 0 -1 0)
1969-12-31 18:00:03.333114324,(1 -2 -2 -2 -1 -1 0 0)
1969-12-31 18:00:03.363293466,(-3 -2 1 3 -1 -1 0 -2)
1969-12-31 18:00:03.363293466,(-3 0 -1 -2 -4 -2 -2 -2)
1969-12-31 18:00:03.364334126,(0 0 -2 0 -1 -1 -1 -2)
1969-12-31 18:00:03.364334126,(-1 0 -3 -4 -2 -1 0 -1)
1969-12-31 18:00:03.387228648,(-1 -5 -2 1 1 -2 -2 -1)
1969-12-31 18:00:03.387228648,(-2 2 6 3 1 0 1 -2)
1969-12-31 18:00:03.388269308,(-2 -2 0 0 0 -1 0 3)
1969-12-31 18:00:03.389309968,(1 1 1 0 -1 -2 -3 -1)
1969-12-31 18:00:03.394513268,(-2 -5 -6 -5 -3 0 2 0)
1969-12-31 18:00:03.394513268,(0 -1 -1 -1 -2 -3 -2 -5)
1969-12-31 18:00:03.396594589,(0 -5 -3 -1 1 1 3 2)
1969-12-31 18:00:03.396594589,(-1 0 1 -1 0 -1 0 2)
1969-12-31 18:00:03.418448450,(-2 -2 -2 0 -2 0 -1 -2)
1969-12-31 18:00:03.418448450,(1 1 2 -1 1 3 3 3)
1969-12-31 18:00:03.420529770,(-4 3 3 4 2 -1 -1 -2)
1969-12-31 18:00:03.420529770,(-1 -3 -4 -2 -2 -3 -1 -3)
1969-12-31 18:00:03.431977031,(-2 0 -2 -1 -4 -1 -2 0)
1969-12-31 18:00:03.431977031,(-2 -2 -5 -3 -1 -1 -1 -1)
1969-12-31 18:00:03.449668252,(3 6 9 2 1 2 5 8)
1969-12-31 18:00:03.449668252,(4 5 6 4 1 5 1 2)
1969-12-31 18:00:03.465278154,(-8 -2 -7 -5 -5 -8 -13 -24)
1969-12-31 18:00:03.465278154,(-4 -5 -3 -1 2 2 -1 -1)
1969-12-31 18:00:03.480888055,(-1 -2 -3 -1 -2 5 5 2)
1969-12-31 18:00:03.480888055,(6 5 3 1 -2 -14 -16 1)
1969-12-31 18:00:03.480888055,(4 4 5 4 9 27 28 16)
1969-12-31 18:00:03.480888055,(-7 -5 -6 -4 -10 -30 -2 -4)
1969-12-31 18:00:03.482969375,(2 -2 -2 -3 -2 2 2 -7)
1969-12-31 18:00:03.482969375,(-1 5 6 4 1 -8 -12 -11)
1969-12-31 18:00:03.512107857,(-1 -5 -3 -3 -4 -25 -29 0)
1969-12-31 18:00:03.512107857,(0 -3 -5 -5 2 25 15 12)
1969-12-31 18:00:03.513148517,(-6 -3 -3 1 -1 -12 -14 -13)
1969-12-31 18:00:03.513148517,(-7 -7 -6 -8 -2 17 28 4)
1969-12-31 18:00:03.527717758,(13 12 6 4 6 22 61 17)
1969-12-31 18:00:03.527717758,(3 12 11 10 -2 -38 -58 6)
1969-12-31 18:00:03.528758418,(4 -3 -6 -5 -3 9 10 0)
1969-12-31 18:00:03.528758418,(-4 -4 -3 1 1 -7 -10 2)
1969-12-31 18:00:03.550612280,(-3 -3 -8 -7 -2 11 -11 -12)
1969-12-31 18:00:03.550612280,(7 5 5 2 2 15 41 15)
1969-12-31 18:00:03.552693600,(-16 -4 -3 -2 -4 -9 -14 -7)
1969-12-31 18:00:03.552693600,(-1 -2 -1 0 -2 7 3 -2)
1969-12-31 18:00:03.555815580,(-1 -7 -3 -7 -5 -5 -3 6)
1969-12-31 18:00:03.555815580,(4 1 -1 -1 -1 4 -4 -11)
1969-12-31 18:00:03.573506801,(7 3 3 1 -3 -5 -8 4)
1969-12-31 18:00:03.573506801,(-10 -12 -8 -4 -1 5 14 4)
1969-12-31 18:00:03.580791422,(0 1 -6 -13 -11 -19 -28 -25)
1969-12-31 18:00:03.581832082,(2 7 19 11 7 6 -1 -3)
1969-12-31 18:00:03.582872742,(2 0 2 1 0 3 7 1)
1969-12-31 18:00:03.582872742,(-2 -4 -4 0 -2 -2 -5 -5)
1969-12-31 18:00:03.621377165,(-2 -2 4 5 1 -5 -5 4)
1969-12-31 18:00:03.621377165,(-5 -11 -16 -11 -6 4 1 -11)
1969-12-31 18:00:03.622417825,(-2 -3 3 5 6 7 11 15)
1969-12-31 18:00:03.622417825,(4 8 4 1 -2 -5 -8 -12)
1969-12-31 18:00:03.623458485,(-3 -7 -6 -5 -5 -9 -7 3)
1969-12-31 18:00:03.623458485,(-9 -6 -5 -1 3 3 -1 -12)
1969-12-31 18:00:03.628661785,(5 3 -3 -5 -4 -4 4 11)
1969-12-31 18:00:03.628661785,(4 3 -1 0 -1 -7 -11 -7)
1969-12-31 18:00:03.644271687,(-4 2 0 3 -1 -5 0 -3)
1969-12-31 18:00:03.644271687,(-2 -2 -6 -5 -6 -3 3 12)
1969-12-31 18:00:03.645312347,(4 -2 -6 -2 3 0 -6 -1)
1969-12-31 18:00:03.645312347,(-3 1 -1 -1 2 3 6 5)
1969-12-31 18:00:03.667166208,(-2 3 1 0 0 -3 -1 0)
1969-12-31 18:00:03.667166208,(2 0 -6 -5 -1 -3 0 1)
1969-12-31 18:00:03.669247528,(-4 0 -1 -2 -3 -3 -6 -7)
1969-12-31 18:00:03.669247528,(-1 4 6 -1 -2 0 -3 -4)
1969-12-31 18:00:03.698386011,(2 0 6 3 -1 1 -9 -12)
1969-12-31 18:00:03.698386011,(-2 -11 -2 -1 -2 5 -4 -5)
1969-12-31 18:00:03.707751951,(7 -10 -14 -6 -4 -1 -2 -4)
1969-12-31 18:00:03.707751951,(-1 26 31 8 0 -1 -7 -9)
1969-12-31 18:00:03.707751951,(-9 -10 -3 3 2 2 2 3)
1969-12-31 18:00:03.707751951,(-2 -7 -12 -3 -2 0 -3 -3)
1969-12-31 18:00:03.709833271,(-5 -14 -8 -3 -3 -4 -3 -7)
1969-12-31 18:00:03.709833271,(0 -3 -13 -5 -4 -1 0 6)
1969-12-31 18:00:03.729605813,(-2 -1 -12 -3 -1 -1 3 0)
1969-12-31 18:00:03.729605813,(1 6 -8 -2 -1 -3 -1 5)
1969-12-31 18:00:03.731687133,(-19 14 23 6 2 -3 -6 -13)
1969-12-31 18:00:03.731687133,(-4 -22 -19 -8 -4 -3 7 8)
1969-12-31 18:00:03.744175054,(-2 4 5 1 0 -1 3 3)
1969-12-31 18:00:03.744175054,(3 -7 -16 -6 -1 -1 0 0)
1969-12-31 18:00:03.753540995,(1 -8 -8 -3 -1 -2 -3 -5)
1969-12-31 18:00:03.753540995,(-6 2 3 0 0 -1 -1 0)
1969-12-31 18:00:03.769150896,(0 -2 0 -2 -1 -1 2 8)
1969-12-31 18:00:03.769150896,(4 7 5 1 2 -1 -1 -3)
1969-12-31 18:00:03.770191556,(1 6 0 -4 -3 -4 1 1)
1969-12-31 18:00:03.770191556,(-3 -6 -2 1 -1 -2 4 3)
1969-12-31 18:00:03.792045416,(8 2 -5 -2 1 -1 3 13)
1969-12-31 18:00:03.792045416,(7 5 6 1 2 0 -2 -5)
1969-12-31 18:00:03.794126738,(-8 0 0 -2 -3 -1 6 6)
1969-12-31 18:00:03.794126738,(-22 -17 -13 -3 -1 -4 -10 -18)
1969-12-31 18:00:03.806614657,(6 12 10 2 1 -2 -2 -5)
1969-12-31 18:00:03.806614657,(-1 0 7 0 -2 1 2 1)
1969-12-31 18:00:03.824305880,(-5 2 4 -1 -3 5 11 12)
1969-12-31 18:00:03.824305880,(44 2 4 4 1 5 1 33)
1969-12-31 18:00:03.838875121,(5 0 3 -1 -5 -1 -6 -9)
1969-12-31 18:00:03.838875121,(-37 -11 5 2 0 -2 -1 -7)
1969-12-31 18:00:03.847200401,(-47 -25 -11 -6 -5 -3 -16 -43)
1969-12-31 18:00:03.847200401,(-14 -1 -2 -1 -2 1 5 -7)
1969-12-31 18:00:03.854485022,(20 4 6 3 2 6 -2 3)
1969-12-31 18:00:03.854485022,(50 26 4 2 1 -2 -3 17)
1969-12-31 18:00:03.856566342,(30 7 0 1 2 1 2 23)
1969-12-31 18:00:03.856566342,(-92 -26 -9 -5 -5 -4 -12 -40)
1969-12-31 18:00:03.869054263,(-61 -32 -9 -4 -5 -6 -8 -19)
1969-12-31 18:00:03.869054263,(3 5 3 4 2 7 9 6)
1969-12-31 18:00:03.884664164,(4 -7 -12 -11 -7 -17 -15 -16)
1969-12-31 18:00:03.884664164,(15 10 6 2 4 15 -10 2)
1969-12-31 18:00:03.894030105,(2 -3 -3 -4 -3 6 4 11)
1969-12-31 18:00:03.894030105,(-8 3 2 0 -1 7 -6 -30)
1969-12-31 18:00:03.895070765,(14 27 11 8 2 4 15 8)
1969-12-31 18:00:03.895070765,(-45 -43 -12 -5 -1 6 24 4)
1969-12-31 18:00:03.916924626,(-2 10 4 3 1 -38 -13 -29)
1969-12-31 18:00:03.916924626,(-28 -40 -17 -14 -10 -18 -38 -26)
1969-12-31 18:00:03.919005947,(47 17 6 2 4 6 -5 25)
1969-12-31 18:00:03.919005947,(7 7 -5 -4 -4 8 2 -5)
1969-12-31 18:00:03.931493868,(55 42 19 11 7 15 30 49)
1969-12-31 18:00:03.931493868,(-16 7 3 5 1 -4 4 5)
1969-12-31 18:00:03.940859808,(-46 -28 -12 -7 -6 -10 -20 -64)
1969-12-31 18:00:03.940859808,(19 -12 -6 -9 -6 1 10 17)
1969-12-31 18:00:03.955429049,(-1 2 2 4 7 3 -31 -13)
1969-12-31 18:00:03.955429049,(52 26 5 -1 -11 -35 18 41)
1969-12-31 18:00:03.987689512,(-51 -1 7 7 10 35 -4 -26)
1969-12-31 18:00:03.987689512,(66 38 11 6 4 -13 -36 -4)
1969-12-31 18:00:03.988730172,(8 -9 -10 -9 -3 26 -2 10)
1969-12-31 18:00:03.988730172,(38 24 -1 -4 -3 -20 19 -14)
1969-12-31 18:00:03.990811492,(-5 -16 0 4 -5 -8 -9 0)
1969-12-31 18:00:03.990811492,(15 17 4 1 -4 -45 -31 10)
1969-12-31 18:00:03.993933472,(-35 -24 -13 -8 -5 18 6 -27)
1969-12-31 18:00:03.993933472,(11 -5 1 3 5 1 -24 10)
1969-12-31 18:00:04.003299413,(38 3 3 2 7 23 18 62)
1969-12-31 18:00:04.003299413,(-34 6 0 -4 -1 23 -14 -76)
1969-12-31 18:00:04.017868654,(-7 -9 -1 -3 -14 -86 -30 0)
1969-12-31 18:00:04.017868654,(-48 -26 -7 -5 4 41 13 4)
1969-12-31 18:00:04.025153274,(21 15 4 -3 -9 -37 2 8)
1969-12-31 18:00:04.025153274,(20 14 8 5 6 18 29 24)
1969-12-31 18:00:04.041803836,(-12 -5 -2 0 5 4 -1 -35)
1969-12-31 18:00:04.041803836,(-11 -20 -4 0 -2 25 6 -2)
1969-12-31 18:00:04.043885156,(-8 -5 -10 -3 -3 -33 -17 21)
1969-12-31 18:00:04.043885156,(5 3 -1 -3 -4 -4 16 -13)
1969-12-31 18:00:04.065739017,(38 12 6 4 5 0 -10 12)
1969-12-31 18:00:04.065739017,(-42 -39 -13 -8 -1 40 20 3)
1969-12-31 18:00:04.066779677,(42 32 17 16 11 -9 22 50)
1969-12-31 18:00:04.066779677,(-41 -26 -17 -13 -10 -9 -2 -23)
1969-12-31 18:00:04.080308258,(15 11 -1 -2 -5 -5 -2 -15)
1969-12-31 18:00:04.080308258,(-10 12 9 7 13 13 2 73)
1969-12-31 18:00:04.087592879,(-59 -33 -13 -7 -10 -24 -9 -81)
1969-12-31 18:00:04.087592879,(9 -12 -1 2 -4 -29 4 24)
1969-12-31 18:00:04.112568721,(-6 4 6 7 6 30 34 9)
1969-12-31 18:00:04.112568721,(-33 -17 -8 -10 -13 -39 -62 -41)
1969-12-31 18:00:04.114650041,(20 32 12 3 5 24 22 18)
1969-12-31 18:00:04.114650041,(0 -6 1 4 9 23 -10 15)
1969-12-31 18:00:04.128178622,(-9 -7 -2 -1 1 31 4 -10)
1969-12-31 18:00:04.128178622,(9 16 -1 -1 -8 -59 -21 -36)
1969-12-31 18:00:04.129219282,(-7 -17 -11 -9 -12 -22 -11 -4)
1969-12-31 18:00:04.129219282,(27 13 4 3 6 17 -23 38)
1969-12-31 18:00:04.143788523,(-22 -27 -11 -7 -2 -1 12 -4)
1969-12-31 18:00:04.143788523,(1 -2 -1 -2 -2 2 -5 -25)
1969-12-31 18:00:04.151073144,(18 3 1 0 4 3 9 31)
1969-12-31 18:00:04.151073144,(-8 0 1 1 3 -3 -2 2)
1969-12-31 18:00:04.157317104,(-3 20 -1 -1 -1 6 14 -7)
1969-12-31 18:00:04.157317104,(-4 -8 0 1 2 19 24 70)
1969-12-31 18:00:04.175008325,(-18 -12 -2 -3 -5 -1 -1 -43)
1969-12-31 18:00:04.175008325,(-2 -9 -4 -3 -3 -4 -19 -16)
1969-12-31 18:00:04.181252286,(-18 -14 -7 -8 -6 -11 -15 -11)
1969-12-31 18:00:04.181252286,(32 23 5 3 1 7 16 6)
1969-12-31 18:00:04.190618226,(40 0 -9 -5 0 12 4 24)
1969-12-31 18:00:04.190618226,(-23 1 5 4 0 0 15 -10)
1969-12-31 18:00:04.196862187,(15 -3 -3 1 -2 -26 -16 49)
1969-12-31 18:00:04.196862187,(30 7 3 3 4 10 6 -4)
1969-12-31 18:00:04.206228128,(-19 -9 -4 -2 9 57 -8 18)
1969-12-31 18:00:04.206228128,(-2 -2 0 -1 -8 -33 6 13)
1969-12-31 18:00:04.219756709,(35 18 7 4 0 -8 15 31)
1969-12-31 18:00:04.219756709,(-59 -5 -3 0 -2 -11 12 -41)
1969-12-31 18:00:04.229122649,(7 -7 -4 -4 -3 11 -14 12)
1969-12-31 18:00:04.229122649,(-12 -3 -5 -2 2 53 20 -28)
1969-12-31 18:00:04.244732550,(-16 -11 -4 -4 -10 -74 -25 -28)
1969-12-31 18:00:04.244732550,(22 8 3 3 19 55 -24 -33)
1969-12-31 18:00:04.246813871,(30 14 4 2 -16 -61 6 24)
1969-12-31 18:00:04.246813871,(-40 -15 -10 -7 -15 -24 0 -11)
1969-12-31 18:00:04.275952353,(-12 -9 -1 3 11 46 33 82)
1969-12-31 18:00:04.275952353,(-30 -31 -17 -15 -16 -19 -31 -52)
1969-12-31 18:00:04.278033673,(-11 -11 -7 -6 -3 1 -7 -56)
1969-12-31 18:00:04.278033673,(53 16 -2 -3 1 16 -16 50)
1969-12-31 18:00:04.282196313,(10 32 21 17 17 36 57 76)
1969-12-31 18:00:04.282196313,(2 -27 -14 -12 -15 -38 -14 7)
1969-12-31 18:00:04.292602914,(-15 11 3 3 7 31 19 -5)
1969-12-31 18:00:04.292602914,(3 -6 0 2 3 -32 12 6)
1969-12-31 18:00:04.307172155,(26 22 1 -2 -1 27 -21 -31)
1969-12-31 18:00:04.307172155,(6 -1 7 8 8 19 27 23)
1969-12-31 18:00:04.309253475,(-7 -5 -5 2 6 -19 -2 -39)
1969-12-31 18:00:04.309253475,(9 -2 1 5 27 40 -6 -42)
1969-12-31 18:00:04.321741396,(5 0 7 16 22 15 -9 -2)
1969-12-31 18:00:04.321741396,(21 26 8 5 -23 -46 -1 -34)
1969-12-31 18:00:04.331107337,(-5 -19 -22 -40 -55 18 -3 13)
1969-12-31 18:00:04.331107337,(36 23 9 -8 -20 -18 12 21)
1969-12-31 18:00:04.344635918,(-8 -15 -7 -21 -16 0 -10 -35)
1969-12-31 18:00:04.344635918,(6 2 1 4 16 -26 15 66)
1969-12-31 18:00:04.354001858,(-3 -4 7 22 41 27 -1 19)
1969-12-31 18:00:04.354001858,(-2 9 7 17 19 16 5 -3)
1969-12-31 18:00:04.369611759,(30 11 0 -4 0 -6 -17 0)
1969-12-31 18:00:04.369611759,(33 18 3 9 20 1 24 53)
1969-12-31 18:00:04.371693080,(4 -2 7 10 10 6 3 8)
1969-12-31 18:00:04.371693080,(6 -11 -13 -24 -51 -36 -10 29)
1969-12-31 18:00:04.393546941,(-99 -47 -25 -10 -21 -41 -33 -88)
1969-12-31 18:00:04.393546941,(-20 -12 -4 -14 -30 10 -3 -37)
1969-12-31 18:00:04.395628261,(-7 4 1 -4 3 -16 -10 -1)
1969-12-31 18:00:04.395628261,(14 11 4 4 3 2 -6 -4)
1969-12-31 18:00:04.416441463,(20 -1 -3 -19 -23 -7 10 12)
1969-12-31 18:00:04.416441463,(-30 -13 -3 -1 10 23 10 -21)
1969-12-31 18:00:04.418522783,(5 4 1 22 46 16 -8 4)
1969-12-31 18:00:04.418522783,(27 43 11 -3 -25 -18 -1 -22)
1969-12-31 18:00:04.432051364,(-48 -38 -3 4 20 11 18 15)
1969-12-31 18:00:04.432051364,(22 22 6 -6 -26 -9 -28 -37)
1969-12-31 18:00:04.434132684,(-9 5 31 22 18 3 0 -2)
1969-12-31 18:00:04.434132684,(-9 -45 -22 12 75 42 16 -17)
1969-12-31 18:00:04.446620605,(-25 11 -17 -9 -55 -34 -40 -55)
1969-12-31 18:00:04.446620605,(-37 44 75 14 -27 -24 -18 -13)
1969-12-31 18:00:04.455986546,(-9 -56 -52 -31 -15 -4 2 -26)
1969-12-31 18:00:04.455986546,(-34 -4 3 7 6 -15 -6 -35)
1969-12-31 18:00:04.469515127,(45 50 49 28 27 29 22 37)
1969-12-31 18:00:04.469515127,(-5 -59 -45 5 53 33 16 20)
1969-12-31 18:00:04.478881067,(20 40 23 2 -38 -23 -7 -14)
1969-12-31 18:00:04.478881067,(-23 -33 -40 -11 12 11 12 15)
1969-12-31 18:00:04.494490969,(27 13 44 -14 -53 -23 -1 12)
1969-12-31 18:00:04.494490969,(-1 8 -10 8 83 65 26 58)
1969-12-31 18:00:04.496572289,(30 -20 -33 -25 -69 -46 -6 -45)
1969-12-31 18:00:04.496572289,(-24 9 35 10 -40 -42 -61 -35)
1969-12-31 18:00:04.509060210,(29 -65 -83 -21 5 -1 12 24)
1969-12-31 18:00:04.509060210,(-3 62 34 -13 -20 -13 -16 -29)
1969-12-31 18:00:04.518426150,(4 -22 -37 6 58 47 -6 -21)
1969-12-31 18:00:04.518426150,(1 -35 -49 -17 22 12 36 44)
1969-12-31 18:00:04.531954731,(-33 106 116 61 35 36 7 10)
1969-12-31 18:00:04.531954731,(15 -128 -128 -67 -97 -56 -13 5)
1969-12-31 18:00:04.549645953,(12 92 125 51 27 23 27 39)
1969-12-31 18:00:04.549645953,(23 -4 -4 1 -9 -6 22 18)
1969-12-31 18:00:04.559011893,(-17 -42 -45 -24 6 4 -45 -52)
1969-12-31 18:00:04.559011893,(10 33 26 22 43 42 37 -1)
1969-12-31 18:00:04.561093213,(-93 -127 -118 -51 -59 -52 -21 -57)
1969-12-31 18:00:04.561093213,(-5 109 124 45 2 13 18 33)
1969-12-31 18:00:04.571499814,(-23 -4 -19 14 52 8 -12 -68)
1969-12-31 18:00:04.571499814,(-3 -46 -38 -41 -57 -36 -24 -28)
1969-12-31 18:00:04.580865755,(34 -37 -93 -35 -9 -8 -8 36)
1969-12-31 18:00:04.580865755,(-4 21 68 13 12 5 -3 10)
1969-12-31 18:00:04.594394336,(3 52 23 4 4 -3 -12 -29)
1969-12-31 18:00:04.594394336,(56 57 21 31 24 6 1 16)
1969-12-31 18:00:04.603760277,(-24 30 70 34 23 7 -2 -22)
1969-12-31 18:00:04.603760277,(1 -53 -92 -58 -52 -29 -24 -52)
1969-12-31 18:00:04.619370178,(22 -86 -18 7 13 -10 -2 23)
1969-12-31 18:00:04.619370178,(11 39 25 -8 -32 0 8 18)
1969-12-31 18:00:04.621451498,(34 103 67 17 2 -10 27 56)
1969-12-31 18:00:04.621451498,(42 -3 -24 -3 -15 -10 -36 -21)
1969-12-31 18:00:04.633939419,(-6 -84 -66 -34 -34 -10 14 35)
1969-12-31 18:00:04.633939419,(-33 -91 -31 -5 39 20 -9 -46)
1969-12-31 18:00:04.643305359,(-12 81 81 32 27 25 14 32)
1969-12-31 18:00:04.643305359,(-24 49 26 0 -8 -25 -29 -96)
1969-12-31 18:00:04.656833940,(33 -4 -38 -7 6 14 26 50)
1969-12-31 18:00:04.656833940,(-12 -86 -64 -1 29 4 -15 -10)
1969-12-31 18:00:04.667240541,(-13 30 -36 -28 -56 -26 -17 -19)
1969-12-31 18:00:04.667240541,(-83 -46 67 44 42 48 22 7)
1969-12-31 18:00:04.682850442,(36 100 4 12 28 -24 7 -1)
1969-12-31 18:00:04.682850442,(1 -41 -35 -21 -54 -19 -20 23)
1969-12-31 18:00:04.683891102,(-1 12 59 7 10 -11 -11 3)
1969-12-31 18:00:04.683891102,(94 -3 -102 -45 -47 5 35 89)
1969-12-31 18:00:04.705744964,(-16 -20 46 9 -2 18 22 2)
1969-12-31 18:00:04.705744964,(-20 113 69 29 30 5 17 17)
1969-12-31 18:00:04.706785624,(-35 -102 -45 -4 33 5 -9 -11)
1969-12-31 18:00:04.706785624,(73 -60 -55 15 40 32 23 78)
1969-12-31 18:00:04.719273545,(16 38 12 -13 -37 -9 -7 -29)
1969-12-31 18:00:04.719273545,(9 48 58 16 24 1 16 16)
1969-12-31 18:00:04.728639486,(-10 7 -25 -21 -44 -10 -23 -47)
1969-12-31 18:00:04.728639486,(-18 71 86 35 37 19 -4 -30)
1969-12-31 18:00:04.744249387,(-7 -128 -124 -17 18 -4 -19 -47)
1969-12-31 18:00:04.744249387,(-46 25 18 -27 -45 -33 -27 -69)
1969-12-31 18:00:04.750493347,(-2 79 30 6 -11 7 -7 -8)
1969-12-31 18:00:04.750493347,(5 15 16 -9 -36 -26 4 38)
1969-12-31 18:00:04.758818628,(-22 -21 16 6 4 5 -8 -9)
1969-12-31 18:00:04.758818628,(0 -25 -24 9 28 4 -17 -64)
1969-12-31 18:00:04.768184568,(74 -55 -26 2 23 8 12 42)
1969-12-31 18:00:04.768184568,(-58 -31 -41 -33 -44 -42 -21 -53)
1969-12-31 18:00:04.781713149,(-32 12 14 7 42 43 21 9)
1969-12-31 18:00:04.781713149,(31 -4 -8 24 61 32 34 69)
1969-12-31 18:00:04.791079089,(-14 -32 -24 -42 -93 -46 -23 -38)
1969-12-31 18:00:04.791079089,(-1 38 46 8 -18 -29 -29 11)
1969-12-31 18:00:04.805648330,(-9 15 -7 -15 -23 0 8 30)
1969-12-31 18:00:04.806688991,(55 -7 -37 21 69 45 1 1)
1969-12-31 18:00:04.812932952,(-60 23 55 -5 -53 -33 -6 -8)
1969-12-31 18:00:04.812932952,(11 -2 -18 -12 1 -28 -16 -23)
1969-12-31 18:00:04.821258232,(38 -3 3 2 -10 -12 -17 20)
1969-12-31 18:00:04.821258232,(13 -90 -76 -26 11 11 11 40)
1969-12-31 18:00:04.830624173,(10 33 6 12 26 22 27 45)
1969-12-31 18:00:04.830624173,(-61 60 33 18 -3 3 -27 -79)
1969-12-31 18:00:04.853518695,(-9 41 39 3 -2 18 22 3)
1969-12-31 18:00:04.853518695,(19 18 31 27 4 -10 -4 43)
1969-12-31 18:00:04.855600015,(11 -105 -79 -12 56 32 37 31)
1969-12-31 18:00:04.855600015,(-9 -57 -59 -39 -56 -14 -10 8)
1969-12-31 18:00:04.868087936,(-4 43 36 4 -26 -23 -18 -5)
1969-12-31 18:00:04.868087936,(-19 1 5 6 -14 -11 14 26)
1969-12-31 18:00:04.875372556,(14 96 103 37 -9 -17 -18 -19)
1969-12-31 18:00:04.875372556,(19 -27 -23 -1 58 34 24 18)
1969-12-31 18:00:04.892023118,(-32 -75 -34 5 10 -4 -19 -18)
1969-12-31 18:00:04.893063778,(-19 -5 -9 -40 -112 -68 -25 -33)
1969-12-31 18:00:04.894104438,(20 -40 -54 -8 46 40 10 4)
1969-12-31 18:00:04.894104438,(17 6 12 17 27 -8 -10 2)
1969-12-31 18:00:04.906592359,(23 10 -6 -6 -1 3 7 30)
1969-12-31 18:00:04.906592359,(-40 -10 -14 -16 -12 3 38 -5)
1969-12-31 18:00:04.915958299,(-4 39 28 31 31 8 -12 0)
1969-12-31 18:00:04.915958299,(-20 -18 -2 -10 -18 23 27 26)
1969-12-31 18:00:04.930527540,(-9 8 14 17 24 -33 -22 -42)
1969-12-31 18:00:04.930527540,(21 -79 -59 -24 -49 -21 0 16)
1969-12-31 18:00:04.937812161,(-22 50 43 12 34 22 3 -30)
1969-12-31 18:00:04.937812161,(30 0 -27 -18 -49 -15 5 12)
1969-12-31 18:00:04.955503382,(80 32 2 2 4 6 21 61)
1969-12-31 18:00:04.955503382,(-56 -30 1 4 -3 -15 -44 -68)
1969-12-31 18:00:04.956544042,(-23 -91 -67 -27 15 29 7 -33)
1969-12-31 18:00:04.956544042,(5 12 43 40 74 8 -9 -15)
1969-12-31 18:00:04.995048465,(3 52 53 5 -19 -4 -45 -59)
1969-12-31 18:00:04.995048465,(5 23 9 -33 -91 -45 -4 7)
1969-12-31 18:00:04.997129785,(-21 -2 1 1 2 -21 -45 -15)
1969-12-31 18:00:04.997129785,(13 -40 -64 -16 26 30 30 26)
1969-12-31 18:00:04.998170445,(35 32 18 23 21 29 28 88)
1969-12-31 18:00:04.998170445,(-34 45 67 27 66 39 8 -20)
1969-12-31 18:00:05.002333086,(18 -32 -36 -20 -35 -33 9 20)
1969-12-31 18:00:05.002333086,(17 -3 -7 -24 -57 -49 -15 20)
1969-12-31 18:00:05.017942987,(-10 -42 11 23 61 29 12 -14)
1969-12-31 18:00:05.017942987,(3 82 40 9 -19 9 -21 8)
1969-12-31 18:00:05.018983647,(9 20 19 5 4 -12 -8 4)
1969-12-31 18:00:05.018983647,(4 -42 -50 -7 8 17 30 25)
1969-12-31 18:00:05.040837508,(-7 25 -35 -40 -102 -71 -16 -29)
1969-12-31 18:00:05.040837508,(-66 41 105 43 47 43 13 -17)
1969-12-31 18:00:05.042918829,(50 -26 -29 -3 22 30 27 77)
1969-12-31 18:00:05.042918829,(-30 -10 -3 -5 -17 -14 -25 -28)
1969-12-31 18:00:05.055406749,(33 -3 -32 -11 12 22 8 1)
1969-12-31 18:00:05.055406749,(-3 -99 -72 -19 26 25 24 21)
1969-12-31 18:00:05.062691370,(-7 43 4 -2 -52 -14 -11 -30)
1969-12-31 18:00:05.062691370,(22 24 38 28 7 -18 -6 21)
1969-12-31 18:00:05.087667212,(-4 50 -8 -21 -5 -17 -6 8)
1969-12-31 18:00:05.087667212,(7 30 41 30 37 41 11 -8)
1969-12-31 18:00:05.089748532,(-57 -82 -51 -18 -29 -40 -5 -53)
1969-12-31 18:00:05.089748532,(1 -4 -11 -18 -2 34 10 5)
1969-12-31 18:00:05.102236453,(-38 -24 -3 2 19 -13 -39 3)
1969-12-31 18:00:05.102236453,(26 42 13 12 2 -26 -18 -45)
1969-12-31 18:00:05.109521073,(22 21 -17 -13 -7 8 -13 -8)
1969-12-31 18:00:05.109521073,(-16 -33 17 12 -10 -5 18 17)
1969-12-31 18:00:05.127212295,(-33 -68 -35 -19 -15 28 28 30)
1969-12-31 18:00:05.127212295,(50 46 2 3 41 -15 7 18)
1969-12-31 18:00:05.129293615,(-21 -12 10 4 -10 -3 -36 -14)
1969-12-31 18:00:05.129293615,(3 6 -3 -12 -20 -10 5 -16)
1969-12-31 18:00:05.150106816,(14 -20 -9 -10 -29 -12 22 35)
1969-12-31 18:00:05.150106816,(-24 -46 -25 6 33 -1 -23 -26)
1969-12-31 18:00:05.152188136,(-6 5 1 9 46 29 35 14)
1969-12-31 18:00:05.152188136,(-20 33 47 11 -25 -10 -21 -35)
1969-12-31 18:00:05.164676057,(15 -2 -8 8 40 25 1 1)
1969-12-31 18:00:05.164676057,(0 5 -31 -30 -89 -51 -43 -38)
1969-12-31 18:00:05.171960678,(11 -55 -28 -20 3 8 17 35)
1969-12-31 18:00:05.171960678,(-31 90 82 81 91 29 -22 -79)
1969-12-31 18:00:05.189651899,(2 -75 -59 -9 1 30 18 -19)
1969-12-31 18:00:05.189651899,(-52 31 20 -20 -99 -81 7 -28)
1969-12-31 18:00:05.190692559,(-3 -19 -26 -14 -17 -52 -80 -48)
1969-12-31 18:00:05.190692559,(28 -31 -35 -15 60 46 25 26)
1969-12-31 18:00:05.212546421,(-34 -1 19 -12 -58 -39 -3 -33)
1969-12-31 18:00:05.212546421,(45 -30 -45 -12 17 32 14 38)
1969-12-31 18:00:05.214627741,(20 46 31 40 36 42 28 28)
1969-12-31 18:00:05.214627741,(-48 -51 -55 -45 -64 -30 11 -11)
1969-12-31 18:00:05.228156322,(-25 97 109 61 122 52 -61 -71)
1969-12-31 18:00:05.228156322,(-6 28 24 -13 -98 -39 7 24)
1969-12-31 18:00:05.234400282,(7 -2 -11 -20 -13 -1 -9 -5)
1969-12-31 18:00:05.234400282,(-24 -19 -18 8 25 11 13 -12)
1969-12-31 18:00:05.251050844,(13 -53 -63 -47 -75 -41 -14 1)
1969-12-31 18:00:05.251050844,(-3 29 61 36 73 55 17 14)
1969-12-31 18:00:05.260416784,(16 17 16 20 -10 -19 19 33)
1969-12-31 18:00:05.260416784,(73 -33 -25 1 48 24 7 33)
1969-12-31 18:00:05.277067346,(-38 8 27 -15 -109 -67 1 -13)
1969-12-31 18:00:05.277067346,(48 31 6 5 39 34 -25 -6)
1969-12-31 18:00:05.279148666,(-38 -41 -23 -14 -14 -30 10 -5)
1969-12-31 18:00:05.279148666,(4 -42 -51 -41 3 -1 -15 5)
1969-12-31 18:00:05.289555266,(-2 -33 -18 40 109 55 11 30)
1969-12-31 18:00:05.289555266,(47 18 16 7 -54 -34 24 41)
1969-12-31 18:00:05.296839887,(-33 1 16 4 14 61 25 -10)
1969-12-31 18:00:05.296839887,(3 -31 -33 -26 -71 -59 -3 27)
1969-12-31 18:00:05.313490448,(-16 60 61 23 22 14 2 -33)
1969-12-31 18:00:05.313490448,(13 -13 -24 -4 10 3 9 30)
1969-12-31 18:00:05.315571768,(-8 7 9 3 5 -3 -6 10)
1969-12-31 18:00:05.315571768,(-21 -8 -3 -14 -17 1 19 19)
1969-12-31 18:00:05.337425630,(46 18 20 17 26 -5 10 43)
1969-12-31 18:00:05.337425630,(-57 -19 -4 -13 -15 -5 -29 -75)
1969-12-31 18:00:05.339506950,(39 23 14 3 -10 5 10 14)
1969-12-31 18:00:05.339506950,(-23 40 36 18 32 8 -3 6)
1969-12-31 18:00:05.351994871,(-2 -21 -27 -4 19 31 38 7)
1969-12-31 18:00:05.351994871,(-17 -8 -16 1 -23 -32 -46 8)
1969-12-31 18:00:05.359279492,(7 -29 -20 -34 9 -2 1 -12)
1969-12-31 18:00:05.359279492,(-8 7 5 20 -30 -14 -37 -28)
1969-12-31 18:00:05.375930053,(-21 -42 -44 -20 10 15 19 -15)
1969-12-31 18:00:05.375930053,(15 21 5 4 -39 -15 11 16)
1969-12-31 18:00:05.378011373,(24 -30 2 14 57 23 -7 14)
1969-12-31 18:00:05.378011373,(-48 16 -11 -29 -58 -25 -28 -63)
1969-12-31 18:00:05.399865235,(-13 57 69 22 24 25 4 4)
1969-12-31 18:00:05.399865235,(29 -53 -58 -10 23 -3 18 31)
1969-12-31 18:00:05.401946555,(11 41 25 -11 -81 -74 -55 -14)
1969-12-31 18:00:05.401946555,(26 24 38 19 34 20 14 24)
1969-12-31 18:00:05.430044377,(39 -56 -66 -30 -30 -11 -2 40)
1969-12-31 18:00:05.430044377,(-40 36 58 27 53 35 0 -35)
1969-12-31 18:00:05.441491638,(10 0 -20 -1 5 10 21 13)
1969-12-31 18:00:05.441491638,(10 3 -12 -5 -12 -9 12 22)
1969-12-31 18:00:05.441491638,(-31 -26 -9 -5 -5 4 -18 -22)
1969-12-31 18:00:05.441491638,(21 -36 -15 -3 36 13 27 32)
1969-12-31 18:00:05.445654278,(4 1 -11 -11 -35 -8 9 7)
1969-12-31 18:00:05.445654278,(19 8 9 13 44 23 5 30)
1969-12-31 18:00:05.462304839,(-25 -55 -53 -35 -65 -54 -1 -11)
1969-12-31 18:00:05.462304839,(3 -12 -21 -6 20 4 -29 -9)
1969-12-31 18:00:05.464386159,(-18 42 33 2 -23 -17 4 -9)
1969-12-31 18:00:05.464386159,(-4 9 -4 -8 17 17 -1 -13)
1969-12-31 18:00:05.476874080,(-22 14 12 10 -1 -3 0 -17)
1969-12-31 18:00:05.476874080,(-2 -33 -22 -8 -4 -5 1 11)
1969-12-31 18:00:05.486240021,(40 19 12 29 49 33 26 46)
1969-12-31 18:00:05.486240021,(14 32 47 14 -11 -1 -8 0)
1969-12-31 18:00:05.501849922,(-66 -35 -32 -30 -38 -42 -22 -54)
1969-12-31 18:00:05.501849922,(4 5 -10 -12 -14 6 -1 15)
1969-12-31 18:00:05.502890582,(-8 -33 -25 -15 13 17 7 -4)
1969-12-31 18:00:05.502890582,(11 -15 -20 -13 -15 -14 13 40)
1969-12-31 18:00:05.524744444,(-15 21 22 14 18 19 -13 -26)
1969-12-31 18:00:05.524744444,(16 16 3 -15 -47 -27 8 18)
1969-12-31 18:00:05.525785104,(-45 -4 17 67 94 26 0 -22)
1969-12-31 18:00:05.526825764,(-17 -26 -22 -3 4 2 -12 -34)
1969-12-31 18:00:05.539313685,(29 -8 -1 -5 -6 -10 2 21)
1969-12-31 18:00:05.539313685,(-10 -37 -29 -29 -35 -8 -19 -27)
1969-12-31 18:00:05.557004906,(32 43 15 -4 -16 1 0 2)
1969-12-31 18:00:05.557004906,(-36 29 58 28 24 13 -4 -22)
1969-12-31 18:00:05.571574147,(37 68 35 15 24 13 35 29)
1969-12-31 18:00:05.571574147,(-17 -21 -24 -7 -13 -35 -41 -27)
1969-12-31 18:00:05.573655467,(-22 -49 -18 -18 -17 -4 5 -3)
1969-12-31 18:00:05.573655467,(-11 -2 -5 6 7 0 -11 -7)
1969-12-31 18:00:05.587184048,(-19 12 7 -8 -14 -4 6 5)
1969-12-31 18:00:05.587184048,(-42 -33 -20 -7 11 15 23 -19)
1969-12-31 18:00:05.589265368,(-4 -26 -29 -16 -8 -5 -23 11)
1969-12-31 18:00:05.589265368,(8 -5 -11 -24 -35 -18 29 3)
1969-12-31 18:00:05.601753289,(18 2 -13 -30 -8 -32 -48 3)
1969-12-31 18:00:05.601753289,(21 30 29 38 38 57 3 0)
1969-12-31 18:00:05.611119230,(-41 -17 -3 30 19 2 8 -29)
1969-12-31 18:00:05.611119230,(24 11 4 17 17 18 25 15)
1969-12-31 18:00:05.626729131,(-23 -24 -2 10 -9 -10 -7 -14)
1969-12-31 18:00:05.626729131,(67 33 6 -12 6 5 -2 34)
1969-12-31 18:00:05.627769791,(-4 8 9 -18 -25 -12 -16 -17)
1969-12-31 18:00:05.627769791,(103 11 -16 -10 -7 -7 -7 26)
1969-12-31 18:00:05.649623653,(-19 8 -1 -6 -15 0 4 6)
1969-12-31 18:00:05.649623653,(20 31 22 13 19 14 16 15)
1969-12-31 18:00:05.651704973,(9 -5 -7 -6 -12 -9 -9 -6)
1969-12-31 18:00:05.651704973,(-24 -18 -11 -6 -9 -11 -22 -41)
1969-12-31 18:00:05.664192894,(79 20 5 3 3 10 16 35)
1969-12-31 18:00:05.664192894,(-32 -5 1 9 18 10 -22 -22)
1969-12-31 18:00:05.673558834,(-53 -9 1 -14 -13 21 25 -37)
1969-12-31 18:00:05.673558834,(8 -8 -5 -7 -11 -41 -11 24)
1969-12-31 18:00:05.689168736,(15 4 -4 -29 1 85 32 23)
1969-12-31 18:00:05.689168736,(-31 -16 3 44 23 -51 -18 -24)
1969-12-31 18:00:05.690209396,(12 -12 -7 4 -11 -26 -18 32)
1969-12-31 18:00:05.690209396,(-52 -34 -16 -1 6 25 -10 -51)
1969-12-31 18:00:05.720388538,(-12 4 3 -1 -17 -14 22 -1)
1969-12-31 18:00:05.720388538,(0 -1 -6 -24 -12 -18 5 11)
1969-12-31 18:00:05.721429198,(18 7 -12 -18 -11 -18 3 25)
1969-12-31 18:00:05.721429198,(2 -6 6 4 -1 41 31 5)
1969-12-31 18:00:05.726632498,(77 13 -1 6 -7 -52 -7 6)
1969-12-31 18:00:05.726632498,(46 39 20 10 20 38 30 52)
1969-12-31 18:00:05.735998439,(-75 -41 -24 -17 -19 -34 -32 -95)
1969-12-31 18:00:05.735998439,(-83 -21 -7 -8 -5 -26 -18 -37)
1969-12-31 18:00:05.751608340,(60 22 15 21 19 59 15 62)
1969-12-31 18:00:05.751608340,(-23 -14 -7 -7 -10 -34 -1 -29)
1969-12-31 18:00:05.752649000,(-44 -17 -5 -8 -8 1 -9 -8)
1969-12-31 18:00:05.752649000,(37 10 -9 -10 -6 -18 -20 10)
1969-12-31 18:00:05.774502862,(-29 -21 -17 -4 -2 -11 -20 -37)
1969-12-31 18:00:05.774502862,(-66 -41 -7 -5 -3 3 -2 -57)
1969-12-31 18:00:05.776584182,(68 19 13 8 10 13 14 58)
1969-12-31 18:00:05.776584182,(-14 -7 0 3 6 9 1 10)
1969-12-31 18:00:05.789072103,(14 14 -1 6 -5 -25 -24 -17)
1969-12-31 18:00:05.789072103,(-78 -37 -9 -13 -11 2 -8 -57)
1969-12-31 18:00:05.798438044,(71 28 3 -5 -2 4 10 41)
1969-12-31 18:00:05.798438044,(2 -8 -7 0 3 7 1 -1)
1969-12-31 18:00:05.814047944,(33 7 6 5 3 6 28 95)
1969-12-31 18:00:05.814047944,(-14 13 4 -2 0 -1 -6 10)
1969-12-31 18:00:05.815088605,(6 -6 -1 1 5 8 0 11)
1969-12-31 18:00:05.815088605,(39 24 7 3 -3 -3 9 28)
1969-12-31 18:00:05.845267747,(-78 -25 -18 -12 -18 -29 -26 -37)
1969-12-31 18:00:05.845267747,(20 -1 -1 4 9 20 15 29)
1969-12-31 18:00:05.847349067,(9 30 13 9 4 0 4 -7)
1969-12-31 18:00:05.847349067,(-8 -12 1 2 2 0 -6 4)
1969-12-31 18:00:05.860877648,(-5 2 -1 1 -3 -11 -14 -46)
1969-12-31 18:00:05.860877648,(6 4 3 0 5 16 20 29)
1969-12-31 18:00:05.861918308,(0 -5 -6 -7 -3 0 -3 -21)
1969-12-31 18:00:05.861918308,(8 -4 -7 -5 -6 -7 -3 4)
1969-12-31 18:00:05.876487549,(-29 -14 -1 2 4 0 -4 -14)
1969-12-31 18:00:05.876487549,(27 17 8 3 -1 1 -4 -2)
1969-12-31 18:00:05.877528209,(1 -10 -14 -2 3 0 1 12)
1969-12-31 18:00:05.877528209,(4 36 43 8 0 -4 -5 2)
1969-12-31 18:00:05.907707352,(-32 -20 -9 -1 -2 -7 -3 -27)
1969-12-31 18:00:05.907707352,(40 22 4 2 0 4 3 18)
1969-12-31 18:00:05.908748012,(-7 -42 -32 -18 -13 -8 -9 -20)
1969-12-31 18:00:05.908748012,(-14 -4 -25 -10 -1 4 7 12)
1969-12-31 18:00:05.913951312,(-1 9 26 16 6 -2 -5 -13)
1969-12-31 18:00:05.913951312,(20 8 -3 -4 -2 -1 3 4)
1969-12-31 18:00:05.923317253,(-6 12 14 8 4 5 6 8)
1969-12-31 18:00:05.923317253,(9 -27 -33 -16 -6 -4 -5 2)
1969-12-31 18:00:05.937886494,(-17 -15 -4 -4 -1 -5 -6 -11)
1969-12-31 18:00:05.937886494,(18 11 14 10 10 7 -3 -2)
1969-12-31 18:00:05.945171114,(-32 17 23 4 -1 0 0 -17)
1969-12-31 18:00:05.945171114,(8 4 6 6 2 0 9 4)
1969-12-31 18:00:05.961821675,(-6 -12 -20 -12 -7 -12 -20 -18)
1969-12-31 18:00:05.961821675,(3 -28 -35 -16 -6 3 14 13)
1969-12-31 18:00:05.963902996,(44 47 49 19 6 2 -7 9)
1969-12-31 18:00:05.963902996,(-20 -18 -46 -26 -7 -1 0 -10)
1969-12-31 18:00:05.976390917,(-8 36 82 41 21 13 17 3)
1969-12-31 18:00:05.976390917,(7 5 12 11 2 -4 -9 -5)
1969-12-31 18:00:05.986797517,(14 20 19 8 3 3 8 8)
1969-12-31 18:00:05.986797517,(2 -27 -36 -6 -3 -3 -6 -5)
1969-12-31 18:00:06.008651379,(7 2 -15 -18 -5 0 1 1)
1969-12-31 18:00:06.008651379,(3 17 25 6 -2 -1 1 -3)
1969-12-31 18:00:06.014895339,(-20 -28 -23 -8 -5 -7 -4 -7)
1969-12-31 18:00:06.014895339,(2 -2 -4 -2 -3 0 -3 -1)
1969-12-31 18:00:06.024261280,(6 43 52 25 6 -2 4 -2)
1969-12-31 18:00:06.024261280,(1 -18 -19 -7 0 4 15 8)
1969-12-31 18:00:06.026342600,(8 1 -32 -14 -6 -5 -30 -3)
1969-12-31 18:00:06.026342600,(-19 -15 19 13 8 5 2 -10)
1969-12-31 18:00:06.048196462,(6 -27 -36 -18 -8 -2 21 12)
1969-12-31 18:00:06.048196462,(-2 21 19 4 -2 -5 -36 -11)
1969-12-31 18:00:06.049237122,(-9 -14 -6 3 4 2 20 0)
1969-12-31 18:00:06.049237122,(10 -14 -10 -4 -4 -6 -16 -4)
1969-12-31 18:00:06.061725043,(-7 19 -21 -14 -4 1 -6 -10)
1969-12-31 18:00:06.061725043,(4 33 44 19 11 6 16 9)
1969-12-31 18:00:06.071090983,(-1 -8 -10 -3 -2 -1 1 -1)
1969-12-31 18:00:06.071090983,(-7 -1 -2 -6 -5 -1 1 -3)
1969-12-31 18:00:06.086700885,(13 -57 -50 -15 -8 -7 0 11)
1969-12-31 18:00:06.086700885,(-10 15 -8 1 2 -3 -12 -11)
1969-12-31 18:00:06.088782205,(-3 16 21 12 7 3 -2 -6)
1969-12-31 18:00:06.088782205,(-5 14 21 8 3 3 4 0)
1969-12-31 18:00:06.110636066,(-4 -40 -42 -16 -4 -3 11 1)
1969-12-31 18:00:06.110636066,(-5 -33 -27 -22 -12 -11 -32 -9)
1969-12-31 18:00:06.111676726,(2 24 14 3 1 -1 -3 -2)
1969-12-31 18:00:06.111676726,(9 0 -2 3 5 8 8 6)
1969-12-31 18:00:06.126245967,(-4 9 11 3 -3 -3 -3 -2)
1969-12-31 18:00:06.126245967,(-5 -10 -7 -4 -4 -4 -3 -8)
1969-12-31 18:00:06.150181149,(5 -2 8 -3 -3 6 10 6)
1969-12-31 18:00:06.150181149,(-9 -6 6 1 -2 -4 -8 -4)
1969-12-31 18:00:06.151221809,(3 -12 -12 -15 -7 -4 -13 -8)
1969-12-31 18:00:06.151221809,(2 39 -2 10 3 3 10 1)
1969-12-31 18:00:06.152262469,(3 -12 -5 0 0 2 -2 1)
1969-12-31 18:00:06.152262469,(23 4 10 4 -1 1 9 8)
1969-12-31 18:00:06.173075671,(-14 -7 3 -3 -2 1 -19 -15)
1969-12-31 18:00:06.173075671,(6 -7 -20 -14 -8 1 7 -1)
1969-12-31 18:00:06.174116331,(-14 -6 0 6 -1 1 -1 -11)
1969-12-31 18:00:06.174116331,(15 4 -4 0 1 2 7 15)
1969-12-31 18:00:06.187644912,(5 26 29 23 8 -3 -9 -3)
1969-12-31 18:00:06.187644912,(2 -32 -25 -15 -5 -2 5 3)
1969-12-31 18:00:06.194929532,(-14 -3 -10 -14 -4 -3 4 3)
1969-12-31 18:00:06.194929532,(-1 13 0 -3 0 -7 -9 -2)
1969-12-31 18:00:06.211580094,(0 -8 3 6 1 0 4 4)
1969-12-31 18:00:06.211580094,(-5 -22 2 -3 -1 -4 5 5)
1969-12-31 18:00:06.213661414,(9 40 19 14 6 -1 4 1)
1969-12-31 18:00:06.213661414,(-20 -9 2 -12 -6 -5 -5 -7)
1969-12-31 18:00:06.235515275,(-8 -30 -81 -51 -18 -12 -8 -4)
1969-12-31 18:00:06.235515275,(12 21 74 53 20 7 7 3)
1969-12-31 18:00:06.236555935,(-6 -34 -9 -1 -1 -2 -1 1)
1969-12-31 18:00:06.236555935,(-7 11 10 6 1 -4 -6 -6)
1969-12-31 18:00:06.250084516,(-4 5 0 0 1 1 3 0)
1969-12-31 18:00:06.250084516,(-9 -21 -43 -34 -15 -7 -2 0)
1969-12-31 18:00:06.257369137,(0 -21 -8 -8 -2 -2 -3 0)
1969-12-31 18:00:06.257369137,(5 9 -8 3 1 -2 -5 -9)
1969-12-31 18:00:06.282344979,(1 8 20 10 4 3 -1 0)
1969-12-31 18:00:06.282344979,(-6 -14 -9 -9 -4 -2 0 2)
1969-12-31 18:00:06.284426299,(6 37 18 2 -1 -2 -3 -7)
1969-12-31 18:00:06.284426299,(-10 -10 -8 -6 -2 -2 0 -1)
1969-12-31 18:00:06.297954880,(7 9 10 5 0 -1 -2 -1)
1969-12-31 18:00:06.297954880,(4 11 7 2 -1 1 1 2)
1969-12-31 18:00:06.298995540,(-12 -31 -26 -15 -7 -7 -4 -3)
1969-12-31 18:00:06.298995540,(-1 3 10 1 1 1 3 1)
1969-12-31 18:00:06.320849402,(1 11 8 6 2 1 0 -1)
1969-12-31 18:00:06.320849402,(-6 -16 -13 -7 -2 -3 -2 -2)
1969-12-31 18:00:06.322930722,(0 -12 -7 -4 -3 -1 2 4)
1969-12-31 18:00:06.322930722,(3 22 29 14 5 2 -1 1)
1969-12-31 18:00:06.336459303,(-2 -1 15 7 3 2 -1 1)
1969-12-31 18:00:06.336459303,(0 -4 -9 -6 -3 -2 -1 -2)
1969-12-31 18:00:06.338540623,(0 -9 -11 -6 -1 -1 -2 -3)
1969-12-31 18:00:06.338540623,(-7 -3 8 6 -1 2 1 -1)
1969-12-31 18:00:06.359353824,(-1 1 3 2 -1 2 -2 -1)
1969-12-31 18:00:06.359353824,(-1 5 4 -4 -5 -2 -2 -4)
1969-12-31 18:00:06.367679105,(4 12 5 5 -1 1 -4 -1)
1969-12-31 18:00:06.367679105,(2 4 5 3 1 3 0 -1)
1969-12-31 18:00:06.376004386,(0 2 10 6 1 4 0 -1)
1969-12-31 18:00:06.376004386,(-6 -5 -5 -2 -3 2 -1 -3)
1969-12-31 18:00:06.383289006,(-1 -8 -6 -2 -2 2 -2 0)
1969-12-31 18:00:06.383289006,(0 -5 -11 -11 -3 -4 -4 -4)
1969-12-31 18:00:06.398898907,(1 6 7 6 -1 1 0 -2)
1969-12-31 18:00:06.398898907,(1 0 6 8 6 0 0 0)
1969-12-31 18:00:06.432200030,(-3 -2 -7 -13 -10 -3 -1 2)
1969-12-31 18:00:06.432200030,(1 2 2 1 2 -2 -3 0)
1969-12-31 18:00:06.432200030,(-9 -16 -12 2 6 -1 0 -2)
1969-12-31 18:00:06.432200030,(-1 -2 -8 -5 -5 -1 -1 -2)
1969-12-31 18:00:06.434281350,(-1 0 -1 0 0 -1 -1 0)
1969-12-31 18:00:06.434281350,(1 5 -3 -3 -3 0 -1 0)
1969-12-31 18:00:06.446769271,(2 7 4 -4 -2 0 -1 -1)
1969-12-31 18:00:06.446769271,(-5 -6 -7 -5 -2 -4 -6 -3)
1969-12-31 18:00:06.447809931,(-1 -4 3 6 6 6 2 1)
1969-12-31 18:00:06.447809931,(1 -1 6 5 0 -1 -1 -1)
1969-12-31 18:00:06.462379172,(-3 0 0 0 2 0 -1 2)
1969-12-31 18:00:06.462379172,(1 7 8 6 3 4 5 1)
1969-12-31 18:00:06.463419832,(0 -2 -4 -4 -2 -6 -5 -2)
1969-12-31 18:00:06.463419832,(-11 -20 -8 -4 -2 -2 -3 -3)
1969-12-31 18:00:06.486314354,(6 16 10 5 -1 -2 2 1)
1969-12-31 18:00:06.486314354,(-1 -2 0 0 3 3 -4 -1)
1969-12-31 18:00:06.486314354,(-5 -7 -5 -7 -6 -6 -4 -6)
1969-12-31 18:00:06.486314354,(3 -1 -1 0 0 -2 0 -1)
1969-12-31 18:00:06.507127555,(3 -3 0 -2 -4 -4 -1 0)
1969-12-31 18:00:06.507127555,(-2 0 -1 0 -1 0 3 1)
1969-12-31 18:00:06.508168215,(-1 3 3 4 3 2 -1 -1)
1969-12-31 18:00:06.508168215,(3 -1 -4 -1 -3 -1 -2 0)
1969-12-31 18:00:06.534184717,(-5 -5 -4 -4 -1 -3 -3 -3)
1969-12-31 18:00:06.534184717,(4 1 -4 -2 -2 -1 0 1)
1969-12-31 18:00:06.535225376,(-7 -8 -4 -1 -1 1 3 1)
1969-12-31 18:00:06.535225376,(-2 5 -1 0 -1 -3 -6 -4)
1969-12-31 18:00:06.556038579,(0 2 -1 -2 -2 -1 1 0)
1969-12-31 18:00:06.556038579,(-1 -4 3 1 -1 0 1 0)
1969-12-31 18:00:06.556038579,(2 -1 -1 -1 -1 -3 -2 -1)
1969-12-31 18:00:06.556038579,(-3 -4 -4 -3 -1 -1 -1 0)
1969-12-31 18:00:06.570607820,(4 16 2 -2 -2 0 0 -2)
1969-12-31 18:00:06.570607820,(5 -16 -6 -1 -1 -5 -3 2)
1969-12-31 18:00:06.571648480,(2 -24 -19 -11 -3 -3 -2 1)
1969-12-31 18:00:06.571648480,(3 45 35 22 7 1 1 -2)
1969-12-31 18:00:06.603908942,(-4 -4 -1 -2 0 0 0 -1)
1969-12-31 18:00:06.604949602,(-5 5 0 -4 -2 -1 -1 0)
1969-12-31 18:00:06.604949602,(-2 -7 -2 -4 -2 -2 -2 -1)
1969-12-31 18:00:06.604949602,(-2 -18 -15 -7 -3 -3 -1 -1)
1969-12-31 18:00:06.609112243,(-1 3 0 -1 -1 -1 -1 1)
1969-12-31 18:00:06.609112243,(1 4 6 5 3 2 0 -1)
1969-12-31 18:00:06.610152903,(-4 0 1 1 -1 2 0 -1)
1969-12-31 18:00:06.610152903,(-3 -4 -6 -3 -1 1 2 1)
1969-12-31 18:00:06.658023266,(-1 0 -1 -2 -3 -3 -2 -2)
1969-12-31 18:00:06.658023266,(-4 -6 -10 -6 -4 0 -2 -4)
1969-12-31 18:00:06.659063926,(2 7 2 1 -1 -2 -2 -3)
1969-12-31 18:00:06.659063926,(-3 -4 1 2 -2 0 0 1)
1969-12-31 18:00:06.660104586,(1 -5 -3 0 -2 0 -2 0)
1969-12-31 18:00:06.660104586,(1 2 -4 -5 -4 -3 -1 -1)
1969-12-31 18:00:06.664267227,(4 8 4 3 1 -2 -2 -3)
1969-12-31 18:00:06.664267227,(7 -1 -1 -2 1 1 1 2)
1969-12-31 18:00:06.672592507,(-10 -7 -2 -2 -1 1 0 0)
1969-12-31 18:00:06.672592507,(-10 -4 -8 -7 -3 -1 -5 -8)
1969-12-31 18:00:06.679877128,(-28 -15 -7 -4 -2 -4 -4 -7)
1969-12-31 18:00:06.679877128,(1 -6 -1 -3 -3 -2 -1 -1)
1969-12-31 18:00:06.703812310,(5 -1 -2 -1 1 0 0 0)
1969-12-31 18:00:06.703812310,(3 10 7 3 1 0 1 2)
1969-12-31 18:00:06.704852970,(7 4 8 9 3 3 1 4)
1969-12-31 18:00:06.704852970,(-3 -7 -10 -7 -3 -3 -3 -4)
1969-12-31 18:00:06.726706831,(-4 -5 -8 -19 -5 0 -3 -3)
1969-12-31 18:00:06.726706831,(0 -1 -8 2 0 0 1 3)
1969-12-31 18:00:06.735032112,(5 10 8 5 3 0 0 1)
1969-12-31 18:00:06.735032112,(2 9 19 15 4 0 2 1)
1969-12-31 18:00:06.744398052,(3 2 7 8 2 0 2 0)
1969-12-31 18:00:06.744398052,(-3 -9 -9 -10 -3 -3 -3 -1)
1969-12-31 18:00:06.744398052,(3 9 8 2 -1 1 1 1)
1969-12-31 18:00:06.744398052,(-4 -5 -10 -8 -5 -2 -3 -3)
1969-12-31 18:00:06.766251914,(-3 -2 3 -1 -1 -2 -1 -1)
1969-12-31 18:00:06.766251914,(0 -2 2 3 2 0 -1 0)
1969-12-31 18:00:06.767292574,(1 -1 -9 -7 0 -2 -2 -1)
1969-12-31 18:00:06.767292574,(-2 -5 -4 -7 -4 -2 -2 -1)
1969-12-31 18:00:06.772495875,(0 -1 5 13 6 1 1 1)
1969-12-31 18:00:06.772495875,(4 7 6 6 2 -1 -1 0)
1969-12-31 18:00:06.773536535,(-4 -8 -11 -5 -3 -2 -4 -4)
1969-12-31 18:00:06.773536535,(-3 -2 -5 -4 -2 0 1 -1)
1969-12-31 18:00:06.796431055,(-1 -4 -8 -5 -3 -1 -3 -2)
1969-12-31 18:00:06.796431055,(-2 0 -2 -5 -3 -2 -1 -1)
1969-12-31 18:00:06.797471716,(2 1 2 2 -1 0 -1 -3)
1969-12-31 18:00:06.797471716,(-1 -4 -7 -2 1 0 0 0)
1969-12-31 18:00:06.829732179,(-2 0 0 -2 -3 0 1 -1)
1969-12-31 18:00:06.829732179,(-1 -1 -2 -3 -2 -3 -3 -3)
1969-12-31 18:00:06.830772839,(-2 -4 2 4 -1 -1 -2 -1)
1969-12-31 18:00:06.830772839,(-2 -2 -4 -2 -1 -2 -2 -2)
1969-12-31 18:00:06.835976139,(-1 3 -2 1 -1 -3 -1 -3)
1969-12-31 18:00:06.835976139,(-5 -3 -1 -5 0 -2 0 -1)
1969-12-31 18:00:06.837016799,(2 -1 1 1 -1 -1 -1 2)
1969-12-31 18:00:06.837016799,(-1 -2 -2 2 1 0 -2 -1)
1969-12-31 18:00:06.837016799,(0 5 3 6 2 1 0 1)
1969-12-31 18:00:06.837016799,(-2 -2 -7 -4 -4 -3 -3 -2)
1969-12-31 18:00:06.838057459,(-4 -7 -6 -12 -3 -2 -2 -3)
1969-12-31 18:00:06.838057459,(-2 -5 -17 -14 -4 -3 -2 -2)
1969-12-31 18:00:06.839098119,(-3 -6 -19 -23 -3 -1 0 -2)
1969-12-31 18:00:06.839098119,(0 5 27 21 2 2 -2 -2)
1969-12-31 18:00:06.842220100,(-1 3 5 11 -2 -6 -1 -2)
1969-12-31 18:00:06.842220100,(-2 -1 -2 -32 -22 0 2 2)
1969-12-31 18:00:06.866155281,(2 6 10 25 22 -21 -12 -6)
1969-12-31 18:00:06.866155281,(-3 -5 -15 8 11 23 5 -3)
1969-12-31 18:00:06.867195941,(-1 1 14 -7 -6 1 5 0)
1969-12-31 18:00:06.867195941,(-11 -26 -55 -49 -15 -15 -18 -8)
1969-12-31 18:00:06.891131123,(0 -2 -39 -32 -17 2 15 0)
1969-12-31 18:00:06.891131123,(6 15 94 66 26 -6 -12 1)
1969-12-31 18:00:06.892171783,(-6 -16 -84 -80 0 37 16 1)
1969-12-31 18:00:06.892171783,(-4 1 -12 51 2 -30 -22 0)
1969-12-31 18:00:06.898415744,(11 11 75 24 -11 -9 42 17)
1969-12-31 18:00:06.898415744,(4 11 19 -10 3 33 9 2)
1969-12-31 18:00:06.898415744,(13 6 2 23 -11 -41 -5 13)
1969-12-31 18:00:06.898415744,(5 8 20 37 41 54 11 -5)
1969-12-31 18:00:06.923391586,(-1 -4 -30 -8 5 -13 4 5)
1969-12-31 18:00:06.923391586,(-3 -15 -35 -16 -27 -42 0 5)
1969-12-31 18:00:06.924432246,(-8 -12 -5 -51 -41 19 -21 -12)
1969-12-31 18:00:06.924432246,(-6 -9 -23 -14 29 8 7 -9)
1969-12-31 18:00:06.945245447,(-5 -4 1 15 0 -8 -33 -8)
1969-12-31 18:00:06.945245447,(-3 -12 -11 -17 -12 -3 10 9)
1969-12-31 18:00:06.946286107,(3 -1 -11 5 5 -16 -10 0)
1969-12-31 18:00:06.946286107,(-4 -12 -22 -30 -24 -33 -15 7)
1969-12-31 18:00:06.959814688,(-9 -7 15 -11 -6 25 -27 -27)
1969-12-31 18:00:06.959814688,(-3 11 -18 21 10 -15 -24 -24)
1969-12-31 18:00:06.960855348,(-2 6 67 38 31 49 62 27)
1969-12-31 18:00:06.960855348,(8 4 13 24 0 -12 -7 8)
1969-12-31 18:00:06.993115811,(2 -2 10 -13 -13 -7 0 -1)
1969-12-31 18:00:06.993115811,(-2 -7 -39 -25 -14 -13 -24 -17)
1969-12-31 18:00:06.994156471,(-6 0 20 33 5 2 2 -9)
1969-12-31 18:00:06.994156471,(-1 -6 4 -14 -6 22 14 -5)
1969-12-31 18:00:07.006644392,(-10 -11 -32 -24 -9 -16 -6 5)
1969-12-31 18:00:07.006644392,(4 6 13 1 0 14 8 8)
1969-12-31 18:00:07.014969672,(0 6 8 13 0 -10 -20 -24)
1969-12-31 18:00:07.014969672,(-1 1 9 0 -1 -2 6 0)
1969-12-31 18:00:07.023294953,(1 -4 -11 -3 -3 13 -3 3)
1969-12-31 18:00:07.023294953,(-3 -1 -4 -4 0 3 7 1)
1969-12-31 18:00:07.024335613,(0 -1 -4 -1 0 -10 -10 -3)
1969-12-31 18:00:07.024335613,(-4 6 -3 8 -2 -7 -11 -16)
1969-12-31 18:00:07.071165316,(-5 3 12 9 4 4 5 0)
1969-12-31 18:00:07.071165316,(0 -3 -20 -19 -1 2 1 -1)
1969-12-31 18:00:07.072205976,(-9 -10 -14 -4 1 -12 -1 9)
1969-12-31 18:00:07.072205976,(10 9 4 -7 -10 -6 -1 4)
1969-12-31 18:00:07.073246636,(2 5 17 4 0 2 2 -1)
1969-12-31 18:00:07.073246636,(0 0 -4 -3 11 3 5 3)
1969-12-31 18:00:07.077409277,(-1 5 8 13 6 1 -3 2)
1969-12-31 18:00:07.077409277,(2 2 13 10 -2 1 8 9)
1969-12-31 18:00:07.083653237,(5 1 -10 -2 3 0 1 -4)
1969-12-31 18:00:07.083653237,(-3 -7 -12 -16 -11 -14 -7 -5)
1969-12-31 18:00:07.091978518,(8 5 -5 -1 1 -1 10 23)
1969-12-31 18:00:07.093019178,(-9 -4 6 1 2 1 1 -11)
1969-12-31 18:00:07.107588419,(-10 -16 -18 -7 -2 -5 -2 1)
1969-12-31 18:00:07.107588419,(-4 -5 -5 -6 -2 0 2 3)
1969-12-31 18:00:07.108629079,(9 14 5 7 8 2 5 8)
1969-12-31 18:00:07.108629079,(-2 1 4 -4 -4 -5 -2 -7)
1969-12-31 18:00:07.131523601,(7 6 -1 2 -1 -1 -1 4)
1969-12-31 18:00:07.131523601,(-1 -5 0 -1 0 4 14 17)
1969-12-31 18:00:07.132564261,(-2 -5 -6 -4 -1 -10 -20 -23)
1969-12-31 18:00:07.132564261,(8 6 -4 -6 -6 -6 -6 -4)
1969-12-31 18:00:07.147133502,(-5 -5 11 9 1 2 -3 -8)
1969-12-31 18:00:07.147133502,(6 20 19 4 1 6 6 4)
1969-12-31 18:00:07.148174162,(3 -3 -7 -2 -5 -2 -4 -2)
1969-12-31 18:00:07.148174162,(-10 4 23 6 1 4 -3 -8)
1969-12-31 18:00:07.171068684,(2 -5 -8 2 2 7 3 -1)
1969-12-31 18:00:07.171068684,(-3 -3 0 -2 -6 -5 -11 -13)
1969-12-31 18:00:07.172109344,(-1 -15 -13 -5 -4 -4 -7 -6)
1969-12-31 18:00:07.172109344,(19 21 3 3 -1 2 6 6)
1969-12-31 18:00:07.204369806,(-24 -42 -12 -4 -1 0 -2 -4)
1969-12-31 18:00:07.204369806,(3 21 18 5 -1 -2 -5 -2)
1969-12-31 18:00:07.205410466,(-10 -2 -2 -1 -5 -4 -7 -11)
1969-12-31 18:00:07.205410466,(-2 -12 -7 -3 -1 2 3 5)
1969-12-31 18:00:07.209573106,(8 12 4 1 2 -1 1 2)
1969-12-31 18:00:07.209573106,(-4 -2 -9 -10 -5 -6 -6 -6)
1969-12-31 18:00:07.210613766,(-1 -4 -6 0 -2 -2 -3 -3)
1969-12-31 18:00:07.210613766,(2 12 17 8 2 1 3 -6)
1969-12-31 18:00:07.232467628,(6 0 -5 -2 2 1 2 9)
1969-12-31 18:00:07.232467628,(-6 -25 -29 -17 -3 -4 1 2)
1969-12-31 18:00:07.233508288,(4 14 12 8 2 -3 -1 -3)
1969-12-31 18:00:07.233508288,(11 2 4 6 6 2 9 7)
1969-12-31 18:00:07.256402810,(-4 10 2 6 3 -7 -9 7)
1969-12-31 18:00:07.256402810,(1 -3 -8 -1 0 0 13 13)
1969-12-31 18:00:07.257443470,(-4 -4 -15 -11 1 -7 -6 1)
1969-12-31 18:00:07.257443470,(-14 -10 -8 -9 -3 -4 -10 -14)
1969-12-31 18:00:07.270972051,(25 30 21 7 4 9 6 -5)
1969-12-31 18:00:07.270972051,(-26 -28 -1 -5 -7 -2 -14 -21)
1969-12-31 18:00:07.279297331,(-4 -14 0 -1 -6 2 -6 -13)
1969-12-31 18:00:07.279297331,(-53 -34 -4 -6 -9 1 -8 -20)
1969-12-31 18:00:07.295947893,(16 10 7 3 0 8 5 0)
1969-12-31 18:00:07.295947893,(23 13 6 6 0 3 -5 -7)
1969-12-31 18:00:07.295947893,(-17 -6 5 3 2 2 -1 -5)
1969-12-31 18:00:07.295947893,(-1 4 2 1 0 2 2 12)
1969-12-31 18:00:07.318842414,(-16 -2 -13 -9 -9 -13 -9 -19)
1969-12-31 18:00:07.318842414,(16 0 0 3 4 32 -1 20)
1969-12-31 18:00:07.319883074,(-43 -16 -11 -10 -6 -29 -5 -48)
1969-12-31 18:00:07.319883074,(7 12 2 0 -1 6 11 14)
1969-12-31 18:00:07.335492976,(6 1 -5 -1 -1 4 18 33)
1969-12-31 18:00:07.335492976,(16 0 6 12 9 7 -3 -5)
1969-12-31 18:00:07.350062217,(-6 -9 -3 -3 -1 -14 4 34)
1969-12-31 18:00:07.350062217,(48 26 13 11 8 -11 -20 -6)
1969-12-31 18:00:07.357346837,(-37 -10 -9 -7 -4 10 -10 -23)
1969-12-31 18:00:07.357346837,(22 14 -2 -6 -4 -15 9 8)
1969-12-31 18:00:07.358387497,(27 9 8 7 9 47 42 48)
1969-12-31 18:00:07.358387497,(-21 -25 -11 -4 -3 -29 -31 24)
1969-12-31 18:00:07.381282019,(29 14 2 2 -4 -15 -9 -46)
1969-12-31 18:00:07.381282019,(26 27 5 2 1 -7 0 11)
1969-12-31 18:00:07.382322679,(-21 -28 -9 -7 -7 -10 7 -1)
1969-12-31 18:00:07.382322679,(55 16 -3 -3 1 37 10 36)
1969-12-31 18:00:07.395851260,(-49 -12 -5 -5 0 17 1 1)
1969-12-31 18:00:07.395851260,(-9 -24 -11 -8 -12 -31 -4 4)
1969-12-31 18:00:07.404176541,(86 48 21 12 0 -13 -4 47)
1969-12-31 18:00:07.404176541,(-46 -20 -5 -2 -1 -20 -16 -84)
1969-12-31 18:00:07.419786442,(21 9 4 3 6 14 13 53)
1969-12-31 18:00:07.419786442,(-18 3 5 5 19 84 55 -28)
1969-12-31 18:00:07.420827102,(21 8 -4 -5 -14 -49 -8 48)
1969-12-31 18:00:07.420827102,(-33 -23 -10 -5 2 -4 -15 -55)
1969-12-31 18:00:07.443721623,(-15 -22 -6 -5 -19 -50 4 -40)
1969-12-31 18:00:07.443721623,(-7 9 2 1 1 12 18 11)
1969-12-31 18:00:07.444762284,(-36 -20 -2 -2 1 -4 -15 -50)
1969-12-31 18:00:07.444762284,(56 42 14 13 20 55 40 62)
1969-12-31 18:00:07.458290864,(-37 -41 -31 -22 -18 -6 -21 -67)
1969-12-31 18:00:07.458290864,(-11 3 6 3 2 -22 -38 7)
1969-12-31 18:00:07.492632647,(-29 -3 -3 -1 -4 -11 -5 -43)
1969-12-31 18:00:07.492632647,(10 -2 -1 -1 -1 42 26 37)
1969-12-31 18:00:07.494713967,(15 -1 3 5 1 -35 8 30)
1969-12-31 18:00:07.494713967,(7 -7 -5 -3 2 12 -6 30)
1969-12-31 18:00:07.494713967,(-5 13 8 9 5 -44 -60 -9)
1969-12-31 18:00:07.495754627,(-21 -23 -10 -13 -11 15 20 -17)
1969-12-31 18:00:07.506161228,(-13 -5 -3 -4 -8 -33 -16 2)
1969-12-31 18:00:07.506161228,(5 2 -3 -4 4 48 16 -15)
1969-12-31 18:00:07.507201888,(15 -1 7 7 15 55 26 57)
1969-12-31 18:00:07.507201888,(5 0 -13 -12 -24 -91 -11 -37)
1969-12-31 18:00:07.520730469,(34 23 17 17 22 28 30 64)
1969-12-31 18:00:07.520730469,(-13 -6 2 1 -3 -52 -57 -76)
1969-12-31 18:00:07.529055750,(-38 -34 -12 -8 -5 23 6 -1)
1969-12-31 18:00:07.530096410,(38 34 7 5 6 -6 16 57)
1969-12-31 18:00:07.545706310,(30 23 8 4 8 23 -5 1)
1969-12-31 18:00:07.545706310,(-52 -3 4 0 -5 -29 -44 -80)
1969-12-31 18:00:07.545706310,(33 28 1 -7 -1 13 19 -1)
1969-12-31 18:00:07.545706310,(-15 -10 -2 -5 -2 -8 -20 -7)
1969-12-31 18:00:07.568600833,(11 -3 -1 4 15 43 16 64)
1969-12-31 18:00:07.568600833,(7 -2 10 12 -2 -2 22 56)
1969-12-31 18:00:07.569641493,(-48 2 0 1 -1 10 -23 -62)
1969-12-31 18:00:07.569641493,(-29 -8 -6 -17 -10 -10 -3 -51)
1969-12-31 18:00:07.583170074,(-21 -12 -21 -15 -7 -3 -13 -17)
1969-12-31 18:00:07.583170074,(22 4 22 23 5 7 20 51)
1969-12-31 18:00:07.591495354,(99 65 26 17 15 50 69 76)
1969-12-31 18:00:07.591495354,(-72 -68 -22 -7 -15 -60 -87 -82)
1969-12-31 18:00:07.607105255,(50 21 8 0 3 -1 17 42)
1969-12-31 18:00:07.607105255,(31 5 -12 -12 -6 -15 3 13)
1969-12-31 18:00:07.608145915,(-24 -1 0 0 -4 -8 -8 -19)
1969-12-31 18:00:07.608145915,(11 -11 -13 -16 -14 -6 -9 20)
1969-12-31 18:00:07.640406378,(6 -2 1 0 -5 -39 -22 -13)
1969-12-31 18:00:07.640406378,(2 14 2 -1 -3 -12 -6 25)
1969-12-31 18:00:07.646650338,(-42 -21 -2 0 8 39 -3 -53)
1969-12-31 18:00:07.646650338,(16 0 0 5 8 10 7 18)
1969-12-31 18:00:07.654975619,(-29 -7 1 0 -6 8 -2 -33)
1969-12-31 18:00:07.654975619,(20 3 -9 -10 -5 -10 32 9)
1969-12-31 18:00:07.656016279,(24 6 4 3 1 -41 -27 34)
1969-12-31 18:00:07.656016279,(-13 0 -5 -2 -1 37 63 40)
1969-12-31 18:00:07.669544860,(62 27 18 20 28 57 -5 63)
1969-12-31 18:00:07.669544860,(-51 -24 -14 -14 -6 -13 16 14)
1969-12-31 18:00:07.670585520,(8 -22 -16 -11 -11 -32 -14 -30)
1969-12-31 18:00:07.670585520,(-2 21 14 5 -27 -19 7 -21)
1969-12-31 18:00:07.694520702,(24 -5 2 1 1 18 -23 -39)
1969-12-31 18:00:07.694520702,(-25 -18 -10 -4 -2 -22 29 74)
1969-12-31 18:00:07.695561362,(-41 -22 -18 -12 0 51 -29 -48)
1969-12-31 18:00:07.695561362,(42 31 22 18 19 -35 32 125)
1969-12-31 18:00:07.717415223,(-48 -25 -10 -10 -10 3 -2 -70)
1969-12-31 18:00:07.717415223,(37 21 7 5 1 34 14 11)
1969-12-31 18:00:07.718455883,(-34 -29 -5 2 3 -68 -13 -45)
1969-12-31 18:00:07.718455883,(11 4 -4 -4 -1 52 42 38)
1969-12-31 18:00:07.731984464,(-7 2 2 4 7 -17 -42 -2)
1969-12-31 18:00:07.731984464,(-7 2 -8 -13 -25 -29 -43 -65)
1969-12-31 18:00:07.733025125,(25 27 11 6 6 25 24 -7)
1969-12-31 18:00:07.733025125,(-14 -1 -6 -7 -16 -13 0 33)
1969-12-31 18:00:07.781936148,(-12 -24 -18 -16 -1 -9 6 -33)
1969-12-31 18:00:07.781936148,(-13 -13 0 4 6 9 -37 -44)
1969-12-31 18:00:07.781936148,(-12 10 -1 -10 -54 -93 -46 13)
1969-12-31 18:00:07.781936148,(48 35 14 9 29 67 -7 -7)
1969-12-31 18:00:07.784017468,(-31 4 -1 -4 -13 -30 5 -22)
1969-12-31 18:00:07.784017468,(21 20 14 15 28 0 2 22)
1969-12-31 18:00:07.787139448,(-5 -23 -10 1 18 54 22 11)
1969-12-31 18:00:07.787139448,(-33 -16 2 7 8 -2 -21 -39)
1969-12-31 18:00:07.794424069,(30 23 10 9 12 58 43 50)
1969-12-31 18:00:07.794424069,(-23 -7 -5 -2 9 22 8 -17)
1969-12-31 18:00:07.795464728,(-8 -11 -6 0 16 7 -30 -34)
1969-12-31 18:00:07.795464728,(-15 -9 -2 9 33 13 -17 -85)
1969-12-31 18:00:07.819399911,(-14 -12 -7 -23 -92 -82 -21 -41)
1969-12-31 18:00:07.819399911,(11 13 3 -9 -51 -50 0 5)
1969-12-31 18:00:07.819399911,(-35 -11 -12 -21 -16 -11 -16 -51)
1969-12-31 18:00:07.819399911,(5 -9 -7 -3 22 37 21 59)
1969-12-31 18:00:07.842294432,(-16 -8 0 8 25 20 14 33)
1969-12-31 18:00:07.842294432,(-9 -12 -9 -7 4 9 -11 -10)
1969-12-31 18:00:07.843335093,(36 27 9 8 5 8 11 14)
1969-12-31 18:00:07.843335093,(14 -22 -16 -5 -11 -11 -3 21)
1969-12-31 18:00:07.856863674,(-7 5 18 7 14 -29 -15 -35)
1969-12-31 18:00:07.856863674,(-21 -33 -20 -6 14 4 -13 -34)
1969-12-31 18:00:07.857904334,(23 -9 -10 0 -2 10 15 31)
1969-12-31 18:00:07.857904334,(-4 11 -8 -4 20 -5 -12 -49)
1969-12-31 18:00:07.881839515,(38 69 43 13 -42 -30 3 53)
1969-12-31 18:00:07.881839515,(-70 -52 4 -8 -15 -20 -32 -75)
1969-12-31 18:00:07.881839515,(0 20 8 -3 -6 5 9 42)
1969-12-31 18:00:07.881839515,(3 -11 -43 -22 -22 -22 -12 -42)
1969-12-31 18:00:07.913059318,(10 -68 -79 -16 22 16 10 9)
1969-12-31 18:00:07.913059318,(-3 95 94 28 28 24 27 33)
1969-12-31 18:00:07.914099978,(30 12 -12 8 15 18 24 83)
1969-12-31 18:00:07.914099978,(-39 -15 36 12 -28 -40 -20 -20)
1969-12-31 18:00:07.928669219,(21 8 6 16 60 50 8 13)
1969-12-31 18:00:07.928669219,(-10 -102 -113 -44 -24 -19 -14 -35)
1969-12-31 18:00:07.928669219,(-27 95 106 48 -40 -15 36 -5)
1969-12-31 18:00:07.929709879,(13 17 -28 2 34 18 -34 -19)
1969-12-31 18:00:07.944279120,(8 -46 -22 -21 -62 -32 0 49)
1969-12-31 18:00:07.944279120,(-7 9 -14 3 29 31 2 8)
1969-12-31 18:00:07.945319780,(-27 -78 -53 -46 -59 -50 0 -32)
1969-12-31 18:00:07.945319780,(-57 23 34 4 -20 -24 -2 -36)
1969-12-31 18:00:07.967173642,(-38 16 38 20 47 33 12 -32)
1969-12-31 18:00:07.967173642,(36 37 5 2 -3 2 7 38)
1969-12-31 18:00:07.968214302,(-21 -86 -54 -20 24 22 1 13)
1969-12-31 18:00:07.968214302,(-22 9 10 13 -3 -10 -25 -32)
1969-12-31 18:00:07.981742883,(68 54 46 15 13 24 32 61)
1969-12-31 18:00:07.981742883,(-7 10 -23 2 3 -7 1 -74)
1969-12-31 18:00:07.982783543,(-39 -81 -74 -24 -6 -21 -1 28)
1969-12-31 18:00:07.982783543,(-17 64 57 20 -20 -3 -5 -1)
1969-12-31 18:00:08.006718724,(17 -10 -43 -9 9 18 36 58)
1969-12-31 18:00:08.006718724,(1 51 37 21 27 19 -29 -69)
1969-12-31 18:00:08.007759385,(31 8 -5 2 -36 -18 -20 -11)
1969-12-31 18:00:08.007759385,(-3 -81 -73 -39 -20 -3 -1 -18)
1969-12-31 18:00:08.029613246,(-50 27 31 13 32 20 -25 -17)
1969-12-31 18:00:08.029613246,(37 20 34 23 -9 -32 46 65)
1969-12-31 18:00:08.030653906,(0 25 55 17 19 37 -32 16)
1969-12-31 18:00:08.030653906,(19 -73 -40 -10 12 16 40 32)
1969-12-31 18:00:08.045223147,(-39 -30 -24 -20 -38 -29 -29 -119)
1969-12-31 18:00:08.045223147,(-48 -35 -65 -47 -4 -12 -11 -18)
1969-12-31 18:00:08.046263807,(30 63 47 26 6 -2 -10 -27)
1969-12-31 18:00:08.046263807,(45 14 -6 -2 -25 -10 3 77)
1969-12-31 18:00:08.070198989,(-2 -14 -7 0 2 -1 -6 -13)
1969-12-31 18:00:08.070198989,(38 -66 -79 -20 6 8 -25 -6)
1969-12-31 18:00:08.071239649,(-4 10 20 4 -2 -12 11 -57)
1969-12-31 18:00:08.071239649,(-35 60 72 24 39 20 10 10)
1969-12-31 18:00:08.092052851,(28 -26 -46 -17 -20 -11 -2 21)
1969-12-31 18:00:08.092052851,(8 -28 4 13 -19 -12 -9 4)
1969-12-31 18:00:08.093093511,(37 47 18 -5 17 -1 -1 69)
1969-12-31 18:00:08.093093511,(9 10 -21 5 15 32 45 8)
1969-12-31 18:00:08.106622092,(-16 46 46 14 -10 -12 1 28)
1969-12-31 18:00:08.106622092,(41 -23 36 19 -7 0 -1 79)
1969-12-31 18:00:08.107662752,(2 -25 -74 -32 1 -4 17 -12)
1969-12-31 18:00:08.107662752,(-44 -81 -63 -30 -18 -21 -25 -10)
1969-12-31 18:00:08.130557273,(-42 73 61 24 33 6 -5 -31)
1969-12-31 18:00:08.130557273,(-27 -46 -26 -42 -83 -29 -9 -26)
1969-12-31 18:00:08.131597934,(43 -14 -38 -16 13 3 -4 3)
1969-12-31 18:00:08.131597934,(54 48 11 17 13 22 2 17)
1969-12-31 18:00:08.154492455,(-27 -78 -43 -14 29 7 8 -22)
1969-12-31 18:00:08.154492455,(-2 63 12 -8 27 -6 -49 -19)
1969-12-31 18:00:08.155533115,(31 -63 39 73 -24 -16 32 32)
1969-12-31 18:00:08.155533115,(22 100 71 26 11 -3 -15 13)
1969-12-31 18:00:08.169061696,(4 47 52 32 -55 -40 -36 -54)
1969-12-31 18:00:08.169061696,(5 -72 -65 -10 31 45 33 42)
1969-12-31 18:00:08.177386977,(8 12 -40 -40 5 4 -6 -22)
1969-12-31 18:00:08.177386977,(-64 -48 31 9 -1 -18 -19 -54)
1969-12-31 18:00:08.202362819,(-12 -72 -127 -73 -30 -18 -32 -51)
1969-12-31 18:00:08.202362819,(-21 82 70 20 33 23 4 -2)
1969-12-31 18:00:08.203403479,(14 61 33 8 11 18 12 16)
1969-12-31 18:00:08.203403479,(75 -69 -34 28 56 36 66 90)
1969-12-31 18:00:08.216932060,(-27 -51 -39 -39 -74 -35 -51 -30)
1969-12-31 18:00:08.216932060,(16 37 16 15 11 2 31 39)
1969-12-31 18:00:08.223176020,(-19 -36 -30 7 24 10 -25 -3)
1969-12-31 18:00:08.223176020,(43 44 12 -22 -68 -28 13 40)
1969-12-31 18:00:08.231501301,(-15 -37 -6 10 27 6 -7 -4)
1969-12-31 18:00:08.231501301,(23 -52 -17 14 20 10 14 12)
1969-12-31 18:00:08.240867242,(-30 109 114 50 100 86 30 3)
1969-12-31 18:00:08.240867242,(2 28 -7 -41 -100 -82 -18 -53)
1969-12-31 18:00:08.256477143,(0 -53 -33 -11 4 23 27 39)
1969-12-31 18:00:08.256477143,(-28 -82 -54 -20 -30 -13 9 -6)
1969-12-31 18:00:08.257517803,(16 35 8 -6 19 6 7 36)
1969-12-31 18:00:08.257517803,(-12 -38 -14 27 88 41 -12 17)
1969-12-31 18:00:08.279371664,(-4 52 2 -11 -60 -46 24 -27)
1969-12-31 18:00:08.279371664,(-22 7 39 26 -36 -44 3 8)
1969-12-31 18:00:08.281452984,(-12 -5 -7 -36 -64 -14 -28 -50)
1969-12-31 18:00:08.281452984,(15 -15 -16 -12 6 16 14 34)
1969-12-31 18:00:08.293940905,(1 -10 -4 8 51 35 -5 -21)
1969-12-31 18:00:08.293940905,(29 -29 -19 20 60 34 5 29)
1969-12-31 18:00:08.303306846,(-34 -53 -42 -23 -24 -7 4 -45)
1969-12-31 18:00:08.303306846,(-8 17 -4 -22 -58 -68 -29 -19)
1969-12-31 18:00:08.317876087,(0 43 53 16 -15 -14 -27 21)
1969-12-31 18:00:08.317876087,(-18 24 -1 -14 -22 -2 -8 -49)
1969-12-31 18:00:08.319957407,(2 -22 -5 18 32 39 38 12)
1969-12-31 18:00:08.319957407,(-24 -49 -31 -15 27 8 -20 -9)
1969-12-31 18:00:08.342851929,(22 -41 -60 -12 24 13 -1 6)
1969-12-31 18:00:08.342851929,(-2 50 43 17 -52 -24 22 2)
1969-12-31 18:00:08.343892589,(-15 22 20 9 -9 -10 -42 -55)
1969-12-31 18:00:08.343892589,(24 22 15 18 -6 -3 29 42)
1969-12-31 18:00:08.356380510,(-12 -89 -87 -42 12 12 -13 -39)
1969-12-31 18:00:08.356380510,(-14 112 120 42 0 -6 16 -24)
1969-12-31 18:00:08.365746451,(0 -67 -50 -18 -26 -18 23 27)
1969-12-31 18:00:08.365746451,(-5 45 24 -9 13 2 -38 -47)
1969-12-31 18:00:08.381356352,(-13 34 56 32 17 10 14 38)
1969-12-31 18:00:08.381356352,(15 -36 -46 -23 31 21 -33 -25)
1969-12-31 18:00:08.387600312,(-8 1 4 -2 -39 -24 62 48)
1969-12-31 18:00:08.387600312,(-34 -26 -72 -32 -47 -35 -74 -51)
1969-12-31 18:00:08.404250873,(20 51 63 25 -1 -2 33 10)
1969-12-31 18:00:08.404250873,(-11 -24 -9 -13 34 -1 -21 17)
1969-12-31 18:00:08.406332194,(8 -72 -59 -3 34 14 -9 -8)
1969-12-31 18:00:08.406332194,(-22 27 -4 -19 -24 7 35 7)
1969-12-31 18:00:08.418820114,(-27 35 63 32 10 -13 3 5)
1969-12-31 18:00:08.418820114,(-2 -31 -40 -12 -15 0 5 -42)
1969-12-31 18:00:08.428186055,(3 -35 -12 -31 -50 -37 -46 -3)
1969-12-31 18:00:08.428186055,(-58 58 37 19 47 27 13 -35)
1969-12-31 18:00:08.442755296,(24 -28 -38 1 10 11 9 3)
1969-12-31 18:00:08.442755296,(20 26 31 23 20 10 -15 17)
1969-12-31 18:00:08.444836616,(5 12 2 7 -7 -14 -44 8)
1969-12-31 18:00:08.444836616,(22 -8 37 10 12 19 10 1)
1969-12-31 18:00:08.466690478,(-11 -21 -6 -5 -3 -3 -2 -33)
1969-12-31 18:00:08.466690478,(-32 -29 -40 -26 -37 -25 -46 -25)
1969-12-31 18:00:08.468771798,(27 -78 -78 -21 64 39 34 5)
1969-12-31 18:00:08.468771798,(-27 50 38 -7 -87 -68 -45 -49)
1969-12-31 18:00:08.490625660,(54 49 8 8 4 27 33 90)
1969-12-31 18:00:08.490625660,(25 -70 -70 -29 0 -4 12 43)
1969-12-31 18:00:08.492706980,(-41 65 77 26 10 -1 -9 -24)
1969-12-31 18:00:08.492706980,(43 -91 -76 -12 26 26 23 33)
1969-12-31 18:00:08.504154241,(21 81 40 16 59 50 4 33)
1969-12-31 18:00:08.504154241,(-5 49 28 21 -25 -28 19 -13)
1969-12-31 18:00:08.513520181,(-26 -78 -58 -29 -24 -15 -27 -6)
1969-12-31 18:00:08.513520181,(32 69 62 14 14 18 15 39)
1969-12-31 18:00:08.529130083,(-8 -50 -39 -7 -70 -93 -37 -30)
1969-12-31 18:00:08.529130083,(26 10 15 -8 54 59 23 34)
1969-12-31 18:00:08.531211403,(-17 12 7 6 27 17 -4 -35)
1969-12-31 18:00:08.531211403,(21 -62 -33 4 -4 2 35 46)
1969-12-31 18:00:08.543699324,(-47 -65 -55 -32 4 10 -8 -9)
1969-12-31 18:00:08.543699324,(-8 64 55 8 -103 -106 -25 15)
1969-12-31 18:00:08.553065264,(7 -65 -65 -32 17 25 14 -15)
1969-12-31 18:00:08.553065264,(-48 21 20 6 2 9 -19 -35)
1969-12-31 18:00:08.575959786,(56 102 52 26 27 17 51 41)
1969-12-31 18:00:08.575959786,(-44 -29 3 -4 4 12 -16 -35)
1969-12-31 18:00:08.578041106,(-12 82 35 27 19 4 28 -18)
1969-12-31 18:00:08.578041106,(73 -68 -57 -14 28 23 -14 16)
1969-12-31 18:00:08.591569687,(-40 -2 47 19 4 17 8 2)
1969-12-31 18:00:08.591569687,(-20 8 -15 -12 -10 -18 -12 -66)
1969-12-31 18:00:08.593651007,(34 34 40 8 -34 -21 -10 35)
1969-12-31 18:00:08.593651007,(-35 -32 -15 -11 -28 -41 7 -9)
1969-12-31 18:00:08.615504869,(4 -66 -39 -15 20 42 6 8)
1969-12-31 18:00:08.615504869,(8 21 -8 -1 29 17 53 20)
1969-12-31 18:00:08.616545529,(-24 25 9 -6 -33 -19 -53 -26)
1969-12-31 18:00:08.616545529,(25 -49 -36 3 3 12 13 49)
1969-12-31 18:00:08.646724671,(-18 -9 0 -19 -21 -24 -45 -18)
1969-12-31 18:00:08.646724671,(-17 7 -14 9 30 36 51 20)
1969-12-31 18:00:08.647765331,(-5 47 34 3 -15 -23 -36 -45)
1969-12-31 18:00:08.647765331,(-12 -58 -40 -11 44 52 37 29)
1969-12-31 18:00:08.654009292,(-20 92 29 10 -31 -46 -37 -67)
1969-12-31 18:00:08.654009292,(-17 -32 -4 -7 -23 -10 -33 -51)
1969-12-31 18:00:08.656090612,(10 -38 -12 -2 28 19 27 33)
1969-12-31 18:00:08.656090612,(-26 34 5 20 -10 -9 6 -29)
1969-12-31 18:00:08.685229094,(39 -11 35 20 28 33 17 40)
1969-12-31 18:00:08.685229094,(27 23 21 13 15 0 -6 5)
1969-12-31 18:00:08.687310414,(-13 -39 -44 -31 -65 -52 -41 -23)
1969-12-31 18:00:08.687310414,(-20 16 6 -22 -15 -8 -19 -71)
1969-12-31 18:00:08.692513714,(-44 -36 -28 -1 43 28 5 -34)
1969-12-31 18:00:08.692513714,(15 15 1 -4 -17 24 16 35)
1969-12-31 18:00:08.699798335,(21 1 12 16 2 -32 2 -9)
1969-12-31 18:00:08.699798335,(-27 -41 -29 -19 -33 -34 -49 -54)
1969-12-31 18:00:08.716448896,(-4 3 -6 -20 -40 -22 16 -25)
1969-12-31 18:00:08.716448896,(-14 0 9 0 18 16 -39 1)
1969-12-31 18:00:08.718530216,(0 44 20 24 43 37 7 -28)
1969-12-31 18:00:08.718530216,(5 -7 25 7 -20 -27 -8 -7)
1969-12-31 18:00:08.740384078,(14 49 29 16 17 -1 -1 -6)
1969-12-31 18:00:08.740384078,(-39 -57 -53 -29 -26 -31 -66 -87)
1969-12-31 18:00:08.741424738,(-10 -30 -17 -10 14 21 22 30)
1969-12-31 18:00:08.742465398,(17 33 38 25 50 48 13 11)
1969-12-31 18:00:08.754953319,(-8 -67 -49 -48 -112 -103 -41 19)
1969-12-31 18:00:08.754953319,(22 -32 -25 -2 26 -6 -14 31)
1969-12-31 18:00:08.762237939,(-18 71 51 25 21 19 8 -34)
1969-12-31 18:00:08.762237939,(-38 -13 -5 -9 1 -2 -11 -35)
1969-12-31 18:00:08.779929160,(6 -78 -54 -16 22 44 29 16)
1969-12-31 18:00:08.779929160,(28 124 56 4 -71 -42 17 34)
1969-12-31 18:00:08.780969821,(-4 -35 -19 -14 5 -6 -9 0)
1969-12-31 18:00:08.780969821,(6 -55 -25 -5 8 -4 0 38)
1969-12-31 18:00:08.802823681,(1 27 20 23 42 25 20 11)
1969-12-31 18:00:08.802823681,(-11 -18 -24 -13 -4 6 -1 -9)
1969-12-31 18:00:08.803864342,(15 21 13 7 15 13 10 38)
1969-12-31 18:00:08.803864342,(67 35 32 36 36 19 36 90)
1969-12-31 18:00:08.817392924,(-12 -26 -34 -20 2 0 5 7)
1969-12-31 18:00:08.817392924,(22 -35 -26 -37 -66 -62 -37 19)
1969-12-31 18:00:08.824677544,(-13 -3 15 -5 -14 -26 -22 0)
1969-12-31 18:00:08.824677544,(35 3 -19 -4 7 14 11 9)
1969-12-31 18:00:08.841328105,(-5 47 52 54 74 35 21 15)
1969-12-31 18:00:08.841328105,(-15 -7 27 2 -29 13 6 -5)
1969-12-31 18:00:08.843409425,(-15 -30 -35 -23 -35 -29 -8 5)
1969-12-31 18:00:08.843409425,(6 -10 -57 -37 -25 -34 -45 -51)
1969-12-31 18:00:08.865263287,(-14 8 59 32 53 26 -7 -17)
1969-12-31 18:00:08.865263287,(54 26 3 23 37 50 80 71)
1969-12-31 18:00:08.866303947,(-64 -81 -57 -45 -89 -66 -49 -75)
1969-12-31 18:00:08.866303947,(-25 23 38 11 24 17 -24 -65)
1969-12-31 18:00:08.878791868,(30 57 10 3 12 -9 5 22)
1969-12-31 18:00:08.878791868,(0 -35 -15 13 32 24 7 12)
1969-12-31 18:00:08.888157809,(20 3 -17 -11 -22 26 64 57)
1969-12-31 18:00:08.888157809,(-14 62 58 28 31 4 -39 -17)
1969-12-31 18:00:08.903767710,(16 -26 -31 -21 -41 -26 11 -9)
1969-12-31 18:00:08.903767710,(-41 30 41 14 29 25 -20 -56)
1969-12-31 18:00:08.905849030,(42 3 -11 -9 -36 -48 -4 13)
1969-12-31 18:00:08.905849030,(-3 5 -2 4 -7 20 23 -1)
1969-12-31 18:00:08.934987512,(12 -24 -17 0 19 9 6 16)
1969-12-31 18:00:08.934987512,(-6 -30 -34 20 127 93 56 62)
1969-12-31 18:00:08.937068832,(-30 24 26 -15 -88 -43 14 -7)
1969-12-31 18:00:08.937068832,(-8 6 4 -10 2 -28 -16 -70)
1969-12-31 18:00:08.941231473,(26 20 21 2 -4 12 6 28)
1969-12-31 18:00:08.942272133,(-6 -25 -21 -8 11 -8 -9 -24)
1969-12-31 18:00:08.950597413,(19 14 10 24 75 58 5 -2)
1969-12-31 18:00:08.950597413,(-29 10 35 -3 -64 -30 18 18)
1969-12-31 18:00:08.966207314,(3 -12 -34 -30 -22 5 3 18)
1969-12-31 18:00:08.966207314,(7 13 8 41 34 1 -19 -44)
1969-12-31 18:00:08.968288635,(-17 6 33 32 42 36 7 15)
1969-12-31 18:00:08.968288635,(22 -29 -25 5 0 -5 42 47)
1969-12-31 18:00:08.990142496,(-18 -28 -26 -42 -69 -42 -56 -42)
1969-12-31 18:00:08.990142496,(-15 41 36 -4 -14 -10 -1 -1)
1969-12-31 18:00:08.991183156,(5 -20 -17 -3 17 11 -12 -13)
1969-12-31 18:00:08.991183156,(10 28 6 9 20 29 37 41)
1969-12-31 18:00:09.013037018,(-45 1 -4 9 44 22 -11 -69)
1969-12-31 18:00:09.013037018,(-13 -23 6 -17 -85 -81 -21 18)
1969-12-31 18:00:09.015118338,(11 10 5 -5 1 3 30 26)
1969-12-31 18:00:09.015118338,(-19 -32 -26 -17 2 2 -34 -23)
1969-12-31 18:00:09.028646919,(6 6 -4 -3 -2 -6 1 11)
1969-12-31 18:00:09.028646919,(9 1 -1 2 19 11 -6 -14)
1969-12-31 18:00:09.030728239,(5 14 9 9 6 -11 -16 0)
1969-12-31 18:00:09.030728239,(-2 20 2 4 33 29 21 -5)
1969-12-31 18:00:09.051541441,(-25 -42 -16 -29 -94 -78 -57 -12)
1969-12-31 18:00:09.051541441,(9 11 4 -4 1 5 29 -4)
1969-12-31 18:00:09.070273322,(-2 -22 -11 -3 3 -5 -18 -1)
1969-12-31 18:00:09.070273322,(3 -16 -7 2 30 12 -21 -32)
1969-12-31 18:00:09.071313982,(10 14 14 25 0 -18 16 1)
1969-12-31 18:00:09.071313982,(-14 -23 -38 -38 -57 -27 -10 -18)
1969-12-31 18:00:09.092127184,(35 22 16 12 25 8 -5 8)
1969-12-31 18:00:09.092127184,(7 24 27 15 8 6 6 20)
1969-12-31 18:00:09.093167844,(46 17 4 5 16 26 23 26)
1969-12-31 18:00:09.093167844,(-85 -53 -15 -14 -25 -25 -31 -35)
1969-12-31 18:00:09.094208504,(-48 -27 -12 5 24 13 -5 -52)
1969-12-31 18:00:09.094208504,(18 1 -3 -7 -20 -11 3 24)
1969-12-31 18:00:09.115021705,(27 16 3 1 -10 -11 -20 -3)
1969-12-31 18:00:09.115021705,(27 16 6 7 22 22 8 12)
1969-12-31 18:00:09.116062365,(8 14 2 -4 4 -14 -12 32)
1969-12-31 18:00:09.116062365,(-16 -17 -8 -16 -24 5 21 -3)
1969-12-31 18:00:09.128550286,(27 25 16 22 21 80 27 36)
1969-12-31 18:00:09.128550286,(36 6 14 52 50 -63 -33 38)
1969-12-31 18:00:09.137916227,(8 18 9 10 6 3 1 -16)
1969-12-31 18:00:09.137916227,(-38 -27 -10 -8 -24 -37 -28 14)
1969-12-31 18:00:09.153526128,(-2 -6 -7 -19 -14 -8 7 -5)
1969-12-31 18:00:09.153526128,(49 11 5 -9 -1 44 41 48)
1969-12-31 18:00:09.155607448,(7 20 6 1 3 4 -5 29)
1969-12-31 18:00:09.155607448,(-40 -35 -11 -4 -5 20 -20 -27)
1969-12-31 18:00:09.177461310,(8 -5 -3 0 -3 -54 13 9)
1969-12-31 18:00:09.177461310,(-7 -13 -4 -10 -11 0 -32 -74)
1969-12-31 18:00:09.178501970,(92 70 16 5 5 -3 11 39)
1969-12-31 18:00:09.178501970,(-87 -76 -24 -13 -11 -9 -9 -32)
1969-12-31 18:00:09.190989891,(-3 9 1 2 5 30 24 -9)
1969-12-31 18:00:09.190989891,(30 4 -2 -6 -5 -32 -21 18)
1969-12-31 18:00:09.208681112,(12 26 8 -1 -3 16 16 -12)
1969-12-31 18:00:09.209721772,(62 6 15 17 19 25 34 52)
1969-12-31 18:00:09.224291013,(-116 -80 -30 -13 -25 -34 -32 -97)
1969-12-31 18:00:09.224291013,(43 -4 -24 -54 -65 -21 1 -4)
1969-12-31 18:00:09.225331673,(-25 -17 2 29 86 110 17 27)
1969-12-31 18:00:09.225331673,(8 10 4 14 -19 -116 -57 -74)
1969-12-31 18:00:09.239900914,(7 34 10 4 7 25 -22 -28)
1969-12-31 18:00:09.239900914,(-33 -16 3 2 0 34 36 30)
1969-12-31 18:00:09.240941574,(-28 -20 -14 -22 -28 -27 -22 -26)
1969-12-31 18:00:09.240941574,(65 26 5 -5 1 19 14 56)
1969-12-31 18:00:09.253429495,(-53 -54 -19 -12 -8 -35 -61 -43)
1969-12-31 18:00:09.253429495,(6 17 5 -3 1 4 -13 -23)
1969-12-31 18:00:09.262795436,(127 56 25 19 10 21 54 95)
1969-12-31 18:00:09.262795436,(-95 -44 -25 -15 -11 -15 -32 -62)
1969-12-31 18:00:09.278405337,(42 21 0 -6 -6 -4 9 19)
1969-12-31 18:00:09.278405337,(4 9 7 8 18 37 19 -6)
1969-12-31 18:00:09.280486657,(4 8 6 3 -9 -30 -4 6)
1969-12-31 18:00:09.280486657,(-19 7 12 10 6 27 31 -7)
1969-12-31 18:00:09.302340519,(-28 0 -8 -8 -1 -3 -17 -35)
1969-12-31 18:00:09.302340519,(-10 -2 -4 1 7 4 4 1)
1969-12-31 18:00:09.303381179,(-35 2 5 6 -1 -9 3 -14)
1969-12-31 18:00:09.303381179,(21 -6 -4 -11 -12 -1 -4 21)
1969-12-31 18:00:09.315869100,(15 8 5 9 13 15 19 25)
1969-12-31 18:00:09.315869100,(-30 -19 -11 -1 3 -3 -7 -13)
1969-12-31 18:00:09.325235041,(-11 -14 -5 -5 -14 -14 -14 -24)
1969-12-31 18:00:09.325235041,(58 33 5 0 4 17 14 49)
1969-12-31 18:00:09.340844942,(-48 -3 3 2 4 -7 -1 -5)
1969-12-31 18:00:09.340844942,(10 -12 -20 -11 -5 0 0 -10)
1969-12-31 18:00:09.342926262,(-33 -27 2 -3 -6 -8 -12 -27)
1969-12-31 18:00:09.342926262,(17 36 18 11 4 5 3 10)
1969-12-31 18:00:09.372064744,(37 9 4 3 4 1 5 23)
1969-12-31 18:00:09.372064744,(1 13 10 9 7 7 5 8)
1969-12-31 18:00:09.379349364,(-30 -47 -28 -17 -14 -13 -12 -24)
1969-12-31 18:00:09.379349364,(14 -2 -10 -9 -4 -2 -3 -2)
1969-12-31 18:00:09.380390025,(22 20 16 7 4 5 12 26)
1969-12-31 18:00:09.380390025,(-7 -6 1 -1 -1 1 -2 1)
1969-12-31 18:00:09.388715305,(-26 -4 9 0 -4 -10 -9 -19)
1969-12-31 18:00:09.388715305,(24 21 5 7 2 3 3 5)
1969-12-31 18:00:09.403284546,(-21 -28 -19 -8 0 3 4 3)
1969-12-31 18:00:09.403284546,(11 -2 -4 0 0 -1 1 8)
1969-12-31 18:00:09.405365866,(8 1 1 2 -3 -8 -8 -7)
1969-12-31 18:00:09.405365866,(-7 1 -10 -9 -5 0 4 1)
1969-12-31 18:00:09.427219728,(14 13 12 5 7 9 13 4)
1969-12-31 18:00:09.427219728,(-7 -51 -28 -7 -6 -6 -8 -3)
1969-12-31 18:00:09.428260388,(-1 29 -20 -14 -7 -4 2 1)
1969-12-31 18:00:09.428260388,(-17 45 51 14 0 -5 -27 -25)
1969-12-31 18:00:09.440748309,(24 -6 -20 -7 -4 -1 12 52)
1969-12-31 18:00:09.440748309,(13 29 19 11 8 7 21 30)
1969-12-31 18:00:09.451154910,(-12 -63 -42 -13 -5 1 -2 -16)
1969-12-31 18:00:09.451154910,(10 -14 -38 -11 -3 0 0 2)
1969-12-31 18:00:09.465724151,(-2 35 68 18 0 -9 -15 -4)
1969-12-31 18:00:09.465724151,(-5 -27 -36 -11 -2 0 -3 3)
1969-12-31 18:00:09.471968111,(0 3 23 3 -4 -3 7 9)
1969-12-31 18:00:09.471968111,(8 47 27 9 4 6 -3 4)
1969-12-31 18:00:09.497984613,(5 -18 -3 2 -1 -2 -8 -2)
1969-12-31 18:00:09.497984613,(-14 17 19 17 6 6 13 -9)
1969-12-31 18:00:09.499025273,(-4 -30 -24 -9 -4 -4 0 -9)
1969-12-31 18:00:09.499025273,(-4 -62 -69 -26 -10 -12 -19 -5)
1969-12-31 18:00:09.512553854,(14 66 59 17 8 11 8 -2)
1969-12-31 18:00:09.512553854,(-6 -9 -7 -10 -4 -5 -3 -7)
1969-12-31 18:00:09.514635174,(-2 -13 -23 -6 -2 1 6 17)
1969-12-31 18:00:09.514635174,(-5 23 28 7 2 0 6 -5)
1969-12-31 18:00:09.527123095,(2 -65 -70 -21 -6 -3 -3 5)
1969-12-31 18:00:09.527123095,(3 73 66 22 7 2 -1 -3)
1969-12-31 18:00:09.534407716,(2 7 21 13 3 1 -1 -1)
1969-12-31 18:00:09.534407716,(0 -24 -21 -12 -7 -1 6 2)
1969-12-31 18:00:09.551058277,(0 3 0 -1 1 1 -9 -4)
1969-12-31 18:00:09.551058277,(-7 -20 -12 -9 -8 -5 -7 -13)
1969-12-31 18:00:09.553139597,(-2 23 17 3 0 -7 -21 -16)
1969-12-31 18:00:09.553139597,(7 9 10 4 3 3 13 3)
1969-12-31 18:00:09.583318739,(-3 -12 -12 -3 -1 4 14 4)
1969-12-31 18:00:09.583318739,(-3 -54 -47 -29 -19 -5 -8 1)
1969-12-31 18:00:09.584359399,(1 92 60 23 8 -3 -11 -13)
1969-12-31 18:00:09.584359399,(4 -7 -6 7 5 3 5 2)
1969-12-31 18:00:09.589562700,(-2 1 0 9 15 8 5 -1)
1969-12-31 18:00:09.589562700,(-2 -17 -7 -5 -5 -3 -5 -2)
1969-12-31 18:00:09.596847320,(-10 -52 -37 -22 -14 -5 -4 -8)
1969-12-31 18:00:09.596847320,(-9 -4 8 -4 -3 -1 -2 -2)
1969-12-31 18:00:09.613497882,(13 33 1 -5 -6 -7 -4 -5)
1969-12-31 18:00:09.613497882,(-4 -43 -19 3 4 0 -4 -2)
1969-12-31 18:00:09.615579202,(-3 30 34 1 2 4 3 -2)
1969-12-31 18:00:09.615579202,(5 4 11 19 7 1 1 2)
1969-12-31 18:00:09.645758344,(1 1 10 14 11 3 -3 -1)
1969-12-31 18:00:09.645758344,(-3 1 -7 -10 -17 -3 -5 -8)
1969-12-31 18:00:09.647839664,(2 -13 -4 -11 -8 -2 1 1)
1969-12-31 18:00:09.647839664,(-19 -1 20 7 -1 0 -3 -9)
1969-12-31 18:00:09.661368245,(-9 -3 -12 -13 -7 -4 -2 -8)
1969-12-31 18:00:09.661368245,(1 41 40 16 11 1 -4 -3)
1969-12-31 18:00:09.662408905,(-8 -34 -20 0 0 1 -1 -1)
1969-12-31 18:00:09.662408905,(-3 -43 -28 -18 -8 -3 1 4)
1969-12-31 18:00:09.676978146,(0 13 20 11 2 -4 -4 -5)
1969-12-31 18:00:09.676978146,(-5 17 9 1 4 1 1 -1)
1969-12-31 18:00:09.678018806,(0 -7 -8 -2 4 3 -1 0)
1969-12-31 18:00:09.678018806,(-8 -6 -37 -33 -19 -8 -4 -6)
1969-12-31 18:00:09.699872668,(10 34 50 24 3 -1 -3 -4)
1969-12-31 18:00:09.699872668,(9 7 -9 13 10 5 6 8)
1969-12-31 18:00:09.701953988,(-7 -31 -12 -2 2 -4 1 1)
1969-12-31 18:00:09.701953988,(11 54 37 21 10 1 -2 2)
1969-12-31 18:00:09.714441909,(-9 -25 -42 -21 -8 -5 2 4)
1969-12-31 18:00:09.714441909,(1 16 -13 -23 -5 -3 -1 -1)
1969-12-31 18:00:09.721726529,(5 -5 14 16 7 -2 -2 -3)
1969-12-31 18:00:09.721726529,(-9 -22 -14 -2 1 3 8 4)
1969-12-31 18:00:09.739417751,(-11 -53 -69 -42 -17 -7 -4 0)
1969-12-31 18:00:09.739417751,(10 10 40 25 12 0 -6 -9)
1969-12-31 18:00:09.740458411,(-7 13 -10 -1 -2 0 -3 -5)
1969-12-31 18:00:09.740458411,(-1 -28 -15 -13 -7 -5 -1 0)
1969-12-31 18:00:09.762312272,(7 -4 -3 8 3 2 3 1)
1969-12-31 18:00:09.762312272,(-11 -26 -23 -14 -5 -1 1 0)
1969-12-31 18:00:09.764393593,(-1 0 -22 -20 -11 -5 -6 -5)
1969-12-31 18:00:09.764393593,(13 30 18 13 3 -1 -2 -1)
1969-12-31 18:00:09.786247454,(-5 -28 -6 -3 0 0 -1 2)
1969-12-31 18:00:09.786247454,(7 43 41 21 6 4 0 -1)
1969-12-31 18:00:09.788328774,(-4 -25 -13 -5 -7 -3 -1 -2)
1969-12-31 18:00:09.788328774,(4 22 29 22 8 2 3 0)
1969-12-31 18:00:09.801857354,(-5 -8 -7 -7 -6 -5 -1 -1)
1969-12-31 18:00:09.801857354,(4 8 -10 -8 -2 -2 -2 -1)
1969-12-31 18:00:09.802898015,(-3 -23 -9 5 5 3 2 2)
1969-12-31 18:00:09.802898015,(0 12 8 -8 -2 -1 0 0)
1969-12-31 18:00:09.825792537,(1 4 4 0 -3 -4 -3 -2)
1969-12-31 18:00:09.825792537,(5 5 4 6 1 -2 -2 -1)
1969-12-31 18:00:09.827873857,(3 17 8 2 -1 -1 0 -1)
1969-12-31 18:00:09.827873857,(-2 -16 -16 -10 -4 -2 -5 -3)
1969-12-31 18:00:09.838280458,(5 18 16 8 1 0 1 -2)
1969-12-31 18:00:09.838280458,(-9 -14 -10 -8 -3 -2 -3 0)
1969-12-31 18:00:09.848687059,(-1 0 -2 -4 -3 -3 -2 -1)
1969-12-31 18:00:09.848687059,(0 4 -2 1 2 0 1 -3)
1969-12-31 18:00:09.863256300,(-1 -6 -9 -6 -1 0 -1 -1)
1969-12-31 18:00:09.863256300,(-4 -8 -13 -5 0 -4 -4 -2)
1969-12-31 18:00:09.865337620,(4 15 12 6 0 0 -3 1)
1969-12-31 18:00:09.865337620,(-3 -9 -2 3 0 0 2 0)
1969-12-31 18:00:09.895516762,(1 9 -3 -8 -5 -5 -2 0)
1969-12-31 18:00:09.895516762,(-10 -26 -14 -9 -4 -6 -3 -2)
1969-12-31 18:00:09.896557422,(6 15 28 18 7 0 2 0)
1969-12-31 18:00:09.896557422,(1 5 -2 2 2 -3 -3 1)
1969-12-31 18:00:09.900720062,(-3 -2 -3 -2 1 -4 2 3)
1969-12-31 18:00:09.900720062,(-1 -2 -12 -10 -6 -3 -1 1)
1969-12-31 18:00:09.910086003,(-6 -19 -3 -3 -2 -3 -2 1)
1969-12-31 18:00:09.910086003,(-4 -9 -8 -9 -4 2 -5 -1)
1969-12-31 18:00:09.927777224,(2 5 7 1 0 5 -2 0)
1969-12-31 18:00:09.927777224,(-3 -3 -3 -4 1 6 1 -3)
1969-12-31 18:00:09.934021185,(-1 1 0 0 -2 8 1 4)
1969-12-31 18:00:09.934021185,(-2 -1 1 -4 -3 3 -1 -2)
1969-12-31 18:00:09.957956367,(2 -3 -4 3 -1 2 0 -1)
1969-12-31 18:00:09.957956367,(-1 6 7 4 -1 -1 -1 -3)
1969-12-31 18:00:09.958997027,(-4 0 -7 -3 2 -1 1 0)
1969-12-31 18:00:09.958997027,(-1 -8 -7 -4 -2 -3 -2 0)
1969-12-31 18:00:09.974606928,(-5 -25 -18 -9 -7 -6 -2 -4)
1969-12-31 18:00:09.974606928,(1 17 11 9 2 -2 -1 -2)
1969-12-31 18:00:09.975647588,(4 18 6 3 0 -5 -1 -1)
1969-12-31 18:00:09.975647588,(-1 -1 7 5 2 -6 1 -2)
1969-12-31 18:00:09.988135509,(0 -3 -1 1 -1 -4 -1 -1)
1969-12-31 18:00:09.988135509,(3 -7 -5 -3 -2 -1 -3 0)
1969-12-31 18:00:09.990216829,(-5 -11 -13 -9 -3 0 -4 -6)
1969-12-31 18:00:09.990216829,(0 7 3 -2 -3 5 2 0)
1969-12-31 18:00:10.012070691,(-2 5 7 1 -1 3 -1 -2)
1969-12-31 18:00:10.012070691,(1 -3 2 3 0 0 -7 -4)
1969-12-31 18:00:10.014152011,(-2 -1 -9 -7 -3 -2 0 -2)
1969-12-31 18:00:10.014152011,(-1 -6 -4 -1 -1 -3 -1 0)
1969-12-31 18:00:10.034965212,(-4 -4 -8 -4 -2 -2 -1 -2)
1969-12-31 18:00:10.034965212,(2 7 4 2 -3 -2 0 1)
1969-12-31 18:00:10.043290493,(-1 -4 -7 2 0 -3 0 2)
1969-12-31 18:00:10.043290493,(-2 -3 -3 0 -2 1 -3 -1)
1969-12-31 18:00:10.075550955,(-1 9 3 -3 0 -1 0 -2)
1969-12-31 18:00:10.075550955,(-3 -3 -3 -1 0 2 2 1)
1969-12-31 18:00:10.077632275,(2 0 1 -2 1 0 0 -1)
1969-12-31 18:00:10.077632275,(0 2 1 -1 0 1 -1 -3)
1969-12-31 18:00:10.078672935,(-2 1 5 3 1 0 -1 -1)
1969-12-31 18:00:10.078672935,(-3 -8 -5 -2 0 1 1 -2)
1969-12-31 18:00:10.092201516,(2 5 2 0 -3 -1 -3 0)
1969-12-31 18:00:10.092201516,(1 0 2 3 3 -1 1 1)
1969-12-31 18:00:10.092201516,(-2 0 3 5 0 -1 -2 0)
1969-12-31 18:00:10.092201516,(-2 -1 -2 -1 1 0 -1 0)
1969-12-31 18:00:10.106770757,(0 -1 -4 -4 -2 -1 0 -1)
1969-12-31 18:00:10.106770757,(-3 -3 -5 -2 -3 -2 -2 -3)
1969-12-31 18:00:10.121339999,(0 1 -1 -1 -1 -1 0 0)
1969-12-31 18:00:10.121339999,(-2 -1 -5 -6 -3 0 -1 -1)
1969-12-31 18:00:10.122380659,(-1 -4 -2 1 1 -2 -3 -2)
1969-12-31 18:00:10.122380659,(-1 -8 -8 -8 -5 -2 -4 0)
1969-12-31 18:00:10.137990560,(-1 8 5 4 1 1 -1 -2)
1969-12-31 18:00:10.137990560,(-1 -4 -2 0 -1 -1 0 1)
1969-12-31 18:00:10.139031220,(-1 0 -1 -3 -1 0 0 0)
1969-12-31 18:00:10.139031220,(-1 0 0 0 -1 -2 0 -1)
1969-12-31 18:00:10.151519141,(-2 -3 0 2 2 2 -3 0)
1969-12-31 18:00:10.151519141,(-1 -2 -3 -2 -2 -2 0 -1)
1969-12-31 18:00:10.160885081,(0 1 0 -2 -2 -2 -3 -1)
1969-12-31 18:00:10.160885081,(1 1 1 0 -2 -1 1 -1)
1969-12-31 18:00:10.184820263,(0 1 0 -1 -2 -3 -2 -1)
1969-12-31 18:00:10.184820263,(-2 -1 2 1 0 -1 0 1)
1969-12-31 18:00:10.185860923,(-2 2 1 -3 0 -1 -2 -2)
1969-12-31 18:00:10.185860923,(-2 -2 -4 -3 0 -1 -2 -1)
1969-12-31 18:00:10.208755445,(0 -3 -3 -1 3 0 0 -2)
1969-12-31 18:00:10.208755445,(6 2 -2 0 1 0 0 1)
1969-12-31 18:00:10.209796105,(0 7 11 4 0 0 1 1)
1969-12-31 18:00:10.209796105,(-3 -5 -4 0 -3 -5 -4 -5)
1969-12-31 18:00:10.224365346,(-3 -5 -4 -3 -3 -2 -1 -1)
1969-12-31 18:00:10.224365346,(-2 -2 -4 -6 -6 -3 -2 -1)
1969-12-31 18:00:10.225406006,(6 2 -3 0 -2 0 0 1)
1969-12-31 18:00:10.225406006,(4 5 4 0 2 0 1 0)
1969-12-31 18:00:10.239975247,(0 1 4 3 2 1 2 1)
1969-12-31 18:00:10.239975247,(-2 -2 -1 1 1 -2 0 -2)
1969-12-31 18:00:10.241015907,(-2 -2 -3 -1 -1 -1 -2 -1)
1969-12-31 18:00:10.241015907,(-2 -1 0 -2 0 0 0 -1)
1969-12-31 18:00:10.261829109,(0 -3 -2 -4 -3 -1 0 0)
1969-12-31 18:00:10.261829109,(-3 0 2 2 0 -1 1 1)
1969-12-31 18:00:10.263910429,(-2 -2 -2 0 1 -1 0 -2)
1969-12-31 18:00:10.263910429,(-2 -1 -2 -2 -1 0 1 1)
1969-12-31 18:00:10.276398350,(-1 2 2 -1 0 -1 -1 -1)
1969-12-31 18:00:10.276398350,(0 -4 -1 1 1 0 1 -1)
1969-12-31 18:00:10.301374192,(-3 -1 -3 -3 -3 -3 -3 -3)
1969-12-31 18:00:10.301374192,(0 -1 -1 0 -1 -2 0 -1)
1969-12-31 18:00:10.302414852,(0 3 -1 0 0 0 0 0)
1969-12-31 18:00:10.302414852,(-4 -7 -1 -1 0 0 -2 -1)
1969-12-31 18:00:10.304496172,(-1 -2 -5 -3 -1 -1 -1 -1)
1969-12-31 18:00:10.304496172,(-2 -1 -3 -3 -3 -1 -1 -1)
1969-12-31 18:00:10.324268713,(-1 -2 -4 -1 -2 0 -2 -1)
1969-12-31 18:00:10.324268713,(-1 0 0 -1 0 -1 -1 -1)
1969-12-31 18:00:10.330512674,(2 -3 -2 -1 -1 0 1 -1)
1969-12-31 18:00:10.330512674,(-1 -2 -5 -3 -1 0 -1 0)
1969-12-31 18:00:10.356529176,(-1 0 -1 -1 -1 -3 0 -1)
1969-12-31 18:00:10.356529176,(-2 0 -4 -4 -3 -3 -2 -3)
1969-12-31 18:00:10.358610496,(-1 -2 -2 -3 -3 -1 -1 0)
1969-12-31 18:00:10.358610496,(-2 -3 1 2 -1 -3 -1 -1)
1969-12-31 18:00:10.396074259,(0 0 -3 0 -1 -2 -1 -2)
1969-12-31 18:00:10.396074259,(0 0 -1 -4 -1 -1 -1 -1)
1969-12-31 18:00:10.398155579,(-2 -3 -3 -2 0 1 -1 -2)
1969-12-31 18:00:10.398155579,(0 0 1 0 0 0 -2 -2)
1969-12-31 18:00:10.398155579,(0 -1 3 1 1 1 -1 -1)
1969-12-31 18:00:10.398155579,(0 0 -1 0 0 -2 -1 0)
1969-12-31 18:00:10.402318219,(-1 0 0 0 1 -1 -2 0)
1969-12-31 18:00:10.402318219,(2 0 -2 -1 -2 -1 -2 -1)
1969-12-31 18:00:10.410643500,(-2 -1 -2 -1 -3 0 -3 -1)
1969-12-31 18:00:10.410643500,(-3 -3 -2 -2 -2 1 -2 -2)
1969-12-31 18:00:10.411684160,(-4 -6 -5 -6 -3 -3 -1 -2)
1969-12-31 18:00:10.411684160,(0 -1 -2 0 1 0 -1 0)
1969-12-31 18:00:10.426253401,(0 0 3 3 0 -2 0 0)
1969-12-31 18:00:10.426253401,(2 5 5 9 3 1 0 1)
1969-12-31 18:00:10.427294061,(-1 0 -1 -1 0 -1 0 -2)
1969-12-31 18:00:10.427294061,(-3 -3 -3 -1 -1 -1 -1 -1)
1969-12-31 18:00:10.449147922,(-2 -1 -4 -3 -1 -2 0 -2)
1969-12-31 18:00:10.449147922,(1 -1 -5 -7 -1 -1 -1 0)
1969-12-31 18:00:10.451229243,(-2 -1 1 2 1 0 1 0)
1969-12-31 18:00:10.451229243,(-2 -1 -3 -4 -3 -2 -1 -1)
1969-12-31 18:00:10.463717163,(0 0 0 0 0 -1 1 -2)
1969-12-31 18:00:10.463717163,(8 7 7 5 0 0 2 3)
1969-12-31 18:00:10.480367725,(5 7 4 3 0 -1 2 3)
1969-12-31 18:00:10.480367725,(-8 -6 -5 -4 -1 -3 -3 -3)
1969-12-31 18:00:10.480367725,(-1 3 1 4 0 1 0 0)
1969-12-31 18:00:10.480367725,(1 2 1 1 0 -1 0 -1)
1969-12-31 18:00:10.481408385,(-2 -1 -1 -2 -1 1 -1 1)
1969-12-31 18:00:10.481408385,(-2 -6 0 -1 -1 0 -1 0)
1969-12-31 18:00:10.503262246,(2 5 1 -2 0 -1 0 0)
1969-12-31 18:00:10.503262246,(0 0 -1 -4 -1 0 2 -1)
1969-12-31 18:00:10.504302906,(0 -1 0 2 1 0 0 1)
1969-12-31 18:00:10.504302906,(-1 2 2 -1 -1 0 -2 -1)
1969-12-31 18:00:10.527197428,(-2 -6 -2 -1 -1 -1 -1 0)
1969-12-31 18:00:10.527197428,(-3 -1 -1 0 -2 -1 -2 0)
1969-12-31 18:00:10.529278748,(0 1 -1 0 -2 1 -1 -3)
1969-12-31 18:00:10.529278748,(-1 -1 -2 0 -1 -1 -1 0)
1969-12-31 18:00:10.550091950,(-2 -1 -2 -1 0 -3 -1 -1)
1969-12-31 18:00:10.550091950,(-2 0 -1 -4 -3 0 -2 -2)
1969-12-31 18:00:10.552173270,(-1 1 2 2 0 0 -1 -2)
1969-12-31 18:00:10.552173270,(0 -1 0 -1 0 -2 0 -2)
1969-12-31 18:00:10.574027131,(-1 -3 -1 -2 -2 -1 -1 -2)
1969-12-31 18:00:10.574027131,(-2 -2 -2 -4 -1 -1 -1 -1)
1969-12-31 18:00:10.576108452,(-1 -2 -2 -2 -1 -3 -2 -2)
1969-12-31 18:00:10.576108452,(0 -2 -4 -2 -1 0 -1 0)
1969-12-31 18:00:10.581311752,(0 0 -2 -2 -3 -1 -3 -1)
1969-12-31 18:00:10.581311752,(0 3 3 3 -1 -2 -1 -1)
1969-12-31 18:00:10.583393072,(-1 -1 -5 -5 -3 -1 -2 -1)
1969-12-31 18:00:10.583393072,(0 1 3 2 0 -2 -1 -1)
1969-12-31 18:00:10.611490894,(-1 -3 -4 -3 -3 1 -1 0)
1969-12-31 18:00:10.611490894,(-1 1 1 1 -1 -1 -2 -2)
1969-12-31 18:00:10.637507396,(0 -2 0 1 0 -1 -1 -1)
1969-12-31 18:00:10.637507396,(-2 -5 -9 -9 -4 0 0 0)
1969-12-31 18:00:10.638548056,(-1 0 3 -2 -1 -1 1 0)
1969-12-31 18:00:10.638548056,(0 -2 0 1 0 -1 -2 -2)
1969-12-31 18:00:10.652076637,(-1 -2 -3 -1 0 -2 1 -2)
1969-12-31 18:00:10.652076637,(1 -2 -1 3 4 0 1 2)
1969-12-31 18:00:10.653117297,(-2 -5 -1 -1 -3 0 0 -1)
1969-12-31 18:00:10.653117297,(1 6 -4 -2 1 1 -1 -1)
1969-12-31 18:00:10.654157957,(-1 -6 3 -10 -7 -3 3 0)
1969-12-31 18:00:10.654157957,(-2 -1 -8 -5 -2 -12 -17 -4)
1969-12-31 18:00:10.674971159,(1 -3 -2 -1 4 42 19 4)
1969-12-31 18:00:10.674971159,(-4 -4 -2 -5 -5 -35 -19 -4)
1969-12-31 18:00:10.677052479,(6 12 14 19 -2 1 3 5)
1969-12-31 18:00:10.677052479,(-4 -4 0 -29 -11 -4 -1 -5)
1969-12-31 18:00:10.698906341,(-4 -2 5 22 19 -7 0 -2)
1969-12-31 18:00:10.698906341,(-3 -5 -15 2 1 10 -11 -5)
1969-12-31 18:00:10.700987661,(2 8 42 34 13 6 -1 -1)
1969-12-31 18:00:10.700987661,(3 -4 -25 -5 -12 -14 20 8)
1969-12-31 18:00:10.706190961,(-1 -3 -35 -33 -15 -8 -5 -3)
1969-12-31 18:00:10.706190961,(3 5 65 19 12 -4 16 5)
1969-12-31 18:00:10.722841522,(-8 -10 -44 -23 -11 1 -7 -4)
1969-12-31 18:00:10.722841522,(-6 -13 -20 -10 3 7 -7 -5)
1969-12-31 18:00:10.745736044,(-1 3 -22 -25 -2 -18 2 5)
1969-12-31 18:00:10.745736044,(2 -3 -2 -6 -9 -18 -24 -13)
1969-12-31 18:00:10.747817364,(6 13 29 37 19 10 6 2)
1969-12-31 18:00:10.747817364,(0 11 22 26 16 2 -3 -5)
1969-12-31 18:00:10.748858024,(-4 -8 -18 -18 -14 1 -1 -2)
1969-12-31 18:00:10.748858024,(-2 1 16 15 0 5 10 6)
1969-12-31 18:00:10.760305285,(-7 -14 -30 -10 -4 -14 -29 -13)
1969-12-31 18:00:10.760305285,(-1 -1 -37 -26 -12 11 2 4)
1969-12-31 18:00:10.767589906,(4 16 97 28 7 -5 -9 -2)
1969-12-31 18:00:10.767589906,(5 7 -16 -1 -4 15 4 -4)
1969-12-31 18:00:10.782159147,(-4 -13 -11 -3 -4 2 2 -3)
1969-12-31 18:00:10.782159147,(-3 -7 -10 -2 -2 4 4 -5)
1969-12-31 18:00:10.791525087,(-1 -10 -21 -22 -15 -5 -7 -3)
1969-12-31 18:00:10.791525087,(-7 -5 -2 -5 0 1 2 -6)
1969-12-31 18:00:10.793606407,(1 -6 -13 -8 -5 -4 1 -4)
1969-12-31 18:00:10.793606407,(-2 2 8 -7 -4 -10 -8 -1)
1969-12-31 18:00:10.806094328,(4 6 9 28 7 -9 3 3)
1969-12-31 18:00:10.806094328,(-3 -4 -13 -7 -2 -8 -12 -15)
1969-12-31 18:00:10.823785550,(-2 7 -6 -5 4 -5 3 3)
1969-12-31 18:00:10.823785550,(-3 -2 2 -6 -1 2 2 0)
1969-12-31 18:00:10.838354791,(-1 -4 -16 7 2 -3 -2 0)
1969-12-31 18:00:10.838354791,(-2 2 24 1 0 4 10 10)
1969-12-31 18:00:10.840436111,(0 -3 -21 -29 -6 -5 5 6)
1969-12-31 18:00:10.840436111,(1 4 19 14 3 -7 -1 1)
1969-12-31 18:00:10.853964692,(1 -1 -5 8 7 5 5 7)
1969-12-31 18:00:10.853964692,(1 -6 -21 -15 -5 2 -3 0)
1969-12-31 18:00:10.856046012,(-2 -14 10 -7 -3 1 -1 -5)
1969-12-31 18:00:10.856046012,(3 11 22 15 4 8 -2 -3)
1969-12-31 18:00:10.877899874,(-1 1 5 2 -3 1 -8 -11)
1969-12-31 18:00:10.877899874,(-2 -4 -14 -8 -7 5 -2 -3)
1969-12-31 18:00:10.878940534,(0 -9 5 3 -4 -1 -1 1)
1969-12-31 18:00:10.878940534,(1 -3 -14 3 -2 -1 0 3)
1969-12-31 18:00:10.892469115,(-6 -3 -15 -12 -6 -6 -5 -1)
1969-12-31 18:00:10.892469115,(-5 5 11 11 9 3 5 2)
1969-12-31 18:00:10.899753735,(1 6 -5 -2 2 -1 2 2)
1969-12-31 18:00:10.899753735,(1 -13 -8 -3 -2 -2 0 2)
1969-12-31 18:00:10.916404296,(0 36 35 12 3 -2 -3 -4)
1969-12-31 18:00:10.916404296,(-1 -5 -17 -6 -3 0 3 5)
1969-12-31 18:00:10.918485617,(-5 -1 -1 -3 0 -1 3 3)
1969-12-31 18:00:10.918485617,(3 6 8 5 3 0 -6 -5)
1969-12-31 18:00:10.940339478,(1 -9 -8 -2 0 -1 0 2)
1969-12-31 18:00:10.940339478,(-2 -7 -11 -6 -2 0 3 2)
1969-12-31 18:00:10.941380138,(5 12 7 -3 1 -2 -6 -3)
1969-12-31 18:00:10.941380138,(-1 -2 7 2 -1 -2 -1 1)
1969-12-31 18:00:10.955949379,(-3 -10 -7 -1 -1 0 3 3)
1969-12-31 18:00:10.955949379,(4 6 -1 2 4 0 -9 -6)
1969-12-31 18:00:10.987169182,(9 0 -5 -6 -6 -1 2 2)
1969-12-31 18:00:10.987169182,(-2 0 4 3 -1 3 14 14)
1969-12-31 18:00:10.988209842,(-17 -11 -5 -1 1 -4 -10 -14)
1969-12-31 18:00:10.988209842,(-1 -6 -10 -5 -3 -2 3 4)
1969-12-31 18:00:10.989250502,(8 12 9 4 3 2 -2 2)
1969-12-31 18:00:10.990291162,(12 5 4 2 1 2 7 5)
1969-12-31 18:00:11.002779083,(-13 -3 -3 -1 -1 -2 -3 -4)
1969-12-31 18:00:11.002779083,(-3 -7 -11 -7 -3 -2 1 -6)
1969-12-31 18:00:11.003819743,(-10 -5 0 -2 1 0 2 4)
1969-12-31 18:00:11.003819743,(-16 -7 -1 -3 -3 -5 -6 -12)
1969-12-31 18:00:11.017348324,(26 1 -4 -3 -1 0 -5 0)
1969-12-31 18:00:11.017348324,(0 0 -2 -1 1 0 -3 2)
1969-12-31 18:00:11.024632944,(16 7 2 1 -2 -1 1 10)
1969-12-31 18:00:11.024632944,(-21 -3 -2 1 0 2 7 -4)
1969-12-31 18:00:11.041283506,(-7 -10 -9 -6 -4 -6 1 -2)
1969-12-31 18:00:11.041283506,(-2 -1 -5 -1 -2 0 12 11)
1969-12-31 18:00:11.043364826,(-6 -6 -11 -8 -6 -7 0 -3)
1969-12-31 18:00:11.043364826,(10 6 0 0 2 -2 2 5)
1969-12-31 18:00:11.064178027,(5 6 4 2 2 -2 -9 -7)
1969-12-31 18:00:11.064178027,(6 1 10 1 3 21 7 6)
1969-12-31 18:00:11.065218687,(-35 -15 9 0 -7 -26 -11 -19)
1969-12-31 18:00:11.065218687,(17 7 9 1 -1 33 6 -2)
1969-12-31 18:00:11.078747268,(9 -1 6 3 -2 3 -3 -3)
1969-12-31 18:00:11.078747268,(-38 -21 -6 -5 -10 -26 -16 -20)
1969-12-31 18:00:11.087072549,(20 14 6 4 5 12 8 9)
1969-12-31 18:00:11.087072549,(-1 -6 4 2 -2 30 5 -4)
1969-12-31 18:00:11.112048391,(22 6 5 3 1 -17 -29 5)
1969-12-31 18:00:11.112048391,(14 2 -6 -5 -3 6 -22 -3)
1969-12-31 18:00:11.113089051,(-2 -12 -8 -3 -1 -2 -9 -5)
1969-12-31 18:00:11.113089051,(-32 -14 -9 -5 -5 -51 2 -19)
1969-12-31 18:00:11.126617632,(7 13 -2 -3 -6 21 18 -6)
1969-12-31 18:00:11.126617632,(-9 -16 -10 -6 -6 -17 9 13)
1969-12-31 18:00:11.127658292,(-18 7 1 0 -1 -4 -26 -39)
1969-12-31 18:00:11.127658292,(13 5 -3 -2 3 22 0 -1)
1969-12-31 18:00:11.141186873,(4 3 -3 1 3 -21 -7 -12)
1969-12-31 18:00:11.141186873,(0 12 5 6 5 33 20 16)
1969-12-31 18:00:11.149512153,(15 -1 -8 -5 2 22 11 22)
1969-12-31 18:00:11.149512153,(-37 -22 -5 0 -6 -27 -16 -9)
1969-12-31 18:00:11.166162715,(7 10 0 -4 -4 -7 6 11)
1969-12-31 18:00:11.166162715,(19 3 -7 -5 -3 -11 -16 -39)
1969-12-31 18:00:11.166162715,(12 1 3 0 -4 -24 13 18)
1969-12-31 18:00:11.166162715,(22 24 5 3 6 7 -6 20)
1969-12-31 18:00:11.189057236,(18 -3 -7 -7 -6 -9 -6 -15)
1969-12-31 18:00:11.189057236,(-10 -9 -5 -1 4 20 23 46)
1969-12-31 18:00:11.190097896,(-16 5 12 7 -3 -47 -18 5)
1969-12-31 18:00:11.190097896,(30 -10 -9 -10 0 9 -6 -35)
1969-12-31 18:00:11.203626477,(8 3 6 8 -3 20 3 75)
1969-12-31 18:00:11.203626477,(18 17 6 4 20 32 -8 10)
1969-12-31 18:00:11.211951758,(-10 -13 -11 -8 -9 -22 49 22)
1969-12-31 18:00:11.211951758,(-36 -17 -6 -6 -15 -26 -50 -10)
1969-12-31 18:00:11.227561659,(-4 17 4 2 3 20 15 -24)
1969-12-31 18:00:11.228602319,(-3 -28 -12 -7 -7 -39 -6 13)
1969-12-31 18:00:11.228602319,(7 18 12 9 12 25 -16 -33)
1969-12-31 18:00:11.228602319,(-10 4 0 0 -1 -13 -22 -9)
1969-12-31 18:00:11.260862782,(10 -22 -9 -4 -1 -1 10 44)
1969-12-31 18:00:11.260862782,(-64 -5 0 -2 -10 -3 -5 -10)
1969-12-31 18:00:11.261903442,(-3 1 -1 0 3 11 26 -27)
1969-12-31 18:00:11.261903442,(26 3 5 7 10 26 41 62)
1969-12-31 18:00:11.274391363,(1 5 2 2 -3 -32 5 2)
1969-12-31 18:00:11.274391363,(47 12 5 4 3 7 13 31)
1969-12-31 18:00:11.282716643,(-14 9 10 8 8 9 -9 -17)
1969-12-31 18:00:11.282716643,(-21 -11 -14 -11 -7 -16 -39 -63)
1969-12-31 18:00:11.290001264,(-52 -18 -4 -4 4 84 29 -8)
1969-12-31 18:00:11.290001264,(10 1 -5 -10 -20 -99 -57 -12)
1969-12-31 18:00:11.291041924,(-22 3 5 3 4 35 8 7)
1969-12-31 18:00:11.291041924,(38 7 6 5 10 26 10 72)
1969-12-31 18:00:11.313936445,(31 21 8 5 -2 -13 -5 -30)
1969-12-31 18:00:11.313936445,(-3 -6 1 3 4 -13 34 12)
1969-12-31 18:00:11.314977105,(-34 -22 -23 -19 -18 -14 -62 -66)
1969-12-31 18:00:11.314977105,(12 2 7 5 4 -36 5 14)
1969-12-31 18:00:11.328505686,(23 1 3 0 9 64 26 65)
1969-12-31 18:00:11.328505686,(-29 -16 -4 -4 -15 -51 -9 -31)
1969-12-31 18:00:11.336830967,(35 11 6 3 8 7 20 35)
1969-12-31 18:00:11.336830967,(63 46 22 18 16 29 -13 15)
1969-12-31 18:00:11.353481528,(-71 -43 -16 -10 -15 -65 -38 -69)
1969-12-31 18:00:11.353481528,(40 11 -1 -3 3 33 27 44)
1969-12-31 18:00:11.353481528,(1 -6 -6 -5 2 36 -2 21)
1969-12-31 18:00:11.353481528,(-11 -2 -5 -5 -7 -26 36 -35)
1969-12-31 18:00:11.376376050,(-30 -6 -7 -6 -3 -16 -44 -29)
1969-12-31 18:00:11.376376050,(-19 -10 4 1 3 50 2 -21)
1969-12-31 18:00:11.377416710,(20 4 -3 -6 -3 8 12 18)
1969-12-31 18:00:11.377416710,(-9 11 5 5 -5 2 14 6)
1969-12-31 18:00:11.418002453,(-47 -42 -15 -5 14 1 28 12)
1969-12-31 18:00:11.418002453,(18 21 7 5 -12 10 14 25)
1969-12-31 18:00:11.418002453,(10 5 -4 -7 -10 1 -8 -10)
1969-12-31 18:00:11.418002453,(-29 -11 -2 -4 -14 -35 10 31)
1969-12-31 18:00:11.420083773,(-20 -5 -3 -2 1 16 -5 -68)
1969-12-31 18:00:11.420083773,(26 20 1 -1 9 8 8 17)
1969-12-31 18:00:11.423205753,(-1 -31 -5 2 3 -7 11 29)
1969-12-31 18:00:11.423205753,(12 16 10 4 1 16 1 20)
1969-12-31 18:00:11.438815655,(8 6 0 1 3 -10 17 14)
1969-12-31 18:00:11.438815655,(-24 -10 -10 -8 -3 7 -35 -57)
1969-12-31 18:00:11.439856315,(25 22 12 10 6 20 22 40)
1969-12-31 18:00:11.439856315,(11 -12 -9 -5 -5 -25 -36 -33)
1969-12-31 18:00:11.453384896,(-15 18 4 3 7 -5 -26 -12)
1969-12-31 18:00:11.453384896,(-6 -1 8 6 3 -5 6 -21)
1969-12-31 18:00:11.461710176,(-29 -5 -1 1 -1 -12 3 -11)
1969-12-31 18:00:11.461710176,(-6 -22 -14 -4 -13 66 -12 -43)
1969-12-31 18:00:11.477320077,(34 32 9 7 43 -28 9 4)
1969-12-31 18:00:11.477320077,(-36 -24 -14 -16 -55 -30 -39 -31)
1969-12-31 18:00:11.478360737,(-25 -29 -18 -28 -14 8 -24 -48)
1969-12-31 18:00:11.478360737,(21 8 7 2 -29 -12 22 43)
1969-12-31 18:00:11.501255259,(17 1 -4 -8 -43 -62 -23 -25)
1969-12-31 18:00:11.501255259,(-32 -3 0 8 49 39 -1 -73)
1969-12-31 18:00:11.502295919,(7 11 9 25 68 39 -1 6)
1969-12-31 18:00:11.502295919,(-18 -8 -6 -7 -16 -7 -14 -17)
1969-12-31 18:00:11.515824500,(31 -4 -4 2 14 -47 -9 6)
1969-12-31 18:00:11.515824500,(15 6 4 -1 -58 -24 14 27)
1969-12-31 18:00:11.525190441,(-23 -6 -9 -26 -63 -49 -26 -20)
1969-12-31 18:00:11.525190441,(-14 4 3 5 53 36 14 -20)
1969-12-31 18:00:11.540800342,(-25 -20 -3 6 37 31 -3 4)
1969-12-31 18:00:11.540800342,(45 19 6 5 19 17 35 39)
1969-12-31 18:00:11.541841002,(5 10 -2 8 16 25 -28 -7)
1969-12-31 18:00:11.541841002,(-27 -12 -48 -27 -7 -38 -12 -24)
1969-12-31 18:00:11.573060804,(-9 -55 -3 -23 -75 -13 -5 19)
1969-12-31 18:00:11.573060804,(-6 46 24 2 -39 -29 -20 -8)
1969-12-31 18:00:11.574101464,(-31 -55 -7 -3 -15 -21 -6 -34)
1969-12-31 18:00:11.574101464,(29 -21 -72 -21 9 -22 7 14)
1969-12-31 18:00:11.578264105,(2 -11 -27 -8 40 51 7 -6)
1969-12-31 18:00:11.578264105,(-27 45 48 29 5 10 0 -17)
1969-12-31 18:00:11.587630045,(69 58 11 27 63 18 27 101)
1969-12-31 18:00:11.587630045,(-54 -54 -5 16 11 32 -22 -70)
1969-12-31 18:00:11.603239946,(35 -40 -67 -49 -25 -30 11 19)
1969-12-31 18:00:11.603239946,(41 -3 -36 -29 -48 -4 -5 -18)
1969-12-31 18:00:11.604280607,(-19 -6 16 -13 -71 -82 -64 -1)
1969-12-31 18:00:11.604280607,(-8 -33 -36 -28 -27 -16 37 39)
1969-12-31 18:00:11.626134468,(4 34 56 30 4 9 -30 -5)
1969-12-31 18:00:11.626134468,(14 22 29 28 90 47 0 -14)
1969-12-31 18:00:11.627175128,(2 -60 -88 -23 -15 1 14 -9)
1969-12-31 18:00:11.627175128,(-12 9 39 10 8 5 32 42)
1969-12-31 18:00:11.641744369,(-7 27 30 20 -13 14 -12 -63)
1969-12-31 18:00:11.641744369,(-1 3 -28 -16 7 -14 -11 2)
1969-12-31 18:00:11.650069650,(-9 0 22 11 25 13 0 -60)
1969-12-31 18:00:11.650069650,(-37 20 2 2 -1 -13 -34 -51)
1969-12-31 18:00:11.665679551,(-21 25 21 -1 50 37 12 5)
1969-12-31 18:00:11.665679551,(-31 -102 -65 -2 -27 -15 65 34)
1969-12-31 18:00:11.665679551,(-1 59 29 -21 -50 -15 -54 19)
1969-12-31 18:00:11.665679551,(4 42 7 -10 -58 -68 -6 6)
1969-12-31 18:00:11.705224634,(52 110 85 50 38 17 54 50)
1969-12-31 18:00:11.705224634,(-17 -23 -2 -6 14 16 -68 -53)
1969-12-31 18:00:11.706265294,(-34 -102 -56 -12 3 24 41 -22)
1969-12-31 18:00:11.706265294,(58 -65 -69 -42 -15 10 18 77)
1969-12-31 18:00:11.708346614,(-9 97 71 29 -26 -35 0 58)
1969-12-31 18:00:11.708346614,(-1 68 59 14 33 10 8 25)
1969-12-31 18:00:11.712509254,(52 22 29 22 11 -1 10 -23)
1969-12-31 18:00:11.712509254,(-15 8 51 29 26 38 -19 -22)
1969-12-31 18:00:11.727078496,(-27 -92 -71 -16 -17 -14 23 0)
1969-12-31 18:00:11.727078496,(21 25 -17 -11 -3 -16 -8 36)
1969-12-31 18:00:11.735403776,(59 121 122 51 14 13 25 69)
1969-12-31 18:00:11.735403776,(11 39 35 31 47 22 -4 5)
1969-12-31 18:00:11.751013677,(32 -95 -101 -22 -15 -15 3 68)
1969-12-31 18:00:11.751013677,(-56 -9 33 -23 -48 -56 -21 -63)
1969-12-31 18:00:11.752054337,(17 -59 -128 -62 10 25 26 0)
1969-12-31 18:00:11.752054337,(-27 80 111 35 6 -10 -5 -4)
1969-12-31 18:00:11.765582918,(-23 46 37 23 29 57 2 -50)
1969-12-31 18:00:11.766623578,(12 -43 -57 -36 -51 -33 -5 -12)
1969-12-31 18:00:11.774948859,(56 -6 9 15 3 -18 -8 1)
1969-12-31 18:00:11.774948859,(-41 -107 -76 -51 -17 2 -47 -85)
1969-12-31 18:00:11.790558760,(-19 24 3 -10 -9 -25 -29 -37)
1969-12-31 18:00:11.790558760,(34 -32 -16 14 57 41 41 58)
1969-12-31 18:00:11.790558760,(-47 32 26 7 -29 -36 -27 -60)
1969-12-31 18:00:11.790558760,(45 22 41 52 67 29 30 54)
1969-12-31 18:00:11.813453282,(-7 48 21 -16 -59 -20 -11 -40)
1969-12-31 18:00:11.813453282,(-32 48 10 -10 -40 -24 -33 -53)
1969-12-31 18:00:11.814493942,(-19 -48 -22 15 29 34 26 7)
1969-12-31 18:00:11.814493942,(23 -14 4 17 20 20 45 31)
1969-12-31 18:00:11.838429124,(19 -69 -55 -57 -84 -69 -68 -14)
1969-12-31 18:00:11.838429124,(-22 -40 -21 14 74 45 16 -11)
1969-12-31 18:00:11.839469784,(-54 -70 -45 -41 -70 -56 -22 -83)
1969-12-31 18:00:11.839469784,(-53 61 11 -15 -5 -19 -13 -75)
1969-12-31 18:00:11.852998365,(64 -108 -109 -25 -2 23 35 82)
1969-12-31 18:00:11.852998365,(-4 112 107 48 5 7 10 19)
1969-12-31 18:00:11.854039025,(23 34 -2 31 118 80 13 80)
1969-12-31 18:00:11.854039025,(79 -96 -121 -22 22 10 16 81)
1969-12-31 18:00:11.875892886,(-37 97 84 30 -72 -11 -18 -25)
1969-12-31 18:00:11.875892886,(69 5 -11 -4 -8 -11 19 89)
1969-12-31 18:00:11.876933546,(-8 -68 -45 -20 -26 -19 -10 -46)
1969-12-31 18:00:11.876933546,(-27 -59 1 15 26 6 -26 4)
1969-12-31 18:00:11.899828068,(-18 -53 -33 -24 -4 -13 -2 13)
1969-12-31 18:00:11.899828068,(44 -35 -55 8 76 55 26 24)
1969-12-31 18:00:11.900868728,(23 14 66 17 -40 -17 38 86)
1969-12-31 18:00:11.900868728,(-56 71 2 -38 -57 -19 -22 -33)
1969-12-31 18:00:11.923763250,(28 31 15 23 45 21 10 14)
1969-12-31 18:00:11.923763250,(-16 -69 -15 10 4 8 -11 -20)
1969-12-31 18:00:11.924803910,(15 107 84 14 -7 1 43 40)
1969-12-31 18:00:11.924803910,(66 -49 -51 17 77 80 -22 -10)
1969-12-31 18:00:11.938332491,(-51 8 17 3 -70 -77 -39 -74)
1969-12-31 18:00:11.938332491,(-42 68 59 15 20 2 1 -33)
1969-12-31 18:00:11.939373151,(-6 -104 -103 -47 -61 -23 -9 12)
1969-12-31 18:00:11.939373151,(-60 -2 11 -19 -85 -92 -62 -84)
1969-12-31 18:00:11.962267673,(-18 -56 -57 -23 48 49 29 3)
1969-12-31 18:00:11.962267673,(75 -12 -25 10 21 7 -39 24)
1969-12-31 18:00:11.963308333,(-9 35 25 37 83 30 9 -4)
1969-12-31 18:00:11.963308333,(-62 63 41 -25 -64 -17 3 -31)
1969-12-31 18:00:11.979958894,(5 -34 3 15 18 14 19 -1)
1969-12-31 18:00:11.979958894,(-1 -65 -59 -32 -53 -44 -3 -3)
1969-12-31 18:00:11.980999554,(-42 83 28 -2 -9 -3 -14 -6)
1969-12-31 18:00:11.980999554,(12 9 31 36 20 -6 24 26)
1969-12-31 18:00:12.001812756,(5 6 2 9 72 57 15 -2)
1969-12-31 18:00:12.001812756,(15 -83 -42 0 -42 -20 -2 3)
1969-12-31 18:00:12.002853416,(3 50 -5 -35 -60 -46 -24 11)
1969-12-31 18:00:12.002853416,(-33 12 27 -20 -81 -33 -19 -60)
1969-12-31 18:00:12.033032558,(0 -64 -32 -7 15 -6 6 15)
1969-12-31 18:00:12.033032558,(-20 61 52 23 69 34 3 -33)
1969-12-31 18:00:12.034073218,(73 -41 -40 -4 15 24 27 28)
1969-12-31 18:00:12.034073218,(14 -23 -23 8 22 15 23 65)
1969-12-31 18:00:12.040317178,(-26 8 -41 -21 -15 -52 -51 -61)
1969-12-31 18:00:12.040317178,(-19 52 32 -11 -66 -10 -19 -18)
1969-12-31 18:00:12.040317178,(-94 -88 -40 -23 -45 -38 -4 -52)
1969-12-31 18:00:12.041357838,(46 11 -5 7 19 15 19 27)
1969-12-31 18:00:12.063211700,(50 50 23 38 89 53 25 49)
1969-12-31 18:00:12.063211700,(-43 -10 30 -6 -22 2 9 -7)
1969-12-31 18:00:12.064252360,(-9 -30 -15 -8 -2 23 -8 -5)
1969-12-31 18:00:12.064252360,(14 16 -16 -16 -10 -24 8 37)
1969-12-31 18:00:12.087146882,(-12 -13 -24 3 0 16 19 28)
1969-12-31 18:00:12.087146882,(14 8 40 25 35 -28 -19 20)
1969-12-31 18:00:12.088187542,(-11 19 13 13 15 9 3 -12)
1969-12-31 18:00:12.088187542,(41 -39 -8 -7 -51 -26 -1 34)
1969-12-31 18:00:12.102756783,(-53 47 22 -39 -95 -31 -16 -56)
1969-12-31 18:00:12.102756783,(-10 -71 -87 -59 -35 -19 -11 -8)
1969-12-31 18:00:12.102756783,(35 80 76 69 103 40 10 8)
1969-12-31 18:00:12.102756783,(-1 27 19 14 19 17 1 1)
1969-12-31 18:00:12.126691965,(-7 -13 28 14 -31 -63 -8 23)
1969-12-31 18:00:12.126691965,(-8 -72 -76 -27 -8 39 0 -26)
1969-12-31 18:00:12.127732625,(-44 -122 -84 -28 -30 -41 -14 -42)
1969-12-31 18:00:12.127732625,(13 101 78 38 36 20 -2 -10)
1969-12-31 18:00:12.149586486,(56 -13 1 -34 -67 -15 -33 -8)
1969-12-31 18:00:12.150627146,(26 58 24 26 62 34 41 53)
1969-12-31 18:00:12.150627146,(-1 24 12 0 43 13 -17 -4)
1969-12-31 18:00:12.150627146,(-37 -39 -17 -7 -43 4 23 -51)
1969-12-31 18:00:12.165196387,(-51 -121 -75 -40 -46 -52 -57 -56)
1969-12-31 18:00:12.165196387,(-15 72 71 46 43 36 31 -11)
1969-12-31 18:00:12.165196387,(23 37 -2 -7 -27 -21 -12 16)
1969-12-31 18:00:12.165196387,(11 31 16 7 44 29 9 -10)
1969-12-31 18:00:12.188090909,(-41 1 27 34 34 22 5 -11)
1969-12-31 18:00:12.188090909,(43 -50 -52 -46 -62 -44 -17 0)
1969-12-31 18:00:12.189131569,(25 -9 -11 -2 9 11 5 35)
1969-12-31 18:00:12.189131569,(-70 -36 -24 -3 22 -11 -21 -48)
1969-12-31 18:00:12.212026091,(-9 60 76 68 127 127 54 16)
1969-12-31 18:00:12.212026091,(21 -74 -80 -59 -98 -89 10 56)
1969-12-31 18:00:12.213066751,(-32 95 96 5 4 -24 -27 -44)
1969-12-31 18:00:12.213066751,(53 -47 -70 -20 8 -16 -2 32)
1969-12-31 18:00:12.226595332,(24 36 28 1 -3 5 46 44)
1969-12-31 18:00:12.227635992,(4 -86 -62 12 65 61 4 -17)
1969-12-31 18:00:12.227635992,(-48 -8 12 -18 -74 -49 -6 -17)
1969-12-31 18:00:12.227635992,(37 -2 -2 6 17 9 -22 -29)
1969-12-31 18:00:12.250530514,(-23 34 53 21 1 -10 6 2)
1969-12-31 18:00:12.250530514,(-3 28 17 10 21 23 17 -4)
1969-12-31 18:00:12.258855794,(-32 -64 -37 -12 -12 20 -3 -26)
1969-12-31 18:00:12.258855794,(-62 -28 -37 -30 -19 -27 -9 -42)
1969-12-31 18:00:12.282790976,(2 -87 -61 -6 15 0 4 60)
1969-12-31 18:00:12.282790976,(-22 33 37 30 40 12 -13 -39)
1969-12-31 18:00:12.283831636,(11 45 37 -22 -100 -47 -5 12)
1969-12-31 18:00:12.283831636,(-7 -31 -11 5 27 26 9 29)
1969-12-31 18:00:12.289034936,(65 8 -45 -21 12 7 26 41)
1969-12-31 18:00:12.289034936,(-116 -30 21 8 3 -11 -38 -86)
1969-12-31 18:00:12.290075597,(40 32 9 34 60 40 -16 34)
1969-12-31 18:00:12.290075597,(3 -47 -16 -8 5 13 33 48)
1969-12-31 18:00:12.312970118,(43 39 11 -14 -58 -38 -13 13)
1969-12-31 18:00:12.312970118,(-3 67 20 -11 -50 -30 15 1)
1969-12-31 18:00:12.312970118,(23 -18 -21 7 58 28 -26 9)
1969-12-31 18:00:12.312970118,(-7 -61 -20 -16 -25 -4 22 15)
1969-12-31 18:00:12.336905300,(20 96 69 32 37 33 -13 -19)
1969-12-31 18:00:12.336905300,(-55 -38 -33 -2 16 0 -9 -31)
1969-12-31 18:00:12.337945960,(25 46 57 23 -19 -13 12 23)
1969-12-31 18:00:12.337945960,(34 14 -10 -1 4 3 1 21)
1969-12-31 18:00:12.351474541,(-54 -13 25 21 46 25 -16 -64)
1969-12-31 18:00:12.351474541,(17 -36 -43 -50 -112 -49 -18 7)
1969-12-31 18:00:12.352515201,(12 -23 -66 -21 19 22 20 13)
1969-12-31 18:00:12.352515201,(-31 28 71 21 -23 -26 -52 -82)
1969-12-31 18:00:12.375409723,(-1 -4 -20 0 22 1 4 -13)
1969-12-31 18:00:12.375409723,(52 18 3 25 83 33 4 19)
1969-12-31 18:00:12.375409723,(-37 -65 -62 -36 -44 -26 -13 -68)
1969-12-31 18:00:12.375409723,(-11 21 10 -9 -17 14 25 34)
1969-12-31 18:00:12.399344904,(-6 1 -8 -12 -39 -49 -24 -1)
1969-12-31 18:00:12.399344904,(-18 -58 -57 -13 24 3 -32 -33)
1969-12-31 18:00:12.400385565,(45 80 52 20 -16 7 34 41)
1969-12-31 18:00:12.400385565,(32 -10 -16 -4 10 13 14 62)
1969-12-31 18:00:12.414954806,(-46 17 37 11 -5 -8 -12 -67)
1969-12-31 18:00:12.414954806,(52 1 -2 -1 -30 -2 11 78)
1969-12-31 18:00:12.415995466,(-30 -38 -17 -1 37 -8 -6 -25)
1969-12-31 18:00:12.415995466,(5 -26 -23 -1 10 5 12 34)
1969-12-31 18:00:12.438889987,(36 22 -20 0 39 33 13 30)
1969-12-31 18:00:12.438889987,(-50 22 64 -3 -93 -32 14 11)
1969-12-31 18:00:12.439930647,(-24 -28 -10 10 -8 -14 -6 -31)
1969-12-31 18:00:12.439930647,(3 21 17 -8 8 -3 -18 -23)
1969-12-31 18:00:12.461784509,(14 -67 -71 -37 4 -1 8 15)
1969-12-31 18:00:12.461784509,(26 37 -7 11 17 1 -8 9)
1969-12-31 18:00:12.462825169,(5 36 45 25 13 26 25 23)
1969-12-31 18:00:12.462825169,(6 28 24 22 -4 -37 -8 3)
1969-12-31 18:00:12.476353750,(32 -16 -14 -1 -25 11 6 18)
1969-12-31 18:00:12.476353750,(-70 -30 -33 -42 -28 -16 -15 -15)
1969-12-31 18:00:12.484679031,(-23 -87 -23 -22 12 15 -9 -10)
1969-12-31 18:00:12.484679031,(14 52 3 6 7 2 3 -1)
1969-12-31 18:00:12.500288932,(-11 43 32 18 -10 -5 6 6)
1969-12-31 18:00:12.500288932,(64 63 57 36 41 15 -1 14)
1969-12-31 18:00:12.501329592,(-2 -20 -14 2 7 1 -5 -15)
1969-12-31 18:00:12.501329592,(2 -41 -4 -8 -11 0 0 25)
1969-12-31 18:00:12.524224114,(-49 -47 -46 -24 -22 -11 -11 -38)
1969-12-31 18:00:12.524224114,(22 43 33 18 36 20 13 8)
1969-12-31 18:00:12.525264774,(40 -8 -27 3 55 29 18 48)
1969-12-31 18:00:12.525264774,(-19 1 -3 -11 -44 -23 -15 -47)
1969-12-31 18:00:12.538793355,(-10 3 8 -8 -24 -18 -16 -6)
1969-12-31 18:00:12.538793355,(39 -9 -2 14 54 32 8 15)
1969-12-31 18:00:12.555443916,(0 0 -15 -26 -69 -23 29 42)
1969-12-31 18:00:12.555443916,(3 10 10 16 27 -24 -79 -45)
1969-12-31 18:00:12.571053817,(20 -56 -53 -32 -14 -7 11 23)
1969-12-31 18:00:12.571053817,(-3 28 10 -3 -19 -11 -15 0)
1969-12-31 18:00:12.572094477,(7 82 84 42 45 23 17 18)
1969-12-31 18:00:12.572094477,(2 -14 -12 4 1 20 25 35)
1969-12-31 18:00:12.586663718,(10 5 2 -6 -15 -7 0 10)
1969-12-31 18:00:12.586663718,(10 -51 -49 -18 2 2 5 9)
1969-12-31 18:00:12.587704378,(1 -12 -21 -10 -6 -2 -12 -11)
1969-12-31 18:00:12.587704378,(-24 -5 -9 -10 -20 -1 11 -11)
1969-12-31 18:00:12.601232959,(25 34 41 -23 -52 -28 1 27)
1969-12-31 18:00:12.601232959,(31 26 25 64 87 69 42 36)
1969-12-31 18:00:12.609558240,(-31 -14 -12 15 4 -52 -56 -70)
1969-12-31 18:00:12.609558240,(-85 -82 -47 -42 -29 16 -11 -91)
1969-12-31 18:00:12.625168141,(-9 6 10 46 43 -4 14 19)
1969-12-31 18:00:12.625168141,(-2 -14 -6 -30 -55 -15 -4 3)
1969-12-31 18:00:12.626208801,(22 2 -4 -4 -6 -9 -3 19)
1969-12-31 18:00:12.626208801,(103 54 18 7 10 -12 29 118)
1969-12-31 18:00:12.649103323,(4 16 5 -8 -4 7 -11 -21)
1969-12-31 18:00:12.649103323,(-64 -26 -3 -17 -22 -23 -25 -91)
1969-12-31 18:00:12.650143983,(-63 -46 -37 -18 -9 -6 -12 -62)
1969-12-31 18:00:12.650143983,(11 22 13 -3 -2 15 -3 18)
1969-12-31 18:00:12.663672564,(11 13 14 16 30 64 26 35)
1969-12-31 18:00:12.663672564,(33 -1 -3 1 -16 -85 -8 29)
1969-12-31 18:00:12.671997844,(-21 -9 -16 -17 -11 -23 -13 0)
1969-12-31 18:00:12.671997844,(-62 -36 -13 -5 -5 25 -12 -62)
1969-12-31 18:00:12.687607745,(57 47 24 30 35 62 58 84)
1969-12-31 18:00:12.687607745,(-7 -11 4 1 15 21 -4 54)
1969-12-31 18:00:12.688648406,(22 2 2 -4 -10 -10 -5 -29)
1969-12-31 18:00:12.688648406,(75 72 39 30 23 -7 18 76)
1969-12-31 18:00:12.728193488,(-15 -28 -26 -10 -5 -26 -34 -44)
1969-12-31 18:00:12.728193488,(34 29 8 -6 -9 27 19 27)
1969-12-31 18:00:12.728193488,(15 -1 -5 -6 -5 11 -23 -28)
1969-12-31 18:00:12.729234149,(-42 11 22 25 17 -17 29 -9)
1969-12-31 18:00:12.730274809,(-17 -23 -12 -5 3 -2 12 -17)
1969-12-31 18:00:12.730274809,(-22 2 2 -1 -9 -16 8 -10)
1969-12-31 18:00:12.741722069,(22 3 -11 -7 -6 2 -20 27)
1969-12-31 18:00:12.742762730,(-8 -22 -7 -6 -3 -11 -10 -36)
1969-12-31 18:00:12.750047350,(43 14 -2 -8 -5 1 0 -3)
1969-12-31 18:00:12.750047350,(-90 -32 -3 -7 -12 -15 -29 -67)
1969-12-31 18:00:12.751088010,(-7 -7 -11 -4 -2 -16 -5 -2)
1969-12-31 18:00:12.751088010,(26 26 0 -5 -3 40 43 67)
1969-12-31 18:00:12.773982532,(40 -3 -1 -2 -10 -43 -47 -14)
1969-12-31 18:00:12.773982532,(-12 -5 -4 -3 2 17 -23 -22)
1969-12-31 18:00:12.775023192,(-75 -14 12 9 7 12 12 -39)
1969-12-31 18:00:12.775023192,(-50 -26 -23 -19 -13 -22 -36 -66)
1969-12-31 18:00:12.788551773,(-28 -27 -7 2 3 0 1 -19)
1969-12-31 18:00:12.788551773,(3 11 -2 -5 -8 -13 -8 -31)
1969-12-31 18:00:12.796877053,(102 44 22 15 15 34 37 89)
1969-12-31 18:00:12.796877053,(35 1 -10 -5 -3 -13 -4 -16)
1969-12-31 18:00:12.812486955,(-42 -12 -9 -8 -7 -16 -31 -55)
1969-12-31 18:00:12.812486955,(31 8 7 0 1 13 22 72)
1969-12-31 18:00:12.813527615,(-49 -30 -16 -13 -9 -15 -28 -74)
1969-12-31 18:00:12.813527615,(79 45 19 19 18 20 23 52)
1969-12-31 18:00:12.844747417,(8 -2 5 6 0 -2 1 11)
1969-12-31 18:00:12.844747417,(-3 -3 0 0 -4 0 0 -1)
1969-12-31 18:00:12.845788077,(13 16 -8 -10 -5 6 12 29)
1969-12-31 18:00:12.845788077,(-25 -23 -10 2 5 -5 -6 -2)
1969-12-31 18:00:12.860357318,(-23 28 38 12 6 3 2 -5)
1969-12-31 18:00:12.860357318,(-21 -18 -14 -5 -2 -8 -5 -19)
1969-12-31 18:00:12.861397978,(4 -2 12 6 4 10 16 28)
1969-12-31 18:00:12.861397978,(-7 -3 -5 -2 -1 -2 -8 -6)
1969-12-31 18:00:12.874926559,(-15 -19 -23 -11 -8 -4 -1 -21)
1969-12-31 18:00:12.874926559,(19 28 18 7 5 7 2 -1)
1969-12-31 18:00:12.875967219,(17 19 11 2 -3 -1 0 13)
1969-12-31 18:00:12.875967219,(6 -11 -15 -13 -7 -5 -6 -4)
1969-12-31 18:00:12.898861741,(-13 -31 -39 -11 -5 -6 -4 2)
1969-12-31 18:00:12.898861741,(-15 48 69 32 8 2 1 -14)
1969-12-31 18:00:12.899902401,(20 -2 -14 -5 -2 2 1 -7)
1969-12-31 18:00:12.899902401,(-19 -1 10 2 -3 -4 -4 -7)
1969-12-31 18:00:12.922796923,(-2 -30 -34 -9 1 6 6 18)
1969-12-31 18:00:12.922796923,(13 13 -8 -8 -6 -5 -4 6)
1969-12-31 18:00:12.923837583,(-10 -16 -10 -7 0 0 2 -11)
1969-12-31 18:00:12.923837583,(0 -4 4 11 5 2 2 -1)
1969-12-31 18:00:12.936325504,(-21 15 46 15 4 -3 7 -4)
1969-12-31 18:00:12.936325504,(14 0 -25 -10 -3 -2 -16 -5)
1969-12-31 18:00:12.945691444,(-7 -7 8 7 5 5 4 7)
1969-12-31 18:00:12.945691444,(-6 -9 -29 -15 -9 -8 -5 -6)
1969-12-31 18:00:12.961301345,(0 -20 -7 -3 3 6 5 12)
1969-12-31 18:00:12.961301345,(-1 -1 8 1 -1 -1 3 2)
1969-12-31 18:00:12.963382666,(4 40 12 -6 -5 -7 -2 -5)
1969-12-31 18:00:12.963382666,(-18 -26 2 6 6 5 -3 -13)
1969-12-31 18:00:12.993561808,(-5 15 14 4 -2 -3 -4 4)
1969-12-31 18:00:12.993561808,(10 -54 -55 -15 -4 1 6 2)
1969-12-31 18:00:12.994602468,(-8 46 54 22 6 5 2 9)
1969-12-31 18:00:12.994602468,(0 9 18 5 0 -3 1 5)
1969-12-31 18:00:13.008131049,(1 3 -20 -3 2 7 0 -4)
1969-12-31 18:00:13.008131049,(-6 -25 -29 -20 -14 -11 -13 -18)
1969-12-31 18:00:13.010212369,(8 -7 2 8 4 -1 0 10)
1969-12-31 18:00:13.010212369,(-3 8 -1 -2 1 6 8 2)
1969-12-31 18:00:13.023740950,(2 -50 -41 -17 -4 9 28 14)
1969-12-31 18:00:13.023740950,(-6 19 15 6 -1 -10 -45 -10)
1969-12-31 18:00:13.025822270,(-8 -24 -5 1 1 0 13 -2)
1969-12-31 18:00:13.025822270,(7 16 10 3 3 -2 -7 7)
1969-12-31 18:00:13.046635472,(-4 9 11 2 -2 -4 -14 -17)
1969-12-31 18:00:13.047676132,(6 -10 -24 -10 -2 6 31 18)
1969-12-31 18:00:13.048716792,(-10 -6 -6 -13 -11 -9 -10 -2)
1969-12-31 18:00:13.048716792,(-8 -12 5 1 -2 -4 -16 -10)
1969-12-31 18:00:13.061204713,(5 26 29 9 5 4 11 2)
1969-12-31 18:00:13.061204713,(-4 -9 1 3 0 2 -1 -9)
1969-12-31 18:00:13.070570653,(-10 -51 -33 -13 -8 -2 -6 -3)
1969-12-31 18:00:13.070570653,(10 1 -7 -13 -7 1 7 3)
1969-12-31 18:00:13.086180555,(-13 -20 -31 -15 -10 -10 -15 -8)
1969-12-31 18:00:13.086180555,(5 57 53 34 13 5 -5 -6)
1969-12-31 18:00:13.088261875,(4 -28 -17 -2 -2 5 1 4)
1969-12-31 18:00:13.088261875,(-6 -11 -9 -7 -6 4 2 -4)
1969-12-31 18:00:13.110115736,(-5 -5 9 2 -4 1 -8 -8)
1969-12-31 18:00:13.110115736,(-3 -27 -37 -24 -11 -3 -5 -5)
1969-12-31 18:00:13.111156396,(-8 -74 -44 -11 -1 4 8 8)
1969-12-31 18:00:13.111156396,(16 90 46 23 8 -6 -9 -3)
1969-12-31 18:00:13.149660819,(-16 0 -14 -12 -4 -2 5 3)
1969-12-31 18:00:13.150701479,(21 33 16 2 2 -6 2 1)
1969-12-31 18:00:13.151742139,(-7 -53 -18 11 6 3 6 7)
1969-12-31 18:00:13.151742139,(2 3 1 0 -1 -3 3 4)
1969-12-31 18:00:13.152782799,(-7 -72 -48 -31 -8 -10 -8 4)
1969-12-31 18:00:13.152782799,(3 113 66 39 15 2 11 -2)
1969-12-31 18:00:13.156945440,(-3 -17 -6 -9 -4 -9 -3 3)
1969-12-31 18:00:13.156945440,(-8 -39 -46 -20 -4 -10 2 7)
1969-12-31 18:00:13.172555341,(2 32 -37 -17 -3 -8 6 10)
1969-12-31 18:00:13.172555341,(-5 -17 70 26 9 3 6 3)
1969-12-31 18:00:13.173596001,(13 41 5 -2 0 -5 -2 -1)
1969-12-31 18:00:13.173596001,(-12 -6 -35 -11 -4 -4 2 3)
1969-12-31 18:00:13.186083922,(-2 3 25 4 -1 -5 -11 -6)
1969-12-31 18:00:13.186083922,(-17 -77 -40 -29 -14 -7 2 0)
1969-12-31 18:00:13.195449862,(32 115 65 43 23 10 3 0)
1969-12-31 18:00:13.195449862,(0 -8 14 6 2 -1 -3 -5)
1969-12-31 18:00:13.211059764,(11 26 20 10 0 -5 -3 2)
1969-12-31 18:00:13.211059764,(-8 -62 -57 -24 -9 -1 2 2)
1969-12-31 18:00:13.213141084,(-11 -26 1 -7 -6 -2 -4 -3)
1969-12-31 18:00:13.213141084,(-18 -70 -53 -33 -14 -3 1 4)
1969-12-31 18:00:13.234994945,(21 80 91 56 21 8 -2 -9)
1969-12-31 18:00:13.234994945,(-6 -17 -22 -14 -6 0 1 -2)
1969-12-31 18:00:13.236035605,(-11 -29 -27 -22 -12 -7 -9 -2)
1969-12-31 18:00:13.236035605,(15 72 62 37 13 6 2 -8)
1969-12-31 18:00:13.248523526,(-7 -22 -1 3 1 4 -3 -4)
1969-12-31 18:00:13.248523526,(1 3 -4 -3 0 3 -1 -3)
1969-12-31 18:00:13.257889467,(-5 12 16 7 1 6 1 -2)
1969-12-31 18:00:13.257889467,(-1 -16 13 4 -3 0 -5 -4)
1969-12-31 18:00:13.297434550,(-5 -7 -12 -6 -6 0 -2 -6)
1969-12-31 18:00:13.297434550,(6 18 5 5 2 6 1 -3)
1969-12-31 18:00:13.299515870,(-6 -11 -5 -11 -7 1 -7 -2)
1969-12-31 18:00:13.299515870,(5 5 14 9 4 6 -1 -7)
1969-12-31 18:00:13.304719170,(-1 -8 6 10 1 6 -2 -3)
1969-12-31 18:00:13.304719170,(-4 -7 -4 2 -2 5 0 -2)
1969-12-31 18:00:13.312003790,(-4 -5 7 1 -3 1 2 0)
1969-12-31 18:00:13.312003790,(5 29 -8 -4 0 -3 -1 3)
1969-12-31 18:00:13.313044451,(5 25 -12 -7 -1 -12 0 4)
1969-12-31 18:00:13.313044451,(-4 -17 -3 1 2 -14 3 5)
1969-12-31 18:00:13.321369732,(7 63 3 -2 3 -18 0 6)
1969-12-31 18:00:13.321369732,(-4 -12 -1 0 3 -17 -1 4)
1969-12-31 18:00:13.335938973,(-6 -25 -9 -11 -1 -15 -2 0)
1969-12-31 18:00:13.335938973,(0 -5 -24 -16 -2 -5 -1 2)
1969-12-31 18:00:13.338020293,(-2 -13 -9 -3 0 3 -2 -3)
1969-12-31 18:00:13.338020293,(-5 -11 -8 -8 -4 10 -3 -3)
1969-12-31 18:00:13.359874154,(-1 -3 3 1 -2 12 -5 -2)
1969-12-31 18:00:13.359874154,(0 -4 -3 -3 -2 9 -1 -4)
1969-12-31 18:00:13.360914815,(-2 -4 -1 0 -2 4 2 -2)
1969-12-31 18:00:13.360914815,(1 -5 3 3 -4 0 3 -2)
1969-12-31 18:00:13.382768676,(-3 -7 -4 -3 -2 0 3 -4)
1969-12-31 18:00:13.382768676,(3 10 5 4 -2 1 2 -4)
1969-12-31 18:00:13.384849996,(2 3 -2 -4 -2 5 0 1)
1969-12-31 18:00:13.384849996,(-6 -11 -6 -5 -4 4 -4 -6)
1969-12-31 18:00:13.400459897,(3 7 1 -1 -1 3 -1 0)
1969-12-31 18:00:13.400459897,(-6 -7 -6 -9 -3 -2 -8 -6)
1969-12-31 18:00:13.402541218,(1 6 12 14 2 -5 -7 -6)
1969-12-31 18:00:13.402541218,(3 6 10 7 2 -1 -3 1)
1969-12-31 18:00:13.438964320,(-2 -2 3 4 -1 1 -3 0)
1969-12-31 18:00:13.438964320,(-8 -9 -5 0 -3 -4 -2 -4)
1969-12-31 18:00:13.441045640,(-6 -16 -16 -11 -5 -2 -3 0)
1969-12-31 18:00:13.441045640,(-3 9 -20 -15 -5 -6 -3 -5)
1969-12-31 18:00:13.442086300,(-2 -1 -7 -3 -2 -4 1 1)
1969-12-31 18:00:13.442086300,(15 17 9 8 4 0 -9 -7)
1969-12-31 18:00:13.446248941,(-2 2 -2 -4 -2 0 -2 1)
1969-12-31 18:00:13.446248941,(-5 -15 -2 0 -1 0 1 6)
1969-12-31 18:00:13.461858842,(-6 -7 -4 -8 -3 -3 -1 2)
1969-12-31 18:00:13.461858842,(-3 -4 -8 -4 0 -1 5 7)
1969-12-31 18:00:13.462899502,(-6 -10 -7 -4 -1 -2 -2 -5)
1969-12-31 18:00:13.463940162,(-5 -7 0 -3 -1 -1 1 0)
1969-12-31 18:00:13.493078644,(2 3 5 4 1 0 -2 -3)
1969-12-31 18:00:13.493078644,(-2 -6 -8 -8 -4 -4 1 1)
1969-12-31 18:00:13.494119304,(4 6 5 9 2 3 4 2)
1969-12-31 18:00:13.495159964,(-2 -8 1 1 -1 1 1 1)
1969-12-31 18:00:13.498281945,(-4 2 1 -1 -3 -2 -2 -6)
1969-12-31 18:00:13.498281945,(1 -1 -1 0 -1 1 0 1)
1969-12-31 18:00:13.540949007,(0 -2 -2 -6 -2 -1 -1 -1)
1969-12-31 18:00:13.540949007,(-1 -3 0 2 -1 0 -3 -7)
1969-12-31 18:00:13.541989668,(1 -4 1 0 2 3 1 1)
1969-12-31 18:00:13.541989668,(-6 -1 -1 -1 -2 -4 -2 -7)
1969-12-31 18:00:13.556558909,(0 2 5 0 0 -3 -1 -3)
1969-12-31 18:00:13.556558909,(0 0 5 1 1 -2 -1 1)
1969-12-31 18:00:13.556558909,(0 -3 -3 0 -1 -3 0 0)
1969-12-31 18:00:13.556558909,(-3 2 1 -2 -2 -3 2 4)
1969-12-31 18:00:13.558640229,(-4 -2 -12 -4 -4 -2 -2 -1)
1969-12-31 18:00:13.558640229,(-1 -5 -4 -1 1 -1 0 -1)
1969-12-31 18:00:13.571128150,(1 4 -4 -3 -2 0 -3 -1)
1969-12-31 18:00:13.571128150,(0 -3 4 8 2 2 -1 0)
1969-12-31 18:00:13.572168810,(0 -3 -3 -3 -4 -2 0 1)
1969-12-31 18:00:13.572168810,(1 -6 -6 2 0 -1 -2 2)
1969-12-31 18:00:13.585697391,(-5 -5 0 2 -1 0 -1 -4)
1969-12-31 18:00:13.585697391,(-2 -1 -5 -1 -3 -1 0 -1)
1969-12-31 18:00:13.616917193,(3 8 5 6 2 -2 1 1)
1969-12-31 18:00:13.616917193,(-5 -9 -7 -6 -3 -3 -2 -4)
1969-12-31 18:00:13.625242474,(-3 -1 1 -2 -1 0 1 -2)
1969-12-31 18:00:13.625242474,(2 4 -1 2 0 1 -2 1)
1969-12-31 18:00:13.627323794,(-1 -3 -4 -4 1 -1 0 0)
1969-12-31 18:00:13.627323794,(-2 0 -1 -3 -2 -3 -2 -2)
1969-12-31 18:00:13.628364454,(-1 -5 -3 -3 -3 -1 -1 0)
1969-12-31 18:00:13.628364454,(-2 -1 3 1 -1 0 0 -2)
1969-12-31 18:00:13.641893035,(2 3 0 -1 -1 -1 -1 2)
1969-12-31 18:00:13.641893035,(-7 -9 -8 -5 -3 0 -3 -5)
1969-12-31 18:00:13.648136995,(1 3 -4 -5 -1 -2 -2 0)
1969-12-31 18:00:13.648136995,(-3 -8 -4 0 -2 -3 0 0)
1969-12-31 18:00:13.649177656,(-1 -1 -6 -2 -1 0 0 -2)
1969-12-31 18:00:13.649177656,(2 8 8 5 2 0 1 2)
1969-12-31 18:00:13.673112837,(0 -3 0 4 1 0 0 0)
1969-12-31 18:00:13.673112837,(1 4 -3 -2 1 0 0 0)
1969-12-31 18:00:13.675194157,(-1 -1 -2 -5 -1 -2 0 -3)
1969-12-31 18:00:13.675194157,(-1 -2 -2 -3 -3 0 1 -2)
1969-12-31 18:00:13.694966699,(-1 -2 -3 -2 -3 -1 0 -3)
1969-12-31 18:00:13.694966699,(-4 -4 -2 -3 -1 -1 -3 -3)
1969-12-31 18:00:13.704332640,(1 -3 2 4 0 -2 -1 -1)
1969-12-31 18:00:13.704332640,(1 7 4 -2 -2 0 0 -1)
1969-12-31 18:00:13.710576600,(-1 -6 -3 4 -2 -1 -2 0)
1969-12-31 18:00:13.710576600,(2 13 8 2 -2 -1 -4 -2)
1969-12-31 18:00:13.743877722,(-3 -5 -2 0 0 1 -2 -2)
1969-12-31 18:00:13.743877722,(-3 -5 -4 -4 -3 -1 -2 -1)
1969-12-31 18:00:13.743877722,(-3 -5 -5 -5 0 -1 0 -2)
1969-12-31 18:00:13.743877722,(-2 1 2 -4 -2 -2 -1 0)
1969-12-31 18:00:13.745959043,(-2 -1 -7 -2 -3 -3 -2 -2)
1969-12-31 18:00:13.745959043,(1 2 4 5 0 0 -1 2)
1969-12-31 18:00:13.757406303,(0 2 -1 -2 0 -2 0 0)
1969-12-31 18:00:13.757406303,(-2 -8 -9 -6 -1 -2 1 -2)
1969-12-31 18:00:13.759487624,(0 2 1 2 0 -1 -1 -2)
1969-12-31 18:00:13.759487624,(-4 -12 -7 0 1 -2 -1 -1)
1969-12-31 18:00:13.771975544,(0 1 -1 -2 -3 -1 0 -1)
1969-12-31 18:00:13.771975544,(0 2 2 2 -1 0 0 1)
1969-12-31 18:00:13.796951386,(2 5 3 -1 -1 0 0 0)
1969-12-31 18:00:13.796951386,(2 3 5 2 0 -1 0 0)
1969-12-31 18:00:13.797992046,(-1 3 1 0 1 -1 -1 -1)
1969-12-31 18:00:13.797992046,(2 -5 -3 1 2 1 0 0)
1969-12-31 18:00:13.800073366,(-3 2 2 1 0 -2 -1 -1)
1969-12-31 18:00:13.800073366,(0 -3 2 2 -1 0 0 0)
1969-12-31 18:00:13.828171189,(-2 -5 -8 -3 -2 0 0 -2)
1969-12-31 18:00:13.828171189,(-3 0 -2 -3 -3 -2 -1 -2)
1969-12-31 18:00:13.830252509,(-2 -4 0 -1 0 -2 -1 -2)
1969-12-31 18:00:13.830252509,(-1 -1 -4 -1 0 -1 0 -1)
1969-12-31 18:00:13.830252509,(1 -4 -4 -4 -1 -2 -2 -2)
1969-12-31 18:00:13.832333829,(2 5 4 2 -1 -1 0 0)
1969-12-31 18:00:13.832333829,(-1 -2 -3 0 -2 -1 1 -3)
1969-12-31 18:00:13.838577789,(2 1 1 0 -1 -2 1 3)
1969-12-31 18:00:13.838577789,(0 -2 0 1 0 -2 0 0)
1969-12-31 18:00:13.840659109,(-1 -1 -3 1 0 -1 1 0)
1969-12-31 18:00:13.840659109,(1 5 7 1 0 -1 -1 0)
1969-12-31 18:00:13.861472311,(-2 -1 1 2 1 1 0 -1)
1969-12-31 18:00:13.861472311,(-2 -2 -1 -2 0 0 -1 0)
1969-12-31 18:00:13.862512971,(0 1 1 -1 -3 -2 -1 -2)
1969-12-31 18:00:13.862512971,(-1 -4 -4 -2 -3 0 0 0)
1969-12-31 18:00:13.875000892,(-2 1 0 3 0 0 0 1)
1969-12-31 18:00:13.875000892,(-2 -2 -1 -1 -1 -2 -3 -2)
1969-12-31 18:00:13.892692113,(-2 -3 -5 -4 -2 1 0 1)
1969-12-31 18:00:13.892692113,(-3 -3 -5 -1 -4 -2 -2 -4)
1969-12-31 18:00:13.908302014,(-1 1 5 0 -3 -2 -2 -3)
1969-12-31 18:00:13.908302014,(0 3 1 1 -1 1 0 -1)
1969-12-31 18:00:13.910383335,(0 0 -1 -1 1 0 2 2)
1969-12-31 18:00:13.910383335,(0 -1 -2 -1 1 -1 0 2)
1969-12-31 18:00:13.923911916,(0 0 -1 -2 -3 -1 -1 -2)
1969-12-31 18:00:13.923911916,(-5 -5 -2 0 0 0 -1 -2)
1969-12-31 18:00:13.924952576,(-2 -2 1 0 -2 -2 -2 -2)
1969-12-31 18:00:13.924952576,(1 2 2 1 1 0 -1 -2)
1969-12-31 18:00:13.946806437,(0 2 0 1 0 -2 -2 -4)
1969-12-31 18:00:13.946806437,(-1 -2 -1 0 -1 1 0 3)
1969-12-31 18:00:13.948887757,(-3 -1 -2 -1 -1 -1 -2 -1)
1969-12-31 18:00:13.948887757,(-3 0 1 -1 -3 -2 -4 -5)
1969-12-31 18:00:13.970741619,(0 -3 -3 -2 0 -1 -1 1)
1969-12-31 18:00:13.970741619,(2 1 0 1 -2 -1 2 1)
1969-12-31 18:00:13.972822939,(-2 2 0 -3 1 0 1 1)
1969-12-31 18:00:13.972822939,(1 1 -2 -1 -5 -6 -7 -4)
1969-12-31 18:00:13.994676801,(-5 1 3 1 1 0 -4 -8)
1969-12-31 18:00:13.994676801,(2 3 0 -2 -2 -2 -1 0)
1969-12-31 18:00:13.995717461,(0 -1 -3 -2 -3 -1 1 2)
1969-12-31 18:00:13.995717461,(-6 -1 2 4 3 1 0 -4)
1969-12-31 18:00:14.009246042,(0 -1 -3 -3 -2 -3 -3 -5)
1969-12-31 18:00:14.009246042,(-2 -4 0 -3 -1 0 0 -1)
1969-12-31 18:00:14.011327362,(1 -6 -2 -1 0 0 -1 0)
1969-12-31 18:00:14.011327362,(-1 -7 -4 -4 -1 3 2 2)
1969-12-31 18:00:14.025896603,(-2 -6 -6 -5 -3 -1 -2 0)
1969-12-31 18:00:14.025896603,(-3 3 3 2 0 -3 -3 -6)
1969-12-31 18:00:14.026937263,(-1 -2 0 -4 -1 0 1 2)
1969-12-31 18:00:14.026937263,(-2 -4 -4 0 -1 -2 -3 -5)
1969-12-31 18:00:14.056075745,(3 1 2 -5 -2 0 0 2)
1969-12-31 18:00:14.056075745,(1 3 3 4 2 1 1 -1)
1969-12-31 18:00:14.058157065,(-4 -1 -1 7 1 -1 -4 -6)
1969-12-31 18:00:14.058157065,(3 2 5 4 -1 -1 1 4)
1969-12-31 18:00:14.062319706,(-8 -10 -11 -8 -3 -2 -7 -7)
1969-12-31 18:00:14.062319706,(-1 -4 -6 -4 -1 -3 -1 -3)
1969-12-31 18:00:14.080010927,(-2 -3 4 -11 -5 -3 -2 -2)
1969-12-31 18:00:14.081051587,(1 1 -15 -10 -4 -3 -1 -2)
1969-12-31 18:00:14.087295547,(2 1 14 7 1 3 4 4)
1969-12-31 18:00:14.087295547,(0 6 8 7 4 0 -3 -4)
1969-12-31 18:00:14.089376868,(-1 0 -4 3 1 1 -3 -4)
1969-12-31 18:00:14.089376868,(-1 -6 -2 -10 -4 -2 -2 2)
1969-12-31 18:00:14.119556010,(-2 -4 -12 -15 -3 -2 2 2)
1969-12-31 18:00:14.119556010,(0 0 -11 -3 -4 -2 1 1)
1969-12-31 18:00:14.121637330,(-4 -6 2 -15 -4 -2 -2 -3)
1969-12-31 18:00:14.121637330,(1 6 5 5 -2 -5 -1 0)
1969-12-31 18:00:14.141409871,(9 14 30 46 21 0 5 8)
1969-12-31 18:00:14.142450531,(-1 -6 2 -11 0 7 6 7)
1969-12-31 18:00:14.150775812,(3 6 -8 15 0 1 2 1)
1969-12-31 18:00:14.150775812,(-4 -4 5 -13 -1 -9 -3 -1)
1969-12-31 18:00:14.151816472,(-3 -3 -16 -9 -3 -6 -9 -6)
1969-12-31 18:00:14.151816472,(-1 -3 3 -8 -8 -6 -3 -3)
1969-12-31 18:00:14.173670334,(-1 -2 -15 -12 1 3 1 -1)
1969-12-31 18:00:14.173670334,(-6 0 3 5 -9 1 -2 -4)
1969-12-31 18:00:14.174710994,(-3 -7 -29 -22 -8 -2 4 6)
1969-12-31 18:00:14.174710994,(-1 -6 17 9 7 2 -3 -3)
1969-12-31 18:00:14.176792314,(1 9 11 14 -1 -3 -1 -2)
1969-12-31 18:00:14.176792314,(4 9 20 14 9 4 1 -1)
1969-12-31 18:00:14.188239575,(0 -1 -2 9 1 0 0 -3)
1969-12-31 18:00:14.188239575,(-3 -8 -16 -13 -7 -2 -1 -2)
1969-12-31 18:00:14.202808816,(-3 -10 -12 -16 -6 -4 -3 -1)
1969-12-31 18:00:14.202808816,(0 -2 9 0 -3 4 8 7)
1969-12-31 18:00:14.212174757,(-3 0 2 -1 -1 -1 -8 -12)
1969-12-31 18:00:14.212174757,(-4 -7 -6 -7 -1 4 4 2)
1969-12-31 18:00:14.226743998,(2 2 15 19 1 -3 -6 -9)
1969-12-31 18:00:14.226743998,(-2 -1 -16 -7 4 3 0 0)
1969-12-31 18:00:14.235069278,(-3 -3 1 -9 -9 -1 -5 -4)
1969-12-31 18:00:14.236109938,(-2 3 3 9 3 0 3 5)
1969-12-31 18:00:14.242353899,(-1 -4 -9 -16 -2 0 0 2)
1969-12-31 18:00:14.242353899,(1 -1 -6 0 -2 -2 3 7)
1969-12-31 18:00:14.283980302,(3 4 8 10 4 -8 -5 -11)
1969-12-31 18:00:14.283980302,(-1 2 -9 -6 -3 -6 2 -1)
1969-12-31 18:00:14.286061622,(1 2 -6 -3 2 -5 5 9)
1969-12-31 18:00:14.286061622,(0 -5 -15 -8 -2 -5 -4 -4)
1969-12-31 18:00:14.287102282,(-5 0 -3 -5 -2 1 6 10)
1969-12-31 18:00:14.287102282,(4 8 3 1 1 -3 -6 -6)
1969-12-31 18:00:14.300630863,(1 0 8 3 -1 0 -7 -12)
1969-12-31 18:00:14.300630863,(-2 -2 5 4 2 4 -3 -6)
1969-12-31 18:00:14.301671523,(1 -1 4 -2 -3 6 2 2)
1969-12-31 18:00:14.301671523,(-1 -1 4 2 -3 1 -7 -7)
1969-12-31 18:00:14.304793503,(-1 -4 2 4 -2 3 0 1)
1969-12-31 18:00:14.304793503,(-1 -3 0 2 -2 0 1 2)
1969-12-31 18:00:14.321444065,(2 0 -3 -3 -2 2 2 0)
1969-12-31 18:00:14.321444065,(0 -1 -6 1 -2 -1 -3 -1)
1969-12-31 18:00:14.323525385,(-1 1 0 2 -1 -2 -1 1)
1969-12-31 18:00:14.323525385,(-1 0 -2 0 1 1 0 -1)
1969-12-31 18:00:14.337053966,(-1 -1 0 -1 0 -3 -3 -2)
1969-12-31 18:00:14.337053966,(-2 -3 -2 0 -1 -2 2 0)
1969-12-31 18:00:14.343297926,(-2 0 -1 -1 0 -1 2 3)
1969-12-31 18:00:14.343297926,(1 1 -2 1 2 -1 -3 -5)
1969-12-31 18:00:14.360989147,(-2 1 -2 -4 0 1 0 2)
1969-12-31 18:00:14.360989147,(-1 -1 -1 -4 -3 -2 2 4)
1969-12-31 18:00:14.362029807,(4 -1 -1 0 0 0 0 3)
1969-12-31 18:00:14.362029807,(-9 -4 -4 -1 -2 -2 2 -2)
1969-12-31 18:00:14.383883669,(3 6 3 3 1 -1 -12 -13)
1969-12-31 18:00:14.383883669,(-4 -6 -8 -4 -1 0 3 2)
1969-12-31 18:00:14.385964989,(-5 -1 -3 -3 -1 -4 -2 -6)
1969-12-31 18:00:14.385964989,(3 0 -6 -2 -2 -2 5 10)
1969-12-31 18:00:14.399493570,(-7 -5 -6 -5 -3 -5 5 3)
1969-12-31 18:00:14.399493570,(3 2 -3 0 -1 -7 -4 1)
1969-12-31 18:00:14.431754033,(2 1 -3 -1 2 -4 4 5)
1969-12-31 18:00:14.431754033,(-4 -1 -2 -3 0 -4 1 -1)
1969-12-31 18:00:14.431754033,(2 0 1 -1 1 0 -1 2)
1969-12-31 18:00:14.431754033,(1 1 -4 0 2 2 2 2)
1969-12-31 18:00:14.436957333,(3 0 0 -2 -2 -3 -2 0)
1969-12-31 18:00:14.436957333,(-9 -4 -3 -3 -3 -4 -6 -6)
1969-12-31 18:00:14.446323274,(-3 0 -4 -2 -1 -3 2 1)
1969-12-31 18:00:14.446323274,(3 1 2 0 0 0 -2 2)
1969-12-31 18:00:14.448404594,(10 3 -3 -1 -1 -1 2 3)
1969-12-31 18:00:14.448404594,(-11 -7 -8 -4 -1 -6 -2 -3)
1969-12-31 18:00:14.470258455,(6 -3 -3 -3 -2 -2 4 4)
1969-12-31 18:00:14.470258455,(-5 1 4 -2 0 -1 -4 -9)
1969-12-31 18:00:14.471299115,(-1 5 14 5 0 8 -3 -9)
1969-12-31 18:00:14.471299115,(7 -1 13 4 -1 7 -8 -9)
1969-12-31 18:00:14.485868357,(-10 -9 3 0 -6 4 -4 -10)
1969-12-31 18:00:14.485868357,(7 1 7 4 -2 4 -7 -4)
1969-12-31 18:00:14.487949677,(-15 -6 1 1 -3 4 4 1)
1969-12-31 18:00:14.487949677,(-1 -2 2 0 -3 1 -1 2)
1969-12-31 18:00:14.508762878,(8 6 3 5 3 4 -2 -3)
1969-12-31 18:00:14.508762878,(-11 -9 -7 -2 -3 -3 -2 -5)
1969-12-31 18:00:14.510844198,(38 15 3 2 3 3 3 23)
1969-12-31 18:00:14.510844198,(3 9 3 4 4 0 0 -5)
1969-12-31 18:00:14.523332119,(-52 -31 -15 -11 -9 -7 -10 -20)
1969-12-31 18:00:14.523332119,(-6 -12 -8 -7 -5 -3 1 1)
1969-12-31 18:00:14.532698060,(-8 1 -3 -2 0 -1 1 -6)
1969-12-31 18:00:14.532698060,(21 7 1 -1 -1 -2 0 9)
1969-12-31 18:00:14.556633242,(17 9 0 0 -1 -2 3 9)
1969-12-31 18:00:14.556633242,(-1 1 1 2 1 -1 -1 -1)
1969-12-31 18:00:14.557673902,(3 -3 -5 -4 -3 -4 1 7)
1969-12-31 18:00:14.557673902,(-1 0 0 1 1 1 -1 -2)
1969-12-31 18:00:14.571202483,(-4 1 1 1 -2 -23 3 -2)
1969-12-31 18:00:14.571202483,(6 -3 -6 -6 4 38 1 13)
1969-12-31 18:00:14.573283803,(-14 2 1 0 0 -3 17 0)
1969-12-31 18:00:14.573283803,(-1 -6 -8 -7 -5 -10 -26 -21)
1969-12-31 18:00:14.585771724,(2 2 6 7 8 10 0 -3)
1969-12-31 18:00:14.585771724,(1 8 0 1 -2 -13 -4 3)
1969-12-31 18:00:14.595137664,(31 5 -5 -6 -8 -25 1 45)
1969-12-31 18:00:14.595137664,(-28 -25 -8 -3 5 24 5 -8)
1969-12-31 18:00:14.609706906,(26 15 5 0 4 26 9 16)
1969-12-31 18:00:14.609706906,(-26 -19 -12 -9 -17 -54 -24 -38)
1969-12-31 18:00:14.611788226,(-2 -3 6 3 5 19 10 7)
1969-12-31 18:00:14.611788226,(-8 5 -7 -8 -9 -24 -1 5)
1969-12-31 18:00:14.633642087,(16 -7 -3 -2 2 24 5 12)
1969-12-31 18:00:14.633642087,(1 1 5 5 5 12 25 28)
1969-12-31 18:00:14.635723407,(-2 -14 -5 -2 -5 -35 -20 -29)
1969-12-31 18:00:14.635723407,(-37 -19 -10 -5 -1 49 8 -1)
1969-12-31 18:00:14.648211328,(16 4 0 -2 -8 -52 -11 -7)
1969-12-31 18:00:14.648211328,(-26 -2 -6 -8 -6 9 4 -14)
1969-12-31 18:00:14.657577269,(-10 0 2 1 2 19 -9 -30)
1969-12-31 18:00:14.657577269,(-23 -13 2 1 -1 -28 11 -9)
1969-12-31 18:00:14.673187170,(-10 -7 -3 3 9 43 4 34)
1969-12-31 18:00:14.673187170,(15 3 -3 -2 2 -2 -15 -39)
1969-12-31 18:00:14.674227830,(-6 6 5 2 -8 -64 -40 -61)
1969-12-31 18:00:14.674227830,(-31 -9 -6 -5 4 34 16 6)
1969-12-31 18:00:14.704406972,(8 27 6 2 0 21 7 15)
1969-12-31 18:00:14.705447632,(29 -3 2 1 1 -27 1 29)
1969-12-31 18:00:14.706488293,(-56 -32 -13 -2 12 49 -3 -36)
1969-12-31 18:00:14.706488293,(78 30 2 -4 -16 -42 27 42)
1969-12-31 18:00:14.727301494,(14 6 3 1 2 -1 -25 -1)
1969-12-31 18:00:14.727301494,(2 0 7 8 7 15 -7 11)
1969-12-31 18:00:14.729382814,(-12 -3 -3 -5 -8 -53 -27 -59)
1969-12-31 18:00:14.729382814,(26 -2 1 2 2 27 6 8)
1969-12-31 18:00:14.735626775,(-13 -11 -5 -6 -3 -3 0 -11)
1969-12-31 18:00:14.735626775,(0 6 -2 -5 -7 -20 11 17)
1969-12-31 18:00:14.736667435,(-12 2 2 2 2 30 20 47)
1969-12-31 18:00:14.737708095,(-2 0 -4 1 4 26 26 53)
1969-12-31 18:00:14.758521296,(1 -5 1 0 -7 -39 -20 -61)
1969-12-31 18:00:14.758521296,(-33 -14 -4 -3 -12 -48 -31 -52)
1969-12-31 18:00:14.760602617,(9 9 0 -1 6 28 8 64)
1969-12-31 18:00:14.760602617,(-12 7 8 5 1 -11 -2 -50)
1969-12-31 18:00:14.773090537,(-45 -23 -14 -7 -5 -9 21 -3)
1969-12-31 18:00:14.773090537,(-11 13 8 4 4 5 -4 14)
1969-12-31 18:00:14.782456478,(14 -30 -11 -6 -3 31 11 -3)
1969-12-31 18:00:14.782456478,(20 25 4 0 -4 -22 -27 3)
1969-12-31 18:00:14.798066378,(-9 -5 -4 -3 6 52 17 20)
1969-12-31 18:00:14.798066378,(8 0 5 7 2 -7 -27 -44)
1969-12-31 18:00:14.799107039,(12 5 -4 -4 -3 1 18 4)
1969-12-31 18:00:14.799107039,(2 -4 3 6 16 -5 -12 -20)
1969-12-31 18:00:14.829286182,(27 -1 -2 -4 -30 -30 -7 11)
1969-12-31 18:00:14.829286182,(-23 0 -1 -3 3 71 7 18)
1969-12-31 18:00:14.831367502,(17 6 -1 -4 -6 -15 6 43)
1969-12-31 18:00:14.831367502,(16 3 -1 -1 1 9 -3 -10)
1969-12-31 18:00:14.844896083,(-38 -16 -5 -1 5 -23 -20 -28)
1969-12-31 18:00:14.844896083,(-1 8 1 -7 -10 -22 9 -11)
1969-12-31 18:00:14.846977403,(33 0 -1 2 14 65 3 -17)
1969-12-31 18:00:14.846977403,(-41 -21 -8 -2 -7 -1 -12 -18)
1969-12-31 18:00:14.867790604,(44 14 6 2 -1 -14 20 30)
1969-12-31 18:00:14.867790604,(11 2 -2 -1 -2 -4 2 15)
1969-12-31 18:00:14.869871924,(-30 -1 -1 -4 -2 -8 -5 -14)
1969-12-31 18:00:14.869871924,(11 2 -2 -2 -3 -21 -3 17)
1969-12-31 18:00:14.883400505,(-18 -1 0 -1 2 5 -14 -28)
1969-12-31 18:00:14.883400505,(31 12 1 1 5 2 13 19)
1969-12-31 18:00:14.885481826,(16 14 7 6 10 11 -5 35)
1969-12-31 18:00:14.885481826,(-9 -8 -4 0 8 1 -6 -30)
1969-12-31 18:00:14.897969747,(-9 -11 -2 -8 -24 -46 -14 7)
1969-12-31 18:00:14.897969747,(4 1 -3 -2 -1 34 24 22)
1969-12-31 18:00:14.907335687,(31 21 7 3 -6 -19 3 5)
1969-12-31 18:00:14.907335687,(-72 -19 -2 4 11 16 2 -24)
1969-12-31 18:00:14.921904928,(0 4 -2 0 11 4 6 53)
1969-12-31 18:00:14.921904928,(23 10 6 7 4 0 -10 4)
1969-12-31 18:00:14.923986248,(58 9 1 2 -4 -8 23 51)
1969-12-31 18:00:14.923986248,(-30 -31 -8 -8 -3 -24 -26 -42)
1969-12-31 18:00:14.945840110,(7 7 0 -2 8 35 12 1)
1969-12-31 18:00:14.945840110,(-14 -10 0 5 10 17 12 14)
1969-12-31 18:00:14.947921430,(-26 10 7 8 -2 -62 -3 -76)
1969-12-31 18:00:14.947921430,(36 16 2 -2 -10 -19 -7 3)
1969-12-31 18:00:14.960409351,(3 6 3 5 6 -2 -12 -9)
1969-12-31 18:00:14.960409351,(1 -16 -4 -1 3 8 -34 -40)
1969-12-31 18:00:14.968734632,(-54 -22 -13 -11 -10 23 11 -32)
1969-12-31 18:00:14.968734632,(65 39 14 8 6 9 28 69)
1969-12-31 18:00:14.993710474,(-37 -30 -14 -8 8 7 -11 -64)
1969-12-31 18:00:14.993710474,(21 7 4 2 -8 -33 -5 39)
1969-12-31 18:00:14.994751134,(-52 -19 -11 -11 -26 -35 -28 -82)
1969-12-31 18:00:14.994751134,(15 10 4 1 -5 -1 -27 -45)
1969-12-31 18:00:15.008279715,(8 0 -3 -2 4 10 32 41)
1969-12-31 18:00:15.008279715,(-14 6 2 1 8 9 -1 -35)
1969-12-31 18:00:15.010361035,(-9 -4 -3 1 6 -8 -10 30)
1969-12-31 18:00:15.010361035,(-35 -16 -2 0 11 59 17 0)
1969-12-31 18:00:15.022848956,(-23 -6 -6 -12 -24 -53 -5 -13)
1969-12-31 18:00:15.022848956,(4 9 2 2 -12 15 28 -4)
1969-12-31 18:00:15.032214896,(17 2 -1 -2 9 -12 -2 53)
1969-12-31 18:00:15.032214896,(41 18 7 2 -16 -18 8 12)
1969-12-31 18:00:15.047824797,(-54 -26 -9 -4 -5 -8 -17 -21)
1969-12-31 18:00:15.047824797,(-7 -15 -9 -7 -13 -43 15 -20)
1969-12-31 18:00:15.048865458,(2 11 4 1 3 10 -19 35)
1969-12-31 18:00:15.048865458,(13 6 2 5 27 25 -23 -5)
1969-12-31 18:00:15.070719319,(85 40 16 38 94 76 36 66)
1969-12-31 18:00:15.070719319,(-39 -32 -11 -10 -81 -48 -58 -59)
1969-12-31 18:00:15.072800639,(-31 3 -7 -26 -36 -12 14 -21)
1969-12-31 18:00:15.072800639,(-37 -36 -14 -14 -13 -30 -44 -4)
1969-12-31 18:00:15.085288560,(14 6 7 4 26 34 4 -15)
1969-12-31 18:00:15.085288560,(-1 20 7 9 12 -15 20 23)
1969-12-31 18:00:15.094654501,(-8 -19 -7 4 8 -19 -35 -36)
1969-12-31 18:00:15.094654501,(-21 -17 -10 -1 45 44 18 -10)
1969-12-31 18:00:15.109223742,(-12 3 0 -9 -75 -84 -16 -2)
1969-12-31 18:00:15.109223742,(5 -5 -12 -25 -52 16 -22 7)
1969-12-31 18:00:15.116508362,(20 6 12 11 6 -8 21 37)
1969-12-31 18:00:15.116508362,(14 2 -11 -21 -28 -9 4 27)
1969-12-31 18:00:15.149809485,(-1 -17 -2 11 93 16 -27 -14)
1969-12-31 18:00:15.149809485,(-13 6 6 10 12 -8 -22 -34)
1969-12-31 18:00:15.151890805,(19 6 2 5 -4 24 -7 -25)
1969-12-31 18:00:15.151890805,(49 17 5 11 64 44 12 50)
1969-12-31 18:00:15.151890805,(-10 14 0 -18 -94 -40 5 -9)
1969-12-31 18:00:15.151890805,(-4 -16 -9 -16 -10 -17 19 40)
1969-12-31 18:00:15.157094105,(-1 1 3 17 41 8 -12 -3)
1969-12-31 18:00:15.157094105,(-48 -47 -26 -4 -12 -24 -14 -66)
1969-12-31 18:00:15.171663346,(11 -5 22 0 22 56 27 37)
1969-12-31 18:00:15.171663346,(28 41 3 -4 -4 -5 2 14)
1969-12-31 18:00:15.178947967,(-14 -10 1 -8 -29 9 20 -28)
1969-12-31 18:00:15.178947967,(-35 -32 -22 -24 -94 -103 -36 -39)
1969-12-31 18:00:15.195598528,(-17 5 -54 -31 -26 0 2 -46)
1969-12-31 18:00:15.195598528,(-69 -34 75 38 84 83 34 -42)
1969-12-31 18:00:15.197679848,(21 48 -36 6 55 24 -25 -45)
1969-12-31 18:00:15.197679848,(-4 45 112 30 -52 -41 10 20)
1969-12-31 18:00:15.219533710,(-38 -1 -8 -2 -12 -26 -30 -66)
1969-12-31 18:00:15.219533710,(31 -87 -111 -41 13 9 7 15)
1969-12-31 18:00:15.220574370,(-10 56 40 5 -11 9 13 46)
1969-12-31 18:00:15.220574370,(2 82 50 44 127 100 44 32)
1969-12-31 18:00:15.234102951,(30 -68 -59 -23 -106 -82 -28 -16)
1969-12-31 18:00:15.234102951,(16 74 28 19 37 31 9 62)
1969-12-31 18:00:15.241387572,(-4 -79 -77 -35 -8 -27 -19 -53)
1969-12-31 18:00:15.241387572,(-11 10 21 -18 -46 -13 2 17)
1969-12-31 18:00:15.258038133,(-35 57 64 21 60 37 17 12)
1969-12-31 18:00:15.258038133,(69 -69 -99 -34 -39 -30 17 44)
1969-12-31 18:00:15.260119453,(-83 -64 -7 6 36 13 -29 -42)
1969-12-31 18:00:15.260119453,(1 -29 -7 -3 -70 -42 -10 -22)
1969-12-31 18:00:15.281973315,(52 89 32 34 99 77 35 69)
1969-12-31 18:00:15.281973315,(63 75 85 13 -108 -116 -38 -5)
1969-12-31 18:00:15.284054635,(-69 -38 49 16 23 45 23 -7)
1969-12-31 18:00:15.284054635,(33 -1 -79 -32 -17 -33 -36 6)
1969-12-31 18:00:15.304867836,(-1 1 20 5 22 36 20 69)
1969-12-31 18:00:15.304867836,(3 -18 -53 -14 49 20 -7 6)
1969-12-31 18:00:15.306949156,(-27 -62 -71 25 42 9 -3 -35)
1969-12-31 18:00:15.306949156,(50 54 25 -10 -40 -6 15 46)
1969-12-31 18:00:15.320477737,(-59 -39 6 -27 -72 -67 -28 -22)
1969-12-31 18:00:15.320477737,(-29 66 30 -15 29 23 -11 -21)
1969-12-31 18:00:15.322559057,(25 -38 1 5 -46 -18 13 24)
1969-12-31 18:00:15.322559057,(-20 -29 -47 1 25 -1 5 -54)
1969-12-31 18:00:15.344412919,(5 -44 -48 -35 -26 7 -10 -48)
1969-12-31 18:00:15.344412919,(-36 -88 -14 0 9 16 36 -22)
1969-12-31 18:00:15.345453579,(-8 63 2 -9 12 4 -55 -60)
1969-12-31 18:00:15.346494239,(54 79 63 35 26 -8 -7 1)
1969-12-31 18:00:15.367307441,(6 -12 -47 4 -16 5 23 8)
1969-12-31 18:00:15.367307441,(27 -26 56 22 9 8 -10 -9)
1969-12-31 18:00:15.369388761,(62 -46 -50 -19 12 10 -39 11)
1969-12-31 18:00:15.369388761,(-23 98 96 17 -3 -17 -24 -18)
1969-12-31 18:00:15.382917342,(-73 -38 0 14 -2 11 30 -55)
1969-12-31 18:00:15.382917342,(-37 13 -69 9 56 37 -37 -49)
1969-12-31 18:00:15.384998662,(-2 -75 -17 -3 -19 -42 51 97)
1969-12-31 18:00:15.384998662,(21 -34 11 -39 -57 -18 -17 47)
1969-12-31 18:00:15.406852524,(-69 49 20 -21 -27 -37 -36 -60)
1969-12-31 18:00:15.406852524,(-21 -22 -63 -2 -17 4 20 -18)
1969-12-31 18:00:15.407893184,(69 44 39 11 20 17 26 56)
1969-12-31 18:00:15.407893184,(-37 -128 -124 -46 -9 14 9 -26)
1969-12-31 18:00:15.438072326,(64 86 107 63 22 -20 16 97)
1969-12-31 18:00:15.438072326,(2 -31 -49 0 18 -7 -27 -51)
1969-12-31 18:00:15.439112986,(48 76 73 12 -45 -13 -4 15)
1969-12-31 18:00:15.439112986,(-29 -82 -46 12 82 29 -2 -16)
1969-12-31 18:00:15.445356946,(23 -34 -24 -24 -54 -16 -32 -4)
1969-12-31 18:00:15.445356946,(-35 0 24 8 31 32 55 8)
1969-12-31 18:00:15.447438267,(5 0 -24 -39 -69 -34 -2 2)
1969-12-31 18:00:15.447438267,(0 5 -22 -5 -7 6 -39 -7)
1969-12-31 18:00:15.476576749,(28 -35 -16 -8 1 7 13 17)
1969-12-31 18:00:15.476576749,(-38 -28 -48 -14 40 -12 -18 -39)
1969-12-31 18:00:15.478658069,(-63 96 97 40 13 38 28 -32)
1969-12-31 18:00:15.478658069,(-17 -15 -56 -11 -11 -9 22 14)
1969-12-31 18:00:15.482820709,(30 47 16 26 9 -25 -23 -30)
1969-12-31 18:00:15.482820709,(23 -10 56 11 -44 -21 -17 48)
1969-12-31 18:00:15.492186650,(29 -61 -65 -18 66 56 40 39)
1969-12-31 18:00:15.492186650,(-26 23 7 -11 -58 -34 7 -12)
1969-12-31 18:00:15.507796551,(-16 -33 -22 -9 -11 -8 -12 -13)
1969-12-31 18:00:15.507796551,(-12 33 17 -23 -10 -12 -4 3)
1969-12-31 18:00:15.509877871,(-1 18 40 43 23 -7 -13 -12)
1969-12-31 18:00:15.509877871,(-17 -47 -14 18 82 34 2 -12)
1969-12-31 18:00:15.531731733,(20 -57 -51 -18 2 20 43 53)
1969-12-31 18:00:15.531731733,(-3 67 42 0 -58 -20 -21 -8)
1969-12-31 18:00:15.532772392,(-14 -37 -61 -49 -45 -33 -11 -8)
1969-12-31 18:00:15.532772392,(12 -103 -61 -19 -14 -25 6 43)
1969-12-31 18:00:15.545260314,(12 94 59 23 33 30 -2 -1)
1969-12-31 18:00:15.545260314,(42 90 40 39 29 22 18 44)
1969-12-31 18:00:15.554626254,(-38 -25 0 11 58 19 -6 -35)
1969-12-31 18:00:15.554626254,(11 63 50 18 -4 27 4 -1)
1969-12-31 18:00:15.571276816,(12 -53 -39 -29 -48 -21 31 19)
1969-12-31 18:00:15.571276816,(12 -68 -63 -31 -28 -43 -34 2)
1969-12-31 18:00:15.573358136,(-20 -6 12 -9 -24 -14 -2 2)
1969-12-31 18:00:15.573358136,(44 71 34 26 39 24 36 42)
1969-12-31 18:00:15.594171337,(-51 -42 34 7 -23 -12 -35 -25)
1969-12-31 18:00:15.594171337,(9 12 17 20 69 62 10 36)
1969-12-31 18:00:15.595211997,(2 -37 -52 -20 -35 -18 22 9)
1969-12-31 18:00:15.595211997,(60 23 -16 -32 -23 5 4 72)
1969-12-31 18:00:15.607699918,(34 2 -19 36 83 37 17 11)
1969-12-31 18:00:15.607699918,(-15 0 28 4 -50 -7 -39 -22)
1969-12-31 18:00:15.617065859,(3 -59 -41 -24 -55 -58 -32 -17)
1969-12-31 18:00:15.617065859,(-9 51 23 14 47 27 67 31)
1969-12-31 18:00:15.632675760,(-31 -67 -44 -37 -36 -17 -72 -34)
1969-12-31 18:00:15.632675760,(-4 30 25 5 27 -18 17 -3)
1969-12-31 18:00:15.634757080,(-16 -29 13 5 4 49 11 6)
1969-12-31 18:00:15.634757080,(-1 -50 -53 -22 -27 -45 -32 -15)
1969-12-31 18:00:15.656610942,(1 13 -21 -2 42 24 7 -26)
1969-12-31 18:00:15.656610942,(4 -4 -9 -23 -79 -32 29 12)
1969-12-31 18:00:15.657651602,(39 55 11 -4 -21 -21 -23 18)
1969-12-31 18:00:15.657651602,(-74 -28 32 44 91 82 4 -85)
1969-12-31 18:00:15.671180183,(10 -16 -20 -22 -87 -74 -7 13)
1969-12-31 18:00:15.671180183,(0 -30 -15 2 45 51 31 61)
1969-12-31 18:00:15.679505463,(45 127 50 -6 -30 -33 -8 -3)
1969-12-31 18:00:15.679505463,(-25 -7 13 18 15 -4 -20 -26)
1969-12-31 18:00:15.694074705,(20 -64 -52 -23 21 24 15 -2)
1969-12-31 18:00:15.694074705,(2 31 27 8 3 -17 18 50)
1969-12-31 18:00:15.703440645,(47 53 13 11 -8 14 11 34)
1969-12-31 18:00:15.704481305,(-34 -18 11 1 -46 -31 -21 -34)
1969-12-31 18:00:15.726335167,(-11 -25 -29 -30 2 -10 -40 -12)
1969-12-31 18:00:15.726335167,(-16 -5 31 7 -42 -1 1 -20)
1969-12-31 18:00:15.727375827,(-14 -51 -63 -15 55 71 19 9)
1969-12-31 18:00:15.727375827,(69 44 10 29 -4 -38 10 30)
1969-12-31 18:00:15.732579127,(6 15 26 -23 -66 -56 -28 23)
1969-12-31 18:00:15.732579127,(13 11 22 15 46 34 -1 -17)
1969-12-31 18:00:15.741945068,(-66 37 31 20 -22 -33 -12 -21)
1969-12-31 18:00:15.741945068,(-29 -65 -29 -19 -36 11 -4 -32)
1969-12-31 18:00:15.757554969,(26 53 17 5 71 53 29 37)
1969-12-31 18:00:15.757554969,(-25 -7 16 -1 -31 -39 -16 -53)
1969-12-31 18:00:15.758595629,(-17 -2 -17 -23 -30 -9 -36 -47)
1969-12-31 18:00:15.758595629,(14 13 6 7 14 -5 7 37)
1969-12-31 18:00:15.781490151,(21 -3 -7 13 28 24 26 42)
1969-12-31 18:00:15.781490151,(-3 -10 -6 -18 -18 -20 -13 -11)
1969-12-31 18:00:15.782530810,(-54 -21 14 20 50 18 26 -4)
1969-12-31 18:00:15.782530810,(11 -6 -15 -14 -58 -46 -2 -8)
1969-12-31 18:00:15.795018732,(19 -21 9 9 15 16 -24 3)
1969-12-31 18:00:15.795018732,(-22 2 -25 -5 26 13 13 -6)
1969-12-31 18:00:15.804384673,(41 -5 -12 -9 -19 -46 -43 -4)
1969-12-31 18:00:15.804384673,(17 50 16 19 50 49 26 69)
1969-12-31 18:00:15.819994574,(-9 66 99 26 -29 5 44 -15)
1969-12-31 18:00:15.819994574,(-1 -51 -40 -3 -2 0 -35 14)
1969-12-31 18:00:15.822075894,(54 12 13 18 52 50 8 7)
1969-12-31 18:00:15.822075894,(-75 -82 -88 -50 -58 -79 -49 -56)
1969-12-31 18:00:15.843929755,(-16 93 67 2 -37 -5 -25 -53)
1969-12-31 18:00:15.843929755,(28 -6 -1 26 81 31 40 46)
1969-12-31 18:00:15.844970416,(-14 -23 -19 -21 -51 -31 5 24)
1969-12-31 18:00:15.844970416,(36 17 28 14 49 61 21 6)
1969-12-31 18:00:15.875149558,(-41 -47 -42 7 -2 -6 9 -43)
1969-12-31 18:00:15.875149558,(35 -12 -18 -18 -46 -38 -25 -3)
1969-12-31 18:00:15.883474838,(-6 -35 -4 -10 -10 1 39 20)
1969-12-31 18:00:15.883474838,(-29 27 0 -4 -10 -19 -28 -25)
1969-12-31 18:00:15.884515498,(-1 2 8 -6 9 6 -4 -10)
1969-12-31 18:00:15.884515498,(21 85 44 22 3 11 4 -20)
1969-12-31 18:00:15.885556158,(16 -36 -28 -8 -11 -13 1 11)
1969-12-31 18:00:15.885556158,(-11 -88 -70 -32 -19 5 16 20)
1969-12-31 18:00:15.905328700,(-43 108 77 20 -1 -19 -23 -32)
1969-12-31 18:00:15.905328700,(-9 -45 -58 -19 7 9 11 -19)
1969-12-31 18:00:15.906369360,(51 18 25 29 32 8 7 69)
1969-12-31 18:00:15.906369360,(-29 52 34 -25 -89 -51 -20 -74)
1969-12-31 18:00:15.929263882,(47 -72 -69 -11 42 41 34 39)
1969-12-31 18:00:15.929263882,(7 4 19 4 -34 -35 -30 20)
1969-12-31 18:00:15.930304542,(-23 -10 -8 -3 50 18 -6 -2)
1969-12-31 18:00:15.930304542,(54 8 -5 -1 22 23 22 60)
1969-12-31 18:00:15.944873783,(-1 21 -1 38 65 42 16 -15)
1969-12-31 18:00:15.944873783,(-75 -75 -25 -25 -33 -6 2 -38)
1969-12-31 18:00:15.944873783,(-42 57 38 9 -46 -45 -18 -39)
1969-12-31 18:00:15.944873783,(22 7 27 17 -4 -2 -1 7)
1969-12-31 18:00:15.967768304,(18 -11 -12 -6 20 28 28 1)
1969-12-31 18:00:15.967768304,(3 -35 -29 -14 8 7 -2 -11)
1969-12-31 18:00:15.968808965,(-18 47 28 16 30 17 11 -18)
1969-12-31 18:00:15.968808965,(-2 -17 5 6 -1 10 -7 -25)
1969-12-31 18:00:15.991703486,(-2 2 -11 -22 -41 -38 -7 21)
1969-12-31 18:00:15.991703486,(16 6 19 16 43 44 32 45)
1969-12-31 18:00:15.991703486,(-41 -7 1 -12 -36 -42 4 -51)
1969-12-31 18:00:15.992744146,(29 49 23 24 32 27 -10 0)
1969-12-31 18:00:16.025004609,(34 -35 -20 -1 -5 -6 -18 12)
1969-12-31 18:00:16.025004609,(-22 -10 -9 -16 -35 -19 -17 -26)
1969-12-31 18:00:16.025004609,(40 3 -27 -13 6 7 5 18)
1969-12-31 18:00:16.026045269,(-54 -26 15 -6 -9 -7 -33 -46)
1969-12-31 18:00:16.031248569,(33 27 10 16 14 -2 -9 17)
1969-12-31 18:00:16.031248569,(-4 22 1 4 12 -2 -2 -19)
1969-12-31 18:00:16.032289229,(14 9 11 -1 5 21 -5 9)
1969-12-31 18:00:16.032289229,(19 -7 -32 -1 10 -3 -4 3)
1969-12-31 18:00:16.053102431,(-43 -44 -7 -13 -50 -20 7 -8)
1969-12-31 18:00:16.054143091,(60 44 30 18 19 -4 4 51)
1969-12-31 18:00:16.061427711,(-33 -6 12 4 -11 3 -13 -54)
1969-12-31 18:00:16.061427711,(42 -67 -57 -13 43 25 34 46)
1969-12-31 18:00:16.068712332,(-72 -17 -19 -33 -87 -85 -69 -62)
1969-12-31 18:00:16.068712332,(18 23 6 3 4 14 24 34)
1969-12-31 18:00:16.069752992,(6 -14 5 7 26 15 -10 13)
1969-12-31 18:00:16.069752992,(11 9 -1 -10 -27 -4 3 0)
1969-12-31 18:00:16.092647514,(-12 -73 -47 -7 55 41 12 3)
1969-12-31 18:00:16.092647514,(-18 16 -2 -3 -47 -55 -28 -30)
1969-12-31 18:00:16.093688174,(-6 11 10 -3 -25 -3 13 11)
1969-12-31 18:00:16.093688174,(36 82 61 31 34 12 -32 -27)
1969-12-31 18:00:16.115542035,(15 0 5 6 -20 -28 11 26)
1969-12-31 18:00:16.115542035,(-12 -49 -34 -48 -20 36 16 14)
1969-12-31 18:00:16.116582695,(7 -12 -39 6 7 -9 -43 -15)
1969-12-31 18:00:16.116582695,(-27 -22 7 4 13 -27 0 5)
1969-12-31 18:00:16.131151936,(-16 14 26 22 76 55 16 -11)
1969-12-31 18:00:16.131151936,(10 50 34 24 9 11 -18 -31)
1969-12-31 18:00:16.132192596,(32 -1 6 -10 -52 -24 17 35)
1969-12-31 18:00:16.132192596,(12 18 9 -1 -31 -17 0 26)
1969-12-31 18:00:16.164453059,(1 -29 -25 -10 19 17 23 -6)
1969-12-31 18:00:16.164453059,(-47 -47 -47 -26 -14 4 -17 -35)
1969-12-31 18:00:16.170697019,(1 -23 6 1 -12 -9 28 17)
1969-12-31 18:00:16.170697019,(-52 4 32 11 2 4 0 -3)
1969-12-31 18:00:16.179022300,(30 61 -3 9 33 25 6 33)
1969-12-31 18:00:16.179022300,(-15 20 34 24 7 -2 11 -16)
1969-12-31 18:00:16.179022300,(-9 -40 -25 -16 -10 -5 -14 -18)
1969-12-31 18:00:16.179022300,(-2 -6 -20 -15 -18 -12 17 12)
1969-12-31 18:00:16.193591541,(-4 -19 -12 1 -2 15 22 28)
1969-12-31 18:00:16.193591541,(19 -14 -22 -5 19 8 6 8)
1969-12-31 18:00:16.194632201,(23 -18 -35 -31 -24 -4 2 16)
1969-12-31 18:00:16.194632201,(-30 41 51 39 59 15 -7 -14)
1969-12-31 18:00:16.217526723,(-39 4 43 14 -16 -3 -35 -81)
1969-12-31 18:00:16.217526723,(35 52 -4 -15 -93 -76 -8 29)
1969-12-31 18:00:16.218567383,(-37 -12 8 2 24 11 13 -21)
1969-12-31 18:00:16.218567383,(-4 -37 -28 -15 -12 -3 -1 -4)
1969-12-31 18:00:16.241461904,(21 -3 -6 14 47 26 -3 -8)
1969-12-31 18:00:16.241461904,(4 -53 -45 -24 -18 -9 1 -18)
1969-12-31 18:00:16.241461904,(-58 -23 -1 -14 -15 -14 -28 -46)
1969-12-31 18:00:16.241461904,(-4 5 -17 4 30 43 15 6)
1969-12-31 18:00:16.256031145,(61 85 51 28 -4 -20 -1 47)
1969-12-31 18:00:16.256031145,(-38 -22 -5 -8 -5 -17 2 -26)
1969-12-31 18:00:16.257071806,(13 -15 -36 -18 5 6 -15 15)
1969-12-31 18:00:16.257071806,(8 -51 -32 -13 2 32 34 48)
1969-12-31 18:00:16.289332268,(-13 10 23 12 -30 -47 -51 -35)
1969-12-31 18:00:16.289332268,(-28 11 12 5 15 6 13 -45)
1969-12-31 18:00:16.290372928,(37 36 -4 -9 -6 14 18 32)
1969-12-31 18:00:16.290372928,(9 -70 -43 -18 -17 -21 -9 2)
1969-12-31 18:00:16.303901509,(-27 -32 -21 -18 -13 5 14 -6)
1969-12-31 18:00:16.303901509,(61 93 61 42 92 93 27 70)
1969-12-31 18:00:16.303901509,(-38 40 57 45 -6 -48 -26 -51)
1969-12-31 18:00:16.303901509,(61 -67 -69 -56 -69 -43 -14 9)
1969-12-31 18:00:16.319511410,(-6 44 10 3 23 22 26 40)
1969-12-31 18:00:16.319511410,(-66 -7 31 20 23 6 -36 -47)
1969-12-31 18:00:16.319511410,(77 24 14 24 58 43 29 85)
1969-12-31 18:00:16.319511410,(-16 6 -1 5 -35 -19 13 -21)
1969-12-31 18:00:16.342405932,(10 -60 -59 -54 -70 -41 6 9)
1969-12-31 18:00:16.342405932,(5 -29 -11 12 33 25 26 23)
1969-12-31 18:00:16.343446592,(24 42 24 0 0 3 -26 1)
1969-12-31 18:00:16.343446592,(-25 21 25 20 48 38 23 -9)
1969-12-31 18:00:16.366341114,(59 -2 -40 -17 -32 -37 -7 35)
1969-12-31 18:00:16.366341114,(-71 -23 56 12 2 -19 -17 -35)
1969-12-31 18:00:16.366341114,(-39 -18 -9 31 106 85 54 -18)
1969-12-31 18:00:16.366341114,(3 21 -3 -8 -94 -78 -48 -33)
1969-12-31 18:00:16.380910355,(-5 -46 -10 -19 -9 3 8 1)
1969-12-31 18:00:16.380910355,(10 75 34 6 -6 -14 -20 -15)
1969-12-31 18:00:16.381951015,(-6 -11 -20 -8 -17 -31 -23 -22)
1969-12-31 18:00:16.381951015,(16 64 78 43 71 58 19 13)
1969-12-31 18:00:16.404845536,(-77 -67 -27 1 8 11 2 -56)
1969-12-31 18:00:16.404845536,(21 -57 -57 -30 -49 -51 -40 -7)
1969-12-31 18:00:16.405886196,(13 -3 -6 -7 16 21 -10 10)
1969-12-31 18:00:16.405886196,(-6 11 -1 2 22 34 26 10)
1969-12-31 18:00:16.437105999,(16 24 -3 -15 -73 -60 -29 -38)
1969-12-31 18:00:16.437105999,(-22 -55 -19 -15 31 51 19 -10)
1969-12-31 18:00:16.438146659,(1 -4 -13 -9 -70 -66 -15 -7)
1969-12-31 18:00:16.438146659,(10 22 9 -7 -2 -7 -24 -11)
1969-12-31 18:00:16.452715900,(-37 -2 11 7 36 9 8 -10)
1969-12-31 18:00:16.452715900,(41 -32 -60 -8 18 21 22 35)
1969-12-31 18:00:16.453756560,(-13 28 49 8 -11 2 13 1)
1969-12-31 18:00:16.453756560,(-26 52 58 7 -8 -14 -9 -20)
1969-12-31 18:00:16.467285141,(8 23 16 11 20 9 -12 -5)
1969-12-31 18:00:16.467285141,(7 -31 -7 19 46 16 -4 5)
1969-12-31 18:00:16.468325801,(15 -37 -51 -62 -106 -44 11 27)
1969-12-31 18:00:16.468325801,(19 1 7 -15 -13 -31 -1 15)
1969-12-31 18:00:16.491220323,(-26 4 5 42 108 73 -14 -21)
1969-12-31 18:00:16.491220323,(31 3 -8 22 -3 -22 25 48)
1969-12-31 18:00:16.491220323,(-31 -19 0 3 7 -7 13 -14)
1969-12-31 18:00:16.491220323,(-36 -4 -12 -2 -28 7 -45 -81)
1969-12-31 18:00:16.505789564,(9 6 -9 -21 -14 -1 28 24)
1969-12-31 18:00:16.506830224,(-13 -22 -2 -3 -39 -25 -28 4)
1969-12-31 18:00:16.506830224,(1 12 5 -15 -3 10 14 -9)
1969-12-31 18:00:16.506830224,(-17 -17 -10 -12 -7 -2 8 15)
1969-12-31 18:00:16.529724745,(47 18 4 4 9 10 4 32)
1969-12-31 18:00:16.529724745,(-33 2 2 -10 -12 -9 -4 -26)
1969-12-31 18:00:16.530765405,(14 10 6 6 5 8 -8 0)
1969-12-31 18:00:16.530765405,(16 -1 -15 -19 -7 -7 -2 14)
1969-12-31 18:00:16.552619267,(20 1 8 21 10 -2 4 22)
1969-12-31 18:00:16.552619267,(-9 9 15 1 -2 1 1 -4)
1969-12-31 18:00:16.553659927,(13 -15 -17 -7 -12 -10 -29 -12)
1969-12-31 18:00:16.553659927,(-6 -4 -6 3 24 7 5 5)
1969-12-31 18:00:16.569269828,(16 4 -5 -30 -45 -18 -12 -9)
1969-12-31 18:00:16.569269828,(9 1 -7 -28 -15 -5 -1 4)
1969-12-31 18:00:16.570310488,(-5 8 20 26 29 15 -3 5)
1969-12-31 18:00:16.570310488,(-30 -2 -3 0 -2 -4 10 5)
1969-12-31 18:00:16.593205010,(-8 -6 7 -12 -26 2 -1 -9)
1969-12-31 18:00:16.593205010,(33 24 -2 32 30 -7 -5 11)
1969-12-31 18:00:16.594245670,(4 -16 -14 -5 -3 0 3 7)
1969-12-31 18:00:16.594245670,(-9 3 -4 -16 2 2 10 6)
1969-12-31 18:00:16.616099532,(6 12 8 -2 -10 -7 -10 1)
1969-12-31 18:00:16.616099532,(-23 -8 -3 0 -18 -1 18 12)
1969-12-31 18:00:16.616099532,(-24 -5 -1 0 14 7 7 2)
1969-12-31 18:00:16.616099532,(-15 -21 -17 -12 -13 -2 -11 -13)
1969-12-31 18:00:16.630668773,(2 6 -5 -8 -1 -3 6 -17)
1969-12-31 18:00:16.630668773,(-12 0 -5 -18 -14 -23 -2 23)
1969-12-31 18:00:16.638994053,(-22 -3 2 8 10 9 -17 -63)
1969-12-31 18:00:16.638994053,(11 8 1 -1 -11 -27 -2 20)
1969-12-31 18:00:16.654603955,(-26 -17 -2 5 9 5 15 3)
1969-12-31 18:00:16.654603955,(44 21 8 1 -1 13 14 19)
1969-12-31 18:00:16.655644615,(10 20 7 9 6 9 -2 5)
1969-12-31 18:00:16.655644615,(30 4 5 16 8 0 -7 4)
1969-12-31 18:00:16.678539136,(-45 -13 -5 2 -1 -14 -18 -41)
1969-12-31 18:00:16.678539136,(-35 -19 -7 -6 -7 -6 -25 -50)
1969-12-31 18:00:16.678539136,(21 5 3 1 11 8 -3 26)
1969-12-31 18:00:16.679579796,(12 -4 3 32 26 -4 2 -4)
1969-12-31 18:00:16.693108377,(7 12 3 1 2 21 6 23)
1969-12-31 18:00:16.693108377,(9 4 -2 -11 -20 -6 2 2)
1969-12-31 18:00:16.694149037,(-9 -15 -7 -7 2 26 -2 2)
1969-12-31 18:00:16.694149037,(-31 7 5 12 11 -8 20 2)
1969-12-31 18:00:16.726409500,(-8 -11 -5 -4 -10 -4 -9 -9)
1969-12-31 18:00:16.726409500,(21 20 10 0 1 -5 -2 -18)
1969-12-31 18:00:16.727450160,(36 -2 4 5 7 17 2 19)
1969-12-31 18:00:16.727450160,(2 -3 -14 -10 -14 -11 -20 -24)
1969-12-31 18:00:16.749304021,(23 -5 1 3 5 -13 6 27)
1969-12-31 18:00:16.749304021,(26 21 -3 -13 -11 9 -20 -9)
1969-12-31 18:00:16.749304021,(-91 -47 -14 0 -1 1 2 -52)
1969-12-31 18:00:16.750344681,(78 32 11 3 2 14 4 46)
1969-12-31 18:00:16.755547982,(3 -4 2 8 2 -33 -24 -27)
1969-12-31 18:00:16.755547982,(-33 -35 -17 -9 -7 -4 1 -2)
1969-12-31 18:00:16.756588642,(51 28 13 10 11 -6 15 63)
1969-12-31 18:00:16.756588642,(-28 -33 -17 -18 -26 -30 -16 -9)
1969-12-31 18:00:16.779483164,(-10 -3 -6 -15 -9 34 0 -9)
1969-12-31 18:00:16.779483164,(38 27 19 27 21 7 8 34)
1969-12-31 18:00:16.780523823,(-50 -43 -24 -10 -6 -6 -25 -45)
1969-12-31 18:00:16.780523823,(0 16 3 -1 -1 -10 27 4)
1969-12-31 18:00:16.803418344,(25 -3 -3 2 -1 -15 -9 14)
1969-12-31 18:00:16.803418344,(-35 -9 -5 -14 -16 -11 6 -4)
1969-12-31 18:00:16.804459005,(26 19 2 -18 -15 22 8 -13)
1969-12-31 18:00:16.804459005,(-44 -27 -9 26 24 6 -30 -69)
1969-12-31 18:00:16.817987586,(44 23 13 9 3 8 25 74)
1969-12-31 18:00:16.817987586,(14 -7 3 3 3 4 4 -15)
1969-12-31 18:00:16.826312867,(-5 -2 -13 -10 -13 -23 -9 1)
1969-12-31 18:00:16.826312867,(33 27 10 -7 -1 16 16 53)
1969-12-31 18:00:16.858573329,(-66 -23 -7 -4 -2 -7 -14 -60)
1969-12-31 18:00:16.858573329,(-14 -47 -14 -8 -3 3 -1 25)
1969-12-31 18:00:16.859613989,(57 37 24 18 10 -7 19 44)
1969-12-31 18:00:16.859613989,(-50 -23 -15 -16 -10 -4 -20 -68)
1969-12-31 18:00:16.882508511,(-23 2 -1 3 2 -3 -8 1)
1969-12-31 18:00:16.882508511,(37 27 9 3 0 6 12 21)
1969-12-31 18:00:16.883549171,(-31 -18 -4 -1 -5 -18 -16 -32)
1969-12-31 18:00:16.883549171,(19 14 11 7 11 19 22 43)
1969-12-31 18:00:16.884589831,(29 7 -2 -2 -2 3 4 10)
1969-12-31 18:00:16.884589831,(-30 -5 -4 -5 -5 -8 -11 -22)
1969-12-31 18:00:16.888752472,(21 9 2 4 3 -5 11 32)
1969-12-31 18:00:16.888752472,(-6 -3 -2 -4 -3 8 -5 -13)
1969-12-31 18:00:16.904362373,(-24 -11 -2 2 2 -4 -4 -8)
1969-12-31 18:00:16.904362373,(17 16 2 -1 0 0 -1 -2)
1969-12-31 18:00:16.905403033,(-11 7 1 2 2 -6 -1 -3)
1969-12-31 18:00:16.905403033,(-5 -18 -1 -1 0 6 5 8)
1969-12-31 18:00:16.927256894,(7 7 -12 -13 -8 -8 -12 -19)
1969-12-31 18:00:16.927256894,(8 2 7 4 4 4 1 3)
1969-12-31 18:00:16.928297554,(-25 -11 -3 0 1 -3 0 -2)
1969-12-31 18:00:16.928297554,(-10 -20 -22 -19 -7 -5 -8 -10)
1969-12-31 18:00:16.942866796,(7 15 26 16 7 5 6 18)
1969-12-31 18:00:16.942866796,(-2 12 15 22 7 3 -2 -6)
1969-12-31 18:00:16.951192076,(13 15 10 6 1 -4 2 5)
1969-12-31 18:00:16.951192076,(-3 -6 3 0 0 0 -4 -4)
1969-12-31 18:00:16.966801977,(-6 -13 -17 -10 -3 0 1 -2)
1969-12-31 18:00:16.966801977,(-7 0 -8 -10 -5 -3 -2 -10)
1969-12-31 18:00:16.967842637,(-10 -18 -9 -4 -4 -6 -6 -16)
1969-12-31 18:00:16.967842637,(6 1 -10 -5 -1 1 1 7)
1969-12-31 18:00:16.990737159,(10 8 10 1 4 3 2 5)
1969-12-31 18:00:16.990737159,(-15 4 2 -2 -2 -2 -1 -5)
1969-12-31 18:00:16.990737159,(7 2 -7 -2 -1 -1 1 6)
1969-12-31 18:00:16.990737159,(-3 -23 -10 -5 -3 -1 -3 -4)
1969-12-31 18:00:17.014672341,(-4 5 -4 4 -1 -1 1 -2)
1969-12-31 18:00:17.015713001,(6 19 7 -1 0 -1 2 1)
1969-12-31 18:00:17.015713001,(-15 -10 -7 -8 -4 -5 -4 -7)
1969-12-31 18:00:17.015713001,(5 8 6 5 1 1 3 -2)
1969-12-31 18:00:17.029241582,(-12 -20 -10 -4 -3 -3 -2 -5)
1969-12-31 18:00:17.029241582,(-6 -9 -15 -6 -2 -2 -5 -9)
1969-12-31 18:00:17.030282242,(6 -7 -13 -10 -3 -2 -3 7)
1969-12-31 18:00:17.030282242,(6 34 35 13 1 -4 -5 -2)
1969-12-31 18:00:17.053176764,(1 4 5 6 4 3 2 2)
1969-12-31 18:00:17.053176764,(3 26 24 4 1 4 4 0)
1969-12-31 18:00:17.054217424,(0 -8 -3 -1 -1 -3 3 5)
1969-12-31 18:00:17.054217424,(-4 -8 -11 -6 -2 -3 1 0)
1969-12-31 18:00:17.067746005,(6 2 -7 -4 0 -1 -6 2)
1969-12-31 18:00:17.067746005,(-10 -24 -10 -6 -2 -4 -8 -5)
1969-12-31 18:00:17.076071285,(0 7 4 3 -1 3 7 3)
1969-12-31 18:00:17.076071285,(-6 23 28 14 7 2 -4 -6)
1969-12-31 18:00:17.091681186,(-1 -5 1 -4 -4 -3 -2 -6)
1969-12-31 18:00:17.091681186,(-3 -16 -16 -7 0 -1 3 2)
1969-12-31 18:00:17.092721846,(5 9 3 2 -2 -8 -13 -3)
1969-12-31 18:00:17.092721846,(1 -21 -12 1 1 3 5 5)
1969-12-31 18:00:17.115616368,(3 15 -9 -5 -3 -1 -2 4)
1969-12-31 18:00:17.115616368,(-10 -4 1 -6 -2 -3 -1 -8)
1969-12-31 18:00:17.116657028,(-7 -53 -22 -1 1 0 1 2)
1969-12-31 18:00:17.116657028,(4 36 14 -4 -3 -3 -7 -4)
1969-12-31 18:00:17.130185609,(0 -1 1 7 3 2 13 2)
1969-12-31 18:00:17.130185609,(3 5 2 5 5 7 -15 -2)
1969-12-31 18:00:17.138510890,(-5 8 8 -2 -7 -3 6 3)
1969-12-31 18:00:17.138510890,(-2 -19 -19 -8 -4 -3 -3 -2)
1969-12-31 18:00:17.155161451,(0 -7 -1 -6 -3 -3 -6 -3)
1969-12-31 18:00:17.155161451,(0 9 9 -1 -2 -2 4 1)
1969-12-31 18:00:17.156202111,(-2 -8 -3 -1 3 4 -1 -2)
1969-12-31 18:00:17.156202111,(-2 -19 -26 -9 -4 -3 -2 0)
1969-12-31 18:00:17.178055973,(5 36 27 11 3 0 2 0)
1969-12-31 18:00:17.178055973,(3 2 6 10 4 3 2 2)
1969-12-31 18:00:17.179096633,(-7 -9 -6 -6 -5 -1 -5 -8)
1969-12-31 18:00:17.179096633,(2 -18 -19 -10 -10 -4 0 -1)
1969-12-31 18:00:17.201991154,(-6 -8 -6 0 3 0 -7 -4)
1969-12-31 18:00:17.201991154,(5 15 0 6 -1 0 2 2)
1969-12-31 18:00:17.201991154,(0 -1 1 0 -2 2 -1 -3)
1969-12-31 18:00:17.201991154,(-5 2 9 3 3 4 -4 -2)
1969-12-31 18:00:17.216560395,(1 -18 -12 -8 -5 -1 0 2)
1969-12-31 18:00:17.216560395,(-7 -14 -12 -11 -8 -4 -4 -7)
1969-12-31 18:00:17.217601056,(1 10 4 -2 0 -1 0 -2)
1969-12-31 18:00:17.217601056,(9 10 15 6 1 1 -2 0)
1969-12-31 18:00:17.240495577,(0 -4 -7 0 -3 3 -2 -4)
1969-12-31 18:00:17.240495577,(-12 -23 5 3 -1 1 -3 -2)
1969-12-31 18:00:17.241536237,(1 16 18 5 -2 1 -3 -5)
1969-12-31 18:00:17.241536237,(-1 22 15 5 0 1 -2 -2)
1969-12-31 18:00:17.264430759,(-12 -43 -19 -6 -3 -1 -1 1)
1969-12-31 18:00:17.264430759,(-3 4 0 -5 -1 -2 5 2)
1969-12-31 18:00:17.265471419,(3 -21 -19 -10 -2 -2 -2 2)
1969-12-31 18:00:17.265471419,(7 26 15 9 1 -2 -1 2)
1969-12-31 18:00:17.279000000,(3 -3 0 6 5 3 7 8)
1969-12-31 18:00:17.279000000,(-2 8 -6 -3 -2 -4 4 4)
