timestamp,_header,_orientation,_orientation_covariance,_angular_velocity,_angular_velocity_covariance,_linear_acceleration,_linear_acceleration_covariance,_check_fields,time,orientation,angular_velocity,linear_acceleration
5773999812,"std_msgs.msg.Header(stamp=builtin_interfaces.msg.Time(sec=1731185770, nanosec=433710318), frame_id='RL_myo')","geometry_msgs.msg.Quaternion(x=-0.7342750331033179, y=-0.5350058133308689, z=0.1033270410642438, w=-0.4048857592558732)",[0. 0. 0. 0. 0. 0. 0. 0. 0.],"geometry_msgs.msg.Vector3(x=14.5, y=-5.4375, z=-4.8125)",[0. 0. 0. 0. 0. 0. 0. 0. 0.],"geometry_msgs.msg.Vector3(x=0.5703125, y=0.64013671875, z=0.404296875)",[0. 0. 0. 0. 0. 0. 0. 0. 0.],False,5.773999812,"[-0.7342750331033179, -0.5350058133308689, 0.1033270410642438, -0.4048857592558732]","[14.5, -5.4375, -4.8125]","[0.5703125, 0.64013671875, 0.404296875]"
5788218481,"std_msgs.msg.Header(stamp=builtin_interfaces.msg.Time(sec=1731185770, nanosec=448091413), frame_id='RL_myo')","geometry_msgs.msg.Quaternion(x=-0.7327054017519928, y=-0.5376428058336781, z=0.10241396619240682, w=-0.4044680297717998)",[0. 0. 0. 0. 0. 0. 0. 0. 0.],"geometry_msgs.msg.Vector3(x=19.3125, y=-5.3125, z=-3.625)",[0. 0. 0. 0. 0. 0. 0. 0. 0.],"geometry_msgs.msg.Vector3(x=0.5634765625, y=0.65771484375, z=0.40625)",[0. 0. 0. 0. 0. 0. 0. 0. 0.],False,5.788218481,"[-0.7327054017519928, -0.5376428058336781, 0.10241396619240682, -0.4044680297717998]","[19.3125, -5.3125, -3.625]","[0.5634765625, 0.65771484375, 0.40625]"
5811382015,"std_msgs.msg.Header(stamp=builtin_interfaces.msg.Time(sec=1731185770, nanosec=471312217), frame_id='RL_myo')","geometry_msgs.msg.Quaternion(x=-0.7307405888643268, y=-0.5414792035750695, z=0.10131373736864466, w=-0.40317984882967867)",[0. 0. 0. 0. 0. 0. 0. 0. 0.],"geometry_msgs.msg.Vector3(x=25.5, y=-10.0625, z=-8.0)",[0. 0. 0. 0. 0. 0. 0. 0. 0.],"geometry_msgs.msg.Vector3(x=0.59814453125, y=0.68798828125, z=0.41748046875)",[0. 0. 0. 0. 0. 0. 0. 0. 0.],False,5.811382015,"[-0.7307405888643268, -0.5414792035750695, 0.10131373736864466, -0.40317984882967867]","[25.5, -10.0625, -8.0]","[0.59814453125, 0.68798828125, 0.41748046875]"
5834621825,"std_msgs.msg.Header(stamp=builtin_interfaces.msg.Time(sec=1731185770, nanosec=494391325), frame_id='RL_myo')","geometry_msgs.msg.Quaternion(x=-0.7296035694143891, y=-0.5456463033766638, z=0.099668950046319, w=-0.4000185539519747)",[0. 0. 0. 0. 0. 0. 0. 0. 0.],"geometry_msgs.msg.Vector3(x=27.0625, y=-13.25, z=-23.8125)",[0. 0. 0. 0. 0. 0. 0. 0. 0.],"geometry_msgs.msg.Vector3(x=0.666015625, y=0.68017578125, z=0.44189453125)",[0. 0. 0. 0. 0. 0. 0. 0. 0.],False,5.834621825,"[-0.7296035694143891, -0.5456463033766638, 0.099668950046319, -0.4000185539519747]","[27.0625, -13.25, -23.8125]","[0.666015625, 0.68017578125, 0.44189453125]"
5856393818,"std_msgs.msg.Header(stamp=builtin_interfaces.msg.Time(sec=1731185770, nanosec=516223573), frame_id='RL_myo')","geometry_msgs.msg.Quaternion(x=-0.7295957229478873, y=-0.5500958884832949, z=0.09539552576271941, w=-0.39494846270669054)",[0. 0. 0. 0. 0. 0. 0. 0. 0.],"geometry_msgs.msg.Vector3(x=28.1875, y=-7.6875, z=-42.75)",[0. 0. 0. 0. 0. 0. 0. 0. 0.],"geometry_msgs.msg.Vector3(x=0.6826171875, y=0.72607421875, z=0.431640625)",[0. 0. 0. 0. 0. 0. 0. 0. 0.],False,5.856393818,"[-0.7295957229478873, -0.5500958884832949, 0.09539552576271941, -0.39494846270669054]","[28.1875, -7.6875, -42.75]","[0.6826171875, 0.72607421875, 0.431640625]"
5871555990,"std_msgs.msg.Header(stamp=builtin_interfaces.msg.Time(sec=1731185770, nanosec=531410415), frame_id='RL_myo')","geometry_msgs.msg.Quaternion(x=-0.729703167652024, y=-0.5550895207255904, z=0.0877035339508162, w=-0.389508666439881)",[0. 0. 0. 0. 0. 0. 0. 0. 0.],"geometry_msgs.msg.Vector3(x=35.1875, y=6.125, z=-55.375)",[0. 0. 0. 0. 0. 0. 0. 0. 0.],"geometry_msgs.msg.Vector3(x=0.744140625, y=0.8515625, z=0.42919921875)",[0. 0. 0. 0. 0. 0. 0. 0. 0.],False,5.87155599,"[-0.729703167652024, -0.5550895207255904, 0.0877035339508162, -0.389508666439881]","[35.1875, 6.125, -55.375]","[0.744140625, 0.8515625, 0.42919921875]"
5894133103,"std_msgs.msg.Header(stamp=builtin_interfaces.msg.Time(sec=1731185770, nanosec=553811112), frame_id='RL_myo')","geometry_msgs.msg.Quaternion(x=-0.7300222021934241, y=-0.5598606856216268, z=0.0756815927363804, w=-0.3845723514773652)",[0. 0. 0. 0. 0. 0. 0. 0. 0.],"geometry_msgs.msg.Vector3(x=42.8125, y=28.6875, z=-70.875)",[0. 0. 0. 0. 0. 0. 0. 0. 0.],"geometry_msgs.msg.Vector3(x=0.90966796875, y=1.04541015625, z=0.48779296875)",[0. 0. 0. 0. 0. 0. 0. 0. 0.],False,5.894133103,"[-0.7300222021934241, -0.5598606856216268, 0.0756815927363804, -0.3845723514773652]","[42.8125, 28.6875, -70.875]","[0.90966796875, 1.04541015625, 0.48779296875]"
5914991507,"std_msgs.msg.Header(stamp=builtin_interfaces.msg.Time(sec=1731185770, nanosec=574749974), frame_id='RL_myo')","geometry_msgs.msg.Quaternion(x=-0.732568795770191, y=-0.5625942813804565, z=0.05682092384087709, w=-0.3789485672696089)",[0. 0. 0. 0. 0. 0. 0. 0. 0.],"geometry_msgs.msg.Vector3(x=34.875, y=61.8125, z=-92.6875)",[0. 0. 0. 0. 0. 0. 0. 0. 0.],"geometry_msgs.msg.Vector3(x=0.89013671875, y=1.310546875, z=0.47216796875)",[0. 0. 0. 0. 0. 0. 0. 0. 0.],False,5.914991507,"[-0.732568795770191, -0.5625942813804565, 0.05682092384087709, -0.3789485672696089]","[34.875, 61.8125, -92.6875]","[0.89013671875, 1.310546875, 0.47216796875]"
5932356841,"std_msgs.msg.Header(stamp=builtin_interfaces.msg.Time(sec=1731185770, nanosec=592145903), frame_id='RL_myo')","geometry_msgs.msg.Quaternion(x=-0.7384103304983048, y=-0.5605058662117887, z=0.03136977517779392, w=-0.3736298903471876)",[0. 0. 0. 0. 0. 0. 0. 0. 0.],"geometry_msgs.msg.Vector3(x=22.5, y=97.8125, z=-114.3125)",[0. 0. 0. 0. 0. 0. 0. 0. 0.],"geometry_msgs.msg.Vector3(x=0.740234375, y=1.517578125, z=0.43505859375)",[0. 0. 0. 0. 0. 0. 0. 0. 0.],False,5.932356841,"[-0.7384103304983048, -0.5605058662117887, 0.03136977517779392, -0.3736298903471876]","[22.5, 97.8125, -114.3125]","[0.740234375, 1.517578125, 0.43505859375]"
5959807068,"std_msgs.msg.Header(stamp=builtin_interfaces.msg.Time(sec=1731185770, nanosec=619630101), frame_id='RL_myo')","geometry_msgs.msg.Quaternion(x=-0.7474037919693177, y=-0.55417494945953, z=0.00036619490052391853, w=-0.3664390304576012)",[0. 0. 0. 0. 0. 0. 0. 0. 0.],"geometry_msgs.msg.Vector3(x=4.9375, y=123.5625, z=-144.125)",[0. 0. 0. 0. 0. 0. 0. 0. 0.],"geometry_msgs.msg.Vector3(x=0.43603515625, y=1.47705078125, z=0.361328125)",[0. 0. 0. 0. 0. 0. 0. 0. 0.],False,5.959807068,"[-0.7474037919693177, -0.55417494945953, 0.00036619490052391853, -0.3664390304576012]","[4.9375, 123.5625, -144.125]","[0.43603515625, 1.47705078125, 0.361328125]"
5978356365,"std_msgs.msg.Header(stamp=builtin_interfaces.msg.Time(sec=1731185770, nanosec=638148836), frame_id='RL_myo')","geometry_msgs.msg.Quaternion(x=-0.7580671938621026, y=-0.543420843261264, z=-0.032712665317614284, w=-0.3591069453896314)",[0. 0. 0. 0. 0. 0. 0. 0. 0.],"geometry_msgs.msg.Vector3(x=-16.6875, y=140.9375, z=-153.125)",[0. 0. 0. 0. 0. 0. 0. 0. 0.],"geometry_msgs.msg.Vector3(x=0.17822265625, y=1.392578125, z=0.26123046875)",[0. 0. 0. 0. 0. 0. 0. 0. 0.],False,5.978356365,"[-0.7580671938621026, -0.543420843261264, -0.032712665317614284, -0.3591069453896314]","[-16.6875, 140.9375, -153.125]","[0.17822265625, 1.392578125, 0.26123046875]"
5991304318,"std_msgs.msg.Header(stamp=builtin_interfaces.msg.Time(sec=1731185770, nanosec=651101284), frame_id='RL_myo')","geometry_msgs.msg.Quaternion(x=-0.7664488774390582, y=-0.5334869913756018, z=-0.06921110264499857, w=-0.3509381306955395)",[0. 0. 0. 0. 0. 0. 0. 0. 0.],"geometry_msgs.msg.Vector3(x=1.125, y=151.625, z=-163.25)",[0. 0. 0. 0. 0. 0. 0. 0. 0.],"geometry_msgs.msg.Vector3(x=0.06884765625, y=1.31298828125, z=0.22021484375)",[0. 0. 0. 0. 0. 0. 0. 0. 0.],False,5.991304318,"[-0.7664488774390582, -0.5334869913756018, -0.06921110264499857, -0.3509381306955395]","[1.125, 151.625, -163.25]","[0.06884765625, 1.31298828125, 0.22021484375]"
6014027915,"std_msgs.msg.Header(stamp=builtin_interfaces.msg.Time(sec=1731185770, nanosec=673824842), frame_id='RL_myo')","geometry_msgs.msg.Quaternion(x=-0.7709783543161219, y=-0.5269654141201232, z=-0.1104710909841815, w=-0.34014109947781407)",[0. 0. 0. 0. 0. 0. 0. 0. 0.],"geometry_msgs.msg.Vector3(x=42.0, y=158.625, z=-181.5)",[0. 0. 0. 0. 0. 0. 0. 0. 0.],"geometry_msgs.msg.Vector3(x=-0.00244140625, y=1.09765625, z=0.32470703125)",[0. 0. 0. 0. 0. 0. 0. 0. 0.],False,6.014027915,"[-0.7709783543161219, -0.5269654141201232, -0.1104710909841815, -0.34014109947781407]","[42.0, 158.625, -181.5]","[-0.00244140625, 1.09765625, 0.32470703125]"
6035142648,"std_msgs.msg.Header(stamp=builtin_interfaces.msg.Time(sec=1731185770, nanosec=694874472), frame_id='RL_myo')","geometry_msgs.msg.Quaternion(x=-0.7680796044952148, y=-0.5274940025150688, z=-0.15770502169373343, w=-0.32700600086494724)",[0. 0. 0. 0. 0. 0. 0. 0. 0.],"geometry_msgs.msg.Vector3(x=111.1875, y=168.3125, z=-191.25)",[0. 0. 0. 0. 0. 0. 0. 0. 0.],"geometry_msgs.msg.Vector3(x=-0.14111328125, y=0.95751953125, z=0.38037109375)",[0. 0. 0. 0. 0. 0. 0. 0. 0.],False,6.035142648,"[-0.7680796044952148, -0.5274940025150688, -0.15770502169373343, -0.32700600086494724]","[111.1875, 168.3125, -191.25]","[-0.14111328125, 0.95751953125, 0.38037109375]"
6051985473,"std_msgs.msg.Header(stamp=builtin_interfaces.msg.Time(sec=1731185770, nanosec=711603112), frame_id='RL_myo')","geometry_msgs.msg.Quaternion(x=-0.7616664565662025, y=-0.5291384758356551, z=-0.20726116077714934, w=-0.31131895792822106)",[0. 0. 0. 0. 0. 0. 0. 0. 0.],"geometry_msgs.msg.Vector3(x=133.4375, y=170.9375, z=-198.6875)",[0. 0. 0. 0. 0. 0. 0. 0. 0.],"geometry_msgs.msg.Vector3(x=-0.40576171875, y=0.919921875, z=0.32470703125)",[0. 0. 0. 0. 0. 0. 0. 0. 0.],False,6.051985473,"[-0.7616664565662025, -0.5291384758356551, -0.20726116077714934, -0.31131895792822106]","[133.4375, 170.9375, -198.6875]","[-0.40576171875, 0.919921875, 0.32470703125]"
6074037975,"std_msgs.msg.Header(stamp=builtin_interfaces.msg.Time(sec=1731185770, nanosec=733803184), frame_id='RL_myo')","geometry_msgs.msg.Quaternion(x=-0.7524628872992992, y=-0.532686842432337, z=-0.2546863191418587, w=-0.29185477549397754)",[0. 0. 0. 0. 0. 0. 0. 0. 0.],"geometry_msgs.msg.Vector3(x=151.0625, y=149.5, z=-198.8125)",[0. 0. 0. 0. 0. 0. 0. 0. 0.],"geometry_msgs.msg.Vector3(x=-0.66357421875, y=0.9169921875, z=0.267578125)",[0. 0. 0. 0. 0. 0. 0. 0. 0.],False,6.074037975,"[-0.7524628872992992, -0.532686842432337, -0.2546863191418587, -0.29185477549397754]","[151.0625, 149.5, -198.8125]","[-0.66357421875, 0.9169921875, 0.267578125]"
6095193704,"std_msgs.msg.Header(stamp=builtin_interfaces.msg.Time(sec=1731185770, nanosec=754989172), frame_id='RL_myo')","geometry_msgs.msg.Quaternion(x=-0.7419039899783725, y=-0.5350668213343527, z=-0.29997187485551996, w=-0.27073758633959033)",[0. 0. 0. 0. 0. 0. 0. 0. 0.],"geometry_msgs.msg.Vector3(x=150.0, y=139.1875, z=-197.8125)",[0. 0. 0. 0. 0. 0. 0. 0. 0.],"geometry_msgs.msg.Vector3(x=-0.814453125, y=0.98388671875, z=0.28857421875)",[0. 0. 0. 0. 0. 0. 0. 0. 0.],False,6.095193704,"[-0.7419039899783725, -0.5350668213343527, -0.29997187485551996, -0.27073758633959033]","[150.0, 139.1875, -197.8125]","[-0.814453125, 0.98388671875, 0.28857421875]"
6112296865,"std_msgs.msg.Header(stamp=builtin_interfaces.msg.Time(sec=1731185770, nanosec=772073706), frame_id='RL_myo')","geometry_msgs.msg.Quaternion(x=-0.731699339210809, y=-0.5331658543119215, z=-0.34476349713919924, w=-0.24796850573138016)",[0. 0. 0. 0. 0. 0. 0. 0. 0.],"geometry_msgs.msg.Vector3(x=135.25, y=139.5, z=-210.75)",[0. 0. 0. 0. 0. 0. 0. 0. 0.],"geometry_msgs.msg.Vector3(x=-0.89599609375, y=0.857421875, z=0.3642578125)",[0. 0. 0. 0. 0. 0. 0. 0. 0.],False,6.112296865,"[-0.731699339210809, -0.5331658543119215, -0.34476349713919924, -0.24796850573138016]","[135.25, 139.5, -210.75]","[-0.89599609375, 0.857421875, 0.3642578125]"
6133987076,"std_msgs.msg.Header(stamp=builtin_interfaces.msg.Time(sec=1731185770, nanosec=793694118), frame_id='RL_myo')","geometry_msgs.msg.Quaternion(x=-0.7187057254071986, y=-0.5314614008870486, z=-0.3857794573963062, w=-0.22844051717044364)",[0. 0. 0. 0. 0. 0. 0. 0. 0.],"geometry_msgs.msg.Vector3(x=133.9375, y=139.6875, z=-181.25)",[0. 0. 0. 0. 0. 0. 0. 0. 0.],"geometry_msgs.msg.Vector3(x=-0.9521484375, y=0.76318359375, z=0.36669921875)",[0. 0. 0. 0. 0. 0. 0. 0. 0.],False,6.133987076,"[-0.7187057254071986, -0.5314614008870486, -0.3857794573963062, -0.22844051717044364]","[133.9375, 139.6875, -181.25]","[-0.9521484375, 0.76318359375, 0.36669921875]"
6155056952,"std_msgs.msg.Header(stamp=builtin_interfaces.msg.Time(sec=1731185770, nanosec=814897775), frame_id='RL_myo')","geometry_msgs.msg.Quaternion(x=-0.7025475715705737, y=-0.5309235796275233, z=-0.42332290473577444, w=-0.21294313936319448)",[0. 0. 0. 0. 0. 0. 0. 0. 0.],"geometry_msgs.msg.Vector3(x=137.4375, y=145.1875, z=-148.25)",[0. 0. 0. 0. 0. 0. 0. 0. 0.],"geometry_msgs.msg.Vector3(x=-0.87890625, y=0.62548828125, z=0.4599609375)",[0. 0. 0. 0. 0. 0. 0. 0. 0.],False,6.155056952,"[-0.7025475715705737, -0.5309235796275233, -0.42332290473577444, -0.21294313936319448]","[137.4375, 145.1875, -148.25]","[-0.87890625, 0.62548828125, 0.4599609375]"
6171959085,"std_msgs.msg.Header(stamp=builtin_interfaces.msg.Time(sec=1731185770, nanosec=831685568), frame_id='RL_myo')","geometry_msgs.msg.Quaternion(x=-0.6873350064297159, y=-0.5287755723412412, z=-0.4554158957537329, w=-0.2014034382186168)",[0. 0. 0. 0. 0. 0. 0. 0. 0.],"geometry_msgs.msg.Vector3(x=111.5625, y=136.1875, z=-121.25)",[0. 0. 0. 0. 0. 0. 0. 0. 0.],"geometry_msgs.msg.Vector3(x=-0.8408203125, y=0.51611328125, z=0.44677734375)",[0. 0. 0. 0. 0. 0. 0. 0. 0.],False,6.171959085,"[-0.6873350064297159, -0.5287755723412412, -0.4554158957537329, -0.2014034382186168]","[111.5625, 136.1875, -121.25]","[-0.8408203125, 0.51611328125, 0.44677734375]"
6194077003,"std_msgs.msg.Header(stamp=builtin_interfaces.msg.Time(sec=1731185770, nanosec=853793866), frame_id='RL_myo')","geometry_msgs.msg.Quaternion(x=-0.6728719561680157, y=-0.5279832465133336, z=-0.48050076289440247, w=-0.1938969800222935)",[0. 0. 0. 0. 0. 0. 0. 0. 0.],"geometry_msgs.msg.Vector3(x=96.8125, y=118.25, z=-82.5625)",[0. 0. 0. 0. 0. 0. 0. 0. 0.],"geometry_msgs.msg.Vector3(x=-0.77490234375, y=0.4443359375, z=0.451171875)",[0. 0. 0. 0. 0. 0. 0. 0. 0.],False,6.194077003,"[-0.6728719561680157, -0.5279832465133336, -0.48050076289440247, -0.1938969800222935]","[96.8125, 118.25, -82.5625]","[-0.77490234375, 0.4443359375, 0.451171875]"
6215044953,"std_msgs.msg.Header(stamp=builtin_interfaces.msg.Time(sec=1731185770, nanosec=874836070), frame_id='RL_myo')","geometry_msgs.msg.Quaternion(x=-0.6619729167259863, y=-0.5287971003608654, z=-0.4966322721186936, w=-0.1884724660565965)",[0. 0. 0. 0. 0. 0. 0. 0. 0.],"geometry_msgs.msg.Vector3(x=97.125, y=90.3125, z=-25.5625)",[0. 0. 0. 0. 0. 0. 0. 0. 0.],"geometry_msgs.msg.Vector3(x=-0.65771484375, y=0.33642578125, z=0.42724609375)",[0. 0. 0. 0. 0. 0. 0. 0. 0.],False,6.215044953,"[-0.6619729167259863, -0.5287971003608654, -0.4966322721186936, -0.1884724660565965]","[97.125, 90.3125, -25.5625]","[-0.65771484375, 0.33642578125, 0.42724609375]"
6231599368,"std_msgs.msg.Header(stamp=builtin_interfaces.msg.Time(sec=1731185770, nanosec=891310951), frame_id='RL_myo')","geometry_msgs.msg.Quaternion(x=-0.6475304593194461, y=-0.5395680292971935, z=-0.504536692478215, w=-0.18711860398429989)",[0. 0. 0. 0. 0. 0. 0. 0. 0.],"geometry_msgs.msg.Vector3(x=103.125, y=59.0, z=23.0)",[0. 0. 0. 0. 0. 0. 0. 0. 0.],"geometry_msgs.msg.Vector3(x=-0.533203125, y=0.267578125, z=0.37158203125)",[0. 0. 0. 0. 0. 0. 0. 0. 0.],False,6.231599368,"[-0.6475304593194461, -0.5395680292971935, -0.504536692478215, -0.18711860398429989]","[103.125, 59.0, 23.0]","[-0.533203125, 0.267578125, 0.37158203125]"
6254945772,"std_msgs.msg.Header(stamp=builtin_interfaces.msg.Time(sec=1731185770, nanosec=914663673), frame_id='RL_myo')","geometry_msgs.msg.Quaternion(x=-0.6367578364211458, y=-0.5523491248549189, z=-0.5042550795084354, w=-0.18755457024079183)",[0. 0. 0. 0. 0. 0. 0. 0. 0.],"geometry_msgs.msg.Vector3(x=95.9375, y=27.6875, z=66.5)",[0. 0. 0. 0. 0. 0. 0. 0. 0.],"geometry_msgs.msg.Vector3(x=-0.3740234375, y=0.259765625, z=0.23779296875)",[0. 0. 0. 0. 0. 0. 0. 0. 0.],False,6.254945772,"[-0.6367578364211458, -0.5523491248549189, -0.5042550795084354, -0.18755457024079183]","[95.9375, 27.6875, 66.5]","[-0.3740234375, 0.259765625, 0.23779296875]"
6274988468,"std_msgs.msg.Header(stamp=builtin_interfaces.msg.Time(sec=1731185770, nanosec=934966571), frame_id='RL_myo')","geometry_msgs.msg.Quaternion(x=-0.6258742856774872, y=-0.5702138908907618, z=-0.4963051868483009, w=-0.19188188729107944)",[0. 0. 0. 0. 0. 0. 0. 0. 0.],"geometry_msgs.msg.Vector3(x=79.5625, y=-2.25, z=105.875)",[0. 0. 0. 0. 0. 0. 0. 0. 0.],"geometry_msgs.msg.Vector3(x=-0.255859375, y=0.34326171875, z=0.00537109375)",[0. 0. 0. 0. 0. 0. 0. 0. 0.],False,6.274988468,"[-0.6258742856774872, -0.5702138908907618, -0.4963051868483009, -0.19188188729107944]","[79.5625, -2.25, 105.875]","[-0.255859375, 0.34326171875, 0.00537109375]"
6292007758,"std_msgs.msg.Header(stamp=builtin_interfaces.msg.Time(sec=1731185770, nanosec=951750754), frame_id='RL_myo')","geometry_msgs.msg.Quaternion(x=-0.6162219236008352, y=-0.5917488136311476, z=-0.48097900167358437, w=-0.19688342334716194)",[0. 0. 0. 0. 0. 0. 0. 0. 0.],"geometry_msgs.msg.Vector3(x=77.5, y=-34.875, z=140.4375)",[0. 0. 0. 0. 0. 0. 0. 0. 0.],"geometry_msgs.msg.Vector3(x=-0.21923828125, y=0.4853515625, z=-0.0869140625)",[0. 0. 0. 0. 0. 0. 0. 0. 0.],False,6.292007758,"[-0.6162219236008352, -0.5917488136311476, -0.48097900167358437, -0.19688342334716194]","[77.5, -34.875, 140.4375]","[-0.21923828125, 0.4853515625, -0.0869140625]"
6314082032,"std_msgs.msg.Header(stamp=builtin_interfaces.msg.Time(sec=1731185770, nanosec=973983810), frame_id='RL_myo')","geometry_msgs.msg.Quaternion(x=-0.6028619876271512, y=-0.618607927372829, z=-0.4638338839812056, w=-0.1968242468209721)",[0. 0. 0. 0. 0. 0. 0. 0. 0.],"geometry_msgs.msg.Vector3(x=120.8125, y=-55.3125, z=143.125)",[0. 0. 0. 0. 0. 0. 0. 0. 0.],"geometry_msgs.msg.Vector3(x=-0.00390625, y=0.70751953125, z=-0.17919921875)",[0. 0. 0. 0. 0. 0. 0. 0. 0.],False,6.314082032,"[-0.6028619876271512, -0.618607927372829, -0.4638338839812056, -0.1968242468209721]","[120.8125, -55.3125, 143.125]","[-0.00390625, 0.70751953125, -0.17919921875]"
6335170580,"std_msgs.msg.Header(stamp=builtin_interfaces.msg.Time(sec=1731185770, nanosec=995008515), frame_id='RL_myo')","geometry_msgs.msg.Quaternion(x=-0.5869457943321058, y=-0.6456586833980812, z=-0.4508441907800006, w=-0.1880399284950835)",[0. 0. 0. 0. 0. 0. 0. 0. 0.],"geometry_msgs.msg.Vector3(x=160.9375, y=-65.8125, z=96.0)",[0. 0. 0. 0. 0. 0. 0. 0. 0.],"geometry_msgs.msg.Vector3(x=0.33544921875, y=0.85791015625, z=-0.09033203125)",[0. 0. 0. 0. 0. 0. 0. 0. 0.],False,6.33517058,"[-0.5869457943321058, -0.6456586833980812, -0.4508441907800006, -0.1880399284950835]","[160.9375, -65.8125, 96.0]","[0.33544921875, 0.85791015625, -0.09033203125]"
6351348872,"std_msgs.msg.Header(stamp=builtin_interfaces.msg.Time(sec=1731185771, nanosec=11231558), frame_id='RL_myo')","geometry_msgs.msg.Quaternion(x=-0.5698631325978117, y=-0.6700179361313888, z=-0.44065672243292286, w=-0.1793143283251977)",[0. 0. 0. 0. 0. 0. 0. 0. 0.],"geometry_msgs.msg.Vector3(x=158.5, y=-51.5, z=78.0625)",[0. 0. 0. 0. 0. 0. 0. 0. 0.],"geometry_msgs.msg.Vector3(x=0.51318359375, y=0.76513671875, z=-0.12646484375)",[0. 0. 0. 0. 0. 0. 0. 0. 0.],False,6.351348872,"[-0.5698631325978117, -0.6700179361313888, -0.44065672243292286, -0.1793143283251977]","[158.5, -51.5, 78.0625]","[0.51318359375, 0.76513671875, -0.12646484375]"
6374089520,"std_msgs.msg.Header(stamp=builtin_interfaces.msg.Time(sec=1731185771, nanosec=33850722), frame_id='RL_myo')","geometry_msgs.msg.Quaternion(x=-0.5538065451873797, y=-0.6904577304060863, z=-0.42869045331674616, w=-0.18108265589276565)",[0. 0. 0. 0. 0. 0. 0. 0. 0.],"geometry_msgs.msg.Vector3(x=110.5625, y=-16.5, z=109.1875)",[0. 0. 0. 0. 0. 0. 0. 0. 0.],"geometry_msgs.msg.Vector3(x=0.47802734375, y=0.7265625, z=-0.32177734375)",[0. 0. 0. 0. 0. 0. 0. 0. 0.],False,6.37408952,"[-0.5538065451873797, -0.6904577304060863, -0.42869045331674616, -0.18108265589276565]","[110.5625, -16.5, 109.1875]","[0.47802734375, 0.7265625, -0.32177734375]"
6394937698,"std_msgs.msg.Header(stamp=builtin_interfaces.msg.Time(sec=1731185771, nanosec=54852107), frame_id='RL_myo')","geometry_msgs.msg.Quaternion(x=-0.5410923050844357, y=-0.7059344341204228, z=-0.4162248500649506, w=-0.18876590340922172)",[0. 0. 0. 0. 0. 0. 0. 0. 0.],"geometry_msgs.msg.Vector3(x=65.6875, y=2.25, z=115.375)",[0. 0. 0. 0. 0. 0. 0. 0. 0.],"geometry_msgs.msg.Vector3(x=0.4169921875, y=0.884765625, z=-0.4619140625)",[0. 0. 0. 0. 0. 0. 0. 0. 0.],False,6.394937698,"[-0.5410923050844357, -0.7059344341204228, -0.4162248500649506, -0.18876590340922172]","[65.6875, 2.25, 115.375]","[0.4169921875, 0.884765625, -0.4619140625]"
6411520836,"std_msgs.msg.Header(stamp=builtin_interfaces.msg.Time(sec=1731185771, nanosec=71323686), frame_id='RL_myo')","geometry_msgs.msg.Quaternion(x=-0.528415823462134, y=-0.719202132556917, z=-0.4051920364940064, w=-0.19835428808638664)",[0. 0. 0. 0. 0. 0. 0. 0. 0.],"geometry_msgs.msg.Vector3(x=50.0625, y=5.25, z=84.125)",[0. 0. 0. 0. 0. 0. 0. 0. 0.],"geometry_msgs.msg.Vector3(x=0.4248046875, y=0.802734375, z=-0.43505859375)",[0. 0. 0. 0. 0. 0. 0. 0. 0.],False,6.411520836,"[-0.528415823462134, -0.719202132556917, -0.4051920364940064, -0.19835428808638664]","[50.0625, 5.25, 84.125]","[0.4248046875, 0.802734375, -0.43505859375]"
6433967963,"std_msgs.msg.Header(stamp=builtin_interfaces.msg.Time(sec=1731185771, nanosec=93761642), frame_id='RL_myo')","geometry_msgs.msg.Quaternion(x=-0.5229237039104805, y=-0.7246960854613731, z=-0.3964650304157891, w=-0.21019482216009508)",[0. 0. 0. 0. 0. 0. 0. 0. 0.],"geometry_msgs.msg.Vector3(x=-5.125, y=15.1875, z=58.3125)",[0. 0. 0. 0. 0. 0. 0. 0. 0.],"geometry_msgs.msg.Vector3(x=0.40478515625, y=0.79736328125, z=-0.4228515625)",[0. 0. 0. 0. 0. 0. 0. 0. 0.],False,6.433967963,"[-0.5229237039104805, -0.7246960854613731, -0.3964650304157891, -0.21019482216009508]","[-5.125, 15.1875, 58.3125]","[0.40478515625, 0.79736328125, -0.4228515625]"
6454936918,"std_msgs.msg.Header(stamp=builtin_interfaces.msg.Time(sec=1731185771, nanosec=114862368), frame_id='RL_myo')","geometry_msgs.msg.Quaternion(x=-0.5190162467252903, y=-0.726769222248913, z=-0.3928630738676733, w=-0.21928802616227283)",[0. 0. 0. 0. 0. 0. 0. 0. 0.],"geometry_msgs.msg.Vector3(x=-16.0, y=25.3125, z=34.125)",[0. 0. 0. 0. 0. 0. 0. 0. 0.],"geometry_msgs.msg.Vector3(x=0.18505859375, y=0.873046875, z=-0.548828125)",[0. 0. 0. 0. 0. 0. 0. 0. 0.],False,6.454936918,"[-0.5190162467252903, -0.726769222248913, -0.3928630738676733, -0.21928802616227283]","[-16.0, 25.3125, 34.125]","[0.18505859375, 0.873046875, -0.548828125]"
6470965956,"std_msgs.msg.Header(stamp=builtin_interfaces.msg.Time(sec=1731185771, nanosec=130779737), frame_id='RL_myo')","geometry_msgs.msg.Quaternion(x=-0.5124805000830764, y=-0.7306676845295452, z=-0.3916993985391431, w=-0.2237410400505607)",[0. 0. 0. 0. 0. 0. 0. 0. 0.],"geometry_msgs.msg.Vector3(x=9.125, y=21.375, z=30.375)",[0. 0. 0. 0. 0. 0. 0. 0. 0.],"geometry_msgs.msg.Vector3(x=0.00634765625, y=0.826171875, z=-0.61474609375)",[0. 0. 0. 0. 0. 0. 0. 0. 0.],False,6.470965956,"[-0.5124805000830764, -0.7306676845295452, -0.3916993985391431, -0.2237410400505607]","[9.125, 21.375, 30.375]","[0.00634765625, 0.826171875, -0.61474609375]"
6494098154,"std_msgs.msg.Header(stamp=builtin_interfaces.msg.Time(sec=1731185771, nanosec=153876662), frame_id='RL_myo')","geometry_msgs.msg.Quaternion(x=-0.5063216679764274, y=-0.7353138206099322, z=-0.38828573428954094, w=-0.22844286442089778)",[0. 0. 0. 0. 0. 0. 0. 0. 0.],"geometry_msgs.msg.Vector3(x=15.0, y=14.25, z=40.4375)",[0. 0. 0. 0. 0. 0. 0. 0. 0.],"geometry_msgs.msg.Vector3(x=0.04736328125, y=0.7451171875, z=-0.45361328125)",[0. 0. 0. 0. 0. 0. 0. 0. 0.],False,6.494098154,"[-0.5063216679764274, -0.7353138206099322, -0.38828573428954094, -0.22844286442089778]","[15.0, 14.25, 40.4375]","[0.04736328125, 0.7451171875, -0.45361328125]"
6516589424,"std_msgs.msg.Header(stamp=builtin_interfaces.msg.Time(sec=1731185771, nanosec=176348642), frame_id='RL_myo')","geometry_msgs.msg.Quaternion(x=-0.5022324157598363, y=-0.7385483610535641, z=-0.3838303150703136, w=-0.23448498497378675)",[0. 0. 0. 0. 0. 0. 0. 0. 0.],"geometry_msgs.msg.Vector3(x=-0.3125, y=13.8125, z=41.375)",[0. 0. 0. 0. 0. 0. 0. 0. 0.],"geometry_msgs.msg.Vector3(x=0.0751953125, y=0.849609375, z=-0.4736328125)",[0. 0. 0. 0. 0. 0. 0. 0. 0.],False,6.516589424,"[-0.5022324157598363, -0.7385483610535641, -0.3838303150703136, -0.23448498497378675]","[-0.3125, 13.8125, 41.375]","[0.0751953125, 0.849609375, -0.4736328125]"
6530781434,"std_msgs.msg.Header(stamp=builtin_interfaces.msg.Time(sec=1731185771, nanosec=190631905), frame_id='RL_myo')","geometry_msgs.msg.Quaternion(x=-0.49220988478169975, y=-0.7459741378408824, z=-0.38143977431935816, w=-0.23612647789465546)",[0. 0. 0. 0. 0. 0. 0. 0. 0.],"geometry_msgs.msg.Vector3(x=41.5, y=11.8125, z=44.5625)",[0. 0. 0. 0. 0. 0. 0. 0. 0.],"geometry_msgs.msg.Vector3(x=-0.015625, y=0.77197265625, z=-0.58154296875)",[0. 0. 0. 0. 0. 0. 0. 0. 0.],False,6.530781434,"[-0.49220988478169975, -0.7459741378408824, -0.38143977431935816, -0.23612647789465546]","[41.5, 11.8125, 44.5625]","[-0.015625, 0.77197265625, -0.58154296875]"
6555436056,"std_msgs.msg.Header(stamp=builtin_interfaces.msg.Time(sec=1731185771, nanosec=215317727), frame_id='RL_myo')","geometry_msgs.msg.Quaternion(x=-0.4797245538739996, y=-0.7557797901554373, z=-0.37535699826019053, w=-0.2403505462030293)",[0. 0. 0. 0. 0. 0. 0. 0. 0.],"geometry_msgs.msg.Vector3(x=57.0, y=12.875, z=72.5625)",[0. 0. 0. 0. 0. 0. 0. 0. 0.],"geometry_msgs.msg.Vector3(x=0.06201171875, y=0.73291015625, z=-0.44482421875)",[0. 0. 0. 0. 0. 0. 0. 0. 0.],False,6.555436056,"[-0.4797245538739996, -0.7557797901554373, -0.37535699826019053, -0.2403505462030293]","[57.0, 12.875, 72.5625]","[0.06201171875, 0.73291015625, -0.44482421875]"
6569664320,"std_msgs.msg.Header(stamp=builtin_interfaces.msg.Time(sec=1731185771, nanosec=229423620), frame_id='RL_myo')","geometry_msgs.msg.Quaternion(x=-0.4691425486961995, y=-0.7630661228500822, z=-0.36807580475956536, w=-0.24931017450552553)",[0. 0. 0. 0. 0. 0. 0. 0. 0.],"geometry_msgs.msg.Vector3(x=45.4375, y=24.25, z=71.75)",[0. 0. 0. 0. 0. 0. 0. 0. 0.],"geometry_msgs.msg.Vector3(x=0.26611328125, y=0.97265625, z=-0.3330078125)",[0. 0. 0. 0. 0. 0. 0. 0. 0.],False,6.56966432,"[-0.4691425486961995, -0.7630661228500822, -0.36807580475956536, -0.24931017450552553]","[45.4375, 24.25, 71.75]","[0.26611328125, 0.97265625, -0.3330078125]"
6589926830,"std_msgs.msg.Header(stamp=builtin_interfaces.msg.Time(sec=1731185771, nanosec=249830554), frame_id='RL_myo')","geometry_msgs.msg.Quaternion(x=-0.4568872162723081, y=-0.7687618723171243, z=-0.36942804169066, w=-0.2525513359517514)",[0. 0. 0. 0. 0. 0. 0. 0. 0.],"geometry_msgs.msg.Vector3(x=57.75, y=31.8125, z=24.375)",[0. 0. 0. 0. 0. 0. 0. 0. 0.],"geometry_msgs.msg.Vector3(x=0.181640625, y=0.96630859375, z=-0.59228515625)",[0. 0. 0. 0. 0. 0. 0. 0. 0.],False,6.58992683,"[-0.4568872162723081, -0.7687618723171243, -0.36942804169066, -0.2525513359517514]","[57.75, 31.8125, 24.375]","[0.181640625, 0.96630859375, -0.59228515625]"
6612364059,"std_msgs.msg.Header(stamp=builtin_interfaces.msg.Time(sec=1731185771, nanosec=272271202), frame_id='RL_myo')","geometry_msgs.msg.Quaternion(x=-0.4514457012234326, y=-0.7692947227147989, z=-0.37845272316973166, w=-0.2472972801618695)",[0. 0. 0. 0. 0. 0. 0. 0. 0.],"geometry_msgs.msg.Vector3(x=64.1875, y=17.0625, z=-32.0)",[0. 0. 0. 0. 0. 0. 0. 0. 0.],"geometry_msgs.msg.Vector3(x=-0.12744140625, y=1.6376953125, z=-0.64306640625)",[0. 0. 0. 0. 0. 0. 0. 0. 0.],False,6.612364059,"[-0.4514457012234326, -0.7692947227147989, -0.37845272316973166, -0.2472972801618695]","[64.1875, 17.0625, -32.0]","[-0.12744140625, 1.6376953125, -0.64306640625]"
6629134698,"std_msgs.msg.Header(stamp=builtin_interfaces.msg.Time(sec=1731185771, nanosec=288899587), frame_id='RL_myo')","geometry_msgs.msg.Quaternion(x=-0.4443840486712011, y=-0.7707295380606961, z=-0.38884367175995366, w=-0.2393729211493546)",[0. 0. 0. 0. 0. 0. 0. 0. 0.],"geometry_msgs.msg.Vector3(x=76.75, y=10.1875, z=-43.375)",[0. 0. 0. 0. 0. 0. 0. 0. 0.],"geometry_msgs.msg.Vector3(x=-0.12744140625, y=1.11376953125, z=-0.46337890625)",[0. 0. 0. 0. 0. 0. 0. 0. 0.],False,6.629134698,"[-0.4443840486712011, -0.7707295380606961, -0.38884367175995366, -0.2393729211493546]","[76.75, 10.1875, -43.375]","[-0.12744140625, 1.11376953125, -0.46337890625]"
6649636758,"std_msgs.msg.Header(stamp=builtin_interfaces.msg.Time(sec=1731185771, nanosec=309523020), frame_id='RL_myo')","geometry_msgs.msg.Quaternion(x=-0.4475289741400017, y=-0.770435806565305, z=-0.3824715779265499, w=-0.24466707450255923)",[0. 0. 0. 0. 0. 0. 0. 0. 0.],"geometry_msgs.msg.Vector3(x=-46.3125, y=5.6875, z=44.9375)",[0. 0. 0. 0. 0. 0. 0. 0. 0.],"geometry_msgs.msg.Vector3(x=-0.09716796875, y=0.96923828125, z=-0.708984375)",[0. 0. 0. 0. 0. 0. 0. 0. 0.],False,6.649636758,"[-0.4475289741400017, -0.770435806565305, -0.3824715779265499, -0.24466707450255923]","[-46.3125, 5.6875, 44.9375]","[-0.09716796875, 0.96923828125, -0.708984375]"
6672306841,"std_msgs.msg.Header(stamp=builtin_interfaces.msg.Time(sec=1731185771, nanosec=332262548), frame_id='RL_myo')","geometry_msgs.msg.Quaternion(x=-0.45347595992638057, y=-0.7698715691132388, z=-0.3720577996919537, w=-0.2514563869309136)",[0. 0. 0. 0. 0. 0. 0. 0. 0.],"geometry_msgs.msg.Vector3(x=-54.125, y=-6.9375, z=57.9375)",[0. 0. 0. 0. 0. 0. 0. 0. 0.],"geometry_msgs.msg.Vector3(x=-0.01318359375, y=1.0146484375, z=-0.48193359375)",[0. 0. 0. 0. 0. 0. 0. 0. 0.],False,6.672306841,"[-0.45347595992638057, -0.7698715691132388, -0.3720577996919537, -0.2514563869309136]","[-54.125, -6.9375, 57.9375]","[-0.01318359375, 1.0146484375, -0.48193359375]"
6689067205,"std_msgs.msg.Header(stamp=builtin_interfaces.msg.Time(sec=1731185771, nanosec=348844229), frame_id='RL_myo')","geometry_msgs.msg.Quaternion(x=-0.45548794333946885, y=-0.7697459388178187, z=-0.36729551695255575, w=-0.2551782247222724)",[0. 0. 0. 0. 0. 0. 0. 0. 0.],"geometry_msgs.msg.Vector3(x=-23.625, y=-2.25, z=23.375)",[0. 0. 0. 0. 0. 0. 0. 0. 0.],"geometry_msgs.msg.Vector3(x=0.1279296875, y=0.904296875, z=-0.45654296875)",[0. 0. 0. 0. 0. 0. 0. 0. 0.],False,6.689067205,"[-0.45548794333946885, -0.7697459388178187, -0.36729551695255575, -0.2551782247222724]","[-23.625, -2.25, 23.375]","[0.1279296875, 0.904296875, -0.45654296875]"
6709841268,"std_msgs.msg.Header(stamp=builtin_interfaces.msg.Time(sec=1731185771, nanosec=369753765), frame_id='RL_myo')","geometry_msgs.msg.Quaternion(x=-0.44993049403668706, y=-0.772913697297966, z=-0.3680861108973494, w=-0.2543218080101567)",[0. 0. 0. 0. 0. 0. 0. 0. 0.],"geometry_msgs.msg.Vector3(x=23.0625, y=7.8125, z=11.875)",[0. 0. 0. 0. 0. 0. 0. 0. 0.],"geometry_msgs.msg.Vector3(x=0.0, y=0.71240234375, z=-0.5771484375)",[0. 0. 0. 0. 0. 0. 0. 0. 0.],False,6.709841268,"[-0.44993049403668706, -0.772913697297966, -0.3680861108973494, -0.2543218080101567]","[23.0625, 7.8125, 11.875]","[0.0, 0.71240234375, -0.5771484375]"
6732394380,"std_msgs.msg.Header(stamp=builtin_interfaces.msg.Time(sec=1731185771, nanosec=392217482), frame_id='RL_myo')","geometry_msgs.msg.Quaternion(x=-0.4410755069683778, y=-0.7780310727594963, z=-0.3692412919826602, w=-0.25254883739243766)",[0. 0. 0. 0. 0. 0. 0. 0. 0.],"geometry_msgs.msg.Vector3(x=54.875, y=12.125, z=24.8125)",[0. 0. 0. 0. 0. 0. 0. 0. 0.],"geometry_msgs.msg.Vector3(x=-0.115234375, y=0.7333984375, z=-0.45458984375)",[0. 0. 0. 0. 0. 0. 0. 0. 0.],False,6.73239438,"[-0.4410755069683778, -0.7780310727594963, -0.3692412919826602, -0.25254883739243766]","[54.875, 12.125, 24.8125]","[-0.115234375, 0.7333984375, -0.45458984375]"
6748865108,"std_msgs.msg.Header(stamp=builtin_interfaces.msg.Time(sec=1731185771, nanosec=408648871), frame_id='RL_myo')","geometry_msgs.msg.Quaternion(x=-0.4295410622636516, y=-0.7851117114179617, z=-0.371194762814369, w=-0.2476055824955434)",[0. 0. 0. 0. 0. 0. 0. 0. 0.],"geometry_msgs.msg.Vector3(x=78.0, y=4.4375, z=22.8125)",[0. 0. 0. 0. 0. 0. 0. 0. 0.],"geometry_msgs.msg.Vector3(x=-0.14208984375, y=0.76806640625, z=-0.53076171875)",[0. 0. 0. 0. 0. 0. 0. 0. 0.],False,6.748865108,"[-0.4295410622636516, -0.7851117114179617, -0.371194762814369, -0.2476055824955434]","[78.0, 4.4375, 22.8125]","[-0.14208984375, 0.76806640625, -0.53076171875]"
6770009356,"std_msgs.msg.Header(stamp=builtin_interfaces.msg.Time(sec=1731185771, nanosec=429833494), frame_id='RL_myo')","geometry_msgs.msg.Quaternion(x=-0.41958373924868786, y=-0.7922351300635951, z=-0.37222417828039955, w=-0.2403375658416484)",[0. 0. 0. 0. 0. 0. 0. 0. 0.],"geometry_msgs.msg.Vector3(x=72.8125, y=-11.0625, z=18.6875)",[0. 0. 0. 0. 0. 0. 0. 0. 0.],"geometry_msgs.msg.Vector3(x=-0.13525390625, y=0.82080078125, z=-0.62646484375)",[0. 0. 0. 0. 0. 0. 0. 0. 0.],False,6.770009356,"[-0.41958373924868786, -0.7922351300635951, -0.37222417828039955, -0.2403375658416484]","[72.8125, -11.0625, 18.6875]","[-0.13525390625, 0.82080078125, -0.62646484375]"
6792304901,"std_msgs.msg.Header(stamp=builtin_interfaces.msg.Time(sec=1731185771, nanosec=452145604), frame_id='RL_myo')","geometry_msgs.msg.Quaternion(x=-0.41373398682718676, y=-0.7972572753980736, z=-0.3717441678366123, w=-0.23454487555345607)",[0. 0. 0. 0. 0. 0. 0. 0. 0.],"geometry_msgs.msg.Vector3(x=53.0, y=-16.6875, z=15.3125)",[0. 0. 0. 0. 0. 0. 0. 0. 0.],"geometry_msgs.msg.Vector3(x=-0.06494140625, y=0.955078125, z=-0.5810546875)",[0. 0. 0. 0. 0. 0. 0. 0. 0.],False,6.792304901,"[-0.41373398682718676, -0.7972572753980736, -0.3717441678366123, -0.23454487555345607]","[53.0, -16.6875, 15.3125]","[-0.06494140625, 0.955078125, -0.5810546875]"
6808974393,"std_msgs.msg.Header(stamp=builtin_interfaces.msg.Time(sec=1731185771, nanosec=468807476), frame_id='RL_myo')","geometry_msgs.msg.Quaternion(x=-0.41293769131779473, y=-0.7995708977171784, z=-0.3702157900581943, w=-0.23045414165178732)",[0. 0. 0. 0. 0. 0. 0. 0. 0.],"geometry_msgs.msg.Vector3(x=21.9375, y=-21.3125, z=8.0625)",[0. 0. 0. 0. 0. 0. 0. 0. 0.],"geometry_msgs.msg.Vector3(x=-0.0009765625, y=1.04541015625, z=-0.5888671875)",[0. 0. 0. 0. 0. 0. 0. 0. 0.],False,6.808974393,"[-0.41293769131779473, -0.7995708977171784, -0.3702157900581943, -0.23045414165178732]","[21.9375, -21.3125, 8.0625]","[-0.0009765625, 1.04541015625, -0.5888671875]"
6829868750,"std_msgs.msg.Header(stamp=builtin_interfaces.msg.Time(sec=1731185771, nanosec=489769876), frame_id='RL_myo')","geometry_msgs.msg.Quaternion(x=-0.4154955809315063, y=-0.800170764041272, z=-0.36722046275923526, w=-0.22855918780677015)",[0. 0. 0. 0. 0. 0. 0. 0. 0.],"geometry_msgs.msg.Vector3(x=-5.8125, y=-18.6875, z=12.5625)",[0. 0. 0. 0. 0. 0. 0. 0. 0.],"geometry_msgs.msg.Vector3(x=-0.017578125, y=1.029296875, z=-0.60693359375)",[0. 0. 0. 0. 0. 0. 0. 0. 0.],False,6.82986875,"[-0.4154955809315063, -0.800170764041272, -0.36722046275923526, -0.22855918780677015]","[-5.8125, -18.6875, 12.5625]","[-0.017578125, 1.029296875, -0.60693359375]"
6852369306,"std_msgs.msg.Header(stamp=builtin_interfaces.msg.Time(sec=1731185771, nanosec=512201549), frame_id='RL_myo')","geometry_msgs.msg.Quaternion(x=-0.41916271480395606, y=-0.7998757338702167, z=-0.36386839045736546, w=-0.2282569239031444)",[0. 0. 0. 0. 0. 0. 0. 0. 0.],"geometry_msgs.msg.Vector3(x=-18.875, y=-13.1875, z=14.9375)",[0. 0. 0. 0. 0. 0. 0. 0. 0.],"geometry_msgs.msg.Vector3(x=-0.0244140625, y=1.0029296875, z=-0.61328125)",[0. 0. 0. 0. 0. 0. 0. 0. 0.],False,6.852369306,"[-0.41916271480395606, -0.7998757338702167, -0.36386839045736546, -0.2282569239031444]","[-18.875, -13.1875, 14.9375]","[-0.0244140625, 1.0029296875, -0.61328125]"
6869037411,"std_msgs.msg.Header(stamp=builtin_interfaces.msg.Time(sec=1731185771, nanosec=528855577), frame_id='RL_myo')","geometry_msgs.msg.Quaternion(x=-0.422462761105704, y=-0.7995177940602026, z=-0.36008816679047295, w=-0.2294188845704047)",[0. 0. 0. 0. 0. 0. 0. 0. 0.],"geometry_msgs.msg.Vector3(x=-23.875, y=-8.5, z=17.875)",[0. 0. 0. 0. 0. 0. 0. 0. 0.],"geometry_msgs.msg.Vector3(x=0.021484375, y=0.908203125, z=-0.58837890625)",[0. 0. 0. 0. 0. 0. 0. 0. 0.],False,6.869037411,"[-0.422462761105704, -0.7995177940602026, -0.36008816679047295, -0.2294188845704047]","[-23.875, -8.5, 17.875]","[0.021484375, 0.908203125, -0.58837890625]"
6889925495,"std_msgs.msg.Header(stamp=builtin_interfaces.msg.Time(sec=1731185771, nanosec=549845895), frame_id='RL_myo')","geometry_msgs.msg.Quaternion(x=-0.42484317899455926, y=-0.799640185488682, z=-0.3559381439299339, w=-0.23106684034957642)",[0. 0. 0. 0. 0. 0. 0. 0. 0.],"geometry_msgs.msg.Vector3(x=-22.25, y=-6.75, z=20.625)",[0. 0. 0. 0. 0. 0. 0. 0. 0.],"geometry_msgs.msg.Vector3(x=0.0615234375, y=0.912109375, z=-0.6171875)",[0. 0. 0. 0. 0. 0. 0. 0. 0.],False,6.889925495,"[-0.42484317899455926, -0.799640185488682, -0.3559381439299339, -0.23106684034957642]","[-22.25, -6.75, 20.625]","[0.0615234375, 0.912109375, -0.6171875]"
6912401558,"std_msgs.msg.Header(stamp=builtin_interfaces.msg.Time(sec=1731185771, nanosec=572252049), frame_id='RL_myo')","geometry_msgs.msg.Quaternion(x=-0.42440752643717533, y=-0.8009059490128058, z=-0.35336778516986556, w=-0.23142843546876168)",[0. 0. 0. 0. 0. 0. 0. 0. 0.],"geometry_msgs.msg.Vector3(x=-5.1875, y=-4.1875, z=17.0625)",[0. 0. 0. 0. 0. 0. 0. 0. 0.],"geometry_msgs.msg.Vector3(x=0.04736328125, y=0.828125, z=-0.625)",[0. 0. 0. 0. 0. 0. 0. 0. 0.],False,6.912401558,"[-0.42440752643717533, -0.8009059490128058, -0.35336778516986556, -0.23142843546876168]","[-5.1875, -4.1875, 17.0625]","[0.04736328125, 0.828125, -0.625]"
6928987165,"std_msgs.msg.Header(stamp=builtin_interfaces.msg.Time(sec=1731185771, nanosec=588830031), frame_id='RL_myo')","geometry_msgs.msg.Quaternion(x=-0.42062475308326974, y=-0.803837583119522, z=-0.3521481174246179, w=-0.23002534741306496)",[0. 0. 0. 0. 0. 0. 0. 0. 0.],"geometry_msgs.msg.Vector3(x=20.125, y=-1.6875, z=18.9375)",[0. 0. 0. 0. 0. 0. 0. 0. 0.],"geometry_msgs.msg.Vector3(x=-0.029296875, y=0.7685546875, z=-0.59033203125)",[0. 0. 0. 0. 0. 0. 0. 0. 0.],False,6.928987165,"[-0.42062475308326974, -0.803837583119522, -0.3521481174246179, -0.23002534741306496]","[20.125, -1.6875, 18.9375]","[-0.029296875, 0.7685546875, -0.59033203125]"
6949954508,"std_msgs.msg.Header(stamp=builtin_interfaces.msg.Time(sec=1731185771, nanosec=609858637), frame_id='RL_myo')","geometry_msgs.msg.Quaternion(x=-0.4157989562155486, y=-0.8070637600167936, z=-0.3515341241452458, w=-0.22843615046452348)",[0. 0. 0. 0. 0. 0. 0. 0. 0.],"geometry_msgs.msg.Vector3(x=27.375, y=0.875, z=17.3125)",[0. 0. 0. 0. 0. 0. 0. 0. 0.],"geometry_msgs.msg.Vector3(x=-0.01953125, y=0.8076171875, z=-0.619140625)",[0. 0. 0. 0. 0. 0. 0. 0. 0.],False,6.949954508,"[-0.4157989562155486, -0.8070637600167936, -0.3515341241452458, -0.22843615046452348]","[27.375, 0.875, 17.3125]","[-0.01953125, 0.8076171875, -0.619140625]"
6972338433,"std_msgs.msg.Header(stamp=builtin_interfaces.msg.Time(sec=1731185771, nanosec=632216736), frame_id='RL_myo')","geometry_msgs.msg.Quaternion(x=-0.41214040144152164, y=-0.8095724011730764, z=-0.3519641189268851, w=-0.2255084826486632)",[0. 0. 0. 0. 0. 0. 0. 0. 0.],"geometry_msgs.msg.Vector3(x=29.9375, y=-2.25, z=10.4375)",[0. 0. 0. 0. 0. 0. 0. 0. 0.],"geometry_msgs.msg.Vector3(x=-0.07568359375, y=0.9990234375, z=-0.66162109375)",[0. 0. 0. 0. 0. 0. 0. 0. 0.],False,6.972338433,"[-0.41214040144152164, -0.8095724011730764, -0.3519641189268851, -0.2255084826486632]","[29.9375, -2.25, 10.4375]","[-0.07568359375, 0.9990234375, -0.66162109375]"
6989083446,"std_msgs.msg.Header(stamp=builtin_interfaces.msg.Time(sec=1731185771, nanosec=648889117), frame_id='RL_myo')","geometry_msgs.msg.Quaternion(x=-0.4111667854291136, y=-0.8106155921136243, z=-0.3539806079098796, w=-0.22032241285425266)",[0. 0. 0. 0. 0. 0. 0. 0. 0.],"geometry_msgs.msg.Vector3(x=17.0, y=-9.875, z=-5.875)",[0. 0. 0. 0. 0. 0. 0. 0. 0.],"geometry_msgs.msg.Vector3(x=-0.12841796875, y=1.044921875, z=-0.76953125)",[0. 0. 0. 0. 0. 0. 0. 0. 0.],False,6.989083446,"[-0.4111667854291136, -0.8106155921136243, -0.3539806079098796, -0.22032241285425266]","[17.0, -9.875, -5.875]","[-0.12841796875, 1.044921875, -0.76953125]"
7010010144,"std_msgs.msg.Header(stamp=builtin_interfaces.msg.Time(sec=1731185771, nanosec=669857695), frame_id='RL_myo')","geometry_msgs.msg.Quaternion(x=-0.413979439820785, y=-0.8094662111666036, z=-0.3563653175753448, w=-0.2153816074196595)",[0. 0. 0. 0. 0. 0. 0. 0. 0.],"geometry_msgs.msg.Vector3(x=2.6875, y=-18.5, z=-23.8125)",[0. 0. 0. 0. 0. 0. 0. 0. 0.],"geometry_msgs.msg.Vector3(x=-0.0078125, y=1.1181640625, z=-0.67626953125)",[0. 0. 0. 0. 0. 0. 0. 0. 0.],False,7.010010144,"[-0.413979439820785, -0.8094662111666036, -0.3563653175753448, -0.2153816074196595]","[2.6875, -18.5, -23.8125]","[-0.0078125, 1.1181640625, -0.67626953125]"
7032368643,"std_msgs.msg.Header(stamp=builtin_interfaces.msg.Time(sec=1731185771, nanosec=692242612), frame_id='RL_myo')","geometry_msgs.msg.Quaternion(x=-0.41849350804536045, y=-0.8061050392683565, z=-0.3613069225067134, w=-0.21098615390299127)",[0. 0. 0. 0. 0. 0. 0. 0. 0.],"geometry_msgs.msg.Vector3(x=-5.9375, y=-13.625, z=-44.8125)",[0. 0. 0. 0. 0. 0. 0. 0. 0.],"geometry_msgs.msg.Vector3(x=0.0361328125, y=1.1572265625, z=-0.650390625)",[0. 0. 0. 0. 0. 0. 0. 0. 0.],False,7.032368643,"[-0.41849350804536045, -0.8061050392683565, -0.3613069225067134, -0.21098615390299127]","[-5.9375, -13.625, -44.8125]","[0.0361328125, 1.1572265625, -0.650390625]"
7049093946,"std_msgs.msg.Header(stamp=builtin_interfaces.msg.Time(sec=1731185771, nanosec=708913952), frame_id='RL_myo')","geometry_msgs.msg.Quaternion(x=-0.42466120949770736, y=-0.8013512044703791, z=-0.36857272839273564, w=-0.20409127400982083)",[0. 0. 0. 0. 0. 0. 0. 0. 0.],"geometry_msgs.msg.Vector3(x=-7.3125, y=-13.5625, z=-54.6875)",[0. 0. 0. 0. 0. 0. 0. 0. 0.],"geometry_msgs.msg.Vector3(x=-0.1923828125, y=1.1904296875, z=-0.63525390625)",[0. 0. 0. 0. 0. 0. 0. 0. 0.],False,7.049093946,"[-0.42466120949770736, -0.8013512044703791, -0.36857272839273564, -0.20409127400982083]","[-7.3125, -13.5625, -54.6875]","[-0.1923828125, 1.1904296875, -0.63525390625]"
7070018487,"std_msgs.msg.Header(stamp=builtin_interfaces.msg.Time(sec=1731185771, nanosec=729910517), frame_id='RL_myo')","geometry_msgs.msg.Quaternion(x=-0.43289911639072354, y=-0.7957336359089601, z=-0.3762615328561696, w=-0.194508597763603)",[0. 0. 0. 0. 0. 0. 0. 0. 0.],"geometry_msgs.msg.Vector3(x=-14.0625, y=-25.75, z=-64.5625)",[0. 0. 0. 0. 0. 0. 0. 0. 0.],"geometry_msgs.msg.Vector3(x=-0.2861328125, y=1.14013671875, z=-0.61328125)",[0. 0. 0. 0. 0. 0. 0. 0. 0.],False,7.070018487,"[-0.43289911639072354, -0.7957336359089601, -0.3762615328561696, -0.194508597763603]","[-14.0625, -25.75, -64.5625]","[-0.2861328125, 1.14013671875, -0.61328125]"
7092535364,"std_msgs.msg.Header(stamp=builtin_interfaces.msg.Time(sec=1731185771, nanosec=752309528), frame_id='RL_myo')","geometry_msgs.msg.Quaternion(x=-0.44291068392898064, y=-0.7887801679892719, z=-0.3844418352030659, w=-0.18401208654345827)",[0. 0. 0. 0. 0. 0. 0. 0. 0.],"geometry_msgs.msg.Vector3(x=-21.375, y=-33.875, z=-79.0625)",[0. 0. 0. 0. 0. 0. 0. 0. 0.],"geometry_msgs.msg.Vector3(x=-0.2421875, y=1.076171875, z=-0.5263671875)",[0. 0. 0. 0. 0. 0. 0. 0. 0.],False,7.092535364,"[-0.44291068392898064, -0.7887801679892719, -0.3844418352030659, -0.18401208654345827]","[-21.375, -33.875, -79.0625]","[-0.2421875, 1.076171875, -0.5263671875]"
7108881708,"std_msgs.msg.Header(stamp=builtin_interfaces.msg.Time(sec=1731185771, nanosec=768727244), frame_id='RL_myo')","geometry_msgs.msg.Quaternion(x=-0.453460562662428, y=-0.7807699835989826, z=-0.39273468650507726, w=-0.17473184265175387)",[0. 0. 0. 0. 0. 0. 0. 0. 0.],"geometry_msgs.msg.Vector3(x=-25.875, y=-30.25, z=-82.375)",[0. 0. 0. 0. 0. 0. 0. 0. 0.],"geometry_msgs.msg.Vector3(x=-0.22265625, y=0.982421875, z=-0.39404296875)",[0. 0. 0. 0. 0. 0. 0. 0. 0.],False,7.108881708,"[-0.453460562662428, -0.7807699835989826, -0.39273468650507726, -0.17473184265175387]","[-25.875, -30.25, -82.375]","[-0.22265625, 0.982421875, -0.39404296875]"
7137731236,"std_msgs.msg.Header(stamp=builtin_interfaces.msg.Time(sec=1731185771, nanosec=797472665), frame_id='RL_myo')","geometry_msgs.msg.Quaternion(x=-0.46432056932129884, y=-0.7723418513092846, z=-0.40042156352747654, w=-0.16600314781203113)",[0. 0. 0. 0. 0. 0. 0. 0. 0.],"geometry_msgs.msg.Vector3(x=-34.3125, y=-26.625, z=-75.0625)",[0. 0. 0. 0. 0. 0. 0. 0. 0.],"geometry_msgs.msg.Vector3(x=-0.31494140625, y=0.87109375, z=-0.37890625)",[0. 0. 0. 0. 0. 0. 0. 0. 0.],False,7.137731236,"[-0.46432056932129884, -0.7723418513092846, -0.40042156352747654, -0.16600314781203113]","[-34.3125, -26.625, -75.0625]","[-0.31494140625, 0.87109375, -0.37890625]"
7145846812,"std_msgs.msg.Header(stamp=builtin_interfaces.msg.Time(sec=1731185771, nanosec=805684180), frame_id='RL_myo')","geometry_msgs.msg.Quaternion(x=-0.47464679205123583, y=-0.7640611019274041, z=-0.40793868562047836, w=-0.15654738608864857)",[0. 0. 0. 0. 0. 0. 0. 0. 0.],"geometry_msgs.msg.Vector3(x=-33.0625, y=-28.0, z=-72.1875)",[0. 0. 0. 0. 0. 0. 0. 0. 0.],"geometry_msgs.msg.Vector3(x=-0.3818359375, y=0.76171875, z=-0.3515625)",[0. 0. 0. 0. 0. 0. 0. 0. 0.],False,7.145846812,"[-0.47464679205123583, -0.7640611019274041, -0.40793868562047836, -0.15654738608864857]","[-33.0625, -28.0, -72.1875]","[-0.3818359375, 0.76171875, -0.3515625]"
7169041803,"std_msgs.msg.Header(stamp=builtin_interfaces.msg.Time(sec=1731185771, nanosec=828840201), frame_id='RL_myo')","geometry_msgs.msg.Quaternion(x=-0.48295727783326586, y=-0.7563869005671255, z=-0.41551537311877595, w=-0.14825012357601453)",[0. 0. 0. 0. 0. 0. 0. 0. 0.],"geometry_msgs.msg.Vector3(x=-28.625, y=-22.25, z=-71.6875)",[0. 0. 0. 0. 0. 0. 0. 0. 0.],"geometry_msgs.msg.Vector3(x=-0.296875, y=0.654296875, z=-0.333984375)",[0. 0. 0. 0. 0. 0. 0. 0. 0.],False,7.169041803,"[-0.48295727783326586, -0.7563869005671255, -0.41551537311877595, -0.14825012357601453]","[-28.625, -22.25, -71.6875]","[-0.296875, 0.654296875, -0.333984375]"
7189911748,"std_msgs.msg.Header(stamp=builtin_interfaces.msg.Time(sec=1731185771, nanosec=849816744), frame_id='RL_myo')","geometry_msgs.msg.Quaternion(x=-0.4891664426725792, y=-0.749831430402409, z=-0.4223370908664065, w=-0.1417758760235061)",[0. 0. 0. 0. 0. 0. 0. 0. 0.],"geometry_msgs.msg.Vector3(x=-18.5625, y=-14.3125, z=-62.875)",[0. 0. 0. 0. 0. 0. 0. 0. 0.],"geometry_msgs.msg.Vector3(x=-0.2373046875, y=0.609375, z=-0.25341796875)",[0. 0. 0. 0. 0. 0. 0. 0. 0.],False,7.189911748,"[-0.4891664426725792, -0.749831430402409, -0.4223370908664065, -0.1417758760235061]","[-18.5625, -14.3125, -62.875]","[-0.2373046875, 0.609375, -0.25341796875]"
7205799966,"std_msgs.msg.Header(stamp=builtin_interfaces.msg.Time(sec=1731185771, nanosec=865641162), frame_id='RL_myo')","geometry_msgs.msg.Quaternion(x=-0.49563555389869723, y=-0.7440331286268954, z=-0.42685322792359176, w=-0.1362219623570856)",[0. 0. 0. 0. 0. 0. 0. 0. 0.],"geometry_msgs.msg.Vector3(x=-20.0625, y=-14.3125, z=-43.5)",[0. 0. 0. 0. 0. 0. 0. 0. 0.],"geometry_msgs.msg.Vector3(x=-0.3642578125, y=0.705078125, z=-0.27734375)",[0. 0. 0. 0. 0. 0. 0. 0. 0.],False,7.205799966,"[-0.49563555389869723, -0.7440331286268954, -0.42685322792359176, -0.1362219623570856]","[-20.0625, -14.3125, -43.5]","[-0.3642578125, 0.705078125, -0.27734375]"
7228372804,"std_msgs.msg.Header(stamp=builtin_interfaces.msg.Time(sec=1731185771, nanosec=888175328), frame_id='RL_myo')","geometry_msgs.msg.Quaternion(x=-0.5002191429133183, y=-0.7405025452619926, z=-0.42929983543829686, w=-0.13091386792936405)",[0. 0. 0. 0. 0. 0. 0. 0. 0.],"geometry_msgs.msg.Vector3(x=-15.625, y=-19.25, z=-28.625)",[0. 0. 0. 0. 0. 0. 0. 0. 0.],"geometry_msgs.msg.Vector3(x=-0.328125, y=0.62939453125, z=-0.3583984375)",[0. 0. 0. 0. 0. 0. 0. 0. 0.],False,7.228372804,"[-0.5002191429133183, -0.7405025452619926, -0.42929983543829686, -0.13091386792936405]","[-15.625, -19.25, -28.625]","[-0.328125, 0.62939453125, -0.3583984375]"
7249921859,"std_msgs.msg.Header(stamp=builtin_interfaces.msg.Time(sec=1731185771, nanosec=909863314), frame_id='RL_myo')","geometry_msgs.msg.Quaternion(x=-0.5035055413528134, y=-0.7381086081358699, z=-0.43039043365091406, w=-0.1282260778645165)",[0. 0. 0. 0. 0. 0. 0. 0. 0.],"geometry_msgs.msg.Vector3(x=-12.9375, y=-14.6875, z=-21.0625)",[0. 0. 0. 0. 0. 0. 0. 0. 0.],"geometry_msgs.msg.Vector3(x=-0.1591796875, y=0.57568359375, z=-0.3037109375)",[0. 0. 0. 0. 0. 0. 0. 0. 0.],False,7.249921859,"[-0.5035055413528134, -0.7381086081358699, -0.43039043365091406, -0.1282260778645165]","[-12.9375, -14.6875, -21.0625]","[-0.1591796875, 0.57568359375, -0.3037109375]"
7274016024,"std_msgs.msg.Header(stamp=builtin_interfaces.msg.Time(sec=1731185771, nanosec=933847307), frame_id='RL_myo')","geometry_msgs.msg.Quaternion(x=-0.5071739994893647, y=-0.7356159104506994, z=-0.43094532014373094, w=-0.12621369806787078)",[0. 0. 0. 0. 0. 0. 0. 0. 0.],"geometry_msgs.msg.Vector3(x=-17.5, y=-12.0625, z=-13.0625)",[0. 0. 0. 0. 0. 0. 0. 0. 0.],"geometry_msgs.msg.Vector3(x=-0.2587890625, y=0.6494140625, z=-0.34326171875)",[0. 0. 0. 0. 0. 0. 0. 0. 0.],False,7.274016024,"[-0.5071739994893647, -0.7356159104506994, -0.43094532014373094, -0.12621369806787078]","[-17.5, -12.0625, -13.0625]","[-0.2587890625, 0.6494140625, -0.34326171875]"
7288296547,"std_msgs.msg.Header(stamp=builtin_interfaces.msg.Time(sec=1731185771, nanosec=948110567), frame_id='RL_myo')","geometry_msgs.msg.Quaternion(x=-0.5109005693597193, y=-0.734217399282932, z=-0.42942257866622685, w=-0.12450569364398845)",[0. 0. 0. 0. 0. 0. 0. 0. 0.],"geometry_msgs.msg.Vector3(x=-19.75, y=-18.5625, z=-0.0625)",[0. 0. 0. 0. 0. 0. 0. 0. 0.],"geometry_msgs.msg.Vector3(x=-0.27978515625, y=0.70166015625, z=-0.4208984375)",[0. 0. 0. 0. 0. 0. 0. 0. 0.],False,7.288296547,"[-0.5109005693597193, -0.734217399282932, -0.42942257866622685, -0.12450569364398845]","[-19.75, -18.5625, -0.0625]","[-0.27978515625, 0.70166015625, -0.4208984375]"
7311693805,"std_msgs.msg.Header(stamp=builtin_interfaces.msg.Time(sec=1731185771, nanosec=971389393), frame_id='RL_myo')","geometry_msgs.msg.Quaternion(x=-0.5112789294794771, y=-0.7355165786268566, z=-0.42668628339393866, w=-0.12469175754167024)",[0. 0. 0. 0. 0. 0. 0. 0. 0.],"geometry_msgs.msg.Vector3(x=-11.1875, y=-16.0, z=7.75)",[0. 0. 0. 0. 0. 0. 0. 0. 0.],"geometry_msgs.msg.Vector3(x=-0.07275390625, y=0.64599609375, z=-0.51416015625)",[0. 0. 0. 0. 0. 0. 0. 0. 0.],False,7.311693805,"[-0.5112789294794771, -0.7355165786268566, -0.42668628339393866, -0.12469175754167024]","[-11.1875, -16.0, 7.75]","[-0.07275390625, 0.64599609375, -0.51416015625]"
7325999360,"std_msgs.msg.Header(stamp=builtin_interfaces.msg.Time(sec=1731185771, nanosec=985814091), frame_id='RL_myo')","geometry_msgs.msg.Quaternion(x=-0.5105788357169886, y=-0.737367139987169, z=-0.4240379811811662, w=-0.1256612267202103)",[0. 0. 0. 0. 0. 0. 0. 0. 0.],"geometry_msgs.msg.Vector3(x=-0.9375, y=-9.9375, z=9.0)",[0. 0. 0. 0. 0. 0. 0. 0. 0.],"geometry_msgs.msg.Vector3(x=-0.03466796875, y=0.69677734375, z=-0.44873046875)",[0. 0. 0. 0. 0. 0. 0. 0. 0.],False,7.32599936,"[-0.5105788357169886, -0.737367139987169, -0.4240379811811662, -0.1256612267202103]","[-0.9375, -9.9375, 9.0]","[-0.03466796875, 0.69677734375, -0.44873046875]"
7348326864,"std_msgs.msg.Header(stamp=builtin_interfaces.msg.Time(sec=1731185772, nanosec=8095796), frame_id='RL_myo')","geometry_msgs.msg.Quaternion(x=-0.5099375748051235, y=-0.7393637081016475, z=-0.4210112975470666, w=-0.12670621248299654)",[0. 0. 0. 0. 0. 0. 0. 0. 0.],"geometry_msgs.msg.Vector3(x=-5.375, y=-9.8125, z=15.3125)",[0. 0. 0. 0. 0. 0. 0. 0. 0.],"geometry_msgs.msg.Vector3(x=-0.13037109375, y=0.79931640625, z=-0.56787109375)",[0. 0. 0. 0. 0. 0. 0. 0. 0.],False,7.348326864,"[-0.5099375748051235, -0.7393637081016475, -0.4210112975470666, -0.12670621248299654]","[-5.375, -9.8125, 15.3125]","[-0.13037109375, 0.79931640625, -0.56787109375]"
7372570367,"std_msgs.msg.Header(stamp=builtin_interfaces.msg.Time(sec=1731185772, nanosec=32433965), frame_id='RL_myo')","geometry_msgs.msg.Quaternion(x=-0.5083427479069802, y=-0.7429530880383804, z=-0.4162441518460326, w=-0.1278638560289499)",[0. 0. 0. 0. 0. 0. 0. 0. 0.],"geometry_msgs.msg.Vector3(x=-0.1875, y=-16.125, z=23.6875)",[0. 0. 0. 0. 0. 0. 0. 0. 0.],"geometry_msgs.msg.Vector3(x=-0.0498046875, y=0.7724609375, z=-0.58740234375)",[0. 0. 0. 0. 0. 0. 0. 0. 0.],False,7.372570367,"[-0.5083427479069802, -0.7429530880383804, -0.4162441518460326, -0.1278638560289499]","[-0.1875, -16.125, 23.6875]","[-0.0498046875, 0.7724609375, -0.58740234375]"
7385921834,"std_msgs.msg.Header(stamp=builtin_interfaces.msg.Time(sec=1731185772, nanosec=45697550), frame_id='RL_myo')","geometry_msgs.msg.Quaternion(x=-0.5059618309522518, y=-0.7466751555934679, z=-0.4111779077352618, w=-0.13195289246306013)",[0. 0. 0. 0. 0. 0. 0. 0. 0.],"geometry_msgs.msg.Vector3(x=-0.4375, y=-7.0, z=23.875)",[0. 0. 0. 0. 0. 0. 0. 0. 0.],"geometry_msgs.msg.Vector3(x=0.1220703125, y=0.826171875, z=-0.56396484375)",[0. 0. 0. 0. 0. 0. 0. 0. 0.],False,7.385921834,"[-0.5059618309522518, -0.7466751555934679, -0.4111779077352618, -0.13195289246306013]","[-0.4375, -7.0, 23.875]","[0.1220703125, 0.826171875, -0.56396484375]"
7408283359,"std_msgs.msg.Header(stamp=builtin_interfaces.msg.Time(sec=1731185772, nanosec=68127025), frame_id='RL_myo')","geometry_msgs.msg.Quaternion(x=-0.5031983678588193, y=-0.7497625165731469, z=-0.4078683677865967, w=-0.1352440974136014)",[0. 0. 0. 0. 0. 0. 0. 0. 0.],"geometry_msgs.msg.Vector3(x=3.8125, y=0.0625, z=19.4375)",[0. 0. 0. 0. 0. 0. 0. 0. 0.],"geometry_msgs.msg.Vector3(x=0.013671875, y=0.87060546875, z=-0.5703125)",[0. 0. 0. 0. 0. 0. 0. 0. 0.],False,7.408283359,"[-0.5031983678588193, -0.7497625165731469, -0.4078683677865967, -0.1352440974136014]","[3.8125, 0.0625, 19.4375]","[0.013671875, 0.87060546875, -0.5703125]"
7431407828,"std_msgs.msg.Header(stamp=builtin_interfaces.msg.Time(sec=1731185772, nanosec=91371658), frame_id='RL_myo')","geometry_msgs.msg.Quaternion(x=-0.5007067628350177, y=-0.7528911051112601, z=-0.4042761576083809, w=-0.13787135266264078)",[0. 0. 0. 0. 0. 0. 0. 0. 0.],"geometry_msgs.msg.Vector3(x=0.375, y=-2.4375, z=24.9375)",[0. 0. 0. 0. 0. 0. 0. 0. 0.],"geometry_msgs.msg.Vector3(x=-0.08984375, y=0.919921875, z=-0.66015625)",[0. 0. 0. 0. 0. 0. 0. 0. 0.],False,7.431407828,"[-0.5007067628350177, -0.7528911051112601, -0.4042761576083809, -0.13787135266264078]","[0.375, -2.4375, 24.9375]","[-0.08984375, 0.919921875, -0.66015625]"
7453283744,"std_msgs.msg.Header(stamp=builtin_interfaces.msg.Time(sec=1731185772, nanosec=113177897), frame_id='RL_myo')","geometry_msgs.msg.Quaternion(x=-0.4982026551453905, y=-0.7562451427056883, z=-0.40018557023010237, w=-0.14049522383249896)",[0. 0. 0. 0. 0. 0. 0. 0. 0.],"geometry_msgs.msg.Vector3(x=1.75, y=-4.75, z=24.1875)",[0. 0. 0. 0. 0. 0. 0. 0. 0.],"geometry_msgs.msg.Vector3(x=-0.01220703125, y=0.8544921875, z=-0.61279296875)",[0. 0. 0. 0. 0. 0. 0. 0. 0.],False,7.453283744,"[-0.4982026551453905, -0.7562451427056883, -0.40018557023010237, -0.14049522383249896]","[1.75, -4.75, 24.1875]","[-0.01220703125, 0.8544921875, -0.61279296875]"
7476740167,"std_msgs.msg.Header(stamp=builtin_interfaces.msg.Time(sec=1731185772, nanosec=136422890), frame_id='RL_myo')","geometry_msgs.msg.Quaternion(x=-0.4961422669545497, y=-0.7587699179208958, z=-0.39677953960776574, w=-0.14379520001782742)",[0. 0. 0. 0. 0. 0. 0. 0. 0.],"geometry_msgs.msg.Vector3(x=4.75, y=0.375, z=19.25)",[0. 0. 0. 0. 0. 0. 0. 0. 0.],"geometry_msgs.msg.Vector3(x=0.01171875, y=0.94384765625, z=-0.525390625)",[0. 0. 0. 0. 0. 0. 0. 0. 0.],False,7.476740167,"[-0.4961422669545497, -0.7587699179208958, -0.39677953960776574, -0.14379520001782742]","[4.75, 0.375, 19.25]","[0.01171875, 0.94384765625, -0.525390625]"
7498982801,"std_msgs.msg.Header(stamp=builtin_interfaces.msg.Time(sec=1731185772, nanosec=158816466), frame_id='RL_myo')","geometry_msgs.msg.Quaternion(x=-0.4938784091932963, y=-0.7608974453055888, z=-0.395127140523653, w=-0.14489215810984743)",[0. 0. 0. 0. 0. 0. 0. 0. 0.],"geometry_msgs.msg.Vector3(x=9.0, y=1.125, z=14.0625)",[0. 0. 0. 0. 0. 0. 0. 0. 0.],"geometry_msgs.msg.Vector3(x=-0.14794921875, y=1.00146484375, z=-0.59130859375)",[0. 0. 0. 0. 0. 0. 0. 0. 0.],False,7.498982801,"[-0.4938784091932963, -0.7608974453055888, -0.395127140523653, -0.14489215810984743]","[9.0, 1.125, 14.0625]","[-0.14794921875, 1.00146484375, -0.59130859375]"
7513535289,"std_msgs.msg.Header(stamp=builtin_interfaces.msg.Time(sec=1731185772, nanosec=173368882), frame_id='RL_myo')","geometry_msgs.msg.Quaternion(x=-0.4926368046581797, y=-0.7625739437814613, z=-0.39364561323652864, w=-0.14433672485339383)",[0. 0. 0. 0. 0. 0. 0. 0. 0.],"geometry_msgs.msg.Vector3(x=4.8125, y=-7.0, z=8.125)",[0. 0. 0. 0. 0. 0. 0. 0. 0.],"geometry_msgs.msg.Vector3(x=-0.17333984375, y=1.01806640625, z=-0.6455078125)",[0. 0. 0. 0. 0. 0. 0. 0. 0.],False,7.513535289,"[-0.4926368046581797, -0.7625739437814613, -0.39364561323652864, -0.14433672485339383]","[4.8125, -7.0, 8.125]","[-0.17333984375, 1.01806640625, -0.6455078125]"
7536436405,"std_msgs.msg.Header(stamp=builtin_interfaces.msg.Time(sec=1731185772, nanosec=196261925), frame_id='RL_myo')","geometry_msgs.msg.Quaternion(x=-0.4925125830113506, y=-0.7637911990566361, z=-0.3911416535960032, w=-0.14512948232973877)",[0. 0. 0. 0. 0. 0. 0. 0. 0.],"geometry_msgs.msg.Vector3(x=-4.375, y=-9.625, z=8.125)",[0. 0. 0. 0. 0. 0. 0. 0. 0.],"geometry_msgs.msg.Vector3(x=-0.04443359375, y=0.93115234375, z=-0.58056640625)",[0. 0. 0. 0. 0. 0. 0. 0. 0.],False,7.536436405,"[-0.4925125830113506, -0.7637911990566361, -0.3911416535960032, -0.14512948232973877]","[-4.375, -9.625, 8.125]","[-0.04443359375, 0.93115234375, -0.58056640625]"
7559012447,"std_msgs.msg.Header(stamp=builtin_interfaces.msg.Time(sec=1731185772, nanosec=218820637), frame_id='RL_myo')","geometry_msgs.msg.Quaternion(x=-0.4927129573350246, y=-0.7647334764533456, z=-0.3879817007034252, w=-0.14794205482225936)",[0. 0. 0. 0. 0. 0. 0. 0. 0.],"geometry_msgs.msg.Vector3(x=-9.4375, y=-3.125, z=14.6875)",[0. 0. 0. 0. 0. 0. 0. 0. 0.],"geometry_msgs.msg.Vector3(x=-0.017578125, y=0.88720703125, z=-0.517578125)",[0. 0. 0. 0. 0. 0. 0. 0. 0.],False,7.559012447,"[-0.4927129573350246, -0.7647334764533456, -0.3879817007034252, -0.14794205482225936]","[-9.4375, -3.125, 14.6875]","[-0.017578125, 0.88720703125, -0.517578125]"
7573821885,"std_msgs.msg.Header(stamp=builtin_interfaces.msg.Time(sec=1731185772, nanosec=233655391), frame_id='RL_myo')","geometry_msgs.msg.Quaternion(x=-0.4933339919491739, y=-0.7651773174646533, z=-0.3854877512249143, w=-0.15008144082679928)",[0. 0. 0. 0. 0. 0. 0. 0. 0.],"geometry_msgs.msg.Vector3(x=-10.1875, y=-0.375, z=16.1875)",[0. 0. 0. 0. 0. 0. 0. 0. 0.],"geometry_msgs.msg.Vector3(x=-0.12890625, y=0.8720703125, z=-0.5)",[0. 0. 0. 0. 0. 0. 0. 0. 0.],False,7.573821885,"[-0.4933339919491739, -0.7651773174646533, -0.3854877512249143, -0.15008144082679928]","[-10.1875, -0.375, 16.1875]","[-0.12890625, 0.8720703125, -0.5]"
7596428546,"std_msgs.msg.Header(stamp=builtin_interfaces.msg.Time(sec=1731185772, nanosec=256214793), frame_id='RL_myo')","geometry_msgs.msg.Quaternion(x=-0.49326225173595084, y=-0.766076192005649, z=-0.3836484180168507, w=-0.15044437645745098)",[0. 0. 0. 0. 0. 0. 0. 0. 0.],"geometry_msgs.msg.Vector3(x=-1.6875, y=-3.9375, z=12.6875)",[0. 0. 0. 0. 0. 0. 0. 0. 0.],"geometry_msgs.msg.Vector3(x=-0.169921875, y=0.86474609375, z=-0.5)",[0. 0. 0. 0. 0. 0. 0. 0. 0.],False,7.596428546,"[-0.49326225173595084, -0.766076192005649, -0.3836484180168507, -0.15044437645745098]","[-1.6875, -3.9375, 12.6875]","[-0.169921875, 0.86474609375, -0.5]"
7618994632,"std_msgs.msg.Header(stamp=builtin_interfaces.msg.Time(sec=1731185772, nanosec=278965582), frame_id='RL_myo')","geometry_msgs.msg.Quaternion(x=-0.4905011907989135, y=-0.7684335564699665, z=-0.38223329077685647, w=-0.1510501987342679)",[0. 0. 0. 0. 0. 0. 0. 0. 0.],"geometry_msgs.msg.Vector3(x=14.125, y=0.375, z=11.375)",[0. 0. 0. 0. 0. 0. 0. 0. 0.],"geometry_msgs.msg.Vector3(x=-0.07080078125, y=0.81103515625, z=-0.47607421875)",[0. 0. 0. 0. 0. 0. 0. 0. 0.],False,7.618994632,"[-0.4905011907989135, -0.7684335564699665, -0.38223329077685647, -0.1510501987342679]","[14.125, 0.375, 11.375]","[-0.07080078125, 0.81103515625, -0.47607421875]"
7641637619,"std_msgs.msg.Header(stamp=builtin_interfaces.msg.Time(sec=1731185772, nanosec=301476670), frame_id='RL_myo')","geometry_msgs.msg.Quaternion(x=-0.48569599467659225, y=-0.770778426334592, z=-0.3826732704978931, w=-0.15349653513591727)",[0. 0. 0. 0. 0. 0. 0. 0. 0.],"geometry_msgs.msg.Vector3(x=36.125, y=17.25, z=4.5625)",[0. 0. 0. 0. 0. 0. 0. 0. 0.],"geometry_msgs.msg.Vector3(x=-0.029296875, y=1.19140625, z=-0.4423828125)",[0. 0. 0. 0. 0. 0. 0. 0. 0.],False,7.641637619,"[-0.48569599467659225, -0.770778426334592, -0.3826732704978931, -0.15349653513591727]","[36.125, 17.25, 4.5625]","[-0.029296875, 1.19140625, -0.4423828125]"
7656737900,"std_msgs.msg.Header(stamp=builtin_interfaces.msg.Time(sec=1731185772, nanosec=316486101), frame_id='RL_myo')","geometry_msgs.msg.Quaternion(x=-0.4748231542152404, y=-0.7754020789594639, z=-0.3879146488678751, w=-0.1510523530440514)",[0. 0. 0. 0. 0. 0. 0. 0. 0.],"geometry_msgs.msg.Vector3(x=65.0, y=25.0625, z=-5.9375)",[0. 0. 0. 0. 0. 0. 0. 0. 0.],"geometry_msgs.msg.Vector3(x=-0.22119140625, y=0.95361328125, z=-0.65771484375)",[0. 0. 0. 0. 0. 0. 0. 0. 0.],False,7.6567379,"[-0.4748231542152404, -0.7754020789594639, -0.3879146488678751, -0.1510523530440514]","[65.0, 25.0625, -5.9375]","[-0.22119140625, 0.95361328125, -0.65771484375]"
7679550398,"std_msgs.msg.Header(stamp=builtin_interfaces.msg.Time(sec=1731185772, nanosec=339303020), frame_id='RL_myo')","geometry_msgs.msg.Quaternion(x=-0.46774817719224704, y=-0.7792547920655807, z=-0.390787001378126, w=-0.14580511421089223)",[0. 0. 0. 0. 0. 0. 0. 0. 0.],"geometry_msgs.msg.Vector3(x=49.875, y=0.875, z=-4.1875)",[0. 0. 0. 0. 0. 0. 0. 0. 0.],"geometry_msgs.msg.Vector3(x=-0.29833984375, y=0.9736328125, z=-0.703125)",[0. 0. 0. 0. 0. 0. 0. 0. 0.],False,7.679550398,"[-0.46774817719224704, -0.7792547920655807, -0.390787001378126, -0.14580511421089223]","[49.875, 0.875, -4.1875]","[-0.29833984375, 0.9736328125, -0.703125]"
7693392719,"std_msgs.msg.Header(stamp=builtin_interfaces.msg.Time(sec=1731185772, nanosec=353218604), frame_id='RL_myo')","geometry_msgs.msg.Quaternion(x=-0.4649893448851283, y=-0.7820414050870237, z=-0.389189795554858, w=-0.14397031954114944)",[0. 0. 0. 0. 0. 0. 0. 0. 0.],"geometry_msgs.msg.Vector3(x=28.0, y=-12.0625, z=4.0)",[0. 0. 0. 0. 0. 0. 0. 0. 0.],"geometry_msgs.msg.Vector3(x=-0.05810546875, y=1.07763671875, z=-0.5859375)",[0. 0. 0. 0. 0. 0. 0. 0. 0.],False,7.693392719,"[-0.4649893448851283, -0.7820414050870237, -0.389189795554858, -0.14397031954114944]","[28.0, -12.0625, 4.0]","[-0.05810546875, 1.07763671875, -0.5859375]"
7716416553,"std_msgs.msg.Header(stamp=builtin_interfaces.msg.Time(sec=1731185772, nanosec=376192184), frame_id='RL_myo')","geometry_msgs.msg.Quaternion(x=-0.4653701283294553, y=-0.7822490406293283, z=-0.3880423968417937, w=-0.14470722285496898)",[0. 0. 0. 0. 0. 0. 0. 0. 0.],"geometry_msgs.msg.Vector3(x=1.6875, y=-3.875, z=0.875)",[0. 0. 0. 0. 0. 0. 0. 0. 0.],"geometry_msgs.msg.Vector3(x=-0.0439453125, y=0.9345703125, z=-0.4931640625)",[0. 0. 0. 0. 0. 0. 0. 0. 0.],False,7.716416553,"[-0.4653701283294553, -0.7822490406293283, -0.3880423968417937, -0.14470722285496898]","[1.6875, -3.875, 0.875]","[-0.0439453125, 0.9345703125, -0.4931640625]"
7739153267,"std_msgs.msg.Header(stamp=builtin_interfaces.msg.Time(sec=1731185772, nanosec=398887663), frame_id='RL_myo')","geometry_msgs.msg.Quaternion(x=-0.46633470316183134, y=-0.7821069521029799, z=-0.386689789194263, w=-0.1459851603145008)",[0. 0. 0. 0. 0. 0. 0. 0. 0.],"geometry_msgs.msg.Vector3(x=-3.5, y=0.4375, z=7.8125)",[0. 0. 0. 0. 0. 0. 0. 0. 0.],"geometry_msgs.msg.Vector3(x=-0.1171875, y=0.78662109375, z=-0.400390625)",[0. 0. 0. 0. 0. 0. 0. 0. 0.],False,7.739153267,"[-0.46633470316183134, -0.7821069521029799, -0.386689789194263, -0.1459851603145008]","[-3.5, 0.4375, 7.8125]","[-0.1171875, 0.78662109375, -0.400390625]"
7761457486,"std_msgs.msg.Header(stamp=builtin_interfaces.msg.Time(sec=1731185772, nanosec=421315093), frame_id='RL_myo')","geometry_msgs.msg.Quaternion(x=-0.4662859709517301, y=-0.7821886130520121, z=-0.38621173091394606, w=-0.14696552592300602)",[0. 0. 0. 0. 0. 0. 0. 0. 0.],"geometry_msgs.msg.Vector3(x=4.125, y=3.375, z=3.6875)",[0. 0. 0. 0. 0. 0. 0. 0. 0.],"geometry_msgs.msg.Vector3(x=-0.10986328125, y=0.84228515625, z=-0.412109375)",[0. 0. 0. 0. 0. 0. 0. 0. 0.],False,7.761457486,"[-0.4662859709517301, -0.7821886130520121, -0.38621173091394606, -0.14696552592300602]","[4.125, 3.375, 3.6875]","[-0.10986328125, 0.84228515625, -0.412109375]"
7776470935,"std_msgs.msg.Header(stamp=builtin_interfaces.msg.Time(sec=1731185772, nanosec=436322530), frame_id='RL_myo')","geometry_msgs.msg.Quaternion(x=-0.4662291328343275, y=-0.7817073875300519, z=-0.38725276185807145, w=-0.14696684799909157)",[0. 0. 0. 0. 0. 0. 0. 0. 0.],"geometry_msgs.msg.Vector3(x=6.0625, y=5.125, z=-4.375)",[0. 0. 0. 0. 0. 0. 0. 0. 0.],"geometry_msgs.msg.Vector3(x=-0.166015625, y=0.9267578125, z=-0.47021484375)",[0. 0. 0. 0. 0. 0. 0. 0. 0.],False,7.776470935,"[-0.4662291328343275, -0.7817073875300519, -0.38725276185807145, -0.14696684799909157]","[6.0625, 5.125, -4.375]","[-0.166015625, 0.9267578125, -0.47021484375]"
7798882580,"std_msgs.msg.Header(stamp=builtin_interfaces.msg.Time(sec=1731185772, nanosec=458685544), frame_id='RL_myo')","geometry_msgs.msg.Quaternion(x=-0.46640872506624903, y=-0.7812132531860753, z=-0.38847049660385696, w=-0.14580612983293234)",[0. 0. 0. 0. 0. 0. 0. 0. 0.],"geometry_msgs.msg.Vector3(x=4.0625, y=2.125, z=-4.0)",[0. 0. 0. 0. 0. 0. 0. 0. 0.],"geometry_msgs.msg.Vector3(x=-0.240234375, y=0.87109375, z=-0.4990234375)",[0. 0. 0. 0. 0. 0. 0. 0. 0.],False,7.79888258,"[-0.46640872506624903, -0.7812132531860753, -0.38847049660385696, -0.14580612983293234]","[4.0625, 2.125, -4.0]","[-0.240234375, 0.87109375, -0.4990234375]"
7813410378,"std_msgs.msg.Header(stamp=builtin_interfaces.msg.Time(sec=1731185772, nanosec=473154500), frame_id='RL_myo')","geometry_msgs.msg.Quaternion(x=-0.46590497625299704, y=-0.7817365523741996, z=-0.3884575810650152, w=-0.14464170732507245)",[0. 0. 0. 0. 0. 0. 0. 0. 0.],"geometry_msgs.msg.Vector3(x=3.9375, y=-3.5, z=1.125)",[0. 0. 0. 0. 0. 0. 0. 0. 0.],"geometry_msgs.msg.Vector3(x=-0.177734375, y=0.82861328125, z=-0.5498046875)",[0. 0. 0. 0. 0. 0. 0. 0. 0.],False,7.813410378,"[-0.46590497625299704, -0.7817365523741996, -0.3884575810650152, -0.14464170732507245]","[3.9375, -3.5, 1.125]","[-0.177734375, 0.82861328125, -0.5498046875]"
7836545521,"std_msgs.msg.Header(stamp=builtin_interfaces.msg.Time(sec=1731185772, nanosec=496284919), frame_id='RL_myo')","geometry_msgs.msg.Quaternion(x=-0.46609703997558743, y=-0.7820567592310039, z=-0.3876716509002136, w=-0.14440036618858712)",[0. 0. 0. 0. 0. 0. 0. 0. 0.],"geometry_msgs.msg.Vector3(x=-0.4375, y=-6.6875, z=-1.25)",[0. 0. 0. 0. 0. 0. 0. 0. 0.],"geometry_msgs.msg.Vector3(x=-0.07177734375, y=0.92431640625, z=-0.580078125)",[0. 0. 0. 0. 0. 0. 0. 0. 0.],False,7.836545521,"[-0.46609703997558743, -0.7820567592310039, -0.3876716509002136, -0.14440036618858712]","[-0.4375, -6.6875, -1.25]","[-0.07177734375, 0.92431640625, -0.580078125]"
7858892123,"std_msgs.msg.Header(stamp=builtin_interfaces.msg.Time(sec=1731185772, nanosec=518797651), frame_id='RL_myo')","geometry_msgs.msg.Quaternion(x=-0.467330040984311, y=-0.7813450678700731, z=-0.3876208815843489, w=-0.14440418923454093)",[0. 0. 0. 0. 0. 0. 0. 0. 0.],"geometry_msgs.msg.Vector3(x=-8.0625, y=-3.4375, z=-3.75)",[0. 0. 0. 0. 0. 0. 0. 0. 0.],"geometry_msgs.msg.Vector3(x=-0.12158203125, y=0.8994140625, z=-0.5703125)",[0. 0. 0. 0. 0. 0. 0. 0. 0.],False,7.858892123,"[-0.467330040984311, -0.7813450678700731, -0.3876208815843489, -0.14440418923454093]","[-8.0625, -3.4375, -3.75]","[-0.12158203125, 0.8994140625, -0.5703125]"
7873369601,"std_msgs.msg.Header(stamp=builtin_interfaces.msg.Time(sec=1731185772, nanosec=533213296), frame_id='RL_myo')","geometry_msgs.msg.Quaternion(x=-0.46958536439913234, y=-0.780424753648519, z=-0.38670299828865384, w=-0.1445253629967696)",[0. 0. 0. 0. 0. 0. 0. 0. 0.],"geometry_msgs.msg.Vector3(x=-15.8125, y=-4.75, z=2.875)",[0. 0. 0. 0. 0. 0. 0. 0. 0.],"geometry_msgs.msg.Vector3(x=-0.18408203125, y=0.87060546875, z=-0.56591796875)",[0. 0. 0. 0. 0. 0. 0. 0. 0.],False,7.873369601,"[-0.46958536439913234, -0.780424753648519, -0.38670299828865384, -0.1445253629967696]","[-15.8125, -4.75, 2.875]","[-0.18408203125, 0.87060546875, -0.56591796875]"
7896430214,"std_msgs.msg.Header(stamp=builtin_interfaces.msg.Time(sec=1731185772, nanosec=556355386), frame_id='RL_myo')","geometry_msgs.msg.Quaternion(x=-0.4714115629358417, y=-0.7796844531985212, z=-0.3859056593013111, w=-0.1447069932316003)",[0. 0. 0. 0. 0. 0. 0. 0. 0.],"geometry_msgs.msg.Vector3(x=-14.6875, y=-4.5625, z=2.6875)",[0. 0. 0. 0. 0. 0. 0. 0. 0.],"geometry_msgs.msg.Vector3(x=-0.16259765625, y=0.83203125, z=-0.56884765625)",[0. 0. 0. 0. 0. 0. 0. 0. 0.],False,7.896430214,"[-0.4714115629358417, -0.7796844531985212, -0.3859056593013111, -0.1447069932316003]","[-14.6875, -4.5625, 2.6875]","[-0.16259765625, 0.83203125, -0.56884765625]"
7918828946,"std_msgs.msg.Header(stamp=builtin_interfaces.msg.Time(sec=1731185772, nanosec=578689780), frame_id='RL_myo')","geometry_msgs.msg.Quaternion(x=-0.4729950645909387, y=-0.7791907083396793, z=-0.3849874667664054, w=-0.14464494233297095)",[0. 0. 0. 0. 0. 0. 0. 0. 0.],"geometry_msgs.msg.Vector3(x=-9.125, y=-4.8125, z=2.6875)",[0. 0. 0. 0. 0. 0. 0. 0. 0.],"geometry_msgs.msg.Vector3(x=-0.1748046875, y=0.9169921875, z=-0.546875)",[0. 0. 0. 0. 0. 0. 0. 0. 0.],False,7.918828946,"[-0.4729950645909387, -0.7791907083396793, -0.3849874667664054, -0.14464494233297095]","[-9.125, -4.8125, 2.6875]","[-0.1748046875, 0.9169921875, -0.546875]"
7940000361,"std_msgs.msg.Header(stamp=builtin_interfaces.msg.Time(sec=1731185772, nanosec=599856399), frame_id='RL_myo')","geometry_msgs.msg.Quaternion(x=-0.4730058051323336, y=-0.7792084018225165, z=-0.3854844729310734, w=-0.14318343468909092)",[0. 0. 0. 0. 0. 0. 0. 0. 0.],"geometry_msgs.msg.Vector3(x=4.0625, y=-4.4375, z=-4.75)",[0. 0. 0. 0. 0. 0. 0. 0. 0.],"geometry_msgs.msg.Vector3(x=-0.16943359375, y=0.88427734375, z=-0.52880859375)",[0. 0. 0. 0. 0. 0. 0. 0. 0.],False,7.940000361,"[-0.4730058051323336, -0.7792084018225165, -0.3854844729310734, -0.14318343468909092]","[4.0625, -4.4375, -4.75]","[-0.16943359375, 0.88427734375, -0.52880859375]"
7956765377,"std_msgs.msg.Header(stamp=builtin_interfaces.msg.Time(sec=1731185772, nanosec=616707511), frame_id='RL_myo')","geometry_msgs.msg.Quaternion(x=-0.47160014344076495, y=-0.7800597170074307, z=-0.38609324542594525, w=-0.1415349725170356)",[0. 0. 0. 0. 0. 0. 0. 0. 0.],"geometry_msgs.msg.Vector3(x=9.5, y=-1.8125, z=-0.8125)",[0. 0. 0. 0. 0. 0. 0. 0. 0.],"geometry_msgs.msg.Vector3(x=-0.19580078125, y=0.81103515625, z=-0.54931640625)",[0. 0. 0. 0. 0. 0. 0. 0. 0.],False,7.956765377,"[-0.47160014344076495, -0.7800597170074307, -0.38609324542594525, -0.1415349725170356]","[9.5, -1.8125, -0.8125]","[-0.19580078125, 0.81103515625, -0.54931640625]"
7978661796,"std_msgs.msg.Header(stamp=builtin_interfaces.msg.Time(sec=1731185772, nanosec=638631484), frame_id='RL_myo')","geometry_msgs.msg.Quaternion(x=-0.4698219514180861, y=-0.7813887300605036, z=-0.3858423456566823, w=-0.14080010936886525)",[0. 0. 0. 0. 0. 0. 0. 0. 0.],"geometry_msgs.msg.Vector3(x=14.375, y=-0.75, z=3.8125)",[0. 0. 0. 0. 0. 0. 0. 0. 0.],"geometry_msgs.msg.Vector3(x=-0.15478515625, y=0.88671875, z=-0.52294921875)",[0. 0. 0. 0. 0. 0. 0. 0. 0.],False,7.978661796,"[-0.4698219514180861, -0.7813887300605036, -0.3858423456566823, -0.14080010936886525]","[14.375, -0.75, 3.8125]","[-0.15478515625, 0.88671875, -0.52294921875]"
7999912809,"std_msgs.msg.Header(stamp=builtin_interfaces.msg.Time(sec=1731185772, nanosec=659857537), frame_id='RL_myo')","geometry_msgs.msg.Quaternion(x=-0.46922119238430926, y=-0.7814656799282903, z=-0.3864605346224566, w=-0.14068091160845902)",[0. 0. 0. 0. 0. 0. 0. 0. 0.],"geometry_msgs.msg.Vector3(x=7.5, y=3.625, z=-1.5)",[0. 0. 0. 0. 0. 0. 0. 0. 0.],"geometry_msgs.msg.Vector3(x=-0.17724609375, y=0.939453125, z=-0.51025390625)",[0. 0. 0. 0. 0. 0. 0. 0. 0.],False,7.999912809,"[-0.46922119238430926, -0.7814656799282903, -0.3864605346224566, -0.14068091160845902]","[7.5, 3.625, -1.5]","[-0.17724609375, 0.939453125, -0.51025390625]"
8016447467,"std_msgs.msg.Header(stamp=builtin_interfaces.msg.Time(sec=1731185772, nanosec=676266359), frame_id='RL_myo')","geometry_msgs.msg.Quaternion(x=-0.46944363915818427, y=-0.7811244328634426, z=-0.38723607520263637, w=-0.13969793162156574)",[0. 0. 0. 0. 0. 0. 0. 0. 0.],"geometry_msgs.msg.Vector3(x=3.6875, y=0.9375, z=-1.9375)",[0. 0. 0. 0. 0. 0. 0. 0. 0.],"geometry_msgs.msg.Vector3(x=-0.2431640625, y=0.92626953125, z=-0.5283203125)",[0. 0. 0. 0. 0. 0. 0. 0. 0.],False,8.016447467,"[-0.46944363915818427, -0.7811244328634426, -0.38723607520263637, -0.13969793162156574]","[3.6875, 0.9375, -1.9375]","[-0.2431640625, 0.92626953125, -0.5283203125]"
8038969781,"std_msgs.msg.Header(stamp=builtin_interfaces.msg.Time(sec=1731185772, nanosec=698862499), frame_id='RL_myo')","geometry_msgs.msg.Quaternion(x=-0.47006988825712326, y=-0.7807847416870135, z=-0.3875543742447069, w=-0.1386040919542881)",[0. 0. 0. 0. 0. 0. 0. 0. 0.],"geometry_msgs.msg.Vector3(x=-1.125, y=-3.25, z=-2.5)",[0. 0. 0. 0. 0. 0. 0. 0. 0.],"geometry_msgs.msg.Vector3(x=-0.2041015625, y=0.85986328125, z=-0.53271484375)",[0. 0. 0. 0. 0. 0. 0. 0. 0.],False,8.038969781,"[-0.47006988825712326, -0.7807847416870135, -0.3875543742447069, -0.1386040919542881]","[-1.125, -3.25, -2.5]","[-0.2041015625, 0.85986328125, -0.53271484375]"
8059949698,"std_msgs.msg.Header(stamp=builtin_interfaces.msg.Time(sec=1731185772, nanosec=719871459), frame_id='RL_myo')","geometry_msgs.msg.Quaternion(x=-0.47135190387853143, y=-0.7802970466252783, z=-0.387066395752641, w=-0.13836006294090777)",[0. 0. 0. 0. 0. 0. 0. 0. 0.],"geometry_msgs.msg.Vector3(x=-4.9375, y=-3.5625, z=0.5625)",[0. 0. 0. 0. 0. 0. 0. 0. 0.],"geometry_msgs.msg.Vector3(x=-0.1767578125, y=0.87548828125, z=-0.5009765625)",[0. 0. 0. 0. 0. 0. 0. 0. 0.],False,8.059949698,"[-0.47135190387853143, -0.7802970466252783, -0.387066395752641, -0.13836006294090777]","[-4.9375, -3.5625, 0.5625]","[-0.1767578125, 0.87548828125, -0.5009765625]"
8076381198,"std_msgs.msg.Header(stamp=builtin_interfaces.msg.Time(sec=1731185772, nanosec=736286545), frame_id='RL_myo')","geometry_msgs.msg.Quaternion(x=-0.47349217490234685, y=-0.7789611534259671, z=-0.3869477170508996, w=-0.13891056845549643)",[0. 0. 0. 0. 0. 0. 0. 0. 0.],"geometry_msgs.msg.Vector3(x=-10.125, y=-0.875, z=-2.6875)",[0. 0. 0. 0. 0. 0. 0. 0. 0.],"geometry_msgs.msg.Vector3(x=-0.16455078125, y=0.92626953125, z=-0.490234375)",[0. 0. 0. 0. 0. 0. 0. 0. 0.],False,8.076381198,"[-0.47349217490234685, -0.7789611534259671, -0.3869477170508996, -0.13891056845549643]","[-10.125, -0.875, -2.6875]","[-0.16455078125, 0.92626953125, -0.490234375]"
8099083482,"std_msgs.msg.Header(stamp=builtin_interfaces.msg.Time(sec=1731185772, nanosec=758944222), frame_id='RL_myo')","geometry_msgs.msg.Quaternion(x=-0.47383479033377846, y=-0.7784341513018217, z=-0.3877218473712641, w=-0.1385374773387013)",[0. 0. 0. 0. 0. 0. 0. 0. 0.],"geometry_msgs.msg.Vector3(x=-2.125, y=1.5625, z=-3.125)",[0. 0. 0. 0. 0. 0. 0. 0. 0.],"geometry_msgs.msg.Vector3(x=-0.19482421875, y=0.8330078125, z=-0.51318359375)",[0. 0. 0. 0. 0. 0. 0. 0. 0.],False,8.099083482,"[-0.47383479033377846, -0.7784341513018217, -0.3877218473712641, -0.1385374773387013]","[-2.125, 1.5625, -3.125]","[-0.19482421875, 0.8330078125, -0.51318359375]"
8119838667,"std_msgs.msg.Header(stamp=builtin_interfaces.msg.Time(sec=1731185772, nanosec=779809169), frame_id='RL_myo')","geometry_msgs.msg.Quaternion(x=-0.473111773192503, y=-0.7785715803169196, z=-0.38852290352728, w=-0.13799093384781339)",[0. 0. 0. 0. 0. 0. 0. 0. 0.],"geometry_msgs.msg.Vector3(x=5.0625, y=2.1875, z=-2.4375)",[0. 0. 0. 0. 0. 0. 0. 0. 0.],"geometry_msgs.msg.Vector3(x=-0.18359375, y=0.8408203125, z=-0.5185546875)",[0. 0. 0. 0. 0. 0. 0. 0. 0.],False,8.119838667,"[-0.473111773192503, -0.7785715803169196, -0.38852290352728, -0.13799093384781339]","[5.0625, 2.1875, -2.4375]","[-0.18359375, 0.8408203125, -0.5185546875]"
8136437502,"std_msgs.msg.Header(stamp=builtin_interfaces.msg.Time(sec=1731185772, nanosec=796284683), frame_id='RL_myo')","geometry_msgs.msg.Quaternion(x=-0.4717164561120772, y=-0.7789516275531687, z=-0.38962839381802317, w=-0.13750513334461248)",[0. 0. 0. 0. 0. 0. 0. 0. 0.],"geometry_msgs.msg.Vector3(x=9.3125, y=4.625, z=-2.5)",[0. 0. 0. 0. 0. 0. 0. 0. 0.],"geometry_msgs.msg.Vector3(x=-0.19091796875, y=0.89990234375, z=-0.5517578125)",[0. 0. 0. 0. 0. 0. 0. 0. 0.],False,8.136437502,"[-0.4717164561120772, -0.7789516275531687, -0.38962839381802317, -0.13750513334461248]","[9.3125, 4.625, -2.5]","[-0.19091796875, 0.89990234375, -0.5517578125]"
8159213363,"std_msgs.msg.Header(stamp=builtin_interfaces.msg.Time(sec=1731185772, nanosec=818958215), frame_id='RL_myo')","geometry_msgs.msg.Quaternion(x=-0.46952222423193535, y=-0.779688861895616, z=-0.3909735302781461, w=-0.13701772954643116)",[0. 0. 0. 0. 0. 0. 0. 0. 0.],"geometry_msgs.msg.Vector3(x=15.5, y=6.375, z=-3.75)",[0. 0. 0. 0. 0. 0. 0. 0. 0.],"geometry_msgs.msg.Vector3(x=-0.17724609375, y=0.90576171875, z=-0.5341796875)",[0. 0. 0. 0. 0. 0. 0. 0. 0.],False,8.159213363,"[-0.46952222423193535, -0.779688861895616, -0.3909735302781461, -0.13701772954643116]","[15.5, 6.375, -3.75]","[-0.17724609375, 0.90576171875, -0.5341796875]"
8179835855,"std_msgs.msg.Header(stamp=builtin_interfaces.msg.Time(sec=1731185772, nanosec=839849481), frame_id='RL_myo')","geometry_msgs.msg.Quaternion(x=-0.4667771834629846, y=-0.7808508479635754, z=-0.3921953688458602, w=-0.13628575453358321)",[0. 0. 0. 0. 0. 0. 0. 0. 0.],"geometry_msgs.msg.Vector3(x=13.5, y=4.3125, z=-2.875)",[0. 0. 0. 0. 0. 0. 0. 0. 0.],"geometry_msgs.msg.Vector3(x=-0.14599609375, y=0.83984375, z=-0.60302734375)",[0. 0. 0. 0. 0. 0. 0. 0. 0.],False,8.179835855,"[-0.4667771834629846, -0.7808508479635754, -0.3921953688458602, -0.13628575453358321]","[13.5, 4.3125, -2.875]","[-0.14599609375, 0.83984375, -0.60302734375]"
8196377850,"std_msgs.msg.Header(stamp=builtin_interfaces.msg.Time(sec=1731185772, nanosec=856169696), frame_id='RL_myo')","geometry_msgs.msg.Quaternion(x=-0.46456622904616485, y=-0.782048299920856, z=-0.39224476538093817, w=-0.13683098863918833)",[0. 0. 0. 0. 0. 0. 0. 0. 0.],"geometry_msgs.msg.Vector3(x=7.4375, y=1.625, z=-0.5625)",[0. 0. 0. 0. 0. 0. 0. 0. 0.],"geometry_msgs.msg.Vector3(x=-0.05908203125, y=0.916015625, z=-0.6611328125)",[0. 0. 0. 0. 0. 0. 0. 0. 0.],False,8.19637785,"[-0.46456622904616485, -0.782048299920856, -0.39224476538093817, -0.13683098863918833]","[7.4375, 1.625, -0.5625]","[-0.05908203125, 0.916015625, -0.6611328125]"
8219011971,"std_msgs.msg.Header(stamp=builtin_interfaces.msg.Time(sec=1731185772, nanosec=878818224), frame_id='RL_myo')","geometry_msgs.msg.Quaternion(x=-0.46550894755725064, y=-0.7806292696023647, z=-0.3929391116262724, w=-0.13970761517746777)",[0. 0. 0. 0. 0. 0. 0. 0. 0.],"geometry_msgs.msg.Vector3(x=-24.5, y=6.9375, z=-7.4375)",[0. 0. 0. 0. 0. 0. 0. 0. 0.],"geometry_msgs.msg.Vector3(x=-0.02880859375, y=0.91943359375, z=-0.75732421875)",[0. 0. 0. 0. 0. 0. 0. 0. 0.],False,8.219011971,"[-0.46550894755725064, -0.7806292696023647, -0.3929391116262724, -0.13970761517746777]","[-24.5, 6.9375, -7.4375]","[-0.02880859375, 0.91943359375, -0.75732421875]"
8240019563,"std_msgs.msg.Header(stamp=builtin_interfaces.msg.Time(sec=1731185772, nanosec=899971577), frame_id='RL_myo')","geometry_msgs.msg.Quaternion(x=-0.4751482118518408, y=-0.7741528476722863, z=-0.3918370610261809, w=-0.14623700906833792)",[0. 0. 0. 0. 0. 0. 0. 0. 0.],"geometry_msgs.msg.Vector3(x=-68.8125, y=5.25, z=-9.0)",[0. 0. 0. 0. 0. 0. 0. 0. 0.],"geometry_msgs.msg.Vector3(x=-0.0498046875, y=1.18994140625, z=-0.5869140625)",[0. 0. 0. 0. 0. 0. 0. 0. 0.],False,8.240019563,"[-0.4751482118518408, -0.7741528476722863, -0.3918370610261809, -0.14623700906833792]","[-68.8125, 5.25, -9.0]","[-0.0498046875, 1.18994140625, -0.5869140625]"
8256693230,"std_msgs.msg.Header(stamp=builtin_interfaces.msg.Time(sec=1731185772, nanosec=916477833), frame_id='RL_myo')","geometry_msgs.msg.Quaternion(x=-0.4886187992607481, y=-0.7646646185283429, z=-0.39157859306232323, w=-0.1523348142586594)",[0. 0. 0. 0. 0. 0. 0. 0. 0.],"geometry_msgs.msg.Vector3(x=-102.625, y=2.6875, z=-16.9375)",[0. 0. 0. 0. 0. 0. 0. 0. 0.],"geometry_msgs.msg.Vector3(x=-0.06103515625, y=1.02294921875, z=-0.7666015625)",[0. 0. 0. 0. 0. 0. 0. 0. 0.],False,8.25669323,"[-0.4886187992607481, -0.7646646185283429, -0.39157859306232323, -0.1523348142586594]","[-102.625, 2.6875, -16.9375]","[-0.06103515625, 1.02294921875, -0.7666015625]"
8278767812,"std_msgs.msg.Header(stamp=builtin_interfaces.msg.Time(sec=1731185772, nanosec=938751988), frame_id='RL_myo')","geometry_msgs.msg.Quaternion(x=-0.5040093955869648, y=-0.754305173172596, z=-0.3905493003585599, w=-0.15642723188294874)",[0. 0. 0. 0. 0. 0. 0. 0. 0.],"geometry_msgs.msg.Vector3(x=-112.375, y=-12.5625, z=-22.75)",[0. 0. 0. 0. 0. 0. 0. 0. 0.],"geometry_msgs.msg.Vector3(x=-0.0185546875, y=0.8740234375, z=-0.83203125)",[0. 0. 0. 0. 0. 0. 0. 0. 0.],False,8.278767812,"[-0.5040093955869648, -0.754305173172596, -0.3905493003585599, -0.15642723188294874]","[-112.375, -12.5625, -22.75]","[-0.0185546875, 0.8740234375, -0.83203125]"
8299860656,"std_msgs.msg.Header(stamp=builtin_interfaces.msg.Time(sec=1731185772, nanosec=959816713), frame_id='RL_myo')","geometry_msgs.msg.Quaternion(x=-0.520601928178135, y=-0.7427579678696251, z=-0.3900547389198664, w=-0.15856082173584932)",[0. 0. 0. 0. 0. 0. 0. 0. 0.],"geometry_msgs.msg.Vector3(x=-116.375, y=-22.0, z=-36.375)",[0. 0. 0. 0. 0. 0. 0. 0. 0.],"geometry_msgs.msg.Vector3(x=0.0556640625, y=1.00927734375, z=-0.8330078125)",[0. 0. 0. 0. 0. 0. 0. 0. 0.],False,8.299860656,"[-0.520601928178135, -0.7427579678696251, -0.3900547389198664, -0.15856082173584932]","[-116.375, -22.0, -36.375]","[0.0556640625, 1.00927734375, -0.8330078125]"
8316527095,"std_msgs.msg.Header(stamp=builtin_interfaces.msg.Time(sec=1731185772, nanosec=976430162), frame_id='RL_myo')","geometry_msgs.msg.Quaternion(x=-0.537919687862261, y=-0.7285168270946005, z=-0.392484855076265, w=-0.1608144290352913)",[0. 0. 0. 0. 0. 0. 0. 0. 0.],"geometry_msgs.msg.Vector3(x=-123.5625, y=-12.625, z=-57.1875)",[0. 0. 0. 0. 0. 0. 0. 0. 0.],"geometry_msgs.msg.Vector3(x=0.17919921875, y=1.0712890625, z=-0.72216796875)",[0. 0. 0. 0. 0. 0. 0. 0. 0.],False,8.316527095,"[-0.537919687862261, -0.7285168270946005, -0.392484855076265, -0.1608144290352913]","[-123.5625, -12.625, -57.1875]","[0.17919921875, 1.0712890625, -0.72216796875]"
8339093117,"std_msgs.msg.Header(stamp=builtin_interfaces.msg.Time(sec=1731185772, nanosec=998919784), frame_id='RL_myo')","geometry_msgs.msg.Quaternion(x=-0.5546092050775651, y=-0.7118308747463015, z=-0.3967772028402389, w=-0.16814662264649408)",[0. 0. 0. 0. 0. 0. 0. 0. 0.],"geometry_msgs.msg.Vector3(x=-138.75, y=17.6875, z=-56.125)",[0. 0. 0. 0. 0. 0. 0. 0. 0.],"geometry_msgs.msg.Vector3(x=0.2939453125, y=0.908203125, z=-0.63330078125)",[0. 0. 0. 0. 0. 0. 0. 0. 0.],False,8.339093117,"[-0.5546092050775651, -0.7118308747463015, -0.3967772028402389, -0.16814662264649408]","[-138.75, 17.6875, -56.125]","[0.2939453125, 0.908203125, -0.63330078125]"
8359864656,"std_msgs.msg.Header(stamp=builtin_interfaces.msg.Time(sec=1731185773, nanosec=19795014), frame_id='RL_myo')","geometry_msgs.msg.Quaternion(x=-0.566988510041015, y=-0.6945456667671422, z=-0.40488716637374533, w=-0.1794344692702459)",[0. 0. 0. 0. 0. 0. 0. 0. 0.],"geometry_msgs.msg.Vector3(x=-127.875, y=56.5, z=-56.875)",[0. 0. 0. 0. 0. 0. 0. 0. 0.],"geometry_msgs.msg.Vector3(x=0.3583984375, y=0.75927734375, z=-0.5234375)",[0. 0. 0. 0. 0. 0. 0. 0. 0.],False,8.359864656,"[-0.566988510041015, -0.6945456667671422, -0.40488716637374533, -0.1794344692702459]","[-127.875, 56.5, -56.875]","[0.3583984375, 0.75927734375, -0.5234375]"
8375676469,"std_msgs.msg.Header(stamp=builtin_interfaces.msg.Time(sec=1731185773, nanosec=35548956), frame_id='RL_myo')","geometry_msgs.msg.Quaternion(x=-0.5696328394773921, y=-0.6812645188306707, z=-0.4172302679382248, w=-0.1931734637250558)",[0. 0. 0. 0. 0. 0. 0. 0. 0.],"geometry_msgs.msg.Vector3(x=-89.1875, y=87.3125, z=-75.125)",[0. 0. 0. 0. 0. 0. 0. 0. 0.],"geometry_msgs.msg.Vector3(x=0.4296875, y=0.63671875, z=-0.421875)",[0. 0. 0. 0. 0. 0. 0. 0. 0.],False,8.375676469,"[-0.5696328394773921, -0.6812645188306707, -0.4172302679382248, -0.1931734637250558]","[-89.1875, 87.3125, -75.125]","[0.4296875, 0.63671875, -0.421875]"
8399099365,"std_msgs.msg.Header(stamp=builtin_interfaces.msg.Time(sec=1731185773, nanosec=58960709), frame_id='RL_myo')","geometry_msgs.msg.Quaternion(x=-0.5683216706325996, y=-0.6677413443289597, z=-0.43740994559963936, w=-0.1995106895723763)",[0. 0. 0. 0. 0. 0. 0. 0. 0.],"geometry_msgs.msg.Vector3(x=-34.25, y=105.0625, z=-98.4375)",[0. 0. 0. 0. 0. 0. 0. 0. 0.],"geometry_msgs.msg.Vector3(x=0.4609375, y=0.54052734375, z=-0.3037109375)",[0. 0. 0. 0. 0. 0. 0. 0. 0.],False,8.399099365,"[-0.5683216706325996, -0.6677413443289597, -0.43740994559963936, -0.1995106895723763]","[-34.25, 105.0625, -98.4375]","[0.4609375, 0.54052734375, -0.3037109375]"
8421391324,"std_msgs.msg.Header(stamp=builtin_interfaces.msg.Time(sec=1731185773, nanosec=81339621), frame_id='RL_myo')","geometry_msgs.msg.Quaternion(x=-0.5589740766798167, y=-0.6585750913256799, z=-0.46175323333982893, w=-0.20152117056411778)",[0. 0. 0. 0. 0. 0. 0. 0. 0.],"geometry_msgs.msg.Vector3(x=27.625, y=117.9375, z=-108.125)",[0. 0. 0. 0. 0. 0. 0. 0. 0.],"geometry_msgs.msg.Vector3(x=0.4267578125, y=0.525390625, z=-0.2138671875)",[0. 0. 0. 0. 0. 0. 0. 0. 0.],False,8.421391324,"[-0.5589740766798167, -0.6585750913256799, -0.46175323333982893, -0.20152117056411778]","[27.625, 117.9375, -108.125]","[0.4267578125, 0.525390625, -0.2138671875]"
8421391324,"std_msgs.msg.Header(stamp=builtin_interfaces.msg.Time(sec=1731185779, nanosec=261983896), frame_id='RL_myo')","geometry_msgs.msg.Quaternion(x=-0.717891125898734, y=-0.5216032615142477, z=0.09045354944583607, w=-0.4520846428780754)",[0. 0. 0. 0. 0. 0. 0. 0. 0.],"geometry_msgs.msg.Vector3(x=7.1875, y=-3.5, z=-1.4375)",[0. 0. 0. 0. 0. 0. 0. 0. 0.],"geometry_msgs.msg.Vector3(x=0.5576171875, y=0.6318359375, z=0.4345703125)",[0. 0. 0. 0. 0. 0. 0. 0. 0.],False,14.602060625,"[-0.717891125898734, -0.5216032615142477, 0.09045354944583607, -0.4520846428780754]","[7.1875, -3.5, -1.4375]","[0.5576171875, 0.6318359375, 0.4345703125]"
8436530281,"std_msgs.msg.Header(stamp=builtin_interfaces.msg.Time(sec=1731185779, nanosec=277031260), frame_id='RL_myo')","geometry_msgs.msg.Quaternion(x=-0.7169398406680554, y=-0.5232251003700723, z=0.08965562492052212, w=-0.4518789972168453)",[0. 0. 0. 0. 0. 0. 0. 0. 0.],"geometry_msgs.msg.Vector3(x=12.3125, y=-2.5, z=-2.0)",[0. 0. 0. 0. 0. 0. 0. 0. 0.],"geometry_msgs.msg.Vector3(x=0.5751953125, y=0.6318359375, z=0.42724609375)",[0. 0. 0. 0. 0. 0. 0. 0. 0.],False,14.617199582,"[-0.7169398406680554, -0.5232251003700723, 0.08965562492052212, -0.4518789972168453]","[12.3125, -2.5, -2.0]","[0.5751953125, 0.6318359375, 0.42724609375]"
8456072294,"std_msgs.msg.Header(stamp=builtin_interfaces.msg.Time(sec=1731185779, nanosec=296661736), frame_id='RL_myo')","geometry_msgs.msg.Quaternion(x=-0.7155053025533545, y=-0.5256885755260635, z=0.08813355428534027, w=-0.45159291423631065)",[0. 0. 0. 0. 0. 0. 0. 0. 0.],"geometry_msgs.msg.Vector3(x=17.4375, y=-1.3125, z=-3.1875)",[0. 0. 0. 0. 0. 0. 0. 0. 0.],"geometry_msgs.msg.Vector3(x=0.5849609375, y=0.6572265625, z=0.40966796875)",[0. 0. 0. 0. 0. 0. 0. 0. 0.],False,14.636741595,"[-0.7155053025533545, -0.5256885755260635, 0.08813355428534027, -0.45159291423631065]","[17.4375, -1.3125, -3.1875]","[0.5849609375, 0.6572265625, 0.40966796875]"
8478782113,"std_msgs.msg.Header(stamp=builtin_interfaces.msg.Time(sec=1731185779, nanosec=319209689), frame_id='RL_myo')","geometry_msgs.msg.Quaternion(x=-0.7136971952018846, y=-0.5288341197558004, z=0.08562657472791552, w=-0.45126364471718267)",[0. 0. 0. 0. 0. 0. 0. 0. 0.],"geometry_msgs.msg.Vector3(x=23.3125, y=1.3125, z=-5.375)",[0. 0. 0. 0. 0. 0. 0. 0. 0.],"geometry_msgs.msg.Vector3(x=0.603515625, y=0.6943359375, z=0.40673828125)",[0. 0. 0. 0. 0. 0. 0. 0. 0.],False,14.659451414,"[-0.7136971952018846, -0.5288341197558004, 0.08562657472791552, -0.45126364471718267]","[23.3125, 1.3125, -5.375]","[0.603515625, 0.6943359375, 0.40673828125]"
8496363965,"std_msgs.msg.Header(stamp=builtin_interfaces.msg.Time(sec=1731185779, nanosec=336987215), frame_id='RL_myo')","geometry_msgs.msg.Quaternion(x=-0.711454876117484, y=-0.5329960910297665, z=0.08086795151888705, w=-0.4507854263535847)",[0. 0. 0. 0. 0. 0. 0. 0. 0.],"geometry_msgs.msg.Vector3(x=35.4375, y=6.4375, z=-13.5)",[0. 0. 0. 0. 0. 0. 0. 0. 0.],"geometry_msgs.msg.Vector3(x=0.658203125, y=0.74072265625, z=0.45068359375)",[0. 0. 0. 0. 0. 0. 0. 0. 0.],False,14.677033266,"[-0.711454876117484, -0.5329960910297665, 0.08086795151888705, -0.4507854263535847]","[35.4375, 6.4375, -13.5]","[0.658203125, 0.74072265625, 0.45068359375]"
8515975891,"std_msgs.msg.Header(stamp=builtin_interfaces.msg.Time(sec=1731185779, nanosec=356585103), frame_id='RL_myo')","geometry_msgs.msg.Quaternion(x=-0.708777376940907, y=-0.5392884614354477, z=0.07275145382877475, w=-0.44889844203912604)",[0. 0. 0. 0. 0. 0. 0. 0. 0.],"geometry_msgs.msg.Vector3(x=54.3125, y=12.0625, z=-32.4375)",[0. 0. 0. 0. 0. 0. 0. 0. 0.],"geometry_msgs.msg.Vector3(x=0.748046875, y=0.79345703125, z=0.47021484375)",[0. 0. 0. 0. 0. 0. 0. 0. 0.],False,14.696645192,"[-0.708777376940907, -0.5392884614354477, 0.07275145382877475, -0.44889844203912604]","[54.3125, 12.0625, -32.4375]","[0.748046875, 0.79345703125, 0.47021484375]"
8538705915,"std_msgs.msg.Header(stamp=builtin_interfaces.msg.Time(sec=1731185779, nanosec=379152933), frame_id='RL_myo')","geometry_msgs.msg.Quaternion(x=-0.7069994860300388, y=-0.5467283663550663, z=0.05914040935455004, w=-0.44468216982172504)",[0. 0. 0. 0. 0. 0. 0. 0. 0.],"geometry_msgs.msg.Vector3(x=69.4375, y=24.0, z=-60.9375)",[0. 0. 0. 0. 0. 0. 0. 0. 0.],"geometry_msgs.msg.Vector3(x=0.8154296875, y=0.9482421875, z=0.5234375)",[0. 0. 0. 0. 0. 0. 0. 0. 0.],False,14.719375216,"[-0.7069994860300388, -0.5467283663550663, 0.05914040935455004, -0.44468216982172504]","[69.4375, 24.0, -60.9375]","[0.8154296875, 0.9482421875, 0.5234375]"
8556534110,"std_msgs.msg.Header(stamp=builtin_interfaces.msg.Time(sec=1731185779, nanosec=396997814), frame_id='RL_myo')","geometry_msgs.msg.Quaternion(x=-0.7064458115871591, y=-0.5530112741936284, z=0.039121534792861255, w=-0.43997994433968296)",[0. 0. 0. 0. 0. 0. 0. 0. 0.],"geometry_msgs.msg.Vector3(x=73.3125, y=53.3125, z=-84.25)",[0. 0. 0. 0. 0. 0. 0. 0. 0.],"geometry_msgs.msg.Vector3(x=0.92626953125, y=1.2294921875, z=0.57666015625)",[0. 0. 0. 0. 0. 0. 0. 0. 0.],False,14.737203411,"[-0.7064458115871591, -0.5530112741936284, 0.039121534792861255, -0.43997994433968296]","[73.3125, 53.3125, -84.25]","[0.92626953125, 1.2294921875, 0.57666015625]"
8586533230,"std_msgs.msg.Header(stamp=builtin_interfaces.msg.Time(sec=1731185779, nanosec=426978920), frame_id='RL_myo')","geometry_msgs.msg.Quaternion(x=-0.7084620683346505, y=-0.5561256346196878, z=0.011474058308659054, w=-0.43436634565280047)",[0. 0. 0. 0. 0. 0. 0. 0. 0.],"geometry_msgs.msg.Vector3(x=72.375, y=88.125, z=-115.5)",[0. 0. 0. 0. 0. 0. 0. 0. 0.],"geometry_msgs.msg.Vector3(x=0.87353515625, y=1.44140625, z=0.52587890625)",[0. 0. 0. 0. 0. 0. 0. 0. 0.],False,14.767202531,"[-0.7084620683346505, -0.5561256346196878, 0.011474058308659054, -0.43436634565280047]","[72.375, 88.125, -115.5]","[0.87353515625, 1.44140625, 0.52587890625]"
8598683620,"std_msgs.msg.Header(stamp=builtin_interfaces.msg.Time(sec=1731185779, nanosec=439172026), frame_id='RL_myo')","geometry_msgs.msg.Quaternion(x=-0.7159078917885807, y=-0.5527687788515921, z=-0.023375338666242664, w=-0.42588280212282326)",[0. 0. 0. 0. 0. 0. 0. 0. 0.],"geometry_msgs.msg.Vector3(x=44.375, y=124.0625, z=-160.625)",[0. 0. 0. 0. 0. 0. 0. 0. 0.],"geometry_msgs.msg.Vector3(x=0.57080078125, y=1.5009765625, z=0.390625)",[0. 0. 0. 0. 0. 0. 0. 0. 0.],False,14.779352921,"[-0.7159078917885807, -0.5527687788515921, -0.023375338666242664, -0.42588280212282326]","[44.375, 124.0625, -160.625]","[0.57080078125, 1.5009765625, 0.390625]"
8616326314,"std_msgs.msg.Header(stamp=builtin_interfaces.msg.Time(sec=1731185779, nanosec=456966999), frame_id='RL_myo')","geometry_msgs.msg.Quaternion(x=-0.7297797915529611, y=-0.53965985756555, z=-0.059019575013106416, w=-0.41557837255867797)",[0. 0. 0. 0. 0. 0. 0. 0. 0.],"geometry_msgs.msg.Vector3(x=-17.0, y=143.4375, z=-182.375)",[0. 0. 0. 0. 0. 0. 0. 0. 0.],"geometry_msgs.msg.Vector3(x=0.1005859375, y=1.53466796875, z=0.22509765625)",[0. 0. 0. 0. 0. 0. 0. 0. 0.],False,14.796995615,"[-0.7297797915529611, -0.53965985756555, -0.059019575013106416, -0.41557837255867797]","[-17.0, 143.4375, -182.375]","[0.1005859375, 1.53466796875, 0.22509765625]"
8637430619,"std_msgs.msg.Header(stamp=builtin_interfaces.msg.Time(sec=1731185779, nanosec=478058422), frame_id='RL_myo')","geometry_msgs.msg.Quaternion(x=-0.7458050836310255, y=-0.521575306441141, z=-0.08861775625468486, w=-0.4048220228907195)",[0. 0. 0. 0. 0. 0. 0. 0. 0.],"geometry_msgs.msg.Vector3(x=-58.875, y=129.25, z=-177.0)",[0. 0. 0. 0. 0. 0. 0. 0. 0.],"geometry_msgs.msg.Vector3(x=0.1640625, y=1.27734375, z=0.1201171875)",[0. 0. 0. 0. 0. 0. 0. 0. 0.],False,14.81809992,"[-0.7458050836310255, -0.521575306441141, -0.08861775625468486, -0.4048220228907195]","[-58.875, 129.25, -177.0]","[0.1640625, 1.27734375, 0.1201171875]"
8658786341,"std_msgs.msg.Header(stamp=builtin_interfaces.msg.Time(sec=1731185779, nanosec=499217223), frame_id='RL_myo')","geometry_msgs.msg.Quaternion(x=-0.7583844354362471, y=-0.5041248540723806, z=-0.11754775653067857, w=-0.396098099628299)",[0. 0. 0. 0. 0. 0. 0. 0. 0.],"geometry_msgs.msg.Vector3(x=-45.5, y=133.375, z=-162.5625)",[0. 0. 0. 0. 0. 0. 0. 0. 0.],"geometry_msgs.msg.Vector3(x=0.30859375, y=1.001953125, z=0.22314453125)",[0. 0. 0. 0. 0. 0. 0. 0. 0.],False,14.839455642,"[-0.7583844354362471, -0.5041248540723806, -0.11754775653067857, -0.396098099628299]","[-45.5, 133.375, -162.5625]","[0.30859375, 1.001953125, 0.22314453125]"
8684159016,"std_msgs.msg.Header(stamp=builtin_interfaces.msg.Time(sec=1731185779, nanosec=524632882), frame_id='RL_myo')","geometry_msgs.msg.Quaternion(x=-0.7602655690933533, y=-0.495146067436331, z=-0.1557516041042175, w=-0.3905996341171599)",[0. 0. 0. 0. 0. 0. 0. 0. 0.],"geometry_msgs.msg.Vector3(x=47.3125, y=167.0, z=-140.1875)",[0. 0. 0. 0. 0. 0. 0. 0. 0.],"geometry_msgs.msg.Vector3(x=-0.18310546875, y=0.65869140625, z=0.43115234375)",[0. 0. 0. 0. 0. 0. 0. 0. 0.],False,14.864828317,"[-0.7602655690933533, -0.495146067436331, -0.1557516041042175, -0.3905996341171599]","[47.3125, 167.0, -140.1875]","[-0.18310546875, 0.65869140625, 0.43115234375]"
8697509840,"std_msgs.msg.Header(stamp=builtin_interfaces.msg.Time(sec=1731185779, nanosec=538076841), frame_id='RL_myo')","geometry_msgs.msg.Quaternion(x=-0.754232201334906, y=-0.49405321814258485, z=-0.20427376419064008, w=-0.3812052378651742)",[0. 0. 0. 0. 0. 0. 0. 0. 0.],"geometry_msgs.msg.Vector3(x=132.25, y=186.1875, z=-154.375)",[0. 0. 0. 0. 0. 0. 0. 0. 0.],"geometry_msgs.msg.Vector3(x=-0.7373046875, y=0.64697265625, z=0.4765625)",[0. 0. 0. 0. 0. 0. 0. 0. 0.],False,14.878179141,"[-0.754232201334906, -0.49405321814258485, -0.20427376419064008, -0.3812052378651742]","[132.25, 186.1875, -154.375]","[-0.7373046875, 0.64697265625, 0.4765625]"
8718807804,"std_msgs.msg.Header(stamp=builtin_interfaces.msg.Time(sec=1731185779, nanosec=559276745), frame_id='RL_myo')","geometry_msgs.msg.Quaternion(x=-0.7429824558820896, y=-0.4972746057604128, z=-0.258341115142836, w=-0.36599850401880163)",[0. 0. 0. 0. 0. 0. 0. 0. 0.],"geometry_msgs.msg.Vector3(x=181.8125, y=192.0625, z=-179.375)",[0. 0. 0. 0. 0. 0. 0. 0. 0.],"geometry_msgs.msg.Vector3(x=-0.74658203125, y=1.04736328125, z=0.39892578125)",[0. 0. 0. 0. 0. 0. 0. 0. 0.],False,14.899477105,"[-0.7429824558820896, -0.4972746057604128, -0.258341115142836, -0.36599850401880163]","[181.8125, 192.0625, -179.375]","[-0.74658203125, 1.04736328125, 0.39892578125]"
8736676386,"std_msgs.msg.Header(stamp=builtin_interfaces.msg.Time(sec=1731185779, nanosec=577195615), frame_id='RL_myo')","geometry_msgs.msg.Quaternion(x=-0.7279345138155607, y=-0.5071189633012069, z=-0.30760375196029394, w=-0.3439791162794081)",[0. 0. 0. 0. 0. 0. 0. 0. 0.],"geometry_msgs.msg.Vector3(x=221.6875, y=146.0625, z=-180.9375)",[0. 0. 0. 0. 0. 0. 0. 0. 0.],"geometry_msgs.msg.Vector3(x=-0.54150390625, y=1.00048828125, z=0.34423828125)",[0. 0. 0. 0. 0. 0. 0. 0. 0.],False,14.917345687,"[-0.7279345138155607, -0.5071189633012069, -0.30760375196029394, -0.3439791162794081]","[221.6875, 146.0625, -180.9375]","[-0.54150390625, 1.00048828125, 0.34423828125]"
8757785358,"std_msgs.msg.Header(stamp=builtin_interfaces.msg.Time(sec=1731185779, nanosec=598247821), frame_id='RL_myo')","geometry_msgs.msg.Quaternion(x=-0.7124203075622061, y=-0.5134577270214032, z=-0.351785372465395, w=-0.3241381181755227)",[0. 0. 0. 0. 0. 0. 0. 0. 0.],"geometry_msgs.msg.Vector3(x=195.1875, y=140.1875, z=-162.9375)",[0. 0. 0. 0. 0. 0. 0. 0. 0.],"geometry_msgs.msg.Vector3(x=-0.5810546875, y=0.93310546875, z=0.2890625)",[0. 0. 0. 0. 0. 0. 0. 0. 0.],False,14.938454659,"[-0.7124203075622061, -0.5134577270214032, -0.351785372465395, -0.3241381181755227]","[195.1875, 140.1875, -162.9375]","[-0.5810546875, 0.93310546875, 0.2890625]"
8796728839,"std_msgs.msg.Header(stamp=builtin_interfaces.msg.Time(sec=1731185779, nanosec=637289715), frame_id='RL_myo')","geometry_msgs.msg.Quaternion(x=-0.6810672122187078, y=-0.5173767145781868, z=-0.42753614316623784, w=-0.2927142530514314)",[0. 0. 0. 0. 0. 0. 0. 0. 0.],"geometry_msgs.msg.Vector3(x=151.125, y=131.9375, z=-126.0625)",[0. 0. 0. 0. 0. 0. 0. 0. 0.],"geometry_msgs.msg.Vector3(x=-0.7490234375, y=0.7880859375, z=0.341796875)",[0. 0. 0. 0. 0. 0. 0. 0. 0.],False,14.97739814,"[-0.6810672122187078, -0.5173767145781868, -0.42753614316623784, -0.2927142530514314]","[151.125, 131.9375, -126.0625]","[-0.7490234375, 0.7880859375, 0.341796875]"
8817576542,"std_msgs.msg.Header(stamp=builtin_interfaces.msg.Time(sec=1731185779, nanosec=658146295), frame_id='RL_myo')","geometry_msgs.msg.Quaternion(x=-0.6659768400871517, y=-0.5183413950568346, z=-0.4575539195503461, w=-0.28007402118401203)",[0. 0. 0. 0. 0. 0. 0. 0. 0.],"geometry_msgs.msg.Vector3(x=134.375, y=115.875, z=-102.125)",[0. 0. 0. 0. 0. 0. 0. 0. 0.],"geometry_msgs.msg.Vector3(x=-0.73583984375, y=0.63818359375, z=0.298828125)",[0. 0. 0. 0. 0. 0. 0. 0. 0.],False,14.998245843,"[-0.6659768400871517, -0.5183413950568346, -0.4575539195503461, -0.28007402118401203]","[134.375, 115.875, -102.125]","[-0.73583984375, 0.63818359375, 0.298828125]"
8838653626,"std_msgs.msg.Header(stamp=builtin_interfaces.msg.Time(sec=1731185779, nanosec=679137151), frame_id='RL_myo')","geometry_msgs.msg.Quaternion(x=-0.6520067355721448, y=-0.520726525124173, z=-0.48044528900345634, w=-0.27000634636068227)",[0. 0. 0. 0. 0. 0. 0. 0. 0.],"geometry_msgs.msg.Vector3(x=117.6875, y=91.25, z=-69.5)",[0. 0. 0. 0. 0. 0. 0. 0. 0.],"geometry_msgs.msg.Vector3(x=-0.6982421875, y=0.50830078125, z=0.22607421875)",[0. 0. 0. 0. 0. 0. 0. 0. 0.],False,15.019322927,"[-0.6520067355721448, -0.520726525124173, -0.48044528900345634, -0.27000634636068227]","[117.6875, 91.25, -69.5]","[-0.6982421875, 0.50830078125, 0.22607421875]"
8870784871,"std_msgs.msg.Header(stamp=builtin_interfaces.msg.Time(sec=1731185779, nanosec=711322069), frame_id='RL_myo')","geometry_msgs.msg.Quaternion(x=-0.6392279100091244, y=-0.5268107045253735, z=-0.4953192397970263, w=-0.26175754306178484)",[0. 0. 0. 0. 0. 0. 0. 0. 0.],"geometry_msgs.msg.Vector3(x=109.75, y=58.125, z=-31.6875)",[0. 0. 0. 0. 0. 0. 0. 0. 0.],"geometry_msgs.msg.Vector3(x=-0.64013671875, y=0.48291015625, z=0.1611328125)",[0. 0. 0. 0. 0. 0. 0. 0. 0.],False,15.051454172,"[-0.6392279100091244, -0.5268107045253735, -0.4953192397970263, -0.26175754306178484]","[109.75, 58.125, -31.6875]","[-0.64013671875, 0.48291015625, 0.1611328125]"
8877425943,"std_msgs.msg.Header(stamp=builtin_interfaces.msg.Time(sec=1731185779, nanosec=717971135), frame_id='RL_myo')","geometry_msgs.msg.Quaternion(x=-0.6267339320946683, y=-0.5375056714341946, z=-0.5037551733868334, w=-0.2540136941647687)",[0. 0. 0. 0. 0. 0. 0. 0. 0.],"geometry_msgs.msg.Vector3(x=115.1875, y=28.8125, z=1.8125)",[0. 0. 0. 0. 0. 0. 0. 0. 0.],"geometry_msgs.msg.Vector3(x=-0.5986328125, y=0.4951171875, z=0.17138671875)",[0. 0. 0. 0. 0. 0. 0. 0. 0.],False,15.058095244,"[-0.6267339320946683, -0.5375056714341946, -0.5037551733868334, -0.2540136941647687]","[115.1875, 28.8125, 1.8125]","[-0.5986328125, 0.4951171875, 0.17138671875]"
8898484551,"std_msgs.msg.Header(stamp=builtin_interfaces.msg.Time(sec=1731185779, nanosec=739078336), frame_id='RL_myo')","geometry_msgs.msg.Quaternion(x=-0.6148377121524131, y=-0.5522797753888412, z=-0.5067498038516464, w=-0.24528814424662976)",[0. 0. 0. 0. 0. 0. 0. 0. 0.],"geometry_msgs.msg.Vector3(x=121.25, y=-1.875, z=24.25)",[0. 0. 0. 0. 0. 0. 0. 0. 0.],"geometry_msgs.msg.Vector3(x=-0.513671875, y=0.57763671875, z=0.07373046875)",[0. 0. 0. 0. 0. 0. 0. 0. 0.],False,15.079153852,"[-0.6148377121524131, -0.5522797753888412, -0.5067498038516464, -0.24528814424662976]","[121.25, -1.875, 24.25]","[-0.513671875, 0.57763671875, 0.07373046875]"
8917021432,"std_msgs.msg.Header(stamp=builtin_interfaces.msg.Time(sec=1731185779, nanosec=757536095), frame_id='RL_myo')","geometry_msgs.msg.Quaternion(x=-0.6045122221827726, y=-0.5696024805281995, z=-0.5053368197550082, w=-0.2339929187126451)",[0. 0. 0. 0. 0. 0. 0. 0. 0.],"geometry_msgs.msg.Vector3(x=126.25, y=-34.3125, z=31.6875)",[0. 0. 0. 0. 0. 0. 0. 0. 0.],"geometry_msgs.msg.Vector3(x=-0.3974609375, y=0.6904296875, z=-0.0224609375)",[0. 0. 0. 0. 0. 0. 0. 0. 0.],False,15.097690733,"[-0.6045122221827726, -0.5696024805281995, -0.5053368197550082, -0.2339929187126451]","[126.25, -34.3125, 31.6875]","[-0.3974609375, 0.6904296875, -0.0224609375]"
8939170696,"std_msgs.msg.Header(stamp=builtin_interfaces.msg.Time(sec=1731185779, nanosec=779605526), frame_id='RL_myo')","geometry_msgs.msg.Quaternion(x=-0.5954440316639097, y=-0.5890355011878221, z=-0.499560209016923, w=-0.2211858518603945)",[0. 0. 0. 0. 0. 0. 0. 0. 0.],"geometry_msgs.msg.Vector3(x=127.6875, y=-61.3125, z=41.375)",[0. 0. 0. 0. 0. 0. 0. 0. 0.],"geometry_msgs.msg.Vector3(x=-0.189453125, y=0.7998046875, z=-0.076171875)",[0. 0. 0. 0. 0. 0. 0. 0. 0.],False,15.119839997,"[-0.5954440316639097, -0.5890355011878221, -0.499560209016923, -0.2211858518603945]","[127.6875, -61.3125, 41.375]","[-0.189453125, 0.7998046875, -0.076171875]"
8958628363,"std_msgs.msg.Header(stamp=builtin_interfaces.msg.Time(sec=1731185779, nanosec=799146126), frame_id='RL_myo')","geometry_msgs.msg.Quaternion(x=-0.5847910561522096, y=-0.6096303339495327, z=-0.49184211245362736, w=-0.21085922552764394)",[0. 0. 0. 0. 0. 0. 0. 0. 0.],"geometry_msgs.msg.Vector3(x=128.8125, y=-56.6875, z=58.8125)",[0. 0. 0. 0. 0. 0. 0. 0. 0.],"geometry_msgs.msg.Vector3(x=-0.00146484375, y=0.8232421875, z=-0.02099609375)",[0. 0. 0. 0. 0. 0. 0. 0. 0.],False,15.139297664,"[-0.5847910561522096, -0.6096303339495327, -0.49184211245362736, -0.21085922552764394]","[128.8125, -56.6875, 58.8125]","[-0.00146484375, 0.8232421875, -0.02099609375]"
8976555174,"std_msgs.msg.Header(stamp=builtin_interfaces.msg.Time(sec=1731185779, nanosec=817009918), frame_id='RL_myo')","geometry_msgs.msg.Quaternion(x=-0.5760255065290035, y=-0.6274759729417975, z=-0.47953299478685957, w=-0.21098963509967844)",[0. 0. 0. 0. 0. 0. 0. 0. 0.],"geometry_msgs.msg.Vector3(x=91.1875, y=-38.5625, z=81.125)",[0. 0. 0. 0. 0. 0. 0. 0. 0.],"geometry_msgs.msg.Vector3(x=0.12548828125, y=0.755859375, z=0.04296875)",[0. 0. 0. 0. 0. 0. 0. 0. 0.],False,15.157224475,"[-0.5760255065290035, -0.6274759729417975, -0.47953299478685957, -0.21098963509967844]","[91.1875, -38.5625, 81.125]","[0.12548828125, 0.755859375, 0.04296875]"
8998863383,"std_msgs.msg.Header(stamp=builtin_interfaces.msg.Time(sec=1731185779, nanosec=839376836), frame_id='RL_myo')","geometry_msgs.msg.Quaternion(x=-0.5696715578621964, y=-0.6423605256588404, z=-0.465307044904798, w=-0.2152594369594993)",[0. 0. 0. 0. 0. 0. 0. 0. 0.],"geometry_msgs.msg.Vector3(x=46.3125, y=-36.875, z=92.6875)",[0. 0. 0. 0. 0. 0. 0. 0. 0.],"geometry_msgs.msg.Vector3(x=0.11865234375, y=0.73779296875, z=-0.15869140625)",[0. 0. 0. 0. 0. 0. 0. 0. 0.],False,15.179532684,"[-0.5696715578621964, -0.6423605256588404, -0.465307044904798, -0.2152594369594993]","[46.3125, -36.875, 92.6875]","[0.11865234375, 0.73779296875, -0.15869140625]"
9018513516,"std_msgs.msg.Header(stamp=builtin_interfaces.msg.Time(sec=1731185779, nanosec=859112938), frame_id='RL_myo')","geometry_msgs.msg.Quaternion(x=-0.56291421222396, y=-0.6571503115055163, z=-0.4508562599694668, w=-0.21911113757823011)",[0. 0. 0. 0. 0. 0. 0. 0. 0.],"geometry_msgs.msg.Vector3(x=44.3125, y=-35.375, z=107.25)",[0. 0. 0. 0. 0. 0. 0. 0. 0.],"geometry_msgs.msg.Vector3(x=0.21630859375, y=0.7373046875, z=-0.26953125)",[0. 0. 0. 0. 0. 0. 0. 0. 0.],False,15.199182817,"[-0.56291421222396, -0.6571503115055163, -0.4508562599694668, -0.21911113757823011]","[44.3125, -35.375, 107.25]","[0.21630859375, 0.7373046875, -0.26953125]"
9036771309,"std_msgs.msg.Header(stamp=builtin_interfaces.msg.Time(sec=1731185779, nanosec=877278860), frame_id='RL_myo')","geometry_msgs.msg.Quaternion(x=-0.5520341046445835, y=-0.6726332633817528, z=-0.438453621643636, w=-0.2249027833737192)",[0. 0. 0. 0. 0. 0. 0. 0. 0.],"geometry_msgs.msg.Vector3(x=61.5, y=-11.875, z=110.3125)",[0. 0. 0. 0. 0. 0. 0. 0. 0.],"geometry_msgs.msg.Vector3(x=0.4091796875, y=0.67236328125, z=-0.146484375)",[0. 0. 0. 0. 0. 0. 0. 0. 0.],False,15.21744061,"[-0.5520341046445835, -0.6726332633817528, -0.438453621643636, -0.2249027833737192]","[61.5, -11.875, 110.3125]","[0.4091796875, 0.67236328125, -0.146484375]"
9059106715,"std_msgs.msg.Header(stamp=builtin_interfaces.msg.Time(sec=1731185779, nanosec=899638851), frame_id='RL_myo')","geometry_msgs.msg.Quaternion(x=-0.5423856572109442, y=-0.6844056216905061, z=-0.4276467086842676, w=-0.23350596652290678)",[0. 0. 0. 0. 0. 0. 0. 0. 0.],"geometry_msgs.msg.Vector3(x=38.9375, y=5.5625, z=102.6875)",[0. 0. 0. 0. 0. 0. 0. 0. 0.],"geometry_msgs.msg.Vector3(x=0.40478515625, y=0.6611328125, z=-0.1982421875)",[0. 0. 0. 0. 0. 0. 0. 0. 0.],False,15.239776016,"[-0.5423856572109442, -0.6844056216905061, -0.4276467086842676, -0.23350596652290678]","[38.9375, 5.5625, 102.6875]","[0.40478515625, 0.6611328125, -0.1982421875]"
9078796937,"std_msgs.msg.Header(stamp=builtin_interfaces.msg.Time(sec=1731185779, nanosec=919255168), frame_id='RL_myo')","geometry_msgs.msg.Quaternion(x=-0.5309203975590587, y=-0.6955246408303292, z=-0.41904810318892943, w=-0.2424204873094127)",[0. 0. 0. 0. 0. 0. 0. 0. 0.],"geometry_msgs.msg.Vector3(x=34.9375, y=12.875, z=83.375)",[0. 0. 0. 0. 0. 0. 0. 0. 0.],"geometry_msgs.msg.Vector3(x=0.23291015625, y=0.689453125, z=-0.40380859375)",[0. 0. 0. 0. 0. 0. 0. 0. 0.],False,15.259466238,"[-0.5309203975590587, -0.6955246408303292, -0.41904810318892943, -0.2424204873094127]","[34.9375, 12.875, 83.375]","[0.23291015625, 0.689453125, -0.40380859375]"
9096566909,"std_msgs.msg.Header(stamp=builtin_interfaces.msg.Time(sec=1731185779, nanosec=937095201), frame_id='RL_myo')","geometry_msgs.msg.Quaternion(x=-0.5129661191271724, y=-0.7104626523211676, z=-0.4149502253355913, w=-0.24479561021048046)",[0. 0. 0. 0. 0. 0. 0. 0. 0.],"geometry_msgs.msg.Vector3(x=88.5, y=12.9375, z=70.375)",[0. 0. 0. 0. 0. 0. 0. 0. 0.],"geometry_msgs.msg.Vector3(x=0.15478515625, y=0.68798828125, z=-0.5244140625)",[0. 0. 0. 0. 0. 0. 0. 0. 0.],False,15.27723621,"[-0.5129661191271724, -0.7104626523211676, -0.4149502253355913, -0.24479561021048046]","[88.5, 12.9375, 70.375]","[0.15478515625, 0.68798828125, -0.5244140625]"
9119007026,"std_msgs.msg.Header(stamp=builtin_interfaces.msg.Time(sec=1731185779, nanosec=959584702), frame_id='RL_myo')","geometry_msgs.msg.Quaternion(x=-0.49710616663674817, y=-0.722558613482193, z=-0.4122715967625824, w=-0.24663057328165736)",[0. 0. 0. 0. 0. 0. 0. 0. 0.],"geometry_msgs.msg.Vector3(x=84.875, y=14.4375, z=53.875)",[0. 0. 0. 0. 0. 0. 0. 0. 0.],"geometry_msgs.msg.Vector3(x=0.15673828125, y=0.89697265625, z=-0.484375)",[0. 0. 0. 0. 0. 0. 0. 0. 0.],False,15.299676327,"[-0.49710616663674817, -0.722558613482193, -0.4122715967625824, -0.24663057328165736]","[84.875, 14.4375, 53.875]","[0.15673828125, 0.89697265625, -0.484375]"
9138590539,"std_msgs.msg.Header(stamp=builtin_interfaces.msg.Time(sec=1731185779, nanosec=979191420), frame_id='RL_myo')","geometry_msgs.msg.Quaternion(x=-0.4842914174003937, y=-0.7307399042892141, z=-0.4121512213868757, w=-0.24821842401605562)",[0. 0. 0. 0. 0. 0. 0. 0. 0.],"geometry_msgs.msg.Vector3(x=67.0625, y=19.1875, z=30.1875)",[0. 0. 0. 0. 0. 0. 0. 0. 0.],"geometry_msgs.msg.Vector3(x=0.1494140625, y=0.99951171875, z=-0.52587890625)",[0. 0. 0. 0. 0. 0. 0. 0. 0.],False,15.31925984,"[-0.4842914174003937, -0.7307399042892141, -0.4121512213868757, -0.24821842401605562]","[67.0625, 19.1875, 30.1875]","[0.1494140625, 0.99951171875, -0.52587890625]"
9156609765,"std_msgs.msg.Header(stamp=builtin_interfaces.msg.Time(sec=1731185779, nanosec=997224273), frame_id='RL_myo')","geometry_msgs.msg.Quaternion(x=-0.47154793285928936, y=-0.7384491897054805, z=-0.41203987765118594, w=-0.25011693358236703)",[0. 0. 0. 0. 0. 0. 0. 0. 0.],"geometry_msgs.msg.Vector3(x=61.0, y=22.75, z=33.5)",[0. 0. 0. 0. 0. 0. 0. 0. 0.],"geometry_msgs.msg.Vector3(x=0.11181640625, y=0.89306640625, z=-0.572265625)",[0. 0. 0. 0. 0. 0. 0. 0. 0.],False,15.337279066,"[-0.47154793285928936, -0.7384491897054805, -0.41203987765118594, -0.25011693358236703]","[61.0, 22.75, 33.5]","[0.11181640625, 0.89306640625, -0.572265625]"
9179201787,"std_msgs.msg.Header(stamp=builtin_interfaces.msg.Time(sec=1731185780, nanosec=19659129), frame_id='RL_myo')","geometry_msgs.msg.Quaternion(x=-0.46244022349027475, y=-0.7445305907823494, z=-0.4090981678837682, w=-0.25389353698291445)",[0. 0. 0. 0. 0. 0. 0. 0. 0.],"geometry_msgs.msg.Vector3(x=35.1875, y=19.125, z=47.125)",[0. 0. 0. 0. 0. 0. 0. 0. 0.],"geometry_msgs.msg.Vector3(x=0.046875, y=0.873046875, z=-0.53466796875)",[0. 0. 0. 0. 0. 0. 0. 0. 0.],False,15.359871088,"[-0.46244022349027475, -0.7445305907823494, -0.4090981678837682, -0.25389353698291445]","[35.1875, 19.125, 47.125]","[0.046875, 0.873046875, -0.53466796875]"
9199328367,"std_msgs.msg.Header(stamp=builtin_interfaces.msg.Time(sec=1731185780, nanosec=39815109), frame_id='RL_myo')","geometry_msgs.msg.Quaternion(x=-0.45339549625776354, y=-0.7507360343877708, z=-0.40658511186824886, w=-0.2559618671833437)",[0. 0. 0. 0. 0. 0. 0. 0. 0.],"geometry_msgs.msg.Vector3(x=36.875, y=13.8125, z=42.8125)",[0. 0. 0. 0. 0. 0. 0. 0. 0.],"geometry_msgs.msg.Vector3(x=0.03076171875, y=0.84814453125, z=-0.59033203125)",[0. 0. 0. 0. 0. 0. 0. 0. 0.],False,15.379997668,"[-0.45339549625776354, -0.7507360343877708, -0.40658511186824886, -0.2559618671833437]","[36.875, 13.8125, 42.8125]","[0.03076171875, 0.84814453125, -0.59033203125]"
9216017615,"std_msgs.msg.Header(stamp=builtin_interfaces.msg.Time(sec=1731185780, nanosec=56343667), frame_id='RL_myo')","geometry_msgs.msg.Quaternion(x=-0.4444391278402965, y=-0.7567427555742703, z=-0.4048289940901794, w=-0.2567639948948266)",[0. 0. 0. 0. 0. 0. 0. 0. 0.],"geometry_msgs.msg.Vector3(x=43.625, y=11.0625, z=36.625)",[0. 0. 0. 0. 0. 0. 0. 0. 0.],"geometry_msgs.msg.Vector3(x=0.02783203125, y=0.83935546875, z=-0.54736328125)",[0. 0. 0. 0. 0. 0. 0. 0. 0.],False,15.396686916,"[-0.4444391278402965, -0.7567427555742703, -0.4048289940901794, -0.2567639948948266]","[43.625, 11.0625, 36.625]","[0.02783203125, 0.83935546875, -0.54736328125]"
9238385159,"std_msgs.msg.Header(stamp=builtin_interfaces.msg.Time(sec=1731185780, nanosec=78933517), frame_id='RL_myo')","geometry_msgs.msg.Quaternion(x=-0.43797411609520764, y=-0.7616941149481872, z=-0.40049974217067347, w=-0.26000135654481393)",[0. 0. 0. 0. 0. 0. 0. 0. 0.],"geometry_msgs.msg.Vector3(x=28.0, y=8.875, z=45.1875)",[0. 0. 0. 0. 0. 0. 0. 0. 0.],"geometry_msgs.msg.Vector3(x=0.09130859375, y=0.83740234375, z=-0.43994140625)",[0. 0. 0. 0. 0. 0. 0. 0. 0.],False,15.41905446,"[-0.43797411609520764, -0.7616941149481872, -0.40049974217067347, -0.26000135654481393]","[28.0, 8.875, 45.1875]","[0.09130859375, 0.83740234375, -0.43994140625]"
9259155746,"std_msgs.msg.Header(stamp=builtin_interfaces.msg.Time(sec=1731185780, nanosec=99884007), frame_id='RL_myo')","geometry_msgs.msg.Quaternion(x=-0.432279211427213, y=-0.766543399057715, z=-0.3956608961856024, w=-0.26267538133315327)",[0. 0. 0. 0. 0. 0. 0. 0. 0.],"geometry_msgs.msg.Vector3(x=16.375, y=3.4375, z=43.0)",[0. 0. 0. 0. 0. 0. 0. 0. 0.],"geometry_msgs.msg.Vector3(x=0.13134765625, y=0.8642578125, z=-0.60205078125)",[0. 0. 0. 0. 0. 0. 0. 0. 0.],False,15.439825047,"[-0.432279211427213, -0.766543399057715, -0.3956608961856024, -0.26267538133315327]","[16.375, 3.4375, 43.0]","[0.13134765625, 0.8642578125, -0.60205078125]"
9275758018,"std_msgs.msg.Header(stamp=builtin_interfaces.msg.Time(sec=1731185780, nanosec=116441444), frame_id='RL_myo')","geometry_msgs.msg.Quaternion(x=-0.4311937661612341, y=-0.7668718572987837, z=-0.3964053094433426, w=-0.2623782025091501)",[0. 0. 0. 0. 0. 0. 0. 0. 0.],"geometry_msgs.msg.Vector3(x=16.9375, y=2.25, z=-0.6875)",[0. 0. 0. 0. 0. 0. 0. 0. 0.],"geometry_msgs.msg.Vector3(x=0.07275390625, y=1.2470703125, z=-0.5498046875)",[0. 0. 0. 0. 0. 0. 0. 0. 0.],False,15.456427319,"[-0.4311937661612341, -0.7668718572987837, -0.3964053094433426, -0.2623782025091501]","[16.9375, 2.25, -0.6875]","[0.07275390625, 1.2470703125, -0.5498046875]"
9298271627,"std_msgs.msg.Header(stamp=builtin_interfaces.msg.Time(sec=1731185780, nanosec=138949442), frame_id='RL_myo')","geometry_msgs.msg.Quaternion(x=-0.4284460027765762, y=-0.7669305514088969, z=-0.40195803052514684, w=-0.2582272133543723)",[0. 0. 0. 0. 0. 0. 0. 0. 0.],"geometry_msgs.msg.Vector3(x=30.875, y=5.1875, z=-23.9375)",[0. 0. 0. 0. 0. 0. 0. 0. 0.],"geometry_msgs.msg.Vector3(x=-0.03955078125, y=1.1328125, z=-0.6396484375)",[0. 0. 0. 0. 0. 0. 0. 0. 0.],False,15.478940928,"[-0.4284460027765762, -0.7669305514088969, -0.40195803052514684, -0.2582272133543723]","[30.875, 5.1875, -23.9375]","[-0.03955078125, 1.1328125, -0.6396484375]"
9319077298,"std_msgs.msg.Header(stamp=builtin_interfaces.msg.Time(sec=1731185780, nanosec=159760546), frame_id='RL_myo')","geometry_msgs.msg.Quaternion(x=-0.4275327637440091, y=-0.7683993569646074, z=-0.3990916120088616, w=-0.2598154140268732)",[0. 0. 0. 0. 0. 0. 0. 0. 0.],"geometry_msgs.msg.Vector3(x=-8.8125, y=5.5, z=29.5625)",[0. 0. 0. 0. 0. 0. 0. 0. 0.],"geometry_msgs.msg.Vector3(x=-0.07568359375, y=0.93798828125, z=-0.67919921875)",[0. 0. 0. 0. 0. 0. 0. 0. 0.],False,15.499746599,"[-0.4275327637440091, -0.7683993569646074, -0.3990916120088616, -0.2598154140268732]","[-8.8125, 5.5, 29.5625]","[-0.07568359375, 0.93798828125, -0.67919921875]"
9335725485,"std_msgs.msg.Header(stamp=builtin_interfaces.msg.Time(sec=1731185780, nanosec=176330971), frame_id='RL_myo')","geometry_msgs.msg.Quaternion(x=-0.42800998650086547, y=-0.7699663467410407, z=-0.3936495669371998, w=-0.26267716838724153)",[0. 0. 0. 0. 0. 0. 0. 0. 0.],"geometry_msgs.msg.Vector3(x=-10.5625, y=-1.3125, z=39.25)",[0. 0. 0. 0. 0. 0. 0. 0. 0.],"geometry_msgs.msg.Vector3(x=-0.01123046875, y=0.99658203125, z=-0.53271484375)",[0. 0. 0. 0. 0. 0. 0. 0. 0.],False,15.516394786,"[-0.42800998650086547, -0.7699663467410407, -0.3936495669371998, -0.26267716838724153]","[-10.5625, -1.3125, 39.25]","[-0.01123046875, 0.99658203125, -0.53271484375]"
9358193752,"std_msgs.msg.Header(stamp=builtin_interfaces.msg.Time(sec=1731185780, nanosec=198790398), frame_id='RL_myo')","geometry_msgs.msg.Quaternion(x=-0.4260687047311566, y=-0.7720015823154849, z=-0.3906087538002295, w=-0.26439330022853036)",[0. 0. 0. 0. 0. 0. 0. 0. 0.],"geometry_msgs.msg.Vector3(x=8.8125, y=2.25, z=27.25)",[0. 0. 0. 0. 0. 0. 0. 0. 0.],"geometry_msgs.msg.Vector3(x=0.044921875, y=0.880859375, z=-0.443359375)",[0. 0. 0. 0. 0. 0. 0. 0. 0.],False,15.538863053,"[-0.4260687047311566, -0.7720015823154849, -0.3906087538002295, -0.26439330022853036]","[8.8125, 2.25, 27.25]","[0.044921875, 0.880859375, -0.443359375]"
9379248595,"std_msgs.msg.Header(stamp=builtin_interfaces.msg.Time(sec=1731185780, nanosec=219887972), frame_id='RL_myo')","geometry_msgs.msg.Quaternion(x=-0.42031544919371, y=-0.7758777850442334, z=-0.38937310379786116, w=-0.2640779655381419)",[0. 0. 0. 0. 0. 0. 0. 0. 0.],"geometry_msgs.msg.Vector3(x=33.0, y=5.875, z=27.375)",[0. 0. 0. 0. 0. 0. 0. 0. 0.],"geometry_msgs.msg.Vector3(x=-0.009765625, y=0.83056640625, z=-0.5048828125)",[0. 0. 0. 0. 0. 0. 0. 0. 0.],False,15.559917896,"[-0.42031544919371, -0.7758777850442334, -0.38937310379786116, -0.2640779655381419]","[33.0, 5.875, 27.375]","[-0.009765625, 0.83056640625, -0.5048828125]"
9395928643,"std_msgs.msg.Header(stamp=builtin_interfaces.msg.Time(sec=1731185780, nanosec=236350669), frame_id='RL_myo')","geometry_msgs.msg.Quaternion(x=-0.4122641159215625, y=-0.7806469736125398, z=-0.38956059984120406, w=-0.26243311598263785)",[0. 0. 0. 0. 0. 0. 0. 0. 0.],"geometry_msgs.msg.Vector3(x=52.875, y=8.125, z=25.125)",[0. 0. 0. 0. 0. 0. 0. 0. 0.],"geometry_msgs.msg.Vector3(x=-0.03564453125, y=0.8251953125, z=-0.48193359375)",[0. 0. 0. 0. 0. 0. 0. 0. 0.],False,15.576597944,"[-0.4122641159215625, -0.7806469736125398, -0.38956059984120406, -0.26243311598263785]","[52.875, 8.125, 25.125]","[-0.03564453125, 0.8251953125, -0.48193359375]"
9418067261,"std_msgs.msg.Header(stamp=builtin_interfaces.msg.Time(sec=1731185780, nanosec=258717601), frame_id='RL_myo')","geometry_msgs.msg.Quaternion(x=-0.40238250251310176, y=-0.7860282496384404, z=-0.39054233787067166, w=-0.26023949502743304)",[0. 0. 0. 0. 0. 0. 0. 0. 0.],"geometry_msgs.msg.Vector3(x=61.625, y=11.625, z=25.75)",[0. 0. 0. 0. 0. 0. 0. 0. 0.],"geometry_msgs.msg.Vector3(x=-0.048828125, y=0.8056640625, z=-0.5458984375)",[0. 0. 0. 0. 0. 0. 0. 0. 0.],False,15.598736562,"[-0.40238250251310176, -0.7860282496384404, -0.39054233787067166, -0.26023949502743304]","[61.625, 11.625, 25.75]","[-0.048828125, 0.8056640625, -0.5458984375]"
9439395262,"std_msgs.msg.Header(stamp=builtin_interfaces.msg.Time(sec=1731185780, nanosec=279943628), frame_id='RL_myo')","geometry_msgs.msg.Quaternion(x=-0.39396545679236644, y=-0.7911046089763987, z=-0.3908527940043865, w=-0.2572524245359914)",[0. 0. 0. 0. 0. 0. 0. 0. 0.],"geometry_msgs.msg.Vector3(x=58.8125, y=7.0625, z=28.4375)",[0. 0. 0. 0. 0. 0. 0. 0. 0.],"geometry_msgs.msg.Vector3(x=-0.10107421875, y=0.98779296875, z=-0.63232421875)",[0. 0. 0. 0. 0. 0. 0. 0. 0.],False,15.620064563,"[-0.39396545679236644, -0.7911046089763987, -0.3908527940043865, -0.2572524245359914]","[58.8125, 7.0625, 28.4375]","[-0.10107421875, 0.98779296875, -0.63232421875]"
9456004940,"std_msgs.msg.Header(stamp=builtin_interfaces.msg.Time(sec=1731185780, nanosec=296415387), frame_id='RL_myo')","geometry_msgs.msg.Quaternion(x=-0.38517061184483614, y=-0.7970120456475543, z=-0.39182305942700807, w=-0.250778964359124)",[0. 0. 0. 0. 0. 0. 0. 0. 0.],"geometry_msgs.msg.Vector3(x=62.9375, y=-4.5625, z=22.75)",[0. 0. 0. 0. 0. 0. 0. 0. 0.],"geometry_msgs.msg.Vector3(x=-0.1640625, y=0.8974609375, z=-0.74755859375)",[0. 0. 0. 0. 0. 0. 0. 0. 0.],False,15.636674241,"[-0.38517061184483614, -0.7970120456475543, -0.39182305942700807, -0.250778964359124]","[62.9375, -4.5625, 22.75]","[-0.1640625, 0.8974609375, -0.74755859375]"
9478365923,"std_msgs.msg.Header(stamp=builtin_interfaces.msg.Time(sec=1731185780, nanosec=318873086), frame_id='RL_myo')","geometry_msgs.msg.Quaternion(x=-0.37882885954419204, y=-0.8032490124796378, z=-0.3886550954692146, w=-0.24541176804046982)",[0. 0. 0. 0. 0. 0. 0. 0. 0.],"geometry_msgs.msg.Vector3(x=44.25, y=-18.4375, z=35.4375)",[0. 0. 0. 0. 0. 0. 0. 0. 0.],"geometry_msgs.msg.Vector3(x=-0.07080078125, y=0.8115234375, z=-0.7060546875)",[0. 0. 0. 0. 0. 0. 0. 0. 0.],False,15.659035224,"[-0.37882885954419204, -0.8032490124796378, -0.3886550954692146, -0.24541176804046982]","[44.25, -18.4375, 35.4375]","[-0.07080078125, 0.8115234375, -0.7060546875]"
9499364625,"std_msgs.msg.Header(stamp=builtin_interfaces.msg.Time(sec=1731185780, nanosec=339950097), frame_id='RL_myo')","geometry_msgs.msg.Quaternion(x=-0.3760795228838894, y=-0.8079423440339059, z=-0.38254892071344027, w=-0.24382305970807175)",[0. 0. 0. 0. 0. 0. 0. 0. 0.],"geometry_msgs.msg.Vector3(x=17.4375, y=-21.1875, z=39.0625)",[0. 0. 0. 0. 0. 0. 0. 0. 0.],"geometry_msgs.msg.Vector3(x=0.11767578125, y=0.8857421875, z=-0.671875)",[0. 0. 0. 0. 0. 0. 0. 0. 0.],False,15.680033926,"[-0.3760795228838894, -0.8079423440339059, -0.38254892071344027, -0.24382305970807175]","[17.4375, -21.1875, 39.0625]","[0.11767578125, 0.8857421875, -0.671875]"
9515809931,"std_msgs.msg.Header(stamp=builtin_interfaces.msg.Time(sec=1731185780, nanosec=356392950), frame_id='RL_myo')","geometry_msgs.msg.Quaternion(x=-0.3739911829288886, y=-0.8109652152021984, z=-0.37814121563762954, w=-0.24387545153130533)",[0. 0. 0. 0. 0. 0. 0. 0. 0.],"geometry_msgs.msg.Vector3(x=8.875, y=-11.6875, z=26.3125)",[0. 0. 0. 0. 0. 0. 0. 0. 0.],"geometry_msgs.msg.Vector3(x=0.18603515625, y=0.81396484375, z=-0.638671875)",[0. 0. 0. 0. 0. 0. 0. 0. 0.],False,15.696479232,"[-0.3739911829288886, -0.8109652152021984, -0.37814121563762954, -0.24387545153130533]","[8.875, -11.6875, 26.3125]","[0.18603515625, 0.81396484375, -0.638671875]"
9538417942,"std_msgs.msg.Header(stamp=builtin_interfaces.msg.Time(sec=1731185780, nanosec=378971097), frame_id='RL_myo')","geometry_msgs.msg.Quaternion(x=-0.3733240117278942, y=-0.8127441334282111, z=-0.3735681340177277, w=-0.24601423757971905)",[0. 0. 0. 0. 0. 0. 0. 0. 0.],"geometry_msgs.msg.Vector3(x=-5.125, y=-2.375, z=28.5)",[0. 0. 0. 0. 0. 0. 0. 0. 0.],"geometry_msgs.msg.Vector3(x=0.16357421875, y=0.81787109375, z=-0.63818359375)",[0. 0. 0. 0. 0. 0. 0. 0. 0.],False,15.719087243,"[-0.3733240117278942, -0.8127441334282111, -0.3735681340177277, -0.24601423757971905]","[-5.125, -2.375, 28.5]","[0.16357421875, 0.81787109375, -0.63818359375]"
9559089120,"std_msgs.msg.Header(stamp=builtin_interfaces.msg.Time(sec=1731185780, nanosec=399832637), frame_id='RL_myo')","geometry_msgs.msg.Quaternion(x=-0.3721086213940572, y=-0.8145254487658007, z=-0.369545301384454, w=-0.24803172664350473)",[0. 0. 0. 0. 0. 0. 0. 0. 0.],"geometry_msgs.msg.Vector3(x=-5.1875, y=2.0625, z=29.1875)",[0. 0. 0. 0. 0. 0. 0. 0. 0.],"geometry_msgs.msg.Vector3(x=0.11181640625, y=0.7578125, z=-0.658203125)",[0. 0. 0. 0. 0. 0. 0. 0. 0.],False,15.739758421,"[-0.3721086213940572, -0.8145254487658007, -0.369545301384454, -0.24803172664350473]","[-5.1875, 2.0625, 29.1875]","[0.11181640625, 0.7578125, -0.658203125]"
9575937898,"std_msgs.msg.Header(stamp=builtin_interfaces.msg.Time(sec=1731185780, nanosec=416402530), frame_id='RL_myo')","geometry_msgs.msg.Quaternion(x=-0.37126043207899023, y=-0.8161260065362909, z=-0.36631680311328285, w=-0.24882932460727325)",[0. 0. 0. 0. 0. 0. 0. 0. 0.],"geometry_msgs.msg.Vector3(x=-3.9375, y=1.0625, z=26.25)",[0. 0. 0. 0. 0. 0. 0. 0. 0.],"geometry_msgs.msg.Vector3(x=0.05078125, y=0.83447265625, z=-0.728515625)",[0. 0. 0. 0. 0. 0. 0. 0. 0.],False,15.756607199,"[-0.37126043207899023, -0.8161260065362909, -0.36631680311328285, -0.24882932460727325]","[-3.9375, 1.0625, 26.25]","[0.05078125, 0.83447265625, -0.728515625]"
9604328754,"std_msgs.msg.Header(stamp=builtin_interfaces.msg.Time(sec=1731185780, nanosec=444853542), frame_id='RL_myo')","geometry_msgs.msg.Quaternion(x=-0.3683859189829962, y=-0.8181267799812896, z=-0.36521228283536267, w=-0.24815393415918863)",[0. 0. 0. 0. 0. 0. 0. 0. 0.],"geometry_msgs.msg.Vector3(x=16.0, y=1.0625, z=16.125)",[0. 0. 0. 0. 0. 0. 0. 0. 0.],"geometry_msgs.msg.Vector3(x=0.0703125, y=0.8369140625, z=-0.671875)",[0. 0. 0. 0. 0. 0. 0. 0. 0.],False,15.784998055,"[-0.3683859189829962, -0.8181267799812896, -0.36521228283536267, -0.24815393415918863]","[16.0, 1.0625, 16.125]","[0.0703125, 0.8369140625, -0.671875]"
9619569995,"std_msgs.msg.Header(stamp=builtin_interfaces.msg.Time(sec=1731185780, nanosec=460054341), frame_id='RL_myo')","geometry_msgs.msg.Quaternion(x=-0.3657611205097344, y=-0.8199567251874323, z=-0.3651508066093344, w=-0.24607856464128972)",[0. 0. 0. 0. 0. 0. 0. 0. 0.],"geometry_msgs.msg.Vector3(x=18.125, y=0.8125, z=12.75)",[0. 0. 0. 0. 0. 0. 0. 0. 0.],"geometry_msgs.msg.Vector3(x=-0.0166015625, y=0.86865234375, z=-0.72412109375)",[0. 0. 0. 0. 0. 0. 0. 0. 0.],False,15.800239296,"[-0.3657611205097344, -0.8199567251874323, -0.3651508066093344, -0.24607856464128972]","[18.125, 0.8125, 12.75]","[-0.0166015625, 0.86865234375, -0.72412109375]"
9641988521,"std_msgs.msg.Header(stamp=builtin_interfaces.msg.Time(sec=1731185780, nanosec=482452239), frame_id='RL_myo')","geometry_msgs.msg.Quaternion(x=-0.3627717944831319, y=-0.8222176337948777, z=-0.36545718461726007, w=-0.24247852279298165)",[0. 0. 0. 0. 0. 0. 0. 0. 0.],"geometry_msgs.msg.Vector3(x=25.3125, y=-1.625, z=14.25)",[0. 0. 0. 0. 0. 0. 0. 0. 0.],"geometry_msgs.msg.Vector3(x=-0.09716796875, y=0.9521484375, z=-0.78271484375)",[0. 0. 0. 0. 0. 0. 0. 0. 0.],False,15.822657822,"[-0.3627717944831319, -0.8222176337948777, -0.36545718461726007, -0.24247852279298165]","[25.3125, -1.625, 14.25]","[-0.09716796875, 0.9521484375, -0.78271484375]"
9658356180,"std_msgs.msg.Header(stamp=builtin_interfaces.msg.Time(sec=1731185780, nanosec=498972677), frame_id='RL_myo')","geometry_msgs.msg.Quaternion(x=-0.361069928454937, y=-0.8233322067033638, z=-0.36644081312431404, w=-0.2397367611512834)",[0. 0. 0. 0. 0. 0. 0. 0. 0.],"geometry_msgs.msg.Vector3(x=22.625, y=-4.4375, z=1.0625)",[0. 0. 0. 0. 0. 0. 0. 0. 0.],"geometry_msgs.msg.Vector3(x=0.056640625, y=1.0498046875, z=-0.7587890625)",[0. 0. 0. 0. 0. 0. 0. 0. 0.],False,15.839025481,"[-0.361069928454937, -0.8233322067033638, -0.36644081312431404, -0.2397367611512834]","[22.625, -4.4375, 1.0625]","[0.056640625, 1.0498046875, -0.7587890625]"
9679960325,"std_msgs.msg.Header(stamp=builtin_interfaces.msg.Time(sec=1731185780, nanosec=520459069), frame_id='RL_myo')","geometry_msgs.msg.Quaternion(x=-0.3611140591488806, y=-0.8225002831079032, z=-0.3699633981004756, w=-0.23710125397894222)",[0. 0. 0. 0. 0. 0. 0. 0. 0.],"geometry_msgs.msg.Vector3(x=16.0625, y=-3.4375, z=-21.3125)",[0. 0. 0. 0. 0. 0. 0. 0. 0.],"geometry_msgs.msg.Vector3(x=0.1220703125, y=1.0712890625, z=-0.7314453125)",[0. 0. 0. 0. 0. 0. 0. 0. 0.],False,15.860629626,"[-0.3611140591488806, -0.8225002831079032, -0.3699633981004756, -0.23710125397894222]","[16.0625, -3.4375, -21.3125]","[0.1220703125, 1.0712890625, -0.7314453125]"
9702030473,"std_msgs.msg.Header(stamp=builtin_interfaces.msg.Time(sec=1731185780, nanosec=542480572), frame_id='RL_myo')","geometry_msgs.msg.Quaternion(x=-0.36375246708327547, y=-0.8200909228520088, z=-0.3754706673651528, w=-0.2327161337229076)",[0. 0. 0. 0. 0. 0. 0. 0. 0.],"geometry_msgs.msg.Vector3(x=7.875, y=-7.9375, z=-37.8125)",[0. 0. 0. 0. 0. 0. 0. 0. 0.],"geometry_msgs.msg.Vector3(x=0.046875, y=1.10107421875, z=-0.73974609375)",[0. 0. 0. 0. 0. 0. 0. 0. 0.],False,15.882699774,"[-0.36375246708327547, -0.8200909228520088, -0.3754706673651528, -0.2327161337229076]","[7.875, -7.9375, -37.8125]","[0.046875, 1.10107421875, -0.73974609375]"
9718145937,"std_msgs.msg.Header(stamp=builtin_interfaces.msg.Time(sec=1731185780, nanosec=558805223), frame_id='RL_myo')","geometry_msgs.msg.Quaternion(x=-0.36857648951529787, y=-0.8163734266859786, z=-0.3828581418661142, w=-0.22606512951890434)",[0. 0. 0. 0. 0. 0. 0. 0. 0.],"geometry_msgs.msg.Vector3(x=1.125, y=-14.25, z=-52.875)",[0. 0. 0. 0. 0. 0. 0. 0. 0.],"geometry_msgs.msg.Vector3(x=-0.0634765625, y=1.06005859375, z=-0.7197265625)",[0. 0. 0. 0. 0. 0. 0. 0. 0.],False,15.898815238,"[-0.36857648951529787, -0.8163734266859786, -0.3828581418661142, -0.22606512951890434]","[1.125, -14.25, -52.875]","[-0.0634765625, 1.06005859375, -0.7197265625]"
9739411455,"std_msgs.msg.Header(stamp=builtin_interfaces.msg.Time(sec=1731185780, nanosec=579977612), frame_id='RL_myo')","geometry_msgs.msg.Quaternion(x=-0.37772187023106013, y=-0.8103717875146254, z=-0.39120975734061975, w=-0.21812537796183695)",[0. 0. 0. 0. 0. 0. 0. 0. 0.],"geometry_msgs.msg.Vector3(x=-13.9375, y=-25.0625, z=-71.1875)",[0. 0. 0. 0. 0. 0. 0. 0. 0.],"geometry_msgs.msg.Vector3(x=-0.0966796875, y=1.12158203125, z=-0.6513671875)",[0. 0. 0. 0. 0. 0. 0. 0. 0.],False,15.920080756,"[-0.37772187023106013, -0.8103717875146254, -0.39120975734061975, -0.21812537796183695]","[-13.9375, -25.0625, -71.1875]","[-0.0966796875, 1.12158203125, -0.6513671875]"
9755336557,"std_msgs.msg.Header(stamp=builtin_interfaces.msg.Time(sec=1731185780, nanosec=595857781), frame_id='RL_myo')","geometry_msgs.msg.Quaternion(x=-0.3893777687570651, y=-0.8027407198215795, z=-0.40091262742400635, w=-0.20799364199436957)",[0. 0. 0. 0. 0. 0. 0. 0. 0.],"geometry_msgs.msg.Vector3(x=-23.75, y=-33.25, z=-85.5)",[0. 0. 0. 0. 0. 0. 0. 0. 0.],"geometry_msgs.msg.Vector3(x=-0.20166015625, y=1.07958984375, z=-0.6171875)",[0. 0. 0. 0. 0. 0. 0. 0. 0.],False,15.936005858,"[-0.3893777687570651, -0.8027407198215795, -0.40091262742400635, -0.20799364199436957]","[-23.75, -33.25, -85.5]","[-0.20166015625, 1.07958984375, -0.6171875]"
9778223549,"std_msgs.msg.Header(stamp=builtin_interfaces.msg.Time(sec=1731185780, nanosec=618859228), frame_id='RL_myo')","geometry_msgs.msg.Quaternion(x=-0.40367394507635923, y=-0.7933102416242088, z=-0.4108758691040294, w=-0.19719844519832427)",[0. 0. 0. 0. 0. 0. 0. 0. 0.],"geometry_msgs.msg.Vector3(x=-38.0625, y=-39.0625, z=-95.625)",[0. 0. 0. 0. 0. 0. 0. 0. 0.],"geometry_msgs.msg.Vector3(x=-0.2548828125, y=1.00732421875, z=-0.5390625)",[0. 0. 0. 0. 0. 0. 0. 0. 0.],False,15.95889285,"[-0.40367394507635923, -0.7933102416242088, -0.4108758691040294, -0.19719844519832427]","[-38.0625, -39.0625, -95.625]","[-0.2548828125, 1.00732421875, -0.5390625]"
9802291572,"std_msgs.msg.Header(stamp=builtin_interfaces.msg.Time(sec=1731185780, nanosec=642746034), frame_id='RL_myo')","geometry_msgs.msg.Quaternion(x=-0.4178195811363855, y=-0.783274394435345, z=-0.42099320342956287, w=-0.18620618493238567)",[0. 0. 0. 0. 0. 0. 0. 0. 0.],"geometry_msgs.msg.Vector3(x=-40.4375, y=-39.25, z=-98.75)",[0. 0. 0. 0. 0. 0. 0. 0. 0.],"geometry_msgs.msg.Vector3(x=-0.27587890625, y=0.86962890625, z=-0.44775390625)",[0. 0. 0. 0. 0. 0. 0. 0. 0.],False,15.982960873,"[-0.4178195811363855, -0.783274394435345, -0.42099320342956287, -0.18620618493238567]","[-40.4375, -39.25, -98.75]","[-0.27587890625, 0.86962890625, -0.44775390625]"
9815166296,"std_msgs.msg.Header(stamp=builtin_interfaces.msg.Time(sec=1731185780, nanosec=655712041), frame_id='RL_myo')","geometry_msgs.msg.Quaternion(x=-0.4310707387742142, y=-0.7735836916272356, z=-0.42966699716416085, w=-0.17644421715931663)",[0. 0. 0. 0. 0. 0. 0. 0. 0.],"geometry_msgs.msg.Vector3(x=-43.4375, y=-37.0, z=-90.0)",[0. 0. 0. 0. 0. 0. 0. 0. 0.],"geometry_msgs.msg.Vector3(x=-0.267578125, y=0.79443359375, z=-0.4384765625)",[0. 0. 0. 0. 0. 0. 0. 0. 0.],False,15.995835597,"[-0.4310707387742142, -0.7735836916272356, -0.42966699716416085, -0.17644421715931663]","[-43.4375, -37.0, -90.0]","[-0.267578125, 0.79443359375, -0.4384765625]"
9838549681,"std_msgs.msg.Header(stamp=builtin_interfaces.msg.Time(sec=1731185780, nanosec=679022511), frame_id='RL_myo')","geometry_msgs.msg.Quaternion(x=-0.44247433920294726, y=-0.7645956581426928, z=-0.4374698018492036, w=-0.16801818701044327)",[0. 0. 0. 0. 0. 0. 0. 0. 0.],"geometry_msgs.msg.Vector3(x=-37.1875, y=-30.4375, z=-80.5625)",[0. 0. 0. 0. 0. 0. 0. 0. 0.],"geometry_msgs.msg.Vector3(x=-0.2734375, y=0.7900390625, z=-0.41455078125)",[0. 0. 0. 0. 0. 0. 0. 0. 0.],False,16.019218982,"[-0.44247433920294726, -0.7645956581426928, -0.4374698018492036, -0.16801818701044327]","[-37.1875, -30.4375, -80.5625]","[-0.2734375, 0.7900390625, -0.41455078125]"
9860719583,"std_msgs.msg.Header(stamp=builtin_interfaces.msg.Time(sec=1731185780, nanosec=701176636), frame_id='RL_myo')","geometry_msgs.msg.Quaternion(x=-0.45145929366644555, y=-0.7563179082215213, z=-0.4459053129007775, w=-0.15917342677870625)",[0. 0. 0. 0. 0. 0. 0. 0. 0.],"geometry_msgs.msg.Vector3(x=-25.8125, y=-24.5625, z=-78.8125)",[0. 0. 0. 0. 0. 0. 0. 0. 0.],"geometry_msgs.msg.Vector3(x=-0.3095703125, y=0.693359375, z=-0.38134765625)",[0. 0. 0. 0. 0. 0. 0. 0. 0.],False,16.041388884,"[-0.45145929366644555, -0.7563179082215213, -0.4459053129007775, -0.15917342677870625]","[-25.8125, -24.5625, -78.8125]","[-0.3095703125, 0.693359375, -0.38134765625]"
9875260669,"std_msgs.msg.Header(stamp=builtin_interfaces.msg.Time(sec=1731185780, nanosec=715669735), frame_id='RL_myo')","geometry_msgs.msg.Quaternion(x=-0.46072323651173086, y=-0.7483624753088943, z=-0.45248404762193306, w=-0.15147901351465307)",[0. 0. 0. 0. 0. 0. 0. 0. 0.],"geometry_msgs.msg.Vector3(x=-30.125, y=-23.9375, z=-65.1875)",[0. 0. 0. 0. 0. 0. 0. 0. 0.],"geometry_msgs.msg.Vector3(x=-0.3671875, y=0.70166015625, z=-0.3623046875)",[0. 0. 0. 0. 0. 0. 0. 0. 0.],False,16.05592997,"[-0.46072323651173086, -0.7483624753088943, -0.45248404762193306, -0.15147901351465307]","[-30.125, -23.9375, -65.1875]","[-0.3671875, 0.70166015625, -0.3623046875]"
9904517813,"std_msgs.msg.Header(stamp=builtin_interfaces.msg.Time(sec=1731185780, nanosec=744904573), frame_id='RL_myo')","geometry_msgs.msg.Quaternion(x=-0.4679854800806389, y=-0.7425027843845922, z=-0.4565116576686462, w=-0.14586401896097118)",[0. 0. 0. 0. 0. 0. 0. 0. 0.],"geometry_msgs.msg.Vector3(x=-28.3125, y=-22.375, z=-46.0)",[0. 0. 0. 0. 0. 0. 0. 0. 0.],"geometry_msgs.msg.Vector3(x=-0.29052734375, y=0.6123046875, z=-0.3798828125)",[0. 0. 0. 0. 0. 0. 0. 0. 0.],False,16.085187114,"[-0.4679854800806389, -0.7425027843845922, -0.4565116576686462, -0.14586401896097118]","[-28.3125, -22.375, -46.0]","[-0.29052734375, 0.6123046875, -0.3798828125]"
9920877995,"std_msgs.msg.Header(stamp=builtin_interfaces.msg.Time(sec=1731185780, nanosec=761403206), frame_id='RL_myo')","geometry_msgs.msg.Quaternion(x=-0.471030194930668, y=-0.7395015382190858, z=-0.45919035846830086, w=-0.142871428651554)",[0. 0. 0. 0. 0. 0. 0. 0. 0.],"geometry_msgs.msg.Vector3(x=-12.625, y=-10.875, z=-28.875)",[0. 0. 0. 0. 0. 0. 0. 0. 0.],"geometry_msgs.msg.Vector3(x=-0.154296875, y=0.5205078125, z=-0.35595703125)",[0. 0. 0. 0. 0. 0. 0. 0. 0.],False,16.101547296,"[-0.471030194930668, -0.7395015382190858, -0.45919035846830086, -0.142871428651554]","[-12.625, -10.875, -28.875]","[-0.154296875, 0.5205078125, -0.35595703125]"
9934969186,"std_msgs.msg.Header(stamp=builtin_interfaces.msg.Time(sec=1731185780, nanosec=775614842), frame_id='RL_myo')","geometry_msgs.msg.Quaternion(x=-0.47042658747407723, y=-0.73841350309404, z=-0.46243153260133407, w=-0.1400050067028455)",[0. 0. 0. 0. 0. 0. 0. 0. 0.],"geometry_msgs.msg.Vector3(x=8.9375, y=0.125, z=-22.375)",[0. 0. 0. 0. 0. 0. 0. 0. 0.],"geometry_msgs.msg.Vector3(x=-0.17138671875, y=0.51220703125, z=-0.3359375)",[0. 0. 0. 0. 0. 0. 0. 0. 0.],False,16.115638487,"[-0.47042658747407723, -0.73841350309404, -0.46243153260133407, -0.1400050067028455]","[8.9375, 0.125, -22.375]","[-0.17138671875, 0.51220703125, -0.3359375]"
9959055632,"std_msgs.msg.Header(stamp=builtin_interfaces.msg.Time(sec=1731185780, nanosec=799484639), frame_id='RL_myo')","geometry_msgs.msg.Quaternion(x=-0.4675038555851213, y=-0.73958377571547, z=-0.4644522638384821, w=-0.1368944057542333)",[0. 0. 0. 0. 0. 0. 0. 0. 0.],"geometry_msgs.msg.Vector3(x=18.375, y=-0.4375, z=-7.375)",[0. 0. 0. 0. 0. 0. 0. 0. 0.],"geometry_msgs.msg.Vector3(x=-0.2265625, y=0.54931640625, z=-0.47021484375)",[0. 0. 0. 0. 0. 0. 0. 0. 0.],False,16.139724933,"[-0.4675038555851213, -0.73958377571547, -0.4644522638384821, -0.1368944057542333]","[18.375, -0.4375, -7.375]","[-0.2265625, 0.54931640625, -0.47021484375]"
9980799785,"std_msgs.msg.Header(stamp=builtin_interfaces.msg.Time(sec=1731185780, nanosec=821277473), frame_id='RL_myo')","geometry_msgs.msg.Quaternion(x=-0.4617036419753194, y=-0.7433642246212016, z=-0.4647552192520895, w=-0.13506281026984557)",[0. 0. 0. 0. 0. 0. 0. 0. 0.],"geometry_msgs.msg.Vector3(x=28.1875, y=1.875, z=8.125)",[0. 0. 0. 0. 0. 0. 0. 0. 0.],"geometry_msgs.msg.Vector3(x=-0.1513671875, y=0.5625, z=-0.58251953125)",[0. 0. 0. 0. 0. 0. 0. 0. 0.],False,16.161469086,"[-0.4617036419753194, -0.7433642246212016, -0.4647552192520895, -0.13506281026984557]","[28.1875, 1.875, 8.125]","[-0.1513671875, 0.5625, -0.58251953125]"
9995234631,"std_msgs.msg.Header(stamp=builtin_interfaces.msg.Time(sec=1731185780, nanosec=835796752), frame_id='RL_myo')","geometry_msgs.msg.Quaternion(x=-0.45548290254237184, y=-0.7474606870476254, z=-0.46439359579859407, w=-0.13482000960955373)",[0. 0. 0. 0. 0. 0. 0. 0. 0.],"geometry_msgs.msg.Vector3(x=29.0, y=6.4375, z=12.75)",[0. 0. 0. 0. 0. 0. 0. 0. 0.],"geometry_msgs.msg.Vector3(x=-0.10205078125, y=0.6220703125, z=-0.57470703125)",[0. 0. 0. 0. 0. 0. 0. 0. 0.],False,16.175903932,"[-0.45548290254237184, -0.7474606870476254, -0.46439359579859407, -0.13482000960955373]","[29.0, 6.4375, 12.75]","[-0.10205078125, 0.6220703125, -0.57470703125]"
10018266053,"std_msgs.msg.Header(stamp=builtin_interfaces.msg.Time(sec=1731185780, nanosec=858755474), frame_id='RL_myo')","geometry_msgs.msg.Quaternion(x=-0.449871904096746, y=-0.7518616180393181, z=-0.4625056694132602, w=-0.13567565361647893)",[0. 0. 0. 0. 0. 0. 0. 0. 0.],"geometry_msgs.msg.Vector3(x=24.1875, y=3.0, z=18.875)",[0. 0. 0. 0. 0. 0. 0. 0. 0.],"geometry_msgs.msg.Vector3(x=-0.04931640625, y=0.67236328125, z=-0.603515625)",[0. 0. 0. 0. 0. 0. 0. 0. 0.],False,16.198935354,"[-0.449871904096746, -0.7518616180393181, -0.4625056694132602, -0.13567565361647893]","[24.1875, 3.0, 18.875]","[-0.04931640625, 0.67236328125, -0.603515625]"
10041091611,"std_msgs.msg.Header(stamp=builtin_interfaces.msg.Time(sec=1731185780, nanosec=881454267), frame_id='RL_myo')","geometry_msgs.msg.Quaternion(x=-0.44535021105906053, y=-0.7563690784781331, z=-0.4589603381066377, w=-0.1375660375122821)",[0. 0. 0. 0. 0. 0. 0. 0. 0.],"geometry_msgs.msg.Vector3(x=14.5625, y=-1.4375, z=26.3125)",[0. 0. 0. 0. 0. 0. 0. 0. 0.],"geometry_msgs.msg.Vector3(x=-0.0107421875, y=0.69921875, z=-0.64892578125)",[0. 0. 0. 0. 0. 0. 0. 0. 0.],False,16.221760912,"[-0.44535021105906053, -0.7563690784781331, -0.4589603381066377, -0.1375660375122821]","[14.5625, -1.4375, 26.3125]","[-0.0107421875, 0.69921875, -0.64892578125]"
10055094224,"std_msgs.msg.Header(stamp=builtin_interfaces.msg.Time(sec=1731185780, nanosec=895684103), frame_id='RL_myo')","geometry_msgs.msg.Quaternion(x=-0.4428311824938277, y=-0.7597581850696886, z=-0.455159172965679, w=-0.13963585247324667)",[0. 0. 0. 0. 0. 0. 0. 0. 0.],"geometry_msgs.msg.Vector3(x=6.0625, y=-4.9375, z=22.6875)",[0. 0. 0. 0. 0. 0. 0. 0. 0.],"geometry_msgs.msg.Vector3(x=-0.00390625, y=0.7470703125, z=-0.6220703125)",[0. 0. 0. 0. 0. 0. 0. 0. 0.],False,16.235763525,"[-0.4428311824938277, -0.7597581850696886, -0.455159172965679, -0.13963585247324667]","[6.0625, -4.9375, 22.6875]","[-0.00390625, 0.7470703125, -0.6220703125]"
10079075335,"std_msgs.msg.Header(stamp=builtin_interfaces.msg.Time(sec=1731185780, nanosec=919642095), frame_id='RL_myo')","geometry_msgs.msg.Quaternion(x=-0.4411318005791613, y=-0.7626429136742113, z=-0.4510188165855011, w=-0.14269039149890414)",[0. 0. 0. 0. 0. 0. 0. 0. 0.],"geometry_msgs.msg.Vector3(x=-0.75, y=-4.9375, z=21.8125)",[0. 0. 0. 0. 0. 0. 0. 0. 0.],"geometry_msgs.msg.Vector3(x=0.0517578125, y=0.763671875, z=-0.61767578125)",[0. 0. 0. 0. 0. 0. 0. 0. 0.],False,16.259744636,"[-0.4411318005791613, -0.7626429136742113, -0.4510188165855011, -0.14269039149890414]","[-0.75, -4.9375, 21.8125]","[0.0517578125, 0.763671875, -0.61767578125]"
10100922926,"std_msgs.msg.Header(stamp=builtin_interfaces.msg.Time(sec=1731185780, nanosec=941340203), frame_id='RL_myo')","geometry_msgs.msg.Quaternion(x=-0.4397421831486718, y=-0.7655359060699224, z=-0.44639477134620204, w=-0.14599074283020444)",[0. 0. 0. 0. 0. 0. 0. 0. 0.],"geometry_msgs.msg.Vector3(x=-4.125, y=-4.1875, z=27.5625)",[0. 0. 0. 0. 0. 0. 0. 0. 0.],"geometry_msgs.msg.Vector3(x=-0.00244140625, y=0.83837890625, z=-0.68603515625)",[0. 0. 0. 0. 0. 0. 0. 0. 0.],False,16.281592227,"[-0.4397421831486718, -0.7655359060699224, -0.44639477134620204, -0.14599074283020444]","[-4.125, -4.1875, 27.5625]","[-0.00244140625, 0.83837890625, -0.68603515625]"
10121573040,"std_msgs.msg.Header(stamp=builtin_interfaces.msg.Time(sec=1731185780, nanosec=962224688), frame_id='RL_myo')","geometry_msgs.msg.Quaternion(x=-0.43832991274005006, y=-0.7681454026380214, z=-0.4425411023779035, w=-0.1482460815992177)",[0. 0. 0. 0. 0. 0. 0. 0. 0.],"geometry_msgs.msg.Vector3(x=-1.5, y=-4.4375, z=23.6875)",[0. 0. 0. 0. 0. 0. 0. 0. 0.],"geometry_msgs.msg.Vector3(x=-0.0498046875, y=0.8525390625, z=-0.70068359375)",[0. 0. 0. 0. 0. 0. 0. 0. 0.],False,16.302242341,"[-0.43832991274005006, -0.7681454026380214, -0.4425411023779035, -0.1482460815992177]","[-1.5, -4.4375, 23.6875]","[-0.0498046875, 0.8525390625, -0.70068359375]"
10138268953,"std_msgs.msg.Header(stamp=builtin_interfaces.msg.Time(sec=1731185780, nanosec=978787775), frame_id='RL_myo')","geometry_msgs.msg.Quaternion(x=-0.4370439315135727, y=-0.7705180331460487, z=-0.43905795884773663, w=-0.1500755519608819)",[0. 0. 0. 0. 0. 0. 0. 0. 0.],"geometry_msgs.msg.Vector3(x=2.6875, y=-4.375, z=20.25)",[0. 0. 0. 0. 0. 0. 0. 0. 0.],"geometry_msgs.msg.Vector3(x=-0.05126953125, y=0.8759765625, z=-0.64599609375)",[0. 0. 0. 0. 0. 0. 0. 0. 0.],False,16.318938254,"[-0.4370439315135727, -0.7705180331460487, -0.43905795884773663, -0.1500755519608819]","[2.6875, -4.375, 20.25]","[-0.05126953125, 0.8759765625, -0.64599609375]"
10160784413,"std_msgs.msg.Header(stamp=builtin_interfaces.msg.Time(sec=1731185781, nanosec=1371558), frame_id='RL_myo')","geometry_msgs.msg.Quaternion(x=-0.4351503731517412, y=-0.7733836645973162, z=-0.43569965132262, w=-0.1506242806365354)",[0. 0. 0. 0. 0. 0. 0. 0. 0.],"geometry_msgs.msg.Vector3(x=5.75, y=-7.6875, z=21.1875)",[0. 0. 0. 0. 0. 0. 0. 0. 0.],"geometry_msgs.msg.Vector3(x=-0.08544921875, y=0.8583984375, z=-0.7158203125)",[0. 0. 0. 0. 0. 0. 0. 0. 0.],False,16.341453714,"[-0.4351503731517412, -0.7733836645973162, -0.43569965132262, -0.1506242806365354]","[5.75, -7.6875, 21.1875]","[-0.08544921875, 0.8583984375, -0.7158203125]"
10183335643,"std_msgs.msg.Header(stamp=builtin_interfaces.msg.Time(sec=1731185781, nanosec=23785818), frame_id='RL_myo')","geometry_msgs.msg.Quaternion(x=-0.43345305811606943, y=-0.7763338354317662, z=-0.4321713748971962, w=-0.15050622941625277)",[0. 0. 0. 0. 0. 0. 0. 0. 0.],"geometry_msgs.msg.Vector3(x=9.75, y=-12.5625, z=17.4375)",[0. 0. 0. 0. 0. 0. 0. 0. 0.],"geometry_msgs.msg.Vector3(x=-0.0458984375, y=0.927734375, z=-0.70849609375)",[0. 0. 0. 0. 0. 0. 0. 0. 0.],False,16.364004944,"[-0.43345305811606943, -0.7763338354317662, -0.4321713748971962, -0.15050622941625277]","[9.75, -12.5625, 17.4375]","[-0.0458984375, 0.927734375, -0.70849609375]"
10198762178,"std_msgs.msg.Header(stamp=builtin_interfaces.msg.Time(sec=1731185781, nanosec=39050334), frame_id='RL_myo')","geometry_msgs.msg.Quaternion(x=-0.43203700349589225, y=-0.7788750160495235, z=-0.4289854637056966, w=-0.15056297324825063)",[0. 0. 0. 0. 0. 0. 0. 0. 0.],"geometry_msgs.msg.Vector3(x=8.0625, y=-11.5, z=15.5625)",[0. 0. 0. 0. 0. 0. 0. 0. 0.],"geometry_msgs.msg.Vector3(x=-0.05419921875, y=0.95654296875, z=-0.7197265625)",[0. 0. 0. 0. 0. 0. 0. 0. 0.],False,16.379431479,"[-0.43203700349589225, -0.7788750160495235, -0.4289854637056966, -0.15056297324825063]","[8.0625, -11.5, 15.5625]","[-0.05419921875, 0.95654296875, -0.7197265625]"
10221057680,"std_msgs.msg.Header(stamp=builtin_interfaces.msg.Time(sec=1731185781, nanosec=61494210), frame_id='RL_myo')","geometry_msgs.msg.Quaternion(x=-0.43167656455691455, y=-0.7810214896981247, z=-0.4258175301729949, w=-0.1494664083981173)",[0. 0. 0. 0. 0. 0. 0. 0. 0.],"geometry_msgs.msg.Vector3(x=5.0625, y=-14.9375, z=15.625)",[0. 0. 0. 0. 0. 0. 0. 0. 0.],"geometry_msgs.msg.Vector3(x=-0.1318359375, y=0.95068359375, z=-0.724609375)",[0. 0. 0. 0. 0. 0. 0. 0. 0.],False,16.401726981,"[-0.43167656455691455, -0.7810214896981247, -0.4258175301729949, -0.1494664083981173]","[5.0625, -14.9375, 15.625]","[-0.1318359375, 0.95068359375, -0.724609375]"
10243434032,"std_msgs.msg.Header(stamp=builtin_interfaces.msg.Time(sec=1731185781, nanosec=83854375), frame_id='RL_myo')","geometry_msgs.msg.Quaternion(x=-0.43143863574670394, y=-0.7831688462161134, z=-0.4225278929515393, w=-0.14824790581818417)",[0. 0. 0. 0. 0. 0. 0. 0. 0.],"geometry_msgs.msg.Vector3(x=3.625, y=-18.5625, z=12.6875)",[0. 0. 0. 0. 0. 0. 0. 0. 0.],"geometry_msgs.msg.Vector3(x=-0.07177734375, y=0.896484375, z=-0.703125)",[0. 0. 0. 0. 0. 0. 0. 0. 0.],False,16.424103333,"[-0.43143863574670394, -0.7831688462161134, -0.4225278929515393, -0.14824790581818417]","[3.625, -18.5625, 12.6875]","[-0.07177734375, 0.896484375, -0.703125]"
10258520274,"std_msgs.msg.Header(stamp=builtin_interfaces.msg.Time(sec=1731185781, nanosec=98935315), frame_id='RL_myo')","geometry_msgs.msg.Quaternion(x=-0.42978450706081406, y=-0.7858428447763479, z=-0.4194091355469915, w=-0.14775749667626112)",[0. 0. 0. 0. 0. 0. 0. 0. 0.],"geometry_msgs.msg.Vector3(x=8.8125, y=-14.125, z=13.375)",[0. 0. 0. 0. 0. 0. 0. 0. 0.],"geometry_msgs.msg.Vector3(x=-0.00634765625, y=0.82470703125, z=-0.67578125)",[0. 0. 0. 0. 0. 0. 0. 0. 0.],False,16.439189575,"[-0.42978450706081406, -0.7858428447763479, -0.4194091355469915, -0.14775749667626112]","[8.8125, -14.125, 13.375]","[-0.00634765625, 0.82470703125, -0.67578125]"
10280950718,"std_msgs.msg.Header(stamp=builtin_interfaces.msg.Time(sec=1731185781, nanosec=121433031), frame_id='RL_myo')","geometry_msgs.msg.Quaternion(x=-0.42722410807168376, y=-0.7888387995466447, z=-0.4169707294779634, w=-0.14611064496051585)",[0. 0. 0. 0. 0. 0. 0. 0. 0.],"geometry_msgs.msg.Vector3(x=16.0625, y=-11.3125, z=15.1875)",[0. 0. 0. 0. 0. 0. 0. 0. 0.],"geometry_msgs.msg.Vector3(x=-0.1064453125, y=0.806640625, z=-0.67919921875)",[0. 0. 0. 0. 0. 0. 0. 0. 0.],False,16.461620019,"[-0.42722410807168376, -0.7888387995466447, -0.4169707294779634, -0.14611064496051585]","[16.0625, -11.3125, 15.1875]","[-0.1064453125, 0.806640625, -0.67919921875]"
10302019294,"std_msgs.msg.Header(stamp=builtin_interfaces.msg.Time(sec=1731185781, nanosec=142442166), frame_id='RL_myo')","geometry_msgs.msg.Quaternion(x=-0.42532234462054797, y=-0.7915060248793064, z=-0.41421477298603226, w=-0.1450697679958448)",[0. 0. 0. 0. 0. 0. 0. 0. 0.],"geometry_msgs.msg.Vector3(x=12.9375, y=-12.3125, z=14.25)",[0. 0. 0. 0. 0. 0. 0. 0. 0.],"geometry_msgs.msg.Vector3(x=-0.07080078125, y=0.85791015625, z=-0.6884765625)",[0. 0. 0. 0. 0. 0. 0. 0. 0.],False,16.482688595,"[-0.42532234462054797, -0.7915060248793064, -0.41421477298603226, -0.1450697679958448]","[12.9375, -12.3125, 14.25]","[-0.07080078125, 0.85791015625, -0.6884765625]"
10318515358,"std_msgs.msg.Header(stamp=builtin_interfaces.msg.Time(sec=1731185781, nanosec=158847922), frame_id='RL_myo')","geometry_msgs.msg.Quaternion(x=-0.4236373970276882, y=-0.7936258570164285, z=-0.4119188578792491, w=-0.1449558879038697)",[0. 0. 0. 0. 0. 0. 0. 0. 0.],"geometry_msgs.msg.Vector3(x=7.1875, y=-7.25, z=12.75)",[0. 0. 0. 0. 0. 0. 0. 0. 0.],"geometry_msgs.msg.Vector3(x=-0.05078125, y=0.7978515625, z=-0.6748046875)",[0. 0. 0. 0. 0. 0. 0. 0. 0.],False,16.499184659,"[-0.4236373970276882, -0.7936258570164285, -0.4119188578792491, -0.1449558879038697]","[7.1875, -7.25, 12.75]","[-0.05078125, 0.7978515625, -0.6748046875]"
10340989007,"std_msgs.msg.Header(stamp=builtin_interfaces.msg.Time(sec=1731185781, nanosec=181401979), frame_id='RL_myo')","geometry_msgs.msg.Quaternion(x=-0.42319602027457537, y=-0.7947589524106605, z=-0.4100131041541098, w=-0.1454393014586549)",[0. 0. 0. 0. 0. 0. 0. 0. 0.],"geometry_msgs.msg.Vector3(x=3.4375, y=-2.5625, z=12.125)",[0. 0. 0. 0. 0. 0. 0. 0. 0.],"geometry_msgs.msg.Vector3(x=-0.1171875, y=0.88818359375, z=-0.64892578125)",[0. 0. 0. 0. 0. 0. 0. 0. 0.],False,16.521658308,"[-0.42319602027457537, -0.7947589524106605, -0.4100131041541098, -0.1454393014586549]","[3.4375, -2.5625, 12.125]","[-0.1171875, 0.88818359375, -0.64892578125]"
10363393166,"std_msgs.msg.Header(stamp=builtin_interfaces.msg.Time(sec=1731185781, nanosec=203881924), frame_id='RL_myo')","geometry_msgs.msg.Quaternion(x=-0.42355445569256966, y=-0.794927490691026, z=-0.40927322476575967, w=-0.14555869983094794)",[0. 0. 0. 0. 0. 0. 0. 0. 0.],"geometry_msgs.msg.Vector3(x=-3.125, y=-1.125, z=5.4375)",[0. 0. 0. 0. 0. 0. 0. 0. 0.],"geometry_msgs.msg.Vector3(x=-0.1591796875, y=0.88671875, z=-0.68359375)",[0. 0. 0. 0. 0. 0. 0. 0. 0.],False,16.544062467,"[-0.42355445569256966, -0.794927490691026, -0.40927322476575967, -0.14555869983094794]","[-3.125, -1.125, 5.4375]","[-0.1591796875, 0.88671875, -0.68359375]"
10378497796,"std_msgs.msg.Header(stamp=builtin_interfaces.msg.Time(sec=1731185781, nanosec=218832450), frame_id='RL_myo')","geometry_msgs.msg.Quaternion(x=-0.42257934955044846, y=-0.7956014443587011, z=-0.4083591028079218, w=-0.1472680488829047)",[0. 0. 0. 0. 0. 0. 0. 0. 0.],"geometry_msgs.msg.Vector3(x=-4.125, y=4.0625, z=7.6875)",[0. 0. 0. 0. 0. 0. 0. 0. 0.],"geometry_msgs.msg.Vector3(x=-0.05126953125, y=0.74462890625, z=-0.66357421875)",[0. 0. 0. 0. 0. 0. 0. 0. 0.],False,16.559167097,"[-0.42257934955044846, -0.7956014443587011, -0.4083591028079218, -0.1472680488829047]","[-4.125, 4.0625, 7.6875]","[-0.05126953125, 0.74462890625, -0.66357421875]"
10400921603,"std_msgs.msg.Header(stamp=builtin_interfaces.msg.Time(sec=1731185781, nanosec=241379467), frame_id='RL_myo')","geometry_msgs.msg.Quaternion(x=-0.4209811568764, y=-0.7961291956295502, z=-0.40755467753270497, w=-0.15116995151969306)",[0. 0. 0. 0. 0. 0. 0. 0. 0.],"geometry_msgs.msg.Vector3(x=0.75, y=17.125, z=12.625)",[0. 0. 0. 0. 0. 0. 0. 0. 0.],"geometry_msgs.msg.Vector3(x=-0.04833984375, y=0.81005859375, z=-0.57666015625)",[0. 0. 0. 0. 0. 0. 0. 0. 0.],False,16.581590904,"[-0.4209811568764, -0.7961291956295502, -0.40755467753270497, -0.15116995151969306]","[0.75, 17.125, 12.625]","[-0.04833984375, 0.81005859375, -0.57666015625]"
10422180835,"std_msgs.msg.Header(stamp=builtin_interfaces.msg.Time(sec=1731185781, nanosec=262539721), frame_id='RL_myo')","geometry_msgs.msg.Quaternion(x=-0.4205083598063953, y=-0.7956091405567733, z=-0.4079358311967991, w=-0.15416605469825173)",[0. 0. 0. 0. 0. 0. 0. 0. 0.],"geometry_msgs.msg.Vector3(x=1.3125, y=20.25, z=8.8125)",[0. 0. 0. 0. 0. 0. 0. 0. 0.],"geometry_msgs.msg.Vector3(x=-0.18310546875, y=0.86962890625, z=-0.5302734375)",[0. 0. 0. 0. 0. 0. 0. 0. 0.],False,16.602850136,"[-0.4205083598063953, -0.7956091405567733, -0.4079358311967991, -0.15416605469825173]","[1.3125, 20.25, 8.8125]","[-0.18310546875, 0.86962890625, -0.5302734375]"
10438416755,"std_msgs.msg.Header(stamp=builtin_interfaces.msg.Time(sec=1731185781, nanosec=278789666), frame_id='RL_myo')","geometry_msgs.msg.Quaternion(x=-0.42025163738258553, y=-0.7952191163367832, z=-0.4082897842128227, w=-0.15593130024869387)",[0. 0. 0. 0. 0. 0. 0. 0. 0.],"geometry_msgs.msg.Vector3(x=-1.125, y=13.875, z=7.1875)",[0. 0. 0. 0. 0. 0. 0. 0. 0.],"geometry_msgs.msg.Vector3(x=-0.18994140625, y=0.80810546875, z=-0.56005859375)",[0. 0. 0. 0. 0. 0. 0. 0. 0.],False,16.619086056,"[-0.42025163738258553, -0.7952191163367832, -0.4082897842128227, -0.15593130024869387]","[-1.125, 13.875, 7.1875]","[-0.18994140625, 0.80810546875, -0.56005859375]"
10461086197,"std_msgs.msg.Header(stamp=builtin_interfaces.msg.Time(sec=1731185781, nanosec=301460157), frame_id='RL_myo')","geometry_msgs.msg.Quaternion(x=-0.42020606021422346, y=-0.794943200332645, z=-0.40769447817443905, w=-0.158988640066529)",[0. 0. 0. 0. 0. 0. 0. 0. 0.],"geometry_msgs.msg.Vector3(x=-2.75, y=13.1875, z=9.0625)",[0. 0. 0. 0. 0. 0. 0. 0. 0.],"geometry_msgs.msg.Vector3(x=-0.0888671875, y=0.814453125, z=-0.51416015625)",[0. 0. 0. 0. 0. 0. 0. 0. 0.],False,16.641755498,"[-0.42020606021422346, -0.794943200332645, -0.40769447817443905, -0.158988640066529]","[-2.75, 13.1875, 9.0625]","[-0.0888671875, 0.814453125, -0.51416015625]"
10481878414,"std_msgs.msg.Header(stamp=builtin_interfaces.msg.Time(sec=1731185781, nanosec=322367831), frame_id='RL_myo')","geometry_msgs.msg.Quaternion(x=-0.4255121676708192, y=-0.7915185459728706, z=-0.4073857887554099, w=-0.16271018918680494)",[0. 0. 0. 0. 0. 0. 0. 0. 0.],"geometry_msgs.msg.Vector3(x=-7.0, y=9.5, z=-4.25)",[0. 0. 0. 0. 0. 0. 0. 0. 0.],"geometry_msgs.msg.Vector3(x=-0.14794921875, y=1.6015625, z=-0.5693359375)",[0. 0. 0. 0. 0. 0. 0. 0. 0.],False,16.662547715,"[-0.4255121676708192, -0.7915185459728706, -0.4073857887554099, -0.16271018918680494]","[-7.0, 9.5, -4.25]","[-0.14794921875, 1.6015625, -0.5693359375]"
10498525422,"std_msgs.msg.Header(stamp=builtin_interfaces.msg.Time(sec=1731185781, nanosec=338918780), frame_id='RL_myo')","geometry_msgs.msg.Quaternion(x=-0.4241837502588082, y=-0.7902024481439986, z=-0.41331976356153227, w=-0.1575278071105013)",[0. 0. 0. 0. 0. 0. 0. 0. 0.],"geometry_msgs.msg.Vector3(x=2.75, y=5.375, z=-24.625)",[0. 0. 0. 0. 0. 0. 0. 0. 0.],"geometry_msgs.msg.Vector3(x=-0.3662109375, y=0.55419921875, z=-0.71923828125)",[0. 0. 0. 0. 0. 0. 0. 0. 0.],False,16.679194723,"[-0.4241837502588082, -0.7902024481439986, -0.41331976356153227, -0.1575278071105013]","[2.75, 5.375, -24.625]","[-0.3662109375, 0.55419921875, -0.71923828125]"
10521058526,"std_msgs.msg.Header(stamp=builtin_interfaces.msg.Time(sec=1731185781, nanosec=361503235), frame_id='RL_myo')","geometry_msgs.msg.Quaternion(x=-0.42704673782203634, y=-0.7905582956994194, z=-0.40965238020030126, w=-0.1575867767695438)",[0. 0. 0. 0. 0. 0. 0. 0. 0.],"geometry_msgs.msg.Vector3(x=-11.3125, y=-13.625, z=17.125)",[0. 0. 0. 0. 0. 0. 0. 0. 0.],"geometry_msgs.msg.Vector3(x=-0.15625, y=0.92333984375, z=-0.59912109375)",[0. 0. 0. 0. 0. 0. 0. 0. 0.],False,16.701727827,"[-0.42704673782203634, -0.7905582956994194, -0.40965238020030126, -0.1575867767695438]","[-11.3125, -13.625, 17.125]","[-0.15625, 0.92333984375, -0.59912109375]"
10542080453,"std_msgs.msg.Header(stamp=builtin_interfaces.msg.Time(sec=1731185781, nanosec=382476189), frame_id='RL_myo')","geometry_msgs.msg.Quaternion(x=-0.42869481196831316, y=-0.7894600502292327, z=-0.4104459866866324, w=-0.15654928711542188)",[0. 0. 0. 0. 0. 0. 0. 0. 0.],"geometry_msgs.msg.Vector3(x=-6.5625, y=-8.6875, z=-14.6875)",[0. 0. 0. 0. 0. 0. 0. 0. 0.],"geometry_msgs.msg.Vector3(x=-0.0390625, y=0.8994140625, z=-0.64404296875)",[0. 0. 0. 0. 0. 0. 0. 0. 0.],False,16.722749754,"[-0.42869481196831316, -0.7894600502292327, -0.4104459866866324, -0.15654928711542188]","[-6.5625, -8.6875, -14.6875]","[-0.0390625, 0.8994140625, -0.64404296875]"
10558424846,"std_msgs.msg.Header(stamp=builtin_interfaces.msg.Time(sec=1731185781, nanosec=398868928), frame_id='RL_myo')","geometry_msgs.msg.Quaternion(x=-0.43053393284692, y=-0.7881932533009817, z=-0.4111861504947122, w=-0.15594190507852007)",[0. 0. 0. 0. 0. 0. 0. 0. 0.],"geometry_msgs.msg.Vector3(x=-6.5625, y=-3.875, z=-9.5625)",[0. 0. 0. 0. 0. 0. 0. 0. 0.],"geometry_msgs.msg.Vector3(x=-0.1181640625, y=0.8994140625, z=-0.5947265625)",[0. 0. 0. 0. 0. 0. 0. 0. 0.],False,16.739094147,"[-0.43053393284692, -0.7881932533009817, -0.4111861504947122, -0.15594190507852007]","[-6.5625, -3.875, -9.5625]","[-0.1181640625, 0.8994140625, -0.5947265625]"
10581114562,"std_msgs.msg.Header(stamp=builtin_interfaces.msg.Time(sec=1731185781, nanosec=421445580), frame_id='RL_myo')","geometry_msgs.msg.Quaternion(x=-0.43019928635042903, y=-0.7885054305075249, z=-0.4112190085727324, w=-0.15519886298611732)",[0. 0. 0. 0. 0. 0. 0. 0. 0.],"geometry_msgs.msg.Vector3(x=0.8125, y=-1.75, z=1.125)",[0. 0. 0. 0. 0. 0. 0. 0. 0.],"geometry_msgs.msg.Vector3(x=-0.13720703125, y=0.755859375, z=-0.6025390625)",[0. 0. 0. 0. 0. 0. 0. 0. 0.],False,16.761783863,"[-0.43019928635042903, -0.7885054305075249, -0.4112190085727324, -0.15519886298611732]","[0.8125, -1.75, 1.125]","[-0.13720703125, 0.755859375, -0.6025390625]"
10602162255,"std_msgs.msg.Header(stamp=builtin_interfaces.msg.Time(sec=1731185781, nanosec=442538699), frame_id='RL_myo')","geometry_msgs.msg.Quaternion(x=-0.42850522094847276, y=-0.7891429293353871, z=-0.41141627893656957, w=-0.1561196916658871)",[0. 0. 0. 0. 0. 0. 0. 0. 0.],"geometry_msgs.msg.Vector3(x=3.6875, y=4.1875, z=-0.1875)",[0. 0. 0. 0. 0. 0. 0. 0. 0.],"geometry_msgs.msg.Vector3(x=-0.02294921875, y=0.78466796875, z=-0.63330078125)",[0. 0. 0. 0. 0. 0. 0. 0. 0.],False,16.782831556,"[-0.42850522094847276, -0.7891429293353871, -0.41141627893656957, -0.1561196916658871]","[3.6875, 4.1875, -0.1875]","[-0.02294921875, 0.78466796875, -0.63330078125]"
10618581222,"std_msgs.msg.Header(stamp=builtin_interfaces.msg.Time(sec=1731185781, nanosec=459034726), frame_id='RL_myo')","geometry_msgs.msg.Quaternion(x=-0.42502505728877754, y=-0.7903000383159651, z=-0.4122694230306853, w=-0.15752292832601017)",[0. 0. 0. 0. 0. 0. 0. 0. 0.],"geometry_msgs.msg.Vector3(x=15.1875, y=12.0625, z=0.8125)",[0. 0. 0. 0. 0. 0. 0. 0. 0.],"geometry_msgs.msg.Vector3(x=-0.02490234375, y=0.83251953125, z=-0.62109375)",[0. 0. 0. 0. 0. 0. 0. 0. 0.],False,16.799250523,"[-0.42502505728877754, -0.7903000383159651, -0.4122694230306853, -0.15752292832601017]","[15.1875, 12.0625, 0.8125]","[-0.02490234375, 0.83251953125, -0.62109375]"
10641263962,"std_msgs.msg.Header(stamp=builtin_interfaces.msg.Time(sec=1731185781, nanosec=481784308), frame_id='RL_myo')","geometry_msgs.msg.Quaternion(x=-0.42173264522068027, y=-0.7914048061615863, z=-0.4132491665396854, w=-0.15825654834402664)",[0. 0. 0. 0. 0. 0. 0. 0. 0.],"geometry_msgs.msg.Vector3(x=17.375, y=11.625, z=1.75)",[0. 0. 0. 0. 0. 0. 0. 0. 0.],"geometry_msgs.msg.Vector3(x=-0.08740234375, y=0.8505859375, z=-0.6259765625)",[0. 0. 0. 0. 0. 0. 0. 0. 0.],False,16.821933263,"[-0.42173264522068027, -0.7914048061615863, -0.4132491665396854, -0.15825654834402664]","[17.375, 11.625, 1.75]","[-0.08740234375, 0.8505859375, -0.6259765625]"
10661829434,"std_msgs.msg.Header(stamp=builtin_interfaces.msg.Time(sec=1731185781, nanosec=502306988), frame_id='RL_myo')","geometry_msgs.msg.Quaternion(x=-0.42001358002831074, y=-0.7918739030612223, z=-0.4137274133990001, w=-0.15922921102787893)",[0. 0. 0. 0. 0. 0. 0. 0. 0.],"geometry_msgs.msg.Vector3(x=6.3125, y=10.1875, z=4.0)",[0. 0. 0. 0. 0. 0. 0. 0. 0.],"geometry_msgs.msg.Vector3(x=-0.12939453125, y=0.89892578125, z=-0.68212890625)",[0. 0. 0. 0. 0. 0. 0. 0. 0.],False,16.842498735,"[-0.42001358002831074, -0.7918739030612223, -0.4137274133990001, -0.15922921102787893]","[6.3125, 10.1875, 4.0]","[-0.12939453125, 0.89892578125, -0.68212890625]"
10678454071,"std_msgs.msg.Header(stamp=builtin_interfaces.msg.Time(sec=1731185781, nanosec=518847472), frame_id='RL_myo')","geometry_msgs.msg.Quaternion(x=-0.42129700437402423, y=-0.7909007503524526, z=-0.4140953461795965, w=-0.15971813131201237)",[0. 0. 0. 0. 0. 0. 0. 0. 0.],"geometry_msgs.msg.Vector3(x=-5.5625, y=0.5, z=-5.0625)",[0. 0. 0. 0. 0. 0. 0. 0. 0.],"geometry_msgs.msg.Vector3(x=-0.09375, y=0.9580078125, z=-0.6533203125)",[0. 0. 0. 0. 0. 0. 0. 0. 0.],False,16.859123372,"[-0.42129700437402423, -0.7909007503524526, -0.4140953461795965, -0.15971813131201237]","[-5.5625, 0.5, -5.0625]","[-0.09375, 0.9580078125, -0.6533203125]"
10706972351,"std_msgs.msg.Header(stamp=builtin_interfaces.msg.Time(sec=1731185781, nanosec=547474339), frame_id='RL_myo')","geometry_msgs.msg.Quaternion(x=-0.42782269630581327, y=-0.7874134704333242, z=-0.41305335358027734, w=-0.16227967895537196)",[0. 0. 0. 0. 0. 0. 0. 0. 0.],"geometry_msgs.msg.Vector3(x=-36.1875, y=-5.75, z=-8.0625)",[0. 0. 0. 0. 0. 0. 0. 0. 0.],"geometry_msgs.msg.Vector3(x=-0.0439453125, y=1.02880859375, z=-0.58251953125)",[0. 0. 0. 0. 0. 0. 0. 0. 0.],False,16.887641652,"[-0.42782269630581327, -0.7874134704333242, -0.41305335358027734, -0.16227967895537196]","[-36.1875, -5.75, -8.0625]","[-0.0439453125, 1.02880859375, -0.58251953125]"
10721749307,"std_msgs.msg.Header(stamp=builtin_interfaces.msg.Time(sec=1731185781, nanosec=562210630), frame_id='RL_myo')","geometry_msgs.msg.Quaternion(x=-0.43478446544417615, y=-0.7830880791850399, z=-0.41195889131782554, w=-0.1674078872421919)",[0. 0. 0. 0. 0. 0. 0. 0. 0.],"geometry_msgs.msg.Vector3(x=-59.25, y=2.75, z=-6.125)",[0. 0. 0. 0. 0. 0. 0. 0. 0.],"geometry_msgs.msg.Vector3(x=0.0283203125, y=0.80615234375, z=-0.6318359375)",[0. 0. 0. 0. 0. 0. 0. 0. 0.],False,16.902418608,"[-0.43478446544417615, -0.7830880791850399, -0.41195889131782554, -0.1674078872421919]","[-59.25, 2.75, -6.125]","[0.0283203125, 0.80615234375, -0.6318359375]"
10746222464,"std_msgs.msg.Header(stamp=builtin_interfaces.msg.Time(sec=1731185781, nanosec=586633799), frame_id='RL_myo')","geometry_msgs.msg.Quaternion(x=-0.442301256532914, y=-0.7784062682242011, z=-0.41001515680807454, w=-0.17418625447011682)",[0. 0. 0. 0. 0. 0. 0. 0. 0.],"geometry_msgs.msg.Vector3(x=-80.0, y=4.9375, z=-0.875)",[0. 0. 0. 0. 0. 0. 0. 0. 0.],"geometry_msgs.msg.Vector3(x=0.05908203125, y=0.71630859375, z=-0.75732421875)",[0. 0. 0. 0. 0. 0. 0. 0. 0.],False,16.926891765,"[-0.442301256532914, -0.7784062682242011, -0.41001515680807454, -0.17418625447011682]","[-80.0, 4.9375, -0.875]","[0.05908203125, 0.71630859375, -0.75732421875]"
10760993306,"std_msgs.msg.Header(stamp=builtin_interfaces.msg.Time(sec=1731185781, nanosec=601388733), frame_id='RL_myo')","geometry_msgs.msg.Quaternion(x=-0.44869178756280514, y=-0.7737370079871115, z=-0.40932750532967005, w=-0.1801602498483951)",[0. 0. 0. 0. 0. 0. 0. 0. 0.],"geometry_msgs.msg.Vector3(x=-72.375, y=4.1875, z=-12.4375)",[0. 0. 0. 0. 0. 0. 0. 0. 0.],"geometry_msgs.msg.Vector3(x=0.14208984375, y=0.77392578125, z=-0.78076171875)",[0. 0. 0. 0. 0. 0. 0. 0. 0.],False,16.941662607,"[-0.44869178756280514, -0.7737370079871115, -0.40932750532967005, -0.1801602498483951]","[-72.375, 4.1875, -12.4375]","[0.14208984375, 0.77392578125, -0.78076171875]"
10783400073,"std_msgs.msg.Header(stamp=builtin_interfaces.msg.Time(sec=1731185781, nanosec=623807140), frame_id='RL_myo')","geometry_msgs.msg.Quaternion(x=-0.45445286878404184, y=-0.7680412168652139, z=-0.41172966059859606, w=-0.18456425936112578)",[0. 0. 0. 0. 0. 0. 0. 0. 0.],"geometry_msgs.msg.Vector3(x=-66.9375, y=6.6875, z=-33.125)",[0. 0. 0. 0. 0. 0. 0. 0. 0.],"geometry_msgs.msg.Vector3(x=0.15478515625, y=0.853515625, z=-0.83203125)",[0. 0. 0. 0. 0. 0. 0. 0. 0.],False,16.964069374,"[-0.45445286878404184, -0.7680412168652139, -0.41172966059859606, -0.18456425936112578]","[-66.9375, 6.6875, -33.125]","[0.15478515625, 0.853515625, -0.83203125]"
10797889432,"std_msgs.msg.Header(stamp=builtin_interfaces.msg.Time(sec=1731185781, nanosec=638307394), frame_id='RL_myo')","geometry_msgs.msg.Quaternion(x=-0.4632327651010352, y=-0.7588106677867156, z=-0.4161160727877284, w=-0.19096908063256118)",[0. 0. 0. 0. 0. 0. 0. 0. 0.],"geometry_msgs.msg.Vector3(x=-86.1875, y=14.0, z=-56.25)",[0. 0. 0. 0. 0. 0. 0. 0. 0.],"geometry_msgs.msg.Vector3(x=0.267578125, y=0.9501953125, z=-0.76220703125)",[0. 0. 0. 0. 0. 0. 0. 0. 0.],False,16.978558733,"[-0.4632327651010352, -0.7588106677867156, -0.4161160727877284, -0.19096908063256118]","[-86.1875, 14.0, -56.25]","[0.267578125, 0.9501953125, -0.76220703125]"
10820914098,"std_msgs.msg.Header(stamp=builtin_interfaces.msg.Time(sec=1731185781, nanosec=661398544), frame_id='RL_myo')","geometry_msgs.msg.Quaternion(x=-0.4755665660772081, y=-0.7447206415906178, z=-0.4238108617607974, w=-0.19902753747148044)",[0. 0. 0. 0. 0. 0. 0. 0. 0.],"geometry_msgs.msg.Vector3(x=-104.1875, y=37.0625, z=-67.0)",[0. 0. 0. 0. 0. 0. 0. 0. 0.],"geometry_msgs.msg.Vector3(x=0.4072265625, y=0.90966796875, z=-0.63037109375)",[0. 0. 0. 0. 0. 0. 0. 0. 0.],False,17.001583399,"[-0.4755665660772081, -0.7447206415906178, -0.4238108617607974, -0.19902753747148044]","[-104.1875, 37.0625, -67.0]","[0.4072265625, 0.90966796875, -0.63037109375]"
10843273768,"std_msgs.msg.Header(stamp=builtin_interfaces.msg.Time(sec=1731185781, nanosec=683779182), frame_id='RL_myo')","geometry_msgs.msg.Quaternion(x=-0.48451962129361287, y=-0.729251159445444, z=-0.4343527074879258, w=-0.21159208049186998)",[0. 0. 0. 0. 0. 0. 0. 0. 0.],"geometry_msgs.msg.Vector3(x=-102.75, y=73.625, z=-66.375)",[0. 0. 0. 0. 0. 0. 0. 0. 0.],"geometry_msgs.msg.Vector3(x=0.427734375, y=0.68359375, z=-0.56396484375)",[0. 0. 0. 0. 0. 0. 0. 0. 0.],False,17.023943069,"[-0.48451962129361287, -0.729251159445444, -0.4343527074879258, -0.21159208049186998]","[-102.75, 73.625, -66.375]","[0.427734375, 0.68359375, -0.56396484375]"
10857778096,"std_msgs.msg.Header(stamp=builtin_interfaces.msg.Time(sec=1731185781, nanosec=698370795), frame_id='RL_myo')","geometry_msgs.msg.Quaternion(x=-0.4839822887669523, y=-0.7174900109387505, z=-0.4466918501242527, w=-0.22679422257982282)",[0. 0. 0. 0. 0. 0. 0. 0. 0.],"geometry_msgs.msg.Vector3(x=-72.3125, y=97.9375, z=-64.625)",[0. 0. 0. 0. 0. 0. 0. 0. 0.],"geometry_msgs.msg.Vector3(x=0.3681640625, y=0.55615234375, z=-0.56005859375)",[0. 0. 0. 0. 0. 0. 0. 0. 0.],False,17.038447397,"[-0.4839822887669523, -0.7174900109387505, -0.4466918501242527, -0.22679422257982282]","[-72.3125, 97.9375, -64.625]","[0.3681640625, 0.55615234375, -0.56005859375]"
10880967570,"std_msgs.msg.Header(stamp=builtin_interfaces.msg.Time(sec=1731185781, nanosec=721419118), frame_id='RL_myo')","geometry_msgs.msg.Quaternion(x=-0.48215841235520435, y=-0.704866772694969, z=-0.46378756651736686, w=-0.23576936037065246)",[0. 0. 0. 0. 0. 0. 0. 0. 0.],"geometry_msgs.msg.Vector3(x=-31.625, y=101.8125, z=-82.3125)",[0. 0. 0. 0. 0. 0. 0. 0. 0.],"geometry_msgs.msg.Vector3(x=0.36572265625, y=0.60205078125, z=-0.482421875)",[0. 0. 0. 0. 0. 0. 0. 0. 0.],False,17.061636871,"[-0.48215841235520435, -0.704866772694969, -0.46378756651736686, -0.23576936037065246]","[-31.625, 101.8125, -82.3125]","[0.36572265625, 0.60205078125, -0.482421875]"
10905976845,"std_msgs.msg.Header(stamp=builtin_interfaces.msg.Time(sec=1731185781, nanosec=746423732), frame_id='RL_myo')","geometry_msgs.msg.Quaternion(x=-0.47788105647922197, y=-0.6917984387218367, z=-0.48538800027832085, w=-0.23967291300049867)",[0. 0. 0. 0. 0. 0. 0. 0. 0.],"geometry_msgs.msg.Vector3(x=-1.125, y=101.25, z=-112.3125)",[0. 0. 0. 0. 0. 0. 0. 0. 0.],"geometry_msgs.msg.Vector3(x=0.34130859375, y=0.7001953125, z=-0.3837890625)",[0. 0. 0. 0. 0. 0. 0. 0. 0.],False,17.086646146,"[-0.47788105647922197, -0.6917984387218367, -0.48538800027832085, -0.23967291300049867]","[-1.125, 101.25, -112.3125]","[0.34130859375, 0.7001953125, -0.3837890625]"
10924650684,"std_msgs.msg.Header(stamp=builtin_interfaces.msg.Time(sec=1731185781, nanosec=764979447), frame_id='RL_myo')","geometry_msgs.msg.Quaternion(x=-0.4733067908027778, y=-0.6772772994891586, z=-0.5091328496295, w=-0.24095618440868688)",[0. 0. 0. 0. 0. 0. 0. 0. 0.],"geometry_msgs.msg.Vector3(x=9.1875, y=100.25, z=-130.25)",[0. 0. 0. 0. 0. 0. 0. 0. 0.],"geometry_msgs.msg.Vector3(x=0.22021484375, y=0.7373046875, z=-0.25439453125)",[0. 0. 0. 0. 0. 0. 0. 0. 0.],False,17.105319985,"[-0.4733067908027778, -0.6772772994891586, -0.5091328496295, -0.24095618440868688]","[9.1875, 100.25, -130.25]","[0.22021484375, 0.7373046875, -0.25439453125]"
10940934457,"std_msgs.msg.Header(stamp=builtin_interfaces.msg.Time(sec=1731185781, nanosec=781500744), frame_id='RL_myo')","geometry_msgs.msg.Quaternion(x=-0.47330209322627653, y=-0.6590830824952367, z=-0.5316485537194191, w=-0.2427847487884111)",[0. 0. 0. 0. 0. 0. 0. 0. 0.],"geometry_msgs.msg.Vector3(x=-21.375, y=92.125, z=-139.25)",[0. 0. 0. 0. 0. 0. 0. 0. 0.],"geometry_msgs.msg.Vector3(x=0.08740234375, y=0.74365234375, z=-0.203125)",[0. 0. 0. 0. 0. 0. 0. 0. 0.],False,17.121603758,"[-0.47330209322627653, -0.6590830824952367, -0.5316485537194191, -0.2427847487884111]","[-21.375, 92.125, -139.25]","[0.08740234375, 0.74365234375, -0.203125]"
10963424724,"std_msgs.msg.Header(stamp=builtin_interfaces.msg.Time(sec=1731185781, nanosec=803812969), frame_id='RL_myo')","geometry_msgs.msg.Quaternion(x=-0.47879957739298923, y=-0.6369346577021333, z=-0.551550258878323, w=-0.24669316658030116)",[0. 0. 0. 0. 0. 0. 0. 0. 0.],"geometry_msgs.msg.Vector3(x=-61.4375, y=81.9375, z=-142.25)",[0. 0. 0. 0. 0. 0. 0. 0. 0.],"geometry_msgs.msg.Vector3(x=-0.0205078125, y=0.779296875, z=-0.123046875)",[0. 0. 0. 0. 0. 0. 0. 0. 0.],False,17.144094025,"[-0.47879957739298923, -0.6369346577021333, -0.551550258878323, -0.24669316658030116]","[-61.4375, 81.9375, -142.25]","[-0.0205078125, 0.779296875, -0.123046875]"
10977589995,"std_msgs.msg.Header(stamp=builtin_interfaces.msg.Time(sec=1731185781, nanosec=818182853), frame_id='RL_myo')","geometry_msgs.msg.Quaternion(x=-0.48885512301307077, y=-0.612564153518376, z=-0.5671573855381357, w=-0.25321596821238834)",[0. 0. 0. 0. 0. 0. 0. 0. 0.],"geometry_msgs.msg.Vector3(x=-99.125, y=69.8125, z=-131.6875)",[0. 0. 0. 0. 0. 0. 0. 0. 0.],"geometry_msgs.msg.Vector3(x=-0.12255859375, y=0.71484375, z=-0.10205078125)",[0. 0. 0. 0. 0. 0. 0. 0. 0.],False,17.158259296,"[-0.48885512301307077, -0.612564153518376, -0.5671573855381357, -0.25321596821238834]","[-99.125, 69.8125, -131.6875]","[-0.12255859375, 0.71484375, -0.10205078125]"
11001044697,"std_msgs.msg.Header(stamp=builtin_interfaces.msg.Time(sec=1731185781, nanosec=841421795), frame_id='RL_myo')","geometry_msgs.msg.Quaternion(x=-0.5021042218965415, y=-0.5880972750936032, z=-0.578332272601389, w=-0.25993216008962805)",[0. 0. 0. 0. 0. 0. 0. 0. 0.],"geometry_msgs.msg.Vector3(x=-118.875, y=47.875, z=-119.0625)",[0. 0. 0. 0. 0. 0. 0. 0. 0.],"geometry_msgs.msg.Vector3(x=-0.201171875, y=0.5732421875, z=-0.1220703125)",[0. 0. 0. 0. 0. 0. 0. 0. 0.],False,17.181713998,"[-0.5021042218965415, -0.5880972750936032, -0.578332272601389, -0.25993216008962805]","[-118.875, 47.875, -119.0625]","[-0.201171875, 0.5732421875, -0.1220703125]"
11023459272,"std_msgs.msg.Header(stamp=builtin_interfaces.msg.Time(sec=1731185781, nanosec=863821964), frame_id='RL_myo')","geometry_msgs.msg.Quaternion(x=-0.5186527410014347, y=-0.5640607945793433, z=-0.5853000454464296, w=-0.26506340952803376)",[0. 0. 0. 0. 0. 0. 0. 0. 0.],"geometry_msgs.msg.Vector3(x=-130.375, y=19.1875, z=-111.8125)",[0. 0. 0. 0. 0. 0. 0. 0. 0.],"geometry_msgs.msg.Vector3(x=-0.25927734375, y=0.5205078125, z=-0.1044921875)",[0. 0. 0. 0. 0. 0. 0. 0. 0.],False,17.204128573,"[-0.5186527410014347, -0.5640607945793433, -0.5853000454464296, -0.26506340952803376]","[-130.375, 19.1875, -111.8125]","[-0.25927734375, 0.5205078125, -0.1044921875]"
11037541887,"std_msgs.msg.Header(stamp=builtin_interfaces.msg.Time(sec=1731185781, nanosec=878110712), frame_id='RL_myo')","geometry_msgs.msg.Quaternion(x=-0.5369585727654694, y=-0.5407425499775016, z=-0.5898121899528865, w=-0.2671976166818851)",[0. 0. 0. 0. 0. 0. 0. 0. 0.],"geometry_msgs.msg.Vector3(x=-126.8125, y=-4.1875, z=-111.3125)",[0. 0. 0. 0. 0. 0. 0. 0. 0.],"geometry_msgs.msg.Vector3(x=-0.38720703125, y=0.5009765625, z=-0.04052734375)",[0. 0. 0. 0. 0. 0. 0. 0. 0.],False,17.218211188,"[-0.5369585727654694, -0.5407425499775016, -0.5898121899528865, -0.2671976166818851]","[-126.8125, -4.1875, -111.3125]","[-0.38720703125, 0.5009765625, -0.04052734375]"
11060862039,"std_msgs.msg.Header(stamp=builtin_interfaces.msg.Time(sec=1731185781, nanosec=901345279), frame_id='RL_myo')","geometry_msgs.msg.Quaternion(x=-0.5547297476228381, y=-0.5216498132833532, z=-0.5914106342243703, w=-0.2653108386969389)",[0. 0. 0. 0. 0. 0. 0. 0. 0.],"geometry_msgs.msg.Vector3(x=-102.0625, y=-28.625, z=-96.5625)",[0. 0. 0. 0. 0. 0. 0. 0. 0.],"geometry_msgs.msg.Vector3(x=-0.59912109375, y=0.47314453125, z=0.068359375)",[0. 0. 0. 0. 0. 0. 0. 0. 0.],False,17.24153134,"[-0.5547297476228381, -0.5216498132833532, -0.5914106342243703, -0.2653108386969389]","[-102.0625, -28.625, -96.5625]","[-0.59912109375, 0.47314453125, 0.068359375]"
11083564112,"std_msgs.msg.Header(stamp=builtin_interfaces.msg.Time(sec=1731185781, nanosec=924039964), frame_id='RL_myo')","geometry_msgs.msg.Quaternion(x=-0.5754117748668436, y=-0.5060181401592067, z=-0.5877402834076902, w=-0.25963106600377095)",[0. 0. 0. 0. 0. 0. 0. 0. 0.],"geometry_msgs.msg.Vector3(x=-82.25, y=-60.125, z=-59.6875)",[0. 0. 0. 0. 0. 0. 0. 0. 0.],"geometry_msgs.msg.Vector3(x=-0.72021484375, y=0.4482421875, z=0.14990234375)",[0. 0. 0. 0. 0. 0. 0. 0. 0.],False,17.264233413,"[-0.5754117748668436, -0.5060181401592067, -0.5877402834076902, -0.25963106600377095]","[-82.25, -60.125, -59.6875]","[-0.72021484375, 0.4482421875, 0.14990234375]"
11083564112,"std_msgs.msg.Header(stamp=builtin_interfaces.msg.Time(sec=1731185788, nanosec=604231073), frame_id='RL_myo')","geometry_msgs.msg.Quaternion(x=-0.6788874232054998, y=-0.5363717230180646, z=-0.011779670293865096, w=-0.5012768503809018)",[0. 0. 0. 0. 0. 0. 0. 0. 0.],"geometry_msgs.msg.Vector3(x=-1.5, y=80.3125, z=-76.125)",[0. 0. 0. 0. 0. 0. 0. 0. 0.],"geometry_msgs.msg.Vector3(x=0.4912109375, y=1.06201171875, z=0.34228515625)",[0. 0. 0. 0. 0. 0. 0. 0. 0.],False,23.944394876,"[-0.6788874232054998, -0.5363717230180646, -0.011779670293865096, -0.5012768503809018]","[-1.5, 80.3125, -76.125]","[0.4912109375, 1.06201171875, 0.34228515625]"
11105943860,"std_msgs.msg.Header(stamp=builtin_interfaces.msg.Time(sec=1731185788, nanosec=626663874), frame_id='RL_myo')","geometry_msgs.msg.Quaternion(x=-0.6857420778456692, y=-0.5324937370241601, z=-0.03582508007257101, w=-0.4948987637282424)",[0. 0. 0. 0. 0. 0. 0. 0. 0.],"geometry_msgs.msg.Vector3(x=29.9375, y=84.9375, z=-115.0)",[0. 0. 0. 0. 0. 0. 0. 0. 0.],"geometry_msgs.msg.Vector3(x=0.41748046875, y=1.109375, z=0.35888671875)",[0. 0. 0. 0. 0. 0. 0. 0. 0.],False,23.966774624,"[-0.6857420778456692, -0.5324937370241601, -0.03582508007257101, -0.4948987637282424]","[29.9375, 84.9375, -115.0]","[0.41748046875, 1.109375, 0.35888671875]"
11121115521,"std_msgs.msg.Header(stamp=builtin_interfaces.msg.Time(sec=1731185788, nanosec=641640439), frame_id='RL_myo')","geometry_msgs.msg.Quaternion(x=-0.6916123142203912, y=-0.5320141672307757, z=-0.06805045273170986, w=-0.4837380164587734)",[0. 0. 0. 0. 0. 0. 0. 0. 0.],"geometry_msgs.msg.Vector3(x=69.8125, y=92.375, z=-154.3125)",[0. 0. 0. 0. 0. 0. 0. 0. 0.],"geometry_msgs.msg.Vector3(x=0.29150390625, y=1.19873046875, z=0.34521484375)",[0. 0. 0. 0. 0. 0. 0. 0. 0.],False,23.981946285,"[-0.6916123142203912, -0.5320141672307757, -0.06805045273170986, -0.4837380164587734]","[69.8125, 92.375, -154.3125]","[0.29150390625, 1.19873046875, 0.34521484375]"
11143657367,"std_msgs.msg.Header(stamp=builtin_interfaces.msg.Time(sec=1731185788, nanosec=664266816), frame_id='RL_myo')","geometry_msgs.msg.Quaternion(x=-0.6974326169970507, y=-0.5315428950229557, z=-0.10564941454641594, w=-0.46892227149631055)",[0. 0. 0. 0. 0. 0. 0. 0. 0.],"geometry_msgs.msg.Vector3(x=85.875, y=101.875, z=-183.75)",[0. 0. 0. 0. 0. 0. 0. 0. 0.],"geometry_msgs.msg.Vector3(x=0.123046875, y=1.2890625, z=0.30810546875)",[0. 0. 0. 0. 0. 0. 0. 0. 0.],False,24.004488131,"[-0.6974326169970507, -0.5315428950229557, -0.10564941454641594, -0.46892227149631055]","[85.875, 101.875, -183.75]","[0.123046875, 1.2890625, 0.30810546875]"
11175009890,"std_msgs.msg.Header(stamp=builtin_interfaces.msg.Time(sec=1731185788, nanosec=695582965), frame_id='RL_myo')","geometry_msgs.msg.Quaternion(x=-0.705105697807314, y=-0.5270135636255654, z=-0.14336477833890596, w=-0.4522490453347353)",[0. 0. 0. 0. 0. 0. 0. 0. 0.],"geometry_msgs.msg.Vector3(x=65.625, y=106.0625, z=-198.5)",[0. 0. 0. 0. 0. 0. 0. 0. 0.],"geometry_msgs.msg.Vector3(x=-0.00537109375, y=1.31640625, z=0.31689453125)",[0. 0. 0. 0. 0. 0. 0. 0. 0.],False,24.035840654,"[-0.705105697807314, -0.5270135636255654, -0.14336477833890596, -0.4522490453347353]","[65.625, 106.0625, -198.5]","[-0.00537109375, 1.31640625, 0.31689453125]"
11180967781,"std_msgs.msg.Header(stamp=builtin_interfaces.msg.Time(sec=1731185788, nanosec=701585339), frame_id='RL_myo')","geometry_msgs.msg.Quaternion(x=-0.7139431277532099, y=-0.5194366524455094, z=-0.1793707345244216, w=-0.4339319232625511)",[0. 0. 0. 0. 0. 0. 0. 0. 0.],"geometry_msgs.msg.Vector3(x=46.625, y=101.3125, z=-207.0625)",[0. 0. 0. 0. 0. 0. 0. 0. 0.],"geometry_msgs.msg.Vector3(x=-0.07080078125, y=1.19873046875, z=0.24169921875)",[0. 0. 0. 0. 0. 0. 0. 0. 0.],False,24.041798545,"[-0.7139431277532099, -0.5194366524455094, -0.1793707345244216, -0.4339319232625511]","[46.625, 101.3125, -207.0625]","[-0.07080078125, 1.19873046875, 0.24169921875]"
11203607802,"std_msgs.msg.Header(stamp=builtin_interfaces.msg.Time(sec=1731185788, nanosec=724303661), frame_id='RL_myo')","geometry_msgs.msg.Quaternion(x=-0.7217540180663566, y=-0.5102201582136598, z=-0.21519572701690964, w=-0.4152557364217394)",[0. 0. 0. 0. 0. 0. 0. 0. 0.],"geometry_msgs.msg.Vector3(x=45.375, y=104.6875, z=-208.1875)",[0. 0. 0. 0. 0. 0. 0. 0. 0.],"geometry_msgs.msg.Vector3(x=-0.12646484375, y=0.982421875, z=0.28759765625)",[0. 0. 0. 0. 0. 0. 0. 0. 0.],False,24.064438566,"[-0.7217540180663566, -0.5102201582136598, -0.21519572701690964, -0.4152557364217394]","[45.375, 104.6875, -208.1875]","[-0.12646484375, 0.982421875, 0.28759765625]"
11225827272,"std_msgs.msg.Header(stamp=builtin_interfaces.msg.Time(sec=1731185788, nanosec=746494592), frame_id='RL_myo')","geometry_msgs.msg.Quaternion(x=-0.7263504382808481, y=-0.5018720825126808, z=-0.25389612832941166, w=-0.39506481698949075)",[0. 0. 0. 0. 0. 0. 0. 0. 0.],"geometry_msgs.msg.Vector3(x=69.125, y=113.9375, z=-214.875)",[0. 0. 0. 0. 0. 0. 0. 0. 0.],"geometry_msgs.msg.Vector3(x=-0.17578125, y=0.90087890625, z=0.361328125)",[0. 0. 0. 0. 0. 0. 0. 0. 0.],False,24.086658036,"[-0.7263504382808481, -0.5018720825126808, -0.25389612832941166, -0.39506481698949075]","[69.125, 113.9375, -214.875]","[-0.17578125, 0.90087890625, 0.361328125]"
11241030049,"std_msgs.msg.Header(stamp=builtin_interfaces.msg.Time(sec=1731185788, nanosec=761665784), frame_id='RL_myo')","geometry_msgs.msg.Quaternion(x=-0.7271466332473533, y=-0.49485520416061274, z=-0.2944840108627228, w=-0.37370478725646666)",[0. 0. 0. 0. 0. 0. 0. 0. 0.],"geometry_msgs.msg.Vector3(x=93.375, y=119.5, z=-210.6875)",[0. 0. 0. 0. 0. 0. 0. 0. 0.],"geometry_msgs.msg.Vector3(x=-0.4990234375, y=0.7080078125, z=0.3623046875)",[0. 0. 0. 0. 0. 0. 0. 0. 0.],False,24.101860813,"[-0.7271466332473533, -0.49485520416061274, -0.2944840108627228, -0.37370478725646666]","[93.375, 119.5, -210.6875]","[-0.4990234375, 0.7080078125, 0.3623046875]"
11263687343,"std_msgs.msg.Header(stamp=builtin_interfaces.msg.Time(sec=1731185788, nanosec=784238238), frame_id='RL_myo')","geometry_msgs.msg.Quaternion(x=-0.7238987694063382, y=-0.4916115494113527, z=-0.3343935045592553, w=-0.3499566262352199)",[0. 0. 0. 0. 0. 0. 0. 0. 0.],"geometry_msgs.msg.Vector3(x=123.625, y=110.25, z=-206.0625)",[0. 0. 0. 0. 0. 0. 0. 0. 0.],"geometry_msgs.msg.Vector3(x=-0.41943359375, y=0.888671875, z=0.4130859375)",[0. 0. 0. 0. 0. 0. 0. 0. 0.],False,24.124518107,"[-0.7238987694063382, -0.4916115494113527, -0.3343935045592553, -0.3499566262352199]","[123.625, 110.25, -206.0625]","[-0.41943359375, 0.888671875, 0.4130859375]"
11289004820,"std_msgs.msg.Header(stamp=builtin_interfaces.msg.Time(sec=1731185788, nanosec=809580168), frame_id='RL_myo')","geometry_msgs.msg.Quaternion(x=-0.7186497532733601, y=-0.4882546094426226, z=-0.37284342613562266, w=-0.3257878881505899)",[0. 0. 0. 0. 0. 0. 0. 0. 0.],"geometry_msgs.msg.Vector3(x=125.75, y=107.375, z=-199.875)",[0. 0. 0. 0. 0. 0. 0. 0. 0.],"geometry_msgs.msg.Vector3(x=-0.5224609375, y=0.97509765625, z=0.34228515625)",[0. 0. 0. 0. 0. 0. 0. 0. 0.],False,24.149835584,"[-0.7186497532733601, -0.4882546094426226, -0.37284342613562266, -0.3257878881505899]","[125.75, 107.375, -199.875]","[-0.5224609375, 0.97509765625, 0.34228515625]"
11308662125,"std_msgs.msg.Header(stamp=builtin_interfaces.msg.Time(sec=1731185788, nanosec=829271874), frame_id='RL_myo')","geometry_msgs.msg.Quaternion(x=-0.71157453157346, y=-0.483008906670586, z=-0.41147915703476, w=-0.3017432441975458)",[0. 0. 0. 0. 0. 0. 0. 0. 0.],"geometry_msgs.msg.Vector3(x=123.5625, y=115.875, z=-200.5625)",[0. 0. 0. 0. 0. 0. 0. 0. 0.],"geometry_msgs.msg.Vector3(x=-0.58740234375, y=0.93701171875, z=0.298828125)",[0. 0. 0. 0. 0. 0. 0. 0. 0.],False,24.169492889,"[-0.71157453157346, -0.483008906670586, -0.41147915703476, -0.3017432441975458]","[123.5625, 115.875, -200.5625]","[-0.58740234375, 0.93701171875, 0.298828125]"
11346139447,"std_msgs.msg.Header(stamp=builtin_interfaces.msg.Time(sec=1731185788, nanosec=866697870), frame_id='RL_myo')","geometry_msgs.msg.Quaternion(x=-0.696477747444184, y=-0.46663764957573, z=-0.47927092101990687, w=-0.2597449433160224)",[0. 0. 0. 0. 0. 0. 0. 0. 0.],"geometry_msgs.msg.Vector3(x=89.5625, y=108.75, z=-167.125)",[0. 0. 0. 0. 0. 0. 0. 0. 0.],"geometry_msgs.msg.Vector3(x=-0.74609375, y=0.80078125, z=0.31884765625)",[0. 0. 0. 0. 0. 0. 0. 0. 0.],False,24.206970211,"[-0.696477747444184, -0.46663764957573, -0.47927092101990687, -0.2597449433160224]","[89.5625, 108.75, -167.125]","[-0.74609375, 0.80078125, 0.31884765625]"
11362888168,"std_msgs.msg.Header(stamp=builtin_interfaces.msg.Time(sec=1731185788, nanosec=883432954), frame_id='RL_myo')","geometry_msgs.msg.Quaternion(x=-0.6875551892240875, y=-0.45930590751823924, z=-0.5058712021550206, w=-0.24576466776188538)",[0. 0. 0. 0. 0. 0. 0. 0. 0.],"geometry_msgs.msg.Vector3(x=76.125, y=105.4375, z=-128.1875)",[0. 0. 0. 0. 0. 0. 0. 0. 0.],"geometry_msgs.msg.Vector3(x=-0.74462890625, y=0.68994140625, z=0.27978515625)",[0. 0. 0. 0. 0. 0. 0. 0. 0.],False,24.223718932,"[-0.6875551892240875, -0.45930590751823924, -0.5058712021550206, -0.24576466776188538]","[76.125, 105.4375, -128.1875]","[-0.74462890625, 0.68994140625, 0.27978515625]"
11383560666,"std_msgs.msg.Header(stamp=builtin_interfaces.msg.Time(sec=1731185788, nanosec=904191911), frame_id='RL_myo')","geometry_msgs.msg.Quaternion(x=-0.6773169172425243, y=-0.4542502987057225, z=-0.5277920977034917, w=-0.2373477645662441)",[0. 0. 0. 0. 0. 0. 0. 0. 0.],"geometry_msgs.msg.Vector3(x=66.5625, y=103.1875, z=-85.5)",[0. 0. 0. 0. 0. 0. 0. 0. 0.],"geometry_msgs.msg.Vector3(x=-0.6669921875, y=0.47900390625, z=0.29736328125)",[0. 0. 0. 0. 0. 0. 0. 0. 0.],False,24.24439143,"[-0.6773169172425243, -0.4542502987057225, -0.5277920977034917, -0.2373477645662441]","[66.5625, 103.1875, -85.5]","[-0.6669921875, 0.47900390625, 0.29736328125]"
11406084127,"std_msgs.msg.Header(stamp=builtin_interfaces.msg.Time(sec=1731185788, nanosec=926648058), frame_id='RL_myo')","geometry_msgs.msg.Quaternion(x=-0.6673835574851253, y=-0.4529785792093827, z=-0.5442822648058846, w=-0.23057842525640637)",[0. 0. 0. 0. 0. 0. 0. 0. 0.],"geometry_msgs.msg.Vector3(x=80.375, y=87.5, z=-28.875)",[0. 0. 0. 0. 0. 0. 0. 0. 0.],"geometry_msgs.msg.Vector3(x=-0.72607421875, y=0.35205078125, z=0.271484375)",[0. 0. 0. 0. 0. 0. 0. 0. 0.],False,24.266914891,"[-0.6673835574851253, -0.4529785792093827, -0.5442822648058846, -0.23057842525640637]","[80.375, 87.5, -28.875]","[-0.72607421875, 0.35205078125, 0.271484375]"
11422327228,"std_msgs.msg.Header(stamp=builtin_interfaces.msg.Time(sec=1731185788, nanosec=943022301), frame_id='RL_myo')","geometry_msgs.msg.Quaternion(x=-0.6568172348535667, y=-0.45932043388849125, z=-0.5531863423817811, w=-0.2271579397997561)",[0. 0. 0. 0. 0. 0. 0. 0. 0.],"geometry_msgs.msg.Vector3(x=84.75, y=56.5625, z=24.9375)",[0. 0. 0. 0. 0. 0. 0. 0. 0.],"geometry_msgs.msg.Vector3(x=-0.67578125, y=0.3564453125, z=0.15625)",[0. 0. 0. 0. 0. 0. 0. 0. 0.],False,24.283157992,"[-0.6568172348535667, -0.45932043388849125, -0.5531863423817811, -0.2271579397997561]","[84.75, 56.5625, 24.9375]","[-0.67578125, 0.3564453125, 0.15625]"
11450999592,"std_msgs.msg.Header(stamp=builtin_interfaces.msg.Time(sec=1731185788, nanosec=971746349), frame_id='RL_myo')","geometry_msgs.msg.Quaternion(x=-0.6470010933676767, y=-0.47299862971413026, z=-0.5540492336186935, w=-0.225147347743926)",[0. 0. 0. 0. 0. 0. 0. 0. 0.],"geometry_msgs.msg.Vector3(x=90.625, y=15.875, z=67.9375)",[0. 0. 0. 0. 0. 0. 0. 0. 0.],"geometry_msgs.msg.Vector3(x=-0.603515625, y=0.41650390625, z=0.06591796875)",[0. 0. 0. 0. 0. 0. 0. 0. 0.],False,24.311830356,"[-0.6470010933676767, -0.47299862971413026, -0.5540492336186935, -0.225147347743926]","[90.625, 15.875, 67.9375]","[-0.603515625, 0.41650390625, 0.06591796875]"
11465995800,"std_msgs.msg.Header(stamp=builtin_interfaces.msg.Time(sec=1731185788, nanosec=986643053), frame_id='RL_myo')","geometry_msgs.msg.Quaternion(x=-0.6363186410354331, y=-0.49533494059501004, z=-0.5474561874244998, w=-0.22368193165114733)",[0. 0. 0. 0. 0. 0. 0. 0. 0.],"geometry_msgs.msg.Vector3(x=107.25, y=-23.5, z=101.0625)",[0. 0. 0. 0. 0. 0. 0. 0. 0.],"geometry_msgs.msg.Vector3(x=-0.52734375, y=0.50341796875, z=-0.08984375)",[0. 0. 0. 0. 0. 0. 0. 0. 0.],False,24.326826564,"[-0.6363186410354331, -0.49533494059501004, -0.5474561874244998, -0.22368193165114733]","[107.25, -23.5, 101.0625]","[-0.52734375, 0.50341796875, -0.08984375]"
11482293179,"std_msgs.msg.Header(stamp=builtin_interfaces.msg.Time(sec=1731185789, nanosec=3148519), frame_id='RL_myo')","geometry_msgs.msg.Quaternion(x=-0.6244782316568204, y=-0.5255455485532525, z=-0.5354937455587316, w=-0.21696834573299417)",[0. 0. 0. 0. 0. 0. 0. 0. 0.],"geometry_msgs.msg.Vector3(x=147.5, y=-64.8125, z=121.9375)",[0. 0. 0. 0. 0. 0. 0. 0. 0.],"geometry_msgs.msg.Vector3(x=-0.3974609375, y=0.447265625, z=-0.19287109375)",[0. 0. 0. 0. 0. 0. 0. 0. 0.],False,24.343123943,"[-0.6244782316568204, -0.5255455485532525, -0.5354937455587316, -0.21696834573299417]","[147.5, -64.8125, 121.9375]","[-0.3974609375, 0.447265625, -0.19287109375]"
11503547169,"std_msgs.msg.Header(stamp=builtin_interfaces.msg.Time(sec=1731185789, nanosec=24184095), frame_id='RL_myo')","geometry_msgs.msg.Quaternion(x=-0.6130413409922907, y=-0.5582368487861108, z=-0.5188117909184135, w=-0.20829368808428952)",[0. 0. 0. 0. 0. 0. 0. 0. 0.],"geometry_msgs.msg.Vector3(x=156.0625, y=-92.3125, z=132.625)",[0. 0. 0. 0. 0. 0. 0. 0. 0.],"geometry_msgs.msg.Vector3(x=-0.13134765625, y=0.48095703125, z=-0.173828125)",[0. 0. 0. 0. 0. 0. 0. 0. 0.],False,24.364377933,"[-0.6130413409922907, -0.5582368487861108, -0.5188117909184135, -0.20829368808428952]","[156.0625, -92.3125, 132.625]","[-0.13134765625, 0.48095703125, -0.173828125]"
11525820619,"std_msgs.msg.Header(stamp=builtin_interfaces.msg.Time(sec=1731185789, nanosec=46516375), frame_id='RL_myo')","geometry_msgs.msg.Quaternion(x=-0.5978638999084529, y=-0.5942020140372292, z=-0.49996948428440646, w=-0.19877937137625878)",[0. 0. 0. 0. 0. 0. 0. 0. 0.],"geometry_msgs.msg.Vector3(x=181.9375, y=-95.1875, z=146.375)",[0. 0. 0. 0. 0. 0. 0. 0. 0.],"geometry_msgs.msg.Vector3(x=0.111328125, y=0.64453125, z=-0.08544921875)",[0. 0. 0. 0. 0. 0. 0. 0. 0.],False,24.386651383,"[-0.5978638999084529, -0.5942020140372292, -0.49996948428440646, -0.19877937137625878]","[181.9375, -95.1875, 146.375]","[0.111328125, 0.64453125, -0.08544921875]"
11542440211,"std_msgs.msg.Header(stamp=builtin_interfaces.msg.Time(sec=1731185789, nanosec=63040823), frame_id='RL_myo')","geometry_msgs.msg.Quaternion(x=-0.5797512712158621, y=-0.6291268663746823, z=-0.4808780151499924, w=-0.1919483890908397)",[0. 0. 0. 0. 0. 0. 0. 0. 0.],"geometry_msgs.msg.Vector3(x=179.4375, y=-78.9375, z=153.0)",[0. 0. 0. 0. 0. 0. 0. 0. 0.],"geometry_msgs.msg.Vector3(x=0.3154296875, y=0.74609375, z=-0.2041015625)",[0. 0. 0. 0. 0. 0. 0. 0. 0.],False,24.403270975,"[-0.5797512712158621, -0.6291268663746823, -0.4808780151499924, -0.1919483890908397]","[179.4375, -78.9375, 153.0]","[0.3154296875, 0.74609375, -0.2041015625]"
11563604266,"std_msgs.msg.Header(stamp=builtin_interfaces.msg.Time(sec=1731185789, nanosec=84255160), frame_id='RL_myo')","geometry_msgs.msg.Quaternion(x=-0.5652201677809457, y=-0.6562193331152931, z=-0.46109905707645454, w=-0.19310621000528155)",[0. 0. 0. 0. 0. 0. 0. 0. 0.],"geometry_msgs.msg.Vector3(x=117.1875, y=-54.6875, z=154.5625)",[0. 0. 0. 0. 0. 0. 0. 0. 0.],"geometry_msgs.msg.Vector3(x=0.45751953125, y=0.8740234375, z=-0.31103515625)",[0. 0. 0. 0. 0. 0. 0. 0. 0.],False,24.42443503,"[-0.5652201677809457, -0.6562193331152931, -0.46109905707645454, -0.19310621000528155]","[117.1875, -54.6875, 154.5625]","[0.45751953125, 0.8740234375, -0.31103515625]"
11585865848,"std_msgs.msg.Header(stamp=builtin_interfaces.msg.Time(sec=1731185789, nanosec=106679124), frame_id='RL_myo')","geometry_msgs.msg.Quaternion(x=-0.5535596655619615, y=-0.6761117943875864, z=-0.4432749560062322, w=-0.19987959258163437)",[0. 0. 0. 0. 0. 0. 0. 0. 0.],"geometry_msgs.msg.Vector3(x=70.0625, y=-27.125, z=143.6875)",[0. 0. 0. 0. 0. 0. 0. 0. 0.],"geometry_msgs.msg.Vector3(x=0.44677734375, y=0.8876953125, z=-0.326171875)",[0. 0. 0. 0. 0. 0. 0. 0. 0.],False,24.446696612,"[-0.5535596655619615, -0.6761117943875864, -0.4432749560062322, -0.19987959258163437]","[70.0625, -27.125, 143.6875]","[0.44677734375, 0.8876953125, -0.326171875]"
11602197015,"std_msgs.msg.Header(stamp=builtin_interfaces.msg.Time(sec=1731185789, nanosec=123033271), frame_id='RL_myo')","geometry_msgs.msg.Quaternion(x=-0.542900314708378, y=-0.6921292376383368, z=-0.4276675104172686, w=-0.20812704588595488)",[0. 0. 0. 0. 0. 0. 0. 0. 0.],"geometry_msgs.msg.Vector3(x=52.0625, y=-11.6875, z=132.0625)",[0. 0. 0. 0. 0. 0. 0. 0. 0.],"geometry_msgs.msg.Vector3(x=0.33251953125, y=0.7421875, z=-0.34130859375)",[0. 0. 0. 0. 0. 0. 0. 0. 0.],False,24.463027779,"[-0.542900314708378, -0.6921292376383368, -0.4276675104172686, -0.20812704588595488]","[52.0625, -11.6875, 132.0625]","[0.33251953125, 0.7421875, -0.34130859375]"
11626208858,"std_msgs.msg.Header(stamp=builtin_interfaces.msg.Time(sec=1731185789, nanosec=147035092), frame_id='RL_myo')","geometry_msgs.msg.Quaternion(x=-0.5353806499392604, y=-0.7039535358412483, z=-0.4135589699029216, w=-0.21630061826091415)",[0. 0. 0. 0. 0. 0. 0. 0. 0.],"geometry_msgs.msg.Vector3(x=26.75, y=-10.1875, z=112.4375)",[0. 0. 0. 0. 0. 0. 0. 0. 0.],"geometry_msgs.msg.Vector3(x=0.3203125, y=0.69384765625, z=-0.447265625)",[0. 0. 0. 0. 0. 0. 0. 0. 0.],False,24.487039622,"[-0.5353806499392604, -0.7039535358412483, -0.4135589699029216, -0.21630061826091415]","[26.75, -10.1875, 112.4375]","[0.3203125, 0.69384765625, -0.447265625]"
11645864203,"std_msgs.msg.Header(stamp=builtin_interfaces.msg.Time(sec=1731185789, nanosec=166680448), frame_id='RL_myo')","geometry_msgs.msg.Quaternion(x=-0.5259065594508392, y=-0.7132725960661435, z=-0.4056139020668768, w=-0.22392377470408834)",[0. 0. 0. 0. 0. 0. 0. 0. 0.],"geometry_msgs.msg.Vector3(x=24.5625, y=6.1875, z=63.4375)",[0. 0. 0. 0. 0. 0. 0. 0. 0.],"geometry_msgs.msg.Vector3(x=0.3056640625, y=0.7587890625, z=-0.50048828125)",[0. 0. 0. 0. 0. 0. 0. 0. 0.],False,24.506694967,"[-0.5259065594508392, -0.7132725960661435, -0.4056139020668768, -0.22392377470408834]","[24.5625, 6.1875, 63.4375]","[0.3056640625, 0.7587890625, -0.50048828125]"
11662366606,"std_msgs.msg.Header(stamp=builtin_interfaces.msg.Time(sec=1731185789, nanosec=183132195), frame_id='RL_myo')","geometry_msgs.msg.Quaternion(x=-0.5149828586073091, y=-0.7199262621630501, z=-0.4060418296177325, w=-0.22721986046397388)",[0. 0. 0. 0. 0. 0. 0. 0. 0.],"geometry_msgs.msg.Vector3(x=43.0625, y=23.6875, z=21.875)",[0. 0. 0. 0. 0. 0. 0. 0. 0.],"geometry_msgs.msg.Vector3(x=0.166015625, y=0.806640625, z=-0.5439453125)",[0. 0. 0. 0. 0. 0. 0. 0. 0.],False,24.52319737,"[-0.5149828586073091, -0.7199262621630501, -0.4060418296177325, -0.22721986046397388]","[43.0625, 23.6875, 21.875]","[0.166015625, 0.806640625, -0.5439453125]"
11683351245,"std_msgs.msg.Header(stamp=builtin_interfaces.msg.Time(sec=1731185789, nanosec=204169843), frame_id='RL_myo')","geometry_msgs.msg.Quaternion(x=-0.5052849733617577, y=-0.7255499170581684, z=-0.40684015369361964, w=-0.22966389114147776)",[0. 0. 0. 0. 0. 0. 0. 0. 0.],"geometry_msgs.msg.Vector3(x=39.6875, y=21.875, z=18.3125)",[0. 0. 0. 0. 0. 0. 0. 0. 0.],"geometry_msgs.msg.Vector3(x=0.09814453125, y=0.900390625, z=-0.5615234375)",[0. 0. 0. 0. 0. 0. 0. 0. 0.],False,24.544182009,"[-0.5052849733617577, -0.7255499170581684, -0.40684015369361964, -0.22966389114147776]","[39.6875, 21.875, 18.3125]","[0.09814453125, 0.900390625, -0.5615234375]"
11713284518,"std_msgs.msg.Header(stamp=builtin_interfaces.msg.Time(sec=1731185789, nanosec=234105527), frame_id='RL_myo')","geometry_msgs.msg.Quaternion(x=-0.4971619745610974, y=-0.7302409803122429, z=-0.4068964994351628, w=-0.23240766009436029)",[0. 0. 0. 0. 0. 0. 0. 0. 0.],"geometry_msgs.msg.Vector3(x=32.375, y=19.3125, z=18.5625)",[0. 0. 0. 0. 0. 0. 0. 0. 0.],"geometry_msgs.msg.Vector3(x=0.0947265625, y=0.951171875, z=-0.54541015625)",[0. 0. 0. 0. 0. 0. 0. 0. 0.],False,24.574115282,"[-0.4971619745610974, -0.7302409803122429, -0.4068964994351628, -0.23240766009436029]","[32.375, 19.3125, 18.5625]","[0.0947265625, 0.951171875, -0.54541015625]"
11729852913,"std_msgs.msg.Header(stamp=builtin_interfaces.msg.Time(sec=1731185789, nanosec=250608499), frame_id='RL_myo')","geometry_msgs.msg.Quaternion(x=-0.4908882375880501, y=-0.732273663382, z=-0.40892094887976327, w=-0.23577039186903365)",[0. 0. 0. 0. 0. 0. 0. 0. 0.],"geometry_msgs.msg.Vector3(x=21.125, y=28.0, z=7.5)",[0. 0. 0. 0. 0. 0. 0. 0. 0.],"geometry_msgs.msg.Vector3(x=0.046875, y=0.98193359375, z=-0.5283203125)",[0. 0. 0. 0. 0. 0. 0. 0. 0.],False,24.590683677,"[-0.4908882375880501, -0.732273663382, -0.40892094887976327, -0.23577039186903365]","[21.125, 28.0, 7.5]","[0.046875, 0.98193359375, -0.5283203125]"
11743383304,"std_msgs.msg.Header(stamp=builtin_interfaces.msg.Time(sec=1731185789, nanosec=264175120), frame_id='RL_myo')","geometry_msgs.msg.Quaternion(x=-0.48466922895479864, y=-0.7338701434268352, z=-0.41197799967823834, w=-0.23833690203607716)",[0. 0. 0. 0. 0. 0. 0. 0. 0.],"geometry_msgs.msg.Vector3(x=21.8125, y=32.0625, z=7.4375)",[0. 0. 0. 0. 0. 0. 0. 0. 0.],"geometry_msgs.msg.Vector3(x=-0.0703125, y=0.97216796875, z=-0.55419921875)",[0. 0. 0. 0. 0. 0. 0. 0. 0.],False,24.604214068,"[-0.48466922895479864, -0.7338701434268352, -0.41197799967823834, -0.23833690203607716]","[21.8125, 32.0625, 7.4375]","[-0.0703125, 0.97216796875, -0.55419921875]"
11765696786,"std_msgs.msg.Header(stamp=builtin_interfaces.msg.Time(sec=1731185789, nanosec=286511043), frame_id='RL_myo')","geometry_msgs.msg.Quaternion(x=-0.47996112482707703, y=-0.735993286405102, z=-0.41099417784658404, w=-0.2429711645392413)",[0. 0. 0. 0. 0. 0. 0. 0. 0.],"geometry_msgs.msg.Vector3(x=9.625, y=26.4375, z=32.375)",[0. 0. 0. 0. 0. 0. 0. 0. 0.],"geometry_msgs.msg.Vector3(x=-0.0966796875, y=0.88427734375, z=-0.470703125)",[0. 0. 0. 0. 0. 0. 0. 0. 0.],False,24.62652755,"[-0.47996112482707703, -0.735993286405102, -0.41099417784658404, -0.2429711645392413]","[9.625, 26.4375, 32.375]","[-0.0966796875, 0.88427734375, -0.470703125]"
11783649670,"std_msgs.msg.Header(stamp=builtin_interfaces.msg.Time(sec=1731185789, nanosec=304377336), frame_id='RL_myo')","geometry_msgs.msg.Quaternion(x=-0.47732297406863666, y=-0.7386574549485628, z=-0.40500131133096445, w=-0.2500437571613866)",[0. 0. 0. 0. 0. 0. 0. 0. 0.],"geometry_msgs.msg.Vector3(x=-9.375, y=16.125, z=55.5)",[0. 0. 0. 0. 0. 0. 0. 0. 0.],"geometry_msgs.msg.Vector3(x=-0.03173828125, y=0.96142578125, z=-0.486328125)",[0. 0. 0. 0. 0. 0. 0. 0. 0.],False,24.644480434,"[-0.47732297406863666, -0.7386574549485628, -0.40500131133096445, -0.2500437571613866]","[-9.375, 16.125, 55.5]","[-0.03173828125, 0.96142578125, -0.486328125]"
11810960898,"std_msgs.msg.Header(stamp=builtin_interfaces.msg.Time(sec=1731185789, nanosec=331704645), frame_id='RL_myo')","geometry_msgs.msg.Quaternion(x=-0.47855902798148864, y=-0.7375216546522522, z=-0.4036716504361135, w=-0.2531645004549439)",[0. 0. 0. 0. 0. 0. 0. 0. 0.],"geometry_msgs.msg.Vector3(x=-14.9375, y=8.625, z=10.5)",[0. 0. 0. 0. 0. 0. 0. 0. 0.],"geometry_msgs.msg.Vector3(x=-0.03173828125, y=1.28369140625, z=-0.546875)",[0. 0. 0. 0. 0. 0. 0. 0. 0.],False,24.671791662,"[-0.47855902798148864, -0.7375216546522522, -0.4036716504361135, -0.2531645004549439]","[-14.9375, 8.625, 10.5]","[-0.03173828125, 1.28369140625, -0.546875]"
11825835717,"std_msgs.msg.Header(stamp=builtin_interfaces.msg.Time(sec=1731185789, nanosec=346613759), frame_id='RL_myo')","geometry_msgs.msg.Quaternion(x=-0.4719473653827765, y=-0.7396873229586514, z=-0.41091705820797025, w=-0.247538925901014)",[0. 0. 0. 0. 0. 0. 0. 0. 0.],"geometry_msgs.msg.Vector3(x=56.0, y=11.4375, z=-24.625)",[0. 0. 0. 0. 0. 0. 0. 0. 0.],"geometry_msgs.msg.Vector3(x=-0.130859375, y=1.09228515625, z=-0.54248046875)",[0. 0. 0. 0. 0. 0. 0. 0. 0.],False,24.686666481,"[-0.4719473653827765, -0.7396873229586514, -0.41091705820797025, -0.247538925901014]","[56.0, 11.4375, -24.625]","[-0.130859375, 1.09228515625, -0.54248046875]"
11843797597,"std_msgs.msg.Header(stamp=builtin_interfaces.msg.Time(sec=1731185789, nanosec=364502834), frame_id='RL_myo')","geometry_msgs.msg.Quaternion(x=-0.4669628686101161, y=-0.7435030277621794, z=-0.4093477924151155, w=-0.24815985149244962)",[0. 0. 0. 0. 0. 0. 0. 0. 0.],"geometry_msgs.msg.Vector3(x=24.5625, y=7.3125, z=30.0)",[0. 0. 0. 0. 0. 0. 0. 0. 0.],"geometry_msgs.msg.Vector3(x=-0.10400390625, y=0.99951171875, z=-0.54248046875)",[0. 0. 0. 0. 0. 0. 0. 0. 0.],False,24.704628361,"[-0.4669628686101161, -0.7435030277621794, -0.4093477924151155, -0.24815985149244962]","[24.5625, 7.3125, 30.0]","[-0.10400390625, 0.99951171875, -0.54248046875]"
11863449353,"std_msgs.msg.Header(stamp=builtin_interfaces.msg.Time(sec=1731185789, nanosec=384193237), frame_id='RL_myo')","geometry_msgs.msg.Quaternion(x=-0.4616424187001597, y=-0.7480023114210943, z=-0.4057985777283662, w=-0.2504123273303484)",[0. 0. 0. 0. 0. 0. 0. 0. 0.],"geometry_msgs.msg.Vector3(x=29.75, y=4.375, z=35.375)",[0. 0. 0. 0. 0. 0. 0. 0. 0.],"geometry_msgs.msg.Vector3(x=0.05859375, y=1.0283203125, z=-0.42724609375)",[0. 0. 0. 0. 0. 0. 0. 0. 0.],False,24.724280117,"[-0.4616424187001597, -0.7480023114210943, -0.4057985777283662, -0.2504123273303484]","[29.75, 4.375, 35.375]","[0.05859375, 1.0283203125, -0.42724609375]"
11902855952,"std_msgs.msg.Header(stamp=builtin_interfaces.msg.Time(sec=1731185789, nanosec=423700688), frame_id='RL_myo')","geometry_msgs.msg.Quaternion(x=-0.4548581305339152, y=-0.7526245090224396, z=-0.40438614959314667, w=-0.25126136098324553)",[0. 0. 0. 0. 0. 0. 0. 0. 0.],"geometry_msgs.msg.Vector3(x=38.375, y=7.4375, z=25.5625)",[0. 0. 0. 0. 0. 0. 0. 0. 0.],"geometry_msgs.msg.Vector3(x=0.06201171875, y=0.8505859375, z=-0.42529296875)",[0. 0. 0. 0. 0. 0. 0. 0. 0.],False,24.763686716,"[-0.4548581305339152, -0.7526245090224396, -0.40438614959314667, -0.25126136098324553]","[38.375, 7.4375, 25.5625]","[0.06201171875, 0.8505859375, -0.42529296875]"
11905275850,"std_msgs.msg.Header(stamp=builtin_interfaces.msg.Time(sec=1731185789, nanosec=426006090), frame_id='RL_myo')","geometry_msgs.msg.Quaternion(x=-0.44664603730097996, y=-0.7582240668748393, z=-0.4030678368865362, w=-0.25127654216563744)",[0. 0. 0. 0. 0. 0. 0. 0. 0.],"geometry_msgs.msg.Vector3(x=45.1875, y=6.875, z=29.125)",[0. 0. 0. 0. 0. 0. 0. 0. 0.],"geometry_msgs.msg.Vector3(x=0.0400390625, y=0.755859375, z=-0.45361328125)",[0. 0. 0. 0. 0. 0. 0. 0. 0.],False,24.766106614,"[-0.44664603730097996, -0.7582240668748393, -0.4030678368865362, -0.25127654216563744]","[45.1875, 6.875, 29.125]","[0.0400390625, 0.755859375, -0.45361328125]"
11923516248,"std_msgs.msg.Header(stamp=builtin_interfaces.msg.Time(sec=1731185789, nanosec=444246225), frame_id='RL_myo')","geometry_msgs.msg.Quaternion(x=-0.4386987798024563, y=-0.7636947456410873, z=-0.40146919498338307, w=-0.2512691814756139)",[0. 0. 0. 0. 0. 0. 0. 0. 0.],"geometry_msgs.msg.Vector3(x=46.6875, y=6.375, z=31.25)",[0. 0. 0. 0. 0. 0. 0. 0. 0.],"geometry_msgs.msg.Vector3(x=0.02685546875, y=0.81103515625, z=-0.451171875)",[0. 0. 0. 0. 0. 0. 0. 0. 0.],False,24.784347012,"[-0.4386987798024563, -0.7636947456410873, -0.40146919498338307, -0.2512691814756139]","[46.6875, 6.375, 31.25]","[0.02685546875, 0.81103515625, -0.451171875]"
11945946412,"std_msgs.msg.Header(stamp=builtin_interfaces.msg.Time(sec=1731185789, nanosec=466715248), frame_id='RL_myo')","geometry_msgs.msg.Quaternion(x=-0.42831963066772993, y=-0.7698523541240732, z=-0.4026253353540915, w=-0.24852059505257854)",[0. 0. 0. 0. 0. 0. 0. 0. 0.],"geometry_msgs.msg.Vector3(x=68.25, y=8.625, z=21.4375)",[0. 0. 0. 0. 0. 0. 0. 0. 0.],"geometry_msgs.msg.Vector3(x=-0.0400390625, y=0.80126953125, z=-0.47998046875)",[0. 0. 0. 0. 0. 0. 0. 0. 0.],False,24.806777176,"[-0.42831963066772993, -0.7698523541240732, -0.4026253353540915, -0.24852059505257854]","[68.25, 8.625, 21.4375]","[-0.0400390625, 0.80126953125, -0.47998046875]"
11969774439,"std_msgs.msg.Header(stamp=builtin_interfaces.msg.Time(sec=1731185789, nanosec=490524728), frame_id='RL_myo')","geometry_msgs.msg.Quaternion(x=-0.4207490888246399, y=-0.7747300454801246, z=-0.4030500409918657, w=-0.24558954647959835)",[0. 0. 0. 0. 0. 0. 0. 0. 0.],"geometry_msgs.msg.Vector3(x=55.9375, y=2.375, z=19.5)",[0. 0. 0. 0. 0. 0. 0. 0. 0.],"geometry_msgs.msg.Vector3(x=-0.06884765625, y=0.853515625, z=-0.4794921875)",[0. 0. 0. 0. 0. 0. 0. 0. 0.],False,24.830605203,"[-0.4207490888246399, -0.7747300454801246, -0.4030500409918657, -0.24558954647959835]","[55.9375, 2.375, 19.5]","[-0.06884765625, 0.853515625, -0.4794921875]"
11999692101,"std_msgs.msg.Header(stamp=builtin_interfaces.msg.Time(sec=1731185789, nanosec=520503806), frame_id='RL_myo')","geometry_msgs.msg.Quaternion(x=-0.4144699684292353, y=-0.7790765935796183, z=-0.402507648621824, w=-0.24339658873447068)",[0. 0. 0. 0. 0. 0. 0. 0. 0.],"geometry_msgs.msg.Vector3(x=37.5625, y=-2.75, z=15.5)",[0. 0. 0. 0. 0. 0. 0. 0. 0.],"geometry_msgs.msg.Vector3(x=0.05126953125, y=0.77099609375, z=-0.57275390625)",[0. 0. 0. 0. 0. 0. 0. 0. 0.],False,24.860522865,"[-0.4144699684292353, -0.7790765935796183, -0.402507648621824, -0.24339658873447068]","[37.5625, -2.75, 15.5]","[0.05126953125, 0.77099609375, -0.57275390625]"
12005915637,"std_msgs.msg.Header(stamp=builtin_interfaces.msg.Time(sec=1731185789, nanosec=526620213), frame_id='RL_myo')","geometry_msgs.msg.Quaternion(x=-0.41140583929119934, y=-0.7811889545953644, z=-0.4011527342621352, w=-0.24406051792397362)",[0. 0. 0. 0. 0. 0. 0. 0. 0.],"geometry_msgs.msg.Vector3(x=7.25, y=1.125, z=11.875)",[0. 0. 0. 0. 0. 0. 0. 0. 0.],"geometry_msgs.msg.Vector3(x=0.1298828125, y=0.822265625, z=-0.6689453125)",[0. 0. 0. 0. 0. 0. 0. 0. 0.],False,24.866746401,"[-0.41140583929119934, -0.7811889545953644, -0.4011527342621352, -0.24406051792397362]","[7.25, 1.125, 11.875]","[0.1298828125, 0.822265625, -0.6689453125]"
12023699028,"std_msgs.msg.Header(stamp=builtin_interfaces.msg.Time(sec=1731185789, nanosec=544486861), frame_id='RL_myo')","geometry_msgs.msg.Quaternion(x=-0.40885407298767157, y=-0.7826146854636382, z=-0.40116402772771537, w=-0.24376222831956415)",[0. 0. 0. 0. 0. 0. 0. 0. 0.],"geometry_msgs.msg.Vector3(x=7.3125, y=3.9375, z=7.5625)",[0. 0. 0. 0. 0. 0. 0. 0. 0.],"geometry_msgs.msg.Vector3(x=0.03076171875, y=0.8642578125, z=-0.70361328125)",[0. 0. 0. 0. 0. 0. 0. 0. 0.],False,24.884529792,"[-0.40885407298767157, -0.7826146854636382, -0.40116402772771537, -0.24376222831956415]","[7.3125, 3.9375, 7.5625]","[0.03076171875, 0.8642578125, -0.70361328125]"
12043244531,"std_msgs.msg.Header(stamp=builtin_interfaces.msg.Time(sec=1731185789, nanosec=564043525), frame_id='RL_myo')","geometry_msgs.msg.Quaternion(x=-0.4111112203267017, y=-0.7816361933972786, z=-0.4014681721064495, w=-0.24260200427533243)",[0. 0. 0. 0. 0. 0. 0. 0. 0.],"geometry_msgs.msg.Vector3(x=-11.125, y=-4.4375, z=-3.6875)",[0. 0. 0. 0. 0. 0. 0. 0. 0.],"geometry_msgs.msg.Vector3(x=-0.0380859375, y=0.994140625, z=-0.67822265625)",[0. 0. 0. 0. 0. 0. 0. 0. 0.],False,24.904075295,"[-0.4111112203267017, -0.7816361933972786, -0.4014681721064495, -0.24260200427533243]","[-11.125, -4.4375, -3.6875]","[-0.0380859375, 0.994140625, -0.67822265625]"
12065748915,"std_msgs.msg.Header(stamp=builtin_interfaces.msg.Time(sec=1731185789, nanosec=586475324), frame_id='RL_myo')","geometry_msgs.msg.Quaternion(x=-0.4119620009256596, y=-0.7820564562757633, z=-0.40164769305063197, w=-0.23948724320478346)",[0. 0. 0. 0. 0. 0. 0. 0. 0.],"geometry_msgs.msg.Vector3(x=-5.625, y=-11.0, z=-1.4375)",[0. 0. 0. 0. 0. 0. 0. 0. 0.],"geometry_msgs.msg.Vector3(x=-0.07470703125, y=0.87353515625, z=-0.74072265625)",[0. 0. 0. 0. 0. 0. 0. 0. 0.],False,24.926579679,"[-0.4119620009256596, -0.7820564562757633, -0.40164769305063197, -0.23948724320478346]","[-5.625, -11.0, -1.4375]","[-0.07470703125, 0.87353515625, -0.74072265625]"
12083806480,"std_msgs.msg.Header(stamp=builtin_interfaces.msg.Time(sec=1731185789, nanosec=604528584), frame_id='RL_myo')","geometry_msgs.msg.Quaternion(x=-0.41416887160985544, y=-0.782990340978903, z=-0.39884962805340485, w=-0.2372956930178482)",[0. 0. 0. 0. 0. 0. 0. 0. 0.],"geometry_msgs.msg.Vector3(x=-11.25, y=-16.25, z=16.0)",[0. 0. 0. 0. 0. 0. 0. 0. 0.],"geometry_msgs.msg.Vector3(x=-0.11474609375, y=0.9169921875, z=-0.67431640625)",[0. 0. 0. 0. 0. 0. 0. 0. 0.],False,24.944637244,"[-0.41416887160985544, -0.782990340978903, -0.39884962805340485, -0.2372956930178482]","[-11.25, -16.25, 16.0]","[-0.11474609375, 0.9169921875, -0.67431640625]"
12106381191,"std_msgs.msg.Header(stamp=builtin_interfaces.msg.Time(sec=1731185789, nanosec=627105161), frame_id='RL_myo')","geometry_msgs.msg.Quaternion(x=-0.4145193748541552, y=-0.7860122244915585, z=-0.3948675434785607, w=-0.23331972468601817)",[0. 0. 0. 0. 0. 0. 0. 0. 0.],"geometry_msgs.msg.Vector3(x=6.6875, y=-26.1875, z=24.0)",[0. 0. 0. 0. 0. 0. 0. 0. 0.],"geometry_msgs.msg.Vector3(x=-0.11376953125, y=0.888671875, z=-0.6201171875)",[0. 0. 0. 0. 0. 0. 0. 0. 0.],False,24.967211955,"[-0.4145193748541552, -0.7860122244915585, -0.3948675434785607, -0.23331972468601817]","[6.6875, -26.1875, 24.0]","[-0.11376953125, 0.888671875, -0.6201171875]"
12125922996,"std_msgs.msg.Header(stamp=builtin_interfaces.msg.Time(sec=1731185789, nanosec=646666306), frame_id='RL_myo')","geometry_msgs.msg.Quaternion(x=-0.4159439487065032, y=-0.7882488771158457, z=-0.3893333013644584, w=-0.23253799626878607)",[0. 0. 0. 0. 0. 0. 0. 0. 0.],"geometry_msgs.msg.Vector3(x=-2.625, y=-23.25, z=25.8125)",[0. 0. 0. 0. 0. 0. 0. 0. 0.],"geometry_msgs.msg.Vector3(x=0.05517578125, y=0.9423828125, z=-0.548828125)",[0. 0. 0. 0. 0. 0. 0. 0. 0.],False,24.98675376,"[-0.4159439487065032, -0.7882488771158457, -0.3893333013644584, -0.23253799626878607]","[-2.625, -23.25, 25.8125]","[0.05517578125, 0.9423828125, -0.548828125]"
12143767171,"std_msgs.msg.Header(stamp=builtin_interfaces.msg.Time(sec=1731185789, nanosec=664540026), frame_id='RL_myo')","geometry_msgs.msg.Quaternion(x=-0.4169776840026411, y=-0.7887909233094458, z=-0.3862780682161469, w=-0.2339396169177581)",[0. 0. 0. 0. 0. 0. 0. 0. 0.],"geometry_msgs.msg.Vector3(x=-4.3125, y=-4.4375, z=16.875)",[0. 0. 0. 0. 0. 0. 0. 0. 0.],"geometry_msgs.msg.Vector3(x=0.05712890625, y=1.01953125, z=-0.55224609375)",[0. 0. 0. 0. 0. 0. 0. 0. 0.],False,25.004597935,"[-0.4169776840026411, -0.7887909233094458, -0.3862780682161469, -0.2339396169177581]","[-4.3125, -4.4375, 16.875]","[0.05712890625, 1.01953125, -0.55224609375]"
12163499256,"std_msgs.msg.Header(stamp=builtin_interfaces.msg.Time(sec=1731185789, nanosec=684242580), frame_id='RL_myo')","geometry_msgs.msg.Quaternion(x=-0.41856215814636816, y=-0.7885422985201336, z=-0.38481108298525096, w=-0.23436551287285706)",[0. 0. 0. 0. 0. 0. 0. 0. 0.],"geometry_msgs.msg.Vector3(x=-3.875, y=1.5625, z=15.375)",[0. 0. 0. 0. 0. 0. 0. 0. 0.],"geometry_msgs.msg.Vector3(x=-0.123046875, y=0.98291015625, z=-0.51806640625)",[0. 0. 0. 0. 0. 0. 0. 0. 0.],False,25.02433002,"[-0.41856215814636816, -0.7885422985201336, -0.38481108298525096, -0.23436551287285706]","[-3.875, 1.5625, 15.375]","[-0.123046875, 0.98291015625, -0.51806640625]"
12187303734,"std_msgs.msg.Header(stamp=builtin_interfaces.msg.Time(sec=1731185789, nanosec=708076000), frame_id='RL_myo')","geometry_msgs.msg.Quaternion(x=-0.4194747624318713, y=-0.7893302928170219, z=-0.3823061125961359, w=-0.23418080364485527)",[0. 0. 0. 0. 0. 0. 0. 0. 0.],"geometry_msgs.msg.Vector3(x=-4.5, y=-2.5, z=22.875)",[0. 0. 0. 0. 0. 0. 0. 0. 0.],"geometry_msgs.msg.Vector3(x=-0.138671875, y=0.90380859375, z=-0.56640625)",[0. 0. 0. 0. 0. 0. 0. 0. 0.],False,25.048134498,"[-0.4194747624318713, -0.7893302928170219, -0.3823061125961359, -0.23418080364485527]","[-4.5, -2.5, 22.875]","[-0.138671875, 0.90380859375, -0.56640625]"
12211067153,"std_msgs.msg.Header(stamp=builtin_interfaces.msg.Time(sec=1731185789, nanosec=731860947), frame_id='RL_myo')","geometry_msgs.msg.Quaternion(x=-0.4179509057362517, y=-0.7907987566624727, z=-0.38108724524199117, w=-0.23393776601738503)",[0. 0. 0. 0. 0. 0. 0. 0. 0.],"geometry_msgs.msg.Vector3(x=5.625, y=1.625, z=16.5625)",[0. 0. 0. 0. 0. 0. 0. 0. 0.],"geometry_msgs.msg.Vector3(x=-0.05517578125, y=0.8701171875, z=-0.6201171875)",[0. 0. 0. 0. 0. 0. 0. 0. 0.],False,25.071897917,"[-0.4179509057362517, -0.7907987566624727, -0.38108724524199117, -0.23393776601738503]","[5.625, 1.625, 16.5625]","[-0.05517578125, 0.8701171875, -0.6201171875]"
12223467790,"std_msgs.msg.Header(stamp=builtin_interfaces.msg.Time(sec=1731185789, nanosec=744263533), frame_id='RL_myo')","geometry_msgs.msg.Quaternion(x=-0.41497221637651427, y=-0.7923473029857198, z=-0.38115921330656444, w=-0.23388344361741473)",[0. 0. 0. 0. 0. 0. 0. 0. 0.],"geometry_msgs.msg.Vector3(x=14.3125, y=6.25, z=9.75)",[0. 0. 0. 0. 0. 0. 0. 0. 0.],"geometry_msgs.msg.Vector3(x=0.00244140625, y=0.80712890625, z=-0.58056640625)",[0. 0. 0. 0. 0. 0. 0. 0. 0.],False,25.084298554,"[-0.41497221637651427, -0.7923473029857198, -0.38115921330656444, -0.23388344361741473]","[14.3125, 6.25, 9.75]","[0.00244140625, 0.80712890625, -0.58056640625]"
12241374985,"std_msgs.msg.Header(stamp=builtin_interfaces.msg.Time(sec=1731185789, nanosec=762110788), frame_id='RL_myo')","geometry_msgs.msg.Quaternion(x=-0.4121927638616468, y=-0.7935046366196524, z=-0.3836309910622316, w=-0.23081330069954817)",[0. 0. 0. 0. 0. 0. 0. 0. 0.],"geometry_msgs.msg.Vector3(x=23.3125, y=2.5, z=-3.25)",[0. 0. 0. 0. 0. 0. 0. 0. 0.],"geometry_msgs.msg.Vector3(x=-0.0908203125, y=0.990234375, z=-0.69482421875)",[0. 0. 0. 0. 0. 0. 0. 0. 0.],False,25.102205749,"[-0.4121927638616468, -0.7935046366196524, -0.3836309910622316, -0.23081330069954817]","[23.3125, 2.5, -3.25]","[-0.0908203125, 0.990234375, -0.69482421875]"
12263724323,"std_msgs.msg.Header(stamp=builtin_interfaces.msg.Time(sec=1731185789, nanosec=784487052), frame_id='RL_myo')","geometry_msgs.msg.Quaternion(x=-0.41226253119954853, y=-0.7930942402573106, z=-0.387361996376541, w=-0.22581367364001917)",[0. 0. 0. 0. 0. 0. 0. 0. 0.],"geometry_msgs.msg.Vector3(x=17.4375, y=-8.25, z=-22.0)",[0. 0. 0. 0. 0. 0. 0. 0. 0.],"geometry_msgs.msg.Vector3(x=-0.08544921875, y=1.10498046875, z=-0.69921875)",[0. 0. 0. 0. 0. 0. 0. 0. 0.],False,25.124555087,"[-0.41226253119954853, -0.7930942402573106, -0.387361996376541, -0.22581367364001917]","[17.4375, -8.25, -22.0]","[-0.08544921875, 1.10498046875, -0.69921875]"
12284735777,"std_msgs.msg.Header(stamp=builtin_interfaces.msg.Time(sec=1731185789, nanosec=805478321), frame_id='RL_myo')","geometry_msgs.msg.Quaternion(x=-0.41507615344082793, y=-0.7909089652168342, z=-0.3907855624881078, w=-0.22239927997917616)",[0. 0. 0. 0. 0. 0. 0. 0. 0.],"geometry_msgs.msg.Vector3(x=-0.0625, y=-12.1875, z=-33.3125)",[0. 0. 0. 0. 0. 0. 0. 0. 0.],"geometry_msgs.msg.Vector3(x=0.0595703125, y=1.1494140625, z=-0.6650390625)",[0. 0. 0. 0. 0. 0. 0. 0. 0.],False,25.145566541,"[-0.41507615344082793, -0.7909089652168342, -0.3907855624881078, -0.22239927997917616]","[-0.0625, -12.1875, -33.3125]","[0.0595703125, 1.1494140625, -0.6650390625]"
12301258455,"std_msgs.msg.Header(stamp=builtin_interfaces.msg.Time(sec=1731185789, nanosec=822064041), frame_id='RL_myo')","geometry_msgs.msg.Quaternion(x=-0.419953344691946, y=-0.7871149958570015, z=-0.39547997000491353, w=-0.21836841553666367)",[0. 0. 0. 0. 0. 0. 0. 0. 0.],"geometry_msgs.msg.Vector3(x=-6.875, y=-11.5, z=-43.1875)",[0. 0. 0. 0. 0. 0. 0. 0. 0.],"geometry_msgs.msg.Vector3(x=-0.0263671875, y=1.17724609375, z=-0.62646484375)",[0. 0. 0. 0. 0. 0. 0. 0. 0.],False,25.162089219,"[-0.419953344691946, -0.7871149958570015, -0.39547997000491353, -0.21836841553666367]","[-6.875, -11.5, -43.1875]","[-0.0263671875, 1.17724609375, -0.62646484375]"
12323917130,"std_msgs.msg.Header(stamp=builtin_interfaces.msg.Time(sec=1731185789, nanosec=844659911), frame_id='RL_myo')","geometry_msgs.msg.Quaternion(x=-0.42862642266260226, y=-0.7807799836426984, z=-0.402321711261836, w=-0.21165832746602659)",[0. 0. 0. 0. 0. 0. 0. 0. 0.],"geometry_msgs.msg.Vector3(x=-19.4375, y=-17.5, z=-59.8125)",[0. 0. 0. 0. 0. 0. 0. 0. 0.],"geometry_msgs.msg.Vector3(x=-0.2255859375, y=1.19970703125, z=-0.58837890625)",[0. 0. 0. 0. 0. 0. 0. 0. 0.],False,25.184747894,"[-0.42862642266260226, -0.7807799836426984, -0.402321711261836, -0.21165832746602659]","[-19.4375, -17.5, -59.8125]","[-0.2255859375, 1.19970703125, -0.58837890625]"
12344849179,"std_msgs.msg.Header(stamp=builtin_interfaces.msg.Time(sec=1731185789, nanosec=865617066), frame_id='RL_myo')","geometry_msgs.msg.Quaternion(x=-0.4385873715406296, y=-0.7732955743695765, z=-0.4106339877157467, w=-0.2025704823466949)",[0. 0. 0. 0. 0. 0. 0. 0. 0.],"geometry_msgs.msg.Vector3(x=-24.125, y=-25.625, z=-75.75)",[0. 0. 0. 0. 0. 0. 0. 0. 0.],"geometry_msgs.msg.Vector3(x=-0.28173828125, y=1.13037109375, z=-0.5810546875)",[0. 0. 0. 0. 0. 0. 0. 0. 0.],False,25.205679943,"[-0.4385873715406296, -0.7732955743695765, -0.4106339877157467, -0.2025704823466949]","[-24.125, -25.625, -75.75]","[-0.28173828125, 1.13037109375, -0.5810546875]"
12361418544,"std_msgs.msg.Header(stamp=builtin_interfaces.msg.Time(sec=1731185789, nanosec=882131505), frame_id='RL_myo')","geometry_msgs.msg.Quaternion(x=-0.4478581975916262, y=-0.766571131336989, z=-0.4168535690311811, w=-0.1949995831705159)",[0. 0. 0. 0. 0. 0. 0. 0. 0.],"geometry_msgs.msg.Vector3(x=-25.5625, y=-28.625, z=-68.375)",[0. 0. 0. 0. 0. 0. 0. 0. 0.],"geometry_msgs.msg.Vector3(x=-0.1650390625, y=0.974609375, z=-0.47998046875)",[0. 0. 0. 0. 0. 0. 0. 0. 0.],False,25.222249308,"[-0.4478581975916262, -0.766571131336989, -0.4168535690311811, -0.1949995831705159]","[-25.5625, -28.625, -68.375]","[-0.1650390625, 0.974609375, -0.47998046875]"
12384470268,"std_msgs.msg.Header(stamp=builtin_interfaces.msg.Time(sec=1731185789, nanosec=905159431), frame_id='RL_myo')","geometry_msgs.msg.Quaternion(x=-0.4552385458845919, y=-0.7605822172963915, z=-0.4224643001224219, w=-0.18919955654139092)",[0. 0. 0. 0. 0. 0. 0. 0. 0.],"geometry_msgs.msg.Vector3(x=-17.25, y=-19.4375, z=-60.1875)",[0. 0. 0. 0. 0. 0. 0. 0. 0.],"geometry_msgs.msg.Vector3(x=-0.1416015625, y=0.9345703125, z=-0.38818359375)",[0. 0. 0. 0. 0. 0. 0. 0. 0.],False,25.245301032,"[-0.4552385458845919, -0.7605822172963915, -0.4224643001224219, -0.18919955654139092]","[-17.25, -19.4375, -60.1875]","[-0.1416015625, 0.9345703125, -0.38818359375]"
12404001828,"std_msgs.msg.Header(stamp=builtin_interfaces.msg.Time(sec=1731185789, nanosec=924815660), frame_id='RL_myo')","geometry_msgs.msg.Quaternion(x=-0.4607841233694791, y=-0.7544043111218717, z=-0.43051274254944444, w=-0.18223859501738604)",[0. 0. 0. 0. 0. 0. 0. 0. 0.],"geometry_msgs.msg.Vector3(x=-7.3125, y=-10.75, z=-66.8125)",[0. 0. 0. 0. 0. 0. 0. 0. 0.],"geometry_msgs.msg.Vector3(x=-0.2470703125, y=0.8837890625, z=-0.40478515625)",[0. 0. 0. 0. 0. 0. 0. 0. 0.],False,25.264832592,"[-0.4607841233694791, -0.7544043111218717, -0.43051274254944444, -0.18223859501738604]","[-7.3125, -10.75, -66.8125]","[-0.2470703125, 0.8837890625, -0.40478515625]"
12426559274,"std_msgs.msg.Header(stamp=builtin_interfaces.msg.Time(sec=1731185789, nanosec=947310590), frame_id='RL_myo')","geometry_msgs.msg.Quaternion(x=-0.46439177775763435, y=-0.7491056223153113, z=-0.43906353649473273, w=-0.17436815732074665)",[0. 0. 0. 0. 0. 0. 0. 0. 0.],"geometry_msgs.msg.Vector3(x=3.5, y=-8.8125, z=-65.8125)",[0. 0. 0. 0. 0. 0. 0. 0. 0.],"geometry_msgs.msg.Vector3(x=-0.2783203125, y=0.75537109375, z=-0.37451171875)",[0. 0. 0. 0. 0. 0. 0. 0. 0.],False,25.287390038,"[-0.46439177775763435, -0.7491056223153113, -0.43906353649473273, -0.17436815732074665]","[3.5, -8.8125, -65.8125]","[-0.2783203125, 0.75537109375, -0.37451171875]"
12442802585,"std_msgs.msg.Header(stamp=builtin_interfaces.msg.Time(sec=1731185789, nanosec=963568384), frame_id='RL_myo')","geometry_msgs.msg.Quaternion(x=-0.4663434351651134, y=-0.7450143061196884, z=-0.4466912186851806, w=-0.1671659035358259)",[0. 0. 0. 0. 0. 0. 0. 0. 0.],"geometry_msgs.msg.Vector3(x=8.5625, y=-6.4375, z=-56.5625)",[0. 0. 0. 0. 0. 0. 0. 0. 0.],"geometry_msgs.msg.Vector3(x=-0.27685546875, y=0.7392578125, z=-0.412109375)",[0. 0. 0. 0. 0. 0. 0. 0. 0.],False,25.303633349,"[-0.4663434351651134, -0.7450143061196884, -0.4466912186851806, -0.1671659035358259]","[8.5625, -6.4375, -56.5625]","[-0.27685546875, 0.7392578125, -0.412109375]"
12464026008,"std_msgs.msg.Header(stamp=builtin_interfaces.msg.Time(sec=1731185789, nanosec=984812397), frame_id='RL_myo')","geometry_msgs.msg.Quaternion(x=-0.46865977964699457, y=-0.7410427196866529, z=-0.45352400345836913, w=-0.15978008895895712)",[0. 0. 0. 0. 0. 0. 0. 0. 0.],"geometry_msgs.msg.Vector3(x=7.5, y=-8.875, z=-51.0)",[0. 0. 0. 0. 0. 0. 0. 0. 0.],"geometry_msgs.msg.Vector3(x=-0.33154296875, y=0.708984375, z=-0.38720703125)",[0. 0. 0. 0. 0. 0. 0. 0. 0.],False,25.324856772,"[-0.46865977964699457, -0.7410427196866529, -0.45352400345836913, -0.15978008895895712]","[7.5, -8.875, -51.0]","[-0.33154296875, 0.708984375, -0.38720703125]"
12486774898,"std_msgs.msg.Header(stamp=builtin_interfaces.msg.Time(sec=1731185790, nanosec=7394598), frame_id='RL_myo')","geometry_msgs.msg.Quaternion(x=-0.4725120653717967, y=-0.7365988267853545, z=-0.4585356687081256, w=-0.15459481549816081)",[0. 0. 0. 0. 0. 0. 0. 0. 0.],"geometry_msgs.msg.Vector3(x=-8.3125, y=-10.8125, z=-45.0)",[0. 0. 0. 0. 0. 0. 0. 0. 0.],"geometry_msgs.msg.Vector3(x=-0.26513671875, y=0.69189453125, z=-0.384765625)",[0. 0. 0. 0. 0. 0. 0. 0. 0.],False,25.347605662,"[-0.4725120653717967, -0.7365988267853545, -0.4585356687081256, -0.15459481549816081]","[-8.3125, -10.8125, -45.0]","[-0.26513671875, 0.69189453125, -0.384765625]"
12502988976,"std_msgs.msg.Header(stamp=builtin_interfaces.msg.Time(sec=1731185790, nanosec=23656864), frame_id='RL_myo')","geometry_msgs.msg.Quaternion(x=-0.47636557592102247, y=-0.7324006292187405, z=-0.4626940975089393, w=-0.15026419576137826)",[0. 0. 0. 0. 0. 0. 0. 0. 0.],"geometry_msgs.msg.Vector3(x=-12.875, y=-10.25, z=-38.375)",[0. 0. 0. 0. 0. 0. 0. 0. 0.],"geometry_msgs.msg.Vector3(x=-0.25732421875, y=0.638671875, z=-0.38818359375)",[0. 0. 0. 0. 0. 0. 0. 0. 0.],False,25.36381974,"[-0.47636557592102247, -0.7324006292187405, -0.4626940975089393, -0.15026419576137826]","[-12.875, -10.25, -38.375]","[-0.25732421875, 0.638671875, -0.38818359375]"
12524201745,"std_msgs.msg.Header(stamp=builtin_interfaces.msg.Time(sec=1731185790, nanosec=44904614), frame_id='RL_myo')","geometry_msgs.msg.Quaternion(x=-0.4792143637744365, y=-0.7291967929670106, z=-0.46609272747648645, w=-0.14622995613901552)",[0. 0. 0. 0. 0. 0. 0. 0. 0.],"geometry_msgs.msg.Vector3(x=-11.5, y=-9.625, z=-29.5625)",[0. 0. 0. 0. 0. 0. 0. 0. 0.],"geometry_msgs.msg.Vector3(x=-0.2822265625, y=0.580078125, z=-0.4208984375)",[0. 0. 0. 0. 0. 0. 0. 0. 0.],False,25.385032509,"[-0.4792143637744365, -0.7291967929670106, -0.46609272747648645, -0.14622995613901552]","[-11.5, -9.625, -29.5625]","[-0.2822265625, 0.580078125, -0.4208984375]"
12548165767,"std_msgs.msg.Header(stamp=builtin_interfaces.msg.Time(sec=1731185790, nanosec=68842702), frame_id='RL_myo')","geometry_msgs.msg.Quaternion(x=-0.48104818173085473, y=-0.727553333470378, z=-0.4678654353144801, w=-0.14269102371057324)",[0. 0. 0. 0. 0. 0. 0. 0. 0.],"geometry_msgs.msg.Vector3(x=-6.625, y=-13.1875, z=-19.875)",[0. 0. 0. 0. 0. 0. 0. 0. 0.],"geometry_msgs.msg.Vector3(x=-0.2177734375, y=0.5673828125, z=-0.42578125)",[0. 0. 0. 0. 0. 0. 0. 0. 0.],False,25.408996531,"[-0.48104818173085473, -0.727553333470378, -0.4678654353144801, -0.14269102371057324]","[-6.625, -13.1875, -19.875]","[-0.2177734375, 0.5673828125, -0.42578125]"
12563534845,"std_msgs.msg.Header(stamp=builtin_interfaces.msg.Time(sec=1731185790, nanosec=84178069), frame_id='RL_myo')","geometry_msgs.msg.Quaternion(x=-0.48204340372426163, y=-0.7270933234448125, z=-0.4683108428432843, w=-0.14019418819379956)",[0. 0. 0. 0. 0. 0. 0. 0. 0.],"geometry_msgs.msg.Vector3(x=-2.8125, y=-13.5625, z=-12.1875)",[0. 0. 0. 0. 0. 0. 0. 0. 0.],"geometry_msgs.msg.Vector3(x=-0.17333984375, y=0.66796875, z=-0.474609375)",[0. 0. 0. 0. 0. 0. 0. 0. 0.],False,25.424365609,"[-0.48204340372426163, -0.7270933234448125, -0.4683108428432843, -0.14019418819379956]","[-2.8125, -13.5625, -12.1875]","[-0.17333984375, 0.66796875, -0.474609375]"
12584124023,"std_msgs.msg.Header(stamp=builtin_interfaces.msg.Time(sec=1731185790, nanosec=104871193), frame_id='RL_myo')","geometry_msgs.msg.Quaternion(x=-0.48080437647398255, y=-0.728225161219543, z=-0.4683539965805207, w=-0.13841892940378173)",[0. 0. 0. 0. 0. 0. 0. 0. 0.],"geometry_msgs.msg.Vector3(x=4.0625, y=-9.75, z=-4.75)",[0. 0. 0. 0. 0. 0. 0. 0. 0.],"geometry_msgs.msg.Vector3(x=-0.11669921875, y=0.59033203125, z=-0.509765625)",[0. 0. 0. 0. 0. 0. 0. 0. 0.],False,25.444954787,"[-0.48080437647398255, -0.728225161219543, -0.4683539965805207, -0.13841892940378173]","[4.0625, -9.75, -4.75]","[-0.11669921875, 0.59033203125, -0.509765625]"
12599903577,"std_msgs.msg.Header(stamp=builtin_interfaces.msg.Time(sec=1731185790, nanosec=120528874), frame_id='RL_myo')","geometry_msgs.msg.Quaternion(x=-0.47807487669030263, y=-0.7308753540618377, z=-0.46708885884219153, w=-0.1381796911562422)",[0. 0. 0. 0. 0. 0. 0. 0. 0.],"geometry_msgs.msg.Vector3(x=11.75, y=-5.8125, z=6.4375)",[0. 0. 0. 0. 0. 0. 0. 0. 0.],"geometry_msgs.msg.Vector3(x=-0.0673828125, y=0.66748046875, z=-0.51904296875)",[0. 0. 0. 0. 0. 0. 0. 0. 0.],False,25.460734341,"[-0.47807487669030263, -0.7308753540618377, -0.46708885884219153, -0.1381796911562422]","[11.75, -5.8125, 6.4375]","[-0.0673828125, 0.66748046875, -0.51904296875]"
12622941736,"std_msgs.msg.Header(stamp=builtin_interfaces.msg.Time(sec=1731185790, nanosec=143675112), frame_id='RL_myo')","geometry_msgs.msg.Quaternion(x=-0.4745385507862202, y=-0.7346650206834383, z=-0.46483416113027054, w=-0.1378755737911346)",[0. 0. 0. 0. 0. 0. 0. 0. 0.],"geometry_msgs.msg.Vector3(x=14.375, y=-9.0, z=13.375)",[0. 0. 0. 0. 0. 0. 0. 0. 0.],"geometry_msgs.msg.Vector3(x=-0.0576171875, y=0.677734375, z=-0.59130859375)",[0. 0. 0. 0. 0. 0. 0. 0. 0.],False,25.4837725,"[-0.4745385507862202, -0.7346650206834383, -0.46483416113027054, -0.1378755737911346]","[14.375, -9.0, 13.375]","[-0.0576171875, 0.677734375, -0.59130859375]"
12645749104,"std_msgs.msg.Header(stamp=builtin_interfaces.msg.Time(sec=1731185790, nanosec=166382352), frame_id='RL_myo')","geometry_msgs.msg.Quaternion(x=-0.46958390644830744, y=-0.7395916010320496, z=-0.4617717489196639, w=-0.13878786109480779)",[0. 0. 0. 0. 0. 0. 0. 0. 0.],"geometry_msgs.msg.Vector3(x=19.375, y=-6.125, z=19.0625)",[0. 0. 0. 0. 0. 0. 0. 0. 0.],"geometry_msgs.msg.Vector3(x=0.03076171875, y=0.7138671875, z=-0.62255859375)",[0. 0. 0. 0. 0. 0. 0. 0. 0.],False,25.506579868,"[-0.46958390644830744, -0.7395916010320496, -0.4617717489196639, -0.13878786109480779]","[19.375, -6.125, 19.0625]","[0.03076171875, 0.7138671875, -0.62255859375]"
12660032402,"std_msgs.msg.Header(stamp=builtin_interfaces.msg.Time(sec=1731185790, nanosec=180573401), frame_id='RL_myo')","geometry_msgs.msg.Quaternion(x=-0.46445912529431793, y=-0.7444162879388694, z=-0.4585999825836406, w=-0.14074149052939516)",[0. 0. 0. 0. 0. 0. 0. 0. 0.],"geometry_msgs.msg.Vector3(x=21.125, y=-1.3125, z=21.125)",[0. 0. 0. 0. 0. 0. 0. 0. 0.],"geometry_msgs.msg.Vector3(x=0.04833984375, y=0.751953125, z=-0.58935546875)",[0. 0. 0. 0. 0. 0. 0. 0. 0.],False,25.520863166,"[-0.46445912529431793, -0.7444162879388694, -0.4585999825836406, -0.14074149052939516]","[21.125, -1.3125, 21.125]","[0.04833984375, 0.751953125, -0.58935546875]"
12683105215,"std_msgs.msg.Header(stamp=builtin_interfaces.msg.Time(sec=1731185790, nanosec=203634139), frame_id='RL_myo')","geometry_msgs.msg.Quaternion(x=-0.4587192594229273, y=-0.7497215783330546, z=-0.4551183498558766, w=-0.14269367064007504)",[0. 0. 0. 0. 0. 0. 0. 0. 0.],"geometry_msgs.msg.Vector3(x=21.625, y=-0.8125, z=26.1875)",[0. 0. 0. 0. 0. 0. 0. 0. 0.],"geometry_msgs.msg.Vector3(x=0.029296875, y=0.7626953125, z=-0.66064453125)",[0. 0. 0. 0. 0. 0. 0. 0. 0.],False,25.543935979,"[-0.4587192594229273, -0.7497215783330546, -0.4551183498558766, -0.14269367064007504]","[21.625, -0.8125, 26.1875]","[0.029296875, 0.7626953125, -0.66064453125]"
12705567792,"std_msgs.msg.Header(stamp=builtin_interfaces.msg.Time(sec=1731185790, nanosec=226192201), frame_id='RL_myo')","geometry_msgs.msg.Quaternion(x=-0.4529873432754894, y=-0.754978905459149, z=-0.4514004838137321, w=-0.14507557463835064)",[0. 0. 0. 0. 0. 0. 0. 0. 0.],"geometry_msgs.msg.Vector3(x=20.1875, y=0.1875, z=27.5)",[0. 0. 0. 0. 0. 0. 0. 0. 0.],"geometry_msgs.msg.Vector3(x=0.03564453125, y=0.82275390625, z=-0.70947265625)",[0. 0. 0. 0. 0. 0. 0. 0. 0.],False,25.566398556,"[-0.4529873432754894, -0.754978905459149, -0.4514004838137321, -0.14507557463835064]","[20.1875, 0.1875, 27.5]","[0.03564453125, 0.82275390625, -0.70947265625]"
12719918656,"std_msgs.msg.Header(stamp=builtin_interfaces.msg.Time(sec=1731185790, nanosec=240560129), frame_id='RL_myo')","geometry_msgs.msg.Quaternion(x=-0.4479802296839226, y=-0.7596133431397957, z=-0.4477971314974033, w=-0.14757713833456743)",[0. 0. 0. 0. 0. 0. 0. 0. 0.],"geometry_msgs.msg.Vector3(x=16.875, y=1.4375, z=27.1875)",[0. 0. 0. 0. 0. 0. 0. 0. 0.],"geometry_msgs.msg.Vector3(x=0.005859375, y=0.83642578125, z=-0.70068359375)",[0. 0. 0. 0. 0. 0. 0. 0. 0.],False,25.58074942,"[-0.4479802296839226, -0.7596133431397957, -0.4477971314974033, -0.14757713833456743]","[16.875, 1.4375, 27.1875]","[0.005859375, 0.83642578125, -0.70068359375]"
12742979619,"std_msgs.msg.Header(stamp=builtin_interfaces.msg.Time(sec=1731185790, nanosec=263686108), frame_id='RL_myo')","geometry_msgs.msg.Quaternion(x=-0.4447256643338419, y=-0.763058183225748, z=-0.4441763942667355, w=-0.1505610283946189)",[0. 0. 0. 0. 0. 0. 0. 0. 0.],"geometry_msgs.msg.Vector3(x=10.125, y=1.6875, z=24.8125)",[0. 0. 0. 0. 0. 0. 0. 0. 0.],"geometry_msgs.msg.Vector3(x=-0.01220703125, y=0.9287109375, z=-0.67529296875)",[0. 0. 0. 0. 0. 0. 0. 0. 0.],False,25.603810383,"[-0.4447256643338419, -0.763058183225748, -0.4441763942667355, -0.1505610283946189]","[10.125, 1.6875, 24.8125]","[-0.01220703125, 0.9287109375, -0.67529296875]"
12765597080,"std_msgs.msg.Header(stamp=builtin_interfaces.msg.Time(sec=1731185790, nanosec=286240868), frame_id='RL_myo')","geometry_msgs.msg.Quaternion(x=-0.4433335876800767, y=-0.7652142789555069, z=-0.4410754182494375, w=-0.1528231420086608)",[0. 0. 0. 0. 0. 0. 0. 0. 0.],"geometry_msgs.msg.Vector3(x=0.5, y=-1.0, z=19.875)",[0. 0. 0. 0. 0. 0. 0. 0. 0.],"geometry_msgs.msg.Vector3(x=-0.07177734375, y=0.92578125, z=-0.68505859375)",[0. 0. 0. 0. 0. 0. 0. 0. 0.],False,25.626427844,"[-0.4433335876800767, -0.7652142789555069, -0.4410754182494375, -0.1528231420086608]","[0.5, -1.0, 19.875]","[-0.07177734375, 0.92578125, -0.68505859375]"
12779930847,"std_msgs.msg.Header(stamp=builtin_interfaces.msg.Time(sec=1731185790, nanosec=300538682), frame_id='RL_myo')","geometry_msgs.msg.Quaternion(x=-0.4426692453320007, y=-0.7673625288238308, z=-0.43742044413269665, w=-0.15447343994695903)",[0. 0. 0. 0. 0. 0. 0. 0. 0.],"geometry_msgs.msg.Vector3(x=-2.5625, y=-7.1875, z=19.8125)",[0. 0. 0. 0. 0. 0. 0. 0. 0.],"geometry_msgs.msg.Vector3(x=-0.05419921875, y=0.88037109375, z=-0.66552734375)",[0. 0. 0. 0. 0. 0. 0. 0. 0.],False,25.640761611,"[-0.4426692453320007, -0.7673625288238308, -0.43742044413269665, -0.15447343994695903]","[-2.5625, -7.1875, 19.8125]","[-0.05419921875, 0.88037109375, -0.66552734375]"
12803177444,"std_msgs.msg.Header(stamp=builtin_interfaces.msg.Time(sec=1731185790, nanosec=323795911), frame_id='RL_myo')","geometry_msgs.msg.Quaternion(x=-0.4428007988769745, y=-0.7689658532117163, z=-0.43358468300786035, w=-0.15691810529465217)",[0. 0. 0. 0. 0. 0. 0. 0. 0.],"geometry_msgs.msg.Vector3(x=-8.5625, y=-7.5, z=17.8125)",[0. 0. 0. 0. 0. 0. 0. 0. 0.],"geometry_msgs.msg.Vector3(x=-0.00146484375, y=0.9169921875, z=-0.669921875)",[0. 0. 0. 0. 0. 0. 0. 0. 0.],False,25.664008208,"[-0.4428007988769745, -0.7689658532117163, -0.43358468300786035, -0.15691810529465217]","[-8.5625, -7.5, 17.8125]","[-0.00146484375, 0.9169921875, -0.669921875]"
12825691448,"std_msgs.msg.Header(stamp=builtin_interfaces.msg.Time(sec=1731185790, nanosec=346301645), frame_id='RL_myo')","geometry_msgs.msg.Quaternion(x=-0.44359346762473956, y=-0.7697579545519009, z=-0.4307153413632068, w=-0.15868781175348415)",[0. 0. 0. 0. 0. 0. 0. 0. 0.],"geometry_msgs.msg.Vector3(x=-8.875, y=-5.9375, z=12.9375)",[0. 0. 0. 0. 0. 0. 0. 0. 0.],"geometry_msgs.msg.Vector3(x=-0.0693359375, y=0.96337890625, z=-0.6611328125)",[0. 0. 0. 0. 0. 0. 0. 0. 0.],False,25.686522212,"[-0.44359346762473956, -0.7697579545519009, -0.4307153413632068, -0.15868781175348415]","[-8.875, -5.9375, 12.9375]","[-0.0693359375, 0.96337890625, -0.6611328125]"
12840020588,"std_msgs.msg.Header(stamp=builtin_interfaces.msg.Time(sec=1731185790, nanosec=360688281), frame_id='RL_myo')","geometry_msgs.msg.Quaternion(x=-0.4448459746649367, y=-0.7700736052026576, z=-0.4282458779289149, w=-0.16032519899091627)",[0. 0. 0. 0. 0. 0. 0. 0. 0.],"geometry_msgs.msg.Vector3(x=-11.875, y=-4.625, z=11.75)",[0. 0. 0. 0. 0. 0. 0. 0. 0.],"geometry_msgs.msg.Vector3(x=-0.10302734375, y=0.95166015625, z=-0.654296875)",[0. 0. 0. 0. 0. 0. 0. 0. 0.],False,25.700851352,"[-0.4448459746649367, -0.7700736052026576, -0.4282458779289149, -0.16032519899091627]","[-11.875, -4.625, 11.75]","[-0.10302734375, 0.95166015625, -0.654296875]"
12863149997,"std_msgs.msg.Header(stamp=builtin_interfaces.msg.Time(sec=1731185790, nanosec=383744281), frame_id='RL_myo')","geometry_msgs.msg.Quaternion(x=-0.4446086982565218, y=-0.7708788562358444, z=-0.4261163941286253, w=-0.16276889474950496)",[0. 0. 0. 0. 0. 0. 0. 0. 0.],"geometry_msgs.msg.Vector3(x=-9.8125, y=1.75, z=14.0)",[0. 0. 0. 0. 0. 0. 0. 0. 0.],"geometry_msgs.msg.Vector3(x=-0.0654296875, y=0.83447265625, z=-0.646484375)",[0. 0. 0. 0. 0. 0. 0. 0. 0.],False,25.723980761,"[-0.4446086982565218, -0.7708788562358444, -0.4261163941286253, -0.16276889474950496]","[-9.8125, 1.75, 14.0]","[-0.0654296875, 0.83447265625, -0.646484375]"
12885634456,"std_msgs.msg.Header(stamp=builtin_interfaces.msg.Time(sec=1731185790, nanosec=406299812), frame_id='RL_myo')","geometry_msgs.msg.Quaternion(x=-0.4440140640821413, y=-0.7713943307126025, z=-0.4247887128538424, w=-0.16539905342441277)",[0. 0. 0. 0. 0. 0. 0. 0. 0.],"geometry_msgs.msg.Vector3(x=-1.75, y=8.25, z=12.5625)",[0. 0. 0. 0. 0. 0. 0. 0. 0.],"geometry_msgs.msg.Vector3(x=-0.09765625, y=0.884765625, z=-0.55419921875)",[0. 0. 0. 0. 0. 0. 0. 0. 0.],False,25.74646522,"[-0.4440140640821413, -0.7713943307126025, -0.4247887128538424, -0.16539905342441277]","[-1.75, 8.25, 12.5625]","[-0.09765625, 0.884765625, -0.55419921875]"
12900164290,"std_msgs.msg.Header(stamp=builtin_interfaces.msg.Time(sec=1731185790, nanosec=420738969), frame_id='RL_myo')","geometry_msgs.msg.Quaternion(x=-0.4422998948410294, y=-0.7720565295624426, z=-0.42508883228477573, w=-0.16612947616355486)",[0. 0. 0. 0. 0. 0. 0. 0. 0.],"geometry_msgs.msg.Vector3(x=11.875, y=9.5, z=5.5625)",[0. 0. 0. 0. 0. 0. 0. 0. 0.],"geometry_msgs.msg.Vector3(x=-0.17138671875, y=0.9462890625, z=-0.56298828125)",[0. 0. 0. 0. 0. 0. 0. 0. 0.],False,25.760995054,"[-0.4422998948410294, -0.7720565295624426, -0.42508883228477573, -0.16612947616355486]","[11.875, 9.5, 5.5625]","[-0.17138671875, 0.9462890625, -0.56298828125]"
12923011056,"std_msgs.msg.Header(stamp=builtin_interfaces.msg.Time(sec=1731185790, nanosec=443648416), frame_id='RL_myo')","geometry_msgs.msg.Quaternion(x=-0.4379692054374694, y=-0.7741362042598748, z=-0.4258847708392784, w=-0.1658863294842589)",[0. 0. 0. 0. 0. 0. 0. 0. 0.],"geometry_msgs.msg.Vector3(x=22.8125, y=9.5, z=5.6875)",[0. 0. 0. 0. 0. 0. 0. 0. 0.],"geometry_msgs.msg.Vector3(x=-0.12939453125, y=0.8056640625, z=-0.60400390625)",[0. 0. 0. 0. 0. 0. 0. 0. 0.],False,25.78384182,"[-0.4379692054374694, -0.7741362042598748, -0.4258847708392784, -0.1658863294842589]","[22.8125, 9.5, 5.6875]","[-0.12939453125, 0.8056640625, -0.60400390625]"
12945686263,"std_msgs.msg.Header(stamp=builtin_interfaces.msg.Time(sec=1731185790, nanosec=466248462), frame_id='RL_myo')","geometry_msgs.msg.Quaternion(x=-0.43241663738519676, y=-0.7766410318597923, z=-0.42649646606178615, w=-0.16716854901877964)",[0. 0. 0. 0. 0. 0. 0. 0. 0.],"geometry_msgs.msg.Vector3(x=27.8125, y=16.75, z=10.0)",[0. 0. 0. 0. 0. 0. 0. 0. 0.],"geometry_msgs.msg.Vector3(x=-0.072265625, y=0.82666015625, z=-0.587890625)",[0. 0. 0. 0. 0. 0. 0. 0. 0.],False,25.806517027,"[-0.43241663738519676, -0.7766410318597923, -0.42649646606178615, -0.16716854901877964]","[27.8125, 16.75, 10.0]","[-0.072265625, 0.82666015625, -0.587890625]"
12966668576,"std_msgs.msg.Header(stamp=builtin_interfaces.msg.Time(sec=1731185790, nanosec=487296217), frame_id='RL_myo')","geometry_msgs.msg.Quaternion(x=-0.4278969545031716, y=-0.7782829787226422, z=-0.4276528255888923, w=-0.16820482193848824)",[0. 0. 0. 0. 0. 0. 0. 0. 0.],"geometry_msgs.msg.Vector3(x=25.6875, y=19.1875, z=8.3125)",[0. 0. 0. 0. 0. 0. 0. 0. 0.],"geometry_msgs.msg.Vector3(x=-0.154296875, y=0.8447265625, z=-0.5478515625)",[0. 0. 0. 0. 0. 0. 0. 0. 0.],False,25.82749934,"[-0.4278969545031716, -0.7782829787226422, -0.4276528255888923, -0.16820482193848824]","[25.6875, 19.1875, 8.3125]","[-0.154296875, 0.8447265625, -0.5478515625]"
12983130810,"std_msgs.msg.Header(stamp=builtin_interfaces.msg.Time(sec=1731185790, nanosec=503742210), frame_id='RL_myo')","geometry_msgs.msg.Quaternion(x=-0.42587847453266214, y=-0.7788852238443442, z=-0.42825870676349814, w=-0.16899648838935818)",[0. 0. 0. 0. 0. 0. 0. 0. 0.],"geometry_msgs.msg.Vector3(x=12.375, y=13.4375, z=7.5625)",[0. 0. 0. 0. 0. 0. 0. 0. 0.],"geometry_msgs.msg.Vector3(x=-0.19921875, y=0.88134765625, z=-0.57763671875)",[0. 0. 0. 0. 0. 0. 0. 0. 0.],False,25.843961574,"[-0.42587847453266214, -0.7788852238443442, -0.42825870676349814, -0.16899648838935818]","[12.375, 13.4375, 7.5625]","[-0.19921875, 0.88134765625, -0.57763671875]"
13005659515,"std_msgs.msg.Header(stamp=builtin_interfaces.msg.Time(sec=1731185790, nanosec=526318913), frame_id='RL_myo')","geometry_msgs.msg.Quaternion(x=-0.42428714495449155, y=-0.7799144743057318, z=-0.42825415652267945, w=-0.16826232143836783)",[0. 0. 0. 0. 0. 0. 0. 0. 0.],"geometry_msgs.msg.Vector3(x=-0.875, y=1.5625, z=7.375)",[0. 0. 0. 0. 0. 0. 0. 0. 0.],"geometry_msgs.msg.Vector3(x=-0.19384765625, y=0.8447265625, z=-0.828125)",[0. 0. 0. 0. 0. 0. 0. 0. 0.],False,25.866490279,"[-0.42428714495449155, -0.7799144743057318, -0.42825415652267945, -0.16826232143836783]","[-0.875, 1.5625, 7.375]","[-0.19384765625, 0.8447265625, -0.828125]"
13026863101,"std_msgs.msg.Header(stamp=builtin_interfaces.msg.Time(sec=1731185790, nanosec=547476663), frame_id='RL_myo')","geometry_msgs.msg.Quaternion(x=-0.4298436261416351, y=-0.7781494012928933, z=-0.42618174660613917, w=-0.16759202007453217)",[0. 0. 0. 0. 0. 0. 0. 0. 0.],"geometry_msgs.msg.Vector3(x=-18.0625, y=-21.8125, z=-6.6875)",[0. 0. 0. 0. 0. 0. 0. 0. 0.],"geometry_msgs.msg.Vector3(x=-0.07275390625, y=1.16552734375, z=-0.62646484375)",[0. 0. 0. 0. 0. 0. 0. 0. 0.],False,25.887693865,"[-0.4298436261416351, -0.7781494012928933, -0.42618174660613917, -0.16759202007453217]","[-18.0625, -21.8125, -6.6875]","[-0.07275390625, 1.16552734375, -0.62646484375]"
13043120354,"std_msgs.msg.Header(stamp=builtin_interfaces.msg.Time(sec=1731185790, nanosec=563738028), frame_id='RL_myo')","geometry_msgs.msg.Quaternion(x=-0.4325275399907884, y=-0.7768651131004297, z=-0.42544793019271704, w=-0.16850691941788723)",[0. 0. 0. 0. 0. 0. 0. 0. 0.],"geometry_msgs.msg.Vector3(x=-12.0, y=-1.625, z=0.5)",[0. 0. 0. 0. 0. 0. 0. 0. 0.],"geometry_msgs.msg.Vector3(x=-0.13330078125, y=0.93017578125, z=-0.54345703125)",[0. 0. 0. 0. 0. 0. 0. 0. 0.],False,25.903951118,"[-0.4325275399907884, -0.7768651131004297, -0.42544793019271704, -0.16850691941788723]","[-12.0, -1.625, 0.5]","[-0.13330078125, 0.93017578125, -0.54345703125]"
13065728931,"std_msgs.msg.Header(stamp=builtin_interfaces.msg.Time(sec=1731185790, nanosec=586334235), frame_id='RL_myo')","geometry_msgs.msg.Quaternion(x=-0.43205529198430775, y=-0.7770159517237211, z=-0.42589092067615475, w=-0.16790282642305843)",[0. 0. 0. 0. 0. 0. 0. 0. 0.],"geometry_msgs.msg.Vector3(x=1.625, y=0.5, z=-0.5625)",[0. 0. 0. 0. 0. 0. 0. 0. 0.],"geometry_msgs.msg.Vector3(x=-0.14013671875, y=0.7880859375, z=-0.595703125)",[0. 0. 0. 0. 0. 0. 0. 0. 0.],False,25.926559695,"[-0.43205529198430775, -0.7770159517237211, -0.42589092067615475, -0.16790282642305843]","[1.625, 0.5, -0.5625]","[-0.14013671875, 0.7880859375, -0.595703125]"
13086681437,"std_msgs.msg.Header(stamp=builtin_interfaces.msg.Time(sec=1731185790, nanosec=607349273), frame_id='RL_myo')","geometry_msgs.msg.Quaternion(x=-0.428137542215052, y=-0.7785817000766099, z=-0.4274661932536314, w=-0.16667763760360757)",[0. 0. 0. 0. 0. 0. 0. 0. 0.],"geometry_msgs.msg.Vector3(x=25.1875, y=3.0625, z=-7.4375)",[0. 0. 0. 0. 0. 0. 0. 0. 0.],"geometry_msgs.msg.Vector3(x=-0.015625, y=0.76123046875, z=-0.5517578125)",[0. 0. 0. 0. 0. 0. 0. 0. 0.],False,25.947512201,"[-0.428137542215052, -0.7785817000766099, -0.4274661932536314, -0.16667763760360757]","[25.1875, 3.0625, -7.4375]","[-0.015625, 0.76123046875, -0.5517578125]"
13103211927,"std_msgs.msg.Header(stamp=builtin_interfaces.msg.Time(sec=1731185790, nanosec=623798279), frame_id='RL_myo')","geometry_msgs.msg.Quaternion(x=-0.421611090397903, y=-0.7810913049959992, z=-0.42960632097724943, w=-0.16606887333131065)",[0. 0. 0. 0. 0. 0. 0. 0. 0.],"geometry_msgs.msg.Vector3(x=42.375, y=14.0, z=-2.125)",[0. 0. 0. 0. 0. 0. 0. 0. 0.],"geometry_msgs.msg.Vector3(x=-0.05712890625, y=0.89111328125, z=-0.59375)",[0. 0. 0. 0. 0. 0. 0. 0. 0.],False,25.964042691,"[-0.421611090397903, -0.7810913049959992, -0.42960632097724943, -0.16606887333131065]","[42.375, 14.0, -2.125]","[-0.05712890625, 0.89111328125, -0.59375]"
13125571447,"std_msgs.msg.Header(stamp=builtin_interfaces.msg.Time(sec=1731185790, nanosec=646241060), frame_id='RL_myo')","geometry_msgs.msg.Quaternion(x=-0.41750970997927733, y=-0.782166999429092, z=-0.4320960015572699, w=-0.16490443449261913)",[0. 0. 0. 0. 0. 0. 0. 0. 0.],"geometry_msgs.msg.Vector3(x=31.4375, y=11.4375, z=-5.875)",[0. 0. 0. 0. 0. 0. 0. 0. 0.],"geometry_msgs.msg.Vector3(x=-0.1416015625, y=0.9130859375, z=-0.59326171875)",[0. 0. 0. 0. 0. 0. 0. 0. 0.],False,25.986402211,"[-0.41750970997927733, -0.782166999429092, -0.4320960015572699, -0.16490443449261913]","[31.4375, 11.4375, -5.875]","[-0.1416015625, 0.9130859375, -0.59326171875]"
13146687201,"std_msgs.msg.Header(stamp=builtin_interfaces.msg.Time(sec=1731185790, nanosec=667327848), frame_id='RL_myo')","geometry_msgs.msg.Quaternion(x=-0.41507115112216925, y=-0.7830264474191195, z=-0.4332583593319041, w=-0.16392899748774395)",[0. 0. 0. 0. 0. 0. 0. 0. 0.],"geometry_msgs.msg.Vector3(x=16.0625, y=4.4375, z=-2.25)",[0. 0. 0. 0. 0. 0. 0. 0. 0.],"geometry_msgs.msg.Vector3(x=-0.1328125, y=0.8740234375, z=-0.67138671875)",[0. 0. 0. 0. 0. 0. 0. 0. 0.],False,26.007517965,"[-0.41507115112216925, -0.7830264474191195, -0.4332583593319041, -0.16392899748774395]","[16.0625, 4.4375, -2.25]","[-0.1328125, 0.8740234375, -0.67138671875]"
13163041649,"std_msgs.msg.Header(stamp=builtin_interfaces.msg.Time(sec=1731185790, nanosec=683702715), frame_id='RL_myo')","geometry_msgs.msg.Quaternion(x=-0.4142317066997655, y=-0.783604078726726, z=-0.4329688709780664, w=-0.1640569953748298)",[0. 0. 0. 0. 0. 0. 0. 0. 0.],"geometry_msgs.msg.Vector3(x=6.375, y=0.9375, z=3.0625)",[0. 0. 0. 0. 0. 0. 0. 0. 0.],"geometry_msgs.msg.Vector3(x=-0.09619140625, y=0.8486328125, z=-0.615234375)",[0. 0. 0. 0. 0. 0. 0. 0. 0.],False,26.023872413,"[-0.4142317066997655, -0.783604078726726, -0.4329688709780664, -0.1640569953748298]","[6.375, 0.9375, 3.0625]","[-0.09619140625, 0.8486328125, -0.615234375]"
13185747270,"std_msgs.msg.Header(stamp=builtin_interfaces.msg.Time(sec=1731185790, nanosec=706357339), frame_id='RL_myo')","geometry_msgs.msg.Quaternion(x=-0.41478054115333785, y=-0.7836032030411573, z=-0.43223599064860785, w=-0.16460610940119957)",[0. 0. 0. 0. 0. 0. 0. 0. 0.],"geometry_msgs.msg.Vector3(x=-0.0625, y=-0.8125, z=3.0625)",[0. 0. 0. 0. 0. 0. 0. 0. 0.],"geometry_msgs.msg.Vector3(x=-0.0859375, y=0.8310546875, z=-0.55078125)",[0. 0. 0. 0. 0. 0. 0. 0. 0.],False,26.046578034,"[-0.41478054115333785, -0.7836032030411573, -0.43223599064860785, -0.16460610940119957]","[-0.0625, -0.8125, 3.0625]","[-0.0859375, 0.8310546875, -0.55078125]"
13206656365,"std_msgs.msg.Header(stamp=builtin_interfaces.msg.Time(sec=1731185790, nanosec=727305304), frame_id='RL_myo')","geometry_msgs.msg.Quaternion(x=-0.4156328772059239, y=-0.783294030258565, z=-0.4314403537398937, w=-0.16600901997064804)",[0. 0. 0. 0. 0. 0. 0. 0. 0.],"geometry_msgs.msg.Vector3(x=-6.0625, y=1.125, z=3.125)",[0. 0. 0. 0. 0. 0. 0. 0. 0.],"geometry_msgs.msg.Vector3(x=-0.06201171875, y=0.82861328125, z=-0.5712890625)",[0. 0. 0. 0. 0. 0. 0. 0. 0.],False,26.067487129,"[-0.4156328772059239, -0.783294030258565, -0.4314403537398937, -0.16600901997064804]","[-6.0625, 1.125, 3.125]","[-0.06201171875, 0.82861328125, -0.5712890625]"
13223141723,"std_msgs.msg.Header(stamp=builtin_interfaces.msg.Time(sec=1731185790, nanosec=743733033), frame_id='RL_myo')","geometry_msgs.msg.Quaternion(x=-0.41532759444014755, y=-0.7836600018532689, z=-0.43095196830887317, w=-0.16631413590733315)",[0. 0. 0. 0. 0. 0. 0. 0. 0.],"geometry_msgs.msg.Vector3(x=-2.8125, y=-1.25, z=2.0)",[0. 0. 0. 0. 0. 0. 0. 0. 0.],"geometry_msgs.msg.Vector3(x=-0.06005859375, y=0.765625, z=-0.646484375)",[0. 0. 0. 0. 0. 0. 0. 0. 0.],False,26.083972487,"[-0.41532759444014755, -0.7836600018532689, -0.43095196830887317, -0.16631413590733315]","[-2.8125, -1.25, 2.0]","[-0.06005859375, 0.765625, -0.646484375]"
13245694663,"std_msgs.msg.Header(stamp=builtin_interfaces.msg.Time(sec=1731185790, nanosec=766299799), frame_id='RL_myo')","geometry_msgs.msg.Quaternion(x=-0.41622736389639736, y=-0.7835693731768102, z=-0.4302033267017163, w=-0.16642991515329555)",[0. 0. 0. 0. 0. 0. 0. 0. 0.],"geometry_msgs.msg.Vector3(x=-11.1875, y=-8.0, z=-2.375)",[0. 0. 0. 0. 0. 0. 0. 0. 0.],"geometry_msgs.msg.Vector3(x=-0.0126953125, y=0.85400390625, z=-0.74853515625)",[0. 0. 0. 0. 0. 0. 0. 0. 0.],False,26.106525427,"[-0.41622736389639736, -0.7835693731768102, -0.4302033267017163, -0.16642991515329555]","[-11.1875, -8.0, -2.375]","[-0.0126953125, 0.85400390625, -0.74853515625]"
13266717165,"std_msgs.msg.Header(stamp=builtin_interfaces.msg.Time(sec=1731185790, nanosec=787352865), frame_id='RL_myo')","geometry_msgs.msg.Quaternion(x=-0.4228988869884891, y=-0.7800650417953354, z=-0.4289411715622891, w=-0.16930603442142717)",[0. 0. 0. 0. 0. 0. 0. 0. 0.],"geometry_msgs.msg.Vector3(x=-46.0, y=-9.0, z=-10.0625)",[0. 0. 0. 0. 0. 0. 0. 0. 0.],"geometry_msgs.msg.Vector3(x=0.00146484375, y=1.0537109375, z=-0.755859375)",[0. 0. 0. 0. 0. 0. 0. 0. 0.],False,26.127547929,"[-0.4228988869884891, -0.7800650417953354, -0.4289411715622891, -0.16930603442142717]","[-46.0, -9.0, -10.0625]","[0.00146484375, 1.0537109375, -0.755859375]"
13283497439,"std_msgs.msg.Header(stamp=builtin_interfaces.msg.Time(sec=1731185790, nanosec=803968953), frame_id='RL_myo')","geometry_msgs.msg.Quaternion(x=-0.43288698201947573, y=-0.7737404706108718, z=-0.4278825082389038, w=-0.17564482366446513)",[0. 0. 0. 0. 0. 0. 0. 0. 0.],"geometry_msgs.msg.Vector3(x=-84.6875, y=-1.0625, z=-15.75)",[0. 0. 0. 0. 0. 0. 0. 0. 0.],"geometry_msgs.msg.Vector3(x=0.0732421875, y=0.9443359375, z=-0.7861328125)",[0. 0. 0. 0. 0. 0. 0. 0. 0.],False,26.144328203,"[-0.43288698201947573, -0.7737404706108718, -0.4278825082389038, -0.17564482366446513]","[-84.6875, -1.0625, -15.75]","[0.0732421875, 0.9443359375, -0.7861328125]"
13305622792,"std_msgs.msg.Header(stamp=builtin_interfaces.msg.Time(sec=1731185790, nanosec=826275486), frame_id='RL_myo')","geometry_msgs.msg.Quaternion(x=-0.44795544118280356, y=-0.7637213066705182, z=-0.4265951681018797, w=-0.18461378877084206)",[0. 0. 0. 0. 0. 0. 0. 0. 0.],"geometry_msgs.msg.Vector3(x=-120.375, y=7.0, z=-14.875)",[0. 0. 0. 0. 0. 0. 0. 0. 0.],"geometry_msgs.msg.Vector3(x=0.115234375, y=0.783203125, z=-0.8671875)",[0. 0. 0. 0. 0. 0. 0. 0. 0.],False,26.166453556,"[-0.44795544118280356, -0.7637213066705182, -0.4265951681018797, -0.18461378877084206]","[-120.375, 7.0, -14.875]","[0.115234375, 0.783203125, -0.8671875]"
13326616136,"std_msgs.msg.Header(stamp=builtin_interfaces.msg.Time(sec=1731185790, nanosec=847352977), frame_id='RL_myo')","geometry_msgs.msg.Quaternion(x=-0.46328882017653195, y=-0.7527604147091747, z=-0.42654795998073797, w=-0.19176043643718396)",[0. 0. 0. 0. 0. 0. 0. 0. 0.],"geometry_msgs.msg.Vector3(x=-119.125, y=2.25, z=-28.1875)",[0. 0. 0. 0. 0. 0. 0. 0. 0.],"geometry_msgs.msg.Vector3(x=0.15771484375, y=0.77783203125, z=-0.8759765625)",[0. 0. 0. 0. 0. 0. 0. 0. 0.],False,26.1874469,"[-0.46328882017653195, -0.7527604147091747, -0.42654795998073797, -0.19176043643718396]","[-119.125, 2.25, -28.1875]","[0.15771484375, 0.77783203125, -0.8759765625]"
13343221239,"std_msgs.msg.Header(stamp=builtin_interfaces.msg.Time(sec=1731185790, nanosec=863840518), frame_id='RL_myo')","geometry_msgs.msg.Quaternion(x=-0.47856198897391206, y=-0.7391741166258193, z=-0.4304677602643798, w=-0.19823611021390977)",[0. 0. 0. 0. 0. 0. 0. 0. 0.],"geometry_msgs.msg.Vector3(x=-120.25, y=12.0625, z=-55.625)",[0. 0. 0. 0. 0. 0. 0. 0. 0.],"geometry_msgs.msg.Vector3(x=0.28759765625, y=0.72998046875, z=-0.81298828125)",[0. 0. 0. 0. 0. 0. 0. 0. 0.],False,26.204052003,"[-0.47856198897391206, -0.7391741166258193, -0.4304677602643798, -0.19823611021390977]","[-120.25, 12.0625, -55.625]","[0.28759765625, 0.72998046875, -0.81298828125]"
13365629205,"std_msgs.msg.Header(stamp=builtin_interfaces.msg.Time(sec=1731185790, nanosec=886286685), frame_id='RL_myo')","geometry_msgs.msg.Quaternion(x=-0.49124042332707346, y=-0.7235863410319024, z=-0.4386925286215684, w=-0.20652970462651465)",[0. 0. 0. 0. 0. 0. 0. 0. 0.],"geometry_msgs.msg.Vector3(x=-113.5625, y=39.25, z=-72.375)",[0. 0. 0. 0. 0. 0. 0. 0. 0.],"geometry_msgs.msg.Vector3(x=0.39306640625, y=0.67724609375, z=-0.7021484375)",[0. 0. 0. 0. 0. 0. 0. 0. 0.],False,26.226459969,"[-0.49124042332707346, -0.7235863410319024, -0.4386925286215684, -0.20652970462651465]","[-113.5625, 39.25, -72.375]","[0.39306640625, 0.67724609375, -0.7021484375]"
13388104438,"std_msgs.msg.Header(stamp=builtin_interfaces.msg.Time(sec=1731185790, nanosec=908734419), frame_id='RL_myo')","geometry_msgs.msg.Quaternion(x=-0.4954027910138842, y=-0.7102380533483517, z=-0.4492010030629774, w=-0.21990098016792223)",[0. 0. 0. 0. 0. 0. 0. 0. 0.],"geometry_msgs.msg.Vector3(x=-97.75, y=71.0625, z=-78.5625)",[0. 0. 0. 0. 0. 0. 0. 0. 0.],"geometry_msgs.msg.Vector3(x=0.453125, y=0.64892578125, z=-0.634765625)",[0. 0. 0. 0. 0. 0. 0. 0. 0.],False,26.248935202,"[-0.4954027910138842, -0.7102380533483517, -0.4492010030629774, -0.21990098016792223]","[-97.75, 71.0625, -78.5625]","[0.453125, 0.64892578125, -0.634765625]"
13403083588,"std_msgs.msg.Header(stamp=builtin_interfaces.msg.Time(sec=1731185790, nanosec=923704373), frame_id='RL_myo')","geometry_msgs.msg.Quaternion(x=-0.49520699072298585, y=-0.6966709143582553, z=-0.4630435591095999, w=-0.234542822941636)",[0. 0. 0. 0. 0. 0. 0. 0. 0.],"geometry_msgs.msg.Vector3(x=-71.1875, y=96.9375, z=-89.1875)",[0. 0. 0. 0. 0. 0. 0. 0. 0.],"geometry_msgs.msg.Vector3(x=0.52783203125, y=0.71923828125, z=-0.50341796875)",[0. 0. 0. 0. 0. 0. 0. 0. 0.],False,26.263914352,"[-0.49520699072298585, -0.6966709143582553, -0.4630435591095999, -0.234542822941636]","[-71.1875, 96.9375, -89.1875]","[0.52783203125, 0.71923828125, -0.50341796875]"
13433144301,"std_msgs.msg.Header(stamp=builtin_interfaces.msg.Time(sec=1731185790, nanosec=953782610), frame_id='RL_myo')","geometry_msgs.msg.Quaternion(x=-0.49307752691842766, y=-0.6807509265067635, z=-0.48386169493864273, w=-0.24357871146570675)",[0. 0. 0. 0. 0. 0. 0. 0. 0.],"geometry_msgs.msg.Vector3(x=-33.9375, y=117.625, z=-107.0)",[0. 0. 0. 0. 0. 0. 0. 0. 0.],"geometry_msgs.msg.Vector3(x=0.52294921875, y=0.70166015625, z=-0.38525390625)",[0. 0. 0. 0. 0. 0. 0. 0. 0.],False,26.293975065,"[-0.49307752691842766, -0.6807509265067635, -0.48386169493864273, -0.24357871146570675]","[-33.9375, 117.625, -107.0]","[0.52294921875, 0.70166015625, -0.38525390625]"
13455583727,"std_msgs.msg.Header(stamp=builtin_interfaces.msg.Time(sec=1731185790, nanosec=976399454), frame_id='RL_myo')","geometry_msgs.msg.Quaternion(x=-0.48836439068211157, y=-0.6640705992267003, z=-0.5080771747598825, w=-0.24973595184593858)",[0. 0. 0. 0. 0. 0. 0. 0. 0.],"geometry_msgs.msg.Vector3(x=-12.0625, y=125.375, z=-124.5)",[0. 0. 0. 0. 0. 0. 0. 0. 0.],"geometry_msgs.msg.Vector3(x=0.38037109375, y=0.7001953125, z=-0.27978515625)",[0. 0. 0. 0. 0. 0. 0. 0. 0.],False,26.316414491,"[-0.48836439068211157, -0.6640705992267003, -0.5080771747598825, -0.24973595184593858]","[-12.0625, 125.375, -124.5]","[0.38037109375, 0.7001953125, -0.27978515625]"
13462265514,"std_msgs.msg.Header(stamp=builtin_interfaces.msg.Time(sec=1731185790, nanosec=982972296), frame_id='RL_myo')","geometry_msgs.msg.Quaternion(x=-0.4844200655642527, y=-0.6457916988453267, z=-0.5319648849008475, w=-0.25554577479117124)",[0. 0. 0. 0. 0. 0. 0. 0. 0.],"geometry_msgs.msg.Vector3(x=-17.125, y=124.625, z=-127.8125)",[0. 0. 0. 0. 0. 0. 0. 0. 0.],"geometry_msgs.msg.Vector3(x=0.1904296875, y=0.71044921875, z=-0.197265625)",[0. 0. 0. 0. 0. 0. 0. 0. 0.],False,26.323096278,"[-0.4844200655642527, -0.6457916988453267, -0.5319648849008475, -0.25554577479117124]","[-17.125, 124.625, -127.8125]","[0.1904296875, 0.71044921875, -0.197265625]"
13485620645,"std_msgs.msg.Header(stamp=builtin_interfaces.msg.Time(sec=1731185791, nanosec=6338629), frame_id='RL_myo')","geometry_msgs.msg.Quaternion(x=-0.482949064469049, y=-0.6261920133264809, z=-0.5525869871986313, w=-0.26323256856502064)",[0. 0. 0. 0. 0. 0. 0. 0. 0.],"geometry_msgs.msg.Vector3(x=-40.25, y=118.125, z=-115.1875)",[0. 0. 0. 0. 0. 0. 0. 0. 0.],"geometry_msgs.msg.Vector3(x=0.017578125, y=0.6572265625, z=-0.1494140625)",[0. 0. 0. 0. 0. 0. 0. 0. 0.],False,26.346451409,"[-0.482949064469049, -0.6261920133264809, -0.5525869871986313, -0.26323256856502064]","[-40.25, 118.125, -115.1875]","[0.017578125, 0.6572265625, -0.1494140625]"
13506672125,"std_msgs.msg.Header(stamp=builtin_interfaces.msg.Time(sec=1731185791, nanosec=27381136), frame_id='RL_myo')","geometry_msgs.msg.Quaternion(x=-0.4832439300412582, y=-0.6066487325852622, z=-0.5698470036366794, w=-0.27152718423257866)",[0. 0. 0. 0. 0. 0. 0. 0. 0.],"geometry_msgs.msg.Vector3(x=-53.0, y=106.5, z=-101.25)",[0. 0. 0. 0. 0. 0. 0. 0. 0.],"geometry_msgs.msg.Vector3(x=-0.1416015625, y=0.56884765625, z=-0.10595703125)",[0. 0. 0. 0. 0. 0. 0. 0. 0.],False,26.367502889,"[-0.4832439300412582, -0.6066487325852622, -0.5698470036366794, -0.27152718423257866]","[-53.0, 106.5, -101.25]","[-0.1416015625, 0.56884765625, -0.10595703125]"
13522423949,"std_msgs.msg.Header(stamp=builtin_interfaces.msg.Time(sec=1731185791, nanosec=43032419), frame_id='RL_myo')","geometry_msgs.msg.Quaternion(x=-0.4881859711578343, y=-0.5868118655685182, z=-0.5827838278017452, w=-0.27872800728563935)",[0. 0. 0. 0. 0. 0. 0. 0. 0.],"geometry_msgs.msg.Vector3(x=-67.625, y=78.75, z=-95.3125)",[0. 0. 0. 0. 0. 0. 0. 0. 0.],"geometry_msgs.msg.Vector3(x=-0.18994140625, y=0.564453125, z=-0.103515625)",[0. 0. 0. 0. 0. 0. 0. 0. 0.],False,26.383254713,"[-0.4881859711578343, -0.5868118655685182, -0.5827838278017452, -0.27872800728563935]","[-67.625, 78.75, -95.3125]","[-0.18994140625, 0.564453125, -0.103515625]"
13545635834,"std_msgs.msg.Header(stamp=builtin_interfaces.msg.Time(sec=1731185791, nanosec=66300931), frame_id='RL_myo')","geometry_msgs.msg.Quaternion(x=-0.49683500456822594, y=-0.5670180601207944, z=-0.5922839601197191, w=-0.28433291810384037)",[0. 0. 0. 0. 0. 0. 0. 0. 0.],"geometry_msgs.msg.Vector3(x=-78.875, y=51.375, z=-94.625)",[0. 0. 0. 0. 0. 0. 0. 0. 0.],"geometry_msgs.msg.Vector3(x=-0.2001953125, y=0.5771484375, z=-0.07666015625)",[0. 0. 0. 0. 0. 0. 0. 0. 0.],False,26.406466598,"[-0.49683500456822594, -0.5670180601207944, -0.5922839601197191, -0.28433291810384037]","[-78.875, 51.375, -94.625]","[-0.2001953125, 0.5771484375, -0.07666015625]"
13568163725,"std_msgs.msg.Header(stamp=builtin_interfaces.msg.Time(sec=1731185791, nanosec=88756582), frame_id='RL_myo')","geometry_msgs.msg.Quaternion(x=-0.5069870234035943, y=-0.5488544963847988, z=-0.5993884142105091, w=-0.2871522746014098)",[0. 0. 0. 0. 0. 0. 0. 0. 0.],"geometry_msgs.msg.Vector3(x=-69.5, y=32.6875, z=-82.0625)",[0. 0. 0. 0. 0. 0. 0. 0. 0.],"geometry_msgs.msg.Vector3(x=-0.36279296875, y=0.5595703125, z=0.01171875)",[0. 0. 0. 0. 0. 0. 0. 0. 0.],False,26.428994489,"[-0.5069870234035943, -0.5488544963847988, -0.5993884142105091, -0.2871522746014098]","[-69.5, 32.6875, -82.0625]","[-0.36279296875, 0.5595703125, 0.01171875]"
13582416768,"std_msgs.msg.Header(stamp=builtin_interfaces.msg.Time(sec=1731185791, nanosec=103062809), frame_id='RL_myo')","geometry_msgs.msg.Quaternion(x=-0.5184720030749155, y=-0.5342794484894421, z=-0.6019035779075711, w=-0.28886733261372277)",[0. 0. 0. 0. 0. 0. 0. 0. 0.],"geometry_msgs.msg.Vector3(x=-64.5625, y=10.125, z=-50.125)",[0. 0. 0. 0. 0. 0. 0. 0. 0.],"geometry_msgs.msg.Vector3(x=-0.54248046875, y=0.55224609375, z=0.064453125)",[0. 0. 0. 0. 0. 0. 0. 0. 0.],False,26.443247532,"[-0.5184720030749155, -0.5342794484894421, -0.6019035779075711, -0.28886733261372277]","[-64.5625, 10.125, -50.125]","[-0.54248046875, 0.55224609375, 0.064453125]"
13605435065,"std_msgs.msg.Header(stamp=builtin_interfaces.msg.Time(sec=1731185791, nanosec=126176128), frame_id='RL_myo')","geometry_msgs.msg.Quaternion(x=-0.5350004815654488, y=-0.5215125615989915, z=-0.5965200441273895, w=-0.29319442316226507)",[0. 0. 0. 0. 0. 0. 0. 0. 0.],"geometry_msgs.msg.Vector3(x=-93.4375, y=-25.0, z=-18.5)",[0. 0. 0. 0. 0. 0. 0. 0. 0.],"geometry_msgs.msg.Vector3(x=-0.5947265625, y=0.6123046875, z=0.12353515625)",[0. 0. 0. 0. 0. 0. 0. 0. 0.],False,26.466265829,"[-0.5350004815654488, -0.5215125615989915, -0.5965200441273895, -0.29319442316226507]","[-93.4375, -25.0, -18.5]","[-0.5947265625, 0.6123046875, 0.12353515625]"
13627948865,"std_msgs.msg.Header(stamp=builtin_interfaces.msg.Time(sec=1731185791, nanosec=148664684), frame_id='RL_myo')","geometry_msgs.msg.Quaternion(x=-0.5544642646000951, y=-0.5104611017187888, z=-0.5830266504925381, w=-0.3034448347376635)",[0. 0. 0. 0. 0. 0. 0. 0. 0.],"geometry_msgs.msg.Vector3(x=-146.1875, y=-55.75, z=7.0625)",[0. 0. 0. 0. 0. 0. 0. 0. 0.],"geometry_msgs.msg.Vector3(x=-0.6484375, y=0.7373046875, z=0.07568359375)",[0. 0. 0. 0. 0. 0. 0. 0. 0.],False,26.488779629,"[-0.5544642646000951, -0.5104611017187888, -0.5830266504925381, -0.3034448347376635]","[-146.1875, -55.75, 7.0625]","[-0.6484375, 0.7373046875, 0.07568359375]"
13642220567,"std_msgs.msg.Header(stamp=builtin_interfaces.msg.Time(sec=1731185791, nanosec=163029826), frame_id='RL_myo')","geometry_msgs.msg.Quaternion(x=-0.5744751542051836, y=-0.5036193532881308, z=-0.5620860692903157, w=-0.3168676299408598)",[0. 0. 0. 0. 0. 0. 0. 0. 0.],"geometry_msgs.msg.Vector3(x=-158.375, y=-79.5625, z=54.375)",[0. 0. 0. 0. 0. 0. 0. 0. 0.],"geometry_msgs.msg.Vector3(x=-0.78173828125, y=0.80517578125, z=0.09814453125)",[0. 0. 0. 0. 0. 0. 0. 0. 0.],False,26.503051331,"[-0.5744751542051836, -0.5036193532881308, -0.5620860692903157, -0.3168676299408598]","[-158.375, -79.5625, 54.375]","[-0.78173828125, 0.80517578125, 0.09814453125]"
13673159145,"std_msgs.msg.Header(stamp=builtin_interfaces.msg.Time(sec=1731185791, nanosec=193756187), frame_id='RL_myo')","geometry_msgs.msg.Quaternion(x=-0.5994658519861614, y=-0.49693045885474707, z=-0.5318413188971096, w=-0.33293486281658624)",[0. 0. 0. 0. 0. 0. 0. 0. 0.],"geometry_msgs.msg.Vector3(x=-199.0, y=-120.5625, z=80.5625)",[0. 0. 0. 0. 0. 0. 0. 0. 0.],"geometry_msgs.msg.Vector3(x=-0.71435546875, y=0.86083984375, z=0.080078125)",[0. 0. 0. 0. 0. 0. 0. 0. 0.],False,26.533989909,"[-0.5994658519861614, -0.49693045885474707, -0.5318413188971096, -0.33293486281658624]","[-199.0, -120.5625, 80.5625]","[-0.71435546875, 0.86083984375, 0.080078125]"
13688044635,"std_msgs.msg.Header(stamp=builtin_interfaces.msg.Time(sec=1731185791, nanosec=208761529), frame_id='RL_myo')","geometry_msgs.msg.Quaternion(x=-0.6340001701847513, y=-0.481908485153908, z=-0.49667822342736867, w=-0.34513582618355493)",[0. 0. 0. 0. 0. 0. 0. 0. 0.],"geometry_msgs.msg.Vector3(x=-252.625, y=-162.0625, z=36.5)",[0. 0. 0. 0. 0. 0. 0. 0. 0.],"geometry_msgs.msg.Vector3(x=-0.61376953125, y=0.7978515625, z=0.15283203125)",[0. 0. 0. 0. 0. 0. 0. 0. 0.],False,26.548875399,"[-0.6340001701847513, -0.481908485153908, -0.49667822342736867, -0.34513582618355493]","[-252.625, -162.0625, 36.5]","[-0.61376953125, 0.7978515625, 0.15283203125]"
13702486171,"std_msgs.msg.Header(stamp=builtin_interfaces.msg.Time(sec=1731185791, nanosec=223005690), frame_id='RL_myo')","geometry_msgs.msg.Quaternion(x=-0.6675654147818783, y=-0.4695173464908566, z=-0.46176631269333435, w=-0.347392790358242)",[0. 0. 0. 0. 0. 0. 0. 0. 0.],"geometry_msgs.msg.Vector3(x=-213.3125, y=-193.6875, z=21.3125)",[0. 0. 0. 0. 0. 0. 0. 0. 0.],"geometry_msgs.msg.Vector3(x=-1.3544921875, y=0.71044921875, z=0.15673828125)",[0. 0. 0. 0. 0. 0. 0. 0. 0.],False,26.563316935,"[-0.6675654147818783, -0.4695173464908566, -0.46176631269333435, -0.347392790358242]","[-213.3125, -193.6875, 21.3125]","[-1.3544921875, 0.71044921875, 0.15673828125]"
13725760047,"std_msgs.msg.Header(stamp=builtin_interfaces.msg.Time(sec=1731185791, nanosec=246326609), frame_id='RL_myo')","geometry_msgs.msg.Quaternion(x=-0.6917951557888307, y=-0.4729352150161137, z=-0.42185162036280527, w=-0.34611118910264305)",[0. 0. 0. 0. 0. 0. 0. 0. 0.],"geometry_msgs.msg.Vector3(x=-122.5, y=-226.625, z=70.25)",[0. 0. 0. 0. 0. 0. 0. 0. 0.],"geometry_msgs.msg.Vector3(x=-0.57470703125, y=0.6875, z=0.51806640625)",[0. 0. 0. 0. 0. 0. 0. 0. 0.],False,26.586590811,"[-0.6917951557888307, -0.4729352150161137, -0.42185162036280527, -0.34611118910264305]","[-122.5, -226.625, 70.25]","[-0.57470703125, 0.6875, 0.51806640625]"
13748043768,"std_msgs.msg.Header(stamp=builtin_interfaces.msg.Time(sec=1731185791, nanosec=268708653), frame_id='RL_myo')","geometry_msgs.msg.Quaternion(x=-0.7153528555723206, y=-0.4737892857100866, z=-0.37473479508694213, w=-0.351237580737028)",[0. 0. 0. 0. 0. 0. 0. 0. 0.],"geometry_msgs.msg.Vector3(x=-162.875, y=-232.3125, z=108.0)",[0. 0. 0. 0. 0. 0. 0. 0. 0.],"geometry_msgs.msg.Vector3(x=-0.50634765625, y=1.0224609375, z=0.525390625)",[0. 0. 0. 0. 0. 0. 0. 0. 0.],False,26.608874532,"[-0.7153528555723206, -0.4737892857100866, -0.37473479508694213, -0.351237580737028]","[-162.875, -232.3125, 108.0]","[-0.50634765625, 1.0224609375, 0.525390625]"
13748043768,"std_msgs.msg.Header(stamp=builtin_interfaces.msg.Time(sec=1731185797, nanosec=6874649), frame_id='RL_myo')","geometry_msgs.msg.Quaternion(x=-0.7082701454207648, y=-0.5494662748145753, z=0.04351543418224949, w=-0.44107439387814457)",[0. 0. 0. 0. 0. 0. 0. 0. 0.],"geometry_msgs.msg.Vector3(x=95.0625, y=83.625, z=-63.0)",[0. 0. 0. 0. 0. 0. 0. 0. 0.],"geometry_msgs.msg.Vector3(x=0.923828125, y=1.28125, z=0.61669921875)",[0. 0. 0. 0. 0. 0. 0. 0. 0.],False,32.347023052,"[-0.7082701454207648, -0.5494662748145753, 0.04351543418224949, -0.44107439387814457]","[95.0625, 83.625, -63.0]","[0.923828125, 1.28125, 0.61669921875]"
13750189395,"std_msgs.msg.Header(stamp=builtin_interfaces.msg.Time(sec=1731185797, nanosec=9158061), frame_id='RL_myo')","geometry_msgs.msg.Quaternion(x=-0.7085134808689867, y=-0.5508083525577229, z=0.013426907209163329, w=-0.4409518390282048)",[0. 0. 0. 0. 0. 0. 0. 0. 0.],"geometry_msgs.msg.Vector3(x=77.3125, y=118.3125, z=-91.9375)",[0. 0. 0. 0. 0. 0. 0. 0. 0.],"geometry_msgs.msg.Vector3(x=0.7041015625, y=1.55859375, z=0.5625)",[0. 0. 0. 0. 0. 0. 0. 0. 0.],False,32.349168679,"[-0.7085134808689867, -0.5508083525577229, 0.013426907209163329, -0.4409518390282048]","[77.3125, 118.3125, -91.9375]","[0.7041015625, 1.55859375, 0.5625]"
13762542922,"std_msgs.msg.Header(stamp=builtin_interfaces.msg.Time(sec=1731185797, nanosec=21358094), frame_id='RL_myo')","geometry_msgs.msg.Quaternion(x=-0.7137602335112677, y=-0.5461684762456037, z=-0.019591024793254978, w=-0.4380211368884454)",[0. 0. 0. 0. 0. 0. 0. 0. 0.],"geometry_msgs.msg.Vector3(x=42.9375, y=136.4375, z=-122.0)",[0. 0. 0. 0. 0. 0. 0. 0. 0.],"geometry_msgs.msg.Vector3(x=0.40869140625, y=1.61669921875, z=0.44482421875)",[0. 0. 0. 0. 0. 0. 0. 0. 0.],False,32.361522206,"[-0.7137602335112677, -0.5461684762456037, -0.019591024793254978, -0.4380211368884454]","[42.9375, 136.4375, -122.0]","[0.40869140625, 1.61669921875, 0.44482421875]"
13785074346,"std_msgs.msg.Header(stamp=builtin_interfaces.msg.Time(sec=1731185797, nanosec=43879117), frame_id='RL_myo')","geometry_msgs.msg.Quaternion(x=-0.727622705568699, y=-0.5325646476088297, z=-0.052914685935921996, w=-0.42911552112510676)",[0. 0. 0. 0. 0. 0. 0. 0. 0.],"geometry_msgs.msg.Vector3(x=-20.3125, y=140.0625, z=-169.8125)",[0. 0. 0. 0. 0. 0. 0. 0. 0.],"geometry_msgs.msg.Vector3(x=0.14892578125, y=1.4306640625, z=0.32861328125)",[0. 0. 0. 0. 0. 0. 0. 0. 0.],False,32.38405363,"[-0.727622705568699, -0.5325646476088297, -0.052914685935921996, -0.42911552112510676]","[-20.3125, 140.0625, -169.8125]","[0.14892578125, 1.4306640625, 0.32861328125]"
13805952318,"std_msgs.msg.Header(stamp=builtin_interfaces.msg.Time(sec=1731185797, nanosec=64873613), frame_id='RL_myo')","geometry_msgs.msg.Quaternion(x=-0.7445163724044307, y=-0.5146128413897991, z=-0.0895934121394954, w=-0.4157427271759146)",[0. 0. 0. 0. 0. 0. 0. 0. 0.],"geometry_msgs.msg.Vector3(x=-36.125, y=150.3125, z=-209.9375)",[0. 0. 0. 0. 0. 0. 0. 0. 0.],"geometry_msgs.msg.Vector3(x=0.0830078125, y=1.20458984375, z=0.376953125)",[0. 0. 0. 0. 0. 0. 0. 0. 0.],False,32.404931602,"[-0.7445163724044307, -0.5146128413897991, -0.0895934121394954, -0.4157427271759146]","[-36.125, 150.3125, -209.9375]","[0.0830078125, 1.20458984375, 0.376953125]"
13822703416,"std_msgs.msg.Header(stamp=builtin_interfaces.msg.Time(sec=1731185797, nanosec=81461568), frame_id='RL_myo')","geometry_msgs.msg.Quaternion(x=-0.7562424173467598, y=-0.4997266494419554, z=-0.1331709268542192, w=-0.4007944439283489)",[0. 0. 0. 0. 0. 0. 0. 0. 0.],"geometry_msgs.msg.Vector3(x=13.9375, y=170.625, z=-226.6875)",[0. 0. 0. 0. 0. 0. 0. 0. 0.],"geometry_msgs.msg.Vector3(x=0.1044921875, y=0.83447265625, z=0.48095703125)",[0. 0. 0. 0. 0. 0. 0. 0. 0.],False,32.4216827,"[-0.7562424173467598, -0.4997266494419554, -0.1331709268542192, -0.4007944439283489]","[13.9375, 170.625, -226.6875]","[0.1044921875, 0.83447265625, 0.48095703125]"
13850809598,"std_msgs.msg.Header(stamp=builtin_interfaces.msg.Time(sec=1731185797, nanosec=109683820), frame_id='RL_myo')","geometry_msgs.msg.Quaternion(x=-0.7602020687444442, y=-0.49020094863161334, z=-0.18364226275305334, w=-0.3848004209564644)",[0. 0. 0. 0. 0. 0. 0. 0. 0.],"geometry_msgs.msg.Vector3(x=77.0, y=189.5, z=-225.6875)",[0. 0. 0. 0. 0. 0. 0. 0. 0.],"geometry_msgs.msg.Vector3(x=-0.25, y=0.619140625, z=0.40283203125)",[0. 0. 0. 0. 0. 0. 0. 0. 0.],False,32.449788882,"[-0.7602020687444442, -0.49020094863161334, -0.18364226275305334, -0.3848004209564644]","[77.0, 189.5, -225.6875]","[-0.25, 0.619140625, 0.40283203125]"
13865761464,"std_msgs.msg.Header(stamp=builtin_interfaces.msg.Time(sec=1731185797, nanosec=124756298), frame_id='RL_myo')","geometry_msgs.msg.Quaternion(x=-0.7544554742357437, y=-0.4887299334800061, z=-0.24033697278275024, w=-0.36630332926411047)",[0. 0. 0. 0. 0. 0. 0. 0. 0.],"geometry_msgs.msg.Vector3(x=154.125, y=199.8125, z=-219.625)",[0. 0. 0. 0. 0. 0. 0. 0. 0.],"geometry_msgs.msg.Vector3(x=-0.61767578125, y=0.728515625, z=0.29150390625)",[0. 0. 0. 0. 0. 0. 0. 0. 0.],False,32.464740748,"[-0.7544554742357437, -0.4887299334800061, -0.24033697278275024, -0.36630332926411047]","[154.125, 199.8125, -219.625]","[-0.61767578125, 0.728515625, 0.29150390625]"
13882598497,"std_msgs.msg.Header(stamp=builtin_interfaces.msg.Time(sec=1731185797, nanosec=141445047), frame_id='RL_myo')","geometry_msgs.msg.Quaternion(x=-0.7441507106654732, y=-0.4907500914017116, z=-0.29581714874071585, w=-0.3433602803415035)",[0. 0. 0. 0. 0. 0. 0. 0. 0.],"geometry_msgs.msg.Vector3(x=184.9375, y=181.6875, z=-220.3125)",[0. 0. 0. 0. 0. 0. 0. 0. 0.],"geometry_msgs.msg.Vector3(x=-0.73388671875, y=0.8857421875, z=0.25537109375)",[0. 0. 0. 0. 0. 0. 0. 0. 0.],False,32.481577781,"[-0.7441507106654732, -0.4907500914017116, -0.29581714874071585, -0.3433602803415035]","[184.9375, 181.6875, -220.3125]","[-0.73388671875, 0.8857421875, 0.25537109375]"
13905059443,"std_msgs.msg.Header(stamp=builtin_interfaces.msg.Time(sec=1731185797, nanosec=163956762), frame_id='RL_myo')","geometry_msgs.msg.Quaternion(x=-0.7343371659943855, y=-0.48990395872979825, z=-0.3453191227722933, w=-0.3185871016032823)",[0. 0. 0. 0. 0. 0. 0. 0. 0.],"geometry_msgs.msg.Vector3(x=164.625, y=157.125, z=-218.875)",[0. 0. 0. 0. 0. 0. 0. 0. 0.],"geometry_msgs.msg.Vector3(x=-0.71728515625, y=0.9208984375, z=0.3349609375)",[0. 0. 0. 0. 0. 0. 0. 0. 0.],False,32.504038727,"[-0.7343371659943855, -0.48990395872979825, -0.3453191227722933, -0.3185871016032823]","[164.625, 157.125, -218.875]","[-0.71728515625, 0.9208984375, 0.3349609375]"
13926114769,"std_msgs.msg.Header(stamp=builtin_interfaces.msg.Time(sec=1731185797, nanosec=184859593), frame_id='RL_myo')","geometry_msgs.msg.Quaternion(x=-0.7267067163213724, y=-0.48264018750897897, z=-0.39017687389288097, w=-0.29447887009747387)",[0. 0. 0. 0. 0. 0. 0. 0. 0.],"geometry_msgs.msg.Vector3(x=123.1875, y=148.125, z=-219.6875)",[0. 0. 0. 0. 0. 0. 0. 0. 0.],"geometry_msgs.msg.Vector3(x=-0.76708984375, y=0.80908203125, z=0.3408203125)",[0. 0. 0. 0. 0. 0. 0. 0. 0.],False,32.525094053,"[-0.7267067163213724, -0.48264018750897897, -0.39017687389288097, -0.29447887009747387]","[123.1875, 148.125, -219.6875]","[-0.76708984375, 0.80908203125, 0.3408203125]"
13942725638,"std_msgs.msg.Header(stamp=builtin_interfaces.msg.Time(sec=1731185797, nanosec=201457156), frame_id='RL_myo')","geometry_msgs.msg.Quaternion(x=-0.7168262427499703, y=-0.4749546037531093, z=-0.43168258961009276, w=-0.27244890145899253)",[0. 0. 0. 0. 0. 0. 0. 0. 0.],"geometry_msgs.msg.Vector3(x=119.375, y=146.8125, z=-199.75)",[0. 0. 0. 0. 0. 0. 0. 0. 0.],"geometry_msgs.msg.Vector3(x=-0.77783203125, y=0.7470703125, z=0.431640625)",[0. 0. 0. 0. 0. 0. 0. 0. 0.],False,32.541704922,"[-0.7168262427499703, -0.4749546037531093, -0.43168258961009276, -0.27244890145899253]","[119.375, 146.8125, -199.75]","[-0.77783203125, 0.7470703125, 0.431640625]"
13965304633,"std_msgs.msg.Header(stamp=builtin_interfaces.msg.Time(sec=1731185797, nanosec=224014008), frame_id='RL_myo')","geometry_msgs.msg.Quaternion(x=-0.7044881784488638, y=-0.4692722519356592, z=-0.46756336611771165, w=-0.25468501851053527)",[0. 0. 0. 0. 0. 0. 0. 0. 0.],"geometry_msgs.msg.Vector3(x=117.4375, y=140.4375, z=-158.9375)",[0. 0. 0. 0. 0. 0. 0. 0. 0.],"geometry_msgs.msg.Vector3(x=-0.74951171875, y=0.6533203125, z=0.53515625)",[0. 0. 0. 0. 0. 0. 0. 0. 0.],False,32.564283917,"[-0.7044881784488638, -0.4692722519356592, -0.46756336611771165, -0.25468501851053527]","[117.4375, 140.4375, -158.9375]","[-0.74951171875, 0.6533203125, 0.53515625]"
13985957580,"std_msgs.msg.Header(stamp=builtin_interfaces.msg.Time(sec=1731185797, nanosec=244865658), frame_id='RL_myo')","geometry_msgs.msg.Quaternion(x=-0.6921128878518537, y=-0.46476540044019976, z=-0.4958311376462486, w=-0.24315500398604806)",[0. 0. 0. 0. 0. 0. 0. 0. 0.],"geometry_msgs.msg.Vector3(x=95.625, y=126.3125, z=-109.9375)",[0. 0. 0. 0. 0. 0. 0. 0. 0.],"geometry_msgs.msg.Vector3(x=-0.74560546875, y=0.56591796875, z=0.57958984375)",[0. 0. 0. 0. 0. 0. 0. 0. 0.],False,32.584936864,"[-0.6921128878518537, -0.46476540044019976, -0.4958311376462486, -0.24315500398604806]","[95.625, 126.3125, -109.9375]","[-0.74560546875, 0.56591796875, 0.57958984375]"
14002660051,"std_msgs.msg.Header(stamp=builtin_interfaces.msg.Time(sec=1731185797, nanosec=261467750), frame_id='RL_myo')","geometry_msgs.msg.Quaternion(x=-0.679654477097127, y=-0.4632953606002417, z=-0.5170036885317675, w=-0.2369269648070265)",[0. 0. 0. 0. 0. 0. 0. 0. 0.],"geometry_msgs.msg.Vector3(x=82.5, y=108.875, z=-61.5625)",[0. 0. 0. 0. 0. 0. 0. 0. 0.],"geometry_msgs.msg.Vector3(x=-0.70263671875, y=0.5126953125, z=0.5458984375)",[0. 0. 0. 0. 0. 0. 0. 0. 0.],False,32.601639335,"[-0.679654477097127, -0.4632953606002417, -0.5170036885317675, -0.2369269648070265]","[82.5, 108.875, -61.5625]","[-0.70263671875, 0.5126953125, 0.5458984375]"
14024767270,"std_msgs.msg.Header(stamp=builtin_interfaces.msg.Time(sec=1731185797, nanosec=283657853), frame_id='RL_myo')","geometry_msgs.msg.Quaternion(x=-0.6701092884352644, y=-0.4635838028191501, z=-0.5302895817134802, w=-0.2341720710133069)",[0. 0. 0. 0. 0. 0. 0. 0. 0.],"geometry_msgs.msg.Vector3(x=77.125, y=85.3125, z=-10.0625)",[0. 0. 0. 0. 0. 0. 0. 0. 0.],"geometry_msgs.msg.Vector3(x=-0.57861328125, y=0.36767578125, z=0.39794921875)",[0. 0. 0. 0. 0. 0. 0. 0. 0.],False,32.623746554,"[-0.6701092884352644, -0.4635838028191501, -0.5302895817134802, -0.2341720710133069]","[77.125, 85.3125, -10.0625]","[-0.57861328125, 0.36767578125, 0.39794921875]"
14053553615,"std_msgs.msg.Header(stamp=builtin_interfaces.msg.Time(sec=1731185797, nanosec=312409803), frame_id='RL_myo')","geometry_msgs.msg.Quaternion(x=-0.6615273533640362, y=-0.4693371480182155, z=-0.5354349544296235, w=-0.23540095967571617)",[0. 0. 0. 0. 0. 0. 0. 0. 0.],"geometry_msgs.msg.Vector3(x=63.625, y=50.25, z=38.25)",[0. 0. 0. 0. 0. 0. 0. 0. 0.],"geometry_msgs.msg.Vector3(x=-0.51513671875, y=0.3798828125, z=0.25)",[0. 0. 0. 0. 0. 0. 0. 0. 0.],False,32.652532899,"[-0.6615273533640362, -0.4693371480182155, -0.5354349544296235, -0.23540095967571617]","[63.625, 50.25, 38.25]","[-0.51513671875, 0.3798828125, 0.25]"
14062553054,"std_msgs.msg.Header(stamp=builtin_interfaces.msg.Time(sec=1731185797, nanosec=321369580), frame_id='RL_myo')","geometry_msgs.msg.Quaternion(x=-0.6560383622298936, y=-0.48044785444913224, z=-0.5318372209946314, w=-0.23650094461260004)",[0. 0. 0. 0. 0. 0. 0. 0. 0.],"geometry_msgs.msg.Vector3(x=56.25, y=-4.375, z=64.75)",[0. 0. 0. 0. 0. 0. 0. 0. 0.],"geometry_msgs.msg.Vector3(x=-0.484375, y=0.630859375, z=0.1083984375)",[0. 0. 0. 0. 0. 0. 0. 0. 0.],False,32.661532338,"[-0.6560383622298936, -0.48044785444913224, -0.5318372209946314, -0.23650094461260004]","[56.25, -4.375, 64.75]","[-0.484375, 0.630859375, 0.1083984375]"
14085036042,"std_msgs.msg.Header(stamp=builtin_interfaces.msg.Time(sec=1731185797, nanosec=343894708), frame_id='RL_myo')","geometry_msgs.msg.Quaternion(x=-0.6456583647323878, y=-0.503026395890381, z=-0.5275612916860536, w=-0.22752759086136137)",[0. 0. 0. 0. 0. 0. 0. 0. 0.],"geometry_msgs.msg.Vector3(x=134.1875, y=-40.1875, z=62.5)",[0. 0. 0. 0. 0. 0. 0. 0. 0.],"geometry_msgs.msg.Vector3(x=-0.412109375, y=0.57958984375, z=-0.1015625)",[0. 0. 0. 0. 0. 0. 0. 0. 0.],False,32.684015326,"[-0.6456583647323878, -0.503026395890381, -0.5275612916860536, -0.22752759086136137]","[134.1875, -40.1875, 62.5]","[-0.412109375, 0.57958984375, -0.1015625]"
14106081308,"std_msgs.msg.Header(stamp=builtin_interfaces.msg.Time(sec=1731185797, nanosec=364935094), frame_id='RL_myo')","geometry_msgs.msg.Quaternion(x=-0.633632893806331, y=-0.5308552215688179, z=-0.5208459945813166, w=-0.21312329658752727)",[0. 0. 0. 0. 0. 0. 0. 0. 0.],"geometry_msgs.msg.Vector3(x=172.375, y=-66.5, z=64.4375)",[0. 0. 0. 0. 0. 0. 0. 0. 0.],"geometry_msgs.msg.Vector3(x=-0.15966796875, y=0.529296875, z=-0.0859375)",[0. 0. 0. 0. 0. 0. 0. 0. 0.],False,32.705060592,"[-0.633632893806331, -0.5308552215688179, -0.5208459945813166, -0.21312329658752727]","[172.375, -66.5, 64.4375]","[-0.15966796875, 0.529296875, -0.0859375]"
14122654358,"std_msgs.msg.Header(stamp=builtin_interfaces.msg.Time(sec=1731185797, nanosec=381399701), frame_id='RL_myo')","geometry_msgs.msg.Quaternion(x=-0.6204620056335095, y=-0.5601003173026476, z=-0.5089546198089548, w=-0.20562035185710145)",[0. 0. 0. 0. 0. 0. 0. 0. 0.],"geometry_msgs.msg.Vector3(x=155.75, y=-62.9375, z=105.0625)",[0. 0. 0. 0. 0. 0. 0. 0. 0.],"geometry_msgs.msg.Vector3(x=0.1494140625, y=0.7255859375, z=-0.00537109375)",[0. 0. 0. 0. 0. 0. 0. 0. 0.],False,32.721633642,"[-0.6204620056335095, -0.5601003173026476, -0.5089546198089548, -0.20562035185710145]","[155.75, -62.9375, 105.0625]","[0.1494140625, 0.7255859375, -0.00537109375]"
14144979031,"std_msgs.msg.Header(stamp=builtin_interfaces.msg.Time(sec=1731185797, nanosec=403808262), frame_id='RL_myo')","geometry_msgs.msg.Quaternion(x=-0.6057913722757327, y=-0.5877872966338487, z=-0.49502053400447993, w=-0.20610089302590665)",[0. 0. 0. 0. 0. 0. 0. 0. 0.],"geometry_msgs.msg.Vector3(x=129.6875, y=-38.875, z=134.4375)",[0. 0. 0. 0. 0. 0. 0. 0. 0.],"geometry_msgs.msg.Vector3(x=0.32763671875, y=0.765625, z=-0.0283203125)",[0. 0. 0. 0. 0. 0. 0. 0. 0.],False,32.743958315,"[-0.6057913722757327, -0.5877872966338487, -0.49502053400447993, -0.20610089302590665]","[129.6875, -38.875, 134.4375]","[0.32763671875, 0.765625, -0.0283203125]"
14165957149,"std_msgs.msg.Header(stamp=builtin_interfaces.msg.Time(sec=1731185797, nanosec=424897140), frame_id='RL_myo')","geometry_msgs.msg.Quaternion(x=-0.5932147713410183, y=-0.6105473840015995, z=-0.4795152735006564, w=-0.21305686900735543)",[0. 0. 0. 0. 0. 0. 0. 0. 0.],"geometry_msgs.msg.Vector3(x=83.25, y=-23.25, z=147.1875)",[0. 0. 0. 0. 0. 0. 0. 0. 0.],"geometry_msgs.msg.Vector3(x=0.27783203125, y=0.78955078125, z=-0.1845703125)",[0. 0. 0. 0. 0. 0. 0. 0. 0.],False,32.764936433,"[-0.5932147713410183, -0.6105473840015995, -0.4795152735006564, -0.21305686900735543]","[83.25, -23.25, 147.1875]","[0.27783203125, 0.78955078125, -0.1845703125]"
14182486295,"std_msgs.msg.Header(stamp=builtin_interfaces.msg.Time(sec=1731185797, nanosec=441416164), frame_id='RL_myo')","geometry_msgs.msg.Quaternion(x=-0.5817370971943462, y=-0.6301948453240472, z=-0.46455967098650475, w=-0.22050106296298497)",[0. 0. 0. 0. 0. 0. 0. 0. 0.],"geometry_msgs.msg.Vector3(x=66.8125, y=-19.75, z=137.8125)",[0. 0. 0. 0. 0. 0. 0. 0. 0.],"geometry_msgs.msg.Vector3(x=0.26708984375, y=0.7529296875, z=-0.2783203125)",[0. 0. 0. 0. 0. 0. 0. 0. 0.],False,32.781465579,"[-0.5817370971943462, -0.6301948453240472, -0.46455967098650475, -0.22050106296298497]","[66.8125, -19.75, 137.8125]","[0.26708984375, 0.7529296875, -0.2783203125]"
14205034828,"std_msgs.msg.Header(stamp=builtin_interfaces.msg.Time(sec=1731185797, nanosec=463824549), frame_id='RL_myo')","geometry_msgs.msg.Quaternion(x=-0.5707638641726658, y=-0.6465035942238077, z=-0.4522412567920716, w=-0.22746331498840094)",[0. 0. 0. 0. 0. 0. 0. 0. 0.],"geometry_msgs.msg.Vector3(x=59.4375, y=-9.625, z=116.1875)",[0. 0. 0. 0. 0. 0. 0. 0. 0.],"geometry_msgs.msg.Vector3(x=0.36962890625, y=0.73388671875, z=-0.23193359375)",[0. 0. 0. 0. 0. 0. 0. 0. 0.],False,32.804014112,"[-0.5707638641726658, -0.6465035942238077, -0.4522412567920716, -0.22746331498840094]","[59.4375, -9.625, 116.1875]","[0.36962890625, 0.73388671875, -0.23193359375]"
14226038344,"std_msgs.msg.Header(stamp=builtin_interfaces.msg.Time(sec=1731185797, nanosec=485072779), frame_id='RL_myo')","geometry_msgs.msg.Quaternion(x=-0.560822022111967, y=-0.6593274899200761, z=-0.44113848904399794, w=-0.23698682249001715)",[0. 0. 0. 0. 0. 0. 0. 0. 0.],"geometry_msgs.msg.Vector3(x=34.9375, y=-1.0, z=87.3125)",[0. 0. 0. 0. 0. 0. 0. 0. 0.],"geometry_msgs.msg.Vector3(x=0.3173828125, y=0.77490234375, z=-0.28076171875)",[0. 0. 0. 0. 0. 0. 0. 0. 0.],False,32.825017628,"[-0.560822022111967, -0.6593274899200761, -0.44113848904399794, -0.23698682249001715]","[34.9375, -1.0, 87.3125]","[0.3173828125, 0.77490234375, -0.28076171875]"
14242663595,"std_msgs.msg.Header(stamp=builtin_interfaces.msg.Time(sec=1731185797, nanosec=501545297), frame_id='RL_myo')","geometry_msgs.msg.Quaternion(x=-0.5521063716069344, y=-0.6687408261880589, z=-0.4345564189521748, w=-0.24315628835750905)",[0. 0. 0. 0. 0. 0. 0. 0. 0.],"geometry_msgs.msg.Vector3(x=26.1875, y=3.4375, z=60.25)",[0. 0. 0. 0. 0. 0. 0. 0. 0.],"geometry_msgs.msg.Vector3(x=0.17236328125, y=0.79150390625, z=-0.4130859375)",[0. 0. 0. 0. 0. 0. 0. 0. 0.],False,32.841642879,"[-0.5521063716069344, -0.6687408261880589, -0.4345564189521748, -0.24315628835750905]","[26.1875, 3.4375, 60.25]","[0.17236328125, 0.79150390625, -0.4130859375]"
14265061380,"std_msgs.msg.Header(stamp=builtin_interfaces.msg.Time(sec=1731185797, nanosec=523891964), frame_id='RL_myo')","geometry_msgs.msg.Quaternion(x=-0.5445635236091884, y=-0.6757762968647925, z=-0.43056098386897057, w=-0.24777853926407092)",[0. 0. 0. 0. 0. 0. 0. 0. 0.],"geometry_msgs.msg.Vector3(x=22.0625, y=7.6875, z=42.8125)",[0. 0. 0. 0. 0. 0. 0. 0. 0.],"geometry_msgs.msg.Vector3(x=0.10888671875, y=0.837890625, z=-0.43310546875)",[0. 0. 0. 0. 0. 0. 0. 0. 0.],False,32.864040664,"[-0.5445635236091884, -0.6757762968647925, -0.43056098386897057, -0.24777853926407092]","[22.0625, 7.6875, 42.8125]","[0.10888671875, 0.837890625, -0.43310546875]"
14285901149,"std_msgs.msg.Header(stamp=builtin_interfaces.msg.Time(sec=1731185797, nanosec=544624906), frame_id='RL_myo')","geometry_msgs.msg.Quaternion(x=-0.5365107629511481, y=-0.68200520714129, z=-0.4281833139421289, w=-0.25235718402946167)",[0. 0. 0. 0. 0. 0. 0. 0. 0.],"geometry_msgs.msg.Vector3(x=25.75, y=15.8125, z=36.25)",[0. 0. 0. 0. 0. 0. 0. 0. 0.],"geometry_msgs.msg.Vector3(x=0.11083984375, y=0.80908203125, z=-0.40576171875)",[0. 0. 0. 0. 0. 0. 0. 0. 0.],False,32.884880433,"[-0.5365107629511481, -0.68200520714129, -0.4281833139421289, -0.25235718402946167]","[25.75, 15.8125, 36.25]","[0.11083984375, 0.80908203125, -0.40576171875]"
14302399961,"std_msgs.msg.Header(stamp=builtin_interfaces.msg.Time(sec=1731185797, nanosec=561218059), frame_id='RL_myo')","geometry_msgs.msg.Quaternion(x=-0.5292596506497291, y=-0.686536186595803, z=-0.4274601698743892, w=-0.2565737513066722)",[0. 0. 0. 0. 0. 0. 0. 0. 0.],"geometry_msgs.msg.Vector3(x=20.0625, y=21.125, z=28.0625)",[0. 0. 0. 0. 0. 0. 0. 0. 0.],"geometry_msgs.msg.Vector3(x=0.0517578125, y=0.849609375, z=-0.4384765625)",[0. 0. 0. 0. 0. 0. 0. 0. 0.],False,32.901379245,"[-0.5292596506497291, -0.686536186595803, -0.4274601698743892, -0.2565737513066722]","[20.0625, 21.125, 28.0625]","[0.0517578125, 0.849609375, -0.4384765625]"
14324653422,"std_msgs.msg.Header(stamp=builtin_interfaces.msg.Time(sec=1731185797, nanosec=583523667), frame_id='RL_myo')","geometry_msgs.msg.Quaternion(x=-0.5243205663713866, y=-0.6891052863344577, z=-0.4280130522596361, w=-0.2588951044753139)",[0. 0. 0. 0. 0. 0. 0. 0. 0.],"geometry_msgs.msg.Vector3(x=10.1875, y=16.75, z=15.0)",[0. 0. 0. 0. 0. 0. 0. 0. 0.],"geometry_msgs.msg.Vector3(x=-0.044921875, y=0.96728515625, z=-0.5068359375)",[0. 0. 0. 0. 0. 0. 0. 0. 0.],False,32.923632706,"[-0.5243205663713866, -0.6891052863344577, -0.4280130522596361, -0.2588951044753139]","[10.1875, 16.75, 15.0]","[-0.044921875, 0.96728515625, -0.5068359375]"
14346001391,"std_msgs.msg.Header(stamp=builtin_interfaces.msg.Time(sec=1731185797, nanosec=604889058), frame_id='RL_myo')","geometry_msgs.msg.Quaternion(x=-0.5190131544601942, y=-0.6928312946180768, z=-0.42746567895569154, w=-0.26054411528581484)",[0. 0. 0. 0. 0. 0. 0. 0. 0.],"geometry_msgs.msg.Vector3(x=17.4375, y=11.75, z=24.625)",[0. 0. 0. 0. 0. 0. 0. 0. 0.],"geometry_msgs.msg.Vector3(x=-0.091796875, y=0.93212890625, z=-0.466796875)",[0. 0. 0. 0. 0. 0. 0. 0. 0.],False,32.944980675,"[-0.5190131544601942, -0.6928312946180768, -0.42746567895569154, -0.26054411528581484]","[17.4375, 11.75, 24.625]","[-0.091796875, 0.93212890625, -0.466796875]"
14362595407,"std_msgs.msg.Header(stamp=builtin_interfaces.msg.Time(sec=1731185797, nanosec=621396617), frame_id='RL_myo')","geometry_msgs.msg.Quaternion(x=-0.5151562462629682, y=-0.6964770859321161, z=-0.42287852509846063, w=-0.26590875073661324)",[0. 0. 0. 0. 0. 0. 0. 0. 0.],"geometry_msgs.msg.Vector3(x=1.0, y=11.5625, z=50.125)",[0. 0. 0. 0. 0. 0. 0. 0. 0.],"geometry_msgs.msg.Vector3(x=-0.0732421875, y=0.81640625, z=-0.36474609375)",[0. 0. 0. 0. 0. 0. 0. 0. 0.],False,32.961574691,"[-0.5151562462629682, -0.6964770859321161, -0.42287852509846063, -0.26590875073661324]","[1.0, 11.5625, 50.125]","[-0.0732421875, 0.81640625, -0.36474609375]"
14385065186,"std_msgs.msg.Header(stamp=builtin_interfaces.msg.Time(sec=1731185797, nanosec=643789720), frame_id='RL_myo')","geometry_msgs.msg.Quaternion(x=-0.5127752657326554, y=-0.6989782335677341, z=-0.4178123624382003, w=-0.2718892893167079)",[0. 0. 0. 0. 0. 0. 0. 0. 0.],"geometry_msgs.msg.Vector3(x=-5.3125, y=9.5625, z=44.3125)",[0. 0. 0. 0. 0. 0. 0. 0. 0.],"geometry_msgs.msg.Vector3(x=0.0, y=0.9482421875, z=-0.32861328125)",[0. 0. 0. 0. 0. 0. 0. 0. 0.],False,32.98404447,"[-0.5127752657326554, -0.6989782335677341, -0.4178123624382003, -0.2718892893167079]","[-5.3125, 9.5625, 44.3125]","[0.0, 0.9482421875, -0.32861328125]"
14406006293,"std_msgs.msg.Header(stamp=builtin_interfaces.msg.Time(sec=1731185797, nanosec=664854390), frame_id='RL_myo')","geometry_msgs.msg.Quaternion(x=-0.5097791607971267, y=-0.7004962537566647, z=-0.41854010352528376, w=-0.27249658242058794)",[0. 0. 0. 0. 0. 0. 0. 0. 0.],"geometry_msgs.msg.Vector3(x=13.8125, y=9.0625, z=6.625)",[0. 0. 0. 0. 0. 0. 0. 0. 0.],"geometry_msgs.msg.Vector3(x=-0.04296875, y=1.04443359375, z=-0.4013671875)",[0. 0. 0. 0. 0. 0. 0. 0. 0.],False,33.004985577,"[-0.5097791607971267, -0.7004962537566647, -0.41854010352528376, -0.27249658242058794]","[13.8125, 9.0625, 6.625]","[-0.04296875, 1.04443359375, -0.4013671875]"
14421888949,"std_msgs.msg.Header(stamp=builtin_interfaces.msg.Time(sec=1731185797, nanosec=680756921), frame_id='RL_myo')","geometry_msgs.msg.Quaternion(x=-0.5022271552408963, y=-0.7055836847417671, z=-0.4229474037938281, w=-0.2665239988986504)",[0. 0. 0. 0. 0. 0. 0. 0. 0.],"geometry_msgs.msg.Vector3(x=58.5, y=2.0, z=-2.0)",[0. 0. 0. 0. 0. 0. 0. 0. 0.],"geometry_msgs.msg.Vector3(x=-0.1953125, y=1.083984375, z=-0.52783203125)",[0. 0. 0. 0. 0. 0. 0. 0. 0.],False,33.020868233,"[-0.5022271552408963, -0.7055836847417671, -0.4229474037938281, -0.2665239988986504]","[58.5, 2.0, -2.0]","[-0.1953125, 1.083984375, -0.52783203125]"
14444828151,"std_msgs.msg.Header(stamp=builtin_interfaces.msg.Time(sec=1731185797, nanosec=703706136), frame_id='RL_myo')","geometry_msgs.msg.Quaternion(x=-0.500215259892835, y=-0.7071124940359184, z=-0.4242308774420567, w=-0.26420593705174267)",[0. 0. 0. 0. 0. 0. 0. 0. 0.],"geometry_msgs.msg.Vector3(x=37.9375, y=-3.1875, z=-8.375)",[0. 0. 0. 0. 0. 0. 0. 0. 0.],"geometry_msgs.msg.Vector3(x=-0.025390625, y=1.3564453125, z=-0.25634765625)",[0. 0. 0. 0. 0. 0. 0. 0. 0.],False,33.043807435,"[-0.500215259892835, -0.7071124940359184, -0.4242308774420567, -0.26420593705174267]","[37.9375, -3.1875, -8.375]","[-0.025390625, 1.3564453125, -0.25634765625]"
14467489622,"std_msgs.msg.Header(stamp=builtin_interfaces.msg.Time(sec=1731185797, nanosec=726403183), frame_id='RL_myo')","geometry_msgs.msg.Quaternion(x=-0.4977740057180432, y=-0.7072956047408537, z=-0.4252684246987892, w=-0.26664720831070754)",[0. 0. 0. 0. 0. 0. 0. 0. 0.],"geometry_msgs.msg.Vector3(x=9.75, y=16.3125, z=0.4375)",[0. 0. 0. 0. 0. 0. 0. 0. 0.],"geometry_msgs.msg.Vector3(x=0.04541015625, y=1.052734375, z=-0.35009765625)",[0. 0. 0. 0. 0. 0. 0. 0. 0.],False,33.066468906,"[-0.4977740057180432, -0.7072956047408537, -0.4252684246987892, -0.26664720831070754]","[9.75, 16.3125, 0.4375]","[0.04541015625, 1.052734375, -0.35009765625]"
14481800359,"std_msgs.msg.Header(stamp=builtin_interfaces.msg.Time(sec=1731185797, nanosec=740421796), frame_id='RL_myo')","geometry_msgs.msg.Quaternion(x=-0.4975918366206572, y=-0.7061983492625566, z=-0.42252278730832943, w=-0.2741546093585174)",[0. 0. 0. 0. 0. 0. 0. 0. 0.],"geometry_msgs.msg.Vector3(x=-30.0, y=25.4375, z=33.25)",[0. 0. 0. 0. 0. 0. 0. 0. 0.],"geometry_msgs.msg.Vector3(x=-0.083984375, y=1.017578125, z=-0.4609375)",[0. 0. 0. 0. 0. 0. 0. 0. 0.],False,33.080779643,"[-0.4975918366206572, -0.7061983492625566, -0.42252278730832943, -0.2741546093585174]","[-30.0, 25.4375, 33.25]","[-0.083984375, 1.017578125, -0.4609375]"
14504937898,"std_msgs.msg.Header(stamp=builtin_interfaces.msg.Time(sec=1731185797, nanosec=763826765), frame_id='RL_myo')","geometry_msgs.msg.Quaternion(x=-0.4955649323108619, y=-0.7070954810041437, z=-0.4216574036127765, w=-0.27683282425641254)",[0. 0. 0. 0. 0. 0. 0. 0. 0.],"geometry_msgs.msg.Vector3(x=-1.375, y=14.9375, z=24.9375)",[0. 0. 0. 0. 0. 0. 0. 0. 0.],"geometry_msgs.msg.Vector3(x=-0.15576171875, y=0.96484375, z=-0.43408203125)",[0. 0. 0. 0. 0. 0. 0. 0. 0.],False,33.103917182,"[-0.4955649323108619, -0.7070954810041437, -0.4216574036127765, -0.27683282425641254]","[-1.375, 14.9375, 24.9375]","[-0.15576171875, 0.96484375, -0.43408203125]"
14527396675,"std_msgs.msg.Header(stamp=builtin_interfaces.msg.Time(sec=1731185797, nanosec=786271813), frame_id='RL_myo')","geometry_msgs.msg.Quaternion(x=-0.49135829370566597, y=-0.7102144409207347, z=-0.42245461545529994, w=-0.2751264672742693)",[0. 0. 0. 0. 0. 0. 0. 0. 0.],"geometry_msgs.msg.Vector3(x=17.9375, y=4.0, z=16.375)",[0. 0. 0. 0. 0. 0. 0. 0. 0.],"geometry_msgs.msg.Vector3(x=-0.17529296875, y=0.81494140625, z=-0.5244140625)",[0. 0. 0. 0. 0. 0. 0. 0. 0.],False,33.126375959,"[-0.49135829370566597, -0.7102144409207347, -0.42245461545529994, -0.2751264672742693]","[17.9375, 4.0, 16.375]","[-0.17529296875, 0.81494140625, -0.5244140625]"
14541904867,"std_msgs.msg.Header(stamp=builtin_interfaces.msg.Time(sec=1731185797, nanosec=800831162), frame_id='RL_myo')","geometry_msgs.msg.Quaternion(x=-0.4847622023602174, y=-0.7164325183817942, z=-0.4214739732468414, w=-0.2721943122908938)",[0. 0. 0. 0. 0. 0. 0. 0. 0.],"geometry_msgs.msg.Vector3(x=44.8125, y=-6.4375, z=26.5)",[0. 0. 0. 0. 0. 0. 0. 0. 0.],"geometry_msgs.msg.Vector3(x=-0.10107421875, y=0.87646484375, z=-0.43994140625)",[0. 0. 0. 0. 0. 0. 0. 0. 0.],False,33.140884151,"[-0.4847622023602174, -0.7164325183817942, -0.4214739732468414, -0.2721943122908938]","[44.8125, -6.4375, 26.5]","[-0.10107421875, 0.87646484375, -0.43994140625]"
14564883355,"std_msgs.msg.Header(stamp=builtin_interfaces.msg.Time(sec=1731185797, nanosec=823753950), frame_id='RL_myo')","geometry_msgs.msg.Quaternion(x=-0.47812398881289214, y=-0.7223736956330599, z=-0.42020470551145805, w=-0.2701882688887763)",[0. 0. 0. 0. 0. 0. 0. 0. 0.],"geometry_msgs.msg.Vector3(x=49.125, y=-4.375, z=25.9375)",[0. 0. 0. 0. 0. 0. 0. 0. 0.],"geometry_msgs.msg.Vector3(x=-0.03662109375, y=0.935546875, z=-0.3642578125)",[0. 0. 0. 0. 0. 0. 0. 0. 0.],False,33.163862639,"[-0.47812398881289214, -0.7223736956330599, -0.42020470551145805, -0.2701882688887763]","[49.125, -4.375, 25.9375]","[-0.03662109375, 0.935546875, -0.3642578125]"
14587576193,"std_msgs.msg.Header(stamp=builtin_interfaces.msg.Time(sec=1731185797, nanosec=846407887), frame_id='RL_myo')","geometry_msgs.msg.Quaternion(x=-0.4717838682348003, y=-0.7272063117745984, z=-0.42008905110739075, w=-0.2685445045579717)",[0. 0. 0. 0. 0. 0. 0. 0. 0.],"geometry_msgs.msg.Vector3(x=47.75, y=2.5625, z=21.5)",[0. 0. 0. 0. 0. 0. 0. 0. 0.],"geometry_msgs.msg.Vector3(x=-0.06884765625, y=0.9794921875, z=-0.3720703125)",[0. 0. 0. 0. 0. 0. 0. 0. 0.],False,33.186555477,"[-0.4717838682348003, -0.7272063117745984, -0.42008905110739075, -0.2685445045579717]","[47.75, 2.5625, 21.5]","[-0.06884765625, 0.9794921875, -0.3720703125]"
14601857392,"std_msgs.msg.Header(stamp=builtin_interfaces.msg.Time(sec=1731185797, nanosec=860853957), frame_id='RL_myo')","geometry_msgs.msg.Quaternion(x=-0.4668406784329803, y=-0.7308079858225267, z=-0.4199063756855673, w=-0.26769031449954916)",[0. 0. 0. 0. 0. 0. 0. 0. 0.],"geometry_msgs.msg.Vector3(x=35.4375, y=5.6875, z=21.8125)",[0. 0. 0. 0. 0. 0. 0. 0. 0.],"geometry_msgs.msg.Vector3(x=-0.1162109375, y=0.97900390625, z=-0.3984375)",[0. 0. 0. 0. 0. 0. 0. 0. 0.],False,33.200836676,"[-0.4668406784329803, -0.7308079858225267, -0.4199063756855673, -0.26769031449954916]","[35.4375, 5.6875, 21.8125]","[-0.1162109375, 0.97900390625, -0.3984375]"
14624946270,"std_msgs.msg.Header(stamp=builtin_interfaces.msg.Time(sec=1731185797, nanosec=883824405), frame_id='RL_myo')","geometry_msgs.msg.Quaternion(x=-0.46236035548096954, y=-0.7341862561293643, z=-0.41963962569788105, w=-0.26663838346044827)",[0. 0. 0. 0. 0. 0. 0. 0. 0.],"geometry_msgs.msg.Vector3(x=27.8125, y=3.9375, z=21.0)",[0. 0. 0. 0. 0. 0. 0. 0. 0.],"geometry_msgs.msg.Vector3(x=-0.1162109375, y=0.916015625, z=-0.47216796875)",[0. 0. 0. 0. 0. 0. 0. 0. 0.],False,33.223925554,"[-0.46236035548096954, -0.7341862561293643, -0.41963962569788105, -0.26663838346044827]","[27.8125, 3.9375, 21.0]","[-0.1162109375, 0.916015625, -0.47216796875]"
14648990620,"std_msgs.msg.Header(stamp=builtin_interfaces.msg.Time(sec=1731185797, nanosec=907856438), frame_id='RL_myo')","geometry_msgs.msg.Quaternion(x=-0.457247205688314, y=-0.7388460587376842, z=-0.41837020755384313, w=-0.2645710940548373)",[0. 0. 0. 0. 0. 0. 0. 0. 0.],"geometry_msgs.msg.Vector3(x=32.0625, y=-2.4375, z=28.125)",[0. 0. 0. 0. 0. 0. 0. 0. 0.],"geometry_msgs.msg.Vector3(x=-0.1396484375, y=0.859375, z=-0.49609375)",[0. 0. 0. 0. 0. 0. 0. 0. 0.],False,33.247969904,"[-0.457247205688314, -0.7388460587376842, -0.41837020755384313, -0.2645710940548373]","[32.0625, -2.4375, 28.125]","[-0.1396484375, 0.859375, -0.49609375]"
14661780753,"std_msgs.msg.Header(stamp=builtin_interfaces.msg.Time(sec=1731185797, nanosec=920517494), frame_id='RL_myo')","geometry_msgs.msg.Quaternion(x=-0.45127815462072696, y=-0.7451521490079058, z=-0.41587900264885497, w=-0.26103822928223547)",[0. 0. 0. 0. 0. 0. 0. 0. 0.],"geometry_msgs.msg.Vector3(x=44.1875, y=-12.125, z=34.8125)",[0. 0. 0. 0. 0. 0. 0. 0. 0.],"geometry_msgs.msg.Vector3(x=-0.13330078125, y=0.8857421875, z=-0.4921875)",[0. 0. 0. 0. 0. 0. 0. 0. 0.],False,33.260760037,"[-0.45127815462072696, -0.7451521490079058, -0.41587900264885497, -0.26103822928223547]","[44.1875, -12.125, 34.8125]","[-0.13330078125, 0.8857421875, -0.4921875]"
14698528761,"std_msgs.msg.Header(stamp=builtin_interfaces.msg.Time(sec=1731185797, nanosec=957367016), frame_id='RL_myo')","geometry_msgs.msg.Quaternion(x=-0.44613326283033333, y=-0.7512249428424861, z=-0.41323780063258375, w=-0.25663342957613566)",[0. 0. 0. 0. 0. 0. 0. 0. 0.],"geometry_msgs.msg.Vector3(x=44.25, y=-19.5, z=27.4375)",[0. 0. 0. 0. 0. 0. 0. 0. 0.],"geometry_msgs.msg.Vector3(x=-0.06494140625, y=1.0751953125, z=-0.57080078125)",[0. 0. 0. 0. 0. 0. 0. 0. 0.],False,33.297508045,"[-0.44613326283033333, -0.7512249428424861, -0.41323780063258375, -0.25663342957613566]","[44.25, -19.5, 27.4375]","[-0.06494140625, 1.0751953125, -0.57080078125]"
14707666715,"std_msgs.msg.Header(stamp=builtin_interfaces.msg.Time(sec=1731185797, nanosec=966463724), frame_id='RL_myo')","geometry_msgs.msg.Quaternion(x=-0.4430933687350446, y=-0.7547234983164686, z=-0.41276039294147476, w=-0.2523679173167231)",[0. 0. 0. 0. 0. 0. 0. 0. 0.],"geometry_msgs.msg.Vector3(x=33.5625, y=-16.4375, z=6.4375)",[0. 0. 0. 0. 0. 0. 0. 0. 0.],"geometry_msgs.msg.Vector3(x=-0.0224609375, y=1.099609375, z=-0.56884765625)",[0. 0. 0. 0. 0. 0. 0. 0. 0.],False,33.306645999,"[-0.4430933687350446, -0.7547234983164686, -0.41276039294147476, -0.2523679173167231]","[33.5625, -16.4375, 6.4375]","[-0.0224609375, 1.099609375, -0.56884765625]"
14728471118,"std_msgs.msg.Header(stamp=builtin_interfaces.msg.Time(sec=1731185797, nanosec=987345731), frame_id='RL_myo')","geometry_msgs.msg.Quaternion(x=-0.44040727193866486, y=-0.7578959954177301, z=-0.40958608674894403, w=-0.2527337185557111)",[0. 0. 0. 0. 0. 0. 0. 0. 0.],"geometry_msgs.msg.Vector3(x=17.3125, y=-1.4375, z=31.75)",[0. 0. 0. 0. 0. 0. 0. 0. 0.],"geometry_msgs.msg.Vector3(x=-0.0673828125, y=1.09130859375, z=-0.55419921875)",[0. 0. 0. 0. 0. 0. 0. 0. 0.],False,33.327450402,"[-0.44040727193866486, -0.7578959954177301, -0.40958608674894403, -0.2527337185557111]","[17.3125, -1.4375, 31.75]","[-0.0673828125, 1.09130859375, -0.55419921875]"
14744904386,"std_msgs.msg.Header(stamp=builtin_interfaces.msg.Time(sec=1731185798, nanosec=3743748), frame_id='RL_myo')","geometry_msgs.msg.Quaternion(x=-0.4388812524467504, y=-0.7608251554722835, z=-0.4036657771774172, w=-0.2560903539516847)",[0. 0. 0. 0. 0. 0. 0. 0. 0.],"geometry_msgs.msg.Vector3(x=0.4375, y=2.375, z=49.875)",[0. 0. 0. 0. 0. 0. 0. 0. 0.],"geometry_msgs.msg.Vector3(x=-0.06591796875, y=0.95556640625, z=-0.4775390625)",[0. 0. 0. 0. 0. 0. 0. 0. 0.],False,33.34388367,"[-0.4388812524467504, -0.7608251554722835, -0.4036657771774172, -0.2560903539516847]","[0.4375, 2.375, 49.875]","[-0.06591796875, 0.95556640625, -0.4775390625]"
14773244372,"std_msgs.msg.Header(stamp=builtin_interfaces.msg.Time(sec=1731185798, nanosec=32048127), frame_id='RL_myo')","geometry_msgs.msg.Quaternion(x=-0.43642683824030865, y=-0.7644640715701448, z=-0.3979778229849046, w=-0.25834076440654824)",[0. 0. 0. 0. 0. 0. 0. 0. 0.],"geometry_msgs.msg.Vector3(x=11.75, y=3.625, z=20.3125)",[0. 0. 0. 0. 0. 0. 0. 0. 0.],"geometry_msgs.msg.Vector3(x=-0.109375, y=0.8447265625, z=-0.54345703125)",[0. 0. 0. 0. 0. 0. 0. 0. 0.],False,33.372223656,"[-0.43642683824030865, -0.7644640715701448, -0.3979778229849046, -0.25834076440654824]","[11.75, 3.625, 20.3125]","[-0.109375, 0.8447265625, -0.54345703125]"
14795332927,"std_msgs.msg.Header(stamp=builtin_interfaces.msg.Time(sec=1731185798, nanosec=54161692), frame_id='RL_myo')","geometry_msgs.msg.Quaternion(x=-0.42941070315920066, y=-0.7689234578031223, z=-0.3987123541414238, w=-0.2557178576232306)",[0. 0. 0. 0. 0. 0. 0. 0. 0.],"geometry_msgs.msg.Vector3(x=42.75, y=6.125, z=21.625)",[0. 0. 0. 0. 0. 0. 0. 0. 0.],"geometry_msgs.msg.Vector3(x=-0.13427734375, y=0.76220703125, z=-0.54248046875)",[0. 0. 0. 0. 0. 0. 0. 0. 0.],False,33.394312211,"[-0.42941070315920066, -0.7689234578031223, -0.3987123541414238, -0.2557178576232306]","[42.75, 6.125, 21.625]","[-0.13427734375, 0.76220703125, -0.54248046875]"
14810324318,"std_msgs.msg.Header(stamp=builtin_interfaces.msg.Time(sec=1731185798, nanosec=69163700), frame_id='RL_myo')","geometry_msgs.msg.Quaternion(x=-0.42221329740134594, y=-0.7725929649904074, z=-0.4012796227831526, w=-0.2526078112090447)",[0. 0. 0. 0. 0. 0. 0. 0. 0.],"geometry_msgs.msg.Vector3(x=48.375, y=10.0, z=10.5)",[0. 0. 0. 0. 0. 0. 0. 0. 0.],"geometry_msgs.msg.Vector3(x=-0.11962890625, y=0.85400390625, z=-0.56591796875)",[0. 0. 0. 0. 0. 0. 0. 0. 0.],False,33.409303602,"[-0.42221329740134594, -0.7725929649904074, -0.4012796227831526, -0.2526078112090447]","[48.375, 10.0, 10.5]","[-0.11962890625, 0.85400390625, -0.56591796875]"
14832848371,"std_msgs.msg.Header(stamp=builtin_interfaces.msg.Time(sec=1731185798, nanosec=91704389), frame_id='RL_myo')","geometry_msgs.msg.Quaternion(x=-0.4168491522264339, y=-0.7747413086914132, z=-0.40531408783832323, w=-0.24846162499470167)",[0. 0. 0. 0. 0. 0. 0. 0. 0.],"geometry_msgs.msg.Vector3(x=44.1875, y=6.5, z=-5.4375)",[0. 0. 0. 0. 0. 0. 0. 0. 0.],"geometry_msgs.msg.Vector3(x=-0.10791015625, y=1.0244140625, z=-0.64404296875)",[0. 0. 0. 0. 0. 0. 0. 0. 0.],False,33.431827655,"[-0.4168491522264339, -0.7747413086914132, -0.40531408783832323, -0.24846162499470167]","[44.1875, 6.5, -5.4375]","[-0.10791015625, 1.0244140625, -0.64404296875]"
14873356879,"std_msgs.msg.Header(stamp=builtin_interfaces.msg.Time(sec=1731185798, nanosec=132176540), frame_id='RL_myo')","geometry_msgs.msg.Quaternion(x=-0.41892081567183076, y=-0.7713782327034192, z=-0.41519788884257935, w=-0.23893866453310278)",[0. 0. 0. 0. 0. 0. 0. 0. 0.],"geometry_msgs.msg.Vector3(x=-0.3125, y=-8.1875, z=-36.3125)",[0. 0. 0. 0. 0. 0. 0. 0. 0.],"geometry_msgs.msg.Vector3(x=-0.13037109375, y=1.12109375, z=-0.63232421875)",[0. 0. 0. 0. 0. 0. 0. 0. 0.],False,33.472336163,"[-0.41892081567183076, -0.7713782327034192, -0.41519788884257935, -0.23893866453310278]","[-0.3125, -8.1875, -36.3125]","[-0.13037109375, 1.12109375, -0.63232421875]"
14892839103,"std_msgs.msg.Header(stamp=builtin_interfaces.msg.Time(sec=1731185798, nanosec=151705633), frame_id='RL_myo')","geometry_msgs.msg.Quaternion(x=-0.42763990632554616, y=-0.7656261773731949, z=-0.41933977399212613, w=-0.2347228599583346)",[0. 0. 0. 0. 0. 0. 0. 0. 0.],"geometry_msgs.msg.Vector3(x=-27.6875, y=-15.1875, z=-43.625)",[0. 0. 0. 0. 0. 0. 0. 0. 0.],"geometry_msgs.msg.Vector3(x=-0.171875, y=1.09423828125, z=-0.5283203125)",[0. 0. 0. 0. 0. 0. 0. 0. 0.],False,33.491818387,"[-0.42763990632554616, -0.7656261773731949, -0.41933977399212613, -0.2347228599583346]","[-27.6875, -15.1875, -43.625]","[-0.171875, 1.09423828125, -0.5283203125]"
14915269055,"std_msgs.msg.Header(stamp=builtin_interfaces.msg.Time(sec=1731185798, nanosec=174119901), frame_id='RL_myo')","geometry_msgs.msg.Quaternion(x=-0.4391114859011254, y=-0.7581157578684892, z=-0.4239760239826433, w=-0.22953416240085237)",[0. 0. 0. 0. 0. 0. 0. 0. 0.],"geometry_msgs.msg.Vector3(x=-36.4375, y=-20.8125, z=-53.5)",[0. 0. 0. 0. 0. 0. 0. 0. 0.],"geometry_msgs.msg.Vector3(x=-0.24462890625, y=1.12158203125, z=-0.439453125)",[0. 0. 0. 0. 0. 0. 0. 0. 0.],False,33.514248339,"[-0.4391114859011254, -0.7581157578684892, -0.4239760239826433, -0.22953416240085237]","[-36.4375, -20.8125, -53.5]","[-0.24462890625, 1.12158203125, -0.439453125]"
14930282129,"std_msgs.msg.Header(stamp=builtin_interfaces.msg.Time(sec=1731185798, nanosec=189146772), frame_id='RL_myo')","geometry_msgs.msg.Quaternion(x=-0.44962566975883017, y=-0.7505764200752129, z=-0.43009530267279433, w=-0.22246308758937638)",[0. 0. 0. 0. 0. 0. 0. 0. 0.],"geometry_msgs.msg.Vector3(x=-29.0, y=-22.6875, z=-62.9375)",[0. 0. 0. 0. 0. 0. 0. 0. 0.],"geometry_msgs.msg.Vector3(x=-0.287109375, y=1.02734375, z=-0.41943359375)",[0. 0. 0. 0. 0. 0. 0. 0. 0.],False,33.529261413,"[-0.44962566975883017, -0.7505764200752129, -0.43009530267279433, -0.22246308758937638]","[-29.0, -22.6875, -62.9375]","[-0.287109375, 1.02734375, -0.41943359375]"
14952781200,"std_msgs.msg.Header(stamp=builtin_interfaces.msg.Time(sec=1731185798, nanosec=211648503), frame_id='RL_myo')","geometry_msgs.msg.Quaternion(x=-0.4592076526235353, y=-0.7430082353852895, z=-0.43723599460327045, w=-0.21422366569758225)",[0. 0. 0. 0. 0. 0. 0. 0. 0.],"geometry_msgs.msg.Vector3(x=-18.375, y=-23.5625, z=-71.75)",[0. 0. 0. 0. 0. 0. 0. 0. 0.],"geometry_msgs.msg.Vector3(x=-0.27734375, y=1.01806640625, z=-0.35791015625)",[0. 0. 0. 0. 0. 0. 0. 0. 0.],False,33.551760484,"[-0.4592076526235353, -0.7430082353852895, -0.43723599460327045, -0.21422366569758225]","[-18.375, -23.5625, -71.75]","[-0.27734375, 1.01806640625, -0.35791015625]"
14975339638,"std_msgs.msg.Header(stamp=builtin_interfaces.msg.Time(sec=1731185798, nanosec=234210078), frame_id='RL_myo')","geometry_msgs.msg.Quaternion(x=-0.46681386032177186, y=-0.7357093850410459, z=-0.44563665944170194, w=-0.20548598087376205)",[0. 0. 0. 0. 0. 0. 0. 0. 0.],"geometry_msgs.msg.Vector3(x=-9.3125, y=-19.5625, z=-78.0)",[0. 0. 0. 0. 0. 0. 0. 0. 0.],"geometry_msgs.msg.Vector3(x=-0.26171875, y=0.955078125, z=-0.36474609375)",[0. 0. 0. 0. 0. 0. 0. 0. 0.],False,33.574318922,"[-0.46681386032177186, -0.7357093850410459, -0.44563665944170194, -0.20548598087376205]","[-9.3125, -19.5625, -78.0]","[-0.26171875, 0.955078125, -0.36474609375]"
14990367610,"std_msgs.msg.Header(stamp=builtin_interfaces.msg.Time(sec=1731185798, nanosec=249194013), frame_id='RL_myo')","geometry_msgs.msg.Quaternion(x=-0.47145954788836775, y=-0.7303503442822132, z=-0.45284528742157787, w=-0.19810455565639376)",[0. 0. 0. 0. 0. 0. 0. 0. 0.],"geometry_msgs.msg.Vector3(x=-0.625, y=-13.25, z=-63.8125)",[0. 0. 0. 0. 0. 0. 0. 0. 0.],"geometry_msgs.msg.Vector3(x=-0.2236328125, y=0.81689453125, z=-0.3515625)",[0. 0. 0. 0. 0. 0. 0. 0. 0.],False,33.589346894,"[-0.47145954788836775, -0.7303503442822132, -0.45284528742157787, -0.19810455565639376]","[-0.625, -13.25, -63.8125]","[-0.2236328125, 0.81689453125, -0.3515625]"
15012941165,"std_msgs.msg.Header(stamp=builtin_interfaces.msg.Time(sec=1731185798, nanosec=271788508), frame_id='RL_myo')","geometry_msgs.msg.Quaternion(x=-0.47401799162270725, y=-0.726559056298227, z=-0.45876055658914516, w=-0.19224368142288242)",[0. 0. 0. 0. 0. 0. 0. 0. 0.],"geometry_msgs.msg.Vector3(x=4.5625, y=-9.4375, z=-51.25)",[0. 0. 0. 0. 0. 0. 0. 0. 0.],"geometry_msgs.msg.Vector3(x=-0.16845703125, y=0.7607421875, z=-0.35791015625)",[0. 0. 0. 0. 0. 0. 0. 0. 0.],False,33.611920449,"[-0.47401799162270725, -0.726559056298227, -0.45876055658914516, -0.19224368142288242]","[4.5625, -9.4375, -51.25]","[-0.16845703125, 0.7607421875, -0.35791015625]"
15044225457,"std_msgs.msg.Header(stamp=builtin_interfaces.msg.Time(sec=1731185798, nanosec=303060262), frame_id='RL_myo')","geometry_msgs.msg.Quaternion(x=-0.47585790008155193, y=-0.7232161236329858, z=-0.4648113078134025, w=-0.1856559871807209)",[0. 0. 0. 0. 0. 0. 0. 0. 0.],"geometry_msgs.msg.Vector3(x=10.0625, y=-8.5625, z=-48.75)",[0. 0. 0. 0. 0. 0. 0. 0. 0.],"geometry_msgs.msg.Vector3(x=-0.23583984375, y=0.751953125, z=-0.36962890625)",[0. 0. 0. 0. 0. 0. 0. 0. 0.],False,33.643204741,"[-0.47585790008155193, -0.7232161236329858, -0.4648113078134025, -0.1856559871807209]","[10.0625, -8.5625, -48.75]","[-0.23583984375, 0.751953125, -0.36962890625]"
15050315506,"std_msgs.msg.Header(stamp=builtin_interfaces.msg.Time(sec=1731185798, nanosec=309191527), frame_id='RL_myo')","geometry_msgs.msg.Quaternion(x=-0.4770160479294666, y=-0.7212609588575277, z=-0.4692041167453607, w=-0.17912514082305328)",[0. 0. 0. 0. 0. 0. 0. 0. 0.],"geometry_msgs.msg.Vector3(x=12.125, y=-13.8125, z=-38.375)",[0. 0. 0. 0. 0. 0. 0. 0. 0.],"geometry_msgs.msg.Vector3(x=-0.2197265625, y=0.6884765625, z=-0.3837890625)",[0. 0. 0. 0. 0. 0. 0. 0. 0.],False,33.64929479,"[-0.4770160479294666, -0.7212609588575277, -0.4692041167453607, -0.17912514082305328]","[12.125, -13.8125, -38.375]","[-0.2197265625, 0.6884765625, -0.3837890625]"
15072957926,"std_msgs.msg.Header(stamp=builtin_interfaces.msg.Time(sec=1731185798, nanosec=331811121), frame_id='RL_myo')","geometry_msgs.msg.Quaternion(x=-0.4765409320479745, y=-0.7208536050741069, z=-0.4715973081371284, w=-0.17571226221389838)",[0. 0. 0. 0. 0. 0. 0. 0. 0.],"geometry_msgs.msg.Vector3(x=9.625, y=-9.6875, z=-25.1875)",[0. 0. 0. 0. 0. 0. 0. 0. 0.],"geometry_msgs.msg.Vector3(x=-0.0625, y=0.654296875, z=-0.41552734375)",[0. 0. 0. 0. 0. 0. 0. 0. 0.],False,33.67193721,"[-0.4765409320479745, -0.7208536050741069, -0.4715973081371284, -0.17571226221389838]","[9.625, -9.6875, -25.1875]","[-0.0625, 0.654296875, -0.41552734375]"
15095514952,"std_msgs.msg.Header(stamp=builtin_interfaces.msg.Time(sec=1731185798, nanosec=354268166), frame_id='RL_myo')","geometry_msgs.msg.Quaternion(x=-0.47574775193731916, y=-0.7207319054044646, z=-0.4735505846416497, w=-0.17308795695885018)",[0. 0. 0. 0. 0. 0. 0. 0. 0.],"geometry_msgs.msg.Vector3(x=11.5625, y=-6.1875, z=-20.0625)",[0. 0. 0. 0. 0. 0. 0. 0. 0.],"geometry_msgs.msg.Vector3(x=-0.07568359375, y=0.68359375, z=-0.40283203125)",[0. 0. 0. 0. 0. 0. 0. 0. 0.],False,33.694494236,"[-0.47574775193731916, -0.7207319054044646, -0.4735505846416497, -0.17308795695885018]","[11.5625, -6.1875, -20.0625]","[-0.07568359375, 0.68359375, -0.40283203125]"
15110406191,"std_msgs.msg.Header(stamp=builtin_interfaces.msg.Time(sec=1731185798, nanosec=369185801), frame_id='RL_myo')","geometry_msgs.msg.Quaternion(x=-0.4744592968473549, y=-0.7210267729553191, z=-0.4754968332567201, w=-0.170033908028908)",[0. 0. 0. 0. 0. 0. 0. 0. 0.],"geometry_msgs.msg.Vector3(x=13.625, y=-5.125, z=-14.6875)",[0. 0. 0. 0. 0. 0. 0. 0. 0.],"geometry_msgs.msg.Vector3(x=-0.1650390625, y=0.7041015625, z=-0.45263671875)",[0. 0. 0. 0. 0. 0. 0. 0. 0.],False,33.709385475,"[-0.4744592968473549, -0.7210267729553191, -0.4754968332567201, -0.170033908028908]","[13.625, -5.125, -14.6875]","[-0.1650390625, 0.7041015625, -0.45263671875]"
15135791421,"std_msgs.msg.Header(stamp=builtin_interfaces.msg.Time(sec=1731185798, nanosec=394700853), frame_id='RL_myo')","geometry_msgs.msg.Quaternion(x=-0.47134846702718625, y=-0.7229214802456326, z=-0.4765361686583284, w=-0.16771534214563094)",[0. 0. 0. 0. 0. 0. 0. 0. 0.],"geometry_msgs.msg.Vector3(x=15.625, y=-4.625, z=-5.875)",[0. 0. 0. 0. 0. 0. 0. 0. 0.],"geometry_msgs.msg.Vector3(x=-0.09423828125, y=0.6259765625, z=-0.537109375)",[0. 0. 0. 0. 0. 0. 0. 0. 0.],False,33.734770705,"[-0.47134846702718625, -0.7229214802456326, -0.4765361686583284, -0.16771534214563094]","[15.625, -4.625, -5.875]","[-0.09423828125, 0.6259765625, -0.537109375]"
15155340823,"std_msgs.msg.Header(stamp=builtin_interfaces.msg.Time(sec=1731185798, nanosec=414198933), frame_id='RL_myo')","geometry_msgs.msg.Quaternion(x=-0.4671346265057609, y=-0.7259079236555422, z=-0.47616727933080044, w=-0.16765336020529464)",[0. 0. 0. 0. 0. 0. 0. 0. 0.],"geometry_msgs.msg.Vector3(x=18.0, y=0.25, z=4.25)",[0. 0. 0. 0. 0. 0. 0. 0. 0.],"geometry_msgs.msg.Vector3(x=0.0, y=0.640625, z=-0.51025390625)",[0. 0. 0. 0. 0. 0. 0. 0. 0.],False,33.754320107,"[-0.4671346265057609, -0.7259079236555422, -0.47616727933080044, -0.16765336020529464]","[18.0, 0.25, 4.25]","[0.0, 0.640625, -0.51025390625]"
15170460131,"std_msgs.msg.Header(stamp=builtin_interfaces.msg.Time(sec=1731185798, nanosec=429241157), frame_id='RL_myo')","geometry_msgs.msg.Quaternion(x=-0.46354351165028734, y=-0.7287306819097341, z=-0.4750176630907421, w=-0.16863340654242842)",[0. 0. 0. 0. 0. 0. 0. 0. 0.],"geometry_msgs.msg.Vector3(x=14.125, y=0.8125, z=8.375)",[0. 0. 0. 0. 0. 0. 0. 0. 0.],"geometry_msgs.msg.Vector3(x=0.00341796875, y=0.7255859375, z=-0.52587890625)",[0. 0. 0. 0. 0. 0. 0. 0. 0.],False,33.769439415,"[-0.46354351165028734, -0.7287306819097341, -0.4750176630907421, -0.16863340654242842]","[14.125, 0.8125, 8.375]","[0.00341796875, 0.7255859375, -0.52587890625]"
15193095180,"std_msgs.msg.Header(stamp=builtin_interfaces.msg.Time(sec=1731185798, nanosec=451829324), frame_id='RL_myo')","geometry_msgs.msg.Quaternion(x=-0.459989161087885, y=-0.7312710797605199, z=-0.47433139975786687, w=-0.16929944710863648)",[0. 0. 0. 0. 0. 0. 0. 0. 0.],"geometry_msgs.msg.Vector3(x=8.3125, y=1.8125, z=8.6875)",[0. 0. 0. 0. 0. 0. 0. 0. 0.],"geometry_msgs.msg.Vector3(x=-0.05712890625, y=0.7294921875, z=-0.6376953125)",[0. 0. 0. 0. 0. 0. 0. 0. 0.],False,33.792074464,"[-0.459989161087885, -0.7312710797605199, -0.47433139975786687, -0.16929944710863648]","[8.3125, 1.8125, 8.6875]","[-0.05712890625, 0.7294921875, -0.6376953125]"
15209396288,"std_msgs.msg.Header(stamp=builtin_interfaces.msg.Time(sec=1731185798, nanosec=468287793), frame_id='RL_myo')","geometry_msgs.msg.Quaternion(x=-0.45700330991650734, y=-0.7339639162734932, z=-0.47274941754984856, w=-0.17015561271998164)",[0. 0. 0. 0. 0. 0. 0. 0. 0.],"geometry_msgs.msg.Vector3(x=8.125, y=-1.5, z=11.5625)",[0. 0. 0. 0. 0. 0. 0. 0. 0.],"geometry_msgs.msg.Vector3(x=-0.03857421875, y=0.74560546875, z=-0.59912109375)",[0. 0. 0. 0. 0. 0. 0. 0. 0.],False,33.808375572,"[-0.45700330991650734, -0.7339639162734932, -0.47274941754984856, -0.17015561271998164]","[8.125, -1.5, 11.5625]","[-0.03857421875, 0.74560546875, -0.59912109375]"
15230457090,"std_msgs.msg.Header(stamp=builtin_interfaces.msg.Time(sec=1731185798, nanosec=489269188), frame_id='RL_myo')","geometry_msgs.msg.Quaternion(x=-0.4551709311359622, y=-0.7362197562742172, z=-0.47018461430295694, w=-0.17241323149089477)",[0. 0. 0. 0. 0. 0. 0. 0. 0.],"geometry_msgs.msg.Vector3(x=-0.6875, y=-2.0, z=14.1875)",[0. 0. 0. 0. 0. 0. 0. 0. 0.],"geometry_msgs.msg.Vector3(x=0.01025390625, y=0.78369140625, z=-0.59423828125)",[0. 0. 0. 0. 0. 0. 0. 0. 0.],False,33.829436374,"[-0.4551709311359622, -0.7362197562742172, -0.47018461430295694, -0.17241323149089477]","[-0.6875, -2.0, 14.1875]","[0.01025390625, 0.78369140625, -0.59423828125]"
15252873799,"std_msgs.msg.Header(stamp=builtin_interfaces.msg.Time(sec=1731185798, nanosec=511750271), frame_id='RL_myo')","geometry_msgs.msg.Quaternion(x=-0.453454449291623, y=-0.7385265532810134, z=-0.4674303670423338, w=-0.17454639636258973)",[0. 0. 0. 0. 0. 0. 0. 0. 0.],"geometry_msgs.msg.Vector3(x=1.125, y=-1.5625, z=17.4375)",[0. 0. 0. 0. 0. 0. 0. 0. 0.],"geometry_msgs.msg.Vector3(x=-0.03369140625, y=0.8251953125, z=-0.5869140625)",[0. 0. 0. 0. 0. 0. 0. 0. 0.],False,33.851853083,"[-0.453454449291623, -0.7385265532810134, -0.4674303670423338, -0.17454639636258973]","[1.125, -1.5625, 17.4375]","[-0.03369140625, 0.8251953125, -0.5869140625]"
15269327574,"std_msgs.msg.Header(stamp=builtin_interfaces.msg.Time(sec=1731185798, nanosec=528223447), frame_id='RL_myo')","geometry_msgs.msg.Quaternion(x=-0.4513337841949993, y=-0.7409320000172132, z=-0.46518811401410204, w=-0.17583402735169615)",[0. 0. 0. 0. 0. 0. 0. 0. 0.],"geometry_msgs.msg.Vector3(x=2.5625, y=-2.1875, z=15.6875)",[0. 0. 0. 0. 0. 0. 0. 0. 0.],"geometry_msgs.msg.Vector3(x=-0.0673828125, y=0.85205078125, z=-0.66015625)",[0. 0. 0. 0. 0. 0. 0. 0. 0.],False,33.868306858,"[-0.4513337841949993, -0.7409320000172132, -0.46518811401410204, -0.17583402735169615]","[2.5625, -2.1875, 15.6875]","[-0.0673828125, 0.85205078125, -0.66015625]"
15290534026,"std_msgs.msg.Header(stamp=builtin_interfaces.msg.Time(sec=1731185798, nanosec=549297522), frame_id='RL_myo')","geometry_msgs.msg.Quaternion(x=-0.4489684068119688, y=-0.7433979329757722, z=-0.46318940175313095, w=-0.17675537059916552)",[0. 0. 0. 0. 0. 0. 0. 0. 0.],"geometry_msgs.msg.Vector3(x=6.0625, y=-3.4375, z=12.3125)",[0. 0. 0. 0. 0. 0. 0. 0. 0.],"geometry_msgs.msg.Vector3(x=-0.02978515625, y=0.8720703125, z=-0.66015625)",[0. 0. 0. 0. 0. 0. 0. 0. 0.],False,33.88951331,"[-0.4489684068119688, -0.7433979329757722, -0.46318940175313095, -0.17675537059916552]","[6.0625, -3.4375, 12.3125]","[-0.02978515625, 0.8720703125, -0.66015625]"
15313055166,"std_msgs.msg.Header(stamp=builtin_interfaces.msg.Time(sec=1731185798, nanosec=571807858), frame_id='RL_myo')","geometry_msgs.msg.Quaternion(x=-0.4476545519616429, y=-0.7450534110903526, z=-0.46126422682019047, w=-0.1781463718031405)",[0. 0. 0. 0. 0. 0. 0. 0. 0.],"geometry_msgs.msg.Vector3(x=2.25, y=-1.875, z=10.875)",[0. 0. 0. 0. 0. 0. 0. 0. 0.],"geometry_msgs.msg.Vector3(x=-0.0546875, y=0.9462890625, z=-0.64453125)",[0. 0. 0. 0. 0. 0. 0. 0. 0.],False,33.91203445,"[-0.4476545519616429, -0.7450534110903526, -0.46126422682019047, -0.1781463718031405]","[2.25, -1.875, 10.875]","[-0.0546875, 0.9462890625, -0.64453125]"
15329471223,"std_msgs.msg.Header(stamp=builtin_interfaces.msg.Time(sec=1731185798, nanosec=588186282), frame_id='RL_myo')","geometry_msgs.msg.Quaternion(x=-0.4469349801798964, y=-0.7464784572689216, z=-0.45962956926598386, w=-0.17821250063161237)",[0. 0. 0. 0. 0. 0. 0. 0. 0.],"geometry_msgs.msg.Vector3(x=0.375, y=-4.9375, z=10.25)",[0. 0. 0. 0. 0. 0. 0. 0. 0.],"geometry_msgs.msg.Vector3(x=-0.14306640625, y=0.94580078125, z=-0.685546875)",[0. 0. 0. 0. 0. 0. 0. 0. 0.],False,33.928450507,"[-0.4469349801798964, -0.7464784572689216, -0.45962956926598386, -0.17821250063161237]","[0.375, -4.9375, 10.25]","[-0.14306640625, 0.94580078125, -0.685546875]"
15350205123,"std_msgs.msg.Header(stamp=builtin_interfaces.msg.Time(sec=1731185798, nanosec=609173651), frame_id='RL_myo')","geometry_msgs.msg.Quaternion(x=-0.4474237644166158, y=-0.7476999778840485, z=-0.45749400328290163, w=-0.17735826754804057)",[0. 0. 0. 0. 0. 0. 0. 0. 0.],"geometry_msgs.msg.Vector3(x=-4.0, y=-13.5, z=8.125)",[0. 0. 0. 0. 0. 0. 0. 0. 0.],"geometry_msgs.msg.Vector3(x=-0.13427734375, y=0.89697265625, z=-0.6650390625)",[0. 0. 0. 0. 0. 0. 0. 0. 0.],False,33.949184407,"[-0.4474237644166158, -0.7476999778840485, -0.45749400328290163, -0.17735826754804057]","[-4.0, -13.5, 8.125]","[-0.13427734375, 0.89697265625, -0.6650390625]"
15372854855,"std_msgs.msg.Header(stamp=builtin_interfaces.msg.Time(sec=1731185798, nanosec=631704641), frame_id='RL_myo')","geometry_msgs.msg.Quaternion(x=-0.4479760337372238, y=-0.7489256008160045, z=-0.4547506031847485, w=-0.17784770603682154)",[0. 0. 0. 0. 0. 0. 0. 0. 0.],"geometry_msgs.msg.Vector3(x=-8.0, y=-14.375, z=6.75)",[0. 0. 0. 0. 0. 0. 0. 0. 0.],"geometry_msgs.msg.Vector3(x=-0.00048828125, y=0.90673828125, z=-0.6640625)",[0. 0. 0. 0. 0. 0. 0. 0. 0.],False,33.971834139,"[-0.4479760337372238, -0.7489256008160045, -0.4547506031847485, -0.17784770603682154]","[-8.0, -14.375, 6.75]","[-0.00048828125, 0.90673828125, -0.6640625]"
15396906969,"std_msgs.msg.Header(stamp=builtin_interfaces.msg.Time(sec=1731185798, nanosec=655730081), frame_id='RL_myo')","geometry_msgs.msg.Quaternion(x=-0.4485225923803526, y=-0.7495313589635475, z=-0.45236759487320366, w=-0.17998273573678866)",[0. 0. 0. 0. 0. 0. 0. 0. 0.],"geometry_msgs.msg.Vector3(x=-9.0, y=-4.75, z=7.625)",[0. 0. 0. 0. 0. 0. 0. 0. 0.],"geometry_msgs.msg.Vector3(x=0.00439453125, y=0.9228515625, z=-0.5888671875)",[0. 0. 0. 0. 0. 0. 0. 0. 0.],False,33.995886253,"[-0.4485225923803526, -0.7495313589635475, -0.45236759487320366, -0.17998273573678866]","[-9.0, -4.75, 7.625]","[0.00439453125, 0.9228515625, -0.5888671875]"
15410194592,"std_msgs.msg.Header(stamp=builtin_interfaces.msg.Time(sec=1731185798, nanosec=669042043), frame_id='RL_myo')","geometry_msgs.msg.Quaternion(x=-0.44974673859687875, y=-0.7491710159148713, z=-0.45145564193257054, w=-0.180716527749404)",[0. 0. 0. 0. 0. 0. 0. 0. 0.],"geometry_msgs.msg.Vector3(x=-9.1875, y=-1.6875, z=4.375)",[0. 0. 0. 0. 0. 0. 0. 0. 0.],"geometry_msgs.msg.Vector3(x=-0.16064453125, y=0.89697265625, z=-0.572265625)",[0. 0. 0. 0. 0. 0. 0. 0. 0.],False,34.009173876,"[-0.44974673859687875, -0.7491710159148713, -0.45145564193257054, -0.180716527749404]","[-9.1875, -1.6875, 4.375]","[-0.16064453125, 0.89697265625, -0.572265625]"
15434392748,"std_msgs.msg.Header(stamp=builtin_interfaces.msg.Time(sec=1731185798, nanosec=693253450), frame_id='RL_myo')","geometry_msgs.msg.Quaternion(x=-0.45169340265137625, y=-0.748489108244356, z=-0.45071690022705224, w=-0.1805308856969019)",[0. 0. 0. 0. 0. 0. 0. 0. 0.],"geometry_msgs.msg.Vector3(x=-11.875, y=-8.125, z=-2.125)",[0. 0. 0. 0. 0. 0. 0. 0. 0.],"geometry_msgs.msg.Vector3(x=-0.1171875, y=0.853515625, z=-0.56494140625)",[0. 0. 0. 0. 0. 0. 0. 0. 0.],False,34.033372032,"[-0.45169340265137625, -0.748489108244356, -0.45071690022705224, -0.1805308856969019]","[-11.875, -8.125, -2.125]","[-0.1171875, 0.853515625, -0.56494140625]"
15450681611,"std_msgs.msg.Header(stamp=builtin_interfaces.msg.Time(sec=1731185798, nanosec=709552240), frame_id='RL_myo')","geometry_msgs.msg.Quaternion(x=-0.45388899714386877, y=-0.7474490450478635, z=-0.44925062632459567, w=-0.18297152258132562)",[0. 0. 0. 0. 0. 0. 0. 0. 0.],"geometry_msgs.msg.Vector3(x=-19.5, y=-3.625, z=-1.9375)",[0. 0. 0. 0. 0. 0. 0. 0. 0.],"geometry_msgs.msg.Vector3(x=0.0166015625, y=0.87646484375, z=-0.52734375)",[0. 0. 0. 0. 0. 0. 0. 0. 0.],False,34.049660895,"[-0.45388899714386877, -0.7474490450478635, -0.44925062632459567, -0.18297152258132562]","[-19.5, -3.625, -1.9375]","[0.0166015625, 0.87646484375, -0.52734375]"
15470365702,"std_msgs.msg.Header(stamp=builtin_interfaces.msg.Time(sec=1731185798, nanosec=729141643), frame_id='RL_myo')","geometry_msgs.msg.Quaternion(x=-0.4568862623749824, y=-0.7455070391277598, z=-0.4478535123307001, w=-0.18681924246992002)",[0. 0. 0. 0. 0. 0. 0. 0. 0.],"geometry_msgs.msg.Vector3(x=-29.8125, y=4.375, z=3.5625)",[0. 0. 0. 0. 0. 0. 0. 0. 0.],"geometry_msgs.msg.Vector3(x=-0.052734375, y=0.8212890625, z=-0.50927734375)",[0. 0. 0. 0. 0. 0. 0. 0. 0.],False,34.069344986,"[-0.4568862623749824, -0.7455070391277598, -0.4478535123307001, -0.18681924246992002]","[-29.8125, 4.375, 3.5625]","[-0.052734375, 0.8212890625, -0.50927734375]"
15492640232,"std_msgs.msg.Header(stamp=builtin_interfaces.msg.Time(sec=1731185798, nanosec=751586064), frame_id='RL_myo')","geometry_msgs.msg.Quaternion(x=-0.4613973198734928, y=-0.7428130661614128, z=-0.4466277231262196, w=-0.18938040787929208)",[0. 0. 0. 0. 0. 0. 0. 0. 0.],"geometry_msgs.msg.Vector3(x=-35.3125, y=2.0625, z=5.625)",[0. 0. 0. 0. 0. 0. 0. 0. 0.],"geometry_msgs.msg.Vector3(x=-0.22216796875, y=0.86083984375, z=-0.52294921875)",[0. 0. 0. 0. 0. 0. 0. 0. 0.],False,34.091619516,"[-0.4613973198734928, -0.7428130661614128, -0.4466277231262196, -0.18938040787929208]","[-35.3125, 2.0625, 5.625]","[-0.22216796875, 0.86083984375, -0.52294921875]"
15510797802,"std_msgs.msg.Header(stamp=builtin_interfaces.msg.Time(sec=1731185798, nanosec=769761220), frame_id='RL_myo')","geometry_msgs.msg.Quaternion(x=-0.46507963853081263, y=-0.7410146839111018, z=-0.44560976914874845, w=-0.18981596795680147)",[0. 0. 0. 0. 0. 0. 0. 0. 0.],"geometry_msgs.msg.Vector3(x=-28.1875, y=-6.5625, z=1.0625)",[0. 0. 0. 0. 0. 0. 0. 0. 0.],"geometry_msgs.msg.Vector3(x=-0.197265625, y=0.822265625, z=-0.564453125)",[0. 0. 0. 0. 0. 0. 0. 0. 0.],False,34.109777086,"[-0.46507963853081263, -0.7410146839111018, -0.44560976914874845, -0.18981596795680147]","[-28.1875, -6.5625, 1.0625]","[-0.197265625, 0.822265625, -0.564453125]"
15533216176,"std_msgs.msg.Header(stamp=builtin_interfaces.msg.Time(sec=1731185798, nanosec=792054337), frame_id='RL_myo')","geometry_msgs.msg.Quaternion(x=-0.46780223557580514, y=-0.7398171819504122, z=-0.4437560410791493, w=-0.19212543217125044)",[0. 0. 0. 0. 0. 0. 0. 0. 0.],"geometry_msgs.msg.Vector3(x=-22.0625, y=-2.8125, z=4.375)",[0. 0. 0. 0. 0. 0. 0. 0. 0.],"geometry_msgs.msg.Vector3(x=-0.07470703125, y=0.8876953125, z=-0.49169921875)",[0. 0. 0. 0. 0. 0. 0. 0. 0.],False,34.13219546,"[-0.46780223557580514, -0.7398171819504122, -0.4437560410791493, -0.19212543217125044]","[-22.0625, -2.8125, 4.375]","[-0.07470703125, 0.8876953125, -0.49169921875]"
15552816755,"std_msgs.msg.Header(stamp=builtin_interfaces.msg.Time(sec=1731185798, nanosec=811725263), frame_id='RL_myo')","geometry_msgs.msg.Quaternion(x=-0.4694496043646352, y=-0.7385958283958418, z=-0.4427180746309235, w=-0.19517678558997703)",[0. 0. 0. 0. 0. 0. 0. 0. 0.],"geometry_msgs.msg.Vector3(x=-15.9375, y=7.3125, z=6.75)",[0. 0. 0. 0. 0. 0. 0. 0. 0.],"geometry_msgs.msg.Vector3(x=-0.10986328125, y=0.8310546875, z=-0.412109375)",[0. 0. 0. 0. 0. 0. 0. 0. 0.],False,34.151796039,"[-0.4694496043646352, -0.7385958283958418, -0.4427180746309235, -0.19517678558997703]","[-15.9375, 7.3125, 6.75]","[-0.10986328125, 0.8310546875, -0.412109375]"
15570706267,"std_msgs.msg.Header(stamp=builtin_interfaces.msg.Time(sec=1731185798, nanosec=829604576), frame_id='RL_myo')","geometry_msgs.msg.Quaternion(x=-0.4699994399519003, y=-0.7379253640382323, z=-0.4421693211857574, w=-0.19761825562449722)",[0. 0. 0. 0. 0. 0. 0. 0. 0.],"geometry_msgs.msg.Vector3(x=-10.0, y=10.4375, z=10.0625)",[0. 0. 0. 0. 0. 0. 0. 0. 0.],"geometry_msgs.msg.Vector3(x=-0.17724609375, y=0.83642578125, z=-0.443359375)",[0. 0. 0. 0. 0. 0. 0. 0. 0.],False,34.169685551,"[-0.4699994399519003, -0.7379253640382323, -0.4421693211857574, -0.19761825562449722]","[-10.0, 10.4375, 10.0625]","[-0.17724609375, 0.83642578125, -0.443359375]"
15590312624,"std_msgs.msg.Header(stamp=builtin_interfaces.msg.Time(sec=1731185798, nanosec=849152651), frame_id='RL_myo')","geometry_msgs.msg.Quaternion(x=-0.4698789698325479, y=-0.7374396145586019, z=-0.4419266944483023, w=-0.20024326536181186)",[0. 0. 0. 0. 0. 0. 0. 0. 0.],"geometry_msgs.msg.Vector3(x=1.4375, y=11.1875, z=4.5)",[0. 0. 0. 0. 0. 0. 0. 0. 0.],"geometry_msgs.msg.Vector3(x=-0.11181640625, y=1.091796875, z=-0.45263671875)",[0. 0. 0. 0. 0. 0. 0. 0. 0.],False,34.189291908,"[-0.4698789698325479, -0.7374396145586019, -0.4419266944483023, -0.20024326536181186]","[1.4375, 11.1875, 4.5]","[-0.11181640625, 1.091796875, -0.45263671875]"
15612928577,"std_msgs.msg.Header(stamp=builtin_interfaces.msg.Time(sec=1731185798, nanosec=871794692), frame_id='RL_myo')","geometry_msgs.msg.Quaternion(x=-0.47147146400237655, y=-0.7342748457492029, z=-0.4450446492563534, w=-0.20122218987907256)",[0. 0. 0. 0. 0. 0. 0. 0. 0.],"geometry_msgs.msg.Vector3(x=-6.25, y=13.25, z=-20.375)",[0. 0. 0. 0. 0. 0. 0. 0. 0.],"geometry_msgs.msg.Vector3(x=-0.16455078125, y=1.1416015625, z=-0.49267578125)",[0. 0. 0. 0. 0. 0. 0. 0. 0.],False,34.211907861,"[-0.47147146400237655, -0.7342748457492029, -0.4450446492563534, -0.20122218987907256]","[-6.25, 13.25, -20.375]","[-0.16455078125, 1.1416015625, -0.49267578125]"
15630725688,"std_msgs.msg.Header(stamp=builtin_interfaces.msg.Time(sec=1731185798, nanosec=889660470), frame_id='RL_myo')","geometry_msgs.msg.Quaternion(x=-0.4710445819373442, y=-0.7335429943385515, z=-0.44803553718606426, w=-0.19823177016487356)",[0. 0. 0. 0. 0. 0. 0. 0. 0.],"geometry_msgs.msg.Vector3(x=8.1875, y=5.25, z=-6.8125)",[0. 0. 0. 0. 0. 0. 0. 0. 0.],"geometry_msgs.msg.Vector3(x=-0.388671875, y=0.9228515625, z=-0.548828125)",[0. 0. 0. 0. 0. 0. 0. 0. 0.],False,34.229704972,"[-0.4710445819373442, -0.7335429943385515, -0.44803553718606426, -0.19823177016487356]","[8.1875, 5.25, -6.8125]","[-0.388671875, 0.9228515625, -0.548828125]"
15650307619,"std_msgs.msg.Header(stamp=builtin_interfaces.msg.Time(sec=1731185798, nanosec=909152493), frame_id='RL_myo')","geometry_msgs.msg.Quaternion(x=-0.47318395208900366, y=-0.7328156471988478, z=-0.4474282926305283, w=-0.19719558225197611)",[0. 0. 0. 0. 0. 0. 0. 0. 0.],"geometry_msgs.msg.Vector3(x=-1.25, y=-8.6875, z=-2.875)",[0. 0. 0. 0. 0. 0. 0. 0. 0.],"geometry_msgs.msg.Vector3(x=-0.1953125, y=1.1025390625, z=-0.47998046875)",[0. 0. 0. 0. 0. 0. 0. 0. 0.],False,34.249286903,"[-0.47318395208900366, -0.7328156471988478, -0.4474282926305283, -0.19719558225197611]","[-1.25, -8.6875, -2.875]","[-0.1953125, 1.1025390625, -0.47998046875]"
15674180849,"std_msgs.msg.Header(stamp=builtin_interfaces.msg.Time(sec=1731185798, nanosec=933097470), frame_id='RL_myo')","geometry_msgs.msg.Quaternion(x=-0.4737796078202785, y=-0.7315723507589436, z=-0.4489402029017092, w=-0.19694535546000758)",[0. 0. 0. 0. 0. 0. 0. 0. 0.],"geometry_msgs.msg.Vector3(x=1.375, y=0.375, z=-17.0)",[0. 0. 0. 0. 0. 0. 0. 0. 0.],"geometry_msgs.msg.Vector3(x=-0.0439453125, y=0.900390625, z=-0.40380859375)",[0. 0. 0. 0. 0. 0. 0. 0. 0.],False,34.273160133,"[-0.4737796078202785, -0.7315723507589436, -0.4489402029017092, -0.19694535546000758]","[1.375, 0.375, -17.0]","[-0.0439453125, 0.900390625, -0.40380859375]"
15713211053,"std_msgs.msg.Header(stamp=builtin_interfaces.msg.Time(sec=1731185798, nanosec=972062781), frame_id='RL_myo')","geometry_msgs.msg.Quaternion(x=-0.47355843091076777, y=-0.7306312638784381, z=-0.4502436583101861, w=-0.1979924667965628)",[0. 0. 0. 0. 0. 0. 0. 0. 0.],"geometry_msgs.msg.Vector3(x=4.375, y=2.3125, z=-4.9375)",[0. 0. 0. 0. 0. 0. 0. 0. 0.],"geometry_msgs.msg.Vector3(x=-0.1787109375, y=0.88330078125, z=-0.439453125)",[0. 0. 0. 0. 0. 0. 0. 0. 0.],False,34.312190337,"[-0.47355843091076777, -0.7306312638784381, -0.4502436583101861, -0.1979924667965628]","[4.375, 2.3125, -4.9375]","[-0.1787109375, 0.88330078125, -0.439453125]"
15732956016,"std_msgs.msg.Header(stamp=builtin_interfaces.msg.Time(sec=1731185798, nanosec=991791803), frame_id='RL_myo')","geometry_msgs.msg.Quaternion(x=-0.4725173536205124, y=-0.7311751351554816, z=-0.4517051064512287, w=-0.19512244633489773)",[0. 0. 0. 0. 0. 0. 0. 0. 0.],"geometry_msgs.msg.Vector3(x=14.3125, y=-4.25, z=-8.125)",[0. 0. 0. 0. 0. 0. 0. 0. 0.],"geometry_msgs.msg.Vector3(x=-0.193359375, y=0.85498046875, z=-0.47705078125)",[0. 0. 0. 0. 0. 0. 0. 0. 0.],False,34.3319353,"[-0.4725173536205124, -0.7311751351554816, -0.4517051064512287, -0.19512244633489773]","[14.3125, -4.25, -8.125]","[-0.193359375, 0.85498046875, -0.47705078125]"
15750747659,"std_msgs.msg.Header(stamp=builtin_interfaces.msg.Time(sec=1731185799, nanosec=9687297), frame_id='RL_myo')","geometry_msgs.msg.Quaternion(x=-0.470931300380623, y=-0.7327632442158838, z=-0.4515227786697575, w=-0.19341385315010293)",[0. 0. 0. 0. 0. 0. 0. 0. 0.],"geometry_msgs.msg.Vector3(x=17.5, y=-6.875, z=-1.0)",[0. 0. 0. 0. 0. 0. 0. 0. 0.],"geometry_msgs.msg.Vector3(x=-0.09619140625, y=0.8857421875, z=-0.45556640625)",[0. 0. 0. 0. 0. 0. 0. 0. 0.],False,34.349726943,"[-0.470931300380623, -0.7327632442158838, -0.4515227786697575, -0.19341385315010293]","[17.5, -6.875, -1.0]","[-0.09619140625, 0.8857421875, -0.45556640625]"
15770254821,"std_msgs.msg.Header(stamp=builtin_interfaces.msg.Time(sec=1731185799, nanosec=29184158), frame_id='RL_myo')","geometry_msgs.msg.Quaternion(x=-0.47037204170860275, y=-0.7334190768408303, z=-0.4511470263799133, w=-0.19316563020730865)",[0. 0. 0. 0. 0. 0. 0. 0. 0.],"geometry_msgs.msg.Vector3(x=5.0625, y=-4.0625, z=-2.125)",[0. 0. 0. 0. 0. 0. 0. 0. 0.],"geometry_msgs.msg.Vector3(x=-0.06103515625, y=0.90673828125, z=-0.49560546875)",[0. 0. 0. 0. 0. 0. 0. 0. 0.],False,34.369234105,"[-0.47037204170860275, -0.7334190768408303, -0.4511470263799133, -0.19316563020730865]","[5.0625, -4.0625, -2.125]","[-0.06103515625, 0.90673828125, -0.49560546875]"
15792808923,"std_msgs.msg.Header(stamp=builtin_interfaces.msg.Time(sec=1731185799, nanosec=51694424), frame_id='RL_myo')","geometry_msgs.msg.Quaternion(x=-0.4699870073734003, y=-0.7339999659368764, z=-0.450945850861194, w=-0.1923645042515203)",[0. 0. 0. 0. 0. 0. 0. 0. 0.],"geometry_msgs.msg.Vector3(x=-1.625, y=-6.1875, z=-1.8125)",[0. 0. 0. 0. 0. 0. 0. 0. 0.],"geometry_msgs.msg.Vector3(x=-0.10595703125, y=0.8955078125, z=-0.61181640625)",[0. 0. 0. 0. 0. 0. 0. 0. 0.],False,34.391788207,"[-0.4699870073734003, -0.7339999659368764, -0.450945850861194, -0.1923645042515203]","[-1.625, -6.1875, -1.8125]","[-0.10595703125, 0.8955078125, -0.61181640625]"
15811982318,"std_msgs.msg.Header(stamp=builtin_interfaces.msg.Time(sec=1731185799, nanosec=70843017), frame_id='RL_myo')","geometry_msgs.msg.Quaternion(x=-0.47287838335268945, y=-0.7326929520068451, z=-0.4496250710066163, w=-0.1933503766728601)",[0. 0. 0. 0. 0. 0. 0. 0. 0.],"geometry_msgs.msg.Vector3(x=-27.75, y=-11.5, z=-7.125)",[0. 0. 0. 0. 0. 0. 0. 0. 0.],"geometry_msgs.msg.Vector3(x=-0.0048828125, y=0.90234375, z=-0.6298828125)",[0. 0. 0. 0. 0. 0. 0. 0. 0.],False,34.410961602,"[-0.47287838335268945, -0.7326929520068451, -0.4496250710066163, -0.1933503766728601]","[-27.75, -11.5, -7.125]","[-0.0048828125, 0.90234375, -0.6298828125]"
15830326993,"std_msgs.msg.Header(stamp=builtin_interfaces.msg.Time(sec=1731185799, nanosec=89161177), frame_id='RL_myo')","geometry_msgs.msg.Quaternion(x=-0.4792905641121483, y=-0.7286705774780261, z=-0.4478586730491461, w=-0.1968307741323925)",[0. 0. 0. 0. 0. 0. 0. 0. 0.],"geometry_msgs.msg.Vector3(x=-52.0, y=-9.375, z=-12.75)",[0. 0. 0. 0. 0. 0. 0. 0. 0.],"geometry_msgs.msg.Vector3(x=0.017578125, y=1.09912109375, z=-0.6328125)",[0. 0. 0. 0. 0. 0. 0. 0. 0.],False,34.429306277,"[-0.4792905641121483, -0.7286705774780261, -0.4478586730491461, -0.1968307741323925]","[-52.0, -9.375, -12.75]","[0.017578125, 1.09912109375, -0.6328125]"
15852852300,"std_msgs.msg.Header(stamp=builtin_interfaces.msg.Time(sec=1731185799, nanosec=111763602), frame_id='RL_myo')","geometry_msgs.msg.Quaternion(x=-0.4924049799649534, y=-0.7182228314610277, z=-0.4471193459622272, w=-0.20439567152982513)",[0. 0. 0. 0. 0. 0. 0. 0. 0.],"geometry_msgs.msg.Vector3(x=-106.8125, y=5.1875, z=-21.625)",[0. 0. 0. 0. 0. 0. 0. 0. 0.],"geometry_msgs.msg.Vector3(x=0.07861328125, y=1.04150390625, z=-0.70751953125)",[0. 0. 0. 0. 0. 0. 0. 0. 0.],False,34.451831584,"[-0.4924049799649534, -0.7182228314610277, -0.4471193459622272, -0.20439567152982513]","[-106.8125, 5.1875, -21.625]","[0.07861328125, 1.04150390625, -0.70751953125]"
15870800627,"std_msgs.msg.Header(stamp=builtin_interfaces.msg.Time(sec=1731185799, nanosec=129662974), frame_id='RL_myo')","geometry_msgs.msg.Quaternion(x=-0.5077302565408321, y=-0.7054759027954657, z=-0.44590422578282485, w=-0.2137361892542366)",[0. 0. 0. 0. 0. 0. 0. 0. 0.],"geometry_msgs.msg.Vector3(x=-130.5625, y=8.4375, z=-22.125)",[0. 0. 0. 0. 0. 0. 0. 0. 0.],"geometry_msgs.msg.Vector3(x=0.04736328125, y=0.814453125, z=-0.74267578125)",[0. 0. 0. 0. 0. 0. 0. 0. 0.],False,34.469779911,"[-0.5077302565408321, -0.7054759027954657, -0.44590422578282485, -0.2137361892542366]","[-130.5625, 8.4375, -22.125]","[0.04736328125, 0.814453125, -0.74267578125]"
15890232225,"std_msgs.msg.Header(stamp=builtin_interfaces.msg.Time(sec=1731185799, nanosec=149138229), frame_id='RL_myo')","geometry_msgs.msg.Quaternion(x=-0.524192439101343, y=-0.6914164795178851, z=-0.4440591671791096, w=-0.2235553503816765)",[0. 0. 0. 0. 0. 0. 0. 0. 0.],"geometry_msgs.msg.Vector3(x=-140.1875, y=6.5, z=-24.875)",[0. 0. 0. 0. 0. 0. 0. 0. 0.],"geometry_msgs.msg.Vector3(x=0.1513671875, y=0.861328125, z=-0.66357421875)",[0. 0. 0. 0. 0. 0. 0. 0. 0.],False,34.489211509,"[-0.524192439101343, -0.6914164795178851, -0.4440591671791096, -0.2235553503816765]","[-140.1875, 6.5, -24.875]","[0.1513671875, 0.861328125, -0.66357421875]"
15912750717,"std_msgs.msg.Header(stamp=builtin_interfaces.msg.Time(sec=1731185799, nanosec=171692537), frame_id='RL_myo')","geometry_msgs.msg.Quaternion(x=-0.5393943372185508, y=-0.6740293120888974, z=-0.4474202179394881, w=-0.23356665858060577)",[0. 0. 0. 0. 0. 0. 0. 0. 0.],"geometry_msgs.msg.Vector3(x=-137.5625, y=29.75, z=-55.4375)",[0. 0. 0. 0. 0. 0. 0. 0. 0.],"geometry_msgs.msg.Vector3(x=0.37841796875, y=0.87939453125, z=-0.51904296875)",[0. 0. 0. 0. 0. 0. 0. 0. 0.],False,34.511730001,"[-0.5393943372185508, -0.6740293120888974, -0.4474202179394881, -0.23356665858060577]","[-137.5625, 29.75, -55.4375]","[0.37841796875, 0.87939453125, -0.51904296875]"
15930762731,"std_msgs.msg.Header(stamp=builtin_interfaces.msg.Time(sec=1731185799, nanosec=189632290), frame_id='RL_myo')","geometry_msgs.msg.Quaternion(x=-0.5489137100359962, y=-0.65553504108257, z=-0.4577332471947933, w=-0.2438192430057599)",[0. 0. 0. 0. 0. 0. 0. 0. 0.],"geometry_msgs.msg.Vector3(x=-109.5, y=67.6875, z=-79.5625)",[0. 0. 0. 0. 0. 0. 0. 0. 0.],"geometry_msgs.msg.Vector3(x=0.51171875, y=0.83251953125, z=-0.419921875)",[0. 0. 0. 0. 0. 0. 0. 0. 0.],False,34.529742015,"[-0.5489137100359962, -0.65553504108257, -0.4577332471947933, -0.2438192430057599]","[-109.5, 67.6875, -79.5625]","[0.51171875, 0.83251953125, -0.419921875]"
15951774357,"std_msgs.msg.Header(stamp=builtin_interfaces.msg.Time(sec=1731185799, nanosec=210715434), frame_id='RL_myo')","geometry_msgs.msg.Quaternion(x=-0.5506878086948338, y=-0.6388173881867257, z=-0.4733608161628207, w=-0.2541354355985025)",[0. 0. 0. 0. 0. 0. 0. 0. 0.],"geometry_msgs.msg.Vector3(x=-67.6875, y=103.0625, z=-82.6875)",[0. 0. 0. 0. 0. 0. 0. 0. 0.],"geometry_msgs.msg.Vector3(x=0.50439453125, y=0.64111328125, z=-0.35205078125)",[0. 0. 0. 0. 0. 0. 0. 0. 0.],False,34.550753641,"[-0.5506878086948338, -0.6388173881867257, -0.4733608161628207, -0.2541354355985025]","[-67.6875, 103.0625, -82.6875]","[0.50439453125, 0.64111328125, -0.35205078125]"
15972868436,"std_msgs.msg.Header(stamp=builtin_interfaces.msg.Time(sec=1731185799, nanosec=231736826), frame_id='RL_myo')","geometry_msgs.msg.Quaternion(x=-0.5440757855001821, y=-0.6263432177889364, z=-0.49372665223740586, w=-0.2605949079176419)",[0. 0. 0. 0. 0. 0. 0. 0. 0.],"geometry_msgs.msg.Vector3(x=-6.4375, y=120.375, z=-88.125)",[0. 0. 0. 0. 0. 0. 0. 0. 0.],"geometry_msgs.msg.Vector3(x=0.4716796875, y=0.5849609375, z=-0.3642578125)",[0. 0. 0. 0. 0. 0. 0. 0. 0.],False,34.57184772,"[-0.5440757855001821, -0.6263432177889364, -0.49372665223740586, -0.2605949079176419]","[-6.4375, 120.375, -88.125]","[0.4716796875, 0.5849609375, -0.3642578125]"
15990654799,"std_msgs.msg.Header(stamp=builtin_interfaces.msg.Time(sec=1731185799, nanosec=249625908), frame_id='RL_myo')","geometry_msgs.msg.Quaternion(x=-0.5327456300021256, y=-0.6148942859745006, z=-0.519074531237035, w=-0.2620090491005986)",[0. 0. 0. 0. 0. 0. 0. 0. 0.],"geometry_msgs.msg.Vector3(x=37.8125, y=130.25, z=-112.0)",[0. 0. 0. 0. 0. 0. 0. 0. 0.],"geometry_msgs.msg.Vector3(x=0.4375, y=0.7255859375, z=-0.2705078125)",[0. 0. 0. 0. 0. 0. 0. 0. 0.],False,34.589634083,"[-0.5327456300021256, -0.6148942859745006, -0.519074531237035, -0.2620090491005986]","[37.8125, 130.25, -112.0]","[0.4375, 0.7255859375, -0.2705078125]"
16011747621,"std_msgs.msg.Header(stamp=builtin_interfaces.msg.Time(sec=1731185799, nanosec=270724329), frame_id='RL_myo')","geometry_msgs.msg.Quaternion(x=-0.5200023896049571, y=-0.6015426704162509, z=-0.5476504039818404, w=-0.2604284268127174)",[0. 0. 0. 0. 0. 0. 0. 0. 0.],"geometry_msgs.msg.Vector3(x=53.0625, y=136.9375, z=-134.75)",[0. 0. 0. 0. 0. 0. 0. 0. 0.],"geometry_msgs.msg.Vector3(x=0.322265625, y=0.77734375, z=-0.18505859375)",[0. 0. 0. 0. 0. 0. 0. 0. 0.],False,34.610726905,"[-0.5200023896049571, -0.6015426704162509, -0.5476504039818404, -0.2604284268127174]","[53.0625, 136.9375, -134.75]","[0.322265625, 0.77734375, -0.18505859375]"
16033061655,"std_msgs.msg.Header(stamp=builtin_interfaces.msg.Time(sec=1731185799, nanosec=291849521), frame_id='RL_myo')","geometry_msgs.msg.Quaternion(x=-0.5094334444188326, y=-0.5851130264338503, z=-0.5751037913931544, w=-0.2595687599273146)",[0. 0. 0. 0. 0. 0. 0. 0. 0.],"geometry_msgs.msg.Vector3(x=33.625, y=135.1875, z=-139.4375)",[0. 0. 0. 0. 0. 0. 0. 0. 0.],"geometry_msgs.msg.Vector3(x=0.1552734375, y=0.779296875, z=-0.1201171875)",[0. 0. 0. 0. 0. 0. 0. 0. 0.],False,34.632040939,"[-0.5094334444188326, -0.5851130264338503, -0.5751037913931544, -0.2595687599273146]","[33.625, 135.1875, -139.4375]","[0.1552734375, 0.779296875, -0.1201171875]"
16050572827,"std_msgs.msg.Header(stamp=builtin_interfaces.msg.Time(sec=1731185799, nanosec=309523177), frame_id='RL_myo')","geometry_msgs.msg.Quaternion(x=-0.5035671641039131, y=-0.5656357383244537, z=-0.5983483792115821, w=-0.26164009605059696)",[0. 0. 0. 0. 0. 0. 0. 0. 0.],"geometry_msgs.msg.Vector3(x=-6.1875, y=122.3125, z=-131.9375)",[0. 0. 0. 0. 0. 0. 0. 0. 0.],"geometry_msgs.msg.Vector3(x=0.021484375, y=0.75830078125, z=-0.08251953125)",[0. 0. 0. 0. 0. 0. 0. 0. 0.],False,34.649552111,"[-0.5035671641039131, -0.5656357383244537, -0.5983483792115821, -0.26164009605059696]","[-6.1875, 122.3125, -131.9375]","[0.021484375, 0.75830078125, -0.08251953125]"
16072005787,"std_msgs.msg.Header(stamp=builtin_interfaces.msg.Time(sec=1731185799, nanosec=330833366), frame_id='RL_myo')","geometry_msgs.msg.Quaternion(x=-0.5016169863308076, y=-0.5440948330866469, z=-0.616600123238855, w=-0.26859914306386234)",[0. 0. 0. 0. 0. 0. 0. 0. 0.],"geometry_msgs.msg.Vector3(x=-49.75, y=113.9375, z=-112.75)",[0. 0. 0. 0. 0. 0. 0. 0. 0.],"geometry_msgs.msg.Vector3(x=-0.080078125, y=0.69580078125, z=-0.107421875)",[0. 0. 0. 0. 0. 0. 0. 0. 0.],False,34.670985071,"[-0.5016169863308076, -0.5440948330866469, -0.616600123238855, -0.26859914306386234]","[-49.75, 113.9375, -112.75]","[-0.080078125, 0.69580078125, -0.107421875]"
16095879585,"std_msgs.msg.Header(stamp=builtin_interfaces.msg.Time(sec=1731185799, nanosec=354595579), frame_id='RL_myo')","geometry_msgs.msg.Quaternion(x=-0.50112449991256, y=-0.5230345833943052, z=-0.63057098198716, w=-0.27872799794186603)",[0. 0. 0. 0. 0. 0. 0. 0. 0.],"geometry_msgs.msg.Vector3(x=-70.625, y=107.0, z=-88.375)",[0. 0. 0. 0. 0. 0. 0. 0. 0.],"geometry_msgs.msg.Vector3(x=-0.21484375, y=0.62353515625, z=-0.06396484375)",[0. 0. 0. 0. 0. 0. 0. 0. 0.],False,34.694858869,"[-0.50112449991256, -0.5230345833943052, -0.63057098198716, -0.27872799794186603]","[-70.625, 107.0, -88.375]","[-0.21484375, 0.62353515625, -0.06396484375]"
16110642482,"std_msgs.msg.Header(stamp=builtin_interfaces.msg.Time(sec=1731185799, nanosec=369557437), frame_id='RL_myo')","geometry_msgs.msg.Quaternion(x=-0.504171918731602, y=-0.502524098636486, z=-0.6394152272789001, w=-0.2905656101054542)",[0. 0. 0. 0. 0. 0. 0. 0. 0.],"geometry_msgs.msg.Vector3(x=-88.4375, y=89.3125, z=-62.6875)",[0. 0. 0. 0. 0. 0. 0. 0. 0.],"geometry_msgs.msg.Vector3(x=-0.3759765625, y=0.5556640625, z=-0.07177734375)",[0. 0. 0. 0. 0. 0. 0. 0. 0.],False,34.709621766,"[-0.504171918731602, -0.502524098636486, -0.6394152272789001, -0.2905656101054542]","[-88.4375, 89.3125, -62.6875]","[-0.3759765625, 0.5556640625, -0.07177734375]"
16137711813,"std_msgs.msg.Header(stamp=builtin_interfaces.msg.Time(sec=1731185799, nanosec=396574539), frame_id='RL_myo')","geometry_msgs.msg.Quaternion(x=-0.5090676880765196, y=-0.48532625051966, z=-0.6424225494177491, w=-0.3043054181452496)",[0. 0. 0. 0. 0. 0. 0. 0. 0.],"geometry_msgs.msg.Vector3(x=-106.6875, y=61.5625, z=-35.0625)",[0. 0. 0. 0. 0. 0. 0. 0. 0.],"geometry_msgs.msg.Vector3(x=-0.544921875, y=0.5537109375, z=-0.02392578125)",[0. 0. 0. 0. 0. 0. 0. 0. 0.],False,34.736691097,"[-0.5090676880765196, -0.48532625051966, -0.6424225494177491, -0.3043054181452496]","[-106.6875, 61.5625, -35.0625]","[-0.544921875, 0.5537109375, -0.02392578125]"
16152893033,"std_msgs.msg.Header(stamp=builtin_interfaces.msg.Time(sec=1731185799, nanosec=411723770), frame_id='RL_myo')","geometry_msgs.msg.Quaternion(x=-0.5162158512027215, y=-0.4726994286551287, z=-0.6379153554943067, w=-0.32115486037227725)",[0. 0. 0. 0. 0. 0. 0. 0. 0.],"geometry_msgs.msg.Vector3(x=-123.5625, y=33.0625, z=10.0625)",[0. 0. 0. 0. 0. 0. 0. 0. 0.],"geometry_msgs.msg.Vector3(x=-0.7099609375, y=0.560546875, z=0.0244140625)",[0. 0. 0. 0. 0. 0. 0. 0. 0.],False,34.751872317,"[-0.5162158512027215, -0.4726994286551287, -0.6379153554943067, -0.32115486037227725]","[-123.5625, 33.0625, 10.0625]","[-0.7099609375, 0.560546875, 0.0244140625]"
16170811096,"std_msgs.msg.Header(stamp=builtin_interfaces.msg.Time(sec=1731185799, nanosec=429747065), frame_id='RL_myo')","geometry_msgs.msg.Quaternion(x=-0.5246951410341703, y=-0.4659209848382989, z=-0.6260698798102267, w=-0.3400722724022795)",[0. 0. 0. 0. 0. 0. 0. 0. 0.],"geometry_msgs.msg.Vector3(x=-130.5625, y=1.3125, z=57.0)",[0. 0. 0. 0. 0. 0. 0. 0. 0.],"geometry_msgs.msg.Vector3(x=-0.8095703125, y=0.54052734375, z=0.0888671875)",[0. 0. 0. 0. 0. 0. 0. 0. 0.],False,34.76979038,"[-0.5246951410341703, -0.4659209848382989, -0.6260698798102267, -0.3400722724022795]","[-130.5625, 1.3125, 57.0]","[-0.8095703125, 0.54052734375, 0.0888671875]"
16191848809,"std_msgs.msg.Header(stamp=builtin_interfaces.msg.Time(sec=1731185799, nanosec=450727143), frame_id='RL_myo')","geometry_msgs.msg.Quaternion(x=-0.5396268887692525, y=-0.4608372129717966, z=-0.605112033719423, w=-0.3609311717011263)",[0. 0. 0. 0. 0. 0. 0. 0. 0.],"geometry_msgs.msg.Vector3(x=-169.0625, y=-48.5, z=81.1875)",[0. 0. 0. 0. 0. 0. 0. 0. 0.],"geometry_msgs.msg.Vector3(x=-0.83544921875, y=0.673828125, z=0.013671875)",[0. 0. 0. 0. 0. 0. 0. 0. 0.],False,34.790828093,"[-0.5396268887692525, -0.4608372129717966, -0.605112033719423, -0.3609311717011263]","[-169.0625, -48.5, 81.1875]","[-0.83544921875, 0.673828125, 0.013671875]"
16212874577,"std_msgs.msg.Header(stamp=builtin_interfaces.msg.Time(sec=1731185799, nanosec=471689743), frame_id='RL_myo')","geometry_msgs.msg.Quaternion(x=-0.5631215590380584, y=-0.4540613849835433, z=-0.5708113082998765, w=-0.388454397233905)",[0. 0. 0. 0. 0. 0. 0. 0. 0.],"geometry_msgs.msg.Vector3(x=-249.0, y=-99.125, z=115.125)",[0. 0. 0. 0. 0. 0. 0. 0. 0.],"geometry_msgs.msg.Vector3(x=-0.9501953125, y=0.86083984375, z=0.0068359375)",[0. 0. 0. 0. 0. 0. 0. 0. 0.],False,34.811853861,"[-0.5631215590380584, -0.4540613849835433, -0.5708113082998765, -0.388454397233905]","[-249.0, -99.125, 115.125]","[-0.9501953125, 0.86083984375, 0.0068359375]"
16230795222,"std_msgs.msg.Header(stamp=builtin_interfaces.msg.Time(sec=1731185799, nanosec=489701366), frame_id='RL_myo')","geometry_msgs.msg.Quaternion(x=-0.586868727852496, y=-0.4435082201855333, z=-0.5397532268227407, w=-0.4093311728064362)",[0. 0. 0. 0. 0. 0. 0. 0. 0.],"geometry_msgs.msg.Vector3(x=-233.25, y=-100.0, z=71.625)",[0. 0. 0. 0. 0. 0. 0. 0. 0.],"geometry_msgs.msg.Vector3(x=-0.83837890625, y=0.685546875, z=0.041015625)",[0. 0. 0. 0. 0. 0. 0. 0. 0.],False,34.829774506,"[-0.586868727852496, -0.4435082201855333, -0.5397532268227407, -0.4093311728064362]","[-233.25, -100.0, 71.625]","[-0.83837890625, 0.685546875, 0.041015625]"
16253242372,"std_msgs.msg.Header(stamp=builtin_interfaces.msg.Time(sec=1731185799, nanosec=512127417), frame_id='RL_myo')","geometry_msgs.msg.Quaternion(x=-0.6143927259256114, y=-0.44002896135131203, z=-0.5003269660413393, w=-0.42257427578314627)",[0. 0. 0. 0. 0. 0. 0. 0. 0.],"geometry_msgs.msg.Vector3(x=-213.0625, y=-176.125, z=77.25)",[0. 0. 0. 0. 0. 0. 0. 0. 0.],"geometry_msgs.msg.Vector3(x=-0.61083984375, y=0.5615234375, z=0.22216796875)",[0. 0. 0. 0. 0. 0. 0. 0. 0.],False,34.852221656,"[-0.6143927259256114, -0.44002896135131203, -0.5003269660413393, -0.42257427578314627]","[-213.0625, -176.125, 77.25]","[-0.61083984375, 0.5615234375, 0.22216796875]"
16272727584,"std_msgs.msg.Header(stamp=builtin_interfaces.msg.Time(sec=1731185799, nanosec=531682296), frame_id='RL_myo')","geometry_msgs.msg.Quaternion(x=-0.6410687792969135, y=-0.4390564354781032, z=-0.45620612388084814, w=-0.43374674547440634)",[0. 0. 0. 0. 0. 0. 0. 0. 0.],"geometry_msgs.msg.Vector3(x=-207.875, y=-202.3125, z=89.5)",[0. 0. 0. 0. 0. 0. 0. 0. 0.],"geometry_msgs.msg.Vector3(x=-0.52880859375, y=0.77197265625, z=0.28466796875)",[0. 0. 0. 0. 0. 0. 0. 0. 0.],False,34.871706868,"[-0.6410687792969135, -0.4390564354781032, -0.45620612388084814, -0.43374674547440634]","[-207.875, -202.3125, 89.5]","[-0.52880859375, 0.77197265625, 0.28466796875]"
16290787767,"std_msgs.msg.Header(stamp=builtin_interfaces.msg.Time(sec=1731185799, nanosec=549697272), frame_id='RL_myo')","geometry_msgs.msg.Quaternion(x=-0.6640825105005607, y=-0.44272167366704046, z=-0.41470826751689277, w=-0.4370457547738733)",[0. 0. 0. 0. 0. 0. 0. 0. 0.],"geometry_msgs.msg.Vector3(x=-156.875, y=-215.625, z=77.1875)",[0. 0. 0. 0. 0. 0. 0. 0. 0.],"geometry_msgs.msg.Vector3(x=-0.66064453125, y=0.99267578125, z=0.2666015625)",[0. 0. 0. 0. 0. 0. 0. 0. 0.],False,34.889767051,"[-0.6640825105005607, -0.44272167366704046, -0.41470826751689277, -0.4370457547738733]","[-156.875, -215.625, 77.1875]","[-0.66064453125, 0.99267578125, 0.2666015625]"
16313176965,"std_msgs.msg.Header(stamp=builtin_interfaces.msg.Time(sec=1731185799, nanosec=572072234), frame_id='RL_myo')","geometry_msgs.msg.Quaternion(x=-0.6853442564175148, y=-0.44688669030982664, z=-0.374806223052806, w=-0.4360227418155424)",[0. 0. 0. 0. 0. 0. 0. 0. 0.],"geometry_msgs.msg.Vector3(x=-134.9375, y=-218.6875, z=64.8125)",[0. 0. 0. 0. 0. 0. 0. 0. 0.],"geometry_msgs.msg.Vector3(x=-0.8095703125, y=1.041015625, z=0.42919921875)",[0. 0. 0. 0. 0. 0. 0. 0. 0.],False,34.912156249,"[-0.6853442564175148, -0.44688669030982664, -0.374806223052806, -0.4360227418155424]","[-134.9375, -218.6875, 64.8125]","[-0.8095703125, 1.041015625, 0.42919921875]"
16333536045,"std_msgs.msg.Header(stamp=builtin_interfaces.msg.Time(sec=1731185799, nanosec=592306575), frame_id='RL_myo')","geometry_msgs.msg.Quaternion(x=-0.7089839224016039, y=-0.4482033163568373, z=-0.32864581407701104, w=-0.43410541792567864)",[0. 0. 0. 0. 0. 0. 0. 0. 0.],"geometry_msgs.msg.Vector3(x=-165.4375, y=-244.25, z=63.75)",[0. 0. 0. 0. 0. 0. 0. 0. 0.],"geometry_msgs.msg.Vector3(x=-0.64501953125, y=0.865234375, z=0.46875)",[0. 0. 0. 0. 0. 0. 0. 0. 0.],False,34.932515329,"[-0.7089839224016039, -0.4482033163568373, -0.32864581407701104, -0.43410541792567864]","[-165.4375, -244.25, 63.75]","[-0.64501953125, 0.865234375, 0.46875]"
16349313795,"std_msgs.msg.Header(stamp=builtin_interfaces.msg.Time(sec=1731185799, nanosec=608101931), frame_id='RL_myo')","geometry_msgs.msg.Quaternion(x=-0.7303771506247909, y=-0.4443783766774549, z=-0.28392366547225933, w=-0.4341248995064877)",[0. 0. 0. 0. 0. 0. 0. 0. 0.],"geometry_msgs.msg.Vector3(x=-184.875, y=-218.0, z=65.9375)",[0. 0. 0. 0. 0. 0. 0. 0. 0.],"geometry_msgs.msg.Vector3(x=-0.76708984375, y=1.05712890625, z=0.36962890625)",[0. 0. 0. 0. 0. 0. 0. 0. 0.],False,34.948293079,"[-0.7303771506247909, -0.4443783766774549, -0.28392366547225933, -0.4341248995064877]","[-184.875, -218.0, 65.9375]","[-0.76708984375, 1.05712890625, 0.36962890625]"
16370259790,"std_msgs.msg.Header(stamp=builtin_interfaces.msg.Time(sec=1731185799, nanosec=629157199), frame_id='RL_myo')","geometry_msgs.msg.Quaternion(x=-0.7462890214768986, y=-0.44308621981700064, z=-0.23985245783482265, w=-0.43496907556966435)",[0. 0. 0. 0. 0. 0. 0. 0. 0.],"geometry_msgs.msg.Vector3(x=-159.8125, y=-210.125, z=83.6875)",[0. 0. 0. 0. 0. 0. 0. 0. 0.],"geometry_msgs.msg.Vector3(x=-0.58740234375, y=1.08837890625, z=0.44970703125)",[0. 0. 0. 0. 0. 0. 0. 0. 0.],False,34.969239074,"[-0.7462890214768986, -0.44308621981700064, -0.23985245783482265, -0.43496907556966435]","[-159.8125, -210.125, 83.6875]","[-0.58740234375, 1.08837890625, 0.44970703125]"
16392945053,"std_msgs.msg.Header(stamp=builtin_interfaces.msg.Time(sec=1731185799, nanosec=651760864), frame_id='RL_myo')","geometry_msgs.msg.Quaternion(x=-0.7586598489294166, y=-0.4431720967881331, z=-0.19915583966666828, w=-0.4340169095524603)",[0. 0. 0. 0. 0. 0. 0. 0. 0.],"geometry_msgs.msg.Vector3(x=-133.125, y=-198.9375, z=77.375)",[0. 0. 0. 0. 0. 0. 0. 0. 0.],"geometry_msgs.msg.Vector3(x=-0.50244140625, y=1.01025390625, z=0.51953125)",[0. 0. 0. 0. 0. 0. 0. 0. 0.],False,34.991924337,"[-0.7586598489294166, -0.4431720967881331, -0.19915583966666828, -0.4340169095524603]","[-133.125, -198.9375, 77.375]","[-0.50244140625, 1.01025390625, 0.51953125]"
16416864906,"std_msgs.msg.Header(stamp=builtin_interfaces.msg.Time(sec=1731185799, nanosec=675661602), frame_id='RL_myo')","geometry_msgs.msg.Quaternion(x=-0.7680875237636055, y=-0.4441907825150195, z=-0.1613075347880182, w=-0.43210644960240974)",[0. 0. 0. 0. 0. 0. 0. 0. 0.],"geometry_msgs.msg.Vector3(x=-114.5, y=-186.5625, z=72.0)",[0. 0. 0. 0. 0. 0. 0. 0. 0.],"geometry_msgs.msg.Vector3(x=-0.26220703125, y=1.1005859375, z=0.55224609375)",[0. 0. 0. 0. 0. 0. 0. 0. 0.],False,35.01584419,"[-0.7680875237636055, -0.4441907825150195, -0.1613075347880182, -0.43210644960240974]","[-114.5, -186.5625, 72.0]","[-0.26220703125, 1.1005859375, 0.55224609375]"
16416864906,"std_msgs.msg.Header(stamp=builtin_interfaces.msg.Time(sec=1731185770, nanosec=411348132), frame_id='RU_myo')","geometry_msgs.msg.Quaternion(x=0.6623995539258503, y=0.2829525782733108, z=-0.693282643789158, w=-0.02288766541253053)",[0. 0. 0. 0. 0. 0. 0. 0. 0.],"geometry_msgs.msg.Vector3(x=1.0, y=2.4375, z=0.375)",[0. 0. 0. 0. 0. 0. 0. 0. 0.],"geometry_msgs.msg.Vector3(x=0.9228515625, y=0.39013671875, z=-0.13232421875)",[0. 0. 0. 0. 0. 0. 0. 0. 0.],False,5.760887909,"[0.6623995539258503, 0.2829525782733108, -0.693282643789158, -0.02288766541253053]","[1.0, 2.4375, 0.375]","[0.9228515625, 0.39013671875, -0.13232421875]"
16445464292,"std_msgs.msg.Header(stamp=builtin_interfaces.msg.Time(sec=1731185770, nanosec=439915346), frame_id='RU_myo')","geometry_msgs.msg.Quaternion(x=0.6623037486037272, y=0.2824144728402401, z=-0.6936153164807627, w=-0.022217174867916016)",[0. 0. 0. 0. 0. 0. 0. 0. 0.],"geometry_msgs.msg.Vector3(x=-0.125, y=0.625, z=3.6875)",[0. 0. 0. 0. 0. 0. 0. 0. 0.],"geometry_msgs.msg.Vector3(x=0.91943359375, y=0.3876953125, z=-0.1416015625)",[0. 0. 0. 0. 0. 0. 0. 0. 0.],False,5.789487295,"[0.6623037486037272, 0.2824144728402401, -0.6936153164807627, -0.022217174867916016]","[-0.125, 0.625, 3.6875]","[0.91943359375, 0.3876953125, -0.1416015625]"
16454536248,"std_msgs.msg.Header(stamp=builtin_interfaces.msg.Time(sec=1731185770, nanosec=448979059), frame_id='RU_myo')","geometry_msgs.msg.Quaternion(x=0.6627084480308665, y=0.28155038411921046, z=-0.6935917114959262, w=-0.021850214072117354)",[0. 0. 0. 0. 0. 0. 0. 0. 0.],"geometry_msgs.msg.Vector3(x=-3.0, y=2.6875, z=2.75)",[0. 0. 0. 0. 0. 0. 0. 0. 0.],"geometry_msgs.msg.Vector3(x=0.95166015625, y=0.39306640625, z=-0.13720703125)",[0. 0. 0. 0. 0. 0. 0. 0. 0.],False,5.798559251,"[0.6627084480308665, 0.28155038411921046, -0.6935917114959262, -0.021850214072117354]","[-3.0, 2.6875, 2.75]","[0.95166015625, 0.39306640625, -0.13720703125]"
16476835379,"std_msgs.msg.Header(stamp=builtin_interfaces.msg.Time(sec=1731185770, nanosec=471292105), frame_id='RU_myo')","geometry_msgs.msg.Quaternion(x=0.6635025070010856, y=0.2805740984899265, z=-0.6932261498039123, w=-0.021911268513788034)",[0. 0. 0. 0. 0. 0. 0. 0. 0.],"geometry_msgs.msg.Vector3(x=-6.3125, y=5.5, z=0.1875)",[0. 0. 0. 0. 0. 0. 0. 0. 0.],"geometry_msgs.msg.Vector3(x=0.96142578125, y=0.3798828125, z=-0.1455078125)",[0. 0. 0. 0. 0. 0. 0. 0. 0.],False,5.820858382,"[0.6635025070010856, 0.2805740984899265, -0.6932261498039123, -0.021911268513788034]","[-6.3125, 5.5, 0.1875]","[0.96142578125, 0.3798828125, -0.1455078125]"
16505570255,"std_msgs.msg.Header(stamp=builtin_interfaces.msg.Time(sec=1731185770, nanosec=500007760), frame_id='RU_myo')","geometry_msgs.msg.Quaternion(x=0.6637665796862151, y=0.2788124814718741, z=-0.6936742232766745, w=-0.022217106667198373)",[0. 0. 0. 0. 0. 0. 0. 0. 0.],"geometry_msgs.msg.Vector3(x=-10.875, y=3.125, z=2.875)",[0. 0. 0. 0. 0. 0. 0. 0. 0.],"geometry_msgs.msg.Vector3(x=0.94677734375, y=0.361328125, z=-0.19189453125)",[0. 0. 0. 0. 0. 0. 0. 0. 0.],False,5.849593258,"[0.6637665796862151, 0.2788124814718741, -0.6936742232766745, -0.022217106667198373]","[-10.875, 3.125, 2.875]","[0.94677734375, 0.361328125, -0.19189453125]"
16514474364,"std_msgs.msg.Header(stamp=builtin_interfaces.msg.Time(sec=1731185770, nanosec=508906573), frame_id='RU_myo')","geometry_msgs.msg.Quaternion(x=0.6637698734698887, y=0.276738630465515, z=-0.694471137502565, w=-0.023132761567364397)",[0. 0. 0. 0. 0. 0. 0. 0. 0.],"geometry_msgs.msg.Vector3(x=-13.875, y=0.8125, z=5.4375)",[0. 0. 0. 0. 0. 0. 0. 0. 0.],"geometry_msgs.msg.Vector3(x=0.91552734375, y=0.39501953125, z=-0.20703125)",[0. 0. 0. 0. 0. 0. 0. 0. 0.],False,5.858497367,"[0.6637698734698887, 0.276738630465515, -0.694471137502565, -0.023132761567364397]","[-13.875, 0.8125, 5.4375]","[0.91552734375, 0.39501953125, -0.20703125]"
16537011223,"std_msgs.msg.Header(stamp=builtin_interfaces.msg.Time(sec=1731185770, nanosec=531425545), frame_id='RU_myo')","geometry_msgs.msg.Quaternion(x=0.6640675219229116, y=0.27551477885661974, z=-0.6945853308348101, w=-0.02563495948599475)",[0. 0. 0. 0. 0. 0. 0. 0. 0.],"geometry_msgs.msg.Vector3(x=-16.1875, y=-0.25, z=-0.9375)",[0. 0. 0. 0. 0. 0. 0. 0. 0.],"geometry_msgs.msg.Vector3(x=0.943359375, y=0.470703125, z=-0.1728515625)",[0. 0. 0. 0. 0. 0. 0. 0. 0.],False,5.881034226,"[0.6640675219229116, 0.27551477885661974, -0.6945853308348101, -0.02563495948599475]","[-16.1875, -0.25, -0.9375]","[0.943359375, 0.470703125, -0.1728515625]"
16558296734,"std_msgs.msg.Header(stamp=builtin_interfaces.msg.Time(sec=1731185770, nanosec=552542720), frame_id='RU_myo')","geometry_msgs.msg.Quaternion(x=0.6632919923624104, y=0.2763767499233454, z=-0.6947261854301053, w=-0.03186145394434326)",[0. 0. 0. 0. 0. 0. 0. 0. 0.],"geometry_msgs.msg.Vector3(x=-20.625, y=-9.0625, z=-16.3125)",[0. 0. 0. 0. 0. 0. 0. 0. 0.],"geometry_msgs.msg.Vector3(x=0.91162109375, y=0.57861328125, z=-0.18359375)",[0. 0. 0. 0. 0. 0. 0. 0. 0.],False,5.902319737,"[0.6632919923624104, 0.2763767499233454, -0.6947261854301053, -0.03186145394434326]","[-20.625, -9.0625, -16.3125]","[0.91162109375, 0.57861328125, -0.18359375]"
16574691424,"std_msgs.msg.Header(stamp=builtin_interfaces.msg.Time(sec=1731185770, nanosec=569093457), frame_id='RU_myo')","geometry_msgs.msg.Quaternion(x=0.6618041548413247, y=0.278625469597957, z=-0.6947631370062528, w=-0.04107665740184557)",[0. 0. 0. 0. 0. 0. 0. 0. 0.],"geometry_msgs.msg.Vector3(x=-26.875, y=-13.8125, z=-31.0625)",[0. 0. 0. 0. 0. 0. 0. 0. 0.],"geometry_msgs.msg.Vector3(x=0.9267578125, y=0.654296875, z=-0.22412109375)",[0. 0. 0. 0. 0. 0. 0. 0. 0.],False,5.918714427,"[0.6618041548413247, 0.278625469597957, -0.6947631370062528, -0.04107665740184557]","[-26.875, -13.8125, -31.0625]","[0.9267578125, 0.654296875, -0.22412109375]"
16597034493,"std_msgs.msg.Header(stamp=builtin_interfaces.msg.Time(sec=1731185770, nanosec=591336356), frame_id='RU_myo')","geometry_msgs.msg.Quaternion(x=0.662107267343404, y=0.28057772013068105, z=-0.6929909580952257, w=-0.05151350789434301)",[0. 0. 0. 0. 0. 0. 0. 0. 0.],"geometry_msgs.msg.Vector3(x=-32.4375, y=-10.5, z=-37.875)",[0. 0. 0. 0. 0. 0. 0. 0. 0.],"geometry_msgs.msg.Vector3(x=1.01953125, y=0.703125, z=-0.1025390625)",[0. 0. 0. 0. 0. 0. 0. 0. 0.],False,5.941057496,"[0.662107267343404, 0.28057772013068105, -0.6929909580952257, -0.05151350789434301]","[-32.4375, -10.5, -37.875]","[1.01953125, 0.703125, -0.1025390625]"
16602496347,"std_msgs.msg.Header(stamp=builtin_interfaces.msg.Time(sec=1731185770, nanosec=596904348), frame_id='RU_myo')","geometry_msgs.msg.Quaternion(x=0.665635619712681, y=0.2826479511176807, z=-0.6879129900771711, w=-0.06176629810647655)",[0. 0. 0. 0. 0. 0. 0. 0. 0.],"geometry_msgs.msg.Vector3(x=-34.75, y=8.8125, z=-45.8125)",[0. 0. 0. 0. 0. 0. 0. 0. 0.],"geometry_msgs.msg.Vector3(x=1.10888671875, y=0.71533203125, z=0.001953125)",[0. 0. 0. 0. 0. 0. 0. 0. 0.],False,5.94651935,"[0.665635619712681, 0.2826479511176807, -0.6879129900771711, -0.06176629810647655]","[-34.75, 8.8125, -45.8125]","[1.10888671875, 0.71533203125, 0.001953125]"
16625250249,"std_msgs.msg.Header(stamp=builtin_interfaces.msg.Time(sec=1731185770, nanosec=619472169), frame_id='RU_myo')","geometry_msgs.msg.Quaternion(x=0.6729737669382249, y=0.2853394123377654, z=-0.6785890024323584, w=-0.07214356906593342)",[0. 0. 0. 0. 0. 0. 0. 0. 0.],"geometry_msgs.msg.Vector3(x=-35.625, y=30.75, z=-56.125)",[0. 0. 0. 0. 0. 0. 0. 0. 0.],"geometry_msgs.msg.Vector3(x=1.19580078125, y=0.76513671875, z=0.169921875)",[0. 0. 0. 0. 0. 0. 0. 0. 0.],False,5.969273252,"[0.6729737669382249, 0.2853394123377654, -0.6785890024323584, -0.07214356906593342]","[-35.625, 30.75, -56.125]","[1.19580078125, 0.76513671875, 0.169921875]"
16647386065,"std_msgs.msg.Header(stamp=builtin_interfaces.msg.Time(sec=1731185770, nanosec=641710577), frame_id='RU_myo')","geometry_msgs.msg.Quaternion(x=0.6837429237022226, y=0.29047782305828224, z=-0.6641498618821535, w=-0.08380459152322367)",[0. 0. 0. 0. 0. 0. 0. 0. 0.],"geometry_msgs.msg.Vector3(x=-36.75, y=60.4375, z=-75.125)",[0. 0. 0. 0. 0. 0. 0. 0. 0.],"geometry_msgs.msg.Vector3(x=1.13671875, y=0.81787109375, z=0.263671875)",[0. 0. 0. 0. 0. 0. 0. 0. 0.],False,5.991409068,"[0.6837429237022226, 0.29047782305828224, -0.6641498618821535, -0.08380459152322367]","[-36.75, 60.4375, -75.125]","[1.13671875, 0.81787109375, 0.263671875]"
16662587198,"std_msgs.msg.Header(stamp=builtin_interfaces.msg.Time(sec=1731185770, nanosec=656883286), frame_id='RU_myo')","geometry_msgs.msg.Quaternion(x=0.6963471780080132, y=0.2965685807643909, z=-0.6462375248267896, w=-0.09759480564771786)",[0. 0. 0. 0. 0. 0. 0. 0. 0.],"geometry_msgs.msg.Vector3(x=-46.0625, y=78.1875, z=-93.625)",[0. 0. 0. 0. 0. 0. 0. 0. 0.],"geometry_msgs.msg.Vector3(x=1.044921875, y=0.794921875, z=0.3134765625)",[0. 0. 0. 0. 0. 0. 0. 0. 0.],False,6.006610201,"[0.6963471780080132, 0.2965685807643909, -0.6462375248267896, -0.09759480564771786]","[-46.0625, 78.1875, -93.625]","[1.044921875, 0.794921875, 0.3134765625]"
16684907444,"std_msgs.msg.Header(stamp=builtin_interfaces.msg.Time(sec=1731185770, nanosec=679200797), frame_id='RU_myo')","geometry_msgs.msg.Quaternion(x=0.7075915295480543, y=0.3044480763724398, z=-0.6278783804417178, w=-0.11132984990042707)",[0. 0. 0. 0. 0. 0. 0. 0. 0.],"geometry_msgs.msg.Vector3(x=-45.75, y=91.6875, z=-106.75)",[0. 0. 0. 0. 0. 0. 0. 0. 0.],"geometry_msgs.msg.Vector3(x=1.015625, y=0.8544921875, z=0.3486328125)",[0. 0. 0. 0. 0. 0. 0. 0. 0.],False,6.028930447,"[0.7075915295480543, 0.3044480763724398, -0.6278783804417178, -0.11132984990042707]","[-45.75, 91.6875, -106.75]","[1.015625, 0.8544921875, 0.3486328125]"
16702154395,"std_msgs.msg.Header(stamp=builtin_interfaces.msg.Time(sec=1731185770, nanosec=696366344), frame_id='RU_myo')","geometry_msgs.msg.Quaternion(x=0.7215059289824969, y=0.3133585516788883, z=-0.604377946771397, w=-0.1263444102016554)",[0. 0. 0. 0. 0. 0. 0. 0. 0.],"geometry_msgs.msg.Vector3(x=-55.6875, y=122.875, z=-125.375)",[0. 0. 0. 0. 0. 0. 0. 0. 0.],"geometry_msgs.msg.Vector3(x=1.134765625, y=0.83984375, z=0.2509765625)",[0. 0. 0. 0. 0. 0. 0. 0. 0.],False,6.046177398,"[0.7215059289824969, 0.3133585516788883, -0.604377946771397, -0.1263444102016554]","[-55.6875, 122.875, -125.375]","[1.134765625, 0.83984375, 0.2509765625]"
16722382312,"std_msgs.msg.Header(stamp=builtin_interfaces.msg.Time(sec=1731185770, nanosec=716797048), frame_id='RU_myo')","geometry_msgs.msg.Quaternion(x=0.7371302169544383, y=0.3217200773012208, z=-0.5765448397244037, w=-0.1439836202530032)",[0. 0. 0. 0. 0. 0. 0. 0. 0.],"geometry_msgs.msg.Vector3(x=-71.6875, y=140.4375, z=-143.8125)",[0. 0. 0. 0. 0. 0. 0. 0. 0.],"geometry_msgs.msg.Vector3(x=1.0869140625, y=0.6943359375, z=0.41162109375)",[0. 0. 0. 0. 0. 0. 0. 0. 0.],False,6.066405315,"[0.7371302169544383, 0.3217200773012208, -0.5765448397244037, -0.1439836202530032]","[-71.6875, 140.4375, -143.8125]","[1.0869140625, 0.6943359375, 0.41162109375]"
16744950890,"std_msgs.msg.Header(stamp=builtin_interfaces.msg.Time(sec=1731185770, nanosec=739374464), frame_id='RU_myo')","geometry_msgs.msg.Quaternion(x=0.7545952174569129, y=0.3284378278035791, z=-0.5448735344364525, w=-0.16070931064984645)",[0. 0. 0. 0. 0. 0. 0. 0. 0.],"geometry_msgs.msg.Vector3(x=-81.625, y=162.875, z=-140.9375)",[0. 0. 0. 0. 0. 0. 0. 0. 0.],"geometry_msgs.msg.Vector3(x=1.00146484375, y=0.607421875, z=0.521484375)",[0. 0. 0. 0. 0. 0. 0. 0. 0.],False,6.088973893,"[0.7545952174569129, 0.3284378278035791, -0.5448735344364525, -0.16070931064984645]","[-81.625, 162.875, -140.9375]","[1.00146484375, 0.607421875, 0.521484375]"
16759898686,"std_msgs.msg.Header(stamp=builtin_interfaces.msg.Time(sec=1731185770, nanosec=754293382), frame_id='RU_myo')","geometry_msgs.msg.Quaternion(x=0.777193838093559, y=0.33045844965354026, z=-0.5060640942145368, w=-0.1751173424558565)",[0. 0. 0. 0. 0. 0. 0. 0. 0.],"geometry_msgs.msg.Vector3(x=-109.3125, y=209.875, z=-127.375)",[0. 0. 0. 0. 0. 0. 0. 0. 0.],"geometry_msgs.msg.Vector3(x=0.94873046875, y=0.46533203125, z=0.6455078125)",[0. 0. 0. 0. 0. 0. 0. 0. 0.],False,6.103921689,"[0.777193838093559, 0.33045844965354026, -0.5060640942145368, -0.1751173424558565]","[-109.3125, 209.875, -127.375]","[0.94873046875, 0.46533203125, 0.6455078125]"
16786136132,"std_msgs.msg.Header(stamp=builtin_interfaces.msg.Time(sec=1731185770, nanosec=780527523), frame_id='RU_myo')","geometry_msgs.msg.Quaternion(x=0.8025502590022356, y=0.33074909525691043, z=-0.4612420950094984, w=-0.18377662406690481)",[0. 0. 0. 0. 0. 0. 0. 0. 0.],"geometry_msgs.msg.Vector3(x=-112.3125, y=255.875, z=-105.3125)",[0. 0. 0. 0. 0. 0. 0. 0. 0.],"geometry_msgs.msg.Vector3(x=0.92431640625, y=0.46435546875, z=0.65283203125)",[0. 0. 0. 0. 0. 0. 0. 0. 0.],False,6.130159135,"[0.8025502590022356, 0.33074909525691043, -0.4612420950094984, -0.18377662406690481]","[-112.3125, 255.875, -105.3125]","[0.92431640625, 0.46435546875, 0.65283203125]"
16804885890,"std_msgs.msg.Header(stamp=builtin_interfaces.msg.Time(sec=1731185770, nanosec=799265695), frame_id='RU_myo')","geometry_msgs.msg.Quaternion(x=0.8270846000605472, y=0.3306263211960729, z=-0.4133286777071821, w=-0.18914730836009414)",[0. 0. 0. 0. 0. 0. 0. 0. 0.],"geometry_msgs.msg.Vector3(x=-107.625, y=274.875, z=-94.75)",[0. 0. 0. 0. 0. 0. 0. 0. 0.],"geometry_msgs.msg.Vector3(x=0.81396484375, y=0.49951171875, z=0.6640625)",[0. 0. 0. 0. 0. 0. 0. 0. 0.],False,6.148908893,"[0.8270846000605472, 0.3306263211960729, -0.4133286777071821, -0.18914730836009414]","[-107.625, 274.875, -94.75]","[0.81396484375, 0.49951171875, 0.6640625]"
16819859154,"std_msgs.msg.Header(stamp=builtin_interfaces.msg.Time(sec=1731185770, nanosec=814244929), frame_id='RU_myo')","geometry_msgs.msg.Quaternion(x=0.8492680174206572, y=0.3291111937568049, z=-0.3649398789821841, w=-0.19299881206584146)",[0. 0. 0. 0. 0. 0. 0. 0. 0.],"geometry_msgs.msg.Vector3(x=-108.875, y=275.5, z=-88.3125)",[0. 0. 0. 0. 0. 0. 0. 0. 0.],"geometry_msgs.msg.Vector3(x=0.814453125, y=0.51025390625, z=0.57861328125)",[0. 0. 0. 0. 0. 0. 0. 0. 0.],False,6.163882157,"[0.8492680174206572, 0.3291111937568049, -0.3649398789821841, -0.19299881206584146]","[-108.875, 275.5, -88.3125]","[0.814453125, 0.51025390625, 0.57861328125]"
16842625826,"std_msgs.msg.Header(stamp=builtin_interfaces.msg.Time(sec=1731185770, nanosec=836973016), frame_id='RU_myo')","geometry_msgs.msg.Quaternion(x=0.8699652695128687, y=0.3252680082252212, z=-0.3158072198456172, w=-0.1939766804540726)",[0. 0. 0. 0. 0. 0. 0. 0. 0.],"geometry_msgs.msg.Vector3(x=-112.25, y=280.5, z=-72.9375)",[0. 0. 0. 0. 0. 0. 0. 0. 0.],"geometry_msgs.msg.Vector3(x=0.79541015625, y=0.42236328125, z=0.55078125)",[0. 0. 0. 0. 0. 0. 0. 0. 0.],False,6.186648829,"[0.8699652695128687, 0.3252680082252212, -0.3158072198456172, -0.1939766804540726]","[-112.25, 280.5, -72.9375]","[0.79541015625, 0.42236328125, 0.55078125]"
16866409567,"std_msgs.msg.Header(stamp=builtin_interfaces.msg.Time(sec=1731185770, nanosec=860826947), frame_id='RU_myo')","geometry_msgs.msg.Quaternion(x=0.8877748715837767, y=0.3220282036765903, z=-0.2686823640228109, w=-0.18964018741909894)",[0. 0. 0. 0. 0. 0. 0. 0. 0.],"geometry_msgs.msg.Vector3(x=-92.25, y=276.875, z=-47.1875)",[0. 0. 0. 0. 0. 0. 0. 0. 0.],"geometry_msgs.msg.Vector3(x=0.72119140625, y=0.35400390625, z=0.50341796875)",[0. 0. 0. 0. 0. 0. 0. 0. 0.],False,6.21043257,"[0.8877748715837767, 0.3220282036765903, -0.2686823640228109, -0.18964018741909894]","[-92.25, 276.875, -47.1875]","[0.72119140625, 0.35400390625, 0.50341796875]"
16879936909,"std_msgs.msg.Header(stamp=builtin_interfaces.msg.Time(sec=1731185770, nanosec=874298527), frame_id='RU_myo')","geometry_msgs.msg.Quaternion(x=0.9012967752228589, y=0.3245425270120507, z=-0.22559886775184115, w=-0.17731729188828424)",[0. 0. 0. 0. 0. 0. 0. 0. 0.],"geometry_msgs.msg.Vector3(x=-38.125, y=271.1875, z=-12.6875)",[0. 0. 0. 0. 0. 0. 0. 0. 0.],"geometry_msgs.msg.Vector3(x=0.70751953125, y=0.32275390625, z=0.54736328125)",[0. 0. 0. 0. 0. 0. 0. 0. 0.],False,6.223959912,"[0.9012967752228589, 0.3245425270120507, -0.22559886775184115, -0.17731729188828424]","[-38.125, 271.1875, -12.6875]","[0.70751953125, 0.32275390625, 0.54736328125]"
16902700412,"std_msgs.msg.Header(stamp=builtin_interfaces.msg.Time(sec=1731185770, nanosec=896964467), frame_id='RU_myo')","geometry_msgs.msg.Quaternion(x=0.9105360324748456, y=0.33234137932869917, z=-0.18597689307888823, w=-0.16089106995600572)",[0. 0. 0. 0. 0. 0. 0. 0. 0.],"geometry_msgs.msg.Vector3(x=6.6875, y=260.3125, z=4.75)",[0. 0. 0. 0. 0. 0. 0. 0. 0.],"geometry_msgs.msg.Vector3(x=0.58154296875, y=0.26318359375, z=0.541015625)",[0. 0. 0. 0. 0. 0. 0. 0. 0.],False,6.246723415,"[0.9105360324748456, 0.33234137932869917, -0.18597689307888823, -0.16089106995600572]","[6.6875, 260.3125, 4.75]","[0.58154296875, 0.26318359375, 0.541015625]"
16927958661,"std_msgs.msg.Header(stamp=builtin_interfaces.msg.Time(sec=1731185770, nanosec=922386667), frame_id='RU_myo')","geometry_msgs.msg.Quaternion(x=0.9149355221440483, y=0.3463815268957621, z=-0.15216372626451716, w=-0.14056681170765464)",[0. 0. 0. 0. 0. 0. 0. 0. 0.],"geometry_msgs.msg.Vector3(x=57.0, y=238.125, z=25.125)",[0. 0. 0. 0. 0. 0. 0. 0. 0.],"geometry_msgs.msg.Vector3(x=0.54052734375, y=0.32861328125, z=0.48388671875)",[0. 0. 0. 0. 0. 0. 0. 0. 0.],False,6.271981664,"[0.9149355221440483, 0.3463815268957621, -0.15216372626451716, -0.14056681170765464]","[57.0, 238.125, 25.125]","[0.54052734375, 0.32861328125, 0.48388671875]"
16941302000,"std_msgs.msg.Header(stamp=builtin_interfaces.msg.Time(sec=1731185770, nanosec=935689701), frame_id='RU_myo')","geometry_msgs.msg.Quaternion(x=0.9134384171524305, y=0.3697701257005963, z=-0.12378570731607946, w=-0.11652214756725625)",[0. 0. 0. 0. 0. 0. 0. 0. 0.],"geometry_msgs.msg.Vector3(x=125.75, y=218.875, z=43.125)",[0. 0. 0. 0. 0. 0. 0. 0. 0.],"geometry_msgs.msg.Vector3(x=0.49609375, y=0.41162109375, z=0.595703125)",[0. 0. 0. 0. 0. 0. 0. 0. 0.],False,6.285325003,"[0.9134384171524305, 0.3697701257005963, -0.12378570731607946, -0.11652214756725625]","[125.75, 218.875, 43.125]","[0.49609375, 0.41162109375, 0.595703125]"
16962520459,"std_msgs.msg.Header(stamp=builtin_interfaces.msg.Time(sec=1731185770, nanosec=956920305), frame_id='RU_myo')","geometry_msgs.msg.Quaternion(x=0.9053025141021956, y=0.403272229684008, z=-0.09961257436723188, w=-0.0887479676041392)",[0. 0. 0. 0. 0. 0. 0. 0. 0.],"geometry_msgs.msg.Vector3(x=195.5, y=205.625, z=61.25)",[0. 0. 0. 0. 0. 0. 0. 0. 0.],"geometry_msgs.msg.Vector3(x=0.384765625, y=0.52587890625, z=0.42724609375)",[0. 0. 0. 0. 0. 0. 0. 0. 0.],False,6.306543462,"[0.9053025141021956, 0.403272229684008, -0.09961257436723188, -0.0887479676041392]","[195.5, 205.625, 61.25]","[0.384765625, 0.52587890625, 0.42724609375]"
16984981961,"std_msgs.msg.Header(stamp=builtin_interfaces.msg.Time(sec=1731185770, nanosec=979413879), frame_id='RU_myo')","geometry_msgs.msg.Quaternion(x=0.8958607869613406, y=0.43355584722943397, z=-0.07355128761248317, w=-0.06366306471354352)",[0. 0. 0. 0. 0. 0. 0. 0. 0.],"geometry_msgs.msg.Vector3(x=177.125, y=206.8125, z=44.5)",[0. 0. 0. 0. 0. 0. 0. 0. 0.],"geometry_msgs.msg.Vector3(x=0.32177734375, y=0.44970703125, z=0.13916015625)",[0. 0. 0. 0. 0. 0. 0. 0. 0.],False,6.329004964,"[0.8958607869613406, 0.43355584722943397, -0.07355128761248317, -0.06366306471354352]","[177.125, 206.8125, 44.5]","[0.32177734375, 0.44970703125, 0.13916015625]"
16999949691,"std_msgs.msg.Header(stamp=builtin_interfaces.msg.Time(sec=1731185770, nanosec=994322742), frame_id='RU_myo')","geometry_msgs.msg.Quaternion(x=0.8867810614729507, y=0.4579179187204072, z=-0.04632893899077434, w=-0.04223929615496158)",[0. 0. 0. 0. 0. 0. 0. 0. 0.],"geometry_msgs.msg.Vector3(x=140.3125, y=200.1875, z=26.6875)",[0. 0. 0. 0. 0. 0. 0. 0. 0.],"geometry_msgs.msg.Vector3(x=0.19873046875, y=0.69775390625, z=0.0224609375)",[0. 0. 0. 0. 0. 0. 0. 0. 0.],False,6.343972694,"[0.8867810614729507, 0.4579179187204072, -0.04632893899077434, -0.04223929615496158]","[140.3125, 200.1875, 26.6875]","[0.19873046875, 0.69775390625, 0.0224609375]"
17022417757,"std_msgs.msg.Header(stamp=builtin_interfaces.msg.Time(sec=1731185771, nanosec=16813566), frame_id='RU_myo')","geometry_msgs.msg.Quaternion(x=0.8793996414040103, y=0.4749502748500454, z=-0.02044831539323547, w=-0.025697733673289952)",[0. 0. 0. 0. 0. 0. 0. 0. 0.],"geometry_msgs.msg.Vector3(x=96.0625, y=178.125, z=8.25)",[0. 0. 0. 0. 0. 0. 0. 0. 0.],"geometry_msgs.msg.Vector3(x=0.12060546875, y=0.99609375, z=0.0986328125)",[0. 0. 0. 0. 0. 0. 0. 0. 0.],False,6.36644076,"[0.8793996414040103, 0.4749502748500454, -0.02044831539323547, -0.025697733673289952]","[96.0625, 178.125, 8.25]","[0.12060546875, 0.99609375, 0.0986328125]"
17044941756,"std_msgs.msg.Header(stamp=builtin_interfaces.msg.Time(sec=1731185771, nanosec=39374334), frame_id='RU_myo')","geometry_msgs.msg.Quaternion(x=0.8747300522761435, y=0.48439450804992495, z=0.00018311284326484058, w=-0.014465914617922408)",[0. 0. 0. 0. 0. 0. 0. 0. 0.],"geometry_msgs.msg.Vector3(x=51.0, y=136.0, z=-2.125)",[0. 0. 0. 0. 0. 0. 0. 0. 0.],"geometry_msgs.msg.Vector3(x=0.0498046875, y=1.04541015625, z=0.138671875)",[0. 0. 0. 0. 0. 0. 0. 0. 0.],False,6.388964759,"[0.8747300522761435, 0.48439450804992495, 0.00018311284326484058, -0.014465914617922408]","[51.0, 136.0, -2.125]","[0.0498046875, 1.04541015625, 0.138671875]"
17059971984,"std_msgs.msg.Header(stamp=builtin_interfaces.msg.Time(sec=1731185771, nanosec=54340103), frame_id='RU_myo')","geometry_msgs.msg.Quaternion(x=0.875752458331177, y=0.4824329126463356, z=0.016968161654311902, w=-0.005310180086061639)",[0. 0. 0. 0. 0. 0. 0. 0. 0.],"geometry_msgs.msg.Vector3(x=-21.0625, y=109.1875, z=-1.125)",[0. 0. 0. 0. 0. 0. 0. 0. 0.],"geometry_msgs.msg.Vector3(x=0.005859375, y=0.79345703125, z=0.03173828125)",[0. 0. 0. 0. 0. 0. 0. 0. 0.],False,6.403994987,"[0.875752458331177, 0.4824329126463356, 0.016968161654311902, -0.005310180086061639]","[-21.0625, 109.1875, -1.125]","[0.005859375, 0.79345703125, 0.03173828125]"
17082368250,"std_msgs.msg.Header(stamp=builtin_interfaces.msg.Time(sec=1731185771, nanosec=76791481), frame_id='RU_myo')","geometry_msgs.msg.Quaternion(x=0.87946062708526, y=0.47513336488281954, z=0.027956202610011735, w=0.003967583339848827)",[0. 0. 0. 0. 0. 0. 0. 0. 0.],"geometry_msgs.msg.Vector3(x=-70.5625, y=82.25, z=11.3125)",[0. 0. 0. 0. 0. 0. 0. 0. 0.],"geometry_msgs.msg.Vector3(x=0.04541015625, y=0.6650390625, z=0.05126953125)",[0. 0. 0. 0. 0. 0. 0. 0. 0.],False,6.426391253,"[0.87946062708526, 0.47513336488281954, 0.027956202610011735, 0.003967583339848827]","[-70.5625, 82.25, 11.3125]","[0.04541015625, 0.6650390625, 0.05126953125]"
17106452194,"std_msgs.msg.Header(stamp=builtin_interfaces.msg.Time(sec=1731185771, nanosec=100844239), frame_id='RU_myo')","geometry_msgs.msg.Quaternion(x=0.8803942653065137, y=0.4727907639395629, z=0.03387540330318324, w=0.015076080388984255)",[0. 0. 0. 0. 0. 0. 0. 0. 0.],"geometry_msgs.msg.Vector3(x=-29.0625, y=62.0, z=34.625)",[0. 0. 0. 0. 0. 0. 0. 0. 0.],"geometry_msgs.msg.Vector3(x=0.04736328125, y=0.63818359375, z=0.19580078125)",[0. 0. 0. 0. 0. 0. 0. 0. 0.],False,6.450475197,"[0.8803942653065137, 0.4727907639395629, 0.03387540330318324, 0.015076080388984255]","[-29.0625, 62.0, 34.625]","[0.04736328125, 0.63818359375, 0.19580078125]"
17120057812,"std_msgs.msg.Header(stamp=builtin_interfaces.msg.Time(sec=1731185771, nanosec=114416109), frame_id='RU_myo')","geometry_msgs.msg.Quaternion(x=0.8752734396648689, y=0.4815835034139342, z=0.03588987325822475, w=0.02618495855064357)",[0. 0. 0. 0. 0. 0. 0. 0. 0.],"geometry_msgs.msg.Vector3(x=55.125, y=44.5625, z=46.125)",[0. 0. 0. 0. 0. 0. 0. 0. 0.],"geometry_msgs.msg.Vector3(x=0.08447265625, y=0.58447265625, z=0.35205078125)",[0. 0. 0. 0. 0. 0. 0. 0. 0.],False,6.464080815,"[0.8752734396648689, 0.4815835034139342, 0.03588987325822475, 0.02618495855064357]","[55.125, 44.5625, 46.125]","[0.08447265625, 0.58447265625, 0.35205078125]"
17142362786,"std_msgs.msg.Header(stamp=builtin_interfaces.msg.Time(sec=1731185771, nanosec=136785124), frame_id='RU_myo')","geometry_msgs.msg.Quaternion(x=0.8659207263624682, y=0.49768926501441924, z=0.036194473160847514, w=0.034302350617868974)",[0. 0. 0. 0. 0. 0. 0. 0. 0.],"geometry_msgs.msg.Vector3(x=99.3125, y=28.125, z=36.75)",[0. 0. 0. 0. 0. 0. 0. 0. 0.],"geometry_msgs.msg.Vector3(x=0.10791015625, y=0.7666015625, z=0.3564453125)",[0. 0. 0. 0. 0. 0. 0. 0. 0.],False,6.486385789,"[0.8659207263624682, 0.49768926501441924, 0.036194473160847514, 0.034302350617868974]","[99.3125, 28.125, 36.75]","[0.10791015625, 0.7666015625, 0.3564453125]"
17164949118,"std_msgs.msg.Header(stamp=builtin_interfaces.msg.Time(sec=1731185771, nanosec=159387860), frame_id='RU_myo')","geometry_msgs.msg.Quaternion(x=0.8565032037452003, y=0.5132793215716497, z=0.037111883400590205, w=0.03961449395885369)",[0. 0. 0. 0. 0. 0. 0. 0. 0.],"geometry_msgs.msg.Vector3(x=100.4375, y=19.375, z=26.9375)",[0. 0. 0. 0. 0. 0. 0. 0. 0.],"geometry_msgs.msg.Vector3(x=0.08837890625, y=0.99365234375, z=0.33251953125)",[0. 0. 0. 0. 0. 0. 0. 0. 0.],False,6.508972121,"[0.8565032037452003, 0.5132793215716497, 0.037111883400590205, 0.03961449395885369]","[100.4375, 19.375, 26.9375]","[0.08837890625, 0.99365234375, 0.33251953125]"
17180051988,"std_msgs.msg.Header(stamp=builtin_interfaces.msg.Time(sec=1731185771, nanosec=174406329), frame_id='RU_myo')","geometry_msgs.msg.Quaternion(x=0.8483606018021016, y=0.5263266040247156, z=0.036805629389644386, w=0.04370287005470212)",[0. 0. 0. 0. 0. 0. 0. 0. 0.],"geometry_msgs.msg.Vector3(x=79.125, y=11.6875, z=21.0625)",[0. 0. 0. 0. 0. 0. 0. 0. 0.],"geometry_msgs.msg.Vector3(x=0.05322265625, y=1.11181640625, z=0.4287109375)",[0. 0. 0. 0. 0. 0. 0. 0. 0.],False,6.524074991,"[0.8483606018021016, 0.5263266040247156, 0.036805629389644386, 0.04370287005470212]","[79.125, 11.6875, 21.0625]","[0.05322265625, 1.11181640625, 0.4287109375]"
17205227546,"std_msgs.msg.Header(stamp=builtin_interfaces.msg.Time(sec=1731185771, nanosec=199609322), frame_id='RU_myo')","geometry_msgs.msg.Quaternion(x=0.8441227151038211, y=0.5330016305073806, z=0.03595258364279056, w=0.04553586994485867)",[0. 0. 0. 0. 0. 0. 0. 0. 0.],"geometry_msgs.msg.Vector3(x=39.5625, y=1.8125, z=10.5625)",[0. 0. 0. 0. 0. 0. 0. 0. 0.],"geometry_msgs.msg.Vector3(x=0.03466796875, y=1.07861328125, z=0.4326171875)",[0. 0. 0. 0. 0. 0. 0. 0. 0.],False,6.549250549,"[0.8441227151038211, 0.5330016305073806, 0.03595258364279056, 0.04553586994485867]","[39.5625, 1.8125, 10.5625]","[0.03466796875, 1.07861328125, 0.4326171875]"
17224794679,"std_msgs.msg.Header(stamp=builtin_interfaces.msg.Time(sec=1731185771, nanosec=219289968), frame_id='RU_myo')","geometry_msgs.msg.Quaternion(x=0.8440856682008866, y=0.5332223875481196, z=0.0341198849175136, w=0.0450455725744634)",[0. 0. 0. 0. 0. 0. 0. 0. 0.],"geometry_msgs.msg.Vector3(x=-13.0, y=-10.5625, z=3.8125)",[0. 0. 0. 0. 0. 0. 0. 0. 0.],"geometry_msgs.msg.Vector3(x=-0.017578125, y=0.99658203125, z=0.25439453125)",[0. 0. 0. 0. 0. 0. 0. 0. 0.],False,6.568817682,"[0.8440856682008866, 0.5332223875481196, 0.0341198849175136, 0.0450455725744634]","[-13.0, -10.5625, 3.8125]","[-0.017578125, 0.99658203125, 0.25439453125]"
17240016589,"std_msgs.msg.Header(stamp=builtin_interfaces.msg.Time(sec=1731185771, nanosec=234354167), frame_id='RU_myo')","geometry_msgs.msg.Quaternion(x=0.8472131008149187, y=0.5285315734838891, z=0.030519203919845774, w=0.04419180727593668)",[0. 0. 0. 0. 0. 0. 0. 0. 0.],"geometry_msgs.msg.Vector3(x=-45.3125, y=-19.6875, z=5.0625)",[0. 0. 0. 0. 0. 0. 0. 0. 0.],"geometry_msgs.msg.Vector3(x=-0.00341796875, y=0.81591796875, z=0.208984375)",[0. 0. 0. 0. 0. 0. 0. 0. 0.],False,6.584039592,"[0.8472131008149187, 0.5285315734838891, 0.030519203919845774, 0.04419180727593668]","[-45.3125, -19.6875, 5.0625]","[-0.00341796875, 0.81591796875, 0.208984375]"
17262363324,"std_msgs.msg.Header(stamp=builtin_interfaces.msg.Time(sec=1731185771, nanosec=256804717), frame_id='RU_myo')","geometry_msgs.msg.Quaternion(x=0.8499001396737895, y=0.5245038710296519, z=0.02539201796210115, w=0.043825646386511125)",[0. 0. 0. 0. 0. 0. 0. 0. 0.],"geometry_msgs.msg.Vector3(x=-25.4375, y=-22.625, z=6.625)",[0. 0. 0. 0. 0. 0. 0. 0. 0.],"geometry_msgs.msg.Vector3(x=0.08984375, y=0.73876953125, z=0.427734375)",[0. 0. 0. 0. 0. 0. 0. 0. 0.],False,6.606386327,"[0.8499001396737895, 0.5245038710296519, 0.02539201796210115, 0.043825646386511125]","[-25.4375, -22.625, 6.625]","[0.08984375, 0.73876953125, 0.427734375]"
17284824256,"std_msgs.msg.Header(stamp=builtin_interfaces.msg.Time(sec=1731185771, nanosec=279299193), frame_id='RU_myo')","geometry_msgs.msg.Quaternion(x=0.848206963635462, y=0.527443607712581, z=0.019044370513404154, w=0.04455894382943921)",[0. 0. 0. 0. 0. 0. 0. 0. 0.],"geometry_msgs.msg.Vector3(x=31.6875, y=-21.75, z=8.375)",[0. 0. 0. 0. 0. 0. 0. 0. 0.],"geometry_msgs.msg.Vector3(x=0.25537109375, y=0.87646484375, z=0.64990234375)",[0. 0. 0. 0. 0. 0. 0. 0. 0.],False,6.628847259,"[0.848206963635462, 0.527443607712581, 0.019044370513404154, 0.04455894382943921]","[31.6875, -21.75, 8.375]","[0.25537109375, 0.87646484375, 0.64990234375]"
17299962727,"std_msgs.msg.Header(stamp=builtin_interfaces.msg.Time(sec=1731185771, nanosec=294355798), frame_id='RU_myo')","geometry_msgs.msg.Quaternion(x=0.84521720805823, y=0.5322054478991628, z=0.014405377417616976, w=0.04645123819833271)",[0. 0. 0. 0. 0. 0. 0. 0. 0.],"geometry_msgs.msg.Vector3(x=33.75, y=-10.6875, z=9.625)",[0. 0. 0. 0. 0. 0. 0. 0. 0.],"geometry_msgs.msg.Vector3(x=0.2646484375, y=1.2119140625, z=0.62890625)",[0. 0. 0. 0. 0. 0. 0. 0. 0.],False,6.64398573,"[0.84521720805823, 0.5322054478991628, 0.014405377417616976, 0.04645123819833271]","[33.75, -10.6875, 9.625]","[0.2646484375, 1.2119140625, 0.62890625]"
17322431165,"std_msgs.msg.Header(stamp=builtin_interfaces.msg.Time(sec=1731185771, nanosec=316905129), frame_id='RU_myo')","geometry_msgs.msg.Quaternion(x=0.8459602969615551, y=0.5310140392182922, z=0.013122760739302622, w=0.046936758179180076)",[0. 0. 0. 0. 0. 0. 0. 0. 0.],"geometry_msgs.msg.Vector3(x=-9.4375, y=-2.125, z=1.25)",[0. 0. 0. 0. 0. 0. 0. 0. 0.],"geometry_msgs.msg.Vector3(x=0.1083984375, y=1.04150390625, z=0.48876953125)",[0. 0. 0. 0. 0. 0. 0. 0. 0.],False,6.666454168,"[0.8459602969615551, 0.5310140392182922, 0.013122760739302622, 0.046936758179180076]","[-9.4375, -2.125, 1.25]","[0.1083984375, 1.04150390625, 0.48876953125]"
17344908268,"std_msgs.msg.Header(stamp=builtin_interfaces.msg.Time(sec=1731185771, nanosec=339335647), frame_id='RU_myo')","geometry_msgs.msg.Quaternion(x=0.8471995883713277, y=0.5290114432575143, z=0.01226852429846087, w=0.047426086467184554)",[0. 0. 0. 0. 0. 0. 0. 0. 0.],"geometry_msgs.msg.Vector3(x=-16.625, y=-1.3125, z=2.5625)",[0. 0. 0. 0. 0. 0. 0. 0. 0.],"geometry_msgs.msg.Vector3(x=0.0517578125, y=0.78515625, z=0.34228515625)",[0. 0. 0. 0. 0. 0. 0. 0. 0.],False,6.688931271,"[0.8471995883713277, 0.5290114432575143, 0.01226852429846087, 0.047426086467184554]","[-16.625, -1.3125, 2.5625]","[0.0517578125, 0.78515625, 0.34228515625]"
17359888537,"std_msgs.msg.Header(stamp=builtin_interfaces.msg.Time(sec=1731185771, nanosec=354329780), frame_id='RU_myo')","geometry_msgs.msg.Quaternion(x=0.8457384536540324, y=0.531455305713457, z=0.01062056083543603, w=0.0465717696404465)",[0. 0. 0. 0. 0. 0. 0. 0. 0.],"geometry_msgs.msg.Vector3(x=14.125, y=-11.3125, z=2.0)",[0. 0. 0. 0. 0. 0. 0. 0. 0.],"geometry_msgs.msg.Vector3(x=0.0224609375, y=0.9140625, z=0.41064453125)",[0. 0. 0. 0. 0. 0. 0. 0. 0.],False,6.70391154,"[0.8457384536540324, 0.531455305713457, 0.01062056083543603, 0.0465717696404465]","[14.125, -11.3125, 2.0]","[0.0224609375, 0.9140625, 0.41064453125]"
17382345949,"std_msgs.msg.Header(stamp=builtin_interfaces.msg.Time(sec=1731185771, nanosec=376755015), frame_id='RU_myo')","geometry_msgs.msg.Quaternion(x=0.8443892537848758, y=0.533709674359907, z=0.011475002147719867, w=0.04504548715434714)",[0. 0. 0. 0. 0. 0. 0. 0. 0.],"geometry_msgs.msg.Vector3(x=18.9375, y=-2.25, z=-7.5)",[0. 0. 0. 0. 0. 0. 0. 0. 0.],"geometry_msgs.msg.Vector3(x=-0.0009765625, y=0.95166015625, z=0.51123046875)",[0. 0. 0. 0. 0. 0. 0. 0. 0.],False,6.726368952,"[0.8443892537848758, 0.533709674359907, 0.011475002147719867, 0.04504548715434714]","[18.9375, -2.25, -7.5]","[-0.0009765625, 0.95166015625, 0.51123046875]"
17400243999,"std_msgs.msg.Header(stamp=builtin_interfaces.msg.Time(sec=1731185771, nanosec=394809715), frame_id='RU_myo')","geometry_msgs.msg.Quaternion(x=0.8433541891634663, y=0.5354203479295018, z=0.014893133252940999, w=0.04309242654334568)",[0. 0. 0. 0. 0. 0. 0. 0. 0.],"geometry_msgs.msg.Vector3(x=15.6875, y=7.875, z=-14.625)",[0. 0. 0. 0. 0. 0. 0. 0. 0.],"geometry_msgs.msg.Vector3(x=-0.05810546875, y=0.798828125, z=0.42724609375)",[0. 0. 0. 0. 0. 0. 0. 0. 0.],False,6.744267002,"[0.8433541891634663, 0.5354203479295018, 0.014893133252940999, 0.04309242654334568]","[15.6875, 7.875, -14.625]","[-0.05810546875, 0.798828125, 0.42724609375]"
17419951964,"std_msgs.msg.Header(stamp=builtin_interfaces.msg.Time(sec=1731185771, nanosec=414409091), frame_id='RU_myo')","geometry_msgs.msg.Quaternion(x=0.8410192023757952, y=0.5391336537183684, z=0.01800570902829375, w=0.04119950370880773)",[0. 0. 0. 0. 0. 0. 0. 0. 0.],"geometry_msgs.msg.Vector3(x=29.125, y=6.375, z=-14.0)",[0. 0. 0. 0. 0. 0. 0. 0. 0.],"geometry_msgs.msg.Vector3(x=-0.05419921875, y=0.7294921875, z=0.38623046875)",[0. 0. 0. 0. 0. 0. 0. 0. 0.],False,6.763974967,"[0.8410192023757952, 0.5391336537183684, 0.01800570902829375, 0.04119950370880773]","[29.125, 6.375, -14.0]","[-0.05419921875, 0.7294921875, 0.38623046875]"
17442439855,"std_msgs.msg.Header(stamp=builtin_interfaces.msg.Time(sec=1731185771, nanosec=436836099), frame_id='RU_myo')","geometry_msgs.msg.Quaternion(x=0.8375156153877007, y=0.5445285915657516, z=0.019715585144685323, w=0.04083506644518415)",[0. 0. 0. 0. 0. 0. 0. 0. 0.],"geometry_msgs.msg.Vector3(x=43.25, y=5.3125, z=-4.0625)",[0. 0. 0. 0. 0. 0. 0. 0. 0.],"geometry_msgs.msg.Vector3(x=-0.01611328125, y=0.71240234375, z=0.408203125)",[0. 0. 0. 0. 0. 0. 0. 0. 0.],False,6.786462858,"[0.8375156153877007, 0.5445285915657516, 0.019715585144685323, 0.04083506644518415]","[43.25, 5.3125, -4.0625]","[-0.01611328125, 0.71240234375, 0.408203125]"
17465206361,"std_msgs.msg.Header(stamp=builtin_interfaces.msg.Time(sec=1731185771, nanosec=459529168), frame_id='RU_myo')","geometry_msgs.msg.Quaternion(x=0.8330314645150304, y=0.5512851837265353, z=0.020630468567268485, w=0.04144404780229379)",[0. 0. 0. 0. 0. 0. 0. 0. 0.],"geometry_msgs.msg.Vector3(x=46.4375, y=4.4375, z=3.5)",[0. 0. 0. 0. 0. 0. 0. 0. 0.],"geometry_msgs.msg.Vector3(x=-0.0146484375, y=0.84716796875, z=0.359375)",[0. 0. 0. 0. 0. 0. 0. 0. 0.],False,6.809229364,"[0.8330314645150304, 0.5512851837265353, 0.020630468567268485, 0.04144404780229379]","[46.4375, 4.4375, 3.5]","[-0.0146484375, 0.84716796875, 0.359375]"
17482721117,"std_msgs.msg.Header(stamp=builtin_interfaces.msg.Time(sec=1731185771, nanosec=477172045), frame_id='RU_myo')","geometry_msgs.msg.Quaternion(x=0.8295167636781454, y=0.5564903851695108, z=0.021729798960222205, w=0.041811551370090475)",[0. 0. 0. 0. 0. 0. 0. 0. 0.],"geometry_msgs.msg.Vector3(x=33.625, y=5.375, z=0.5)",[0. 0. 0. 0. 0. 0. 0. 0. 0.],"geometry_msgs.msg.Vector3(x=-0.0009765625, y=0.9677734375, z=0.36083984375)",[0. 0. 0. 0. 0. 0. 0. 0. 0.],False,6.82674412,"[0.8295167636781454, 0.5564903851695108, 0.021729798960222205, 0.041811551370090475]","[33.625, 5.375, 0.5]","[-0.0009765625, 0.9677734375, 0.36083984375]"
17502302735,"std_msgs.msg.Header(stamp=builtin_interfaces.msg.Time(sec=1731185771, nanosec=496746358), frame_id='RU_myo')","geometry_msgs.msg.Quaternion(x=0.8278353380586566, y=0.5588483635821765, z=0.02337690293271883, w=0.04278644635988486)",[0. 0. 0. 0. 0. 0. 0. 0. 0.],"geometry_msgs.msg.Vector3(x=17.5, y=11.375, z=-1.5625)",[0. 0. 0. 0. 0. 0. 0. 0. 0.],"geometry_msgs.msg.Vector3(x=0.0361328125, y=1.0068359375, z=0.41455078125)",[0. 0. 0. 0. 0. 0. 0. 0. 0.],False,6.846325738,"[0.8278353380586566, 0.5588483635821765, 0.02337690293271883, 0.04278644635988486]","[17.5, 11.375, -1.5625]","[0.0361328125, 1.0068359375, 0.41455078125]"
17520566883,"std_msgs.msg.Header(stamp=builtin_interfaces.msg.Time(sec=1731185771, nanosec=514870332), frame_id='RU_myo')","geometry_msgs.msg.Quaternion(x=0.826565057044687, y=0.5604430921418044, z=0.026307010750720727, w=0.044740229420599284)",[0. 0. 0. 0. 0. 0. 0. 0. 0.],"geometry_msgs.msg.Vector3(x=14.3125, y=20.625, z=-1.875)",[0. 0. 0. 0. 0. 0. 0. 0. 0.],"geometry_msgs.msg.Vector3(x=0.0390625, y=0.970703125, z=0.42236328125)",[0. 0. 0. 0. 0. 0. 0. 0. 0.],False,6.864589886,"[0.826565057044687, 0.5604430921418044, 0.026307010750720727, 0.044740229420599284]","[14.3125, 20.625, -1.875]","[0.0390625, 0.970703125, 0.42236328125]"
17541524945,"std_msgs.msg.Header(stamp=builtin_interfaces.msg.Time(sec=1731185771, nanosec=535905659), frame_id='RU_myo')","geometry_msgs.msg.Quaternion(x=0.8250610094279747, y=0.5624111963356779, z=0.02990899568097267, w=0.045534919955113495)",[0. 0. 0. 0. 0. 0. 0. 0. 0.],"geometry_msgs.msg.Vector3(x=13.875, y=19.375, z=-7.375)",[0. 0. 0. 0. 0. 0. 0. 0. 0.],"geometry_msgs.msg.Vector3(x=0.0068359375, y=0.99560546875, z=0.37451171875)",[0. 0. 0. 0. 0. 0. 0. 0. 0.],False,6.885547948,"[0.8250610094279747, 0.5624111963356779, 0.02990899568097267, 0.045534919955113495]","[13.875, 19.375, -7.375]","[0.0068359375, 0.99560546875, 0.37451171875]"
17562409265,"std_msgs.msg.Header(stamp=builtin_interfaces.msg.Time(sec=1731185771, nanosec=556829147), frame_id='RU_myo')","geometry_msgs.msg.Quaternion(x=0.8235031873289173, y=0.5645257174329347, z=0.03369209601286409, w=0.04492279468381879)",[0. 0. 0. 0. 0. 0. 0. 0. 0.],"geometry_msgs.msg.Vector3(x=15.5625, y=15.5625, z=-14.4375)",[0. 0. 0. 0. 0. 0. 0. 0. 0.],"geometry_msgs.msg.Vector3(x=-0.00439453125, y=0.97607421875, z=0.36962890625)",[0. 0. 0. 0. 0. 0. 0. 0. 0.],False,6.906432268,"[0.8235031873289173, 0.5645257174329347, 0.03369209601286409, 0.04492279468381879]","[15.5625, 15.5625, -14.4375]","[-0.00439453125, 0.97607421875, 0.36962890625]"
17580757764,"std_msgs.msg.Header(stamp=builtin_interfaces.msg.Time(sec=1731185771, nanosec=574996559), frame_id='RU_myo')","geometry_msgs.msg.Quaternion(x=0.821095311336626, y=0.5678449064350752, z=0.03729476919615511, w=0.04431424294011229)",[0. 0. 0. 0. 0. 0. 0. 0. 0.],"geometry_msgs.msg.Vector3(x=30.1875, y=15.125, z=-14.8125)",[0. 0. 0. 0. 0. 0. 0. 0. 0.],"geometry_msgs.msg.Vector3(x=0.00830078125, y=0.87744140625, z=0.4169921875)",[0. 0. 0. 0. 0. 0. 0. 0. 0.],False,6.924780767,"[0.821095311336626, 0.5678449064350752, 0.03729476919615511, 0.04431424294011229]","[30.1875, 15.125, -14.8125]","[0.00830078125, 0.87744140625, 0.4169921875]"
17601684914,"std_msgs.msg.Header(stamp=builtin_interfaces.msg.Time(sec=1731185771, nanosec=595979811), frame_id='RU_myo')","geometry_msgs.msg.Quaternion(x=0.816243616599827, y=0.5745993723675145, z=0.04095561704467837, w=0.043641231277116305)",[0. 0. 0. 0. 0. 0. 0. 0. 0.],"geometry_msgs.msg.Vector3(x=50.3125, y=13.5625, z=-10.0)",[0. 0. 0. 0. 0. 0. 0. 0. 0.],"geometry_msgs.msg.Vector3(x=-0.05126953125, y=0.896484375, z=0.34521484375)",[0. 0. 0. 0. 0. 0. 0. 0. 0.],False,6.945707917,"[0.816243616599827, 0.5745993723675145, 0.04095561704467837, 0.043641231277116305]","[50.3125, 13.5625, -10.0]","[-0.05126953125, 0.896484375, 0.34521484375]"
17622382810,"std_msgs.msg.Header(stamp=builtin_interfaces.msg.Time(sec=1731185771, nanosec=616807941), frame_id='RU_myo')","geometry_msgs.msg.Quaternion(x=0.8104111891081572, y=0.5825536182005161, z=0.04498554239457045, w=0.04291022564909502)",[0. 0. 0. 0. 0. 0. 0. 0. 0.],"geometry_msgs.msg.Vector3(x=56.875, y=13.25, z=-5.875)",[0. 0. 0. 0. 0. 0. 0. 0. 0.],"geometry_msgs.msg.Vector3(x=-0.13427734375, y=0.9658203125, z=0.3134765625)",[0. 0. 0. 0. 0. 0. 0. 0. 0.],False,6.966405813,"[0.8104111891081572, 0.5825536182005161, 0.04498554239457045, 0.04291022564909502]","[56.875, 13.25, -5.875]","[-0.13427734375, 0.9658203125, 0.3134765625]"
17640457595,"std_msgs.msg.Header(stamp=builtin_interfaces.msg.Time(sec=1731185771, nanosec=634826205), frame_id='RU_myo')","geometry_msgs.msg.Quaternion(x=0.8040621623456031, y=0.5910983056368952, z=0.04846468966085242, w=0.04168939929264761)",[0. 0. 0. 0. 0. 0. 0. 0. 0.],"geometry_msgs.msg.Vector3(x=69.375, y=8.875, z=-4.375)",[0. 0. 0. 0. 0. 0. 0. 0. 0.],"geometry_msgs.msg.Vector3(x=-0.16552734375, y=0.8349609375, z=0.37109375)",[0. 0. 0. 0. 0. 0. 0. 0. 0.],False,6.984480598,"[0.8040621623456031, 0.5910983056368952, 0.04846468966085242, 0.04168939929264761]","[69.375, 8.875, -4.375]","[-0.16552734375, 0.8349609375, 0.37109375]"
17661516999,"std_msgs.msg.Header(stamp=builtin_interfaces.msg.Time(sec=1731185771, nanosec=655924999), frame_id='RU_myo')","geometry_msgs.msg.Quaternion(x=0.7965682515207737, y=0.6011190912625731, z=0.051029199867537685, w=0.03912645587929624)",[0. 0. 0. 0. 0. 0. 0. 0. 0.],"geometry_msgs.msg.Vector3(x=72.0, y=0.875, z=-9.5625)",[0. 0. 0. 0. 0. 0. 0. 0. 0.],"geometry_msgs.msg.Vector3(x=-0.1279296875, y=0.91455078125, z=0.24365234375)",[0. 0. 0. 0. 0. 0. 0. 0. 0.],False,7.005540002,"[0.7965682515207737, 0.6011190912625731, 0.051029199867537685, 0.03912645587929624]","[72.0, 0.875, -9.5625]","[-0.1279296875, 0.91455078125, 0.24365234375]"
17682475567,"std_msgs.msg.Header(stamp=builtin_interfaces.msg.Time(sec=1731185771, nanosec=676890234), frame_id='RU_myo')","geometry_msgs.msg.Quaternion(x=0.7923241852661195, y=0.6066489544226147, z=0.05395690468956549, w=0.03588988682971098)",[0. 0. 0. 0. 0. 0. 0. 0. 0.],"geometry_msgs.msg.Vector3(x=34.5, y=0.375, z=-17.4375)",[0. 0. 0. 0. 0. 0. 0. 0. 0.],"geometry_msgs.msg.Vector3(x=-0.12744140625, y=1.193359375, z=0.21630859375)",[0. 0. 0. 0. 0. 0. 0. 0. 0.],False,7.02649857,"[0.7923241852661195, 0.6066489544226147, 0.05395690468956549, 0.03588988682971098]","[34.5, 0.375, -17.4375]","[-0.12744140625, 1.193359375, 0.21630859375]"
17700566589,"std_msgs.msg.Header(stamp=builtin_interfaces.msg.Time(sec=1731185771, nanosec=694932624), frame_id='RU_myo')","geometry_msgs.msg.Quaternion(x=0.7936691020475336, y=0.6046973616846048, z=0.058473813716952795, w=0.03180047697967892)",[0. 0. 0. 0. 0. 0. 0. 0. 0.],"geometry_msgs.msg.Vector3(x=-12.5625, y=5.3125, z=-31.625)",[0. 0. 0. 0. 0. 0. 0. 0. 0.],"geometry_msgs.msg.Vector3(x=-0.123046875, y=1.2919921875, z=0.33544921875)",[0. 0. 0. 0. 0. 0. 0. 0. 0.],False,7.044589592,"[0.7936691020475336, 0.6046973616846048, 0.058473813716952795, 0.03180047697967892]","[-12.5625, 5.3125, -31.625]","[-0.123046875, 1.2919921875, 0.33544921875]"
17721421154,"std_msgs.msg.Header(stamp=builtin_interfaces.msg.Time(sec=1731185771, nanosec=715824846), frame_id='RU_myo')","geometry_msgs.msg.Quaternion(x=0.7997099677581605, y=0.5962728343023561, z=0.06427221768045664, w=0.028138169373875133)",[0. 0. 0. 0. 0. 0. 0. 0. 0.],"geometry_msgs.msg.Vector3(x=-43.9375, y=14.25, z=-41.0625)",[0. 0. 0. 0. 0. 0. 0. 0. 0.],"geometry_msgs.msg.Vector3(x=-0.06884765625, y=1.03076171875, z=0.49462890625)",[0. 0. 0. 0. 0. 0. 0. 0. 0.],False,7.065444157,"[0.7997099677581605, 0.5962728343023561, 0.06427221768045664, 0.028138169373875133]","[-43.9375, 14.25, -41.0625]","[-0.06884765625, 1.03076171875, 0.49462890625]"
17742408243,"std_msgs.msg.Header(stamp=builtin_interfaces.msg.Time(sec=1731185771, nanosec=736814929), frame_id='RU_myo')","geometry_msgs.msg.Quaternion(x=0.8074057846617807, y=0.5851067320659079, z=0.07129195316638644, w=0.02575788033922524)",[0. 0. 0. 0. 0. 0. 0. 0. 0.],"geometry_msgs.msg.Vector3(x=-64.1875, y=24.3125, z=-41.75)",[0. 0. 0. 0. 0. 0. 0. 0. 0.],"geometry_msgs.msg.Vector3(x=-0.06103515625, y=0.9091796875, z=0.45947265625)",[0. 0. 0. 0. 0. 0. 0. 0. 0.],False,7.086431246,"[0.8074057846617807, 0.5851067320659079, 0.07129195316638644, 0.02575788033922524]","[-64.1875, 24.3125, -41.75]","[-0.06103515625, 0.9091796875, 0.45947265625]"
17760475893,"std_msgs.msg.Header(stamp=builtin_interfaces.msg.Time(sec=1731185771, nanosec=754841310), frame_id='RU_myo')","geometry_msgs.msg.Quaternion(x=0.814171808870069, y=0.5744797259978326, z=0.08038565651712129, w=0.025208258269985642)",[0. 0. 0. 0. 0. 0. 0. 0. 0.],"geometry_msgs.msg.Vector3(x=-64.25, y=38.6875, z=-36.4375)",[0. 0. 0. 0. 0. 0. 0. 0. 0.],"geometry_msgs.msg.Vector3(x=-0.1357421875, y=0.9619140625, z=0.42919921875)",[0. 0. 0. 0. 0. 0. 0. 0. 0.],False,7.104498896,"[0.814171808870069, 0.5744797259978326, 0.08038565651712129, 0.025208258269985642]","[-64.25, 38.6875, -36.4375]","[-0.1357421875, 0.9619140625, 0.42919921875]"
17781599292,"std_msgs.msg.Header(stamp=builtin_interfaces.msg.Time(sec=1731185771, nanosec=775963129), frame_id='RU_myo')","geometry_msgs.msg.Quaternion(x=0.8201818531098852, y=0.5641840342557617, z=0.09149755137394641, w=0.025026014718691147)",[0. 0. 0. 0. 0. 0. 0. 0. 0.],"geometry_msgs.msg.Vector3(x=-56.875, y=49.25, z=-37.875)",[0. 0. 0. 0. 0. 0. 0. 0. 0.],"geometry_msgs.msg.Vector3(x=-0.20263671875, y=0.951171875, z=0.4951171875)",[0. 0. 0. 0. 0. 0. 0. 0. 0.],False,7.125622295,"[0.8201818531098852, 0.5641840342557617, 0.09149755137394641, 0.025026014718691147]","[-56.875, 49.25, -37.875]","[-0.20263671875, 0.951171875, 0.4951171875]"
17802744028,"std_msgs.msg.Header(stamp=builtin_interfaces.msg.Time(sec=1731185771, nanosec=796983922), frame_id='RU_myo')","geometry_msgs.msg.Quaternion(x=0.8248926068168624, y=0.555157485496475, z=0.10327943545464935, w=0.02618609799648024)",[0. 0. 0. 0. 0. 0. 0. 0. 0.],"geometry_msgs.msg.Vector3(x=-38.5625, y=58.3125, z=-32.375)",[0. 0. 0. 0. 0. 0. 0. 0. 0.],"geometry_msgs.msg.Vector3(x=-0.19775390625, y=0.6826171875, z=0.5458984375)",[0. 0. 0. 0. 0. 0. 0. 0. 0.],False,7.146767031,"[0.8248926068168624, 0.555157485496475, 0.10327943545464935, 0.02618609799648024]","[-38.5625, 58.3125, -32.375]","[-0.19775390625, 0.6826171875, 0.5458984375]"
17820436596,"std_msgs.msg.Header(stamp=builtin_interfaces.msg.Time(sec=1731185771, nanosec=814818400), frame_id='RU_myo')","geometry_msgs.msg.Quaternion(x=0.8267474954922202, y=0.5502494405214001, z=0.11322381721211285, w=0.029908178131501505)",[0. 0. 0. 0. 0. 0. 0. 0. 0.],"geometry_msgs.msg.Vector3(x=-17.625, y=59.375, z=-15.3125)",[0. 0. 0. 0. 0. 0. 0. 0. 0.],"geometry_msgs.msg.Vector3(x=-0.14208984375, y=0.6494140625, z=0.45263671875)",[0. 0. 0. 0. 0. 0. 0. 0. 0.],False,7.164459599,"[0.8267474954922202, 0.5502494405214001, 0.11322381721211285, 0.029908178131501505]","[-17.625, 59.375, -15.3125]","[-0.14208984375, 0.6494140625, 0.45263671875]"
17842929735,"std_msgs.msg.Header(stamp=builtin_interfaces.msg.Time(sec=1731185771, nanosec=837361732), frame_id='RU_myo')","geometry_msgs.msg.Quaternion(x=0.8262215894441881, y=0.5481286844864663, z=0.1250685606361659, w=0.035646676140322534)",[0. 0. 0. 0. 0. 0. 0. 0. 0.],"geometry_msgs.msg.Vector3(x=-6.8125, y=74.3125, z=-8.4375)",[0. 0. 0. 0. 0. 0. 0. 0. 0.],"geometry_msgs.msg.Vector3(x=-0.19677734375, y=0.7998046875, z=0.37109375)",[0. 0. 0. 0. 0. 0. 0. 0. 0.],False,7.186952738,"[0.8262215894441881, 0.5481286844864663, 0.1250685606361659, 0.035646676140322534]","[-6.8125, 74.3125, -8.4375]","[-0.19677734375, 0.7998046875, 0.37109375]"
17862747299,"std_msgs.msg.Header(stamp=builtin_interfaces.msg.Time(sec=1731185771, nanosec=856971272), frame_id='RU_myo')","geometry_msgs.msg.Quaternion(x=0.8261690446480299, y=0.5445940314997948, z=0.13801021130027302, w=0.04260554068447173)",[0. 0. 0. 0. 0. 0. 0. 0. 0.],"geometry_msgs.msg.Vector3(x=-8.9375, y=83.4375, z=-4.5625)",[0. 0. 0. 0. 0. 0. 0. 0. 0.],"geometry_msgs.msg.Vector3(x=-0.25244140625, y=0.80712890625, z=0.47900390625)",[0. 0. 0. 0. 0. 0. 0. 0. 0.],False,7.206770302,"[0.8261690446480299, 0.5445940314997948, 0.13801021130027302, 0.04260554068447173]","[-8.9375, 83.4375, -4.5625]","[-0.25244140625, 0.80712890625, 0.47900390625]"
17880490073,"std_msgs.msg.Header(stamp=builtin_interfaces.msg.Time(sec=1731185771, nanosec=874893591), frame_id='RU_myo')","geometry_msgs.msg.Quaternion(x=0.8253349682451835, y=0.5421258089005857, z=0.14972242842075398, w=0.05004989453934702)",[0. 0. 0. 0. 0. 0. 0. 0. 0.],"geometry_msgs.msg.Vector3(x=2.625, y=82.0, z=-0.5)",[0. 0. 0. 0. 0. 0. 0. 0. 0.],"geometry_msgs.msg.Vector3(x=-0.185546875, y=0.677734375, z=0.5068359375)",[0. 0. 0. 0. 0. 0. 0. 0. 0.],False,7.224513076,"[0.8253349682451835, 0.5421258089005857, 0.14972242842075398, 0.05004989453934702]","[2.625, 82.0, -0.5]","[-0.185546875, 0.677734375, 0.5068359375]"
17902961696,"std_msgs.msg.Header(stamp=builtin_interfaces.msg.Time(sec=1731185771, nanosec=897364147), frame_id='RU_myo')","geometry_msgs.msg.Quaternion(x=0.823081928747027, y=0.5419461954278719, z=0.15918410605652553, w=0.059083671266379104)",[0. 0. 0. 0. 0. 0. 0. 0. 0.],"geometry_msgs.msg.Vector3(x=8.5, y=74.625, z=18.375)",[0. 0. 0. 0. 0. 0. 0. 0. 0.],"geometry_msgs.msg.Vector3(x=-0.22998046875, y=0.71142578125, z=0.39794921875)",[0. 0. 0. 0. 0. 0. 0. 0. 0.],False,7.246984699,"[0.823081928747027, 0.5419461954278719, 0.15918410605652553, 0.059083671266379104]","[8.5, 74.625, 18.375]","[-0.22998046875, 0.71142578125, 0.39794921875]"
17922564039,"std_msgs.msg.Header(stamp=builtin_interfaces.msg.Time(sec=1731185771, nanosec=916895888), frame_id='RU_myo')","geometry_msgs.msg.Quaternion(x=0.821911223733295, y=0.5398026780556409, z=0.16815427160145757, w=0.06927589773780557)",[0. 0. 0. 0. 0. 0. 0. 0. 0.],"geometry_msgs.msg.Vector3(x=-15.1875, y=74.9375, z=19.4375)",[0. 0. 0. 0. 0. 0. 0. 0. 0.],"geometry_msgs.msg.Vector3(x=-0.20166015625, y=0.876953125, z=0.3095703125)",[0. 0. 0. 0. 0. 0. 0. 0. 0.],False,7.266587042,"[0.821911223733295, 0.5398026780556409, 0.16815427160145757, 0.06927589773780557]","[-15.1875, 74.9375, 19.4375]","[-0.20166015625, 0.876953125, 0.3095703125]"
17940303943,"std_msgs.msg.Header(stamp=builtin_interfaces.msg.Time(sec=1731185771, nanosec=934803890), frame_id='RU_myo')","geometry_msgs.msg.Quaternion(x=0.8216106164538446, y=0.5357162454955349, z=0.1771275543383892, w=0.08117837604068148)",[0. 0. 0. 0. 0. 0. 0. 0. 0.],"geometry_msgs.msg.Vector3(x=-21.0625, y=81.8125, z=24.6875)",[0. 0. 0. 0. 0. 0. 0. 0. 0.],"geometry_msgs.msg.Vector3(x=-0.17431640625, y=0.73193359375, z=0.37109375)",[0. 0. 0. 0. 0. 0. 0. 0. 0.],False,7.284326946,"[0.8216106164538446, 0.5357162454955349, 0.1771275543383892, 0.08117837604068148]","[-21.0625, 81.8125, 24.6875]","[-0.17431640625, 0.73193359375, 0.37109375]"
17962779740,"std_msgs.msg.Header(stamp=builtin_interfaces.msg.Time(sec=1731185771, nanosec=957164595), frame_id='RU_myo')","geometry_msgs.msg.Quaternion(x=0.8186578729141131, y=0.536412569875427, z=0.18317866661312657, w=0.09223024500247726)",[0. 0. 0. 0. 0. 0. 0. 0. 0.],"geometry_msgs.msg.Vector3(x=8.1875, y=67.375, z=32.625)",[0. 0. 0. 0. 0. 0. 0. 0. 0.],"geometry_msgs.msg.Vector3(x=-0.1025390625, y=0.67724609375, z=0.33349609375)",[0. 0. 0. 0. 0. 0. 0. 0. 0.],False,7.306802743,"[0.8186578729141131, 0.536412569875427, 0.18317866661312657, 0.09223024500247726]","[8.1875, 67.375, 32.625]","[-0.1025390625, 0.67724609375, 0.33349609375]"
17982509524,"std_msgs.msg.Header(stamp=builtin_interfaces.msg.Time(sec=1731185771, nanosec=976890182), frame_id='RU_myo')","geometry_msgs.msg.Quaternion(x=0.8146473417214214, y=0.538744001051496, z=0.1882490935013385, w=0.10328063106493669)",[0. 0. 0. 0. 0. 0. 0. 0. 0.],"geometry_msgs.msg.Vector3(x=5.625, y=60.3125, z=36.875)",[0. 0. 0. 0. 0. 0. 0. 0. 0.],"geometry_msgs.msg.Vector3(x=-0.126953125, y=0.88232421875, z=0.20068359375)",[0. 0. 0. 0. 0. 0. 0. 0. 0.],False,7.326532527,"[0.8146473417214214, 0.538744001051496, 0.1882490935013385, 0.10328063106493669]","[5.625, 60.3125, 36.875]","[-0.126953125, 0.88232421875, 0.20068359375]"
18000457893,"std_msgs.msg.Header(stamp=builtin_interfaces.msg.Time(sec=1731185771, nanosec=994879659), frame_id='RU_myo')","geometry_msgs.msg.Quaternion(x=0.8115605327096995, y=0.5394533685385322, z=0.1934292515160227, w=0.11377473172163657)",[0. 0. 0. 0. 0. 0. 0. 0. 0.],"geometry_msgs.msg.Vector3(x=-3.6875, y=59.3125, z=30.875)",[0. 0. 0. 0. 0. 0. 0. 0. 0.],"geometry_msgs.msg.Vector3(x=-0.12158203125, y=0.931640625, z=0.22265625)",[0. 0. 0. 0. 0. 0. 0. 0. 0.],False,7.344480896,"[0.8115605327096995, 0.5394533685385322, 0.1934292515160227, 0.11377473172163657]","[-3.6875, 59.3125, 30.875]","[-0.12158203125, 0.931640625, 0.22265625]"
18022965945,"std_msgs.msg.Header(stamp=builtin_interfaces.msg.Time(sec=1731185772, nanosec=17390213), frame_id='RU_myo')","geometry_msgs.msg.Quaternion(x=0.8074639900006477, y=0.5425005626370668, z=0.19623529577837195, w=0.12323454500047681)",[0. 0. 0. 0. 0. 0. 0. 0. 0.],"geometry_msgs.msg.Vector3(x=15.75, y=47.1875, z=33.625)",[0. 0. 0. 0. 0. 0. 0. 0. 0.],"geometry_msgs.msg.Vector3(x=-0.0400390625, y=0.8115234375, z=0.2578125)",[0. 0. 0. 0. 0. 0. 0. 0. 0.],False,7.366988948,"[0.8074639900006477, 0.5425005626370668, 0.19623529577837195, 0.12323454500047681]","[15.75, 47.1875, 33.625]","[-0.0400390625, 0.8115234375, 0.2578125]"
18045587091,"std_msgs.msg.Header(stamp=builtin_interfaces.msg.Time(sec=1731185772, nanosec=39972947), frame_id='RU_myo')","geometry_msgs.msg.Quaternion(x=0.8019983730508542, y=0.5485622481625715, z=0.19624208610689522, w=0.1317843433607424)",[0. 0. 0. 0. 0. 0. 0. 0. 0.],"geometry_msgs.msg.Vector3(x=25.5625, y=31.1875, z=37.5)",[0. 0. 0. 0. 0. 0. 0. 0. 0.],"geometry_msgs.msg.Vector3(x=0.0205078125, y=0.95458984375, z=0.17626953125)",[0. 0. 0. 0. 0. 0. 0. 0. 0.],False,7.389610094,"[0.8019983730508542, 0.5485622481625715, 0.19624208610689522, 0.1317843433607424]","[25.5625, 31.1875, 37.5]","[0.0205078125, 0.95458984375, 0.17626953125]"
18059768540,"std_msgs.msg.Header(stamp=builtin_interfaces.msg.Time(sec=1731185772, nanosec=54077050), frame_id='RU_myo')","geometry_msgs.msg.Quaternion(x=0.7990666208712646, y=0.5510025503479418, z=0.19557019733187164, w=0.1401464335436883)",[0. 0. 0. 0. 0. 0. 0. 0. 0.],"geometry_msgs.msg.Vector3(x=-9.0, y=25.6875, z=31.3125)",[0. 0. 0. 0. 0. 0. 0. 0. 0.],"geometry_msgs.msg.Vector3(x=0.02294921875, y=1.12841796875, z=0.08837890625)",[0. 0. 0. 0. 0. 0. 0. 0. 0.],False,7.403791543,"[0.7990666208712646, 0.5510025503479418, 0.19557019733187164, 0.1401464335436883]","[-9.0, 25.6875, 31.3125]","[0.02294921875, 1.12841796875, 0.08837890625]"
18082257558,"std_msgs.msg.Header(stamp=builtin_interfaces.msg.Time(sec=1731185772, nanosec=76623343), frame_id='RU_myo')","geometry_msgs.msg.Quaternion(x=0.7978592325423209, y=0.5513780466341355, z=0.19404747152108012, w=0.14747363673951858)",[0. 0. 0. 0. 0. 0. 0. 0. 0.],"geometry_msgs.msg.Vector3(x=-9.4375, y=20.0, z=28.875)",[0. 0. 0. 0. 0. 0. 0. 0. 0.],"geometry_msgs.msg.Vector3(x=0.015625, y=0.93896484375, z=0.234375)",[0. 0. 0. 0. 0. 0. 0. 0. 0.],False,7.426280561,"[0.7978592325423209, 0.5513780466341355, 0.19404747152108012, 0.14747363673951858]","[-9.4375, 20.0, 28.875]","[0.015625, 0.93896484375, 0.234375]"
18110554206,"std_msgs.msg.Header(stamp=builtin_interfaces.msg.Time(sec=1731185772, nanosec=104959513), frame_id='RU_myo')","geometry_msgs.msg.Quaternion(x=0.7948094187743638, y=0.5547552455260477, z=0.19171374476810604, w=0.15417666962248833)",[0. 0. 0. 0. 0. 0. 0. 0. 0.],"geometry_msgs.msg.Vector3(x=13.25, y=14.0625, z=33.9375)",[0. 0. 0. 0. 0. 0. 0. 0. 0.],"geometry_msgs.msg.Vector3(x=0.03857421875, y=0.84130859375, z=0.2431640625)",[0. 0. 0. 0. 0. 0. 0. 0. 0.],False,7.454577209,"[0.7948094187743638, 0.5547552455260477, 0.19171374476810604, 0.15417666962248833]","[13.25, 14.0625, 33.9375]","[0.03857421875, 0.84130859375, 0.2431640625]"
18119571629,"std_msgs.msg.Header(stamp=builtin_interfaces.msg.Time(sec=1731185772, nanosec=113981879), frame_id='RU_myo')","geometry_msgs.msg.Quaternion(x=0.7916904769254768, y=0.5582119823811477, z=0.18971272184150978, w=0.16010825913458177)",[0. 0. 0. 0. 0. 0. 0. 0. 0.],"geometry_msgs.msg.Vector3(x=6.6875, y=12.0625, z=30.0)",[0. 0. 0. 0. 0. 0. 0. 0. 0.],"geometry_msgs.msg.Vector3(x=0.01708984375, y=1.00830078125, z=0.1650390625)",[0. 0. 0. 0. 0. 0. 0. 0. 0.],False,7.463594632,"[0.7916904769254768, 0.5582119823811477, 0.18971272184150978, 0.16010825913458177]","[6.6875, 12.0625, 30.0]","[0.01708984375, 1.00830078125, 0.1650390625]"
18142943459,"std_msgs.msg.Header(stamp=builtin_interfaces.msg.Time(sec=1731185772, nanosec=136937689), frame_id='RU_myo')","geometry_msgs.msg.Quaternion(x=0.7891637638121975, y=0.5611858337450185, z=0.18775371161623633, w=0.1644370933335958)",[0. 0. 0. 0. 0. 0. 0. 0. 0.],"geometry_msgs.msg.Vector3(x=3.9375, y=6.0, z=23.5)",[0. 0. 0. 0. 0. 0. 0. 0. 0.],"geometry_msgs.msg.Vector3(x=-0.0078125, y=1.06884765625, z=0.1748046875)",[0. 0. 0. 0. 0. 0. 0. 0. 0.],False,7.486966462,"[0.7891637638121975, 0.5611858337450185, 0.18775371161623633, 0.1644370933335958]","[3.9375, 6.0, 23.5]","[-0.0078125, 1.06884765625, 0.1748046875]"
18170718861,"std_msgs.msg.Header(stamp=builtin_interfaces.msg.Time(sec=1731185772, nanosec=165088849), frame_id='RU_myo')","geometry_msgs.msg.Quaternion(x=0.78745430065351, y=0.563077739983616, z=0.18573935639784753, w=0.1684044969772137)",[0. 0. 0. 0. 0. 0. 0. 0. 0.],"geometry_msgs.msg.Vector3(x=9.6875, y=6.0625, z=21.0625)",[0. 0. 0. 0. 0. 0. 0. 0. 0.],"geometry_msgs.msg.Vector3(x=0.00390625, y=0.935546875, z=0.3212890625)",[0. 0. 0. 0. 0. 0. 0. 0. 0.],False,7.514741864,"[0.78745430065351, 0.563077739983616, 0.18573935639784753, 0.1684044969772137]","[9.6875, 6.0625, 21.0625]","[0.00390625, 0.935546875, 0.3212890625]"
18179567619,"std_msgs.msg.Header(stamp=builtin_interfaces.msg.Time(sec=1731185772, nanosec=173954566), frame_id='RU_myo')","geometry_msgs.msg.Quaternion(x=0.7858733526220116, y=0.5645470010408533, z=0.18421481772529952, w=0.17249538598134406)",[0. 0. 0. 0. 0. 0. 0. 0. 0.],"geometry_msgs.msg.Vector3(x=2.5625, y=8.375, z=20.3125)",[0. 0. 0. 0. 0. 0. 0. 0. 0.],"geometry_msgs.msg.Vector3(x=-0.00927734375, y=1.02197265625, z=0.26611328125)",[0. 0. 0. 0. 0. 0. 0. 0. 0.],False,7.523590622,"[0.7858733526220116, 0.5645470010408533, 0.18421481772529952, 0.17249538598134406]","[2.5625, 8.375, 20.3125]","[-0.00927734375, 1.02197265625, 0.26611328125]"
18202360611,"std_msgs.msg.Header(stamp=builtin_interfaces.msg.Time(sec=1731185772, nanosec=196690358), frame_id='RU_myo')","geometry_msgs.msg.Quaternion(x=0.7862351953274932, y=0.5633841202447607, z=0.18305406030487945, w=0.1758515330904827)",[0. 0. 0. 0. 0. 0. 0. 0. 0.],"geometry_msgs.msg.Vector3(x=-20.375, y=6.8125, z=12.25)",[0. 0. 0. 0. 0. 0. 0. 0. 0.],"geometry_msgs.msg.Vector3(x=-0.03271484375, y=1.10986328125, z=0.205078125)",[0. 0. 0. 0. 0. 0. 0. 0. 0.],False,7.546383614,"[0.7862351953274932, 0.5633841202447607, 0.18305406030487945, 0.1758515330904827]","[-20.375, 6.8125, 12.25]","[-0.03271484375, 1.10986328125, 0.205078125]"
18223135863,"std_msgs.msg.Header(stamp=builtin_interfaces.msg.Time(sec=1731185772, nanosec=217499242), frame_id='RU_myo')","geometry_msgs.msg.Quaternion(x=0.7879257376040015, y=0.5608073187005629, z=0.18066931468803507, w=0.17896028063017527)",[0. 0. 0. 0. 0. 0. 0. 0. 0.],"geometry_msgs.msg.Vector3(x=-28.75, y=1.875, z=11.0625)",[0. 0. 0. 0. 0. 0. 0. 0. 0.],"geometry_msgs.msg.Vector3(x=0.00927734375, y=0.958984375, z=0.2216796875)",[0. 0. 0. 0. 0. 0. 0. 0. 0.],False,7.567158866,"[0.7879257376040015, 0.5608073187005629, 0.18066931468803507, 0.17896028063017527]","[-28.75, 1.875, 11.0625]","[0.00927734375, 0.958984375, 0.2216796875]"
18245651726,"std_msgs.msg.Header(stamp=builtin_interfaces.msg.Time(sec=1731185772, nanosec=240064223), frame_id='RU_myo')","geometry_msgs.msg.Quaternion(x=0.7887363078693673, y=0.5595376670978556, z=0.17762131681627139, w=0.1823823005659859)",[0. 0. 0. 0. 0. 0. 0. 0. 0.],"geometry_msgs.msg.Vector3(x=-13.0625, y=-1.0625, z=18.5)",[0. 0. 0. 0. 0. 0. 0. 0. 0.],"geometry_msgs.msg.Vector3(x=0.0009765625, y=0.7958984375, z=0.2890625)",[0. 0. 0. 0. 0. 0. 0. 0. 0.],False,7.589674729,"[0.7887363078693673, 0.5595376670978556, 0.17762131681627139, 0.1823823005659859]","[-13.0625, -1.0625, 18.5]","[0.0009765625, 0.7958984375, 0.2890625]"
18261918475,"std_msgs.msg.Header(stamp=builtin_interfaces.msg.Time(sec=1731185772, nanosec=256327489), frame_id='RU_myo')","geometry_msgs.msg.Quaternion(x=0.7874567899878673, y=0.561126290237847, z=0.17530237197466514, w=0.18525163612225234)",[0. 0. 0. 0. 0. 0. 0. 0. 0.],"geometry_msgs.msg.Vector3(x=4.25, y=-1.0, z=21.1875)",[0. 0. 0. 0. 0. 0. 0. 0. 0.],"geometry_msgs.msg.Vector3(x=-0.033203125, y=0.9375, z=0.28125)",[0. 0. 0. 0. 0. 0. 0. 0. 0.],False,7.605941478,"[0.7874567899878673, 0.561126290237847, 0.17530237197466514, 0.18525163612225234]","[4.25, -1.0, 21.1875]","[-0.033203125, 0.9375, 0.28125]"
18283813180,"std_msgs.msg.Header(stamp=builtin_interfaces.msg.Time(sec=1731185772, nanosec=278220016), frame_id='RU_myo')","geometry_msgs.msg.Quaternion(x=0.7851271721499757, y=0.5644150634277249, z=0.17389623831573356, w=0.18646999229714498)",[0. 0. 0. 0. 0. 0. 0. 0. 0.],"geometry_msgs.msg.Vector3(x=14.125, y=-3.25, z=13.8125)",[0. 0. 0. 0. 0. 0. 0. 0. 0.],"geometry_msgs.msg.Vector3(x=-0.037109375, y=1.03662109375, z=0.248046875)",[0. 0. 0. 0. 0. 0. 0. 0. 0.],False,7.627836183,"[0.7851271721499757, 0.5644150634277249, 0.17389623831573356, 0.18646999229714498]","[14.125, -3.25, 13.8125]","[-0.037109375, 1.03662109375, 0.248046875]"
18300230872,"std_msgs.msg.Header(stamp=builtin_interfaces.msg.Time(sec=1731185772, nanosec=294662170), frame_id='RU_myo')","geometry_msgs.msg.Quaternion(x=0.7822609239859034, y=0.5686895309594774, z=0.1725539663005734, w=0.18677578241236456)",[0. 0. 0. 0. 0. 0. 0. 0. 0.],"geometry_msgs.msg.Vector3(x=14.125, y=-5.625, z=6.5625)",[0. 0. 0. 0. 0. 0. 0. 0. 0.],"geometry_msgs.msg.Vector3(x=0.02490234375, y=1.1455078125, z=0.16650390625)",[0. 0. 0. 0. 0. 0. 0. 0. 0.],False,7.644253875,"[0.7822609239859034, 0.5686895309594774, 0.1725539663005734, 0.18677578241236456]","[14.125, -5.625, 6.5625]","[0.02490234375, 1.1455078125, 0.16650390625]"
18322473220,"std_msgs.msg.Header(stamp=builtin_interfaces.msg.Time(sec=1731185772, nanosec=316658999), frame_id='RU_myo')","geometry_msgs.msg.Quaternion(x=0.7815956898193493, y=0.5695485655372393, z=0.172799484410666, w=0.1867162214101827)",[0. 0. 0. 0. 0. 0. 0. 0. 0.],"geometry_msgs.msg.Vector3(x=21.6875, y=2.6875, z=-3.375)",[0. 0. 0. 0. 0. 0. 0. 0. 0.],"geometry_msgs.msg.Vector3(x=-0.00537109375, y=0.9619140625, z=0.51953125)",[0. 0. 0. 0. 0. 0. 0. 0. 0.],False,7.666496223,"[0.7815956898193493, 0.5695485655372393, 0.172799484410666, 0.1867162214101827]","[21.6875, 2.6875, -3.375]","[-0.00537109375, 0.9619140625, 0.51953125]"
18343138839,"std_msgs.msg.Header(stamp=builtin_interfaces.msg.Time(sec=1731185772, nanosec=337510760), frame_id='RU_myo')","geometry_msgs.msg.Quaternion(x=0.7782559201414764, y=0.5742613095443929, z=0.17377996899159084, w=0.18531646851368802)",[0. 0. 0. 0. 0. 0. 0. 0. 0.],"geometry_msgs.msg.Vector3(x=42.8125, y=-0.75, z=-3.0625)",[0. 0. 0. 0. 0. 0. 0. 0. 0.],"geometry_msgs.msg.Vector3(x=-0.0283203125, y=0.9609375, z=0.4072265625)",[0. 0. 0. 0. 0. 0. 0. 0. 0.],False,7.687161842,"[0.7782559201414764, 0.5742613095443929, 0.17377996899159084, 0.18531646851368802]","[42.8125, -0.75, -3.0625]","[-0.0283203125, 0.9609375, 0.4072265625]"
18359813895,"std_msgs.msg.Header(stamp=builtin_interfaces.msg.Time(sec=1731185772, nanosec=354075652), frame_id='RU_myo')","geometry_msgs.msg.Quaternion(x=0.7770101834700316, y=0.5766843844010101, z=0.17340816427638334, w=0.18335731273715436)",[0. 0. 0. 0. 0. 0. 0. 0. 0.],"geometry_msgs.msg.Vector3(x=9.8125, y=-9.625, z=-5.375)",[0. 0. 0. 0. 0. 0. 0. 0. 0.],"geometry_msgs.msg.Vector3(x=-0.044921875, y=1.07763671875, z=0.208984375)",[0. 0. 0. 0. 0. 0. 0. 0. 0.],False,7.703836898,"[0.7770101834700316, 0.5766843844010101, 0.17340816427638334, 0.18335731273715436]","[9.8125, -9.625, -5.375]","[-0.044921875, 1.07763671875, 0.208984375]"
18383494382,"std_msgs.msg.Header(stamp=builtin_interfaces.msg.Time(sec=1731185772, nanosec=377819436), frame_id='RU_myo')","geometry_msgs.msg.Quaternion(x=0.7784393408171785, y=0.5754823261369371, z=0.17200988492298352, w=0.18238663454573273)",[0. 0. 0. 0. 0. 0. 0. 0. 0.],"geometry_msgs.msg.Vector3(x=-17.75, y=-8.5, z=-7.375)",[0. 0. 0. 0. 0. 0. 0. 0. 0.],"geometry_msgs.msg.Vector3(x=0.01171875, y=1.08251953125, z=0.21044921875)",[0. 0. 0. 0. 0. 0. 0. 0. 0.],False,7.727517385,"[0.7784393408171785, 0.5754823261369371, 0.17200988492298352, 0.18238663454573273]","[-17.75, -8.5, -7.375]","[0.01171875, 1.08251953125, 0.21044921875]"
18403057694,"std_msgs.msg.Header(stamp=builtin_interfaces.msg.Time(sec=1731185772, nanosec=397471441), frame_id='RU_myo')","geometry_msgs.msg.Quaternion(x=0.7816832465272002, y=0.5715822208715213, z=0.16957020606376402, w=0.18306013246408506)",[0. 0. 0. 0. 0. 0. 0. 0. 0.],"geometry_msgs.msg.Vector3(x=-28.3125, y=-6.0625, z=-1.625)",[0. 0. 0. 0. 0. 0. 0. 0. 0.],"geometry_msgs.msg.Vector3(x=0.029296875, y=0.86279296875, z=0.30517578125)",[0. 0. 0. 0. 0. 0. 0. 0. 0.],False,7.747080697,"[0.7816832465272002, 0.5715822208715213, 0.16957020606376402, 0.18306013246408506]","[-28.3125, -6.0625, -1.625]","[0.029296875, 0.86279296875, 0.30517578125]"
18419740145,"std_msgs.msg.Header(stamp=builtin_interfaces.msg.Time(sec=1731185772, nanosec=413992991), frame_id='RU_myo')","geometry_msgs.msg.Quaternion(x=0.7849780632332714, y=0.5670032060166297, z=0.1678607833508162, w=0.1847689422556075)",[0. 0. 0. 0. 0. 0. 0. 0. 0.],"geometry_msgs.msg.Vector3(x=-30.0, y=0.625, z=3.0)",[0. 0. 0. 0. 0. 0. 0. 0. 0.],"geometry_msgs.msg.Vector3(x=-0.01318359375, y=0.787109375, z=0.31884765625)",[0. 0. 0. 0. 0. 0. 0. 0. 0.],False,7.763763148,"[0.7849780632332714, 0.5670032060166297, 0.1678607833508162, 0.1847689422556075]","[-30.0, 0.625, 3.0]","[-0.01318359375, 0.787109375, 0.31884765625]"
18442507467,"std_msgs.msg.Header(stamp=builtin_interfaces.msg.Time(sec=1731185772, nanosec=436711946), frame_id='RU_myo')","geometry_msgs.msg.Quaternion(x=0.7863410580412964, y=0.5646542830039613, z=0.16779100896961296, w=0.18622421548428125)",[0. 0. 0. 0. 0. 0. 0. 0. 0.],"geometry_msgs.msg.Vector3(x=-10.0, y=5.625, z=3.625)",[0. 0. 0. 0. 0. 0. 0. 0. 0.],"geometry_msgs.msg.Vector3(x=-0.05859375, y=0.82177734375, z=0.36083984375)",[0. 0. 0. 0. 0. 0. 0. 0. 0.],False,7.78653047,"[0.7863410580412964, 0.5646542830039613, 0.16779100896961296, 0.18622421548428125]","[-10.0, 5.625, 3.625]","[-0.05859375, 0.82177734375, 0.36083984375]"
18463019370,"std_msgs.msg.Header(stamp=builtin_interfaces.msg.Time(sec=1731185772, nanosec=457411073), frame_id='RU_myo')","geometry_msgs.msg.Quaternion(x=0.784849457152183, y=0.5660218553563691, z=0.16859186503766757, w=0.18763627557052504)",[0. 0. 0. 0. 0. 0. 0. 0. 0.],"geometry_msgs.msg.Vector3(x=14.75, y=8.1875, z=7.0625)",[0. 0. 0. 0. 0. 0. 0. 0. 0.],"geometry_msgs.msg.Vector3(x=-0.0556640625, y=0.89208984375, z=0.34912109375)",[0. 0. 0. 0. 0. 0. 0. 0. 0.],False,7.807042373,"[0.784849457152183, 0.5660218553563691, 0.16859186503766757, 0.18763627557052504]","[14.75, 8.1875, 7.0625]","[-0.0556640625, 0.89208984375, 0.34912109375]"
18479643703,"std_msgs.msg.Header(stamp=builtin_interfaces.msg.Time(sec=1731185772, nanosec=473971945), frame_id='RU_myo')","geometry_msgs.msg.Quaternion(x=0.7827991778668257, y=0.5681321440611629, z=0.16980485869984477, w=0.1887263203091014)",[0. 0. 0. 0. 0. 0. 0. 0. 0.],"geometry_msgs.msg.Vector3(x=18.8125, y=9.0, z=4.4375)",[0. 0. 0. 0. 0. 0. 0. 0. 0.],"geometry_msgs.msg.Vector3(x=-0.03759765625, y=0.93212890625, z=0.3251953125)",[0. 0. 0. 0. 0. 0. 0. 0. 0.],False,7.823666706,"[0.7827991778668257, 0.5681321440611629, 0.16980485869984477, 0.1887263203091014]","[18.8125, 9.0, 4.4375]","[-0.03759765625, 0.93212890625, 0.3251953125]"
18502366442,"std_msgs.msg.Header(stamp=builtin_interfaces.msg.Time(sec=1731185772, nanosec=496750442), frame_id='RU_myo')","geometry_msgs.msg.Quaternion(x=0.7818153250661882, y=0.5689813771775319, z=0.17047468209148753, w=0.1896401135904947)",[0. 0. 0. 0. 0. 0. 0. 0. 0.],"geometry_msgs.msg.Vector3(x=0.75, y=6.625, z=1.0)",[0. 0. 0. 0. 0. 0. 0. 0. 0.],"geometry_msgs.msg.Vector3(x=-0.0126953125, y=1.00146484375, z=0.22119140625)",[0. 0. 0. 0. 0. 0. 0. 0. 0.],False,7.846389445,"[0.7818153250661882, 0.5689813771775319, 0.17047468209148753, 0.1896401135904947]","[0.75, 6.625, 1.0]","[-0.0126953125, 1.00146484375, 0.22119140625]"
18522896885,"std_msgs.msg.Header(stamp=builtin_interfaces.msg.Time(sec=1731185772, nanosec=517383669), frame_id='RU_myo')","geometry_msgs.msg.Quaternion(x=0.7833778930098237, y=0.5663833153528248, z=0.17023850269630655, w=0.19117496968262176)",[0. 0. 0. 0. 0. 0. 0. 0. 0.],"geometry_msgs.msg.Vector3(x=-24.5, y=5.25, z=2.6875)",[0. 0. 0. 0. 0. 0. 0. 0. 0.],"geometry_msgs.msg.Vector3(x=-0.0439453125, y=1.04052734375, z=0.240234375)",[0. 0. 0. 0. 0. 0. 0. 0. 0.],False,7.866919888,"[0.7833778930098237, 0.5663833153528248, 0.17023850269630655, 0.19117496968262176]","[-24.5, 5.25, 2.6875]","[-0.0439453125, 1.04052734375, 0.240234375]"
18539216307,"std_msgs.msg.Header(stamp=builtin_interfaces.msg.Time(sec=1731185772, nanosec=533727958), frame_id='RU_myo')","geometry_msgs.msg.Quaternion(x=0.7866694951047934, y=0.5613748717007127, z=0.16944401911940615, w=0.19312711689257964)",[0. 0. 0. 0. 0. 0. 0. 0. 0.],"geometry_msgs.msg.Vector3(x=-36.1875, y=4.6875, z=3.4375)",[0. 0. 0. 0. 0. 0. 0. 0. 0.],"geometry_msgs.msg.Vector3(x=-0.056640625, y=0.94677734375, z=0.30517578125)",[0. 0. 0. 0. 0. 0. 0. 0. 0.],False,7.88323931,"[0.7866694951047934, 0.5613748717007127, 0.16944401911940615, 0.19312711689257964]","[-36.1875, 4.6875, 3.4375]","[-0.056640625, 0.94677734375, 0.30517578125]"
18561889193,"std_msgs.msg.Header(stamp=builtin_interfaces.msg.Time(sec=1731185772, nanosec=556346802), frame_id='RU_myo')","geometry_msgs.msg.Quaternion(x=0.7889644750085806, y=0.5578172936023068, z=0.16913357266352907, w=0.19434186046938887)",[0. 0. 0. 0. 0. 0. 0. 0. 0.],"geometry_msgs.msg.Vector3(x=-24.8125, y=3.9375, z=1.375)",[0. 0. 0. 0. 0. 0. 0. 0. 0.],"geometry_msgs.msg.Vector3(x=-0.0595703125, y=0.86083984375, z=0.2939453125)",[0. 0. 0. 0. 0. 0. 0. 0. 0.],False,7.905912196,"[0.7889644750085806, 0.5578172936023068, 0.16913357266352907, 0.19434186046938887]","[-24.8125, 3.9375, 1.375]","[-0.0595703125, 0.86083984375, 0.2939453125]"
18592010905,"std_msgs.msg.Header(stamp=builtin_interfaces.msg.Time(sec=1731185772, nanosec=586444510), frame_id='RU_myo')","geometry_msgs.msg.Quaternion(x=0.7883773906248642, y=0.5582610417044757, z=0.1696268789521909, w=0.1950190277985786)",[0. 0. 0. 0. 0. 0. 0. 0. 0.],"geometry_msgs.msg.Vector3(x=2.8125, y=4.375, z=2.375)",[0. 0. 0. 0. 0. 0. 0. 0. 0.],"geometry_msgs.msg.Vector3(x=-0.04638671875, y=0.90625, z=0.29248046875)",[0. 0. 0. 0. 0. 0. 0. 0. 0.],False,7.936033908,"[0.7883773906248642, 0.5582610417044757, 0.1696268789521909, 0.1950190277985786]","[2.8125, 4.375, 2.375]","[-0.04638671875, 0.90625, 0.29248046875]"
18598915357,"std_msgs.msg.Header(stamp=builtin_interfaces.msg.Time(sec=1731185772, nanosec=593307659), frame_id='RU_myo')","geometry_msgs.msg.Quaternion(x=0.7864193388387583, y=0.5605770884737004, z=0.1707245335867748, w=0.19532302734275275)",[0. 0. 0. 0. 0. 0. 0. 0. 0.],"geometry_msgs.msg.Vector3(x=17.25, y=5.0, z=2.9375)",[0. 0. 0. 0. 0. 0. 0. 0. 0.],"geometry_msgs.msg.Vector3(x=-0.06396484375, y=0.9775390625, z=0.3134765625)",[0. 0. 0. 0. 0. 0. 0. 0. 0.],False,7.94293836,"[0.7864193388387583, 0.5605770884737004, 0.1707245335867748, 0.19532302734275275]","[17.25, 5.0, 2.9375]","[-0.06396484375, 0.9775390625, 0.3134765625]"
18622192754,"std_msgs.msg.Header(stamp=builtin_interfaces.msg.Time(sec=1731185772, nanosec=616464727), frame_id='RU_myo')","geometry_msgs.msg.Quaternion(x=0.7848150046241159, y=0.5623347828279655, z=0.17218565313770656, w=0.19544078743244822)",[0. 0. 0. 0. 0. 0. 0. 0. 0.],"geometry_msgs.msg.Vector3(x=14.6875, y=6.0, z=1.1875)",[0. 0. 0. 0. 0. 0. 0. 0. 0.],"geometry_msgs.msg.Vector3(x=-0.078125, y=0.955078125, z=0.31591796875)",[0. 0. 0. 0. 0. 0. 0. 0. 0.],False,7.966215757,"[0.7848150046241159, 0.5623347828279655, 0.17218565313770656, 0.19544078743244822]","[14.6875, 6.0, 1.1875]","[-0.078125, 0.955078125, 0.31591796875]"
18643014201,"std_msgs.msg.Header(stamp=builtin_interfaces.msg.Time(sec=1731185772, nanosec=637393855), frame_id='RU_myo')","geometry_msgs.msg.Quaternion(x=0.7837972758691295, y=0.5634477574603173, z=0.17310560504359873, w=0.19550678877103198)",[0. 0. 0. 0. 0. 0. 0. 0. 0.],"geometry_msgs.msg.Vector3(x=5.9375, y=3.25, z=0.8125)",[0. 0. 0. 0. 0. 0. 0. 0. 0.],"geometry_msgs.msg.Vector3(x=-0.0712890625, y=0.9404296875, z=0.2509765625)",[0. 0. 0. 0. 0. 0. 0. 0. 0.],False,7.987037204,"[0.7837972758691295, 0.5634477574603173, 0.17310560504359873, 0.19550678877103198]","[5.9375, 3.25, 0.8125]","[-0.0712890625, 0.9404296875, 0.2509765625]"
18659575084,"std_msgs.msg.Header(stamp=builtin_interfaces.msg.Time(sec=1731185772, nanosec=653985052), frame_id='RU_myo')","geometry_msgs.msg.Quaternion(x=0.7837538715699836, y=0.5632162751539126, z=0.17384198023608358, w=0.19569430780789465)",[0. 0. 0. 0. 0. 0. 0. 0. 0.],"geometry_msgs.msg.Vector3(x=-0.375, y=3.75, z=0.3125)",[0. 0. 0. 0. 0. 0. 0. 0. 0.],"geometry_msgs.msg.Vector3(x=-0.08056640625, y=0.95263671875, z=0.3056640625)",[0. 0. 0. 0. 0. 0. 0. 0. 0.],False,8.003598087,"[0.7837538715699836, 0.5632162751539126, 0.17384198023608358, 0.19569430780789465]","[-0.375, 3.75, 0.3125]","[-0.08056640625, 0.95263671875, 0.3056640625]"
18682437626,"std_msgs.msg.Header(stamp=builtin_interfaces.msg.Time(sec=1731185772, nanosec=676657707), frame_id='RU_myo')","geometry_msgs.msg.Quaternion(x=0.7835462332881019, y=0.5630155375749359, z=0.17481315043523596, w=0.19623752746134204)",[0. 0. 0. 0. 0. 0. 0. 0. 0.],"geometry_msgs.msg.Vector3(x=4.6875, y=6.125, z=0.9375)",[0. 0. 0. 0. 0. 0. 0. 0. 0.],"geometry_msgs.msg.Vector3(x=-0.07763671875, y=0.90966796875, z=0.3544921875)",[0. 0. 0. 0. 0. 0. 0. 0. 0.],False,8.026460629,"[0.7835462332881019, 0.5630155375749359, 0.17481315043523596, 0.19623752746134204]","[4.6875, 6.125, 0.9375]","[-0.07763671875, 0.90966796875, 0.3544921875]"
18703099576,"std_msgs.msg.Header(stamp=builtin_interfaces.msg.Time(sec=1731185772, nanosec=697491062), frame_id='RU_myo')","geometry_msgs.msg.Quaternion(x=0.7834085523548662, y=0.5626991386178037, z=0.17596936941480945, w=0.19666087695265905)",[0. 0. 0. 0. 0. 0. 0. 0. 0.],"geometry_msgs.msg.Vector3(x=2.375, y=6.5625, z=-0.3125)",[0. 0. 0. 0. 0. 0. 0. 0. 0.],"geometry_msgs.msg.Vector3(x=-0.080078125, y=0.93798828125, z=0.337890625)",[0. 0. 0. 0. 0. 0. 0. 0. 0.],False,8.047122579,"[0.7834085523548662, 0.5626991386178037, 0.17596936941480945, 0.19666087695265905]","[2.375, 6.5625, -0.3125]","[-0.080078125, 0.93798828125, 0.337890625]"
18719659646,"std_msgs.msg.Header(stamp=builtin_interfaces.msg.Time(sec=1731185772, nanosec=714055882), frame_id='RU_myo')","geometry_msgs.msg.Quaternion(x=0.7834915644960323, y=0.5622266126965529, z=0.1768288456174046, w=0.1969105474496884)",[0. 0. 0. 0. 0. 0. 0. 0. 0.],"geometry_msgs.msg.Vector3(x=-2.625, y=4.6875, z=-0.5625)",[0. 0. 0. 0. 0. 0. 0. 0. 0.],"geometry_msgs.msg.Vector3(x=-0.08056640625, y=0.9306640625, z=0.2861328125)",[0. 0. 0. 0. 0. 0. 0. 0. 0.],False,8.063682649,"[0.7834915644960323, 0.5622266126965529, 0.1768288456174046, 0.1969105474496884]","[-2.625, 4.6875, -0.5625]","[-0.08056640625, 0.9306640625, 0.2861328125]"
18741840526,"std_msgs.msg.Header(stamp=builtin_interfaces.msg.Time(sec=1731185772, nanosec=736279629), frame_id='RU_myo')","geometry_msgs.msg.Quaternion(x=0.7838385789701426, y=0.5614803837366721, z=0.17719073312181313, w=0.1973329797391739)",[0. 0. 0. 0. 0. 0. 0. 0. 0.],"geometry_msgs.msg.Vector3(x=-5.4375, y=3.3125, z=0.0625)",[0. 0. 0. 0. 0. 0. 0. 0. 0.],"geometry_msgs.msg.Vector3(x=-0.0595703125, y=0.92236328125, z=0.2841796875)",[0. 0. 0. 0. 0. 0. 0. 0. 0.],False,8.085863529,"[0.7838385789701426, 0.5614803837366721, 0.17719073312181313, 0.1973329797391739]","[-5.4375, 3.3125, 0.0625]","[-0.0595703125, 0.92236328125, 0.2841796875]"
18764803821,"std_msgs.msg.Header(stamp=builtin_interfaces.msg.Time(sec=1731185772, nanosec=759028618), frame_id='RU_myo')","geometry_msgs.msg.Quaternion(x=0.784424842713261, y=0.5602249791006388, z=0.17780947528003496, w=0.19801371019856967)",[0. 0. 0. 0. 0. 0. 0. 0. 0.],"geometry_msgs.msg.Vector3(x=-5.5625, y=5.375, z=-0.1875)",[0. 0. 0. 0. 0. 0. 0. 0. 0.],"geometry_msgs.msg.Vector3(x=-0.06787109375, y=0.9423828125, z=0.33544921875)",[0. 0. 0. 0. 0. 0. 0. 0. 0.],False,8.108826824,"[0.784424842713261, 0.5602249791006388, 0.17780947528003496, 0.19801371019856967]","[-5.5625, 5.375, -0.1875]","[-0.06787109375, 0.9423828125, 0.33544921875]"
18779626155,"std_msgs.msg.Header(stamp=builtin_interfaces.msg.Time(sec=1731185772, nanosec=774015789), frame_id='RU_myo')","geometry_msgs.msg.Quaternion(x=0.7851547189344319, y=0.5588192063938991, z=0.17860240282998896, w=0.19837929227527823)",[0. 0. 0. 0. 0. 0. 0. 0. 0.],"geometry_msgs.msg.Vector3(x=-5.875, y=5.125, z=-1.9375)",[0. 0. 0. 0. 0. 0. 0. 0. 0.],"geometry_msgs.msg.Vector3(x=-0.07861328125, y=0.92578125, z=0.33740234375)",[0. 0. 0. 0. 0. 0. 0. 0. 0.],False,8.123649158,"[0.7851547189344319, 0.5588192063938991, 0.17860240282998896, 0.19837929227527823]","[-5.875, 5.125, -1.9375]","[-0.07861328125, 0.92578125, 0.33740234375]"
18802134230,"std_msgs.msg.Header(stamp=builtin_interfaces.msg.Time(sec=1731185772, nanosec=796521264), frame_id='RU_myo')","geometry_msgs.msg.Quaternion(x=0.7849643537676478, y=0.5588140481137492, z=0.17945530327191947, w=0.198377461099911)",[0. 0. 0. 0. 0. 0. 0. 0. 0.],"geometry_msgs.msg.Vector3(x=0.5625, y=3.9375, z=-1.3125)",[0. 0. 0. 0. 0. 0. 0. 0. 0.],"geometry_msgs.msg.Vector3(x=-0.07763671875, y=0.9365234375, z=0.29736328125)",[0. 0. 0. 0. 0. 0. 0. 0. 0.],False,8.146157233,"[0.7849643537676478, 0.5588140481137492, 0.17945530327191947, 0.198377461099911]","[0.5625, 3.9375, -1.3125]","[-0.07763671875, 0.9365234375, 0.29736328125]"
18824668094,"std_msgs.msg.Header(stamp=builtin_interfaces.msg.Time(sec=1731185772, nanosec=819031999), frame_id='RU_myo')","geometry_msgs.msg.Quaternion(x=0.7840788467310639, y=0.5598296109463894, z=0.1803027333990007, w=0.19824755520648416)",[0. 0. 0. 0. 0. 0. 0. 0. 0.],"geometry_msgs.msg.Vector3(x=9.0625, y=3.5625, z=-2.625)",[0. 0. 0. 0. 0. 0. 0. 0. 0.],"geometry_msgs.msg.Vector3(x=-0.0390625, y=0.95947265625, z=0.318359375)",[0. 0. 0. 0. 0. 0. 0. 0. 0.],False,8.168691097,"[0.7840788467310639, 0.5598296109463894, 0.1803027333990007, 0.19824755520648416]","[9.0625, 3.5625, -2.625]","[-0.0390625, 0.95947265625, 0.318359375]"
18839676937,"std_msgs.msg.Header(stamp=builtin_interfaces.msg.Time(sec=1731185772, nanosec=834064610), frame_id='RU_myo')","geometry_msgs.msg.Quaternion(x=0.7823848418586258, y=0.5618546161108324, z=0.1812217659134233, w=0.19837343860512824)",[0. 0. 0. 0. 0. 0. 0. 0. 0.],"geometry_msgs.msg.Vector3(x=17.75, y=5.5, z=-3.5)",[0. 0. 0. 0. 0. 0. 0. 0. 0.],"geometry_msgs.msg.Vector3(x=0.01708984375, y=0.9208984375, z=0.32666015625)",[0. 0. 0. 0. 0. 0. 0. 0. 0.],False,8.18369994,"[0.7823848418586258, 0.5618546161108324, 0.1812217659134233, 0.19837343860512824]","[17.75, 5.5, -3.5]","[0.01708984375, 0.9208984375, 0.32666015625]"
18869542502,"std_msgs.msg.Header(stamp=builtin_interfaces.msg.Time(sec=1731185772, nanosec=863923617), frame_id='RU_myo')","geometry_msgs.msg.Quaternion(x=0.7801193216250147, y=0.564840325664493, z=0.18170841252465916, w=0.1983716293937327)",[0. 0. 0. 0. 0. 0. 0. 0. 0.],"geometry_msgs.msg.Vector3(x=14.25, y=2.5625, z=-1.8125)",[0. 0. 0. 0. 0. 0. 0. 0. 0.],"geometry_msgs.msg.Vector3(x=0.021484375, y=0.974609375, z=0.19921875)",[0. 0. 0. 0. 0. 0. 0. 0. 0.],False,8.213565505,"[0.7801193216250147, 0.564840325664493, 0.18170841252465916, 0.1983716293937327]","[14.25, 2.5625, -1.8125]","[0.021484375, 0.974609375, 0.19921875]"
18884530484,"std_msgs.msg.Header(stamp=builtin_interfaces.msg.Time(sec=1731185772, nanosec=878875460), frame_id='RU_myo')","geometry_msgs.msg.Quaternion(x=0.7802480837492668, y=0.5648451667852393, z=0.1814047801691951, w=0.19812917780255965)",[0. 0. 0. 0. 0. 0. 0. 0. 0.],"geometry_msgs.msg.Vector3(x=-7.625, y=-1.9375, z=-3.0)",[0. 0. 0. 0. 0. 0. 0. 0. 0.],"geometry_msgs.msg.Vector3(x=-0.013671875, y=0.94970703125, z=0.18505859375)",[0. 0. 0. 0. 0. 0. 0. 0. 0.],False,8.228553487,"[0.7802480837492668, 0.5648451667852393, 0.1814047801691951, 0.19812917780255965]","[-7.625, -1.9375, -3.0]","[-0.013671875, 0.94970703125, 0.18505859375]"
18899053184,"std_msgs.msg.Header(stamp=builtin_interfaces.msg.Time(sec=1731185772, nanosec=893410044), frame_id='RU_myo')","geometry_msgs.msg.Quaternion(x=0.7809680352195167, y=0.564653012412329, z=0.17963180364603656, w=0.19745459897890869)",[0. 0. 0. 0. 0. 0. 0. 0. 0.],"geometry_msgs.msg.Vector3(x=-13.1875, y=-9.1875, z=-3.75)",[0. 0. 0. 0. 0. 0. 0. 0. 0.],"geometry_msgs.msg.Vector3(x=0.0185546875, y=1.0029296875, z=0.18701171875)",[0. 0. 0. 0. 0. 0. 0. 0. 0.],False,8.243076187,"[0.7809680352195167, 0.564653012412329, 0.17963180364603656, 0.19745459897890869]","[-13.1875, -9.1875, -3.75]","[0.0185546875, 1.0029296875, 0.18701171875]"
18922217364,"std_msgs.msg.Header(stamp=builtin_interfaces.msg.Time(sec=1731185772, nanosec=916596620), frame_id='RU_myo')","geometry_msgs.msg.Quaternion(x=0.7829757066356429, y=0.5630613418860153, z=0.17761609809087314, w=0.1958659995785608)",[0. 0. 0. 0. 0. 0. 0. 0. 0.],"geometry_msgs.msg.Vector3(x=-20.1875, y=-12.0625, z=-14.5)",[0. 0. 0. 0. 0. 0. 0. 0. 0.],"geometry_msgs.msg.Vector3(x=0.08203125, y=1.07373046875, z=0.25537109375)",[0. 0. 0. 0. 0. 0. 0. 0. 0.],False,8.266240367,"[0.7829757066356429, 0.5630613418860153, 0.17761609809087314, 0.1958659995785608]","[-20.1875, -12.0625, -14.5]","[0.08203125, 1.07373046875, 0.25537109375]"
18945705874,"std_msgs.msg.Header(stamp=builtin_interfaces.msg.Time(sec=1731185772, nanosec=939887851), frame_id='RU_myo')","geometry_msgs.msg.Quaternion(x=0.7875691707169131, y=0.558799950237413, z=0.17487295001968195, w=0.1920855754666454)",[0. 0. 0. 0. 0. 0. 0. 0. 0.],"geometry_msgs.msg.Vector3(x=-43.3125, y=-21.9375, z=-26.625)",[0. 0. 0. 0. 0. 0. 0. 0. 0.],"geometry_msgs.msg.Vector3(x=0.0625, y=1.08740234375, z=0.20556640625)",[0. 0. 0. 0. 0. 0. 0. 0. 0.],False,8.289728877,"[0.7875691707169131, 0.558799950237413, 0.17487295001968195, 0.1920855754666454]","[-43.3125, -21.9375, -26.625]","[0.0625, 1.08740234375, 0.20556640625]"
18965727796,"std_msgs.msg.Header(stamp=builtin_interfaces.msg.Time(sec=1731185772, nanosec=960128809), frame_id='RU_myo')","geometry_msgs.msg.Quaternion(x=0.7948570650246288, y=0.5520417214009171, z=0.16975099814417854, w=0.18610959846875239)",[0. 0. 0. 0. 0. 0. 0. 0. 0.],"geometry_msgs.msg.Vector3(x=-79.5, y=-41.8125, z=-31.6875)",[0. 0. 0. 0. 0. 0. 0. 0. 0.],"geometry_msgs.msg.Vector3(x=0.01220703125, y=1.2060546875, z=0.0390625)",[0. 0. 0. 0. 0. 0. 0. 0. 0.],False,8.309750799,"[0.7948570650246288, 0.5520417214009171, 0.16975099814417854, 0.18610959846875239]","[-79.5, -41.8125, -31.6875]","[0.01220703125, 1.2060546875, 0.0390625]"
18981976391,"std_msgs.msg.Header(stamp=builtin_interfaces.msg.Time(sec=1731185772, nanosec=976415902), frame_id='RU_myo')","geometry_msgs.msg.Quaternion(x=0.8087402393616725, y=0.5371866299337419, z=0.160893529883575, w=0.1774345566659911)",[0. 0. 0. 0. 0. 0. 0. 0. 0.],"geometry_msgs.msg.Vector3(x=-123.375, y=-65.4375, z=-42.8125)",[0. 0. 0. 0. 0. 0. 0. 0. 0.],"geometry_msgs.msg.Vector3(x=0.0244140625, y=1.32177734375, z=-0.14404296875)",[0. 0. 0. 0. 0. 0. 0. 0. 0.],False,8.325999394,"[0.8087402393616725, 0.5371866299337419, 0.160893529883575, 0.1774345566659911]","[-123.375, -65.4375, -42.8125]","[0.0244140625, 1.32177734375, -0.14404296875]"
19004628851,"std_msgs.msg.Header(stamp=builtin_interfaces.msg.Time(sec=1731185772, nanosec=999068559), frame_id='RU_myo')","geometry_msgs.msg.Quaternion(x=0.828411522755274, y=0.5138202327257513, z=0.1496048218592084, w=0.16535269784438825)",[0. 0. 0. 0. 0. 0. 0. 0. 0.],"geometry_msgs.msg.Vector3(x=-180.5, y=-83.6875, z=-65.875)",[0. 0. 0. 0. 0. 0. 0. 0. 0.],"geometry_msgs.msg.Vector3(x=0.0556640625, y=1.19580078125, z=-0.16162109375)",[0. 0. 0. 0. 0. 0. 0. 0. 0.],False,8.348651854,"[0.828411522755274, 0.5138202327257513, 0.1496048218592084, 0.16535269784438825]","[-180.5, -83.6875, -65.875]","[0.0556640625, 1.19580078125, -0.16162109375]"
19025575797,"std_msgs.msg.Header(stamp=builtin_interfaces.msg.Time(sec=1731185773, nanosec=19970521), frame_id='RU_myo')","geometry_msgs.msg.Quaternion(x=0.8491699333750924, y=0.48800414155648814, z=0.13690972977000662, w=0.1483849991399403)",[0. 0. 0. 0. 0. 0. 0. 0. 0.],"geometry_msgs.msg.Vector3(x=-190.0, y=-103.1875, z=-87.25)",[0. 0. 0. 0. 0. 0. 0. 0. 0.],"geometry_msgs.msg.Vector3(x=0.05859375, y=0.90673828125, z=-0.06103515625)",[0. 0. 0. 0. 0. 0. 0. 0. 0.],False,8.3695988,"[0.8491699333750924, 0.48800414155648814, 0.13690972977000662, 0.1483849991399403]","[-190.0, -103.1875, -87.25]","[0.05859375, 0.90673828125, -0.06103515625]"
19042074341,"std_msgs.msg.Header(stamp=builtin_interfaces.msg.Time(sec=1731185773, nanosec=36334182), frame_id='RU_myo')","geometry_msgs.msg.Quaternion(x=0.8670363055274476, y=0.4653491582781598, z=0.12292932906246247, w=0.12878891972283804)",[0. 0. 0. 0. 0. 0. 0. 0. 0.],"geometry_msgs.msg.Vector3(x=-161.1875, y=-116.6875, z=-91.625)",[0. 0. 0. 0. 0. 0. 0. 0. 0.],"geometry_msgs.msg.Vector3(x=0.08935546875, y=0.60888671875, z=0.0732421875)",[0. 0. 0. 0. 0. 0. 0. 0. 0.],False,8.386097344,"[0.8670363055274476, 0.4653491582781598, 0.12292932906246247, 0.12878891972283804]","[-161.1875, -116.6875, -91.625]","[0.08935546875, 0.60888671875, 0.0732421875]"
19042074341,"std_msgs.msg.Header(stamp=builtin_interfaces.msg.Time(sec=1731185779, nanosec=231494194), frame_id='RU_myo')","geometry_msgs.msg.Quaternion(x=0.6708567471858935, y=0.2864462482525156, z=-0.6837965734440511, w=-0.017944853395746765)",[0. 0. 0. 0. 0. 0. 0. 0. 0.],"geometry_msgs.msg.Vector3(x=-7.4375, y=-2.4375, z=-5.8125)",[0. 0. 0. 0. 0. 0. 0. 0. 0.],"geometry_msgs.msg.Vector3(x=0.93359375, y=0.39111328125, z=-0.0859375)",[0. 0. 0. 0. 0. 0. 0. 0. 0.],False,14.58112155,"[0.6708567471858935, 0.2864462482525156, -0.6837965734440511, -0.017944853395746765]","[-7.4375, -2.4375, -5.8125]","[0.93359375, 0.39111328125, -0.0859375]"
19064675370,"std_msgs.msg.Header(stamp=builtin_interfaces.msg.Time(sec=1731185779, nanosec=253992073), frame_id='RU_myo')","geometry_msgs.msg.Quaternion(x=0.671144897073386, y=0.2861948365202898, z=-0.6835961119699822, w=-0.018798893079174508)",[0. 0. 0. 0. 0. 0. 0. 0. 0.],"geometry_msgs.msg.Vector3(x=-4.75, y=-0.9375, z=-5.375)",[0. 0. 0. 0. 0. 0. 0. 0. 0.],"geometry_msgs.msg.Vector3(x=0.93115234375, y=0.3798828125, z=-0.08154296875)",[0. 0. 0. 0. 0. 0. 0. 0. 0.],False,14.603722579,"[0.671144897073386, 0.2861948365202898, -0.6835961119699822, -0.018798893079174508]","[-4.75, -0.9375, -5.375]","[0.93115234375, 0.3798828125, -0.08154296875]"
19085840625,"std_msgs.msg.Header(stamp=builtin_interfaces.msg.Time(sec=1731185779, nanosec=275075703), frame_id='RU_myo')","geometry_msgs.msg.Quaternion(x=0.6712833378682445, y=0.2863849264664305, z=-0.6833686352766744, w=-0.019226609513411257)",[0. 0. 0. 0. 0. 0. 0. 0. 0.],"geometry_msgs.msg.Vector3(x=-1.5625, y=0.5625, z=-5.5)",[0. 0. 0. 0. 0. 0. 0. 0. 0.],"geometry_msgs.msg.Vector3(x=0.93798828125, y=0.3818359375, z=-0.09912109375)",[0. 0. 0. 0. 0. 0. 0. 0. 0.],False,14.624887834,"[0.6712833378682445, 0.2863849264664305, -0.6833686352766744, -0.019226609513411257]","[-1.5625, 0.5625, -5.5]","[0.93798828125, 0.3818359375, -0.09912109375]"
19101925859,"std_msgs.msg.Header(stamp=builtin_interfaces.msg.Time(sec=1731185779, nanosec=291456773), frame_id='RU_myo')","geometry_msgs.msg.Quaternion(x=0.6712293504198695, y=0.28748660911863105, z=-0.6829485497724762, w=-0.01959303641763919)",[0. 0. 0. 0. 0. 0. 0. 0. 0.],"geometry_msgs.msg.Vector3(x=2.5, y=1.375, z=-7.9375)",[0. 0. 0. 0. 0. 0. 0. 0. 0.],"geometry_msgs.msg.Vector3(x=0.92578125, y=0.39794921875, z=-0.10498046875)",[0. 0. 0. 0. 0. 0. 0. 0. 0.],False,14.640973068,"[0.6712293504198695, 0.28748660911863105, -0.6829485497724762, -0.01959303641763919]","[2.5, 1.375, -7.9375]","[0.92578125, 0.39794921875, -0.10498046875]"
19130795805,"std_msgs.msg.Header(stamp=builtin_interfaces.msg.Time(sec=1731185779, nanosec=320179168), frame_id='RU_myo')","geometry_msgs.msg.Quaternion(x=0.6704136852064372, y=0.2896743763646896, z=-0.6828038871453398, w=-0.020324814018002874)",[0. 0. 0. 0. 0. 0. 0. 0. 0.],"geometry_msgs.msg.Vector3(x=6.5625, y=-2.8125, z=-11.5)",[0. 0. 0. 0. 0. 0. 0. 0. 0.],"geometry_msgs.msg.Vector3(x=0.9189453125, y=0.42822265625, z=-0.11474609375)",[0. 0. 0. 0. 0. 0. 0. 0. 0.],False,14.669843014,"[0.6704136852064372, 0.2896743763646896, -0.6828038871453398, -0.020324814018002874]","[6.5625, -2.8125, -11.5]","[0.9189453125, 0.42822265625, -0.11474609375]"
19145655605,"std_msgs.msg.Header(stamp=builtin_interfaces.msg.Time(sec=1731185779, nanosec=334939678), frame_id='RU_myo')","geometry_msgs.msg.Quaternion(x=0.6693173630092379, y=0.2924830205672322, z=-0.6826231431602515, w=-0.022216990710866552)",[0. 0. 0. 0. 0. 0. 0. 0. 0.],"geometry_msgs.msg.Vector3(x=4.75, y=-5.25, z=-16.5625)",[0. 0. 0. 0. 0. 0. 0. 0. 0.],"geometry_msgs.msg.Vector3(x=0.90380859375, y=0.45654296875, z=-0.1240234375)",[0. 0. 0. 0. 0. 0. 0. 0. 0.],False,14.684702814,"[0.6693173630092379, 0.2924830205672322, -0.6826231431602515, -0.022216990710866552]","[4.75, -5.25, -16.5625]","[0.90380859375, 0.45654296875, -0.1240234375]"
19161492569,"std_msgs.msg.Header(stamp=builtin_interfaces.msg.Time(sec=1731185779, nanosec=350892930), frame_id='RU_myo')","geometry_msgs.msg.Quaternion(x=0.6683269578064125, y=0.2949183433900078, z=-0.6824259100669862, w=-0.025634458655588426)",[0. 0. 0. 0. 0. 0. 0. 0. 0.],"geometry_msgs.msg.Vector3(x=-3.8125, y=-5.0625, z=-21.8125)",[0. 0. 0. 0. 0. 0. 0. 0. 0.],"geometry_msgs.msg.Vector3(x=0.93017578125, y=0.4658203125, z=-0.16259765625)",[0. 0. 0. 0. 0. 0. 0. 0. 0.],False,14.700539778,"[0.6683269578064125, 0.2949183433900078, -0.6824259100669862, -0.025634458655588426]","[-3.8125, -5.0625, -21.8125]","[0.93017578125, 0.4658203125, -0.16259765625]"
19184917094,"std_msgs.msg.Header(stamp=builtin_interfaces.msg.Time(sec=1731185779, nanosec=374094056), frame_id='RU_myo')","geometry_msgs.msg.Quaternion(x=0.6667097552320421, y=0.29871624481420983, z=-0.6821521765516161, w=-0.03057965644706153)",[0. 0. 0. 0. 0. 0. 0. 0. 0.],"geometry_msgs.msg.Vector3(x=-3.8125, y=-8.4375, z=-29.625)",[0. 0. 0. 0. 0. 0. 0. 0. 0.],"geometry_msgs.msg.Vector3(x=0.935546875, y=0.53857421875, z=-0.1884765625)",[0. 0. 0. 0. 0. 0. 0. 0. 0.],False,14.723964303,"[0.6667097552320421, 0.29871624481420983, -0.6821521765516161, -0.03057965644706153]","[-3.8125, -8.4375, -29.625]","[0.935546875, 0.53857421875, -0.1884765625]"
19207252387,"std_msgs.msg.Header(stamp=builtin_interfaces.msg.Time(sec=1731185779, nanosec=396538929), frame_id='RU_myo')","geometry_msgs.msg.Quaternion(x=0.6649959657368613, y=0.3040853511978929, z=-0.6811707184601534, w=-0.036316897623995634)",[0. 0. 0. 0. 0. 0. 0. 0. 0.],"geometry_msgs.msg.Vector3(x=-0.5, y=-7.5625, z=-37.375)",[0. 0. 0. 0. 0. 0. 0. 0. 0.],"geometry_msgs.msg.Vector3(x=0.9326171875, y=0.59716796875, z=-0.18896484375)",[0. 0. 0. 0. 0. 0. 0. 0. 0.],False,14.746299596,"[0.6649959657368613, 0.3040853511978929, -0.6811707184601534, -0.036316897623995634]","[-0.5, -7.5625, -37.375]","[0.9326171875, 0.59716796875, -0.18896484375]"
19221639976,"std_msgs.msg.Header(stamp=builtin_interfaces.msg.Time(sec=1731185779, nanosec=410919755), frame_id='RU_myo')","geometry_msgs.msg.Quaternion(x=0.6637705349526275, y=0.3089050737834711, z=-0.6797620641625207, w=-0.043702041657570696)",[0. 0. 0. 0. 0. 0. 0. 0. 0.],"geometry_msgs.msg.Vector3(x=-7.625, y=-10.4375, z=-40.125)",[0. 0. 0. 0. 0. 0. 0. 0. 0.],"geometry_msgs.msg.Vector3(x=0.95654296875, y=0.67138671875, z=-0.14208984375)",[0. 0. 0. 0. 0. 0. 0. 0. 0.],False,14.760687185,"[0.6637705349526275, 0.3089050737834711, -0.6797620641625207, -0.043702041657570696]","[-7.625, -10.4375, -40.125]","[0.95654296875, 0.67138671875, -0.14208984375]"
19244571992,"std_msgs.msg.Header(stamp=builtin_interfaces.msg.Time(sec=1731185779, nanosec=433917128), frame_id='RU_myo')","geometry_msgs.msg.Quaternion(x=0.6645515214689657, y=0.3134158764459165, z=-0.6762702845220554, w=-0.05291753941160849)",[0. 0. 0. 0. 0. 0. 0. 0. 0.],"geometry_msgs.msg.Vector3(x=-18.0, y=-1.75, z=-47.375)",[0. 0. 0. 0. 0. 0. 0. 0. 0.],"geometry_msgs.msg.Vector3(x=0.9794921875, y=0.73486328125, z=-0.080078125)",[0. 0. 0. 0. 0. 0. 0. 0. 0.],False,14.783619201,"[0.6645515214689657, 0.3134158764459165, -0.6762702845220554, -0.05291753941160849]","[-18.0, -1.75, -47.375]","[0.9794921875, 0.73486328125, -0.080078125]"
19266986330,"std_msgs.msg.Header(stamp=builtin_interfaces.msg.Time(sec=1731185779, nanosec=456371669), frame_id='RU_myo')","geometry_msgs.msg.Quaternion(x=0.6693945507985343, y=0.3159283482204079, z=-0.6694555879600915, w=-0.062685164919312)",[0. 0. 0. 0. 0. 0. 0. 0. 0.],"geometry_msgs.msg.Vector3(x=-32.0625, y=16.5, z=-53.875)",[0. 0. 0. 0. 0. 0. 0. 0. 0.],"geometry_msgs.msg.Vector3(x=1.04736328125, y=0.6806640625, z=0.0732421875)",[0. 0. 0. 0. 0. 0. 0. 0. 0.],False,14.806033539,"[0.6693945507985343, 0.3159283482204079, -0.6694555879600915, -0.062685164919312]","[-32.0625, 16.5, -53.875]","[1.04736328125, 0.6806640625, 0.0732421875]"
19272651752,"std_msgs.msg.Header(stamp=builtin_interfaces.msg.Time(sec=1731185779, nanosec=461874319), frame_id='RU_myo')","geometry_msgs.msg.Quaternion(x=0.6773092975775646, y=0.31897074787242974, z=-0.6589376567223022, w=-0.07287620990426351)",[0. 0. 0. 0. 0. 0. 0. 0. 0.],"geometry_msgs.msg.Vector3(x=-35.9375, y=38.75, z=-60.5625)",[0. 0. 0. 0. 0. 0. 0. 0. 0.],"geometry_msgs.msg.Vector3(x=1.1435546875, y=0.82373046875, z=0.14404296875)",[0. 0. 0. 0. 0. 0. 0. 0. 0.],False,14.811698961,"[0.6773092975775646, 0.31897074787242974, -0.6589376567223022, -0.07287620990426351]","[-35.9375, 38.75, -60.5625]","[1.1435546875, 0.82373046875, 0.14404296875]"
19288842688,"std_msgs.msg.Header(stamp=builtin_interfaces.msg.Time(sec=1731185779, nanosec=478324630), frame_id='RU_myo')","geometry_msgs.msg.Quaternion(x=0.6862293489304525, y=0.3261771449510218, z=-0.6441754468213107, w=-0.08795308118907605)",[0. 0. 0. 0. 0. 0. 0. 0. 0.],"geometry_msgs.msg.Vector3(x=-44.5625, y=57.3125, z=-90.4375)",[0. 0. 0. 0. 0. 0. 0. 0. 0.],"geometry_msgs.msg.Vector3(x=1.06103515625, y=1.0361328125, z=0.09375)",[0. 0. 0. 0. 0. 0. 0. 0. 0.],False,14.827889897,"[0.6862293489304525, 0.3261771449510218, -0.6441754468213107, -0.08795308118907605]","[-44.5625, 57.3125, -90.4375]","[1.06103515625, 1.0361328125, 0.09375]"
19309915882,"std_msgs.msg.Header(stamp=builtin_interfaces.msg.Time(sec=1731185779, nanosec=499400285), frame_id='RU_myo')","geometry_msgs.msg.Quaternion(x=0.6973459894759416, y=0.3328339326575326, z=-0.6258718403576635, w=-0.10589893144339245)",[0. 0. 0. 0. 0. 0. 0. 0. 0.],"geometry_msgs.msg.Vector3(x=-67.0625, y=78.8125, z=-120.875)",[0. 0. 0. 0. 0. 0. 0. 0. 0.],"geometry_msgs.msg.Vector3(x=0.98388671875, y=0.9326171875, z=0.2978515625)",[0. 0. 0. 0. 0. 0. 0. 0. 0.],False,14.848963091,"[0.6973459894759416, 0.3328339326575326, -0.6258718403576635, -0.10589893144339245]","[-67.0625, 78.8125, -120.875]","[0.98388671875, 0.9326171875, 0.2978515625]"
19332381344,"std_msgs.msg.Header(stamp=builtin_interfaces.msg.Time(sec=1731185779, nanosec=521801423), frame_id='RU_myo')","geometry_msgs.msg.Quaternion(x=0.7104894032894455, y=0.33961881786103737, z=-0.6036718383619086, w=-0.12427460696712295)",[0. 0. 0. 0. 0. 0. 0. 0. 0.],"geometry_msgs.msg.Vector3(x=-73.5625, y=99.875, z=-134.1875)",[0. 0. 0. 0. 0. 0. 0. 0. 0.],"geometry_msgs.msg.Vector3(x=1.0703125, y=0.748046875, z=0.41552734375)",[0. 0. 0. 0. 0. 0. 0. 0. 0.],False,14.871428553,"[0.7104894032894455, 0.33961881786103737, -0.6036718383619086, -0.12427460696712295]","[-73.5625, 99.875, -134.1875]","[1.0703125, 0.748046875, 0.41552734375]"
19348663893,"std_msgs.msg.Header(stamp=builtin_interfaces.msg.Time(sec=1731185779, nanosec=538211277), frame_id='RU_myo')","geometry_msgs.msg.Quaternion(x=0.726213021871772, y=0.3452838346552878, z=-0.5778331381795314, w=-0.13965165523975578)",[0. 0. 0. 0. 0. 0. 0. 0. 0.],"geometry_msgs.msg.Vector3(x=-75.375, y=130.125, z=-127.5625)",[0. 0. 0. 0. 0. 0. 0. 0. 0.],"geometry_msgs.msg.Vector3(x=1.10888671875, y=0.50537109375, z=0.4130859375)",[0. 0. 0. 0. 0. 0. 0. 0. 0.],False,14.887711102,"[0.726213021871772, 0.3452838346552878, -0.5778331381795314, -0.13965165523975578]","[-75.375, 130.125, -127.5625]","[1.10888671875, 0.50537109375, 0.4130859375]"
19370299058,"std_msgs.msg.Header(stamp=builtin_interfaces.msg.Time(sec=1731185779, nanosec=559655894), frame_id='RU_myo')","geometry_msgs.msg.Quaternion(x=0.7412876513047089, y=0.35572041431073226, z=-0.549572170633808, w=-0.14807442091932677)",[0. 0. 0. 0. 0. 0. 0. 0. 0.],"geometry_msgs.msg.Vector3(x=-31.875, y=154.9375, z=-121.3125)",[0. 0. 0. 0. 0. 0. 0. 0. 0.],"geometry_msgs.msg.Vector3(x=1.02294921875, y=0.38427734375, z=0.53076171875)",[0. 0. 0. 0. 0. 0. 0. 0. 0.],False,14.909346267,"[0.7412876513047089, 0.35572041431073226, -0.549572170633808, -0.14807442091932677]","[-31.875, 154.9375, -121.3125]","[1.02294921875, 0.38427734375, 0.53076171875]"
19392499714,"std_msgs.msg.Header(stamp=builtin_interfaces.msg.Time(sec=1731185779, nanosec=581860979), frame_id='RU_myo')","geometry_msgs.msg.Quaternion(x=0.761208965755776, y=0.3624165200976425, z=-0.5135963315294143, w=-0.1594803582039643)",[0. 0. 0. 0. 0. 0. 0. 0. 0.],"geometry_msgs.msg.Vector3(x=-74.5625, y=194.9375, z=-129.75)",[0. 0. 0. 0. 0. 0. 0. 0. 0.],"geometry_msgs.msg.Vector3(x=0.85546875, y=0.5986328125, z=0.53857421875)",[0. 0. 0. 0. 0. 0. 0. 0. 0.],False,14.931546923,"[0.761208965755776, 0.3624165200976425, -0.5135963315294143, -0.1594803582039643]","[-74.5625, 194.9375, -129.75]","[0.85546875, 0.5986328125, 0.53857421875]"
19408988452,"std_msgs.msg.Header(stamp=builtin_interfaces.msg.Time(sec=1731185779, nanosec=598504462), frame_id='RU_myo')","geometry_msgs.msg.Quaternion(x=0.7835958274168556, y=0.36433116481159145, z=-0.4730994904430634, w=-0.1715145875558003)",[0. 0. 0. 0. 0. 0. 0. 0. 0.],"geometry_msgs.msg.Vector3(x=-108.3125, y=218.625, z=-125.875)",[0. 0. 0. 0. 0. 0. 0. 0. 0.],"geometry_msgs.msg.Vector3(x=0.85986328125, y=0.65625, z=0.4580078125)",[0. 0. 0. 0. 0. 0. 0. 0. 0.],False,14.948035661,"[0.7835958274168556, 0.36433116481159145, -0.4730994904430634, -0.1715145875558003]","[-108.3125, 218.625, -125.875]","[0.85986328125, 0.65625, 0.4580078125]"
19430039011,"std_msgs.msg.Header(stamp=builtin_interfaces.msg.Time(sec=1731185779, nanosec=619380709), frame_id='RU_myo')","geometry_msgs.msg.Quaternion(x=0.8063775819858026, y=0.3636999705611109, z=-0.4302877651377466, w=-0.17980535547458176)",[0. 0. 0. 0. 0. 0. 0. 0. 0.],"geometry_msgs.msg.Vector3(x=-113.0, y=236.8125, z=-107.5625)",[0. 0. 0. 0. 0. 0. 0. 0. 0.],"geometry_msgs.msg.Vector3(x=0.8349609375, y=0.6171875, z=0.4853515625)",[0. 0. 0. 0. 0. 0. 0. 0. 0.],False,14.96908622,"[0.8063775819858026, 0.3636999705611109, -0.4302877651377466, -0.17980535547458176]","[-113.0, 236.8125, -107.5625]","[0.8349609375, 0.6171875, 0.4853515625]"
19452474478,"std_msgs.msg.Header(stamp=builtin_interfaces.msg.Time(sec=1731185779, nanosec=641877891), frame_id='RU_myo')","geometry_msgs.msg.Quaternion(x=0.8295132805957598, y=0.3576593204540617, z=-0.38646737493432054, w=-0.18609270786082494)",[0. 0. 0. 0. 0. 0. 0. 0. 0.],"geometry_msgs.msg.Vector3(x=-134.6875, y=241.75, z=-86.9375)",[0. 0. 0. 0. 0. 0. 0. 0. 0.],"geometry_msgs.msg.Vector3(x=0.79345703125, y=0.556640625, z=0.51953125)",[0. 0. 0. 0. 0. 0. 0. 0. 0.],False,14.991521687,"[0.8295132805957598, 0.3576593204540617, -0.38646737493432054, -0.18609270786082494]","[-134.6875, 241.75, -86.9375]","[0.79345703125, 0.556640625, 0.51953125]"
19468733611,"std_msgs.msg.Header(stamp=builtin_interfaces.msg.Time(sec=1731185779, nanosec=658274838), frame_id='RU_myo')","geometry_msgs.msg.Quaternion(x=0.8518331097452326, y=0.3484605347904509, z=-0.34247890360995276, w=-0.1888486415557287)",[0. 0. 0. 0. 0. 0. 0. 0. 0.],"geometry_msgs.msg.Vector3(x=-141.25, y=246.5, z=-65.5625)",[0. 0. 0. 0. 0. 0. 0. 0. 0.],"geometry_msgs.msg.Vector3(x=0.7587890625, y=0.43798828125, z=0.4501953125)",[0. 0. 0. 0. 0. 0. 0. 0. 0.],False,15.00778082,"[0.8518331097452326, 0.3484605347904509, -0.34247890360995276, -0.1888486415557287]","[-141.25, 246.5, -65.5625]","[0.7587890625, 0.43798828125, 0.4501953125]"
19490044408,"std_msgs.msg.Header(stamp=builtin_interfaces.msg.Time(sec=1731185779, nanosec=679508186), frame_id='RU_myo')","geometry_msgs.msg.Quaternion(x=0.8703136021817264, y=0.3408255245517049, z=-0.3018234632715223, w=-0.18786908391299206)",[0. 0. 0. 0. 0. 0. 0. 0. 0.],"geometry_msgs.msg.Vector3(x=-114.3125, y=232.5625, z=-47.875)",[0. 0. 0. 0. 0. 0. 0. 0. 0.],"geometry_msgs.msg.Vector3(x=0.7353515625, y=0.39990234375, z=0.49951171875)",[0. 0. 0. 0. 0. 0. 0. 0. 0.],False,15.029091617,"[0.8703136021817264, 0.3408255245517049, -0.3018234632715223, -0.18786908391299206]","[-114.3125, 232.5625, -47.875]","[0.7353515625, 0.39990234375, 0.49951171875]"
19512550069,"std_msgs.msg.Header(stamp=builtin_interfaces.msg.Time(sec=1731185779, nanosec=701887928), frame_id='RU_myo')","geometry_msgs.msg.Quaternion(x=0.8853912463565211, y=0.3368588369393106, z=-0.26367642246381984, w=-0.1818879025329128)",[0. 0. 0. 0. 0. 0. 0. 0. 0.],"geometry_msgs.msg.Vector3(x=-77.1875, y=227.1875, z=-27.625)",[0. 0. 0. 0. 0. 0. 0. 0. 0.],"geometry_msgs.msg.Vector3(x=0.6552734375, y=0.36767578125, z=0.60302734375)",[0. 0. 0. 0. 0. 0. 0. 0. 0.],False,15.051597278,"[0.8853912463565211, 0.3368588369393106, -0.26367642246381984, -0.1818879025329128]","[-77.1875, 227.1875, -27.625]","[0.6552734375, 0.36767578125, 0.60302734375]"
19529159908,"std_msgs.msg.Header(stamp=builtin_interfaces.msg.Time(sec=1731185779, nanosec=718303157), frame_id='RU_myo')","geometry_msgs.msg.Quaternion(x=0.8969311547153737, y=0.3379590203238533, z=-0.22882578421421815, w=-0.17010868514404534)",[0. 0. 0. 0. 0. 0. 0. 0. 0.],"geometry_msgs.msg.Vector3(x=-32.9375, y=222.0, z=-2.375)",[0. 0. 0. 0. 0. 0. 0. 0. 0.],"geometry_msgs.msg.Vector3(x=0.59716796875, y=0.3779296875, z=0.595703125)",[0. 0. 0. 0. 0. 0. 0. 0. 0.],False,15.068207117,"[0.8969311547153737, 0.3379590203238533, -0.22882578421421815, -0.17010868514404534]","[-32.9375, 222.0, -2.375]","[0.59716796875, 0.3779296875, 0.595703125]"
19549953973,"std_msgs.msg.Header(stamp=builtin_interfaces.msg.Time(sec=1731185779, nanosec=739356494), frame_id='RU_myo')","geometry_msgs.msg.Quaternion(x=0.9053183562370393, y=0.34443847655377646, z=-0.19562738212916064, w=-0.15326688191148904)",[0. 0. 0. 0. 0. 0. 0. 0. 0.],"geometry_msgs.msg.Vector3(x=8.75, y=225.1875, z=16.75)",[0. 0. 0. 0. 0. 0. 0. 0. 0.],"geometry_msgs.msg.Vector3(x=0.56640625, y=0.3515625, z=0.52587890625)",[0. 0. 0. 0. 0. 0. 0. 0. 0.],False,15.089001182,"[0.9053183562370393, 0.34443847655377646, -0.19562738212916064, -0.15326688191148904]","[8.75, 225.1875, 16.75]","[0.56640625, 0.3515625, 0.52587890625]"
19572468782,"std_msgs.msg.Header(stamp=builtin_interfaces.msg.Time(sec=1731185779, nanosec=761847828), frame_id='RU_myo')","geometry_msgs.msg.Quaternion(x=0.9100458589498018, y=0.35651092301313164, z=-0.1652853243484952, w=-0.13189866540513223)",[0. 0. 0. 0. 0. 0. 0. 0. 0.],"geometry_msgs.msg.Vector3(x=51.875, y=219.875, z=37.0)",[0. 0. 0. 0. 0. 0. 0. 0. 0.],"geometry_msgs.msg.Vector3(x=0.52099609375, y=0.451171875, z=0.59521484375)",[0. 0. 0. 0. 0. 0. 0. 0. 0.],False,15.111515991,"[0.9100458589498018, 0.35651092301313164, -0.1652853243484952, -0.13189866540513223]","[51.875, 219.875, 37.0]","[0.52099609375, 0.451171875, 0.59521484375]"
19595039929,"std_msgs.msg.Header(stamp=builtin_interfaces.msg.Time(sec=1731185779, nanosec=784413561), frame_id='RU_myo')","geometry_msgs.msg.Quaternion(x=0.9104853367457638, y=0.3742774073154806, z=-0.13916381093921978, w=-0.10754676968197599)",[0. 0. 0. 0. 0. 0. 0. 0. 0.],"geometry_msgs.msg.Vector3(x=93.5625, y=203.4375, z=54.0)",[0. 0. 0. 0. 0. 0. 0. 0. 0.],"geometry_msgs.msg.Vector3(x=0.40966796875, y=0.64111328125, z=0.4912109375)",[0. 0. 0. 0. 0. 0. 0. 0. 0.],False,15.134087138,"[0.9104853367457638, 0.3742774073154806, -0.13916381093921978, -0.10754676968197599]","[93.5625, 203.4375, 54.0]","[0.40966796875, 0.64111328125, 0.4912109375]"
19612809575,"std_msgs.msg.Header(stamp=builtin_interfaces.msg.Time(sec=1731185779, nanosec=802228481), frame_id='RU_myo')","geometry_msgs.msg.Quaternion(x=0.9090146195680278, y=0.39234176959533223, z=-0.11175758869462558, w=-0.08526780524652755)",[0. 0. 0. 0. 0. 0. 0. 0. 0.],"geometry_msgs.msg.Vector3(x=94.1875, y=203.6875, z=40.125)",[0. 0. 0. 0. 0. 0. 0. 0. 0.],"geometry_msgs.msg.Vector3(x=0.31005859375, y=0.69287109375, z=0.3154296875)",[0. 0. 0. 0. 0. 0. 0. 0. 0.],False,15.151856784,"[0.9090146195680278, 0.39234176959533223, -0.11175758869462558, -0.08526780524652755]","[94.1875, 203.6875, 40.125]","[0.31005859375, 0.69287109375, 0.3154296875]"
19632556426,"std_msgs.msg.Header(stamp=builtin_interfaces.msg.Time(sec=1731185779, nanosec=821910506), frame_id='RU_myo')","geometry_msgs.msg.Quaternion(x=0.9075583955245486, y=0.40607882207443824, z=-0.08294921376809884, w=-0.06750686565674563)",[0. 0. 0. 0. 0. 0. 0. 0. 0.],"geometry_msgs.msg.Vector3(x=68.1875, y=198.5, z=15.75)",[0. 0. 0. 0. 0. 0. 0. 0. 0.],"geometry_msgs.msg.Vector3(x=0.2841796875, y=0.6826171875, z=0.294921875)",[0. 0. 0. 0. 0. 0. 0. 0. 0.],False,15.171603635,"[0.9075583955245486, 0.40607882207443824, -0.08294921376809884, -0.06750686565674563]","[68.1875, 198.5, 15.75]","[0.2841796875, 0.6826171875, 0.294921875]"
19649019557,"std_msgs.msg.Header(stamp=builtin_interfaces.msg.Time(sec=1731185779, nanosec=838279345), frame_id='RU_myo')","geometry_msgs.msg.Quaternion(x=0.9036455367531409, y=0.42090777584935224, z=-0.058106757918878094, w=-0.05371212916871084)",[0. 0. 0. 0. 0. 0. 0. 0. 0.],"geometry_msgs.msg.Vector3(x=81.0, y=166.6875, z=3.75)",[0. 0. 0. 0. 0. 0. 0. 0. 0.],"geometry_msgs.msg.Vector3(x=0.19921875, y=0.79296875, z=0.4814453125)",[0. 0. 0. 0. 0. 0. 0. 0. 0.],False,15.188066766,"[0.9036455367531409, 0.42090777584935224, -0.058106757918878094, -0.05371212916871084]","[81.0, 166.6875, 3.75]","[0.19921875, 0.79296875, 0.4814453125]"
19669801961,"std_msgs.msg.Header(stamp=builtin_interfaces.msg.Time(sec=1731185779, nanosec=859237422), frame_id='RU_myo')","geometry_msgs.msg.Quaternion(x=0.8994084623526475, y=0.43374255401953943, z=-0.037172701294384956, w=-0.039370102356122)",[0. 0. 0. 0. 0. 0. 0. 0. 0.],"geometry_msgs.msg.Vector3(x=70.25, y=147.4375, z=16.4375)",[0. 0. 0. 0. 0. 0. 0. 0. 0.],"geometry_msgs.msg.Vector3(x=0.16943359375, y=0.74560546875, z=0.25)",[0. 0. 0. 0. 0. 0. 0. 0. 0.],False,15.20884917,"[0.8994084623526475, 0.43374255401953943, -0.037172701294384956, -0.039370102356122]","[70.25, 147.4375, 16.4375]","[0.16943359375, 0.74560546875, 0.25]"
19692432906,"std_msgs.msg.Header(stamp=builtin_interfaces.msg.Time(sec=1731185779, nanosec=881812378), frame_id='RU_myo')","geometry_msgs.msg.Quaternion(x=0.8975688542901804, y=0.439659194658427, z=-0.01776215821818718, w=-0.027467254976578113)",[0. 0. 0. 0. 0. 0. 0. 0. 0.],"geometry_msgs.msg.Vector3(x=27.625, y=131.75, z=9.9375)",[0. 0. 0. 0. 0. 0. 0. 0. 0.],"geometry_msgs.msg.Vector3(x=0.12841796875, y=0.69189453125, z=0.14599609375)",[0. 0. 0. 0. 0. 0. 0. 0. 0.],False,15.231480115,"[0.8975688542901804, 0.439659194658427, -0.01776215821818718, -0.027467254976578113]","[27.625, 131.75, 9.9375]","[0.12841796875, 0.69189453125, 0.14599609375]"
19708901363,"std_msgs.msg.Header(stamp=builtin_interfaces.msg.Time(sec=1731185779, nanosec=898293588), frame_id='RU_myo')","geometry_msgs.msg.Quaternion(x=0.8957300601272995, y=0.4442943173878442, z=-0.0007934917057345754, w=-0.016419174526353907)",[0. 0. 0. 0. 0. 0. 0. 0. 0.],"geometry_msgs.msg.Vector3(x=24.5, y=116.375, z=12.375)",[0. 0. 0. 0. 0. 0. 0. 0. 0.],"geometry_msgs.msg.Vector3(x=0.044921875, y=0.65869140625, z=0.3212890625)",[0. 0. 0. 0. 0. 0. 0. 0. 0.],False,15.247948572,"[0.8957300601272995, 0.4442943173878442, -0.0007934917057345754, -0.016419174526353907]","[24.5, 116.375, 12.375]","[0.044921875, 0.65869140625, 0.3212890625]"
19729902897,"std_msgs.msg.Header(stamp=builtin_interfaces.msg.Time(sec=1731185779, nanosec=919351018), frame_id='RU_myo')","geometry_msgs.msg.Quaternion(x=0.8879848632212639, y=0.4597403072437833, z=0.009460933035420395, w=-0.005676559821252237)",[0. 0. 0. 0. 0. 0. 0. 0. 0.],"geometry_msgs.msg.Vector3(x=93.0, y=83.4375, z=25.4375)",[0. 0. 0. 0. 0. 0. 0. 0. 0.],"geometry_msgs.msg.Vector3(x=0.03662109375, y=0.61279296875, z=0.345703125)",[0. 0. 0. 0. 0. 0. 0. 0. 0.],False,15.268950106,"[0.8879848632212639, 0.4597403072437833, 0.009460933035420395, -0.005676559821252237]","[93.0, 83.4375, 25.4375]","[0.03662109375, 0.61279296875, 0.345703125]"
19755307774,"std_msgs.msg.Header(stamp=builtin_interfaces.msg.Time(sec=1731185779, nanosec=944651476), frame_id='RU_myo')","geometry_msgs.msg.Quaternion(x=0.8777107486602592, y=0.4788955865082332, z=0.016479965378182894, w=0.0033570299844446635)",[0. 0. 0. 0. 0. 0. 0. 0. 0.],"geometry_msgs.msg.Vector3(x=120.375, y=60.8125, z=27.25)",[0. 0. 0. 0. 0. 0. 0. 0. 0.],"geometry_msgs.msg.Vector3(x=0.03759765625, y=0.6708984375, z=0.1796875)",[0. 0. 0. 0. 0. 0. 0. 0. 0.],False,15.294354983,"[0.8777107486602592, 0.4788955865082332, 0.016479965378182894, 0.0033570299844446635]","[120.375, 60.8125, 27.25]","[0.03759765625, 0.6708984375, 0.1796875]"
19769137862,"std_msgs.msg.Header(stamp=builtin_interfaces.msg.Time(sec=1731185779, nanosec=958504546), frame_id='RU_myo')","geometry_msgs.msg.Quaternion(x=0.8672435081948229, y=0.4972855335911615, z=0.021607840786948714, w=0.011353272277888307)",[0. 0. 0. 0. 0. 0. 0. 0. 0.],"geometry_msgs.msg.Vector3(x=118.0, y=48.9375, z=27.4375)",[0. 0. 0. 0. 0. 0. 0. 0. 0.],"geometry_msgs.msg.Vector3(x=0.03125, y=0.7109375, z=0.26025390625)",[0. 0. 0. 0. 0. 0. 0. 0. 0.],False,15.308185071,"[0.8672435081948229, 0.4972855335911615, 0.021607840786948714, 0.011353272277888307]","[118.0, 48.9375, 27.4375]","[0.03125, 0.7109375, 0.26025390625]"
19789917671,"std_msgs.msg.Header(stamp=builtin_interfaces.msg.Time(sec=1731185779, nanosec=979330755), frame_id='RU_myo')","geometry_msgs.msg.Quaternion(x=0.8557867147552144, y=0.5163651384943381, z=0.02587929299309685, w=0.018066676240463837)",[0. 0. 0. 0. 0. 0. 0. 0. 0.],"geometry_msgs.msg.Vector3(x=122.875, y=41.125, z=23.125)",[0. 0. 0. 0. 0. 0. 0. 0. 0.],"geometry_msgs.msg.Vector3(x=0.044921875, y=0.95556640625, z=0.240234375)",[0. 0. 0. 0. 0. 0. 0. 0. 0.],False,15.32896488,"[0.8557867147552144, 0.5163651384943381, 0.02587929299309685, 0.018066676240463837]","[122.875, 41.125, 23.125]","[0.044921875, 0.95556640625, 0.240234375]"
19812588892,"std_msgs.msg.Header(stamp=builtin_interfaces.msg.Time(sec=1731185780, nanosec=1900996), frame_id='RU_myo')","geometry_msgs.msg.Quaternion(x=0.8459371343653195, y=0.5319533967814243, z=0.03045837578817335, w=0.02209605618300351)",[0. 0. 0. 0. 0. 0. 0. 0. 0.],"geometry_msgs.msg.Vector3(x=90.6875, y=34.8125, z=7.125)",[0. 0. 0. 0. 0. 0. 0. 0. 0.],"geometry_msgs.msg.Vector3(x=0.00537109375, y=1.0771484375, z=0.28564453125)",[0. 0. 0. 0. 0. 0. 0. 0. 0.],False,15.351636101,"[0.8459371343653195, 0.5319533967814243, 0.03045837578817335, 0.02209605618300351]","[90.6875, 34.8125, 7.125]","[0.00537109375, 1.0771484375, 0.28564453125]"
19829145397,"std_msgs.msg.Header(stamp=builtin_interfaces.msg.Time(sec=1731185780, nanosec=18369668), frame_id='RU_myo')","geometry_msgs.msg.Quaternion(x=0.8405338225563637, y=0.5401731413567511, z=0.03381422828380114, w=0.02392631315388095)",[0. 0. 0. 0. 0. 0. 0. 0. 0.],"geometry_msgs.msg.Vector3(x=46.9375, y=22.8125, z=-1.8125)",[0. 0. 0. 0. 0. 0. 0. 0. 0.],"geometry_msgs.msg.Vector3(x=0.00341796875, y=1.0703125, z=0.33837890625)",[0. 0. 0. 0. 0. 0. 0. 0. 0.],False,15.368192606,"[0.8405338225563637, 0.5401731413567511, 0.03381422828380114, 0.02392631315388095]","[46.9375, 22.8125, -1.8125]","[0.00341796875, 1.0703125, 0.33837890625]"
19849821584,"std_msgs.msg.Header(stamp=builtin_interfaces.msg.Time(sec=1731185780, nanosec=39279407), frame_id='RU_myo')","geometry_msgs.msg.Quaternion(x=0.8391339185941549, y=0.5421898893564066, z=0.03534030687125514, w=0.02520819816550669)",[0. 0. 0. 0. 0. 0. 0. 0. 0.],"geometry_msgs.msg.Vector3(x=7.75, y=12.6875, z=-2.1875)",[0. 0. 0. 0. 0. 0. 0. 0. 0.],"geometry_msgs.msg.Vector3(x=0.0283203125, y=0.9677734375, z=0.3359375)",[0. 0. 0. 0. 0. 0. 0. 0. 0.],False,15.388868793,"[0.8391339185941549, 0.5421898893564066, 0.03534030687125514, 0.02520819816550669]","[7.75, 12.6875, -2.1875]","[0.0283203125, 0.9677734375, 0.3359375]"
19872482904,"std_msgs.msg.Header(stamp=builtin_interfaces.msg.Time(sec=1731185780, nanosec=61780825), frame_id='RU_myo')","geometry_msgs.msg.Quaternion(x=0.840443935639676, y=0.5401327900701207, z=0.03540253342080123, w=0.025636317304718128)",[0. 0. 0. 0. 0. 0. 0. 0. 0.],"geometry_msgs.msg.Vector3(x=-15.8125, y=3.0625, z=-2.375)",[0. 0. 0. 0. 0. 0. 0. 0. 0.],"geometry_msgs.msg.Vector3(x=0.02783203125, y=0.857421875, z=0.36279296875)",[0. 0. 0. 0. 0. 0. 0. 0. 0.],False,15.411530113,"[0.840443935639676, 0.5401327900701207, 0.03540253342080123, 0.025636317304718128]","[-15.8125, 3.0625, -2.375]","[0.02783203125, 0.857421875, 0.36279296875]"
19889063887,"std_msgs.msg.Header(stamp=builtin_interfaces.msg.Time(sec=1731185780, nanosec=78409247), frame_id='RU_myo')","geometry_msgs.msg.Quaternion(x=0.841583550260078, y=0.5384718654187995, z=0.0339978269143359, w=0.02508636779495881)",[0. 0. 0. 0. 0. 0. 0. 0. 0.],"geometry_msgs.msg.Vector3(x=-14.5625, y=-6.875, z=-2.3125)",[0. 0. 0. 0. 0. 0. 0. 0. 0.],"geometry_msgs.msg.Vector3(x=0.02490234375, y=0.83349609375, z=0.34228515625)",[0. 0. 0. 0. 0. 0. 0. 0. 0.],False,15.428111096,"[0.841583550260078, 0.5384718654187995, 0.0339978269143359, 0.02508636779495881]","[-14.5625, -6.875, -2.3125]","[0.02490234375, 0.83349609375, 0.34228515625]"
19909925823,"std_msgs.msg.Header(stamp=builtin_interfaces.msg.Time(sec=1731185780, nanosec=99434439), frame_id='RU_myo')","geometry_msgs.msg.Quaternion(x=0.8416407794909009, y=0.538591503243724, z=0.031189965793012572, w=0.024231734676763192)",[0. 0. 0. 0. 0. 0. 0. 0. 0.],"geometry_msgs.msg.Vector3(x=-4.75, y=-14.75, z=1.0625)",[0. 0. 0. 0. 0. 0. 0. 0. 0.],"geometry_msgs.msg.Vector3(x=0.03076171875, y=0.8369140625, z=0.30615234375)",[0. 0. 0. 0. 0. 0. 0. 0. 0.],False,15.448973032,"[0.8416407794909009, 0.538591503243724, 0.031189965793012572, 0.024231734676763192]","[-4.75, -14.75, 1.0625]","[0.03076171875, 0.8369140625, 0.30615234375]"
19932421492,"std_msgs.msg.Header(stamp=builtin_interfaces.msg.Time(sec=1731185780, nanosec=121950461), frame_id='RU_myo')","geometry_msgs.msg.Quaternion(x=0.8409194558728855, y=0.5399414608878236, z=0.02691772374536855, w=0.024354131007714403)",[0. 0. 0. 0. 0. 0. 0. 0. 0.],"geometry_msgs.msg.Vector3(x=6.25, y=-17.5, z=7.3125)",[0. 0. 0. 0. 0. 0. 0. 0. 0.],"geometry_msgs.msg.Vector3(x=0.08447265625, y=0.869140625, z=0.3701171875)",[0. 0. 0. 0. 0. 0. 0. 0. 0.],False,15.471468701,"[0.8409194558728855, 0.5399414608878236, 0.02691772374536855, 0.024354131007714403]","[6.25, -17.5, 7.3125]","[0.08447265625, 0.869140625, 0.3701171875]"
19949050608,"std_msgs.msg.Header(stamp=builtin_interfaces.msg.Time(sec=1731185780, nanosec=138482120), frame_id='RU_myo')","geometry_msgs.msg.Quaternion(x=0.8390735726323763, y=0.5429838148059664, z=0.022583634383791316, w=0.024780960972484525)",[0. 0. 0. 0. 0. 0. 0. 0. 0.],"geometry_msgs.msg.Vector3(x=21.0, y=-15.125, z=6.5625)",[0. 0. 0. 0. 0. 0. 0. 0. 0.],"geometry_msgs.msg.Vector3(x=0.13623046875, y=1.1025390625, z=0.51171875)",[0. 0. 0. 0. 0. 0. 0. 0. 0.],False,15.488097817,"[0.8390735726323763, 0.5429838148059664, 0.022583634383791316, 0.024780960972484525]","[21.0, -15.125, 6.5625]","[0.13623046875, 1.1025390625, 0.51171875]"
19969976307,"std_msgs.msg.Header(stamp=builtin_interfaces.msg.Time(sec=1731185780, nanosec=159359027), frame_id='RU_myo')","geometry_msgs.msg.Quaternion(x=0.838111224337537, y=0.5445189885889715, z=0.022339866587104986, w=0.023865813758355326)",[0. 0. 0. 0. 0. 0. 0. 0. 0.],"geometry_msgs.msg.Vector3(x=12.4375, y=-2.625, z=-6.875)",[0. 0. 0. 0. 0. 0. 0. 0. 0.],"geometry_msgs.msg.Vector3(x=0.04052734375, y=1.14306640625, z=0.53759765625)",[0. 0. 0. 0. 0. 0. 0. 0. 0.],False,15.509023516,"[0.838111224337537, 0.5445189885889715, 0.022339866587104986, 0.023865813758355326]","[12.4375, -2.625, -6.875]","[0.04052734375, 1.14306640625, 0.53759765625]"
19992417715,"std_msgs.msg.Header(stamp=builtin_interfaces.msg.Time(sec=1731185780, nanosec=181784559), frame_id='RU_myo')","geometry_msgs.msg.Quaternion(x=0.8387141929334748, y=0.5435986174416365, z=0.02417078963697373, w=0.021790333081817225)",[0. 0. 0. 0. 0. 0. 0. 0. 0.],"geometry_msgs.msg.Vector3(x=-7.0, y=2.8125, z=-16.5625)",[0. 0. 0. 0. 0. 0. 0. 0. 0.],"geometry_msgs.msg.Vector3(x=-0.00732421875, y=0.96142578125, z=0.4150390625)",[0. 0. 0. 0. 0. 0. 0. 0. 0.],False,15.531464924,"[0.8387141929334748, 0.5435986174416365, 0.02417078963697373, 0.021790333081817225]","[-7.0, 2.8125, -16.5625]","[-0.00732421875, 0.96142578125, 0.4150390625]"
20010429974,"std_msgs.msg.Header(stamp=builtin_interfaces.msg.Time(sec=1731185780, nanosec=199772163), frame_id='RU_myo')","geometry_msgs.msg.Quaternion(x=0.8389696071690376, y=0.5432396874357537, z=0.025513953859342138, w=0.019227022645198023)",[0. 0. 0. 0. 0. 0. 0. 0. 0.],"geometry_msgs.msg.Vector3(x=-0.375, y=-1.5, z=-17.625)",[0. 0. 0. 0. 0. 0. 0. 0. 0.],"geometry_msgs.msg.Vector3(x=-0.00830078125, y=0.888671875, z=0.42236328125)",[0. 0. 0. 0. 0. 0. 0. 0. 0.],False,15.549477183,"[0.8389696071690376, 0.5432396874357537, 0.025513953859342138, 0.019227022645198023]","[-0.375, -1.5, -17.625]","[-0.00830078125, 0.888671875, 0.42236328125]"
20030293889,"std_msgs.msg.Header(stamp=builtin_interfaces.msg.Time(sec=1731185780, nanosec=219489804), frame_id='RU_myo')","geometry_msgs.msg.Quaternion(x=0.8379023585357482, y=0.5449295059008712, z=0.026184448704242132, w=0.016906975037471027)",[0. 0. 0. 0. 0. 0. 0. 0. 0.],"geometry_msgs.msg.Vector3(x=20.8125, y=-1.6875, z=-16.625)",[0. 0. 0. 0. 0. 0. 0. 0. 0.],"geometry_msgs.msg.Vector3(x=0.037109375, y=0.80517578125, z=0.49609375)",[0. 0. 0. 0. 0. 0. 0. 0. 0.],False,15.569341098,"[0.8379023585357482, 0.5449295059008712, 0.026184448704242132, 0.016906975037471027]","[20.8125, -1.6875, -16.625]","[0.037109375, 0.80517578125, 0.49609375]"
20052212990,"std_msgs.msg.Header(stamp=builtin_interfaces.msg.Time(sec=1731185780, nanosec=241568543), frame_id='RU_myo')","geometry_msgs.msg.Quaternion(x=0.8350999566567429, y=0.5492054823854241, z=0.02722223217869517, w=0.015503244334951958)",[0. 0. 0. 0. 0. 0. 0. 0. 0.],"geometry_msgs.msg.Vector3(x=36.9375, y=2.0625, z=-12.3125)",[0. 0. 0. 0. 0. 0. 0. 0. 0.],"geometry_msgs.msg.Vector3(x=0.02392578125, y=0.833984375, z=0.47314453125)",[0. 0. 0. 0. 0. 0. 0. 0. 0.],False,15.591260199,"[0.8350999566567429, 0.5492054823854241, 0.02722223217869517, 0.015503244334951958]","[36.9375, 2.0625, -12.3125]","[0.02392578125, 0.833984375, 0.47314453125]"
20069135554,"std_msgs.msg.Header(stamp=builtin_interfaces.msg.Time(sec=1731185780, nanosec=258381072), frame_id='RU_myo')","geometry_msgs.msg.Quaternion(x=0.8309603554924653, y=0.5553774257841885, z=0.02887059263610519, w=0.015076186852257891)",[0. 0. 0. 0. 0. 0. 0. 0. 0.],"geometry_msgs.msg.Vector3(x=46.8125, y=6.0625, z=-4.6875)",[0. 0. 0. 0. 0. 0. 0. 0. 0.],"geometry_msgs.msg.Vector3(x=-0.04833984375, y=0.85400390625, z=0.41259765625)",[0. 0. 0. 0. 0. 0. 0. 0. 0.],False,15.608182763,"[0.8309603554924653, 0.5553774257841885, 0.02887059263610519, 0.015076186852257891]","[46.8125, 6.0625, -4.6875]","[-0.04833984375, 0.85400390625, 0.41259765625]"
20090131757,"std_msgs.msg.Header(stamp=builtin_interfaces.msg.Time(sec=1731185780, nanosec=279369442), frame_id='RU_myo')","geometry_msgs.msg.Quaternion(x=0.8262227945956789, y=0.5622905129887259, z=0.031068809282594603, w=0.014832457083832002)",[0. 0. 0. 0. 0. 0. 0. 0. 0.],"geometry_msgs.msg.Vector3(x=52.9375, y=9.125, z=-3.8125)",[0. 0. 0. 0. 0. 0. 0. 0. 0.],"geometry_msgs.msg.Vector3(x=-0.07666015625, y=0.8525390625, z=0.40771484375)",[0. 0. 0. 0. 0. 0. 0. 0. 0.],False,15.629178966,"[0.8262227945956789, 0.5622905129887259, 0.031068809282594603, 0.014832457083832002]","[52.9375, 9.125, -3.8125]","[-0.07666015625, 0.8525390625, 0.40771484375]"
20112398355,"std_msgs.msg.Header(stamp=builtin_interfaces.msg.Time(sec=1731185780, nanosec=301851013), frame_id='RU_myo')","geometry_msgs.msg.Quaternion(x=0.8210136817764787, y=0.569722824005773, z=0.03357055423218075, w=0.015015193347484482)",[0. 0. 0. 0. 0. 0. 0. 0. 0.],"geometry_msgs.msg.Vector3(x=58.75, y=11.8125, z=-3.0)",[0. 0. 0. 0. 0. 0. 0. 0. 0.],"geometry_msgs.msg.Vector3(x=-0.0732421875, y=0.87451171875, z=0.4248046875)",[0. 0. 0. 0. 0. 0. 0. 0. 0.],False,15.651445564,"[0.8210136817764787, 0.569722824005773, 0.03357055423218075, 0.015015193347484482]","[58.75, 11.8125, -3.0]","[-0.0732421875, 0.87451171875, 0.4248046875]"
20130252833,"std_msgs.msg.Header(stamp=builtin_interfaces.msg.Time(sec=1731185780, nanosec=319677971), frame_id='RU_myo')","geometry_msgs.msg.Quaternion(x=0.8158851094006049, y=0.5768631831334717, z=0.036561321203782624, w=0.014954129707724112)",[0. 0. 0. 0. 0. 0. 0. 0. 0.],"geometry_msgs.msg.Vector3(x=49.6875, y=12.625, z=-4.375)",[0. 0. 0. 0. 0. 0. 0. 0. 0.],"geometry_msgs.msg.Vector3(x=-0.1015625, y=0.9423828125, z=0.322265625)",[0. 0. 0. 0. 0. 0. 0. 0. 0.],False,15.669300042,"[0.8158851094006049, 0.5768631831334717, 0.036561321203782624, 0.014954129707724112]","[49.6875, 12.625, -4.375]","[-0.1015625, 0.9423828125, 0.322265625]"
20149940572,"std_msgs.msg.Header(stamp=builtin_interfaces.msg.Time(sec=1731185780, nanosec=339317983), frame_id='RU_myo')","geometry_msgs.msg.Quaternion(x=0.8119699005254408, y=0.5821670984899388, z=0.03973482712486372, w=0.014404637790273175)",[0. 0. 0. 0. 0. 0. 0. 0. 0.],"geometry_msgs.msg.Vector3(x=30.0, y=11.3125, z=-6.5625)",[0. 0. 0. 0. 0. 0. 0. 0. 0.],"geometry_msgs.msg.Vector3(x=-0.126953125, y=0.98095703125, z=0.20556640625)",[0. 0. 0. 0. 0. 0. 0. 0. 0.],False,15.688987781,"[0.8119699005254408, 0.5821670984899388, 0.03973482712486372, 0.014404637790273175]","[30.0, 11.3125, -6.5625]","[-0.126953125, 0.98095703125, 0.20556640625]"
20172450442,"std_msgs.msg.Header(stamp=builtin_interfaces.msg.Time(sec=1731185780, nanosec=361866213), frame_id='RU_myo')","geometry_msgs.msg.Quaternion(x=0.8091941514497537, y=0.5859134540066521, z=0.04168964361772511, w=0.013123387083178475)",[0. 0. 0. 0. 0. 0. 0. 0. 0.],"geometry_msgs.msg.Vector3(x=20.25, y=4.1875, z=-9.0625)",[0. 0. 0. 0. 0. 0. 0. 0. 0.],"geometry_msgs.msg.Vector3(x=-0.0888671875, y=0.95751953125, z=0.21044921875)",[0. 0. 0. 0. 0. 0. 0. 0. 0.],False,15.711497651,"[0.8091941514497537, 0.5859134540066521, 0.04168964361772511, 0.013123387083178475]","[20.25, 4.1875, -9.0625]","[-0.0888671875, 0.95751953125, 0.21044921875]"
20190315553,"std_msgs.msg.Header(stamp=builtin_interfaces.msg.Time(sec=1731185780, nanosec=379750742), frame_id='RU_myo')","geometry_msgs.msg.Quaternion(x=0.8069897085627126, y=0.588899229121326, z=0.04278797259681276, w=0.011597310689578352)",[0. 0. 0. 0. 0. 0. 0. 0. 0.],"geometry_msgs.msg.Vector3(x=17.125, y=0.625, z=-12.375)",[0. 0. 0. 0. 0. 0. 0. 0. 0.],"geometry_msgs.msg.Vector3(x=-0.0185546875, y=0.9296875, z=0.2294921875)",[0. 0. 0. 0. 0. 0. 0. 0. 0.],False,15.729362762,"[0.8069897085627126, 0.588899229121326, 0.04278797259681276, 0.011597310689578352]","[17.125, 0.625, -12.375]","[-0.0185546875, 0.9296875, 0.2294921875]"
20210141810,"std_msgs.msg.Header(stamp=builtin_interfaces.msg.Time(sec=1731185780, nanosec=399419051), frame_id='RU_myo')","geometry_msgs.msg.Quaternion(x=0.8048625888267449, y=0.5917137825031447, z=0.044192364197676574, w=0.0108649735182133)",[0. 0. 0. 0. 0. 0. 0. 0. 0.],"geometry_msgs.msg.Vector3(x=21.6875, y=5.1875, z=-9.75)",[0. 0. 0. 0. 0. 0. 0. 0. 0.],"geometry_msgs.msg.Vector3(x=-0.01953125, y=0.90771484375, z=0.29833984375)",[0. 0. 0. 0. 0. 0. 0. 0. 0.],False,15.749189019,"[0.8048625888267449, 0.5917137825031447, 0.044192364197676574, 0.0108649735182133]","[21.6875, 5.1875, -9.75]","[-0.01953125, 0.90771484375, 0.29833984375]"
20232364519,"std_msgs.msg.Header(stamp=builtin_interfaces.msg.Time(sec=1731185780, nanosec=421813090), frame_id='RU_myo')","geometry_msgs.msg.Quaternion(x=0.8002043846396053, y=0.5979254120464969, z=0.04535101890062752, w=0.010071222232306245)",[0. 0. 0. 0. 0. 0. 0. 0. 0.],"geometry_msgs.msg.Vector3(x=47.375, y=3.5625, z=-5.1875)",[0. 0. 0. 0. 0. 0. 0. 0. 0.],"geometry_msgs.msg.Vector3(x=-0.05908203125, y=0.81591796875, z=0.28271484375)",[0. 0. 0. 0. 0. 0. 0. 0. 0.],False,15.771411728,"[0.8002043846396053, 0.5979254120464969, 0.04535101890062752, 0.010071222232306245]","[47.375, 3.5625, -5.1875]","[-0.05908203125, 0.81591796875, 0.28271484375]"
20250816976,"std_msgs.msg.Header(stamp=builtin_interfaces.msg.Time(sec=1731185780, nanosec=439999741), frame_id='RU_myo')","geometry_msgs.msg.Quaternion(x=0.792256164626568, y=0.6083526342706475, z=0.0465099535782315, w=0.008606172512507403)",[0. 0. 0. 0. 0. 0. 0. 0. 0.],"geometry_msgs.msg.Vector3(x=73.125, y=1.1875, z=-6.25)",[0. 0. 0. 0. 0. 0. 0. 0. 0.],"geometry_msgs.msg.Vector3(x=-0.0810546875, y=0.93115234375, z=0.20947265625)",[0. 0. 0. 0. 0. 0. 0. 0. 0.],False,15.789864185,"[0.792256164626568, 0.6083526342706475, 0.0465099535782315, 0.008606172512507403]","[73.125, 1.1875, -6.25]","[-0.0810546875, 0.93115234375, 0.20947265625]"
20269941604,"std_msgs.msg.Header(stamp=builtin_interfaces.msg.Time(sec=1731185780, nanosec=459215364), frame_id='RU_myo')","geometry_msgs.msg.Quaternion(x=0.7837824007608926, y=0.6191032544909066, z=0.04846376654498471, w=0.006897236296704373)",[0. 0. 0. 0. 0. 0. 0. 0. 0.],"geometry_msgs.msg.Vector3(x=84.25, y=3.625, z=-6.375)",[0. 0. 0. 0. 0. 0. 0. 0. 0.],"geometry_msgs.msg.Vector3(x=-0.1416015625, y=1.0, z=0.31591796875)",[0. 0. 0. 0. 0. 0. 0. 0. 0.],False,15.808988813,"[0.7837824007608926, 0.6191032544909066, 0.04846376654498471, 0.006897236296704373]","[84.25, 3.625, -6.375]","[-0.1416015625, 1.0, 0.31591796875]"
20292568724,"std_msgs.msg.Header(stamp=builtin_interfaces.msg.Time(sec=1731185780, nanosec=481956302), frame_id='RU_myo')","geometry_msgs.msg.Quaternion(x=0.7755878043266835, y=0.6291618074289331, z=0.05096528028746209, w=0.0046387560501163095)",[0. 0. 0. 0. 0. 0. 0. 0. 0.],"geometry_msgs.msg.Vector3(x=82.0, y=4.0625, z=-8.75)",[0. 0. 0. 0. 0. 0. 0. 0. 0.],"geometry_msgs.msg.Vector3(x=-0.17578125, y=0.955078125, z=0.298828125)",[0. 0. 0. 0. 0. 0. 0. 0. 0.],False,15.831615933,"[0.7755878043266835, 0.6291618074289331, 0.05096528028746209, 0.0046387560501163095]","[82.0, 4.0625, -8.75]","[-0.17578125, 0.955078125, 0.298828125]"
20310342859,"std_msgs.msg.Header(stamp=builtin_interfaces.msg.Time(sec=1731185780, nanosec=499730924), frame_id='RU_myo')","geometry_msgs.msg.Quaternion(x=0.7688697550772873, y=0.6370931573784809, z=0.05432198793512628, w=0.0008545031810019863)",[0. 0. 0. 0. 0. 0. 0. 0. 0.],"geometry_msgs.msg.Vector3(x=55.9375, y=0.25, z=-15.3125)",[0. 0. 0. 0. 0. 0. 0. 0. 0.],"geometry_msgs.msg.Vector3(x=-0.25537109375, y=1.1171875, z=0.14111328125)",[0. 0. 0. 0. 0. 0. 0. 0. 0.],False,15.849390068,"[0.7688697550772873, 0.6370931573784809, 0.05432198793512628, 0.0008545031810019863]","[55.9375, 0.25, -15.3125]","[-0.25537109375, 1.1171875, 0.14111328125]"
20329987004,"std_msgs.msg.Header(stamp=builtin_interfaces.msg.Time(sec=1731185780, nanosec=519298483), frame_id='RU_myo')","geometry_msgs.msg.Quaternion(x=0.7656667007847232, y=0.6405378155321177, z=0.05865797986719699, w=-0.005005155410104218)",[0. 0. 0. 0. 0. 0. 0. 0. 0.],"geometry_msgs.msg.Vector3(x=24.0, y=-3.25, z=-32.125)",[0. 0. 0. 0. 0. 0. 0. 0. 0.],"geometry_msgs.msg.Vector3(x=-0.2431640625, y=1.21240234375, z=0.14892578125)",[0. 0. 0. 0. 0. 0. 0. 0. 0.],False,15.869034213,"[0.7656667007847232, 0.6405378155321177, 0.05865797986719699, -0.005005155410104218]","[24.0, -3.25, -32.125]","[-0.2431640625, 1.21240234375, 0.14892578125]"
20352588348,"std_msgs.msg.Header(stamp=builtin_interfaces.msg.Time(sec=1731185780, nanosec=541900852), frame_id='RU_myo')","geometry_msgs.msg.Quaternion(x=0.7661335982171187, y=0.6394822903537885, z=0.06292891489498481, w=-0.011902171100409347)",[0. 0. 0. 0. 0. 0. 0. 0. 0.],"geometry_msgs.msg.Vector3(x=0.75, y=-6.0, z=-47.625)",[0. 0. 0. 0. 0. 0. 0. 0. 0.],"geometry_msgs.msg.Vector3(x=-0.1015625, y=1.0849609375, z=0.2607421875)",[0. 0. 0. 0. 0. 0. 0. 0. 0.],False,15.891635557,"[0.7661335982171187, 0.6394822903537885, 0.06292891489498481, -0.011902171100409347]","[0.75, -6.0, -47.625]","[-0.1015625, 1.0849609375, 0.2607421875]"
20370158770,"std_msgs.msg.Header(stamp=builtin_interfaces.msg.Time(sec=1731185780, nanosec=559703630), frame_id='RU_myo')","geometry_msgs.msg.Quaternion(x=0.7693202346366158, y=0.6351591845151241, z=0.06640910943229435, w=-0.017578881908548505)",[0. 0. 0. 0. 0. 0. 0. 0. 0.],"geometry_msgs.msg.Vector3(x=-21.1875, y=-4.8125, z=-45.9375)",[0. 0. 0. 0. 0. 0. 0. 0. 0.],"geometry_msgs.msg.Vector3(x=-0.0283203125, y=1.00537109375, z=0.29931640625)",[0. 0. 0. 0. 0. 0. 0. 0. 0.],False,15.909205979,"[0.7693202346366158, 0.6351591845151241, 0.06640910943229435, -0.017578881908548505]","[-21.1875, -4.8125, -45.9375]","[-0.0283203125, 1.00537109375, 0.29931640625]"
20390116734,"std_msgs.msg.Header(stamp=builtin_interfaces.msg.Time(sec=1731185780, nanosec=579336704), frame_id='RU_myo')","geometry_msgs.msg.Quaternion(x=0.7751464531317412, y=0.6274907896837782, z=0.07062323381946804, w=-0.020387346668714196)",[0. 0. 0. 0. 0. 0. 0. 0. 0.],"geometry_msgs.msg.Vector3(x=-45.1875, y=7.5625, z=-34.9375)",[0. 0. 0. 0. 0. 0. 0. 0. 0.],"geometry_msgs.msg.Vector3(x=-0.0751953125, y=1.029296875, z=0.3525390625)",[0. 0. 0. 0. 0. 0. 0. 0. 0.],False,15.929163943,"[0.7751464531317412, 0.6274907896837782, 0.07062323381946804, -0.020387346668714196]","[-45.1875, 7.5625, -34.9375]","[-0.0751953125, 1.029296875, 0.3525390625]"
20420388260,"std_msgs.msg.Header(stamp=builtin_interfaces.msg.Time(sec=1731185780, nanosec=609591117), frame_id='RU_myo')","geometry_msgs.msg.Quaternion(x=0.7823800046593657, y=0.6176395121819412, z=0.07690738070454056, w=-0.02209561255162197)",[0. 0. 0. 0. 0. 0. 0. 0. 0.],"geometry_msgs.msg.Vector3(x=-57.375, y=20.0625, z=-36.125)",[0. 0. 0. 0. 0. 0. 0. 0. 0.],"geometry_msgs.msg.Vector3(x=-0.10107421875, y=0.888671875, z=0.388671875)",[0. 0. 0. 0. 0. 0. 0. 0. 0.],False,15.959435469,"[0.7823800046593657, 0.6176395121819412, 0.07690738070454056, -0.02209561255162197]","[-57.375, 20.0625, -36.125]","[-0.10107421875, 0.888671875, 0.388671875]"
20430342241,"std_msgs.msg.Header(stamp=builtin_interfaces.msg.Time(sec=1731185780, nanosec=619679777), frame_id='RU_myo')","geometry_msgs.msg.Quaternion(x=0.7886323968871166, y=0.6085654022418384, z=0.08508928492729416, w=-0.02160803935743338)",[0. 0. 0. 0. 0. 0. 0. 0. 0.],"geometry_msgs.msg.Vector3(x=-54.1875, y=35.375, z=-26.8125)",[0. 0. 0. 0. 0. 0. 0. 0. 0.],"geometry_msgs.msg.Vector3(x=-0.197265625, y=0.89697265625, z=0.37890625)",[0. 0. 0. 0. 0. 0. 0. 0. 0.],False,15.96938945,"[0.7886323968871166, 0.6085654022418384, 0.08508928492729416, -0.02160803935743338]","[-54.1875, 35.375, -26.8125]","[-0.197265625, 0.89697265625, 0.37890625]"
20450129473,"std_msgs.msg.Header(stamp=builtin_interfaces.msg.Time(sec=1731185780, nanosec=639440506), frame_id='RU_myo')","geometry_msgs.msg.Quaternion(x=0.7945776278059369, y=0.599381802508396, z=0.09485125469430218, w=-0.019775937272171112)",[0. 0. 0. 0. 0. 0. 0. 0. 0.],"geometry_msgs.msg.Vector3(x=-51.625, y=47.25, z=-24.5)",[0. 0. 0. 0. 0. 0. 0. 0. 0.],"geometry_msgs.msg.Vector3(x=-0.24169921875, y=0.89990234375, z=0.4404296875)",[0. 0. 0. 0. 0. 0. 0. 0. 0.],False,15.989176682,"[0.7945776278059369, 0.599381802508396, 0.09485125469430218, -0.019775937272171112]","[-51.625, 47.25, -24.5]","[-0.24169921875, 0.89990234375, 0.4404296875]"
20473042096,"std_msgs.msg.Header(stamp=builtin_interfaces.msg.Time(sec=1731185780, nanosec=662096241), frame_id='RU_myo')","geometry_msgs.msg.Quaternion(x=0.7994682998401706, y=0.5911475403841848, z=0.10535060967507516, w=-0.017212556157804863)",[0. 0. 0. 0. 0. 0. 0. 0. 0.],"geometry_msgs.msg.Vector3(x=-44.3125, y=55.0, z=-27.0)",[0. 0. 0. 0. 0. 0. 0. 0. 0.],"geometry_msgs.msg.Vector3(x=-0.1943359375, y=0.85302734375, z=0.4404296875)",[0. 0. 0. 0. 0. 0. 0. 0. 0.],False,16.012089305,"[0.7994682998401706, 0.5911475403841848, 0.10535060967507516, -0.017212556157804863]","[-44.3125, 55.0, -27.0]","[-0.1943359375, 0.85302734375, 0.4404296875]"
20490425603,"std_msgs.msg.Header(stamp=builtin_interfaces.msg.Time(sec=1731185780, nanosec=679702957), frame_id='RU_myo')","geometry_msgs.msg.Quaternion(x=0.8039419001712999, y=0.583042519963272, z=0.11646201089718625, w=-0.013245417381912691)",[0. 0. 0. 0. 0. 0. 0. 0. 0.],"geometry_msgs.msg.Vector3(x=-46.75, y=62.1875, z=-22.6875)",[0. 0. 0. 0. 0. 0. 0. 0. 0.],"geometry_msgs.msg.Vector3(x=-0.19189453125, y=0.78759765625, z=0.3857421875)",[0. 0. 0. 0. 0. 0. 0. 0. 0.],False,16.029472812,"[0.8039419001712999, 0.583042519963272, 0.11646201089718625, -0.013245417381912691]","[-46.75, 62.1875, -22.6875]","[-0.19189453125, 0.78759765625, 0.3857421875]"
20510003699,"std_msgs.msg.Header(stamp=builtin_interfaces.msg.Time(sec=1731185780, nanosec=699377454), frame_id='RU_myo')","geometry_msgs.msg.Quaternion(x=0.8080128119919534, y=0.5747889900686074, z=0.1291550921721539, w=-0.007202410622076635)",[0. 0. 0. 0. 0. 0. 0. 0. 0.],"geometry_msgs.msg.Vector3(x=-46.5, y=75.25, z=-12.8125)",[0. 0. 0. 0. 0. 0. 0. 0. 0.],"geometry_msgs.msg.Vector3(x=-0.2919921875, y=0.77490234375, z=0.40673828125)",[0. 0. 0. 0. 0. 0. 0. 0. 0.],False,16.049050908,"[0.8080128119919534, 0.5747889900686074, 0.1291550921721539, -0.007202410622076635]","[-46.5, 75.25, -12.8125]","[-0.2919921875, 0.77490234375, 0.40673828125]"
20527966698,"std_msgs.msg.Header(stamp=builtin_interfaces.msg.Time(sec=1731185780, nanosec=717389954), frame_id='RU_myo')","geometry_msgs.msg.Quaternion(x=0.8092127096622539, y=0.5700133878062897, z=0.14233549848637622, w=0.00036621483315534193)",[0. 0. 0. 0. 0. 0. 0. 0. 0.],"geometry_msgs.msg.Vector3(x=-20.75, y=86.875, z=-9.3125)",[0. 0. 0. 0. 0. 0. 0. 0. 0.],"geometry_msgs.msg.Vector3(x=-0.21240234375, y=0.68701171875, z=0.4091796875)",[0. 0. 0. 0. 0. 0. 0. 0. 0.],False,16.067013907,"[0.8092127096622539, 0.5700133878062897, 0.14233549848637622, 0.00036621483315534193]","[-20.75, 86.875, -9.3125]","[-0.21240234375, 0.68701171875, 0.4091796875]"
20550321392,"std_msgs.msg.Header(stamp=builtin_interfaces.msg.Time(sec=1731185780, nanosec=739712104), frame_id='RU_myo')","geometry_msgs.msg.Quaternion(x=0.8076526583219927, y=0.5692999050913865, z=0.15338808421728897, w=0.008179070149270483)",[0. 0. 0. 0. 0. 0. 0. 0. 0.],"geometry_msgs.msg.Vector3(x=3.3125, y=80.375, z=-1.5)",[0. 0. 0. 0. 0. 0. 0. 0. 0.],"geometry_msgs.msg.Vector3(x=-0.18359375, y=0.7490234375, z=0.3701171875)",[0. 0. 0. 0. 0. 0. 0. 0. 0.],False,16.089368601,"[0.8076526583219927, 0.5692999050913865, 0.15338808421728897, 0.008179070149270483]","[3.3125, 80.375, -1.5]","[-0.18359375, 0.7490234375, 0.3701171875]"
20570050094,"std_msgs.msg.Header(stamp=builtin_interfaces.msg.Time(sec=1731185780, nanosec=759437185), frame_id='RU_myo')","geometry_msgs.msg.Quaternion(x=0.8045012710069416, y=0.5700483588720657, z=0.16596653686402685, w=0.016663797191570184)",[0. 0. 0. 0. 0. 0. 0. 0. 0.],"geometry_msgs.msg.Vector3(x=7.1875, y=87.4375, z=3.0)",[0. 0. 0. 0. 0. 0. 0. 0. 0.],"geometry_msgs.msg.Vector3(x=-0.2763671875, y=0.80712890625, z=0.26171875)",[0. 0. 0. 0. 0. 0. 0. 0. 0.],False,16.109097303,"[0.8045012710069416, 0.5700483588720657, 0.16596653686402685, 0.016663797191570184]","[7.1875, 87.4375, 3.0]","[-0.2763671875, 0.80712890625, 0.26171875]"
20587965219,"std_msgs.msg.Header(stamp=builtin_interfaces.msg.Time(sec=1731185780, nanosec=777348425), frame_id='RU_myo')","geometry_msgs.msg.Quaternion(x=0.8013725429540632, y=0.5707696434734897, z=0.17713330182441098, w=0.025452993404817152)",[0. 0. 0. 0. 0. 0. 0. 0. 0.],"geometry_msgs.msg.Vector3(x=5.75, y=82.25, z=7.625)",[0. 0. 0. 0. 0. 0. 0. 0. 0.],"geometry_msgs.msg.Vector3(x=-0.26025390625, y=0.7978515625, z=0.24169921875)",[0. 0. 0. 0. 0. 0. 0. 0. 0.],False,16.127012428,"[0.8013725429540632, 0.5707696434734897, 0.17713330182441098, 0.025452993404817152]","[5.75, 82.25, 7.625]","[-0.26025390625, 0.7978515625, 0.24169921875]"
20610142578,"std_msgs.msg.Header(stamp=builtin_interfaces.msg.Time(sec=1731185780, nanosec=799626131), frame_id='RU_myo')","geometry_msgs.msg.Quaternion(x=0.7983787397008596, y=0.5721714301189493, z=0.18433515243857768, w=0.035096924719265614)",[0. 0. 0. 0. 0. 0. 0. 0. 0.],"geometry_msgs.msg.Vector3(x=12.6875, y=67.5, z=26.25)",[0. 0. 0. 0. 0. 0. 0. 0. 0.],"geometry_msgs.msg.Vector3(x=-0.25732421875, y=0.7275390625, z=0.29736328125)",[0. 0. 0. 0. 0. 0. 0. 0. 0.],False,16.149189787,"[0.7983787397008596, 0.5721714301189493, 0.18433515243857768, 0.035096924719265614]","[12.6875, 67.5, 26.25]","[-0.25732421875, 0.7275390625, 0.29736328125]"
20629957404,"std_msgs.msg.Header(stamp=builtin_interfaces.msg.Time(sec=1731185780, nanosec=819273699), frame_id='RU_myo')","geometry_msgs.msg.Quaternion(x=0.7940595790149513, y=0.5756611491805678, z=0.190137257946927, w=0.043948258658679754)",[0. 0. 0. 0. 0. 0. 0. 0. 0.],"geometry_msgs.msg.Vector3(x=22.1875, y=60.3125, z=22.875)",[0. 0. 0. 0. 0. 0. 0. 0. 0.],"geometry_msgs.msg.Vector3(x=-0.162109375, y=0.77099609375, z=0.21875)",[0. 0. 0. 0. 0. 0. 0. 0. 0.],False,16.169004613,"[0.7940595790149513, 0.5756611491805678, 0.190137257946927, 0.043948258658679754]","[22.1875, 60.3125, 22.875]","[-0.162109375, 0.77099609375, 0.21875]"
20647945416,"std_msgs.msg.Header(stamp=builtin_interfaces.msg.Time(sec=1731185780, nanosec=837338765), frame_id='RU_myo')","geometry_msgs.msg.Quaternion(x=0.7883204505043929, y=0.5809705031282084, z=0.19550835485602558, w=0.05292093152050396)",[0. 0. 0. 0. 0. 0. 0. 0. 0.],"geometry_msgs.msg.Vector3(x=24.3125, y=56.3125, z=29.75)",[0. 0. 0. 0. 0. 0. 0. 0. 0.],"geometry_msgs.msg.Vector3(x=-0.22216796875, y=0.89013671875, z=0.08251953125)",[0. 0. 0. 0. 0. 0. 0. 0. 0.],False,16.186992625,"[0.7883204505043929, 0.5809705031282084, 0.19550835485602558, 0.05292093152050396]","[24.3125, 56.3125, 29.75]","[-0.22216796875, 0.89013671875, 0.08251953125]"
20670207508,"std_msgs.msg.Header(stamp=builtin_interfaces.msg.Time(sec=1731185780, nanosec=859652948), frame_id='RU_myo')","geometry_msgs.msg.Quaternion(x=0.7832341357215817, y=0.5857165497493998, z=0.19934871315981031, w=0.06115964806678811)",[0. 0. 0. 0. 0. 0. 0. 0. 0.],"geometry_msgs.msg.Vector3(x=19.9375, y=47.6875, z=26.5625)",[0. 0. 0. 0. 0. 0. 0. 0. 0.],"geometry_msgs.msg.Vector3(x=-0.15478515625, y=0.88232421875, z=0.06396484375)",[0. 0. 0. 0. 0. 0. 0. 0. 0.],False,16.209254717,"[0.7832341357215817, 0.5857165497493998, 0.19934871315981031, 0.06115964806678811]","[19.9375, 47.6875, 26.5625]","[-0.15478515625, 0.88232421875, 0.06396484375]"
20690225544,"std_msgs.msg.Header(stamp=builtin_interfaces.msg.Time(sec=1731185780, nanosec=879436240), frame_id='RU_myo')","geometry_msgs.msg.Quaternion(x=0.7782530089001646, y=0.5906177344406268, z=0.20143019053886613, w=0.07013432997853247)",[0. 0. 0. 0. 0. 0. 0. 0. 0.],"geometry_msgs.msg.Vector3(x=23.1875, y=43.9375, z=31.375)",[0. 0. 0. 0. 0. 0. 0. 0. 0.],"geometry_msgs.msg.Vector3(x=-0.0546875, y=0.798828125, z=0.095703125)",[0. 0. 0. 0. 0. 0. 0. 0. 0.],False,16.229272753,"[0.7782530089001646, 0.5906177344406268, 0.20143019053886613, 0.07013432997853247]","[23.1875, 43.9375, 31.375]","[-0.0546875, 0.798828125, 0.095703125]"
20729066139,"std_msgs.msg.Header(stamp=builtin_interfaces.msg.Time(sec=1731185780, nanosec=918588089), frame_id='RU_myo')","geometry_msgs.msg.Quaternion(x=0.7733428839662219, y=0.5957242736787944, z=0.2016673155978214, w=0.07989785596778093)",[0. 0. 0. 0. 0. 0. 0. 0. 0.],"geometry_msgs.msg.Vector3(x=20.4375, y=38.5625, z=40.0625)",[0. 0. 0. 0. 0. 0. 0. 0. 0.],"geometry_msgs.msg.Vector3(x=-0.0380859375, y=0.86279296875, z=0.0751953125)",[0. 0. 0. 0. 0. 0. 0. 0. 0.],False,16.268113348,"[0.7733428839662219, 0.5957242736787944, 0.2016673155978214, 0.07989785596778093]","[20.4375, 38.5625, 40.0625]","[-0.0380859375, 0.86279296875, 0.0751953125]"
20735650409,"std_msgs.msg.Header(stamp=builtin_interfaces.msg.Time(sec=1731185780, nanosec=925058419), frame_id='RU_myo')","geometry_msgs.msg.Quaternion(x=0.7697062109368342, y=0.5995895408431818, z=0.2001480305838128, w=0.08936160926340407)",[0. 0. 0. 0. 0. 0. 0. 0. 0.],"geometry_msgs.msg.Vector3(x=7.6875, y=28.125, z=40.6875)",[0. 0. 0. 0. 0. 0. 0. 0. 0.],"geometry_msgs.msg.Vector3(x=-0.046875, y=1.10205078125, z=0.08203125)",[0. 0. 0. 0. 0. 0. 0. 0. 0.],False,16.274697618,"[0.7697062109368342, 0.5995895408431818, 0.2001480305838128, 0.08936160926340407]","[7.6875, 28.125, 40.6875]","[-0.046875, 1.10205078125, 0.08203125]"
20752326102,"std_msgs.msg.Header(stamp=builtin_interfaces.msg.Time(sec=1731185780, nanosec=941673427), frame_id='RU_myo')","geometry_msgs.msg.Quaternion(x=0.7688263039384924, y=0.5998139162276567, z=0.19867653376625855, w=0.0982701134757838)",[0. 0. 0. 0. 0. 0. 0. 0. 0.],"geometry_msgs.msg.Vector3(x=-14.625, y=25.625, z=35.5)",[0. 0. 0. 0. 0. 0. 0. 0. 0.],"geometry_msgs.msg.Vector3(x=-0.0478515625, y=0.9775390625, z=0.09130859375)",[0. 0. 0. 0. 0. 0. 0. 0. 0.],False,16.291373311,"[0.7688263039384924, 0.5998139162276567, 0.19867653376625855, 0.0982701134757838]","[-14.625, 25.625, 35.5]","[-0.0478515625, 0.9775390625, 0.09130859375]"
20772928108,"std_msgs.msg.Header(stamp=builtin_interfaces.msg.Time(sec=1731185780, nanosec=962375103), frame_id='RU_myo')","geometry_msgs.msg.Quaternion(x=0.7684847252991465, y=0.5994058778743144, z=0.19697380528517439, w=0.10651356994813428)",[0. 0. 0. 0. 0. 0. 0. 0. 0.],"geometry_msgs.msg.Vector3(x=-19.4375, y=20.9375, z=35.875)",[0. 0. 0. 0. 0. 0. 0. 0. 0.],"geometry_msgs.msg.Vector3(x=-0.07861328125, y=0.91064453125, z=0.068359375)",[0. 0. 0. 0. 0. 0. 0. 0. 0.],False,16.311975317,"[0.7684847252991465, 0.5994058778743144, 0.19697380528517439, 0.10651356994813428]","[-19.4375, 20.9375, 35.875]","[-0.07861328125, 0.91064453125, 0.068359375]"
20789614293,"std_msgs.msg.Header(stamp=builtin_interfaces.msg.Time(sec=1731185780, nanosec=978974685), frame_id='RU_myo')","geometry_msgs.msg.Quaternion(x=0.7674369911359208, y=0.6000694392632815, z=0.19489591288451405, w=0.11389783070545043)",[0. 0. 0. 0. 0. 0. 0. 0. 0.],"geometry_msgs.msg.Vector3(x=-6.375, y=18.0625, z=32.75)",[0. 0. 0. 0. 0. 0. 0. 0. 0.],"geometry_msgs.msg.Vector3(x=-0.044921875, y=0.9814453125, z=0.1591796875)",[0. 0. 0. 0. 0. 0. 0. 0. 0.],False,16.328661502,"[0.7674369911359208, 0.6000694392632815, 0.19489591288451405, 0.11389783070545043]","[-6.375, 18.0625, 32.75]","[-0.044921875, 0.9814453125, 0.1591796875]"
20810582477,"std_msgs.msg.Header(stamp=builtin_interfaces.msg.Time(sec=1731185780, nanosec=999995335), frame_id='RU_myo')","geometry_msgs.msg.Quaternion(x=0.7643925521421535, y=0.6030662313474787, z=0.19398223514395624, w=0.11994181625483763)",[0. 0. 0. 0. 0. 0. 0. 0. 0.],"geometry_msgs.msg.Vector3(x=12.8125, y=19.4375, z=25.8125)",[0. 0. 0. 0. 0. 0. 0. 0. 0.],"geometry_msgs.msg.Vector3(x=-0.0166015625, y=0.9736328125, z=0.150390625)",[0. 0. 0. 0. 0. 0. 0. 0. 0.],False,16.349629686,"[0.7643925521421535, 0.6030662313474787, 0.19398223514395624, 0.11994181625483763]","[12.8125, 19.4375, 25.8125]","[-0.0166015625, 0.9736328125, 0.150390625]"
20826577405,"std_msgs.msg.Header(stamp=builtin_interfaces.msg.Time(sec=1731185781, nanosec=15851460), frame_id='RU_myo')","geometry_msgs.msg.Quaternion(x=0.761135049289376, y=0.606344473106709, z=0.19293888458730696, w=0.12567578720824582)",[0. 0. 0. 0. 0. 0. 0. 0. 0.],"geometry_msgs.msg.Vector3(x=11.6875, y=16.875, z=28.5625)",[0. 0. 0. 0. 0. 0. 0. 0. 0.],"geometry_msgs.msg.Vector3(x=-0.06396484375, y=1.02978515625, z=0.09814453125)",[0. 0. 0. 0. 0. 0. 0. 0. 0.],False,16.365624614,"[0.761135049289376, 0.606344473106709, 0.19293888458730696, 0.12567578720824582]","[11.6875, 16.875, 28.5625]","[-0.06396484375, 1.02978515625, 0.09814453125]"
20849859663,"std_msgs.msg.Header(stamp=builtin_interfaces.msg.Time(sec=1731185781, nanosec=39038885), frame_id='RU_myo')","geometry_msgs.msg.Quaternion(x=0.7585920295237415, y=0.6090466101213303, z=0.1913570978883915, w=0.1303181511935298)",[0. 0. 0. 0. 0. 0. 0. 0. 0.],"geometry_msgs.msg.Vector3(x=10.25, y=10.75, z=25.0)",[0. 0. 0. 0. 0. 0. 0. 0. 0.],"geometry_msgs.msg.Vector3(x=-0.068359375, y=1.1171875, z=0.15771484375)",[0. 0. 0. 0. 0. 0. 0. 0. 0.],False,16.388906872,"[0.7585920295237415, 0.6090466101213303, 0.1913570978883915, 0.1303181511935298]","[10.25, 10.75, 25.0]","[-0.068359375, 1.1171875, 0.15771484375]"
20870739031,"std_msgs.msg.Header(stamp=builtin_interfaces.msg.Time(sec=1731185781, nanosec=60003928), frame_id='RU_myo')","geometry_msgs.msg.Quaternion(x=0.7568017003220364, y=0.6107393994211063, z=0.19043643076092862, w=0.13409898666082057)",[0. 0. 0. 0. 0. 0. 0. 0. 0.],"geometry_msgs.msg.Vector3(x=7.4375, y=10.375, z=17.8125)",[0. 0. 0. 0. 0. 0. 0. 0. 0.],"geometry_msgs.msg.Vector3(x=-0.05517578125, y=1.01416015625, z=0.16748046875)",[0. 0. 0. 0. 0. 0. 0. 0. 0.],False,16.40978624,"[0.7568017003220364, 0.6107393994211063, 0.19043643076092862, 0.13409898666082057]","[7.4375, 10.375, 17.8125]","[-0.05517578125, 1.01416015625, 0.16748046875]"
20886607514,"std_msgs.msg.Header(stamp=builtin_interfaces.msg.Time(sec=1731185781, nanosec=75897771), frame_id='RU_myo')","geometry_msgs.msg.Quaternion(x=0.7554198759456671, y=0.6118559176211512, z=0.18958743816154186, w=0.13794836131522364)",[0. 0. 0. 0. 0. 0. 0. 0. 0.],"geometry_msgs.msg.Vector3(x=-3.875, y=10.5, z=15.6875)",[0. 0. 0. 0. 0. 0. 0. 0. 0.],"geometry_msgs.msg.Vector3(x=-0.04296875, y=1.0791015625, z=0.06982421875)",[0. 0. 0. 0. 0. 0. 0. 0. 0.],False,16.425654723,"[0.7554198759456671, 0.6118559176211512, 0.18958743816154186, 0.13794836131522364]","[-3.875, 10.5, 15.6875]","[-0.04296875, 1.0791015625, 0.06982421875]"
20909620292,"std_msgs.msg.Header(stamp=builtin_interfaces.msg.Time(sec=1731185781, nanosec=98869461), frame_id='RU_myo')","geometry_msgs.msg.Quaternion(x=0.7552416913609824, y=0.6117378348678385, z=0.18842892598653135, w=0.14100123713277857)",[0. 0. 0. 0. 0. 0. 0. 0. 0.],"geometry_msgs.msg.Vector3(x=-8.8125, y=6.5625, z=11.5)",[0. 0. 0. 0. 0. 0. 0. 0. 0.],"geometry_msgs.msg.Vector3(x=-0.04052734375, y=1.1044921875, z=0.1396484375)",[0. 0. 0. 0. 0. 0. 0. 0. 0.],False,16.448667501,"[0.7552416913609824, 0.6117378348678385, 0.18842892598653135, 0.14100123713277857]","[-8.8125, 6.5625, 11.5]","[-0.04052734375, 1.1044921875, 0.1396484375]"
20930589316,"std_msgs.msg.Header(stamp=builtin_interfaces.msg.Time(sec=1731185781, nanosec=119925865), frame_id='RU_myo')","geometry_msgs.msg.Quaternion(x=0.7546111772434642, y=0.6125150176848794, z=0.1871421070475177, w=0.14270653825084684)",[0. 0. 0. 0. 0. 0. 0. 0. 0.],"geometry_msgs.msg.Vector3(x=0.875, y=0.8125, z=9.1875)",[0. 0. 0. 0. 0. 0. 0. 0. 0.],"geometry_msgs.msg.Vector3(x=-0.0498046875, y=0.96484375, z=0.1494140625)",[0. 0. 0. 0. 0. 0. 0. 0. 0.],False,16.469636525,"[0.7546111772434642, 0.6125150176848794, 0.1871421070475177, 0.14270653825084684]","[0.875, 0.8125, 9.1875]","[-0.0498046875, 0.96484375, 0.1494140625]"
20946526022,"std_msgs.msg.Header(stamp=builtin_interfaces.msg.Time(sec=1731185781, nanosec=135784211), frame_id='RU_myo')","geometry_msgs.msg.Quaternion(x=0.7540749353513309, y=0.6133191638667778, z=0.18525315110824747, w=0.1445401851151005)",[0. 0. 0. 0. 0. 0. 0. 0. 0.],"geometry_msgs.msg.Vector3(x=-5.3125, y=-1.8125, z=12.8125)",[0. 0. 0. 0. 0. 0. 0. 0. 0.],"geometry_msgs.msg.Vector3(x=-0.05419921875, y=0.9365234375, z=0.07080078125)",[0. 0. 0. 0. 0. 0. 0. 0. 0.],False,16.485573231,"[0.7540749353513309, 0.6133191638667778, 0.18525315110824747, 0.1445401851151005]","[-5.3125, -1.8125, 12.8125]","[-0.05419921875, 0.9365234375, 0.07080078125]"
20969617811,"std_msgs.msg.Header(stamp=builtin_interfaces.msg.Time(sec=1731185781, nanosec=158958415), frame_id='RU_myo')","geometry_msgs.msg.Quaternion(x=0.7533816177393434, y=0.6145831247684881, z=0.18311146829928138, w=0.14551258014182894)",[0. 0. 0. 0. 0. 0. 0. 0. 0.],"geometry_msgs.msg.Vector3(x=-0.125, y=-6.4375, z=11.125)",[0. 0. 0. 0. 0. 0. 0. 0. 0.],"geometry_msgs.msg.Vector3(x=-0.06689453125, y=1.013671875, z=0.10693359375)",[0. 0. 0. 0. 0. 0. 0. 0. 0.],False,16.50866502,"[0.7533816177393434, 0.6145831247684881, 0.18311146829928138, 0.14551258014182894]","[-0.125, -6.4375, 11.125]","[-0.06689453125, 1.013671875, 0.10693359375]"
20998187267,"std_msgs.msg.Header(stamp=builtin_interfaces.msg.Time(sec=1731185781, nanosec=187530456), frame_id='RU_myo')","geometry_msgs.msg.Quaternion(x=0.7531726455840707, y=0.6152832699155063, z=0.18116674058623242, w=0.14606873659799668)",[0. 0. 0. 0. 0. 0. 0. 0. 0.],"geometry_msgs.msg.Vector3(x=-2.5, y=-6.9375, z=9.8125)",[0. 0. 0. 0. 0. 0. 0. 0. 0.],"geometry_msgs.msg.Vector3(x=-0.08447265625, y=0.9619140625, z=0.11279296875)",[0. 0. 0. 0. 0. 0. 0. 0. 0.],False,16.537234476,"[0.7531726455840707, 0.6152832699155063, 0.18116674058623242, 0.14606873659799668]","[-2.5, -6.9375, 9.8125]","[-0.08447265625, 0.9619140625, 0.11279296875]"
21007363489,"std_msgs.msg.Header(stamp=builtin_interfaces.msg.Time(sec=1731185781, nanosec=196567306), frame_id='RU_myo')","geometry_msgs.msg.Quaternion(x=0.7533928506006657, y=0.6155078591474612, z=0.1790856861105366, w=0.14655239684778404)",[0. 0. 0. 0. 0. 0. 0. 0. 0.],"geometry_msgs.msg.Vector3(x=-5.8125, y=-8.375, z=10.4375)",[0. 0. 0. 0. 0. 0. 0. 0. 0.],"geometry_msgs.msg.Vector3(x=-0.107421875, y=0.9765625, z=0.12548828125)",[0. 0. 0. 0. 0. 0. 0. 0. 0.],False,16.546410698,"[0.7533928506006657, 0.6155078591474612, 0.1790856861105366, 0.14655239684778404]","[-5.8125, -8.375, 10.4375]","[-0.107421875, 0.9765625, 0.12548828125]"
21029601032,"std_msgs.msg.Header(stamp=builtin_interfaces.msg.Time(sec=1731185781, nanosec=218916309), frame_id='RU_myo')","geometry_msgs.msg.Quaternion(x=0.7536788404809732, y=0.6159804711802707, z=0.17694484601185143, w=0.145694152269848)",[0. 0. 0. 0. 0. 0. 0. 0. 0.],"geometry_msgs.msg.Vector3(x=-3.125, y=-13.0, z=2.8125)",[0. 0. 0. 0. 0. 0. 0. 0. 0.],"geometry_msgs.msg.Vector3(x=-0.07666015625, y=1.0771484375, z=0.14892578125)",[0. 0. 0. 0. 0. 0. 0. 0. 0.],False,16.568648241,"[0.7536788404809732, 0.6159804711802707, 0.17694484601185143, 0.145694152269848]","[-3.125, -13.0, 2.8125]","[-0.07666015625, 1.0771484375, 0.14892578125]"
21050649344,"std_msgs.msg.Header(stamp=builtin_interfaces.msg.Time(sec=1731185781, nanosec=240029343), frame_id='RU_myo')","geometry_msgs.msg.Quaternion(x=0.7556970431101556, y=0.6146409194830197, z=0.17462638238738026, w=0.14368070749384593)",[0. 0. 0. 0. 0. 0. 0. 0. 0.],"geometry_msgs.msg.Vector3(x=-16.5, y=-18.4375, z=-3.4375)",[0. 0. 0. 0. 0. 0. 0. 0. 0.],"geometry_msgs.msg.Vector3(x=-0.087890625, y=0.96728515625, z=0.1279296875)",[0. 0. 0. 0. 0. 0. 0. 0. 0.],False,16.589696553,"[0.7556970431101556, 0.6146409194830197, 0.17462638238738026, 0.14368070749384593]","[-16.5, -18.4375, -3.4375]","[-0.087890625, 0.96728515625, 0.1279296875]"
21073283951,"std_msgs.msg.Header(stamp=builtin_interfaces.msg.Time(sec=1731185781, nanosec=262544282), frame_id='RU_myo')","geometry_msgs.msg.Quaternion(x=0.7568203929276193, y=0.6142947362225631, z=0.1717022151226222, w=0.14276981200562153)",[0. 0. 0. 0. 0. 0. 0. 0. 0.],"geometry_msgs.msg.Vector3(x=-3.625, y=-16.3125, z=3.25)",[0. 0. 0. 0. 0. 0. 0. 0. 0.],"geometry_msgs.msg.Vector3(x=-0.046875, y=0.8291015625, z=0.2080078125)",[0. 0. 0. 0. 0. 0. 0. 0. 0.],False,16.61233116,"[0.7568203929276193, 0.6142947362225631, 0.1717022151226222, 0.14276981200562153]","[-3.625, -16.3125, 3.25]","[-0.046875, 0.8291015625, 0.2080078125]"
21089511383,"std_msgs.msg.Header(stamp=builtin_interfaces.msg.Time(sec=1731185781, nanosec=278781838), frame_id='RU_myo')","geometry_msgs.msg.Quaternion(x=0.7551510214713373, y=0.6169019862601686, z=0.16943899414843455, w=0.143070966240609)",[0. 0. 0. 0. 0. 0. 0. 0. 0.],"geometry_msgs.msg.Vector3(x=23.375, y=-8.1875, z=11.375)",[0. 0. 0. 0. 0. 0. 0. 0. 0.],"geometry_msgs.msg.Vector3(x=-0.0400390625, y=0.837890625, z=0.2763671875)",[0. 0. 0. 0. 0. 0. 0. 0. 0.],False,16.628558592,"[0.7551510214713373, 0.6169019862601686, 0.16943899414843455, 0.143070966240609]","[23.375, -8.1875, 11.375]","[-0.0400390625, 0.837890625, 0.2763671875]"
21112190608,"std_msgs.msg.Header(stamp=builtin_interfaces.msg.Time(sec=1731185781, nanosec=301464625), frame_id='RU_myo')","geometry_msgs.msg.Quaternion(x=0.7530403232869964, y=0.6196086829607117, z=0.16785773600058687, w=0.1443576529605047)",[0. 0. 0. 0. 0. 0. 0. 0. 0.],"geometry_msgs.msg.Vector3(x=15.1875, y=-2.75, z=16.375)",[0. 0. 0. 0. 0. 0. 0. 0. 0.],"geometry_msgs.msg.Vector3(x=-0.08447265625, y=0.93408203125, z=0.142578125)",[0. 0. 0. 0. 0. 0. 0. 0. 0.],False,16.651237817,"[0.7530403232869964, 0.6196086829607117, 0.16785773600058687, 0.1443576529605047]","[15.1875, -2.75, 16.375]","[-0.08447265625, 0.93408203125, 0.142578125]"
21132984674,"std_msgs.msg.Header(stamp=builtin_interfaces.msg.Time(sec=1731185781, nanosec=322357594), frame_id='RU_myo')","geometry_msgs.msg.Quaternion(x=0.7528376039116579, y=0.6197756632170401, z=0.16651053863069584, w=0.14624605958913023)",[0. 0. 0. 0. 0. 0. 0. 0. 0.],"geometry_msgs.msg.Vector3(x=1.9375, y=1.625, z=11.25)",[0. 0. 0. 0. 0. 0. 0. 0. 0.],"geometry_msgs.msg.Vector3(x=-0.04345703125, y=1.03955078125, z=0.24072265625)",[0. 0. 0. 0. 0. 0. 0. 0. 0.],False,16.672031883,"[0.7528376039116579, 0.6197756632170401, 0.16651053863069584, 0.14624605958913023]","[1.9375, 1.625, 11.25]","[-0.04345703125, 1.03955078125, 0.24072265625]"
21149628508,"std_msgs.msg.Header(stamp=builtin_interfaces.msg.Time(sec=1731185781, nanosec=339038993), frame_id='RU_myo')","geometry_msgs.msg.Quaternion(x=0.7528841765853806, y=0.6191533917537172, z=0.16748392221729103, w=0.14752501457696515)",[0. 0. 0. 0. 0. 0. 0. 0. 0.],"geometry_msgs.msg.Vector3(x=8.0625, y=10.1875, z=-1.125)",[0. 0. 0. 0. 0. 0. 0. 0. 0.],"geometry_msgs.msg.Vector3(x=-0.05029296875, y=1.197265625, z=0.37646484375)",[0. 0. 0. 0. 0. 0. 0. 0. 0.],False,16.688675717,"[0.7528841765853806, 0.6191533917537172, 0.16748392221729103, 0.14752501457696515]","[8.0625, 10.1875, -1.125]","[-0.05029296875, 1.197265625, 0.37646484375]"
21172151461,"std_msgs.msg.Header(stamp=builtin_interfaces.msg.Time(sec=1731185781, nanosec=361413176), frame_id='RU_myo')","geometry_msgs.msg.Quaternion(x=0.7580321277144719, y=0.6120289994840977, z=0.16822099556977893, w=0.15003164263806845)",[0. 0. 0. 0. 0. 0. 0. 0. 0.],"geometry_msgs.msg.Vector3(x=-44.3125, y=12.625, z=2.9375)",[0. 0. 0. 0. 0. 0. 0. 0. 0.],"geometry_msgs.msg.Vector3(x=-0.15576171875, y=0.90869140625, z=0.2705078125)",[0. 0. 0. 0. 0. 0. 0. 0. 0.],False,16.71119867,"[0.7580321277144719, 0.6120289994840977, 0.16822099556977893, 0.15003164263806845]","[-44.3125, 12.625, 2.9375]","[-0.15576171875, 0.90869140625, 0.2705078125]"
21193176992,"std_msgs.msg.Header(stamp=builtin_interfaces.msg.Time(sec=1731185781, nanosec=382624772), frame_id='RU_myo')","geometry_msgs.msg.Quaternion(x=0.7626791412303255, y=0.606175794442446, z=0.1679175924389456, w=0.15058258834855648)",[0. 0. 0. 0. 0. 0. 0. 0. 0.],"geometry_msgs.msg.Vector3(x=-54.3125, y=-0.125, z=-5.0)",[0. 0. 0. 0. 0. 0. 0. 0. 0.],"geometry_msgs.msg.Vector3(x=-0.0908203125, y=0.998046875, z=0.04443359375)",[0. 0. 0. 0. 0. 0. 0. 0. 0.],False,16.732224201,"[0.7626791412303255, 0.606175794442446, 0.1679175924389456, 0.15058258834855648]","[-54.3125, -0.125, -5.0]","[-0.0908203125, 0.998046875, 0.04443359375]"
21209823512,"std_msgs.msg.Header(stamp=builtin_interfaces.msg.Time(sec=1731185781, nanosec=399195322), frame_id='RU_myo')","geometry_msgs.msg.Quaternion(x=0.7658070895746323, y=0.6020979699955502, z=0.16724943610987505, w=0.15180633124279536)",[0. 0. 0. 0. 0. 0. 0. 0. 0.],"geometry_msgs.msg.Vector3(x=-33.625, y=2.25, z=-1.25)",[0. 0. 0. 0. 0. 0. 0. 0. 0.],"geometry_msgs.msg.Vector3(x=-0.04638671875, y=1.033203125, z=0.18701171875)",[0. 0. 0. 0. 0. 0. 0. 0. 0.],False,16.748870721,"[0.7658070895746323, 0.6020979699955502, 0.16724943610987505, 0.15180633124279536]","[-33.625, 2.25, -1.25]","[-0.04638671875, 1.033203125, 0.18701171875]"
21232216832,"std_msgs.msg.Header(stamp=builtin_interfaces.msg.Time(sec=1731185781, nanosec=421567705), frame_id='RU_myo')","geometry_msgs.msg.Quaternion(x=0.7679796408362841, y=0.5989044854463218, z=0.1673660924473924, w=0.1533273611334244)",[0. 0. 0. 0. 0. 0. 0. 0. 0.],"geometry_msgs.msg.Vector3(x=-19.5625, y=7.3125, z=-1.4375)",[0. 0. 0. 0. 0. 0. 0. 0. 0.],"geometry_msgs.msg.Vector3(x=-0.02978515625, y=0.95654296875, z=0.27001953125)",[0. 0. 0. 0. 0. 0. 0. 0. 0.],False,16.771264041,"[0.7679796408362841, 0.5989044854463218, 0.1673660924473924, 0.1533273611334244]","[-19.5625, 7.3125, -1.4375]","[-0.02978515625, 0.95654296875, 0.27001953125]"
21253269209,"std_msgs.msg.Header(stamp=builtin_interfaces.msg.Time(sec=1731185781, nanosec=442541157), frame_id='RU_myo')","geometry_msgs.msg.Quaternion(x=0.7676486959326089, y=0.5989454284158934, z=0.1684591238589489, w=0.1536273966496284)",[0. 0. 0. 0. 0. 0. 0. 0. 0.],"geometry_msgs.msg.Vector3(x=-0.8125, y=6.25, z=-4.6875)",[0. 0. 0. 0. 0. 0. 0. 0. 0.],"geometry_msgs.msg.Vector3(x=-0.0341796875, y=0.8974609375, z=0.169921875)",[0. 0. 0. 0. 0. 0. 0. 0. 0.],False,16.792316418,"[0.7676486959326089, 0.5989454284158934, 0.1684591238589489, 0.1536273966496284]","[-0.8125, 6.25, -4.6875]","[-0.0341796875, 0.8974609375, 0.169921875]"
21277031451,"std_msgs.msg.Header(stamp=builtin_interfaces.msg.Time(sec=1731185781, nanosec=466402041), frame_id='RU_myo')","geometry_msgs.msg.Quaternion(x=0.7651403968575119, y=0.6020406648748017, z=0.16871544131744418, w=0.15376056319777204)",[0. 0. 0. 0. 0. 0. 0. 0. 0.],"geometry_msgs.msg.Vector3(x=16.25, y=1.8125, z=0.8125)",[0. 0. 0. 0. 0. 0. 0. 0. 0.],"geometry_msgs.msg.Vector3(x=-0.0146484375, y=0.97802734375, z=0.13037109375)",[0. 0. 0. 0. 0. 0. 0. 0. 0.],False,16.81607866,"[0.7651403968575119, 0.6020406648748017, 0.16871544131744418, 0.15376056319777204]","[16.25, 1.8125, 0.8125]","[-0.0146484375, 0.97802734375, 0.13037109375]"
21292338641,"std_msgs.msg.Header(stamp=builtin_interfaces.msg.Time(sec=1731185781, nanosec=481569707), frame_id='RU_myo')","geometry_msgs.msg.Quaternion(x=0.7625548505445248, y=0.605258456575643, z=0.16846645221347062, w=0.15424446548675372)",[0. 0. 0. 0. 0. 0. 0. 0. 0.],"geometry_msgs.msg.Vector3(x=25.125, y=1.625, z=3.5)",[0. 0. 0. 0. 0. 0. 0. 0. 0.],"geometry_msgs.msg.Vector3(x=-0.001953125, y=0.99365234375, z=0.2568359375)",[0. 0. 0. 0. 0. 0. 0. 0. 0.],False,16.83138585,"[0.7625548505445248, 0.605258456575643, 0.16846645221347062, 0.15424446548675372]","[25.125, 1.625, 3.5]","[-0.001953125, 0.99365234375, 0.2568359375]"
21313797845,"std_msgs.msg.Header(stamp=builtin_interfaces.msg.Time(sec=1731185781, nanosec=503147681), frame_id='RU_myo')","geometry_msgs.msg.Quaternion(x=0.7598592577389451, y=0.6084245386088686, z=0.16907463602995243, w=0.15442557009233923)",[0. 0. 0. 0. 0. 0. 0. 0. 0.],"geometry_msgs.msg.Vector3(x=27.0, y=3.8125, z=0.9375)",[0. 0. 0. 0. 0. 0. 0. 0. 0.],"geometry_msgs.msg.Vector3(x=-0.01953125, y=0.8994140625, z=0.23876953125)",[0. 0. 0. 0. 0. 0. 0. 0. 0.],False,16.852845054,"[0.7598592577389451, 0.6084245386088686, 0.16907463602995243, 0.15442557009233923]","[27.0, 3.8125, 0.9375]","[-0.01953125, 0.8994140625, 0.23876953125]"
21329555833,"std_msgs.msg.Header(stamp=builtin_interfaces.msg.Time(sec=1731185781, nanosec=518865071), frame_id='RU_myo')","geometry_msgs.msg.Quaternion(x=0.7571054088973516, y=0.6114096163273759, z=0.16998859753137086, w=0.1551565583212728)",[0. 0. 0. 0. 0. 0. 0. 0. 0.],"geometry_msgs.msg.Vector3(x=18.3125, y=6.9375, z=2.3125)",[0. 0. 0. 0. 0. 0. 0. 0. 0.],"geometry_msgs.msg.Vector3(x=-0.02001953125, y=0.92236328125, z=0.1162109375)",[0. 0. 0. 0. 0. 0. 0. 0. 0.],False,16.868603042,"[0.7571054088973516, 0.6114096163273759, 0.16998859753137086, 0.1551565583212728]","[18.3125, 6.9375, 2.3125]","[-0.02001953125, 0.92236328125, 0.1162109375]"
21352131802,"std_msgs.msg.Header(stamp=builtin_interfaces.msg.Time(sec=1731185781, nanosec=541446251), frame_id='RU_myo')","geometry_msgs.msg.Quaternion(x=0.7559772537670079, y=0.612350731513171, z=0.16993465276442066, w=0.15699422662000356)",[0. 0. 0. 0. 0. 0. 0. 0. 0.],"geometry_msgs.msg.Vector3(x=-0.8125, y=6.9375, z=5.4375)",[0. 0. 0. 0. 0. 0. 0. 0. 0.],"geometry_msgs.msg.Vector3(x=-0.00341796875, y=1.0478515625, z=0.10498046875)",[0. 0. 0. 0. 0. 0. 0. 0. 0.],False,16.891179011,"[0.7559772537670079, 0.612350731513171, 0.16993465276442066, 0.15699422662000356]","[-0.8125, 6.9375, 5.4375]","[-0.00341796875, 1.0478515625, 0.10498046875]"
21373124112,"std_msgs.msg.Header(stamp=builtin_interfaces.msg.Time(sec=1731185781, nanosec=562472569), frame_id='RU_myo')","geometry_msgs.msg.Quaternion(x=0.7582815150144963, y=0.6091033758616806, z=0.1688935806202295, w=0.15961572581203473)",[0. 0. 0. 0. 0. 0. 0. 0. 0.],"geometry_msgs.msg.Vector3(x=-32.8125, y=5.9375, z=3.8125)",[0. 0. 0. 0. 0. 0. 0. 0. 0.],"geometry_msgs.msg.Vector3(x=0.0205078125, y=1.07080078125, z=0.11865234375)",[0. 0. 0. 0. 0. 0. 0. 0. 0.],False,16.912171321,"[0.7582815150144963, 0.6091033758616806, 0.1688935806202295, 0.15961572581203473]","[-32.8125, 5.9375, 3.8125]","[0.0205078125, 1.07080078125, 0.11865234375]"
21389036539,"std_msgs.msg.Header(stamp=builtin_interfaces.msg.Time(sec=1731185781, nanosec=578298421), frame_id='RU_myo')","geometry_msgs.msg.Quaternion(x=0.7641178004529114, y=0.6017603158930629, z=0.1668131598879948, w=0.16180815472487167)",[0. 0. 0. 0. 0. 0. 0. 0. 0.],"geometry_msgs.msg.Vector3(x=-69.4375, y=0.25, z=-1.4375)",[0. 0. 0. 0. 0. 0. 0. 0. 0.],"geometry_msgs.msg.Vector3(x=0.02587890625, y=0.9462890625, z=0.021484375)",[0. 0. 0. 0. 0. 0. 0. 0. 0.],False,16.928083748,"[0.7641178004529114, 0.6017603158930629, 0.1668131598879948, 0.16180815472487167]","[-69.4375, 0.25, -1.4375]","[0.02587890625, 0.9462890625, 0.021484375]"
21412099392,"std_msgs.msg.Header(stamp=builtin_interfaces.msg.Time(sec=1731185781, nanosec=601499249), frame_id='RU_myo')","geometry_msgs.msg.Quaternion(x=0.7709124557958572, y=0.5937796017404671, z=0.1630940682412138, w=0.16284991544444552)",[0. 0. 0. 0. 0. 0. 0. 0. 0.],"geometry_msgs.msg.Vector3(x=-82.6875, y=-11.25, z=-4.0)",[0. 0. 0. 0. 0. 0. 0. 0. 0.],"geometry_msgs.msg.Vector3(x=0.0517578125, y=0.92236328125, z=-0.06298828125)",[0. 0. 0. 0. 0. 0. 0. 0. 0.],False,16.951146601,"[0.7709124557958572, 0.5937796017404671, 0.1630940682412138, 0.16284991544444552]","[-82.6875, -11.25, -4.0]","[0.0517578125, 0.92236328125, -0.06298828125]"
21433227697,"std_msgs.msg.Header(stamp=builtin_interfaces.msg.Time(sec=1731185781, nanosec=622628832), frame_id='RU_myo')","geometry_msgs.msg.Quaternion(x=0.7767167536624673, y=0.5877411097065538, z=0.1585783989009894, w=0.16163033113541952)",[0. 0. 0. 0. 0. 0. 0. 0. 0.],"geometry_msgs.msg.Vector3(x=-69.9375, y=-23.375, z=-8.0)",[0. 0. 0. 0. 0. 0. 0. 0. 0.],"geometry_msgs.msg.Vector3(x=0.04931640625, y=0.89794921875, z=-0.0615234375)",[0. 0. 0. 0. 0. 0. 0. 0. 0.],False,16.972274906,"[0.7767167536624673, 0.5877411097065538, 0.1585783989009894, 0.16163033113541952]","[-69.9375, -23.375, -8.0]","[0.04931640625, 0.89794921875, -0.0615234375]"
21449775057,"std_msgs.msg.Header(stamp=builtin_interfaces.msg.Time(sec=1731185781, nanosec=639109266), frame_id='RU_myo')","geometry_msgs.msg.Quaternion(x=0.7824916491992785, y=0.5826571983819276, z=0.15259197527287022, w=0.15790217601236609)",[0. 0. 0. 0. 0. 0. 0. 0. 0.],"geometry_msgs.msg.Vector3(x=-70.0625, y=-39.25, z=-14.125)",[0. 0. 0. 0. 0. 0. 0. 0. 0.],"geometry_msgs.msg.Vector3(x=0.052734375, y=1.001953125, z=-0.09375)",[0. 0. 0. 0. 0. 0. 0. 0. 0.],False,16.988822266,"[0.7824916491992785, 0.5826571983819276, 0.15259197527287022, 0.15790217601236609]","[-70.0625, -39.25, -14.125]","[0.052734375, 1.001953125, -0.09375]"
21472003671,"std_msgs.msg.Header(stamp=builtin_interfaces.msg.Time(sec=1731185781, nanosec=661405933), frame_id='RU_myo')","geometry_msgs.msg.Quaternion(x=0.7901773509636244, y=0.5761837009961852, z=0.1449614713841038, w=0.15039371178544497)",[0. 0. 0. 0. 0. 0. 0. 0. 0.],"geometry_msgs.msg.Vector3(x=-87.6875, y=-59.75, z=-28.8125)",[0. 0. 0. 0. 0. 0. 0. 0. 0.],"geometry_msgs.msg.Vector3(x=0.0419921875, y=1.21826171875, z=-0.111328125)",[0. 0. 0. 0. 0. 0. 0. 0. 0.],False,17.01105088,"[0.7901773509636244, 0.5761837009961852, 0.1449614713841038, 0.15039371178544497]","[-87.6875, -59.75, -28.8125]","[0.0419921875, 1.21826171875, -0.111328125]"
21493331356,"std_msgs.msg.Header(stamp=builtin_interfaces.msg.Time(sec=1731185781, nanosec=682650608), frame_id='RU_myo')","geometry_msgs.msg.Quaternion(x=0.8034452502193989, y=0.5629549147438666, z=0.13587093572805453, w=0.13819038566411299)",[0. 0. 0. 0. 0. 0. 0. 0. 0.],"geometry_msgs.msg.Vector3(x=-108.8125, y=-80.8125, z=-49.9375)",[0. 0. 0. 0. 0. 0. 0. 0. 0.],"geometry_msgs.msg.Vector3(x=0.04443359375, y=1.23193359375, z=-0.0224609375)",[0. 0. 0. 0. 0. 0. 0. 0. 0.],False,17.032378565,"[0.8034452502193989, 0.5629549147438666, 0.13587093572805453, 0.13819038566411299]","[-108.8125, -80.8125, -49.9375]","[0.04443359375, 1.23193359375, -0.0224609375]"
21509504575,"std_msgs.msg.Header(stamp=builtin_interfaces.msg.Time(sec=1731185781, nanosec=698944140), frame_id='RU_myo')","geometry_msgs.msg.Quaternion(x=0.819675573085568, y=0.5456161998519542, z=0.12402865176184931, w=0.12268582187072692)",[0. 0. 0. 0. 0. 0. 0. 0. 0.],"geometry_msgs.msg.Vector3(x=-134.75, y=-103.0, z=-61.625)",[0. 0. 0. 0. 0. 0. 0. 0. 0.],"geometry_msgs.msg.Vector3(x=0.06298828125, y=0.88916015625, z=0.03466796875)",[0. 0. 0. 0. 0. 0. 0. 0. 0.],False,17.048551784,"[0.819675573085568, 0.5456161998519542, 0.12402865176184931, 0.12268582187072692]","[-134.75, -103.0, -61.625]","[0.06298828125, 0.88916015625, 0.03466796875]"
21532056885,"std_msgs.msg.Header(stamp=builtin_interfaces.msg.Time(sec=1731185781, nanosec=721409092), frame_id='RU_myo')","geometry_msgs.msg.Quaternion(x=0.8368390096056458, y=0.5260305313480274, z=0.10834348957330571, w=0.10608506190332695)",[0. 0. 0. 0. 0. 0. 0. 0. 0.],"geometry_msgs.msg.Vector3(x=-147.875, y=-123.0, z=-58.0625)",[0. 0. 0. 0. 0. 0. 0. 0. 0.],"geometry_msgs.msg.Vector3(x=0.13037109375, y=0.60009765625, z=0.087890625)",[0. 0. 0. 0. 0. 0. 0. 0. 0.],False,17.071104094,"[0.8368390096056458, 0.5260305313480274, 0.10834348957330571, 0.10608506190332695]","[-147.875, -123.0, -58.0625]","[0.13037109375, 0.60009765625, 0.087890625]"
21560719202,"std_msgs.msg.Header(stamp=builtin_interfaces.msg.Time(sec=1731185781, nanosec=750068554), frame_id='RU_myo')","geometry_msgs.msg.Quaternion(x=0.8500037604339489, y=0.5113084518996976, z=0.08972465372956376, w=0.08948050501193229)",[0. 0. 0. 0. 0. 0. 0. 0. 0.],"geometry_msgs.msg.Vector3(x=-112.4375, y=-137.125, z=-44.0625)",[0. 0. 0. 0. 0. 0. 0. 0. 0.],"geometry_msgs.msg.Vector3(x=0.17236328125, y=0.52099609375, z=0.1943359375)",[0. 0. 0. 0. 0. 0. 0. 0. 0.],False,17.099766411,"[0.8500037604339489, 0.5113084518996976, 0.08972465372956376, 0.08948050501193229]","[-112.4375, -137.125, -44.0625]","[0.17236328125, 0.52099609375, 0.1943359375]"
21569523323,"std_msgs.msg.Header(stamp=builtin_interfaces.msg.Time(sec=1731185781, nanosec=758857114), frame_id='RU_myo')","geometry_msgs.msg.Quaternion(x=0.857767860643364, y=0.5041743776356783, z=0.06891197001824222, w=0.07275736781376858)",[0. 0. 0. 0. 0. 0. 0. 0. 0.],"geometry_msgs.msg.Vector3(x=-58.875, y=-149.125, z=-31.125)",[0. 0. 0. 0. 0. 0. 0. 0. 0.],"geometry_msgs.msg.Vector3(x=0.17919921875, y=0.484375, z=0.3046875)",[0. 0. 0. 0. 0. 0. 0. 0. 0.],False,17.108570532,"[0.857767860643364, 0.5041743776356783, 0.06891197001824222, 0.07275736781376858]","[-58.875, -149.125, -31.125]","[0.17919921875, 0.484375, 0.3046875]"
21592791455,"std_msgs.msg.Header(stamp=builtin_interfaces.msg.Time(sec=1731185781, nanosec=782209939), frame_id='RU_myo')","geometry_msgs.msg.Quaternion(x=0.8617804429392139, y=0.5020898026501858, z=0.045533551273649234, w=0.05627605130603833)",[0. 0. 0. 0. 0. 0. 0. 0. 0.],"geometry_msgs.msg.Vector3(x=-23.4375, y=-161.5, z=-18.875)",[0. 0. 0. 0. 0. 0. 0. 0. 0.],"geometry_msgs.msg.Vector3(x=0.185546875, y=0.4453125, z=0.36279296875)",[0. 0. 0. 0. 0. 0. 0. 0. 0.],False,17.131838664,"[0.8617804429392139, 0.5020898026501858, 0.045533551273649234, 0.05627605130603833]","[-23.4375, -161.5, -18.875]","[0.185546875, 0.4453125, 0.36279296875]"
21613389508,"std_msgs.msg.Header(stamp=builtin_interfaces.msg.Time(sec=1731185781, nanosec=802554313), frame_id='RU_myo')","geometry_msgs.msg.Quaternion(x=0.8625826832585162, y=0.5039260283740666, z=0.019287866396100417, w=0.04046789690067904)",[0. 0. 0. 0. 0. 0. 0. 0. 0.],"geometry_msgs.msg.Vector3(x=4.5, y=-174.125, z=-5.625)",[0. 0. 0. 0. 0. 0. 0. 0. 0.],"geometry_msgs.msg.Vector3(x=0.2216796875, y=0.47607421875, z=0.408203125)",[0. 0. 0. 0. 0. 0. 0. 0. 0.],False,17.152436717,"[0.8625826832585162, 0.5039260283740666, 0.019287866396100417, 0.04046789690067904]","[4.5, -174.125, -5.625]","[0.2216796875, 0.47607421875, 0.408203125]"
21629316054,"std_msgs.msg.Header(stamp=builtin_interfaces.msg.Time(sec=1731185781, nanosec=818739441), frame_id='RU_myo')","geometry_msgs.msg.Quaternion(x=0.8610350515994466, y=0.5078196377193872, z=-0.009155402122344723, w=0.02557408992841626)",[0. 0. 0. 0. 0. 0. 0. 0. 0.],"geometry_msgs.msg.Vector3(x=21.375, y=-182.5625, z=5.5)",[0. 0. 0. 0. 0. 0. 0. 0. 0.],"geometry_msgs.msg.Vector3(x=0.2890625, y=0.501953125, z=0.45068359375)",[0. 0. 0. 0. 0. 0. 0. 0. 0.],False,17.168363263,"[0.8610350515994466, 0.5078196377193872, -0.009155402122344723, 0.02557408992841626]","[21.375, -182.5625, 5.5]","[0.2890625, 0.501953125, 0.45068359375]"
21652147390,"std_msgs.msg.Header(stamp=builtin_interfaces.msg.Time(sec=1731185781, nanosec=841525353), frame_id='RU_myo')","geometry_msgs.msg.Quaternion(x=0.8585538130039783, y=0.5110061511779685, z=-0.04034580338373593, w=0.011414016993583388)",[0. 0. 0. 0. 0. 0. 0. 0. 0.],"geometry_msgs.msg.Vector3(x=19.6875, y=-193.25, z=16.5625)",[0. 0. 0. 0. 0. 0. 0. 0. 0.],"geometry_msgs.msg.Vector3(x=0.357421875, y=0.55859375, z=0.412109375)",[0. 0. 0. 0. 0. 0. 0. 0. 0.],False,17.191194599,"[0.8585538130039783, 0.5110061511779685, -0.04034580338373593, 0.011414016993583388]","[19.6875, -193.25, 16.5625]","[0.357421875, 0.55859375, 0.412109375]"
21673348658,"std_msgs.msg.Header(stamp=builtin_interfaces.msg.Time(sec=1731185781, nanosec=862562806), frame_id='RU_myo')","geometry_msgs.msg.Quaternion(x=0.8563312110502956, y=0.5108690118667837, z=-0.07556222660586358, w=0.0002441428969494785)",[0. 0. 0. 0. 0. 0. 0. 0. 0.],"geometry_msgs.msg.Vector3(x=2.0, y=-204.6875, z=43.875)",[0. 0. 0. 0. 0. 0. 0. 0. 0.],"geometry_msgs.msg.Vector3(x=0.3837890625, y=0.630859375, z=0.41357421875)",[0. 0. 0. 0. 0. 0. 0. 0. 0.],False,17.212395867,"[0.8563312110502956, 0.5108690118667837, -0.07556222660586358, 0.0002441428969494785]","[2.0, -204.6875, 43.875]","[0.3837890625, 0.630859375, 0.41357421875]"
21673348658,"std_msgs.msg.Header(stamp=builtin_interfaces.msg.Time(sec=1731185788, nanosec=604354075), frame_id='RU_myo')","geometry_msgs.msg.Quaternion(x=0.6519232663875459, y=0.35065060999873154, z=-0.6707833253065377, w=-0.04571580624700608)",[0. 0. 0. 0. 0. 0. 0. 0. 0.],"geometry_msgs.msg.Vector3(x=5.5625, y=0.75, z=-31.5625)",[0. 0. 0. 0. 0. 0. 0. 0. 0.],"geometry_msgs.msg.Vector3(x=0.9501953125, y=0.55419921875, z=-0.07080078125)",[0. 0. 0. 0. 0. 0. 0. 0. 0.],False,23.95387858,"[0.6519232663875459, 0.35065060999873154, -0.6707833253065377, -0.04571580624700608]","[5.5625, 0.75, -31.5625]","[0.9501953125, 0.55419921875, -0.07080078125]"
21695727532,"std_msgs.msg.Header(stamp=builtin_interfaces.msg.Time(sec=1731185788, nanosec=626607386), frame_id='RU_myo')","geometry_msgs.msg.Quaternion(x=0.6544809630365152, y=0.3546758254411256, z=-0.6658945543904113, w=-0.04943855078425602)",[0. 0. 0. 0. 0. 0. 0. 0. 0.],"geometry_msgs.msg.Vector3(x=1.625, y=9.625, z=-38.25)",[0. 0. 0. 0. 0. 0. 0. 0. 0.],"geometry_msgs.msg.Vector3(x=0.966796875, y=0.6171875, z=0.04052734375)",[0. 0. 0. 0. 0. 0. 0. 0. 0.],False,23.976257454,"[0.6544809630365152, 0.3546758254411256, -0.6658945543904113, -0.04943855078425602]","[1.625, 9.625, -38.25]","[0.966796875, 0.6171875, 0.04052734375]"
21710879762,"std_msgs.msg.Header(stamp=builtin_interfaces.msg.Time(sec=1731185788, nanosec=641735654), frame_id='RU_myo')","geometry_msgs.msg.Quaternion(x=0.6593408554610433, y=0.3590578776892824, z=-0.658303292326466, w=-0.0546246473792126)",[0. 0. 0. 0. 0. 0. 0. 0. 0.],"geometry_msgs.msg.Vector3(x=-6.0625, y=24.125, z=-46.375)",[0. 0. 0. 0. 0. 0. 0. 0. 0.],"geometry_msgs.msg.Vector3(x=0.9658203125, y=0.70361328125, z=0.08203125)",[0. 0. 0. 0. 0. 0. 0. 0. 0.],False,23.991409684,"[0.6593408554610433, 0.3590578776892824, -0.658303292326466, -0.0546246473792126]","[-6.0625, 24.125, -46.375]","[0.9658203125, 0.70361328125, 0.08203125]"
21734961124,"std_msgs.msg.Header(stamp=builtin_interfaces.msg.Time(sec=1731185788, nanosec=665790349), frame_id='RU_myo')","geometry_msgs.msg.Quaternion(x=0.6681738971823858, y=0.3625607882765481, z=-0.646749850602408, w=-0.0617085786107054)",[0. 0. 0. 0. 0. 0. 0. 0. 0.],"geometry_msgs.msg.Vector3(x=-25.3125, y=49.6875, z=-56.125)",[0. 0. 0. 0. 0. 0. 0. 0. 0.],"geometry_msgs.msg.Vector3(x=1.00048828125, y=0.77685546875, z=0.1142578125)",[0. 0. 0. 0. 0. 0. 0. 0. 0.],False,24.015491046,"[0.6681738971823858, 0.3625607882765481, -0.646749850602408, -0.0617085786107054]","[-25.3125, 49.6875, -56.125]","[1.00048828125, 0.77685546875, 0.1142578125]"
21767750026,"std_msgs.msg.Header(stamp=builtin_interfaces.msg.Time(sec=1731185788, nanosec=698528698), frame_id='RU_myo')","geometry_msgs.msg.Quaternion(x=0.6810494669221999, y=0.3640849677532642, z=-0.6311823388996656, w=-0.07226766166301171)",[0. 0. 0. 0. 0. 0. 0. 0. 0.],"geometry_msgs.msg.Vector3(x=-53.9375, y=70.4375, z=-67.4375)",[0. 0. 0. 0. 0. 0. 0. 0. 0.],"geometry_msgs.msg.Vector3(x=1.0146484375, y=0.849609375, z=0.19189453125)",[0. 0. 0. 0. 0. 0. 0. 0. 0.],False,24.048279948,"[0.6810494669221999, 0.3640849677532642, -0.6311823388996656, -0.07226766166301171]","[-53.9375, 70.4375, -67.4375]","[1.0146484375, 0.849609375, 0.19189453125]"
21772363614,"std_msgs.msg.Header(stamp=builtin_interfaces.msg.Time(sec=1731185788, nanosec=703233839), frame_id='RU_myo')","geometry_msgs.msg.Quaternion(x=0.6977048701876043, y=0.36224988229931165, z=-0.6119490008311539, w=-0.08661037623971747)",[0. 0. 0. 0. 0. 0. 0. 0. 0.],"geometry_msgs.msg.Vector3(x=-91.0, y=90.625, z=-78.125)",[0. 0. 0. 0. 0. 0. 0. 0. 0.],"geometry_msgs.msg.Vector3(x=1.00634765625, y=0.85791015625, z=0.23291015625)",[0. 0. 0. 0. 0. 0. 0. 0. 0.],False,24.052893536,"[0.6977048701876043, 0.36224988229931165, -0.6119490008311539, -0.08661037623971747]","[-91.0, 90.625, -78.125]","[1.00634765625, 0.85791015625, 0.23291015625]"
21793393800,"std_msgs.msg.Header(stamp=builtin_interfaces.msg.Time(sec=1731185788, nanosec=724278591), frame_id='RU_myo')","geometry_msgs.msg.Quaternion(x=0.7156373416620834, y=0.3581543642535697, z=-0.590515247810717, w=-0.10430910165462691)",[0. 0. 0. 0. 0. 0. 0. 0. 0.],"geometry_msgs.msg.Vector3(x=-124.5625, y=107.5625, z=-92.0625)",[0. 0. 0. 0. 0. 0. 0. 0. 0.],"geometry_msgs.msg.Vector3(x=0.99462890625, y=0.81494140625, z=0.22412109375)",[0. 0. 0. 0. 0. 0. 0. 0. 0.],False,24.073923722,"[0.7156373416620834, 0.3581543642535697, -0.590515247810717, -0.10430910165462691]","[-124.5625, 107.5625, -92.0625]","[0.99462890625, 0.81494140625, 0.22412109375]"
21811414019,"std_msgs.msg.Header(stamp=builtin_interfaces.msg.Time(sec=1731185788, nanosec=742229493), frame_id='RU_myo')","geometry_msgs.msg.Quaternion(x=0.7358573730886674, y=0.3521202044914169, z=-0.5652600474597005, w=-0.12250047675754441)",[0. 0. 0. 0. 0. 0. 0. 0. 0.],"geometry_msgs.msg.Vector3(x=-141.25, y=129.0, z=-96.25)",[0. 0. 0. 0. 0. 0. 0. 0. 0.],"geometry_msgs.msg.Vector3(x=0.9638671875, y=0.68603515625, z=0.27880859375)",[0. 0. 0. 0. 0. 0. 0. 0. 0.],False,24.091943941,"[0.7358573730886674, 0.3521202044914169, -0.5652600474597005, -0.12250047675754441]","[-141.25, 129.0, -96.25]","[0.9638671875, 0.68603515625, 0.27880859375]"
21830815832,"std_msgs.msg.Header(stamp=builtin_interfaces.msg.Time(sec=1731185788, nanosec=761683777), frame_id='RU_myo')","geometry_msgs.msg.Quaternion(x=0.7565314522023886, y=0.34600861658211707, z=-0.5375981469139685, w=-0.1375733677502367)",[0. 0. 0. 0. 0. 0. 0. 0. 0.],"geometry_msgs.msg.Vector3(x=-134.375, y=148.0625, z=-88.5)",[0. 0. 0. 0. 0. 0. 0. 0. 0.],"geometry_msgs.msg.Vector3(x=0.99560546875, y=0.66650390625, z=0.3291015625)",[0. 0. 0. 0. 0. 0. 0. 0. 0.],False,24.111345754,"[0.7565314522023886, 0.34600861658211707, -0.5375981469139685, -0.1375733677502367]","[-134.375, 148.0625, -88.5]","[0.99560546875, 0.66650390625, 0.3291015625]"
21853472734,"std_msgs.msg.Header(stamp=builtin_interfaces.msg.Time(sec=1731185788, nanosec=784300774), frame_id='RU_myo')","geometry_msgs.msg.Quaternion(x=0.7776261014501926, y=0.34034875523440145, z=-0.5072270724529906, w=-0.14893309949281555)",[0. 0. 0. 0. 0. 0. 0. 0. 0.],"geometry_msgs.msg.Vector3(x=-122.9375, y=168.75, z=-79.625)",[0. 0. 0. 0. 0. 0. 0. 0. 0.],"geometry_msgs.msg.Vector3(x=0.9169921875, y=0.55078125, z=0.4140625)",[0. 0. 0. 0. 0. 0. 0. 0. 0.],False,24.134002656,"[0.7776261014501926, 0.34034875523440145, -0.5072270724529906, -0.14893309949281555]","[-122.9375, 168.75, -79.625]","[0.9169921875, 0.55078125, 0.4140625]"
21871576852,"std_msgs.msg.Header(stamp=builtin_interfaces.msg.Time(sec=1731185788, nanosec=802403280), frame_id='RU_myo')","geometry_msgs.msg.Quaternion(x=0.7999334479052581, y=0.33355991857181716, z=-0.4725991673378921, w=-0.15966930411415803)",[0. 0. 0. 0. 0. 0. 0. 0. 0.],"geometry_msgs.msg.Vector3(x=-131.375, y=190.75, z=-81.25)",[0. 0. 0. 0. 0. 0. 0. 0. 0.],"geometry_msgs.msg.Vector3(x=0.82421875, y=0.47607421875, z=0.54248046875)",[0. 0. 0. 0. 0. 0. 0. 0. 0.],False,24.152106774,"[0.7999334479052581, 0.33355991857181716, -0.4725991673378921, -0.15966930411415803]","[-131.375, 190.75, -81.25]","[0.82421875, 0.47607421875, 0.54248046875]"
21890966683,"std_msgs.msg.Header(stamp=builtin_interfaces.msg.Time(sec=1731185788, nanosec=821802404), frame_id='RU_myo')","geometry_msgs.msg.Quaternion(x=0.8226407830149925, y=0.3253819568372848, z=-0.4355516120785715, w=-0.16638364553337806)",[0. 0. 0. 0. 0. 0. 0. 0. 0.],"geometry_msgs.msg.Vector3(x=-130.3125, y=211.25, z=-63.0625)",[0. 0. 0. 0. 0. 0. 0. 0. 0.],"geometry_msgs.msg.Vector3(x=0.818359375, y=0.52734375, z=0.55126953125)",[0. 0. 0. 0. 0. 0. 0. 0. 0.],False,24.171496605,"[0.8226407830149925, 0.3253819568372848, -0.4355516120785715, -0.16638364553337806]","[-130.3125, 211.25, -63.0625]","[0.818359375, 0.52734375, 0.55126953125]"
21913382058,"std_msgs.msg.Header(stamp=builtin_interfaces.msg.Time(sec=1731185788, nanosec=844214782), frame_id='RU_myo')","geometry_msgs.msg.Quaternion(x=0.8438173362544396, y=0.31891107283395637, z=-0.39758597673500323, w=-0.167908968682529)",[0. 0. 0. 0. 0. 0. 0. 0. 0.],"geometry_msgs.msg.Vector3(x=-108.0625, y=223.75, z=-45.625)",[0. 0. 0. 0. 0. 0. 0. 0. 0.],"geometry_msgs.msg.Vector3(x=0.8115234375, y=0.5556640625, z=0.58203125)",[0. 0. 0. 0. 0. 0. 0. 0. 0.],False,24.19391198,"[0.8438173362544396, 0.31891107283395637, -0.39758597673500323, -0.167908968682529]","[-108.0625, 223.75, -45.625]","[0.8115234375, 0.5556640625, 0.58203125]"
21931630383,"std_msgs.msg.Header(stamp=builtin_interfaces.msg.Time(sec=1731185788, nanosec=862368564), frame_id='RU_myo')","geometry_msgs.msg.Quaternion(x=0.8637220455782957, y=0.31201661345461434, z=-0.3588923488092982, w=-0.16681169885983196)",[0. 0. 0. 0. 0. 0. 0. 0. 0.],"geometry_msgs.msg.Vector3(x=-103.6875, y=230.125, z=-34.25)",[0. 0. 0. 0. 0. 0. 0. 0. 0.],"geometry_msgs.msg.Vector3(x=0.77734375, y=0.61328125, z=0.59423828125)",[0. 0. 0. 0. 0. 0. 0. 0. 0.],False,24.212160305,"[0.8637220455782957, 0.31201661345461434, -0.3588923488092982, -0.16681169885983196]","[-103.6875, 230.125, -34.25]","[0.77734375, 0.61328125, 0.59423828125]"
21951099567,"std_msgs.msg.Header(stamp=builtin_interfaces.msg.Time(sec=1731185788, nanosec=881861669), frame_id='RU_myo')","geometry_msgs.msg.Quaternion(x=0.8820391871146267, y=0.30451134900801835, z=-0.3193432307095514, w=-0.1652259414240741)",[0. 0. 0. 0. 0. 0. 0. 0. 0.],"geometry_msgs.msg.Vector3(x=-105.0625, y=232.5625, z=-33.6875)",[0. 0. 0. 0. 0. 0. 0. 0. 0.],"geometry_msgs.msg.Vector3(x=0.7587890625, y=0.6025390625, z=0.54150390625)",[0. 0. 0. 0. 0. 0. 0. 0. 0.],False,24.231629489,"[0.8820391871146267, 0.30451134900801835, -0.3193432307095514, -0.1652259414240741]","[-105.0625, 232.5625, -33.6875]","[0.7587890625, 0.6025390625, 0.54150390625]"
21973400272,"std_msgs.msg.Header(stamp=builtin_interfaces.msg.Time(sec=1731185788, nanosec=904412915), frame_id='RU_myo')","geometry_msgs.msg.Quaternion(x=0.8980957796824879, y=0.2989583477562067, z=-0.27893827056877596, w=-0.16199172212024757)",[0. 0. 0. 0. 0. 0. 0. 0. 0.],"geometry_msgs.msg.Vector3(x=-88.25, y=238.25, z=-32.75)",[0. 0. 0. 0. 0. 0. 0. 0. 0.],"geometry_msgs.msg.Vector3(x=0.73095703125, y=0.5458984375, z=0.6318359375)",[0. 0. 0. 0. 0. 0. 0. 0. 0.],False,24.253930194,"[0.8980957796824879, 0.2989583477562067, -0.27893827056877596, -0.16199172212024757]","[-88.25, 238.25, -32.75]","[0.73095703125, 0.5458984375, 0.6318359375]"
21991739205,"std_msgs.msg.Header(stamp=builtin_interfaces.msg.Time(sec=1731185788, nanosec=922454699), frame_id='RU_myo')","geometry_msgs.msg.Quaternion(x=0.9111747443698919, y=0.2974380043753003, z=-0.23963505133950935, w=-0.15448708989819107)",[0. 0. 0. 0. 0. 0. 0. 0. 0.],"geometry_msgs.msg.Vector3(x=-54.0, y=238.875, z=-18.375)",[0. 0. 0. 0. 0. 0. 0. 0. 0.],"geometry_msgs.msg.Vector3(x=0.63134765625, y=0.4365234375, z=0.59619140625)",[0. 0. 0. 0. 0. 0. 0. 0. 0.],False,24.272269127,"[0.9111747443698919, 0.2974380043753003, -0.23963505133950935, -0.15448708989819107]","[-54.0, 238.875, -18.375]","[0.63134765625, 0.4365234375, 0.59619140625]"
22010895828,"std_msgs.msg.Header(stamp=builtin_interfaces.msg.Time(sec=1731185788, nanosec=941726326), frame_id='RU_myo')","geometry_msgs.msg.Quaternion(x=0.920305713255482, y=0.30249602831238687, z=-0.2033730359840341, w=-0.14203152903206703)",[0. 0. 0. 0. 0. 0. 0. 0. 0.],"geometry_msgs.msg.Vector3(x=-2.1875, y=232.875, z=-0.75)",[0. 0. 0. 0. 0. 0. 0. 0. 0.],"geometry_msgs.msg.Vector3(x=0.64404296875, y=0.38037109375, z=0.65869140625)",[0. 0. 0. 0. 0. 0. 0. 0. 0.],False,24.29142575,"[0.920305713255482, 0.30249602831238687, -0.2033730359840341, -0.14203152903206703]","[-2.1875, 232.875, -0.75]","[0.64404296875, 0.38037109375, 0.65869140625]"
22043824394,"std_msgs.msg.Header(stamp=builtin_interfaces.msg.Time(sec=1731185788, nanosec=974774136), frame_id='RU_myo')","geometry_msgs.msg.Quaternion(x=0.9247190333805362, y=0.31574729766848275, z=-0.1716986561649801, w=-0.1253711481560146)",[0. 0. 0. 0. 0. 0. 0. 0. 0.],"geometry_msgs.msg.Vector3(x=59.375, y=216.0625, z=16.0625)",[0. 0. 0. 0. 0. 0. 0. 0. 0.],"geometry_msgs.msg.Vector3(x=0.5693359375, y=0.34765625, z=0.72900390625)",[0. 0. 0. 0. 0. 0. 0. 0. 0.],False,24.324354316,"[0.9247190333805362, 0.31574729766848275, -0.1716986561649801, -0.1253711481560146]","[59.375, 216.0625, 16.0625]","[0.5693359375, 0.34765625, 0.72900390625]"
22051302316,"std_msgs.msg.Header(stamp=builtin_interfaces.msg.Time(sec=1731185788, nanosec=982256709), frame_id='RU_myo')","geometry_msgs.msg.Quaternion(x=0.9241290969034759, y=0.3390101059578537, z=-0.14222066022358645, w=-0.10407134149408365)",[0. 0. 0. 0. 0. 0. 0. 0. 0.],"geometry_msgs.msg.Vector3(x=125.5, y=216.0625, z=31.5)",[0. 0. 0. 0. 0. 0. 0. 0. 0.],"geometry_msgs.msg.Vector3(x=0.55029296875, y=0.3955078125, z=0.58740234375)",[0. 0. 0. 0. 0. 0. 0. 0. 0.],False,24.331832238,"[0.9241290969034759, 0.3390101059578537, -0.14222066022358645, -0.10407134149408365]","[125.5, 216.0625, 31.5]","[0.55029296875, 0.3955078125, 0.58740234375]"
22070926204,"std_msgs.msg.Header(stamp=builtin_interfaces.msg.Time(sec=1731185789, nanosec=1847486), frame_id='RU_myo')","geometry_msgs.msg.Quaternion(x=0.9199855045602059, y=0.36657818220583804, z=-0.11254914551907515, w=-0.08111595140718593)",[0. 0. 0. 0. 0. 0. 0. 0. 0.],"geometry_msgs.msg.Vector3(x=153.75, y=220.8125, z=33.6875)",[0. 0. 0. 0. 0. 0. 0. 0. 0.],"geometry_msgs.msg.Vector3(x=0.5400390625, y=0.44140625, z=0.3515625)",[0. 0. 0. 0. 0. 0. 0. 0. 0.],False,24.351456126,"[0.9199855045602059, 0.36657818220583804, -0.11254914551907515, -0.08111595140718593]","[153.75, 220.8125, 33.6875]","[0.5400390625, 0.44140625, 0.3515625]"
22093331307,"std_msgs.msg.Header(stamp=builtin_interfaces.msg.Time(sec=1731185789, nanosec=24165414), frame_id='RU_myo')","geometry_msgs.msg.Quaternion(x=0.9134510295829488, y=0.39400777787891306, z=-0.0826470226565528, w=-0.05945214185190725)",[0. 0. 0. 0. 0. 0. 0. 0. 0.],"geometry_msgs.msg.Vector3(x=158.4375, y=216.0625, z=26.5625)",[0. 0. 0. 0. 0. 0. 0. 0. 0.],"geometry_msgs.msg.Vector3(x=0.40185546875, y=0.4833984375, z=0.451171875)",[0. 0. 0. 0. 0. 0. 0. 0. 0.],False,24.373861229,"[0.9134510295829488, 0.39400777787891306, -0.0826470226565528, -0.05945214185190725]","[158.4375, 216.0625, 26.5625]","[0.40185546875, 0.4833984375, 0.451171875]"
22111156100,"std_msgs.msg.Header(stamp=builtin_interfaces.msg.Time(sec=1731185789, nanosec=42061011), frame_id='RU_myo')","geometry_msgs.msg.Quaternion(x=0.9028026881033537, y=0.4243313019873244, z=-0.05737506097066814, w=-0.0399794307827528)",[0. 0. 0. 0. 0. 0. 0. 0. 0.],"geometry_msgs.msg.Vector3(x=180.8125, y=183.625, z=24.6875)",[0. 0. 0. 0. 0. 0. 0. 0. 0.],"geometry_msgs.msg.Vector3(x=0.24267578125, y=0.8017578125, z=0.47119140625)",[0. 0. 0. 0. 0. 0. 0. 0. 0.],False,24.391686022,"[0.9028026881033537, 0.4243313019873244, -0.05737506097066814, -0.0399794307827528]","[180.8125, 183.625, 24.6875]","[0.24267578125, 0.8017578125, 0.47119140625]"
22130851654,"std_msgs.msg.Header(stamp=builtin_interfaces.msg.Time(sec=1731185789, nanosec=61685178), frame_id='RU_myo')","geometry_msgs.msg.Quaternion(x=0.8916926157323776, y=0.4506377289309428, z=-0.03558469402231337, w=-0.023316214608102417)",[0. 0. 0. 0. 0. 0. 0. 0. 0.],"geometry_msgs.msg.Vector3(x=158.8125, y=156.8125, z=21.5)",[0. 0. 0. 0. 0. 0. 0. 0. 0.],"geometry_msgs.msg.Vector3(x=0.1044921875, y=0.82177734375, z=0.2568359375)",[0. 0. 0. 0. 0. 0. 0. 0. 0.],False,24.411381576,"[0.8916926157323776, 0.4506377289309428, -0.03558469402231337, -0.023316214608102417]","[158.8125, 156.8125, 21.5]","[0.1044921875, 0.82177734375, 0.2568359375]"
22153388004,"std_msgs.msg.Header(stamp=builtin_interfaces.msg.Time(sec=1731185789, nanosec=84257281), frame_id='RU_myo')","geometry_msgs.msg.Quaternion(x=0.8871122767754456, y=0.46119584170326594, z=-0.014831999673622765, w=-0.010498370139354386)",[0. 0. 0. 0. 0. 0. 0. 0. 0.],"geometry_msgs.msg.Vector3(x=59.75, y=139.6875, z=9.125)",[0. 0. 0. 0. 0. 0. 0. 0. 0.],"geometry_msgs.msg.Vector3(x=0.01611328125, y=0.75830078125, z=0.09521484375)",[0. 0. 0. 0. 0. 0. 0. 0. 0.],False,24.433917926,"[0.8871122767754456, 0.46119584170326594, -0.014831999673622765, -0.010498370139354386]","[59.75, 139.6875, 9.125]","[0.01611328125, 0.75830078125, 0.09521484375]"
22171186106,"std_msgs.msg.Header(stamp=builtin_interfaces.msg.Time(sec=1731185789, nanosec=102209341), frame_id='RU_myo')","geometry_msgs.msg.Quaternion(x=0.8873503884724003, y=0.4610706310717095, z=0.004638783156135811, w=-0.0012817690299848953)",[0. 0. 0. 0. 0. 0. 0. 0. 0.],"geometry_msgs.msg.Vector3(x=-7.5625, y=122.75, z=-4.0625)",[0. 0. 0. 0. 0. 0. 0. 0. 0.],"geometry_msgs.msg.Vector3(x=-0.04833984375, y=0.7744140625, z=0.146484375)",[0. 0. 0. 0. 0. 0. 0. 0. 0.],False,24.451716028,"[0.8873503884724003, 0.4610706310717095, 0.004638783156135811, -0.0012817690299848953]","[-7.5625, 122.75, -4.0625]","[-0.04833984375, 0.7744140625, 0.146484375]"
22190909494,"std_msgs.msg.Header(stamp=builtin_interfaces.msg.Time(sec=1731185789, nanosec=121902803), frame_id='RU_myo')","geometry_msgs.msg.Quaternion(x=0.8860292368231961, y=0.4631571954405079, z=0.02008153891670099, w=0.005859658772046489)",[0. 0. 0. 0. 0. 0. 0. 0. 0.],"geometry_msgs.msg.Vector3(x=-5.75, y=96.5, z=-3.5625)",[0. 0. 0. 0. 0. 0. 0. 0. 0.],"geometry_msgs.msg.Vector3(x=-0.03125, y=0.73291015625, z=0.1650390625)",[0. 0. 0. 0. 0. 0. 0. 0. 0.],False,24.471439416,"[0.8860292368231961, 0.4631571954405079, 0.02008153891670099, 0.005859658772046489]","[-5.75, 96.5, -3.5625]","[-0.03125, 0.73291015625, 0.1650390625]"
22213520899,"std_msgs.msg.Header(stamp=builtin_interfaces.msg.Time(sec=1731185789, nanosec=144451708), frame_id='RU_myo')","geometry_msgs.msg.Quaternion(x=0.8845014649900171, y=0.46535361045365337, z=0.03064106931371117, w=0.012817977202946905)",[0. 0. 0. 0. 0. 0. 0. 0. 0.],"geometry_msgs.msg.Vector3(x=-3.8125, y=73.0625, z=4.8125)",[0. 0. 0. 0. 0. 0. 0. 0. 0.],"geometry_msgs.msg.Vector3(x=0.01708984375, y=0.62158203125, z=0.10400390625)",[0. 0. 0. 0. 0. 0. 0. 0. 0.],False,24.494050821,"[0.8845014649900171, 0.46535361045365337, 0.03064106931371117, 0.012817977202946905]","[-3.8125, 73.0625, 4.8125]","[0.01708984375, 0.62158203125, 0.10400390625]"
22231289692,"std_msgs.msg.Header(stamp=builtin_interfaces.msg.Time(sec=1731185789, nanosec=162234789), frame_id='RU_myo')","geometry_msgs.msg.Quaternion(x=0.8820612764506228, y=0.46919971158230833, z=0.03723322805583558, w=0.02081398486399989)",[0. 0. 0. 0. 0. 0. 0. 0. 0.],"geometry_msgs.msg.Vector3(x=13.25, y=55.9375, z=21.0625)",[0. 0. 0. 0. 0. 0. 0. 0. 0.],"geometry_msgs.msg.Vector3(x=0.01513671875, y=0.58349609375, z=0.18603515625)",[0. 0. 0. 0. 0. 0. 0. 0. 0.],False,24.511819614,"[0.8820612764506228, 0.46919971158230833, 0.03723322805583558, 0.02081398486399989]","[13.25, 55.9375, 21.0625]","[0.01513671875, 0.58349609375, 0.18603515625]"
22250857572,"std_msgs.msg.Header(stamp=builtin_interfaces.msg.Time(sec=1731185789, nanosec=181792661), frame_id='RU_myo')","geometry_msgs.msg.Quaternion(x=0.8754843197744122, y=0.480744230812471, z=0.03955335977228049, w=0.02911566761015092)",[0. 0. 0. 0. 0. 0. 0. 0. 0.],"geometry_msgs.msg.Vector3(x=63.875, y=35.9375, z=35.5625)",[0. 0. 0. 0. 0. 0. 0. 0. 0.],"geometry_msgs.msg.Vector3(x=0.02880859375, y=0.64404296875, z=0.23046875)",[0. 0. 0. 0. 0. 0. 0. 0. 0.],False,24.531387494,"[0.8754843197744122, 0.480744230812471, 0.03955335977228049, 0.02911566761015092]","[63.875, 35.9375, 35.5625]","[0.02880859375, 0.64404296875, 0.23046875]"
22281018008,"std_msgs.msg.Header(stamp=builtin_interfaces.msg.Time(sec=1731185789, nanosec=211956262), frame_id='RU_myo')","geometry_msgs.msg.Quaternion(x=0.8659354611170995, y=0.49733151033919265, z=0.03949110053871596, w=0.0354626420602689)",[0. 0. 0. 0. 0. 0. 0. 0. 0.],"geometry_msgs.msg.Vector3(x=104.6875, y=17.375, z=35.9375)",[0. 0. 0. 0. 0. 0. 0. 0. 0.],"geometry_msgs.msg.Vector3(x=0.0556640625, y=0.853515625, z=0.2626953125)",[0. 0. 0. 0. 0. 0. 0. 0. 0.],False,24.56154793,"[0.8659354611170995, 0.49733151033919265, 0.03949110053871596, 0.0354626420602689]","[104.6875, 17.375, 35.9375]","[0.0556640625, 0.853515625, 0.2626953125]"
22291107434,"std_msgs.msg.Header(stamp=builtin_interfaces.msg.Time(sec=1731185789, nanosec=222108002), frame_id='RU_myo')","geometry_msgs.msg.Quaternion(x=0.8561202588284142, y=0.5137576086238959, z=0.03851503517187576, w=0.0403461778900315)",[0. 0. 0. 0. 0. 0. 0. 0. 0.],"geometry_msgs.msg.Vector3(x=98.0625, y=10.6875, z=26.6875)",[0. 0. 0. 0. 0. 0. 0. 0. 0.],"geometry_msgs.msg.Vector3(x=0.068359375, y=1.00732421875, z=0.3740234375)",[0. 0. 0. 0. 0. 0. 0. 0. 0.],False,24.571637356,"[0.8561202588284142, 0.5137576086238959, 0.03851503517187576, 0.0403461778900315]","[98.0625, 10.6875, 26.6875]","[0.068359375, 1.00732421875, 0.3740234375]"
22319629461,"std_msgs.msg.Header(stamp=builtin_interfaces.msg.Time(sec=1731185789, nanosec=250695347), frame_id='RU_myo')","geometry_msgs.msg.Quaternion(x=0.8490882438658606, y=0.5251028798776507, z=0.03778201588332742, w=0.043458473843181133)",[0. 0. 0. 0. 0. 0. 0. 0. 0.],"geometry_msgs.msg.Vector3(x=67.3125, y=6.5, z=17.5)",[0. 0. 0. 0. 0. 0. 0. 0. 0.],"geometry_msgs.msg.Vector3(x=0.04541015625, y=1.0654296875, z=0.4052734375)",[0. 0. 0. 0. 0. 0. 0. 0. 0.],False,24.600159383,"[0.8490882438658606, 0.5251028798776507, 0.03778201588332742, 0.043458473843181133]","[67.3125, 6.5, 17.5]","[0.04541015625, 1.0654296875, 0.4052734375]"
22333464796,"std_msgs.msg.Header(stamp=builtin_interfaces.msg.Time(sec=1731185789, nanosec=264413364), frame_id='RU_myo')","geometry_msgs.msg.Quaternion(x=0.8467928279469311, y=0.5287190568497309, z=0.03662334727659184, w=0.04535191171084623)",[0. 0. 0. 0. 0. 0. 0. 0. 0.],"geometry_msgs.msg.Vector3(x=20.625, y=1.0625, z=11.125)",[0. 0. 0. 0. 0. 0. 0. 0. 0.],"geometry_msgs.msg.Vector3(x=0.02783203125, y=1.0615234375, z=0.46826171875)",[0. 0. 0. 0. 0. 0. 0. 0. 0.],False,24.613994718,"[0.8467928279469311, 0.5287190568497309, 0.03662334727659184, 0.04535191171084623]","[20.625, 1.0625, 11.125]","[0.02783203125, 1.0615234375, 0.46826171875]"
22351224794,"std_msgs.msg.Header(stamp=builtin_interfaces.msg.Time(sec=1731185789, nanosec=282228677), frame_id='RU_myo')","geometry_msgs.msg.Quaternion(x=0.8481128101298308, y=0.526690567730141, z=0.03448605525177074, w=0.045961061247050204)",[0. 0. 0. 0. 0. 0. 0. 0. 0.],"geometry_msgs.msg.Vector3(x=-14.1875, y=-6.6875, z=5.0)",[0. 0. 0. 0. 0. 0. 0. 0. 0.],"geometry_msgs.msg.Vector3(x=0.04541015625, y=1.0283203125, z=0.51123046875)",[0. 0. 0. 0. 0. 0. 0. 0. 0.],False,24.631754716,"[0.8481128101298308, 0.526690567730141, 0.03448605525177074, 0.045961061247050204]","[-14.1875, -6.6875, 5.0]","[0.04541015625, 1.0283203125, 0.51123046875]"
22387322514,"std_msgs.msg.Header(stamp=builtin_interfaces.msg.Time(sec=1731185789, nanosec=318231584), frame_id='RU_myo')","geometry_msgs.msg.Quaternion(x=0.8509245901029677, y=0.5223594176960905, z=0.031800567494702406, w=0.045350905275554486)",[0. 0. 0. 0. 0. 0. 0. 0. 0.],"geometry_msgs.msg.Vector3(x=-29.5625, y=-12.625, z=0.1875)",[0. 0. 0. 0. 0. 0. 0. 0. 0.],"geometry_msgs.msg.Vector3(x=0.04150390625, y=0.91259765625, z=0.4697265625)",[0. 0. 0. 0. 0. 0. 0. 0. 0.],False,24.667852436,"[0.8509245901029677, 0.5223594176960905, 0.031800567494702406, 0.045350905275554486]","[-29.5625, -12.625, 0.1875]","[0.04150390625, 0.91259765625, 0.4697265625]"
22393281294,"std_msgs.msg.Header(stamp=builtin_interfaces.msg.Time(sec=1731185789, nanosec=324278949), frame_id='RU_myo')","geometry_msgs.msg.Quaternion(x=0.8531268845946841, y=0.5189443208717182, z=0.028443666610941033, w=0.04541220591961401)",[0. 0. 0. 0. 0. 0. 0. 0. 0.],"geometry_msgs.msg.Vector3(x=-20.5, y=-11.8125, z=1.625)",[0. 0. 0. 0. 0. 0. 0. 0. 0.],"geometry_msgs.msg.Vector3(x=0.1201171875, y=0.82666015625, z=0.490234375)",[0. 0. 0. 0. 0. 0. 0. 0. 0.],False,24.673811216,"[0.8531268845946841, 0.5189443208717182, 0.028443666610941033, 0.04541220591961401]","[-20.5, -11.8125, 1.625]","[0.1201171875, 0.82666015625, 0.490234375]"
22418717573,"std_msgs.msg.Header(stamp=builtin_interfaces.msg.Time(sec=1731185789, nanosec=349759467), frame_id='RU_myo')","geometry_msgs.msg.Quaternion(x=0.8530326571630533, y=0.5191443827672106, z=0.025819879354559684, w=0.046451366876642836)",[0. 0. 0. 0. 0. 0. 0. 0. 0.],"geometry_msgs.msg.Vector3(x=5.625, y=-3.75, z=0.875)",[0. 0. 0. 0. 0. 0. 0. 0. 0.],"geometry_msgs.msg.Vector3(x=0.19677734375, y=0.95751953125, z=0.576171875)",[0. 0. 0. 0. 0. 0. 0. 0. 0.],False,24.699247495,"[0.8530326571630533, 0.5191443827672106, 0.025819879354559684, 0.046451366876642836]","[5.625, -3.75, 0.875]","[0.19677734375, 0.95751953125, 0.576171875]"
22430797687,"std_msgs.msg.Header(stamp=builtin_interfaces.msg.Time(sec=1731185789, nanosec=361758196), frame_id='RU_myo')","geometry_msgs.msg.Quaternion(x=0.8522062899129341, y=0.5204671991181485, z=0.02581888415937338, w=0.04681580177361556)",[0. 0. 0. 0. 0. 0. 0. 0. 0.],"geometry_msgs.msg.Vector3(x=13.75, y=5.25, z=-6.0)",[0. 0. 0. 0. 0. 0. 0. 0. 0.],"geometry_msgs.msg.Vector3(x=0.13623046875, y=1.09716796875, z=0.64208984375)",[0. 0. 0. 0. 0. 0. 0. 0. 0.],False,24.711327609,"[0.8522062899129341, 0.5204671991181485, 0.02581888415937338, 0.04681580177361556]","[13.75, 5.25, -6.0]","[0.13623046875, 1.09716796875, 0.64208984375]"
22453230534,"std_msgs.msg.Header(stamp=builtin_interfaces.msg.Time(sec=1731185789, nanosec=384247357), frame_id='RU_myo')","geometry_msgs.msg.Quaternion(x=0.8520173763167983, y=0.5207078040947494, z=0.028687453748040347, w=0.04589992599686455)",[0. 0. 0. 0. 0. 0. 0. 0. 0.],"geometry_msgs.msg.Vector3(x=1.3125, y=13.875, z=-18.3125)",[0. 0. 0. 0. 0. 0. 0. 0. 0.],"geometry_msgs.msg.Vector3(x=0.083984375, y=1.00439453125, z=0.494140625)",[0. 0. 0. 0. 0. 0. 0. 0. 0.],False,24.733760456,"[0.8520173763167983, 0.5207078040947494, 0.028687453748040347, 0.04589992599686455]","[1.3125, 13.875, -18.3125]","[0.083984375, 1.00439453125, 0.494140625]"
22471459745,"std_msgs.msg.Header(stamp=builtin_interfaces.msg.Time(sec=1731185789, nanosec=402354076), frame_id='RU_myo')","geometry_msgs.msg.Quaternion(x=0.8517261350853446, y=0.5211435961988442, z=0.0314956776339428, w=0.04449680037818663)",[0. 0. 0. 0. 0. 0. 0. 0. 0.],"geometry_msgs.msg.Vector3(x=8.1875, y=11.375, z=-18.9375)",[0. 0. 0. 0. 0. 0. 0. 0. 0.],"geometry_msgs.msg.Vector3(x=0.05078125, y=0.74853515625, z=0.44677734375)",[0. 0. 0. 0. 0. 0. 0. 0. 0.],False,24.751989667,"[0.8517261350853446, 0.5211435961988442, 0.0314956776339428, 0.04449680037818663]","[8.1875, 11.375, -18.9375]","[0.05078125, 0.74853515625, 0.44677734375]"
22490744868,"std_msgs.msg.Header(stamp=builtin_interfaces.msg.Time(sec=1731185789, nanosec=421773543), frame_id='RU_myo')","geometry_msgs.msg.Quaternion(x=0.8490970949462093, y=0.525474580575941, z=0.03180070350564122, w=0.043581002501013114)",[0. 0. 0. 0. 0. 0. 0. 0. 0.],"geometry_msgs.msg.Vector3(x=36.625, y=1.125, z=-9.6875)",[0. 0. 0. 0. 0. 0. 0. 0. 0.],"geometry_msgs.msg.Vector3(x=0.08642578125, y=0.67626953125, z=0.45849609375)",[0. 0. 0. 0. 0. 0. 0. 0. 0.],False,24.77127479,"[0.8490970949462093, 0.525474580575941, 0.03180070350564122, 0.043581002501013114]","[36.625, 1.125, -9.6875]","[0.08642578125, 0.67626953125, 0.45849609375]"
22513294576,"std_msgs.msg.Header(stamp=builtin_interfaces.msg.Time(sec=1731185789, nanosec=444214214), frame_id='RU_myo')","geometry_msgs.msg.Quaternion(x=0.8441145693986699, y=0.5334237632493294, z=0.03125219896826372, w=0.044192562603560415)",[0. 0. 0. 0. 0. 0. 0. 0. 0.],"geometry_msgs.msg.Vector3(x=56.6875, y=0.75, z=1.6875)",[0. 0. 0. 0. 0. 0. 0. 0. 0.],"geometry_msgs.msg.Vector3(x=0.08642578125, y=0.7998046875, z=0.43115234375)",[0. 0. 0. 0. 0. 0. 0. 0. 0.],False,24.793824498,"[0.8441145693986699, 0.5334237632493294, 0.03125219896826372, 0.044192562603560415]","[56.6875, 0.75, 1.6875]","[0.08642578125, 0.7998046875, 0.43115234375]"
22531413014,"std_msgs.msg.Header(stamp=builtin_interfaces.msg.Time(sec=1731185789, nanosec=462321375), frame_id='RU_myo')","geometry_msgs.msg.Quaternion(x=0.838717411370548, y=0.5417695759642663, z=0.032288880766685096, w=0.04467950986996879)",[0. 0. 0. 0. 0. 0. 0. 0. 0.],"geometry_msgs.msg.Vector3(x=58.0, y=5.75, z=0.9375)",[0. 0. 0. 0. 0. 0. 0. 0. 0.],"geometry_msgs.msg.Vector3(x=0.00927734375, y=0.81689453125, z=0.3818359375)",[0. 0. 0. 0. 0. 0. 0. 0. 0.],False,24.811942936,"[0.838717411370548, 0.5417695759642663, 0.032288880766685096, 0.04467950986996879]","[58.0, 5.75, 0.9375]","[0.00927734375, 0.81689453125, 0.3818359375]"
22553687233,"std_msgs.msg.Header(stamp=builtin_interfaces.msg.Time(sec=1731185789, nanosec=484732954), frame_id='RU_myo')","geometry_msgs.msg.Quaternion(x=0.8334087206164019, y=0.5498275783882048, z=0.033021394305952356, w=0.04504582069832318)",[0. 0. 0. 0. 0. 0. 0. 0. 0.],"geometry_msgs.msg.Vector3(x=56.5625, y=3.875, z=1.6875)",[0. 0. 0. 0. 0. 0. 0. 0. 0.],"geometry_msgs.msg.Vector3(x=0.00244140625, y=0.818359375, z=0.373046875)",[0. 0. 0. 0. 0. 0. 0. 0. 0.],False,24.834217155,"[0.8334087206164019, 0.5498275783882048, 0.033021394305952356, 0.04504582069832318]","[56.5625, 3.875, 1.6875]","[0.00244140625, 0.818359375, 0.373046875]"
22597912410,"std_msgs.msg.Header(stamp=builtin_interfaces.msg.Time(sec=1731185789, nanosec=528755861), frame_id='RU_myo')","geometry_msgs.msg.Quaternion(x=0.8288018132535849, y=0.5566852656409408, z=0.032290187009216854, w=0.04632939875235462)",[0. 0. 0. 0. 0. 0. 0. 0. 0.],"geometry_msgs.msg.Vector3(x=43.125, y=-0.4375, z=11.1875)",[0. 0. 0. 0. 0. 0. 0. 0. 0.],"geometry_msgs.msg.Vector3(x=-0.00634765625, y=0.888671875, z=0.30322265625)",[0. 0. 0. 0. 0. 0. 0. 0. 0.],False,24.878442332,"[0.8288018132535849, 0.5566852656409408, 0.032290187009216854, 0.04632939875235462]","[43.125, -0.4375, 11.1875]","[-0.00634765625, 0.888671875, 0.30322265625]"
22600120277,"std_msgs.msg.Header(stamp=builtin_interfaces.msg.Time(sec=1731185789, nanosec=531157505), frame_id='RU_myo')","geometry_msgs.msg.Quaternion(x=0.8263201711565832, y=0.5603205178916704, z=0.030945806380291603, w=0.04773100707966081)",[0. 0. 0. 0. 0. 0. 0. 0. 0.],"geometry_msgs.msg.Vector3(x=13.75, y=-4.25, z=16.5)",[0. 0. 0. 0. 0. 0. 0. 0. 0.],"geometry_msgs.msg.Vector3(x=-0.06005859375, y=0.97607421875, z=0.224609375)",[0. 0. 0. 0. 0. 0. 0. 0. 0.],False,24.880650199,"[0.8263201711565832, 0.5603205178916704, 0.030945806380291603, 0.04773100707966081]","[13.75, -4.25, 16.5]","[-0.06005859375, 0.97607421875, 0.224609375]"
22612194209,"std_msgs.msg.Header(stamp=builtin_interfaces.msg.Time(sec=1731185789, nanosec=543314777), frame_id='RU_myo')","geometry_msgs.msg.Quaternion(x=0.8264954968906112, y=0.5601931667130957, z=0.0291754558388385, w=0.047303301830752806)",[0. 0. 0. 0. 0. 0. 0. 0. 0.],"geometry_msgs.msg.Vector3(x=-7.8125, y=-11.625, z=8.3125)",[0. 0. 0. 0. 0. 0. 0. 0. 0.],"geometry_msgs.msg.Vector3(x=-0.07177734375, y=0.89697265625, z=0.26220703125)",[0. 0. 0. 0. 0. 0. 0. 0. 0.],False,24.892724131,"[0.8264954968906112, 0.5601931667130957, 0.0291754558388385, 0.047303301830752806]","[-7.8125, -11.625, 8.3125]","[-0.07177734375, 0.89697265625, 0.26220703125]"
22633337889,"std_msgs.msg.Header(stamp=builtin_interfaces.msg.Time(sec=1731185789, nanosec=564322300), frame_id='RU_myo')","geometry_msgs.msg.Quaternion(x=0.8272811310603024, y=0.5592112824829933, z=0.026184418269504926, w=0.046936637877037966)",[0. 0. 0. 0. 0. 0. 0. 0. 0.],"geometry_msgs.msg.Vector3(x=-9.3125, y=-14.5, z=6.0)",[0. 0. 0. 0. 0. 0. 0. 0. 0.],"geometry_msgs.msg.Vector3(x=0.03173828125, y=0.912109375, z=0.34716796875)",[0. 0. 0. 0. 0. 0. 0. 0. 0.],False,24.913867811,"[0.8272811310603024, 0.5592112824829933, 0.026184418269504926, 0.046936637877037966]","[-9.3125, -14.5, 6.0]","[0.03173828125, 0.912109375, 0.34716796875]"
22651076065,"std_msgs.msg.Header(stamp=builtin_interfaces.msg.Time(sec=1731185789, nanosec=582067065), frame_id='RU_myo')","geometry_msgs.msg.Quaternion(x=0.8278192412304876, y=0.5583903862834759, z=0.02429376625938166, w=0.04822129483646108)",[0. 0. 0. 0. 0. 0. 0. 0. 0.],"geometry_msgs.msg.Vector3(x=-6.0625, y=-3.375, z=7.75)",[0. 0. 0. 0. 0. 0. 0. 0. 0.],"geometry_msgs.msg.Vector3(x=0.07421875, y=0.990234375, z=0.40380859375)",[0. 0. 0. 0. 0. 0. 0. 0. 0.],False,24.931605987,"[0.8278192412304876, 0.5583903862834759, 0.02429376625938166, 0.04822129483646108]","[-6.0625, -3.375, 7.75]","[0.07421875, 0.990234375, 0.40380859375]"
22672425358,"std_msgs.msg.Header(stamp=builtin_interfaces.msg.Time(sec=1731185789, nanosec=603333266), frame_id='RU_myo')","geometry_msgs.msg.Quaternion(x=0.8291098355567987, y=0.55634100052269, z=0.02520777106043565, w=0.0492558625805607)",[0. 0. 0. 0. 0. 0. 0. 0. 0.],"geometry_msgs.msg.Vector3(x=-9.0625, y=7.5, z=2.6875)",[0. 0. 0. 0. 0. 0. 0. 0. 0.],"geometry_msgs.msg.Vector3(x=-0.00634765625, y=0.92578125, z=0.45458984375)",[0. 0. 0. 0. 0. 0. 0. 0. 0.],False,24.95295528,"[0.8291098355567987, 0.55634100052269, 0.02520777106043565, 0.0492558625805607]","[-9.0625, 7.5, 2.6875]","[-0.00634765625, 0.92578125, 0.45458984375]"
22688947202,"std_msgs.msg.Header(stamp=builtin_interfaces.msg.Time(sec=1731185789, nanosec=619795592), frame_id='RU_myo')","geometry_msgs.msg.Quaternion(x=0.8290240181991635, y=0.556365331017919, z=0.027284180248492572, w=0.04931905512479194)",[0. 0. 0. 0. 0. 0. 0. 0. 0.],"geometry_msgs.msg.Vector3(x=7.875, y=9.6875, z=-5.1875)",[0. 0. 0. 0. 0. 0. 0. 0. 0.],"geometry_msgs.msg.Vector3(x=-0.0087890625, y=0.8291015625, z=0.4462890625)",[0. 0. 0. 0. 0. 0. 0. 0. 0.],False,24.969477124,"[0.8290240181991635, 0.556365331017919, 0.027284180248492572, 0.04931905512479194]","[7.875, 9.6875, -5.1875]","[-0.0087890625, 0.8291015625, 0.4462890625]"
22711347865,"std_msgs.msg.Header(stamp=builtin_interfaces.msg.Time(sec=1731185789, nanosec=642287831), frame_id='RU_myo')","geometry_msgs.msg.Quaternion(x=0.8254901553473168, y=0.5614968899023933, z=0.029237635641183434, w=0.049319435486589173)",[0. 0. 0. 0. 0. 0. 0. 0. 0.],"geometry_msgs.msg.Vector3(x=38.5625, y=8.4375, z=-5.375)",[0. 0. 0. 0. 0. 0. 0. 0. 0.],"geometry_msgs.msg.Vector3(x=0.01953125, y=0.8701171875, z=0.38134765625)",[0. 0. 0. 0. 0. 0. 0. 0. 0.],False,24.991877787,"[0.8254901553473168, 0.5614968899023933, 0.029237635641183434, 0.049319435486589173]","[38.5625, 8.4375, -5.375]","[0.01953125, 0.8701171875, 0.38134765625]"
22732507840,"std_msgs.msg.Header(stamp=builtin_interfaces.msg.Time(sec=1731185789, nanosec=663423435), frame_id='RU_myo')","geometry_msgs.msg.Quaternion(x=0.8210951308442477, y=0.5677837427232525, z=0.03149606657118881, w=0.04931942207271425)",[0. 0. 0. 0. 0. 0. 0. 0. 0.],"geometry_msgs.msg.Vector3(x=47.3125, y=9.375, z=-3.9375)",[0. 0. 0. 0. 0. 0. 0. 0. 0.],"geometry_msgs.msg.Vector3(x=-0.0087890625, y=1.00830078125, z=0.4208984375)",[0. 0. 0. 0. 0. 0. 0. 0. 0.],False,25.013037762,"[0.8210951308442477, 0.5677837427232525, 0.03149606657118881, 0.04931942207271425]","[47.3125, 9.375, -3.9375]","[-0.0087890625, 1.00830078125, 0.4208984375]"
22753517867,"std_msgs.msg.Header(stamp=builtin_interfaces.msg.Time(sec=1731185789, nanosec=684423995), frame_id='RU_myo')","geometry_msgs.msg.Quaternion(x=0.8179860941827044, y=0.5720592250339754, z=0.034059864230576005, w=0.04986901268168566)",[0. 0. 0. 0. 0. 0. 0. 0. 0.],"geometry_msgs.msg.Vector3(x=37.5625, y=12.6875, z=-3.25)",[0. 0. 0. 0. 0. 0. 0. 0. 0.],"geometry_msgs.msg.Vector3(x=-0.01171875, y=0.98779296875, z=0.4619140625)",[0. 0. 0. 0. 0. 0. 0. 0. 0.],False,25.034047789,"[0.8179860941827044, 0.5720592250339754, 0.034059864230576005, 0.04986901268168566]","[37.5625, 12.6875, -3.25]","[-0.01171875, 0.98779296875, 0.4619140625]"
22771352041,"std_msgs.msg.Header(stamp=builtin_interfaces.msg.Time(sec=1731185789, nanosec=702300993), frame_id='RU_myo')","geometry_msgs.msg.Quaternion(x=0.814693053123638, y=0.57639518248644, z=0.03802755466367172, w=0.05096791034376547)",[0. 0. 0. 0. 0. 0. 0. 0. 0.],"geometry_msgs.msg.Vector3(x=44.3125, y=21.0, z=-5.0)",[0. 0. 0. 0. 0. 0. 0. 0. 0.],"geometry_msgs.msg.Vector3(x=-0.0234375, y=0.8388671875, z=0.48095703125)",[0. 0. 0. 0. 0. 0. 0. 0. 0.],False,25.051881963,"[0.814693053123638, 0.57639518248644, 0.03802755466367172, 0.05096791034376547]","[44.3125, 21.0, -5.0]","[-0.0234375, 0.8388671875, 0.48095703125]"
22793913722,"std_msgs.msg.Header(stamp=builtin_interfaces.msg.Time(sec=1731185789, nanosec=724862881), frame_id='RU_myo')","geometry_msgs.msg.Quaternion(x=0.8095522448305752, y=0.583221872830894, z=0.04284895392226976, w=0.051394329348363445)",[0. 0. 0. 0. 0. 0. 0. 0. 0.],"geometry_msgs.msg.Vector3(x=51.9375, y=21.1875, z=-5.6875)",[0. 0. 0. 0. 0. 0. 0. 0. 0.],"geometry_msgs.msg.Vector3(x=-0.0888671875, y=0.9052734375, z=0.32861328125)",[0. 0. 0. 0. 0. 0. 0. 0. 0.],False,25.074443644,"[0.8095522448305752, 0.583221872830894, 0.04284895392226976, 0.051394329348363445]","[51.9375, 21.1875, -5.6875]","[-0.0888671875, 0.9052734375, 0.32861328125]"
22813245635,"std_msgs.msg.Header(stamp=builtin_interfaces.msg.Time(sec=1731185789, nanosec=744291593), frame_id='RU_myo')","geometry_msgs.msg.Quaternion(x=0.8042311372102995, y=0.5902333862191558, z=0.048097612031095624, w=0.05023392728628388)",[0. 0. 0. 0. 0. 0. 0. 0. 0.],"geometry_msgs.msg.Vector3(x=49.0, y=16.75, z=-9.375)",[0. 0. 0. 0. 0. 0. 0. 0. 0.],"geometry_msgs.msg.Vector3(x=-0.171875, y=1.02734375, z=0.27490234375)",[0. 0. 0. 0. 0. 0. 0. 0. 0.],False,25.093775557,"[0.8042311372102995, 0.5902333862191558, 0.048097612031095624, 0.05023392728628388]","[49.0, 16.75, -9.375]","[-0.171875, 1.02734375, 0.27490234375]"
22831423474,"std_msgs.msg.Header(stamp=builtin_interfaces.msg.Time(sec=1731185789, nanosec=762364650), frame_id='RU_myo')","geometry_msgs.msg.Quaternion(x=0.8004046369375222, y=0.5951914599845786, z=0.05261563311524015, w=0.048281862870249374)",[0. 0. 0. 0. 0. 0. 0. 0. 0.],"geometry_msgs.msg.Vector3(x=42.875, y=10.4375, z=-11.8125)",[0. 0. 0. 0. 0. 0. 0. 0. 0.],"geometry_msgs.msg.Vector3(x=-0.17626953125, y=0.939453125, z=0.3603515625)",[0. 0. 0. 0. 0. 0. 0. 0. 0.],False,25.111953396,"[0.8004046369375222, 0.5951914599845786, 0.05261563311524015, 0.048281862870249374]","[42.875, 10.4375, -11.8125]","[-0.17626953125, 0.939453125, 0.3603515625]"
22876921005,"std_msgs.msg.Header(stamp=builtin_interfaces.msg.Time(sec=1731185789, nanosec=807942582), frame_id='RU_myo')","geometry_msgs.msg.Quaternion(x=0.7948873458626213, y=0.602376043639577, z=0.058473629527481474, w=0.04333640601723575)",[0. 0. 0. 0. 0. 0. 0. 0. 0.],"geometry_msgs.msg.Vector3(x=15.75, y=5.75, z=-21.9375)",[0. 0. 0. 0. 0. 0. 0. 0. 0.],"geometry_msgs.msg.Vector3(x=-0.03369140625, y=1.17431640625, z=0.28076171875)",[0. 0. 0. 0. 0. 0. 0. 0. 0.],False,25.157450927,"[0.7948873458626213, 0.602376043639577, 0.058473629527481474, 0.04333640601723575]","[15.75, 5.75, -21.9375]","[-0.03369140625, 1.17431640625, 0.28076171875]"
22890688229,"std_msgs.msg.Header(stamp=builtin_interfaces.msg.Time(sec=1731185789, nanosec=821525614), frame_id='RU_myo')","geometry_msgs.msg.Quaternion(x=0.7962978495334431, y=0.6002447533582614, z=0.06311298301529819, w=0.04040695817807292)",[0. 0. 0. 0. 0. 0. 0. 0. 0.],"geometry_msgs.msg.Vector3(x=-7.625, y=11.0, z=-30.3125)",[0. 0. 0. 0. 0. 0. 0. 0. 0.],"geometry_msgs.msg.Vector3(x=-0.06396484375, y=1.16748046875, z=0.39697265625)",[0. 0. 0. 0. 0. 0. 0. 0. 0.],False,25.171218151,"[0.7962978495334431, 0.6002447533582614, 0.06311298301529819, 0.04040695817807292]","[-7.625, 11.0, -30.3125]","[-0.06396484375, 1.16748046875, 0.39697265625]"
22912876981,"std_msgs.msg.Header(stamp=builtin_interfaces.msg.Time(sec=1731185789, nanosec=843920738), frame_id='RU_myo')","geometry_msgs.msg.Quaternion(x=0.8003402179696575, y=0.5944564813000682, z=0.0681192558918653, w=0.03790506981079601)",[0. 0. 0. 0. 0. 0. 0. 0. 0.],"geometry_msgs.msg.Vector3(x=-27.75, y=15.625, z=-34.5625)",[0. 0. 0. 0. 0. 0. 0. 0. 0.],"geometry_msgs.msg.Vector3(x=-0.02685546875, y=0.96875, z=0.4482421875)",[0. 0. 0. 0. 0. 0. 0. 0. 0.],False,25.193406903,"[0.8003402179696575, 0.5944564813000682, 0.0681192558918653, 0.03790506981079601]","[-27.75, 15.625, -34.5625]","[-0.02685546875, 0.96875, 0.4482421875]"
22935349181,"std_msgs.msg.Header(stamp=builtin_interfaces.msg.Time(sec=1731185789, nanosec=866397583), frame_id='RU_myo')","geometry_msgs.msg.Quaternion(x=0.8055399472957516, y=0.5867128872779241, z=0.07385794773265586, w=0.037661449381031956)",[0. 0. 0. 0. 0. 0. 0. 0. 0.],"geometry_msgs.msg.Vector3(x=-41.0, y=26.1875, z=-26.125)",[0. 0. 0. 0. 0. 0. 0. 0. 0.],"geometry_msgs.msg.Vector3(x=-0.0576171875, y=0.9765625, z=0.4697265625)",[0. 0. 0. 0. 0. 0. 0. 0. 0.],False,25.215879103,"[0.8055399472957516, 0.5867128872779241, 0.07385794773265586, 0.037661449381031956]","[-41.0, 26.1875, -26.125]","[-0.0576171875, 0.9765625, 0.4697265625]"
22950592648,"std_msgs.msg.Header(stamp=builtin_interfaces.msg.Time(sec=1731185789, nanosec=881381557), frame_id='RU_myo')","geometry_msgs.msg.Quaternion(x=0.8102799901535402, y=0.5790068539809027, z=0.08227927884948943, w=0.03778254718682045)",[0. 0. 0. 0. 0. 0. 0. 0. 0.],"geometry_msgs.msg.Vector3(x=-41.1875, y=39.3125, z=-31.0)",[0. 0. 0. 0. 0. 0. 0. 0. 0.],"geometry_msgs.msg.Vector3(x=-0.12158203125, y=1.080078125, z=0.490234375)",[0. 0. 0. 0. 0. 0. 0. 0. 0.],False,25.23112257,"[0.8102799901535402, 0.5790068539809027, 0.08227927884948943, 0.03778254718682045]","[-41.1875, 39.3125, -31.0]","[-0.12158203125, 1.080078125, 0.490234375]"
22972932428,"std_msgs.msg.Header(stamp=builtin_interfaces.msg.Time(sec=1731185789, nanosec=903825867), frame_id='RU_myo')","geometry_msgs.msg.Quaternion(x=0.8153012738183415, y=0.570289720841863, z=0.09302381831991857, w=0.03741706078091213)",[0. 0. 0. 0. 0. 0. 0. 0. 0.],"geometry_msgs.msg.Vector3(x=-46.6875, y=47.625, z=-38.0)",[0. 0. 0. 0. 0. 0. 0. 0. 0.],"geometry_msgs.msg.Vector3(x=-0.17822265625, y=0.94921875, z=0.45751953125)",[0. 0. 0. 0. 0. 0. 0. 0. 0.],False,25.25346235,"[0.8153012738183415, 0.570289720841863, 0.09302381831991857, 0.03741706078091213]","[-46.6875, 47.625, -38.0]","[-0.17822265625, 0.94921875, 0.45751953125]"
23001698938,"std_msgs.msg.Header(stamp=builtin_interfaces.msg.Time(sec=1731185789, nanosec=932497563), frame_id='RU_myo')","geometry_msgs.msg.Quaternion(x=0.8190197704850728, y=0.5629616442974978, z=0.10437649482258717, w=0.03723372037530887)",[0. 0. 0. 0. 0. 0. 0. 0. 0.],"geometry_msgs.msg.Vector3(x=-33.5625, y=51.625, z=-38.5)",[0. 0. 0. 0. 0. 0. 0. 0. 0.],"geometry_msgs.msg.Vector3(x=-0.177734375, y=0.7900390625, z=0.4462890625)",[0. 0. 0. 0. 0. 0. 0. 0. 0.],False,25.28222886,"[0.8190197704850728, 0.5629616442974978, 0.10437649482258717, 0.03723372037530887]","[-33.5625, 51.625, -38.5]","[-0.177734375, 0.7900390625, 0.4462890625]"
23010750108,"std_msgs.msg.Header(stamp=builtin_interfaces.msg.Time(sec=1731185789, nanosec=941635679), frame_id='RU_myo')","geometry_msgs.msg.Quaternion(x=0.81992170342493, y=0.5594731134960849, z=0.11548364943646003, w=0.037172062635731584)",[0. 0. 0. 0. 0. 0. 0. 0. 0.],"geometry_msgs.msg.Vector3(x=-6.1875, y=53.5625, z=-37.375)",[0. 0. 0. 0. 0. 0. 0. 0. 0.],"geometry_msgs.msg.Vector3(x=-0.13623046875, y=0.7509765625, z=0.4501953125)",[0. 0. 0. 0. 0. 0. 0. 0. 0.],False,25.29128003,"[0.81992170342493, 0.5594731134960849, 0.11548364943646003, 0.037172062635731584]","[-6.1875, 53.5625, -37.375]","[-0.13623046875, 0.7509765625, 0.4501953125]"
23032870590,"std_msgs.msg.Header(stamp=builtin_interfaces.msg.Time(sec=1731185789, nanosec=963785174), frame_id='RU_myo')","geometry_msgs.msg.Quaternion(x=0.8191623945157005, y=0.5580925315243703, z=0.12598742043818226, w=0.04040875597387435)",[0. 0. 0. 0. 0. 0. 0. 0. 0.],"geometry_msgs.msg.Vector3(x=6.25, y=62.5, z=-20.4375)",[0. 0. 0. 0. 0. 0. 0. 0. 0.],"geometry_msgs.msg.Vector3(x=-0.1171875, y=0.76416015625, z=0.4404296875)",[0. 0. 0. 0. 0. 0. 0. 0. 0.],False,25.313400512,"[0.8191623945157005, 0.5580925315243703, 0.12598742043818226, 0.04040875597387435]","[6.25, 62.5, -20.4375]","[-0.1171875, 0.76416015625, 0.4404296875]"
23061534890,"std_msgs.msg.Header(stamp=builtin_interfaces.msg.Time(sec=1731185789, nanosec=992480992), frame_id='RU_myo')","geometry_msgs.msg.Quaternion(x=0.8158923316308163, y=0.5596556286917749, z=0.13837270261143567, w=0.0442524082017163)",[0. 0. 0. 0. 0. 0. 0. 0. 0.],"geometry_msgs.msg.Vector3(x=26.875, y=72.0, z=-15.0)",[0. 0. 0. 0. 0. 0. 0. 0. 0.],"geometry_msgs.msg.Vector3(x=-0.21142578125, y=0.705078125, z=0.39306640625)",[0. 0. 0. 0. 0. 0. 0. 0. 0.],False,25.342064812,"[0.8158923316308163, 0.5596556286917749, 0.13837270261143567, 0.0442524082017163]","[26.875, 72.0, -15.0]","[-0.21142578125, 0.705078125, 0.39306640625]"
23070688593,"std_msgs.msg.Header(stamp=builtin_interfaces.msg.Time(sec=1731185790, nanosec=1537672), frame_id='RU_myo')","geometry_msgs.msg.Quaternion(x=0.8114729921236271, y=0.5626106941780856, z=0.15022077881873375, w=0.0491376379313615)",[0. 0. 0. 0. 0. 0. 0. 0. 0.],"geometry_msgs.msg.Vector3(x=31.6875, y=72.8125, z=-5.75)",[0. 0. 0. 0. 0. 0. 0. 0. 0.],"geometry_msgs.msg.Vector3(x=-0.22998046875, y=0.68115234375, z=0.306640625)",[0. 0. 0. 0. 0. 0. 0. 0. 0.],False,25.351218515,"[0.8114729921236271, 0.5626106941780856, 0.15022077881873375, 0.0491376379313615]","[31.6875, 72.8125, -5.75]","[-0.22998046875, 0.68115234375, 0.306640625]"
23093374633,"std_msgs.msg.Header(stamp=builtin_interfaces.msg.Time(sec=1731185790, nanosec=24146263), frame_id='RU_myo')","geometry_msgs.msg.Quaternion(x=0.8070931334146694, y=0.5652642750172618, z=0.16119889324269393, w=0.05560476779405307)",[0. 0. 0. 0. 0. 0. 0. 0. 0.],"geometry_msgs.msg.Vector3(x=29.0, y=74.1875, z=3.375)",[0. 0. 0. 0. 0. 0. 0. 0. 0.],"geometry_msgs.msg.Vector3(x=-0.2373046875, y=0.74755859375, z=0.3251953125)",[0. 0. 0. 0. 0. 0. 0. 0. 0.],False,25.373904555,"[0.8070931334146694, 0.5652642750172618, 0.16119889324269393, 0.05560476779405307]","[29.0, 74.1875, 3.375]","[-0.2373046875, 0.74755859375, 0.3251953125]"
23114041274,"std_msgs.msg.Header(stamp=builtin_interfaces.msg.Time(sec=1731185790, nanosec=45067788), frame_id='RU_myo')","geometry_msgs.msg.Quaternion(x=0.8028506979576008, y=0.5675439663658308, z=0.17133748264023305, w=0.06299261919655166)",[0. 0. 0. 0. 0. 0. 0. 0. 0.],"geometry_msgs.msg.Vector3(x=24.5625, y=73.4375, z=8.6875)",[0. 0. 0. 0. 0. 0. 0. 0. 0.],"geometry_msgs.msg.Vector3(x=-0.23974609375, y=0.80517578125, z=0.314453125)",[0. 0. 0. 0. 0. 0. 0. 0. 0.],False,25.394571196,"[0.8028506979576008, 0.5675439663658308, 0.17133748264023305, 0.06299261919655166]","[24.5625, 73.4375, 8.6875]","[-0.23974609375, 0.80517578125, 0.314453125]"
23138007982,"std_msgs.msg.Header(stamp=builtin_interfaces.msg.Time(sec=1731185790, nanosec=69034202), frame_id='RU_myo')","geometry_msgs.msg.Quaternion(x=0.800510402295069, y=0.5669798800548148, z=0.18079388574898927, w=0.070925893058854)",[0. 0. 0. 0. 0. 0. 0. 0. 0.],"geometry_msgs.msg.Vector3(x=-0.0625, y=71.0, z=7.375)",[0. 0. 0. 0. 0. 0. 0. 0. 0.],"geometry_msgs.msg.Vector3(x=-0.20751953125, y=0.8310546875, z=0.24853515625)",[0. 0. 0. 0. 0. 0. 0. 0. 0.],False,25.418537904,"[0.800510402295069, 0.5669798800548148, 0.18079388574898927, 0.070925893058854]","[-0.0625, 71.0, 7.375]","[-0.20751953125, 0.8310546875, 0.24853515625]"
23153303566,"std_msgs.msg.Header(stamp=builtin_interfaces.msg.Time(sec=1731185790, nanosec=84112610), frame_id='RU_myo')","geometry_msgs.msg.Quaternion(x=0.8002359429650128, y=0.5644990084317649, z=0.18592819849515096, w=0.07996255417880753)",[0. 0. 0. 0. 0. 0. 0. 0. 0.],"geometry_msgs.msg.Vector3(x=-21.1875, y=55.1875, z=16.75)",[0. 0. 0. 0. 0. 0. 0. 0. 0.],"geometry_msgs.msg.Vector3(x=-0.1005859375, y=0.8271484375, z=0.20751953125)",[0. 0. 0. 0. 0. 0. 0. 0. 0.],False,25.433833488,"[0.8002359429650128, 0.5644990084317649, 0.18592819849515096, 0.07996255417880753]","[-21.1875, 55.1875, 16.75]","[-0.1005859375, 0.8271484375, 0.20751953125]"
23173956814,"std_msgs.msg.Header(stamp=builtin_interfaces.msg.Time(sec=1731185790, nanosec=104996884), frame_id='RU_myo')","geometry_msgs.msg.Quaternion(x=0.8003163761487463, y=0.5612957134734495, z=0.19147288529428136, w=0.08819838037941873)",[0. 0. 0. 0. 0. 0. 0. 0. 0.],"geometry_msgs.msg.Vector3(x=-23.875, y=53.875, z=13.875)",[0. 0. 0. 0. 0. 0. 0. 0. 0.],"geometry_msgs.msg.Vector3(x=-0.146484375, y=0.8388671875, z=0.22705078125)",[0. 0. 0. 0. 0. 0. 0. 0. 0.],False,25.454486736,"[0.8003163761487463, 0.5612957134734495, 0.19147288529428136, 0.08819838037941873]","[-23.875, 53.875, 13.875]","[-0.146484375, 0.8388671875, 0.22705078125]"
23190620170,"std_msgs.msg.Header(stamp=builtin_interfaces.msg.Time(sec=1731185790, nanosec=121463974), frame_id='RU_myo')","geometry_msgs.msg.Quaternion(x=0.7994628522674269, y=0.5596484113941088, z=0.19586778843534686, w=0.09637745027716194)",[0. 0. 0. 0. 0. 0. 0. 0. 0.],"geometry_msgs.msg.Vector3(x=-17.1875, y=49.5625, z=13.75)",[0. 0. 0. 0. 0. 0. 0. 0. 0.],"geometry_msgs.msg.Vector3(x=-0.06787109375, y=0.88037109375, z=0.197265625)",[0. 0. 0. 0. 0. 0. 0. 0. 0.],False,25.471150092,"[0.7994628522674269, 0.5596484113941088, 0.19586778843534686, 0.09637745027716194]","[-17.1875, 49.5625, 13.75]","[-0.06787109375, 0.88037109375, 0.197265625]"
23212946719,"std_msgs.msg.Header(stamp=builtin_interfaces.msg.Time(sec=1731185790, nanosec=143863161), frame_id='RU_myo')","geometry_msgs.msg.Quaternion(x=0.7976284566756281, y=0.5596461064630268, z=0.19916296710533934, w=0.10449494320696934)",[0. 0. 0. 0. 0. 0. 0. 0. 0.],"geometry_msgs.msg.Vector3(x=-3.5625, y=45.375, z=19.125)",[0. 0. 0. 0. 0. 0. 0. 0. 0.],"geometry_msgs.msg.Vector3(x=-0.04638671875, y=0.80615234375, z=0.22119140625)",[0. 0. 0. 0. 0. 0. 0. 0. 0.],False,25.493476641,"[0.7976284566756281, 0.5596461064630268, 0.19916296710533934, 0.10449494320696934]","[-3.5625, 45.375, 19.125]","[-0.04638671875, 0.80615234375, 0.22119140625]"
23234523400,"std_msgs.msg.Header(stamp=builtin_interfaces.msg.Time(sec=1731185790, nanosec=165121239), frame_id='RU_myo')","geometry_msgs.msg.Quaternion(x=0.7932550005136438, y=0.5636285529965364, z=0.20099943957305547, w=0.11255480308919354)",[0. 0. 0. 0. 0. 0. 0. 0. 0.],"geometry_msgs.msg.Vector3(x=15.8125, y=37.8125, z=28.8125)",[0. 0. 0. 0. 0. 0. 0. 0. 0.],"geometry_msgs.msg.Vector3(x=-0.01904296875, y=0.80859375, z=0.119140625)",[0. 0. 0. 0. 0. 0. 0. 0. 0.],False,25.515053322,"[0.7932550005136438, 0.5636285529965364, 0.20099943957305547, 0.11255480308919354]","[15.8125, 37.8125, 28.8125]","[-0.01904296875, 0.80859375, 0.119140625]"
23250762302,"std_msgs.msg.Header(stamp=builtin_interfaces.msg.Time(sec=1731185790, nanosec=181549283), frame_id='RU_myo')","geometry_msgs.msg.Quaternion(x=0.7874623995114023, y=0.5701030006539414, z=0.20124513845353798, w=0.11994137005192664)",[0. 0. 0. 0. 0. 0. 0. 0. 0.],"geometry_msgs.msg.Vector3(x=29.0625, y=28.9375, z=31.8125)",[0. 0. 0. 0. 0. 0. 0. 0. 0.],"geometry_msgs.msg.Vector3(x=0.00048828125, y=0.94970703125, z=0.11279296875)",[0. 0. 0. 0. 0. 0. 0. 0. 0.],False,25.531292224,"[0.7874623995114023, 0.5701030006539414, 0.20124513845353798, 0.11994137005192664]","[29.0625, 28.9375, 31.8125]","[0.00048828125, 0.94970703125, 0.11279296875]"
23272888678,"std_msgs.msg.Header(stamp=builtin_interfaces.msg.Time(sec=1731185790, nanosec=203823416), frame_id='RU_myo')","geometry_msgs.msg.Quaternion(x=0.7808640809324746, y=0.5779114451863261, z=0.20087733059866913, w=0.12616634528941023)",[0. 0. 0. 0. 0. 0. 0. 0. 0.],"geometry_msgs.msg.Vector3(x=41.625, y=23.3125, z=27.8125)",[0. 0. 0. 0. 0. 0. 0. 0. 0.],"geometry_msgs.msg.Vector3(x=0.04638671875, y=0.982421875, z=0.142578125)",[0. 0. 0. 0. 0. 0. 0. 0. 0.],False,25.5534186,"[0.7808640809324746, 0.5779114451863261, 0.20087733059866913, 0.12616634528941023]","[41.625, 23.3125, 27.8125]","[0.04638671875, 0.982421875, 0.142578125]"
23294528677,"std_msgs.msg.Header(stamp=builtin_interfaces.msg.Time(sec=1731185790, nanosec=225198491), frame_id='RU_myo')","geometry_msgs.msg.Quaternion(x=0.7750041200615277, y=0.5847475364408471, z=0.1996564918265147, w=0.13257532872124425)",[0. 0. 0. 0. 0. 0. 0. 0. 0.],"geometry_msgs.msg.Vector3(x=33.0625, y=19.4375, z=31.5625)",[0. 0. 0. 0. 0. 0. 0. 0. 0.],"geometry_msgs.msg.Vector3(x=0.037109375, y=0.99365234375, z=0.1181640625)",[0. 0. 0. 0. 0. 0. 0. 0. 0.],False,25.575058599,"[0.7750041200615277, 0.5847475364408471, 0.1996564918265147, 0.13257532872124425]","[33.0625, 19.4375, 31.5625]","[0.037109375, 0.99365234375, 0.1181640625]"
23310680095,"std_msgs.msg.Header(stamp=builtin_interfaces.msg.Time(sec=1731185790, nanosec=241450276), frame_id='RU_myo')","geometry_msgs.msg.Quaternion(x=0.7706298578657178, y=0.5901346111560998, z=0.1970370836586564, w=0.13801141454529806)",[0. 0. 0. 0. 0. 0. 0. 0. 0.],"geometry_msgs.msg.Vector3(x=20.5625, y=8.5, z=32.3125)",[0. 0. 0. 0. 0. 0. 0. 0. 0.],"geometry_msgs.msg.Vector3(x=-0.00439453125, y=1.0390625, z=0.09765625)",[0. 0. 0. 0. 0. 0. 0. 0. 0.],False,25.591210017,"[0.7706298578657178, 0.5901346111560998, 0.1970370836586564, 0.13801141454529806]","[20.5625, 8.5, 32.3125]","[-0.00439453125, 1.0390625, 0.09765625]"
23333001565,"std_msgs.msg.Header(stamp=builtin_interfaces.msg.Time(sec=1731185790, nanosec=263837829), frame_id='RU_myo')","geometry_msgs.msg.Quaternion(x=0.7687049738657341, y=0.5925510470294225, z=0.19415995885873436, w=0.14240024646885482)",[0. 0. 0. 0. 0. 0. 0. 0. 0.],"geometry_msgs.msg.Vector3(x=0.1875, y=2.875, z=25.0)",[0. 0. 0. 0. 0. 0. 0. 0. 0.],"geometry_msgs.msg.Vector3(x=-0.0146484375, y=1.0361328125, z=0.095703125)",[0. 0. 0. 0. 0. 0. 0. 0. 0.],False,25.613531487,"[0.7687049738657341, 0.5925510470294225, 0.19415995885873436, 0.14240024646885482]","[0.1875, 2.875, 25.0]","[-0.0146484375, 1.0361328125, 0.095703125]"
23354184040,"std_msgs.msg.Header(stamp=builtin_interfaces.msg.Time(sec=1731185790, nanosec=284965626), frame_id='RU_myo')","geometry_msgs.msg.Quaternion(x=0.7675580329180653, y=0.5939647887336535, z=0.19117230688663064, w=0.14667530442163904)",[0. 0. 0. 0. 0. 0. 0. 0. 0.],"geometry_msgs.msg.Vector3(x=-1.75, y=2.9375, z=22.9375)",[0. 0. 0. 0. 0. 0. 0. 0. 0.],"geometry_msgs.msg.Vector3(x=0.00830078125, y=0.93994140625, z=0.14599609375)",[0. 0. 0. 0. 0. 0. 0. 0. 0.],False,25.634713962,"[0.7675580329180653, 0.5939647887336535, 0.19117230688663064, 0.14667530442163904]","[-1.75, 2.9375, 22.9375]","[0.00830078125, 0.93994140625, 0.14599609375]"
23370600224,"std_msgs.msg.Header(stamp=builtin_interfaces.msg.Time(sec=1731185790, nanosec=301440437), frame_id='RU_myo')","geometry_msgs.msg.Quaternion(x=0.7660801132221606, y=0.5956637578627253, z=0.188422381445049, w=0.15100646961290937)",[0. 0. 0. 0. 0. 0. 0. 0. 0.],"geometry_msgs.msg.Vector3(x=3.0625, y=4.8125, z=21.4375)",[0. 0. 0. 0. 0. 0. 0. 0. 0.],"geometry_msgs.msg.Vector3(x=0.0341796875, y=0.98388671875, z=0.19091796875)",[0. 0. 0. 0. 0. 0. 0. 0. 0.],False,25.651130146,"[0.7660801132221606, 0.5956637578627253, 0.188422381445049, 0.15100646961290937]","[3.0625, 4.8125, 21.4375]","[0.0341796875, 0.98388671875, 0.19091796875]"
23393680697,"std_msgs.msg.Header(stamp=builtin_interfaces.msg.Time(sec=1731185790, nanosec=324317493), frame_id='RU_myo')","geometry_msgs.msg.Quaternion(x=0.7648348233756765, y=0.5972181892982936, z=0.1855624790951362, w=0.1546760927720642)",[0. 0. 0. 0. 0. 0. 0. 0. 0.],"geometry_msgs.msg.Vector3(x=-0.5, y=1.4375, z=19.75)",[0. 0. 0. 0. 0. 0. 0. 0. 0.],"geometry_msgs.msg.Vector3(x=0.01953125, y=1.07421875, z=0.1669921875)",[0. 0. 0. 0. 0. 0. 0. 0. 0.],False,25.674210619,"[0.7648348233756765, 0.5972181892982936, 0.1855624790951362, 0.1546760927720642]","[-0.5, 1.4375, 19.75]","[0.01953125, 1.07421875, 0.1669921875]"
23415743849,"std_msgs.msg.Header(stamp=builtin_interfaces.msg.Time(sec=1731185790, nanosec=346610735), frame_id='RU_myo')","geometry_msgs.msg.Quaternion(x=0.7649271599329557, y=0.5971339295901775, z=0.18286959552817866, w=0.15772197424726758)",[0. 0. 0. 0. 0. 0. 0. 0. 0.],"geometry_msgs.msg.Vector3(x=-13.8125, y=-1.125, z=17.125)",[0. 0. 0. 0. 0. 0. 0. 0. 0.],"geometry_msgs.msg.Vector3(x=-0.01953125, y=1.0439453125, z=0.1279296875)",[0. 0. 0. 0. 0. 0. 0. 0. 0.],False,25.696273771,"[0.7649271599329557, 0.5971339295901775, 0.18286959552817866, 0.15772197424726758]","[-13.8125, -1.125, 17.125]","[-0.01953125, 1.0439453125, 0.1279296875]"
23430110945,"std_msgs.msg.Header(stamp=builtin_interfaces.msg.Time(sec=1731185790, nanosec=360931676), frame_id='RU_myo')","geometry_msgs.msg.Quaternion(x=0.7660516189559248, y=0.5958111436357595, z=0.18000687046223282, w=0.16053512014773563)",[0. 0. 0. 0. 0. 0. 0. 0. 0.],"geometry_msgs.msg.Vector3(x=-18.75, y=-2.125, z=15.5)",[0. 0. 0. 0. 0. 0. 0. 0. 0.],"geometry_msgs.msg.Vector3(x=-0.03173828125, y=1.04443359375, z=0.1884765625)",[0. 0. 0. 0. 0. 0. 0. 0. 0.],False,25.710640867,"[0.7660516189559248, 0.5958111436357595, 0.18000687046223282, 0.16053512014773563]","[-18.75, -2.125, 15.5]","[-0.03173828125, 1.04443359375, 0.1884765625]"
23452930297,"std_msgs.msg.Header(stamp=builtin_interfaces.msg.Time(sec=1731185790, nanosec=383826725), frame_id='RU_myo')","geometry_msgs.msg.Quaternion(x=0.7667794646705453, y=0.5950750677498126, z=0.17768627779461527, w=0.1623653380053853)",[0. 0. 0. 0. 0. 0. 0. 0. 0.],"geometry_msgs.msg.Vector3(x=-11.1875, y=-3.5625, z=11.0625)",[0. 0. 0. 0. 0. 0. 0. 0. 0.],"geometry_msgs.msg.Vector3(x=-0.0341796875, y=1.02587890625, z=0.2197265625)",[0. 0. 0. 0. 0. 0. 0. 0. 0.],False,25.733460219,"[0.7667794646705453, 0.5950750677498126, 0.17768627779461527, 0.1623653380053853]","[-11.1875, -3.5625, 11.0625]","[-0.0341796875, 1.02587890625, 0.2197265625]"
23475670173,"std_msgs.msg.Header(stamp=builtin_interfaces.msg.Time(sec=1731185790, nanosec=406541598), frame_id='RU_myo')","geometry_msgs.msg.Quaternion(x=0.7667679059463695, y=0.5954323294464922, z=0.17597451622698482, w=0.16297327725495991)",[0. 0. 0. 0. 0. 0. 0. 0. 0.],"geometry_msgs.msg.Vector3(x=-4.5, y=-5.6875, z=8.1875)",[0. 0. 0. 0. 0. 0. 0. 0. 0.],"geometry_msgs.msg.Vector3(x=-0.06689453125, y=0.9775390625, z=0.17333984375)",[0. 0. 0. 0. 0. 0. 0. 0. 0.],False,25.756200095,"[0.7667679059463695, 0.5954323294464922, 0.17597451622698482, 0.16297327725495991]","[-4.5, -5.6875, 8.1875]","[-0.06689453125, 0.9775390625, 0.17333984375]"
23490857650,"std_msgs.msg.Header(stamp=builtin_interfaces.msg.Time(sec=1731185790, nanosec=421631137), frame_id='RU_myo')","geometry_msgs.msg.Quaternion(x=0.7653601040196171, y=0.5976266670752111, z=0.17420350401722523, w=0.16346075114160097)",[0. 0. 0. 0. 0. 0. 0. 0. 0.],"geometry_msgs.msg.Vector3(x=11.5, y=-6.4375, z=9.875)",[0. 0. 0. 0. 0. 0. 0. 0. 0.],"geometry_msgs.msg.Vector3(x=-0.04248046875, y=0.93212890625, z=0.2041015625)",[0. 0. 0. 0. 0. 0. 0. 0. 0.],False,25.771387572,"[0.7653601040196171, 0.5976266670752111, 0.17420350401722523, 0.16346075114160097]","[11.5, -6.4375, 9.875]","[-0.04248046875, 0.93212890625, 0.2041015625]"
23513070924,"std_msgs.msg.Header(stamp=builtin_interfaces.msg.Time(sec=1731185790, nanosec=443878344), frame_id='RU_myo')","geometry_msgs.msg.Quaternion(x=0.7624795585174547, y=0.6014628217764169, z=0.173346297325454, w=0.16376342102964545)",[0. 0. 0. 0. 0. 0. 0. 0. 0.],"geometry_msgs.msg.Vector3(x=29.0, y=-3.0, z=8.375)",[0. 0. 0. 0. 0. 0. 0. 0. 0.],"geometry_msgs.msg.Vector3(x=-0.0361328125, y=0.99072265625, z=0.27197265625)",[0. 0. 0. 0. 0. 0. 0. 0. 0.],False,25.793600846,"[0.7624795585174547, 0.6014628217764169, 0.173346297325454, 0.16376342102964545]","[29.0, -3.0, 8.375]","[-0.0361328125, 0.99072265625, 0.27197265625]"
23541624154,"std_msgs.msg.Header(stamp=builtin_interfaces.msg.Time(sec=1731185790, nanosec=472504496), frame_id='RU_myo')","geometry_msgs.msg.Quaternion(x=0.7601683591561529, y=0.6045822705509631, z=0.1731040201193873, w=0.1632768878065448)",[0. 0. 0. 0. 0. 0. 0. 0. 0.],"geometry_msgs.msg.Vector3(x=21.1875, y=-3.375, z=4.8125)",[0. 0. 0. 0. 0. 0. 0. 0. 0.],"geometry_msgs.msg.Vector3(x=-0.0791015625, y=1.0205078125, z=0.21142578125)",[0. 0. 0. 0. 0. 0. 0. 0. 0.],False,25.822154076,"[0.7601683591561529, 0.6045822705509631, 0.1731040201193873, 0.1632768878065448]","[21.1875, -3.375, 4.8125]","[-0.0791015625, 1.0205078125, 0.21142578125]"
23556499061,"std_msgs.msg.Header(stamp=builtin_interfaces.msg.Time(sec=1731185790, nanosec=487443586), frame_id='RU_myo')","geometry_msgs.msg.Quaternion(x=0.7596048154464996, y=0.6057306700274055, z=0.17236834060433223, w=0.16241931811194338)",[0. 0. 0. 0. 0. 0. 0. 0. 0.],"geometry_msgs.msg.Vector3(x=3.625, y=-7.3125, z=1.9375)",[0. 0. 0. 0. 0. 0. 0. 0. 0.],"geometry_msgs.msg.Vector3(x=-0.08984375, y=0.97705078125, z=0.15380859375)",[0. 0. 0. 0. 0. 0. 0. 0. 0.],False,25.837028983,"[0.7596048154464996, 0.6057306700274055, 0.17236834060433223, 0.16241931811194338]","[3.625, -7.3125, 1.9375]","[-0.08984375, 0.97705078125, 0.15380859375]"
23572915325,"std_msgs.msg.Header(stamp=builtin_interfaces.msg.Time(sec=1731185790, nanosec=503834511), frame_id='RU_myo')","geometry_msgs.msg.Quaternion(x=0.7588822843806241, y=0.6070814124064736, z=0.1709056861791802, w=0.1622993641251572)",[0. 0. 0. 0. 0. 0. 0. 0. 0.],"geometry_msgs.msg.Vector3(x=11.5, y=-7.1875, z=6.8125)",[0. 0. 0. 0. 0. 0. 0. 0. 0.],"geometry_msgs.msg.Vector3(x=-0.05517578125, y=0.8037109375, z=0.22998046875)",[0. 0. 0. 0. 0. 0. 0. 0. 0.],False,25.853445247,"[0.7588822843806241, 0.6070814124064736, 0.1709056861791802, 0.1622993641251572]","[11.5, -7.1875, 6.8125]","[-0.05517578125, 0.8037109375, 0.22998046875]"
23595494129,"std_msgs.msg.Header(stamp=builtin_interfaces.msg.Time(sec=1731185790, nanosec=526462221), frame_id='RU_myo')","geometry_msgs.msg.Quaternion(x=0.7574050403096607, y=0.609024699186864, z=0.16937698338780793, w=0.16351745531385134)",[0. 0. 0. 0. 0. 0. 0. 0. 0.],"geometry_msgs.msg.Vector3(x=14.625, y=-2.4375, z=13.5)",[0. 0. 0. 0. 0. 0. 0. 0. 0.],"geometry_msgs.msg.Vector3(x=-0.04638671875, y=0.8876953125, z=0.23876953125)",[0. 0. 0. 0. 0. 0. 0. 0. 0.],False,25.876024051,"[0.7574050403096607, 0.609024699186864, 0.16937698338780793, 0.16351745531385134]","[14.625, -2.4375, 13.5]","[-0.04638671875, 0.8876953125, 0.23876953125]"
23616933888,"std_msgs.msg.Header(stamp=builtin_interfaces.msg.Time(sec=1731185790, nanosec=547698309), frame_id='RU_myo')","geometry_msgs.msg.Quaternion(x=0.7561598926487911, y=0.6104581115902938, z=0.16840855213254882, w=0.16492928882281513)",[0. 0. 0. 0. 0. 0. 0. 0. 0.],"geometry_msgs.msg.Vector3(x=5.6875, y=0.3125, z=11.8125)",[0. 0. 0. 0. 0. 0. 0. 0. 0.],"geometry_msgs.msg.Vector3(x=-0.05419921875, y=1.04248046875, z=0.171875)",[0. 0. 0. 0. 0. 0. 0. 0. 0.],False,25.89746381,"[0.7561598926487911, 0.6104581115902938, 0.16840855213254882, 0.16492928882281513]","[5.6875, 0.3125, 11.8125]","[-0.05419921875, 1.04248046875, 0.171875]"
23632888579,"std_msgs.msg.Header(stamp=builtin_interfaces.msg.Time(sec=1731185790, nanosec=563891577), frame_id='RU_myo')","geometry_msgs.msg.Quaternion(x=0.7573672352313707, y=0.6090433811362522, z=0.16846659971297415, w=0.16456012783557186)",[0. 0. 0. 0. 0. 0. 0. 0. 0.],"geometry_msgs.msg.Vector3(x=-15.25, y=-1.3125, z=-3.4375)",[0. 0. 0. 0. 0. 0. 0. 0. 0.],"geometry_msgs.msg.Vector3(x=-0.08642578125, y=1.283203125, z=0.18994140625)",[0. 0. 0. 0. 0. 0. 0. 0. 0.],False,25.913418501,"[0.7573672352313707, 0.6090433811362522, 0.16846659971297415, 0.16456012783557186]","[-15.25, -1.3125, -3.4375]","[-0.08642578125, 1.283203125, 0.18994140625]"
23655794748,"std_msgs.msg.Header(stamp=builtin_interfaces.msg.Time(sec=1731185790, nanosec=586630412), frame_id='RU_myo')","geometry_msgs.msg.Quaternion(x=0.7614983665479326, y=0.603839639328206, z=0.16840124986419894, w=0.16473902623540157)",[0. 0. 0. 0. 0. 0. 0. 0. 0.],"geometry_msgs.msg.Vector3(x=-31.4375, y=2.0625, z=-10.1875)",[0. 0. 0. 0. 0. 0. 0. 0. 0.],"geometry_msgs.msg.Vector3(x=-0.0244140625, y=0.96533203125, z=0.294921875)",[0. 0. 0. 0. 0. 0. 0. 0. 0.],False,25.93632467,"[0.7614983665479326, 0.603839639328206, 0.16840124986419894, 0.16473902623540157]","[-31.4375, 2.0625, -10.1875]","[-0.0244140625, 0.96533203125, 0.294921875]"
23669978227,"std_msgs.msg.Header(stamp=builtin_interfaces.msg.Time(sec=1731185790, nanosec=600758034), frame_id='RU_myo')","geometry_msgs.msg.Quaternion(x=0.7630944644956429, y=0.6020157337482424, z=0.168952605800987, w=0.1634592046008104)",[0. 0. 0. 0. 0. 0. 0. 0. 0.],"geometry_msgs.msg.Vector3(x=-12.3125, y=-0.8125, z=-15.375)",[0. 0. 0. 0. 0. 0. 0. 0. 0.],"geometry_msgs.msg.Vector3(x=0.01220703125, y=0.90380859375, z=0.19189453125)",[0. 0. 0. 0. 0. 0. 0. 0. 0.],False,25.950508149,"[0.7630944644956429, 0.6020157337482424, 0.168952605800987, 0.1634592046008104]","[-12.3125, -0.8125, -15.375]","[0.01220703125, 0.90380859375, 0.19189453125]"
23692995661,"std_msgs.msg.Header(stamp=builtin_interfaces.msg.Time(sec=1731185790, nanosec=623915160), frame_id='RU_myo')","geometry_msgs.msg.Quaternion(x=0.7624904157870763, y=0.6028752671092662, z=0.16932023802380322, w=0.16272810186426076)",[0. 0. 0. 0. 0. 0. 0. 0. 0.],"geometry_msgs.msg.Vector3(x=5.4375, y=-0.625, z=-5.8125)",[0. 0. 0. 0. 0. 0. 0. 0. 0.],"geometry_msgs.msg.Vector3(x=-0.021484375, y=0.95654296875, z=0.19189453125)",[0. 0. 0. 0. 0. 0. 0. 0. 0.],False,25.973525583,"[0.7624904157870763, 0.6028752671092662, 0.16932023802380322, 0.16272810186426076]","[5.4375, -0.625, -5.8125]","[-0.021484375, 0.95654296875, 0.19189453125]"
23715702869,"std_msgs.msg.Header(stamp=builtin_interfaces.msg.Time(sec=1731185790, nanosec=646498731), frame_id='RU_myo')","geometry_msgs.msg.Quaternion(x=0.7608511097863375, y=0.6049575089524581, z=0.1693832193868501, w=0.1626078906113761)",[0. 0. 0. 0. 0. 0. 0. 0. 0.],"geometry_msgs.msg.Vector3(x=15.5, y=0.1875, z=-0.0625)",[0. 0. 0. 0. 0. 0. 0. 0. 0.],"geometry_msgs.msg.Vector3(x=-0.0205078125, y=0.966796875, z=0.2177734375)",[0. 0. 0. 0. 0. 0. 0. 0. 0.],False,25.996232791,"[0.7608511097863375, 0.6049575089524581, 0.1693832193868501, 0.1626078906113761]","[15.5, 0.1875, -0.0625]","[-0.0205078125, 0.966796875, 0.2177734375]"
23736685926,"std_msgs.msg.Header(stamp=builtin_interfaces.msg.Time(sec=1731185790, nanosec=667586479), frame_id='RU_myo')","geometry_msgs.msg.Quaternion(x=0.75862492038622, y=0.6074980957924248, z=0.16998715932702732, w=0.1629069042168172)",[0. 0. 0. 0. 0. 0. 0. 0. 0.],"geometry_msgs.msg.Vector3(x=21.6875, y=4.0625, z=1.125)",[0. 0. 0. 0. 0. 0. 0. 0. 0.],"geometry_msgs.msg.Vector3(x=-0.01953125, y=0.919921875, z=0.2314453125)",[0. 0. 0. 0. 0. 0. 0. 0. 0.],False,26.017215848,"[0.75862492038622, 0.6074980957924248, 0.16998715932702732, 0.1629069042168172]","[21.6875, 4.0625, 1.125]","[-0.01953125, 0.919921875, 0.2314453125]"
23753574079,"std_msgs.msg.Header(stamp=builtin_interfaces.msg.Time(sec=1731185790, nanosec=684278845), frame_id='RU_myo')","geometry_msgs.msg.Quaternion(x=0.7569584388826587, y=0.6091192856713209, z=0.1706071152872374, w=0.16395374299159918)",[0. 0. 0. 0. 0. 0. 0. 0. 0.],"geometry_msgs.msg.Vector3(x=12.9375, y=7.0, z=3.3125)",[0. 0. 0. 0. 0. 0. 0. 0. 0.],"geometry_msgs.msg.Vector3(x=-0.02783203125, y=0.98876953125, z=0.20849609375)",[0. 0. 0. 0. 0. 0. 0. 0. 0.],False,26.034104001,"[0.7569584388826587, 0.6091192856713209, 0.1706071152872374, 0.16395374299159918]","[12.9375, 7.0, 3.3125]","[-0.02783203125, 0.98876953125, 0.20849609375]"
23775600026,"std_msgs.msg.Header(stamp=builtin_interfaces.msg.Time(sec=1731185790, nanosec=706529203), frame_id='RU_myo')","geometry_msgs.msg.Quaternion(x=0.7561433751537354, y=0.6096512779331215, z=0.17102952350506673, w=0.165291916363926)",[0. 0. 0. 0. 0. 0. 0. 0. 0.],"geometry_msgs.msg.Vector3(x=5.5, y=7.3125, z=2.8125)",[0. 0. 0. 0. 0. 0. 0. 0. 0.],"geometry_msgs.msg.Vector3(x=-0.017578125, y=0.9462890625, z=0.21240234375)",[0. 0. 0. 0. 0. 0. 0. 0. 0.],False,26.056129948,"[0.7561433751537354, 0.6096512779331215, 0.17102952350506673, 0.165291916363926]","[5.5, 7.3125, 2.8125]","[-0.017578125, 0.9462890625, 0.21240234375]"
23796494063,"std_msgs.msg.Header(stamp=builtin_interfaces.msg.Time(sec=1731185790, nanosec=727456979), frame_id='RU_myo')","geometry_msgs.msg.Quaternion(x=0.755060431004876, y=0.6104575077186551, z=0.17115516964734617, w=0.16712655295807197)",[0. 0. 0. 0. 0. 0. 0. 0. 0.],"geometry_msgs.msg.Vector3(x=7.1875, y=8.0625, z=5.375)",[0. 0. 0. 0. 0. 0. 0. 0. 0.],"geometry_msgs.msg.Vector3(x=0.009765625, y=0.900390625, z=0.2041015625)",[0. 0. 0. 0. 0. 0. 0. 0. 0.],False,26.077023985,"[0.755060431004876, 0.6104575077186551, 0.17115516964734617, 0.16712655295807197]","[7.1875, 8.0625, 5.375]","[0.009765625, 0.900390625, 0.2041015625]"
23812927684,"std_msgs.msg.Header(stamp=builtin_interfaces.msg.Time(sec=1731185790, nanosec=743777514), frame_id='RU_myo')","geometry_msgs.msg.Quaternion(x=0.7541275902078427, y=0.6108708152812699, z=0.1713954086040973, w=0.16956426107627576)",[0. 0. 0. 0. 0. 0. 0. 0. 0.],"geometry_msgs.msg.Vector3(x=3.9375, y=11.375, z=4.75)",[0. 0. 0. 0. 0. 0. 0. 0. 0.],"geometry_msgs.msg.Vector3(x=0.0400390625, y=0.92041015625, z=0.19873046875)",[0. 0. 0. 0. 0. 0. 0. 0. 0.],False,26.093457606,"[0.7541275902078427, 0.6108708152812699, 0.1713954086040973, 0.16956426107627576]","[3.9375, 11.375, 4.75]","[0.0400390625, 0.92041015625, 0.19873046875]"
23835538196,"std_msgs.msg.Header(stamp=builtin_interfaces.msg.Time(sec=1731185790, nanosec=766502929), frame_id='RU_myo')","geometry_msgs.msg.Quaternion(x=0.7540272885589827, y=0.610033896369989, z=0.17207179846577933, w=0.17231595852036008)",[0. 0. 0. 0. 0. 0. 0. 0. 0.],"geometry_msgs.msg.Vector3(x=-9.5625, y=14.1875, z=4.25)",[0. 0. 0. 0. 0. 0. 0. 0. 0.],"geometry_msgs.msg.Vector3(x=0.021484375, y=0.921875, z=0.12255859375)",[0. 0. 0. 0. 0. 0. 0. 0. 0.],False,26.116068118,"[0.7540272885589827, 0.610033896369989, 0.17207179846577933, 0.17231595852036008]","[-9.5625, 14.1875, 4.25]","[0.021484375, 0.921875, 0.12255859375]"
23858203886,"std_msgs.msg.Header(stamp=builtin_interfaces.msg.Time(sec=1731185790, nanosec=788961048), frame_id='RU_myo')","geometry_msgs.msg.Quaternion(x=0.7551720872068737, y=0.608007529960206, z=0.1717021565885011, w=0.17481513560947998)",[0. 0. 0. 0. 0. 0. 0. 0. 0.],"geometry_msgs.msg.Vector3(x=-27.75, y=7.6875, z=6.375)",[0. 0. 0. 0. 0. 0. 0. 0. 0.],"geometry_msgs.msg.Vector3(x=-0.01171875, y=0.9423828125, z=0.01953125)",[0. 0. 0. 0. 0. 0. 0. 0. 0.],False,26.138733808,"[0.7551720872068737, 0.608007529960206, 0.1717021565885011, 0.17481513560947998]","[-27.75, 7.6875, 6.375]","[-0.01171875, 0.9423828125, 0.01953125]"
23873592458,"std_msgs.msg.Header(stamp=builtin_interfaces.msg.Time(sec=1731185790, nanosec=804234373), frame_id='RU_myo')","geometry_msgs.msg.Quaternion(x=0.7575451268634344, y=0.6051937743011, z=0.16980827837676854, w=0.17615625140019914)",[0. 0. 0. 0. 0. 0. 0. 0. 0.],"geometry_msgs.msg.Vector3(x=-40.0625, y=-2.9375, z=3.6875)",[0. 0. 0. 0. 0. 0. 0. 0. 0.],"geometry_msgs.msg.Vector3(x=0.005859375, y=1.09375, z=-0.0068359375)",[0. 0. 0. 0. 0. 0. 0. 0. 0.],False,26.15412238,"[0.7575451268634344, 0.6051937743011, 0.16980827837676854, 0.17615625140019914]","[-40.0625, -2.9375, 3.6875]","[0.005859375, 1.09375, -0.0068359375]"
23895629955,"std_msgs.msg.Header(stamp=builtin_interfaces.msg.Time(sec=1731185790, nanosec=826605925), frame_id='RU_myo')","geometry_msgs.msg.Quaternion(x=0.7623132580908175, y=0.6003163498537265, z=0.16663585511953974, w=0.17530336113674658)",[0. 0. 0. 0. 0. 0. 0. 0. 0.],"geometry_msgs.msg.Vector3(x=-56.75, y=-15.9375, z=-8.1875)",[0. 0. 0. 0. 0. 0. 0. 0. 0.],"geometry_msgs.msg.Vector3(x=0.03466796875, y=1.087890625, z=0.0087890625)",[0. 0. 0. 0. 0. 0. 0. 0. 0.],False,26.176159877,"[0.7623132580908175, 0.6003163498537265, 0.16663585511953974, 0.17530336113674658]","[-56.75, -15.9375, -8.1875]","[0.03466796875, 1.087890625, 0.0087890625]"
23909978667,"std_msgs.msg.Header(stamp=builtin_interfaces.msg.Time(sec=1731185790, nanosec=840818404), frame_id='RU_myo')","geometry_msgs.msg.Quaternion(x=0.7698068562651089, y=0.5931638938458872, z=0.16101732372560715, w=0.1721261762343488)",[0. 0. 0. 0. 0. 0. 0. 0. 0.],"geometry_msgs.msg.Vector3(x=-80.25, y=-34.375, z=-17.3125)",[0. 0. 0. 0. 0. 0. 0. 0. 0.],"geometry_msgs.msg.Vector3(x=0.07568359375, y=0.9921875, z=-0.052734375)",[0. 0. 0. 0. 0. 0. 0. 0. 0.],False,26.190508589,"[0.7698068562651089, 0.5931638938458872, 0.16101732372560715, 0.1721261762343488]","[-80.25, -34.375, -17.3125]","[0.07568359375, 0.9921875, -0.052734375]"
23933343670,"std_msgs.msg.Header(stamp=builtin_interfaces.msg.Time(sec=1731185790, nanosec=864022513), frame_id='RU_myo')","geometry_msgs.msg.Quaternion(x=0.7786620529950877, y=0.5852935977243784, z=0.15320543646763896, w=0.16626757328201136)",[0. 0. 0. 0. 0. 0. 0. 0. 0.],"geometry_msgs.msg.Vector3(x=-96.875, y=-54.375, z=-22.375)",[0. 0. 0. 0. 0. 0. 0. 0. 0.],"geometry_msgs.msg.Vector3(x=0.05224609375, y=1.02685546875, z=-0.15625)",[0. 0. 0. 0. 0. 0. 0. 0. 0.],False,26.213873592,"[0.7786620529950877, 0.5852935977243784, 0.15320543646763896, 0.16626757328201136]","[-96.875, -54.375, -22.375]","[0.05224609375, 1.02685546875, -0.15625]"
23955709935,"std_msgs.msg.Header(stamp=builtin_interfaces.msg.Time(sec=1731185790, nanosec=886573235), frame_id='RU_myo')","geometry_msgs.msg.Quaternion(x=0.7929987159909999, y=0.5716768760754083, z=0.14148483864433017, w=0.15595071731504037)",[0. 0. 0. 0. 0. 0. 0. 0. 0.],"geometry_msgs.msg.Vector3(x=-121.5625, y=-86.8125, z=-32.875)",[0. 0. 0. 0. 0. 0. 0. 0. 0.],"geometry_msgs.msg.Vector3(x=-0.03173828125, y=1.21435546875, z=-0.23779296875)",[0. 0. 0. 0. 0. 0. 0. 0. 0.],False,26.236239857,"[0.7929987159909999, 0.5716768760754083, 0.14148483864433017, 0.15595071731504037]","[-121.5625, -86.8125, -32.875]","[-0.03173828125, 1.21435546875, -0.23779296875]"
23978177272,"std_msgs.msg.Header(stamp=builtin_interfaces.msg.Time(sec=1731185790, nanosec=908973004), frame_id='RU_myo')","geometry_msgs.msg.Quaternion(x=0.8105554853053486, y=0.554388213330458, z=0.12573375750971522, w=0.14087063705457414)",[0. 0. 0. 0. 0. 0. 0. 0. 0.],"geometry_msgs.msg.Vector3(x=-148.5625, y=-120.3125, z=-47.5)",[0. 0. 0. 0. 0. 0. 0. 0. 0.],"geometry_msgs.msg.Vector3(x=-0.03271484375, y=1.16796875, z=-0.20751953125)",[0. 0. 0. 0. 0. 0. 0. 0. 0.],False,26.258707194,"[0.8105554853053486, 0.554388213330458, 0.12573375750971522, 0.14087063705457414]","[-148.5625, -120.3125, -47.5]","[-0.03271484375, 1.16796875, -0.20751953125]"
23992866158,"std_msgs.msg.Header(stamp=builtin_interfaces.msg.Time(sec=1731185790, nanosec=923815957), frame_id='RU_myo')","geometry_msgs.msg.Quaternion(x=0.8322114376881862, y=0.5300663139859328, z=0.10663586487026999, w=0.12281131088665326)",[0. 0. 0. 0. 0. 0. 0. 0. 0.],"geometry_msgs.msg.Vector3(x=-192.4375, y=-141.4375, z=-60.625)",[0. 0. 0. 0. 0. 0. 0. 0. 0.],"geometry_msgs.msg.Vector3(x=0.0947265625, y=0.81396484375, z=-0.1435546875)",[0. 0. 0. 0. 0. 0. 0. 0. 0.],False,26.27339608,"[0.8322114376881862, 0.5300663139859328, 0.10663586487026999, 0.12281131088665326]","[-192.4375, -141.4375, -60.625]","[0.0947265625, 0.81396484375, -0.1435546875]"
24015812003,"std_msgs.msg.Header(stamp=builtin_interfaces.msg.Time(sec=1731185790, nanosec=946571816), frame_id='RU_myo')","geometry_msgs.msg.Quaternion(x=0.852840360672168, y=0.5046724951358063, z=0.08618741692449908, w=0.1026680136451894)",[0. 0. 0. 0. 0. 0. 0. 0. 0.],"geometry_msgs.msg.Vector3(x=-189.625, y=-152.1875, z=-67.375)",[0. 0. 0. 0. 0. 0. 0. 0. 0.],"geometry_msgs.msg.Vector3(x=0.181640625, y=0.5625, z=0.0556640625)",[0. 0. 0. 0. 0. 0. 0. 0. 0.],False,26.296341925,"[0.852840360672168, 0.5046724951358063, 0.08618741692449908, 0.1026680136451894]","[-189.625, -152.1875, -67.375]","[0.181640625, 0.5625, 0.0556640625]"
24036791254,"std_msgs.msg.Header(stamp=builtin_interfaces.msg.Time(sec=1731185790, nanosec=967580728), frame_id='RU_myo')","geometry_msgs.msg.Quaternion(x=0.8671475949940304, y=0.4870724155734752, z=0.06500402538668561, w=0.08117873592891253)",[0. 0. 0. 0. 0. 0. 0. 0. 0.],"geometry_msgs.msg.Vector3(x=-129.25, y=-160.5, z=-64.1875)",[0. 0. 0. 0. 0. 0. 0. 0. 0.],"geometry_msgs.msg.Vector3(x=0.2001953125, y=0.45458984375, z=0.265625)",[0. 0. 0. 0. 0. 0. 0. 0. 0.],False,26.317321176,"[0.8671475949940304, 0.4870724155734752, 0.06500402538668561, 0.08117873592891253]","[-129.25, -160.5, -64.1875]","[0.2001953125, 0.45458984375, 0.265625]"
24052921555,"std_msgs.msg.Header(stamp=builtin_interfaces.msg.Time(sec=1731185790, nanosec=983847507), frame_id='RU_myo')","geometry_msgs.msg.Quaternion(x=0.8744433459992307, y=0.47964371163353026, z=0.04242203863391493, w=0.05908565956493475)",[0. 0. 0. 0. 0. 0. 0. 0. 0.],"geometry_msgs.msg.Vector3(x=-58.1875, y=-170.8125, z=-56.8125)",[0. 0. 0. 0. 0. 0. 0. 0. 0.],"geometry_msgs.msg.Vector3(x=0.25048828125, y=0.46533203125, z=0.39013671875)",[0. 0. 0. 0. 0. 0. 0. 0. 0.],False,26.333451477,"[0.8744433459992307, 0.47964371163353026, 0.04242203863391493, 0.05908565956493475]","[-58.1875, -170.8125, -56.8125]","[0.25048828125, 0.46533203125, 0.39013671875]"
24075648904,"std_msgs.msg.Header(stamp=builtin_interfaces.msg.Time(sec=1731185791, nanosec=6544566), frame_id='RU_myo')","geometry_msgs.msg.Quaternion(x=0.8762802820540172, y=0.47995206588121603, z=0.01849490982602168, w=0.03790540924739096)",[0. 0. 0. 0. 0. 0. 0. 0. 0.],"geometry_msgs.msg.Vector3(x=-4.625, y=-175.9375, z=-45.375)",[0. 0. 0. 0. 0. 0. 0. 0. 0.],"geometry_msgs.msg.Vector3(x=0.30419921875, y=0.47119140625, z=0.4208984375)",[0. 0. 0. 0. 0. 0. 0. 0. 0.],False,26.356178826,"[0.8762802820540172, 0.47995206588121603, 0.01849490982602168, 0.03790540924739096]","[-4.625, -175.9375, -45.375]","[0.30419921875, 0.47119140625, 0.4208984375]"
24096446195,"std_msgs.msg.Header(stamp=builtin_interfaces.msg.Time(sec=1731185791, nanosec=27410755), frame_id='RU_myo')","geometry_msgs.msg.Quaternion(x=0.8738253973603224, y=0.4858654765987822, z=-0.006958374916113212, w=0.01776216754902583)",[0. 0. 0. 0. 0. 0. 0. 0. 0.],"geometry_msgs.msg.Vector3(x=36.0, y=-181.3125, z=-34.75)",[0. 0. 0. 0. 0. 0. 0. 0. 0.],"geometry_msgs.msg.Vector3(x=0.34716796875, y=0.4443359375, z=0.45751953125)",[0. 0. 0. 0. 0. 0. 0. 0. 0.],False,26.376976117,"[0.8738253973603224, 0.4858654765987822, -0.006958374916113212, 0.01776216754902583]","[36.0, -181.3125, -34.75]","[0.34716796875, 0.4443359375, 0.45751953125]"
24113069099,"std_msgs.msg.Header(stamp=builtin_interfaces.msg.Time(sec=1731185791, nanosec=43951883), frame_id='RU_myo')","geometry_msgs.msg.Quaternion(x=0.8679254685748332, y=0.49536449387857573, z=-0.03631615005640125, w=0.0007324265557593529)",[0. 0. 0. 0. 0. 0. 0. 0. 0.],"geometry_msgs.msg.Vector3(x=63.0, y=-193.8125, z=-7.375)",[0. 0. 0. 0. 0. 0. 0. 0. 0.],"geometry_msgs.msg.Vector3(x=0.3095703125, y=0.44287109375, z=0.43896484375)",[0. 0. 0. 0. 0. 0. 0. 0. 0.],False,26.393599021,"[0.8679254685748332, 0.49536449387857573, -0.03631615005640125, 0.0007324265557593529]","[63.0, -193.8125, -7.375]","[0.3095703125, 0.44287109375, 0.43896484375]"
24135410143,"std_msgs.msg.Header(stamp=builtin_interfaces.msg.Time(sec=1731185791, nanosec=66446389), frame_id='RU_myo')","geometry_msgs.msg.Quaternion(x=0.8597623132672837, y=0.5055666080358449, z=-0.07098562901674364, w=-0.013122880686672299)",[0. 0. 0. 0. 0. 0. 0. 0. 0.],"geometry_msgs.msg.Vector3(x=72.4375, y=-211.25, z=23.0)",[0. 0. 0. 0. 0. 0. 0. 0. 0.],"geometry_msgs.msg.Vector3(x=0.36474609375, y=0.5625, z=0.38916015625)",[0. 0. 0. 0. 0. 0. 0. 0. 0.],False,26.415940065,"[0.8597623132672837, 0.5055666080358449, -0.07098562901674364, -0.013122880686672299]","[72.4375, -211.25, 23.0]","[0.36474609375, 0.5625, 0.38916015625]"
24157059584,"std_msgs.msg.Header(stamp=builtin_interfaces.msg.Time(sec=1731185791, nanosec=87785160), frame_id='RU_myo')","geometry_msgs.msg.Quaternion(x=0.8522765563106751, y=0.5111339885802186, z=-0.10846490299821454, w=-0.024537361286033905)",[0. 0. 0. 0. 0. 0. 0. 0. 0.],"geometry_msgs.msg.Vector3(x=48.0, y=-217.625, z=44.3125)",[0. 0. 0. 0. 0. 0. 0. 0. 0.],"geometry_msgs.msg.Vector3(x=0.4892578125, y=0.7099609375, z=0.4189453125)",[0. 0. 0. 0. 0. 0. 0. 0. 0.],False,26.437589506,"[0.8522765563106751, 0.5111339885802186, -0.10846490299821454, -0.024537361286033905]","[48.0, -217.625, 44.3125]","[0.4892578125, 0.7099609375, 0.4189453125]"
24173129078,"std_msgs.msg.Header(stamp=builtin_interfaces.msg.Time(sec=1731185791, nanosec=104063119), frame_id='RU_myo')","geometry_msgs.msg.Quaternion(x=0.8481037941129073, y=0.507946727211775, z=-0.14667099080628399, w=-0.03460776187564004)",[0. 0. 0. 0. 0. 0. 0. 0. 0.],"geometry_msgs.msg.Vector3(x=-4.1875, y=-216.9375, z=59.375)",[0. 0. 0. 0. 0. 0. 0. 0. 0.],"geometry_msgs.msg.Vector3(x=0.4931640625, y=0.73095703125, z=0.35009765625)",[0. 0. 0. 0. 0. 0. 0. 0. 0.],False,26.453659,"[0.8481037941129073, 0.507946727211775, -0.14667099080628399, -0.03460776187564004]","[-4.1875, -216.9375, 59.375]","[0.4931640625, 0.73095703125, 0.35009765625]"
24195475369,"std_msgs.msg.Header(stamp=builtin_interfaces.msg.Time(sec=1731185791, nanosec=126361579), frame_id='RU_myo')","geometry_msgs.msg.Quaternion(x=0.8466427255141475, y=0.49574163482271694, z=-0.18829881105984755, w=-0.0444958940883724)",[0. 0. 0. 0. 0. 0. 0. 0. 0.],"geometry_msgs.msg.Vector3(x=-54.3125, y=-232.625, z=77.875)",[0. 0. 0. 0. 0. 0. 0. 0. 0.],"geometry_msgs.msg.Vector3(x=0.55712890625, y=0.64111328125, z=0.369140625)",[0. 0. 0. 0. 0. 0. 0. 0. 0.],False,26.476005291,"[0.8466427255141475, 0.49574163482271694, -0.18829881105984755, -0.0444958940883724]","[-54.3125, -232.625, 77.875]","[0.55712890625, 0.64111328125, 0.369140625]"
24224314963,"std_msgs.msg.Header(stamp=builtin_interfaces.msg.Time(sec=1731185791, nanosec=155094423), frame_id='RU_myo')","geometry_msgs.msg.Quaternion(x=0.845758564891632, y=0.4774482891586566, z=-0.23207087642306476, w=-0.05365341935188688)",[0. 0. 0. 0. 0. 0. 0. 0. 0.],"geometry_msgs.msg.Vector3(x=-83.25, y=-242.3125, z=94.375)",[0. 0. 0. 0. 0. 0. 0. 0. 0.],"geometry_msgs.msg.Vector3(x=0.642578125, y=0.6923828125, z=0.4912109375)",[0. 0. 0. 0. 0. 0. 0. 0. 0.],False,26.504844885,"[0.845758564891632, 0.4774482891586566, -0.23207087642306476, -0.05365341935188688]","[-83.25, -242.3125, 94.375]","[0.642578125, 0.6923828125, 0.4912109375]"
24233057658,"std_msgs.msg.Header(stamp=builtin_interfaces.msg.Time(sec=1731185791, nanosec=163976471), frame_id='RU_myo')","geometry_msgs.msg.Quaternion(x=0.844701660775674, y=0.45436513930299277, z=-0.27558551906945356, w=-0.06390654229584006)",[0. 0. 0. 0. 0. 0. 0. 0. 0.],"geometry_msgs.msg.Vector3(x=-106.6875, y=-246.0625, z=94.4375)",[0. 0. 0. 0. 0. 0. 0. 0. 0.],"geometry_msgs.msg.Vector3(x=0.689453125, y=0.60400390625, z=0.4990234375)",[0. 0. 0. 0. 0. 0. 0. 0. 0.],False,26.51358758,"[0.844701660775674, 0.45436513930299277, -0.27558551906945356, -0.06390654229584006]","[-106.6875, -246.0625, 94.4375]","[0.689453125, 0.60400390625, 0.4990234375]"
24255695805,"std_msgs.msg.Header(stamp=builtin_interfaces.msg.Time(sec=1731185791, nanosec=186500138), frame_id='RU_myo')","geometry_msgs.msg.Quaternion(x=0.841681147841283, y=0.4282869191009632, z=-0.32043698521876257, w=-0.0739141312571279)",[0. 0. 0. 0. 0. 0. 0. 0. 0.],"geometry_msgs.msg.Vector3(x=-114.625, y=-256.1875, z=102.375)",[0. 0. 0. 0. 0. 0. 0. 0. 0.],"geometry_msgs.msg.Vector3(x=0.65478515625, y=0.2978515625, z=0.400390625)",[0. 0. 0. 0. 0. 0. 0. 0. 0.],False,26.536225727,"[0.841681147841283, 0.4282869191009632, -0.32043698521876257, -0.0739141312571279]","[-114.625, -256.1875, 102.375]","[0.65478515625, 0.2978515625, 0.400390625]"
24276682946,"std_msgs.msg.Header(stamp=builtin_interfaces.msg.Time(sec=1731185791, nanosec=207496250), frame_id='RU_myo')","geometry_msgs.msg.Quaternion(x=0.8333249293539918, y=0.4048519927052683, z=-0.3674979418179437, w=-0.08129999310770653)",[0. 0. 0. 0. 0. 0. 0. 0. 0.],"geometry_msgs.msg.Vector3(x=-81.6875, y=-271.0, z=114.0)",[0. 0. 0. 0. 0. 0. 0. 0. 0.],"geometry_msgs.msg.Vector3(x=0.6806640625, y=0.3154296875, z=0.51025390625)",[0. 0. 0. 0. 0. 0. 0. 0. 0.],False,26.557212868,"[0.8333249293539918, 0.4048519927052683, -0.3674979418179437, -0.08129999310770653]","[-81.6875, -271.0, 114.0]","[0.6806640625, 0.3154296875, 0.51025390625]"
24293223532,"std_msgs.msg.Header(stamp=builtin_interfaces.msg.Time(sec=1731185791, nanosec=224045495), frame_id='RU_myo')","geometry_msgs.msg.Quaternion(x=0.819353383273327, y=0.38800874981142275, z=-0.41333887898740834, w=-0.08520689236066481)",[0. 0. 0. 0. 0. 0. 0. 0. 0.],"geometry_msgs.msg.Vector3(x=-34.8125, y=-261.3125, z=109.3125)",[0. 0. 0. 0. 0. 0. 0. 0. 0.],"geometry_msgs.msg.Vector3(x=1.1259765625, y=0.5810546875, z=0.26708984375)",[0. 0. 0. 0. 0. 0. 0. 0. 0.],False,26.573753454,"[0.819353383273327, 0.38800874981142275, -0.41333887898740834, -0.08520689236066481]","[-34.8125, -261.3125, 109.3125]","[1.1259765625, 0.5810546875, 0.26708984375]"
24315598193,"std_msgs.msg.Header(stamp=builtin_interfaces.msg.Time(sec=1731185791, nanosec=246576487), frame_id='RU_myo')","geometry_msgs.msg.Quaternion(x=0.8009720792108161, y=0.37408807997280286, z=-0.4595991584589991, w=-0.08526693550693516)",[0. 0. 0. 0. 0. 0. 0. 0. 0.],"geometry_msgs.msg.Vector3(x=1.6875, y=-269.0, z=120.8125)",[0. 0. 0. 0. 0. 0. 0. 0. 0.],"geometry_msgs.msg.Vector3(x=1.064453125, y=0.54833984375, z=0.546875)",[0. 0. 0. 0. 0. 0. 0. 0. 0.],False,26.596128115,"[0.8009720792108161, 0.37408807997280286, -0.4595991584589991, -0.08526693550693516]","[1.6875, -269.0, 120.8125]","[1.064453125, 0.54833984375, 0.546875]"
24336599506,"std_msgs.msg.Header(stamp=builtin_interfaces.msg.Time(sec=1731185791, nanosec=267443101), frame_id='RU_myo')","geometry_msgs.msg.Quaternion(x=0.7802893829388354, y=0.35895508925714104, z=-0.5052593485581727, w=-0.08374194566583873)",[0. 0. 0. 0. 0. 0. 0. 0. 0.],"geometry_msgs.msg.Vector3(x=5.0, y=-270.375, z=129.375)",[0. 0. 0. 0. 0. 0. 0. 0. 0.],"geometry_msgs.msg.Vector3(x=1.12255859375, y=0.568359375, z=0.51513671875)",[0. 0. 0. 0. 0. 0. 0. 0. 0.],False,26.617129428,"[0.7802893829388354, 0.35895508925714104, -0.5052593485581727, -0.08374194566583873]","[5.0, -270.375, 129.375]","[1.12255859375, 0.568359375, 0.51513671875]"
24336599506,"std_msgs.msg.Header(stamp=builtin_interfaces.msg.Time(sec=1731185796, nanosec=999715759), frame_id='RU_myo')","geometry_msgs.msg.Quaternion(x=0.6522934761102769, y=0.27454066207018113, z=-0.7018548406280597, w=-0.08087291623899288)",[0. 0. 0. 0. 0. 0. 0. 0. 0.],"geometry_msgs.msg.Vector3(x=13.3125, y=22.9375, z=-48.5625)",[0. 0. 0. 0. 0. 0. 0. 0. 0.],"geometry_msgs.msg.Vector3(x=1.10986328125, y=0.66845703125, z=-0.0322265625)",[0. 0. 0. 0. 0. 0. 0. 0. 0.],False,32.34936582,"[0.6522934761102769, 0.27454066207018113, -0.7018548406280597, -0.08087291623899288]","[13.3125, 22.9375, -48.5625]","[1.10986328125, 0.66845703125, -0.0322265625]"
24358639984,"std_msgs.msg.Header(stamp=builtin_interfaces.msg.Time(sec=1731185797, nanosec=21614197), frame_id='RU_myo')","geometry_msgs.msg.Quaternion(x=0.658633365719953, y=0.28338751895447517, z=-0.6920197479874736, w=-0.0836795796869665)",[0. 0. 0. 0. 0. 0. 0. 0. 0.],"geometry_msgs.msg.Vector3(x=15.6875, y=46.625, z=-59.625)",[0. 0. 0. 0. 0. 0. 0. 0. 0.],"geometry_msgs.msg.Vector3(x=1.21826171875, y=0.677734375, z=0.08056640625)",[0. 0. 0. 0. 0. 0. 0. 0. 0.],False,32.371406298,"[0.658633365719953, 0.28338751895447517, -0.6920197479874736, -0.0836795796869665]","[15.6875, 46.625, -59.625]","[1.21826171875, 0.677734375, 0.08056640625]"
24379203714,"std_msgs.msg.Header(stamp=builtin_interfaces.msg.Time(sec=1731185797, nanosec=42416586), frame_id='RU_myo')","geometry_msgs.msg.Quaternion(x=0.6685213263949377, y=0.2919325759286941, z=-0.6784701053780815, w=-0.08679241542350052)",[0. 0. 0. 0. 0. 0. 0. 0. 0.],"geometry_msgs.msg.Vector3(x=8.0, y=71.5, z=-61.75)",[0. 0. 0. 0. 0. 0. 0. 0. 0.],"geometry_msgs.msg.Vector3(x=1.17529296875, y=0.71728515625, z=0.1689453125)",[0. 0. 0. 0. 0. 0. 0. 0. 0.],False,32.391970028,"[0.6685213263949377, 0.2919325759286941, -0.6784701053780815, -0.08679241542350052]","[8.0, 71.5, -61.75]","[1.17529296875, 0.71728515625, 0.1689453125]"
24395903097,"std_msgs.msg.Header(stamp=builtin_interfaces.msg.Time(sec=1731185797, nanosec=58990116), frame_id='RU_myo')","geometry_msgs.msg.Quaternion(x=0.6804307987984056, y=0.30054191364220934, z=-0.6619368508224532, w=-0.09234766761589412)",[0. 0. 0. 0. 0. 0. 0. 0. 0.],"geometry_msgs.msg.Vector3(x=-3.75, y=83.875, z=-68.625)",[0. 0. 0. 0. 0. 0. 0. 0. 0.],"geometry_msgs.msg.Vector3(x=1.06884765625, y=0.80859375, z=0.2646484375)",[0. 0. 0. 0. 0. 0. 0. 0. 0.],False,32.408669411,"[0.6804307987984056, 0.30054191364220934, -0.6619368508224532, -0.09234766761589412]","[-3.75, 83.875, -68.625]","[1.06884765625, 0.80859375, 0.2646484375]"
24418395870,"std_msgs.msg.Header(stamp=builtin_interfaces.msg.Time(sec=1731185797, nanosec=81436716), frame_id='RU_myo')","geometry_msgs.msg.Quaternion(x=0.692916081065715, y=0.3082204007206783, z=-0.6439059856639913, w=-0.1012549791674466)",[0. 0. 0. 0. 0. 0. 0. 0. 0.],"geometry_msgs.msg.Vector3(x=-32.375, y=102.625, z=-85.9375)",[0. 0. 0. 0. 0. 0. 0. 0. 0.],"geometry_msgs.msg.Vector3(x=1.06787109375, y=0.8701171875, z=0.2373046875)",[0. 0. 0. 0. 0. 0. 0. 0. 0.],False,32.431162184,"[0.692916081065715, 0.3082204007206783, -0.6439059856639913, -0.1012549791674466]","[-32.375, 102.625, -85.9375]","[1.06787109375, 0.8701171875, 0.2373046875]"
24439166313,"std_msgs.msg.Header(stamp=builtin_interfaces.msg.Time(sec=1731185797, nanosec=102418775), frame_id='RU_myo')","geometry_msgs.msg.Quaternion(x=0.7080591435293166, y=0.31396054084258296, z=-0.6216955810697026, w=-0.11651451642077972)",[0. 0. 0. 0. 0. 0. 0. 0. 0.],"geometry_msgs.msg.Vector3(x=-71.3125, y=117.8125, z=-112.0625)",[0. 0. 0. 0. 0. 0. 0. 0. 0.],"geometry_msgs.msg.Vector3(x=1.1484375, y=0.85693359375, z=0.234375)",[0. 0. 0. 0. 0. 0. 0. 0. 0.],False,32.451932627,"[0.7080591435293166, 0.31396054084258296, -0.6216955810697026, -0.11651451642077972]","[-71.3125, 117.8125, -112.0625]","[1.1484375, 0.85693359375, 0.234375]"
24454968741,"std_msgs.msg.Header(stamp=builtin_interfaces.msg.Time(sec=1731185797, nanosec=118096400), frame_id='RU_myo')","geometry_msgs.msg.Quaternion(x=0.7259798009762334, y=0.31672348976506437, z=-0.5954206287643482, w=-0.13458764596877373)",[0. 0. 0. 0. 0. 0. 0. 0. 0.],"geometry_msgs.msg.Vector3(x=-100.4375, y=136.625, z=-121.75)",[0. 0. 0. 0. 0. 0. 0. 0. 0.],"geometry_msgs.msg.Vector3(x=1.0537109375, y=0.61474609375, z=0.3466796875)",[0. 0. 0. 0. 0. 0. 0. 0. 0.],False,32.467735055,"[0.7259798009762334, 0.31672348976506437, -0.5954206287643482, -0.13458764596877373]","[-100.4375, 136.625, -121.75]","[1.0537109375, 0.61474609375, 0.3466796875]"
24478289225,"std_msgs.msg.Header(stamp=builtin_interfaces.msg.Time(sec=1731185797, nanosec=141452293), frame_id='RU_myo')","geometry_msgs.msg.Quaternion(x=0.7471900794698383, y=0.31780907889229276, z=-0.5637800003318817, w=-0.15118361598160343)",[0. 0. 0. 0. 0. 0. 0. 0. 0.],"geometry_msgs.msg.Vector3(x=-111.5, y=171.375, z=-117.625)",[0. 0. 0. 0. 0. 0. 0. 0. 0.],"geometry_msgs.msg.Vector3(x=0.93994140625, y=0.521484375, z=0.46337890625)",[0. 0. 0. 0. 0. 0. 0. 0. 0.],False,32.491055539,"[0.7471900794698383, 0.31780907889229276, -0.5637800003318817, -0.15118361598160343]","[-111.5, 171.375, -117.625]","[0.93994140625, 0.521484375, 0.46337890625]"
24499253675,"std_msgs.msg.Header(stamp=builtin_interfaces.msg.Time(sec=1731185797, nanosec=162414001), frame_id='RU_myo')","geometry_msgs.msg.Quaternion(x=0.7718139877577445, y=0.3170266391786259, z=-0.5260786682865954, w=-0.1644339172020058)",[0. 0. 0. 0. 0. 0. 0. 0. 0.],"geometry_msgs.msg.Vector3(x=-119.6875, y=213.3125, z=-106.5)",[0. 0. 0. 0. 0. 0. 0. 0. 0.],"geometry_msgs.msg.Vector3(x=0.90283203125, y=0.47265625, z=0.548828125)",[0. 0. 0. 0. 0. 0. 0. 0. 0.],False,32.512019989,"[0.7718139877577445, 0.3170266391786259, -0.5260786682865954, -0.1644339172020058]","[-119.6875, 213.3125, -106.5]","[0.90283203125, 0.47265625, 0.548828125]"
24515178491,"std_msgs.msg.Header(stamp=builtin_interfaces.msg.Time(sec=1731185797, nanosec=178265860), frame_id='RU_myo')","geometry_msgs.msg.Quaternion(x=0.7998077057552885, y=0.3123180731341431, z=-0.48181334166912754, w=-0.17498845332725976)",[0. 0. 0. 0. 0. 0. 0. 0. 0.],"geometry_msgs.msg.Vector3(x=-142.5, y=255.75, z=-91.5625)",[0. 0. 0. 0. 0. 0. 0. 0. 0.],"geometry_msgs.msg.Vector3(x=0.8955078125, y=0.49609375, z=0.53662109375)",[0. 0. 0. 0. 0. 0. 0. 0. 0.],False,32.527944805,"[0.7998077057552885, 0.3123180731341431, -0.48181334166912754, -0.17498845332725976]","[-142.5, 255.75, -91.5625]","[0.8955078125, 0.49609375, 0.53662109375]"
24522698603,"std_msgs.msg.Header(stamp=builtin_interfaces.msg.Time(sec=1731185797, nanosec=185831422), frame_id='RU_myo')","geometry_msgs.msg.Quaternion(x=0.8285042449867286, y=0.3028612099325289, z=-0.43476025762785236, w=-0.18121622980444949)",[0. 0. 0. 0. 0. 0. 0. 0. 0.],"geometry_msgs.msg.Vector3(x=-156.375, y=275.0625, z=-63.5)",[0. 0. 0. 0. 0. 0. 0. 0. 0.],"geometry_msgs.msg.Vector3(x=0.90673828125, y=0.46484375, z=0.587890625)",[0. 0. 0. 0. 0. 0. 0. 0. 0.],False,32.535464917,"[0.8285042449867286, 0.3028612099325289, -0.43476025762785236, -0.18121622980444949]","[-156.375, 275.0625, -63.5]","[0.90673828125, 0.46484375, 0.587890625]"
24543965696,"std_msgs.msg.Header(stamp=builtin_interfaces.msg.Time(sec=1731185797, nanosec=207025031), frame_id='RU_myo')","geometry_msgs.msg.Quaternion(x=0.8547622896089434, y=0.2923062414265374, z=-0.38776812524176074, w=-0.1832331043563302)",[0. 0. 0. 0. 0. 0. 0. 0. 0.],"geometry_msgs.msg.Vector3(x=-148.375, y=277.1875, z=-43.0)",[0. 0. 0. 0. 0. 0. 0. 0. 0.],"geometry_msgs.msg.Vector3(x=0.90380859375, y=0.5, z=0.54150390625)",[0. 0. 0. 0. 0. 0. 0. 0. 0.],False,32.55673201,"[0.8547622896089434, 0.2923062414265374, -0.38776812524176074, -0.1832331043563302]","[-148.375, 277.1875, -43.0]","[0.90380859375, 0.5, 0.54150390625]"
24567757398,"std_msgs.msg.Header(stamp=builtin_interfaces.msg.Time(sec=1731185797, nanosec=230833836), frame_id='RU_myo')","geometry_msgs.msg.Quaternion(x=0.8776088909135645, y=0.28203843695052383, z=-0.3413635528812551, w=-0.18365151629173906)",[0. 0. 0. 0. 0. 0. 0. 0. 0.],"geometry_msgs.msg.Vector3(x=-138.875, y=272.625, z=-39.0)",[0. 0. 0. 0. 0. 0. 0. 0. 0.],"geometry_msgs.msg.Vector3(x=0.92626953125, y=0.486328125, z=0.47412109375)",[0. 0. 0. 0. 0. 0. 0. 0. 0.],False,32.580523712,"[0.8776088909135645, 0.28203843695052383, -0.3413635528812551, -0.18365151629173906]","[-138.875, 272.625, -39.0]","[0.92626953125, 0.486328125, 0.47412109375]"
24582458538,"std_msgs.msg.Header(stamp=builtin_interfaces.msg.Time(sec=1731185797, nanosec=245720481), frame_id='RU_myo')","geometry_msgs.msg.Quaternion(x=0.896647372926307, y=0.27399932314950254, z=-0.296827513583433, w=-0.1812216507976995)",[0. 0. 0. 0. 0. 0. 0. 0. 0.],"geometry_msgs.msg.Vector3(x=-112.5625, y=262.625, z=-30.25)",[0. 0. 0. 0. 0. 0. 0. 0. 0.],"geometry_msgs.msg.Vector3(x=0.87744140625, y=0.40966796875, z=0.56640625)",[0. 0. 0. 0. 0. 0. 0. 0. 0.],False,32.595224852,"[0.896647372926307, 0.27399932314950254, -0.296827513583433, -0.1812216507976995]","[-112.5625, 262.625, -30.25]","[0.87744140625, 0.40966796875, 0.56640625]"
24603770412,"std_msgs.msg.Header(stamp=builtin_interfaces.msg.Time(sec=1731185797, nanosec=266845040), frame_id='RU_myo')","geometry_msgs.msg.Quaternion(x=0.9114517822894634, y=0.27026776213605735, z=-0.2577553657408695, w=-0.17254899809363913)",[0. 0. 0. 0. 0. 0. 0. 0. 0.],"geometry_msgs.msg.Vector3(x=-66.4375, y=242.5, z=-1.75)",[0. 0. 0. 0. 0. 0. 0. 0. 0.],"geometry_msgs.msg.Vector3(x=0.83740234375, y=0.30615234375, z=0.59619140625)",[0. 0. 0. 0. 0. 0. 0. 0. 0.],False,32.616536726,"[0.9114517822894634, 0.27026776213605735, -0.2577553657408695, -0.17254899809363913]","[-66.4375, 242.5, -1.75]","[0.83740234375, 0.30615234375, 0.59619140625]"
24626479544,"std_msgs.msg.Header(stamp=builtin_interfaces.msg.Time(sec=1731185797, nanosec=289505993), frame_id='RU_myo')","geometry_msgs.msg.Quaternion(x=0.9222541583299337, y=0.27423480697395053, z=-0.2222321237908199, w=-0.15765602190378683)",[0. 0. 0. 0. 0. 0. 0. 0. 0.],"geometry_msgs.msg.Vector3(x=-6.375, y=234.8125, z=21.5)",[0. 0. 0. 0. 0. 0. 0. 0. 0.],"geometry_msgs.msg.Vector3(x=0.7421875, y=0.2275390625, z=0.6064453125)",[0. 0. 0. 0. 0. 0. 0. 0. 0.],False,32.639245858,"[0.9222541583299337, 0.27423480697395053, -0.2222321237908199, -0.15765602190378683]","[-6.375, 234.8125, 21.5]","[0.7421875, 0.2275390625, 0.6064453125]"
24641194140,"std_msgs.msg.Header(stamp=builtin_interfaces.msg.Time(sec=1731185797, nanosec=304286782), frame_id='RU_myo')","geometry_msgs.msg.Quaternion(x=0.9282990372219178, y=0.2889452062731645, z=-0.189944546244632, w=-0.1367210101503778)",[0. 0. 0. 0. 0. 0. 0. 0. 0.],"geometry_msgs.msg.Vector3(x=68.3125, y=230.4375, z=41.25)",[0. 0. 0. 0. 0. 0. 0. 0. 0.],"geometry_msgs.msg.Vector3(x=0.62939453125, y=0.24267578125, z=0.57177734375)",[0. 0. 0. 0. 0. 0. 0. 0. 0.],False,32.653960454,"[0.9282990372219178, 0.2889452062731645, -0.189944546244632, -0.1367210101503778]","[68.3125, 230.4375, 41.25]","[0.62939453125, 0.24267578125, 0.57177734375]"
24663581693,"std_msgs.msg.Header(stamp=builtin_interfaces.msg.Time(sec=1731185797, nanosec=326723650), frame_id='RU_myo')","geometry_msgs.msg.Quaternion(x=0.9296347383680669, y=0.3118924242046367, z=-0.1610732108563672, w=-0.11206154419563856)",[0. 0. 0. 0. 0. 0. 0. 0. 0.],"geometry_msgs.msg.Vector3(x=125.4375, y=218.9375, z=54.6875)",[0. 0. 0. 0. 0. 0. 0. 0. 0.],"geometry_msgs.msg.Vector3(x=0.564453125, y=0.3408203125, z=0.59033203125)",[0. 0. 0. 0. 0. 0. 0. 0. 0.],False,32.676348007,"[0.9296347383680669, 0.3118924242046367, -0.1610732108563672, -0.11206154419563856]","[125.4375, 218.9375, 54.6875]","[0.564453125, 0.3408203125, 0.59033203125]"
24687780691,"std_msgs.msg.Header(stamp=builtin_interfaces.msg.Time(sec=1731185797, nanosec=350976171), frame_id='RU_myo')","geometry_msgs.msg.Quaternion(x=0.925789618636157, y=0.34259342889008104, z=-0.13556030742292358, w=-0.08465652696785006)",[0. 0. 0. 0. 0. 0. 0. 0. 0.],"geometry_msgs.msg.Vector3(x=177.4375, y=205.9375, z=66.4375)",[0. 0. 0. 0. 0. 0. 0. 0. 0.],"geometry_msgs.msg.Vector3(x=0.49658203125, y=0.578125, z=0.47021484375)",[0. 0. 0. 0. 0. 0. 0. 0. 0.],False,32.700547005,"[0.925789618636157, 0.34259342889008104, -0.13556030742292358, -0.08465652696785006]","[177.4375, 205.9375, 66.4375]","[0.49658203125, 0.578125, 0.47021484375]"
24701090138,"std_msgs.msg.Header(stamp=builtin_interfaces.msg.Time(sec=1731185797, nanosec=364195262), frame_id='RU_myo')","geometry_msgs.msg.Quaternion(x=0.9195006725153377, y=0.3727078535832881, z=-0.10913882119340307, w=-0.06079545073189567)",[0. 0. 0. 0. 0. 0. 0. 0. 0.],"geometry_msgs.msg.Vector3(x=172.1875, y=201.4375, z=45.0625)",[0. 0. 0. 0. 0. 0. 0. 0. 0.],"geometry_msgs.msg.Vector3(x=0.4296875, y=0.69384765625, z=0.2138671875)",[0. 0. 0. 0. 0. 0. 0. 0. 0.],False,32.713856452,"[0.9195006725153377, 0.3727078535832881, -0.10913882119340307, -0.06079545073189567]","[172.1875, 201.4375, 45.0625]","[0.4296875, 0.69384765625, 0.2138671875]"
24723833053,"std_msgs.msg.Header(stamp=builtin_interfaces.msg.Time(sec=1731185797, nanosec=386946621), frame_id='RU_myo')","geometry_msgs.msg.Quaternion(x=0.9140501812376369, y=0.39510162425049905, z=-0.08057070044966148, w=-0.04376453956242976)",[0. 0. 0. 0. 0. 0. 0. 0. 0.],"geometry_msgs.msg.Vector3(x=123.25, y=194.25, z=11.25)",[0. 0. 0. 0. 0. 0. 0. 0. 0.],"geometry_msgs.msg.Vector3(x=0.26611328125, y=0.8046875, z=0.19140625)",[0. 0. 0. 0. 0. 0. 0. 0. 0.],False,32.736599367,"[0.9140501812376369, 0.39510162425049905, -0.08057070044966148, -0.04376453956242976]","[123.25, 194.25, 11.25]","[0.26611328125, 0.8046875, 0.19140625]"
24746111882,"std_msgs.msg.Header(stamp=builtin_interfaces.msg.Time(sec=1731185797, nanosec=409305237), frame_id='RU_myo')","geometry_msgs.msg.Quaternion(x=0.9090861261151939, y=0.41151192844559137, z=-0.05590995646042149, w=-0.03308209214142843)",[0. 0. 0. 0. 0. 0. 0. 0. 0.],"geometry_msgs.msg.Vector3(x=91.5, y=156.1875, z=-9.1875)",[0. 0. 0. 0. 0. 0. 0. 0. 0.],"geometry_msgs.msg.Vector3(x=0.13330078125, y=0.857421875, z=0.4072265625)",[0. 0. 0. 0. 0. 0. 0. 0. 0.],False,32.758878196,"[0.9090861261151939, 0.41151192844559137, -0.05590995646042149, -0.03308209214142843]","[91.5, 156.1875, -9.1875]","[0.13330078125, 0.857421875, 0.4072265625]"
24761167338,"std_msgs.msg.Header(stamp=builtin_interfaces.msg.Time(sec=1731185797, nanosec=424277694), frame_id='RU_myo')","geometry_msgs.msg.Quaternion(x=0.9054309215588627, y=0.42219668898629187, z=-0.03680563878252624, w=-0.024292942347339044)",[0. 0. 0. 0. 0. 0. 0. 0. 0.],"geometry_msgs.msg.Vector3(x=59.1875, y=121.75, z=-3.9375)",[0. 0. 0. 0. 0. 0. 0. 0. 0.],"geometry_msgs.msg.Vector3(x=0.0810546875, y=0.66796875, z=0.2255859375)",[0. 0. 0. 0. 0. 0. 0. 0. 0.],False,32.773933652,"[0.9054309215588627, 0.42219668898629187, -0.03680563878252624, -0.024292942347339044]","[59.1875, 121.75, -3.9375]","[0.0810546875, 0.66796875, 0.2255859375]"
24783843471,"std_msgs.msg.Header(stamp=builtin_interfaces.msg.Time(sec=1731185797, nanosec=446968348), frame_id='RU_myo')","geometry_msgs.msg.Quaternion(x=0.9055198439249302, y=0.42349151851372874, z=-0.020570285635503976, w=-0.016297526007951223)",[0. 0. 0. 0. 0. 0. 0. 0. 0.],"geometry_msgs.msg.Vector3(x=0.8125, y=105.125, z=1.0)",[0. 0. 0. 0. 0. 0. 0. 0. 0.],"geometry_msgs.msg.Vector3(x=0.10009765625, y=0.57666015625, z=0.1015625)",[0. 0. 0. 0. 0. 0. 0. 0. 0.],False,32.796609785,"[0.9055198439249302, 0.42349151851372874, -0.020570285635503976, -0.016297526007951223]","[0.8125, 105.125, 1.0]","[0.10009765625, 0.57666015625, 0.1015625]"
24806351120,"std_msgs.msg.Header(stamp=builtin_interfaces.msg.Time(sec=1731185797, nanosec=469371493), frame_id='RU_myo')","geometry_msgs.msg.Quaternion(x=0.9055377883368368, y=0.42414276699600156, z=-0.007995783922359506, w=-0.00634779792309457)",[0. 0. 0. 0. 0. 0. 0. 0. 0.],"geometry_msgs.msg.Vector3(x=-9.875, y=93.6875, z=16.0625)",[0. 0. 0. 0. 0. 0. 0. 0. 0.],"geometry_msgs.msg.Vector3(x=0.10302734375, y=0.58935546875, z=0.25048828125)",[0. 0. 0. 0. 0. 0. 0. 0. 0.],False,32.819117434,"[0.9055377883368368, 0.42414276699600156, -0.007995783922359506, -0.00634779792309457]","[-9.875, 93.6875, 16.0625]","[0.10302734375, 0.58935546875, 0.25048828125]"
24821177554,"std_msgs.msg.Header(stamp=builtin_interfaces.msg.Time(sec=1731185797, nanosec=484476619), frame_id='RU_myo')","geometry_msgs.msg.Quaternion(x=0.9023779013401818, y=0.43092451186834985, z=0.0006714121289733496, w=0.004211585172651011)",[0. 0. 0. 0. 0. 0. 0. 0. 0.],"geometry_msgs.msg.Vector3(x=36.0, y=73.9375, z=29.5625)",[0. 0. 0. 0. 0. 0. 0. 0. 0.],"geometry_msgs.msg.Vector3(x=0.07275390625, y=0.55029296875, z=0.3125)",[0. 0. 0. 0. 0. 0. 0. 0. 0.],False,32.833943868,"[0.9023779013401818, 0.43092451186834985, 0.0006714121289733496, 0.004211585172651011]","[36.0, 73.9375, 29.5625]","[0.07275390625, 0.55029296875, 0.3125]"
24843830559,"std_msgs.msg.Header(stamp=builtin_interfaces.msg.Time(sec=1731185797, nanosec=506955874), frame_id='RU_myo')","geometry_msgs.msg.Quaternion(x=0.8950561480974719, y=0.4456969444495185, z=0.0053102758377305, w=0.014160735567281334)",[0. 0. 0. 0. 0. 0. 0. 0. 0.],"geometry_msgs.msg.Vector3(x=83.8125, y=50.1875, z=37.5)",[0. 0. 0. 0. 0. 0. 0. 0. 0.],"geometry_msgs.msg.Vector3(x=0.05078125, y=0.59033203125, z=0.25927734375)",[0. 0. 0. 0. 0. 0. 0. 0. 0.],False,32.856596873,"[0.8950561480974719, 0.4456969444495185, 0.0053102758377305, 0.014160735567281334]","[83.8125, 50.1875, 37.5]","[0.05078125, 0.59033203125, 0.25927734375]"
24866229322,"std_msgs.msg.Header(stamp=builtin_interfaces.msg.Time(sec=1731185797, nanosec=529325409), frame_id='RU_myo')","geometry_msgs.msg.Quaternion(x=0.8860655379551924, y=0.46296115625750045, z=0.007995769475244899, w=0.022156216179495408)",[0. 0. 0. 0. 0. 0. 0. 0. 0.],"geometry_msgs.msg.Vector3(x=95.1875, y=35.8125, z=31.5)",[0. 0. 0. 0. 0. 0. 0. 0. 0.],"geometry_msgs.msg.Vector3(x=0.0712890625, y=0.78759765625, z=0.2646484375)",[0. 0. 0. 0. 0. 0. 0. 0. 0.],False,32.878995636,"[0.8860655379551924, 0.46296115625750045, 0.007995769475244899, 0.022156216179495408]","[95.1875, 35.8125, 31.5]","[0.0712890625, 0.78759765625, 0.2646484375]"
24881592987,"std_msgs.msg.Header(stamp=builtin_interfaces.msg.Time(sec=1731185797, nanosec=544530116), frame_id='RU_myo')","geometry_msgs.msg.Quaternion(x=0.8777984613374683, y=0.4781166363713503, z=0.010315551071972195, w=0.027711598737724122)",[0. 0. 0. 0. 0. 0. 0. 0. 0.],"geometry_msgs.msg.Vector3(x=84.8125, y=25.125, z=24.0)",[0. 0. 0. 0. 0. 0. 0. 0. 0.],"geometry_msgs.msg.Vector3(x=0.0087890625, y=0.921875, z=0.35498046875)",[0. 0. 0. 0. 0. 0. 0. 0. 0.],False,32.894359301,"[0.8777984613374683, 0.4781166363713503, 0.010315551071972195, 0.027711598737724122]","[84.8125, 25.125, 24.0]","[0.0087890625, 0.921875, 0.35498046875]"
24905205660,"std_msgs.msg.Header(stamp=builtin_interfaces.msg.Time(sec=1731185797, nanosec=568322877), frame_id='RU_myo')","geometry_msgs.msg.Quaternion(x=0.8721368716718987, y=0.48807435791492876, z=0.010681967563170651, w=0.0323511017627454)",[0. 0. 0. 0. 0. 0. 0. 0. 0.],"geometry_msgs.msg.Vector3(x=57.0625, y=13.0, z=23.9375)",[0. 0. 0. 0. 0. 0. 0. 0. 0.],"geometry_msgs.msg.Vector3(x=0.00927734375, y=0.91748046875, z=0.42578125)",[0. 0. 0. 0. 0. 0. 0. 0. 0.],False,32.917971974,"[0.8721368716718987, 0.48807435791492876, 0.010681967563170651, 0.0323511017627454]","[57.0625, 13.0, 23.9375]","[0.00927734375, 0.91748046875, 0.42578125]"
24926034976,"std_msgs.msg.Header(stamp=builtin_interfaces.msg.Time(sec=1731185797, nanosec=589149749), frame_id='RU_myo')","geometry_msgs.msg.Quaternion(x=0.8688090945603426, y=0.4937941249819567, z=0.008972526127607867, w=0.03546284136149776)",[0. 0. 0. 0. 0. 0. 0. 0. 0.],"geometry_msgs.msg.Vector3(x=31.9375, y=1.625, z=17.5)",[0. 0. 0. 0. 0. 0. 0. 0. 0.],"geometry_msgs.msg.Vector3(x=0.083984375, y=0.9560546875, z=0.4833984375)",[0. 0. 0. 0. 0. 0. 0. 0. 0.],False,32.93880129,"[0.8688090945603426, 0.4937941249819567, 0.008972526127607867, 0.03546284136149776]","[31.9375, 1.625, 17.5]","[0.083984375, 0.9560546875, 0.4833984375]"
24941150406,"std_msgs.msg.Header(stamp=builtin_interfaces.msg.Time(sec=1731185797, nanosec=604281266), frame_id='RU_myo')","geometry_msgs.msg.Quaternion(x=0.8677135455760802, y=0.4956880770697346, z=0.0068972728369511155, w=0.036317498566247025)",[0. 0. 0. 0. 0. 0. 0. 0. 0.],"geometry_msgs.msg.Vector3(x=5.625, y=-6.125, z=7.5)",[0. 0. 0. 0. 0. 0. 0. 0. 0.],"geometry_msgs.msg.Vector3(x=0.076171875, y=0.99658203125, z=0.484375)",[0. 0. 0. 0. 0. 0. 0. 0. 0.],False,32.95391672,"[0.8677135455760802, 0.4956880770697346, 0.0068972728369511155, 0.036317498566247025]","[5.625, -6.125, 7.5]","[0.076171875, 0.99658203125, 0.484375]"
24963626514,"std_msgs.msg.Header(stamp=builtin_interfaces.msg.Time(sec=1731185797, nanosec=626747823), frame_id='RU_myo')","geometry_msgs.msg.Quaternion(x=0.8695068126000995, y=0.49258827502160785, z=0.004211721310593673, w=0.0360132691775401)",[0. 0. 0. 0. 0. 0. 0. 0. 0.],"geometry_msgs.msg.Vector3(x=-28.625, y=-13.375, z=5.25)",[0. 0. 0. 0. 0. 0. 0. 0. 0.],"geometry_msgs.msg.Vector3(x=0.03369140625, y=0.86669921875, z=0.39208984375)",[0. 0. 0. 0. 0. 0. 0. 0. 0.],False,32.976392828,"[0.8695068126000995, 0.49258827502160785, 0.004211721310593673, 0.0360132691775401]","[-28.625, -13.375, 5.25]","[0.03369140625, 0.86669921875, 0.39208984375]"
24986069432,"std_msgs.msg.Header(stamp=builtin_interfaces.msg.Time(sec=1731185797, nanosec=649263235), frame_id='RU_myo')","geometry_msgs.msg.Quaternion(x=0.8721400143394153, y=0.4879198876498906, z=-0.0006103576277832006, w=0.036133171564765476)",[0. 0. 0. 0. 0. 0. 0. 0. 0.],"geometry_msgs.msg.Vector3(x=-33.25, y=-21.75, z=11.625)",[0. 0. 0. 0. 0. 0. 0. 0. 0.],"geometry_msgs.msg.Vector3(x=0.0654296875, y=0.80810546875, z=0.47314453125)",[0. 0. 0. 0. 0. 0. 0. 0. 0.],False,32.998835746,"[0.8721400143394153, 0.4879198876498906, -0.0006103576277832006, 0.036133171564765476]","[-33.25, -21.75, 11.625]","[0.0654296875, 0.80810546875, 0.47314453125]"
25000948590,"std_msgs.msg.Header(stamp=builtin_interfaces.msg.Time(sec=1731185797, nanosec=664117105), frame_id='RU_myo')","geometry_msgs.msg.Quaternion(x=0.8729651098804783, y=0.48641161800010707, z=-0.006225873388883287, w=0.03601240489648176)",[0. 0. 0. 0. 0. 0. 0. 0. 0.],"geometry_msgs.msg.Vector3(x=-6.125, y=-24.0625, z=8.75)",[0. 0. 0. 0. 0. 0. 0. 0. 0.],"geometry_msgs.msg.Vector3(x=0.14990234375, y=0.8271484375, z=0.59716796875)",[0. 0. 0. 0. 0. 0. 0. 0. 0.],False,33.013714904,"[0.8729651098804783, 0.48641161800010707, -0.006225873388883287, 0.03601240489648176]","[-6.125, -24.0625, 8.75]","[0.14990234375, 0.8271484375, 0.59716796875]"
25023559684,"std_msgs.msg.Header(stamp=builtin_interfaces.msg.Time(sec=1731185797, nanosec=686691494), frame_id='RU_myo')","geometry_msgs.msg.Quaternion(x=0.8722901368508422, y=0.48756935226118026, z=-0.01074263970930993, w=0.03564603176271022)",[0. 0. 0. 0. 0. 0. 0. 0. 0.],"geometry_msgs.msg.Vector3(x=10.3125, y=-19.375, z=2.6875)",[0. 0. 0. 0. 0. 0. 0. 0. 0.],"geometry_msgs.msg.Vector3(x=0.18896484375, y=0.91015625, z=0.62060546875)",[0. 0. 0. 0. 0. 0. 0. 0. 0.],False,33.036325998,"[0.8722901368508422, 0.48756935226118026, -0.01074263970930993, 0.03564603176271022]","[10.3125, -19.375, 2.6875]","[0.18896484375, 0.91015625, 0.62060546875]"
25054909392,"std_msgs.msg.Header(stamp=builtin_interfaces.msg.Time(sec=1731185797, nanosec=718109434), frame_id='RU_myo')","geometry_msgs.msg.Quaternion(x=0.8705811275633402, y=0.4905602273172941, z=-0.014099715380153656, w=0.03521876958592493)",[0. 0. 0. 0. 0. 0. 0. 0. 0.],"geometry_msgs.msg.Vector3(x=11.5625, y=-12.875, z=-1.25)",[0. 0. 0. 0. 0. 0. 0. 0. 0.],"geometry_msgs.msg.Vector3(x=0.21923828125, y=1.08447265625, z=0.52978515625)",[0. 0. 0. 0. 0. 0. 0. 0. 0.],False,33.067675706,"[0.8705811275633402, 0.4905602273172941, -0.014099715380153656, 0.03521876958592493]","[11.5625, -12.875, -1.25]","[0.21923828125, 1.08447265625, 0.52978515625]"
25060886874,"std_msgs.msg.Header(stamp=builtin_interfaces.msg.Time(sec=1731185797, nanosec=724107727), frame_id='RU_myo')","geometry_msgs.msg.Quaternion(x=0.8702710009320506, y=0.49110678029872906, z=-0.016174906385677753, w=0.03436404639674179)",[0. 0. 0. 0. 0. 0. 0. 0. 0.],"geometry_msgs.msg.Vector3(x=0.1875, y=-8.5, z=-5.4375)",[0. 0. 0. 0. 0. 0. 0. 0. 0.],"geometry_msgs.msg.Vector3(x=0.18359375, y=0.9716796875, z=0.54541015625)",[0. 0. 0. 0. 0. 0. 0. 0. 0.],False,33.073653188,"[0.8702710009320506, 0.49110678029872906, -0.016174906385677753, 0.03436404639674179]","[0.1875, -8.5, -5.4375]","[0.18359375, 0.9716796875, 0.54541015625]"
25083358726,"std_msgs.msg.Header(stamp=builtin_interfaces.msg.Time(sec=1731185797, nanosec=746726277), frame_id='RU_myo')","geometry_msgs.msg.Quaternion(x=0.8704335536267707, y=0.49072896509075353, z=-0.01812767445671067, w=0.034668414449197514)",[0. 0. 0. 0. 0. 0. 0. 0. 0.],"geometry_msgs.msg.Vector3(x=6.125, y=-5.0625, z=-0.1875)",[0. 0. 0. 0. 0. 0. 0. 0. 0.],"geometry_msgs.msg.Vector3(x=0.1796875, y=0.75390625, z=0.60205078125)",[0. 0. 0. 0. 0. 0. 0. 0. 0.],False,33.09612504,"[0.8704335536267707, 0.49072896509075353, -0.01812767445671067, 0.034668414449197514]","[6.125, -5.0625, -0.1875]","[0.1796875, 0.75390625, 0.60205078125]"
25105954289,"std_msgs.msg.Header(stamp=builtin_interfaces.msg.Time(sec=1731185797, nanosec=769174001), frame_id='RU_myo')","geometry_msgs.msg.Quaternion(x=0.8683378233875113, y=0.49429211962547914, z=-0.019959684257536636, w=0.035585614440806906)",[0. 0. 0. 0. 0. 0. 0. 0. 0.],"geometry_msgs.msg.Vector3(x=28.8125, y=-5.375, z=5.25)",[0. 0. 0. 0. 0. 0. 0. 0. 0.],"geometry_msgs.msg.Vector3(x=0.142578125, y=0.80712890625, z=0.5703125)",[0. 0. 0. 0. 0. 0. 0. 0. 0.],False,33.118720603,"[0.8683378233875113, 0.49429211962547914, -0.019959684257536636, 0.035585614440806906]","[28.8125, -5.375, 5.25]","[0.142578125, 0.80712890625, 0.5703125]"
25121006091,"std_msgs.msg.Header(stamp=builtin_interfaces.msg.Time(sec=1731185797, nanosec=784137545), frame_id='RU_myo')","geometry_msgs.msg.Quaternion(x=0.8654488864934785, y=0.4994077713019001, z=-0.020020257759352632, w=0.03448611473790926)",[0. 0. 0. 0. 0. 0. 0. 0. 0.],"geometry_msgs.msg.Vector3(x=32.9375, y=-4.875, z=-5.25)",[0. 0. 0. 0. 0. 0. 0. 0. 0.],"geometry_msgs.msg.Vector3(x=0.068359375, y=0.87451171875, z=0.50048828125)",[0. 0. 0. 0. 0. 0. 0. 0. 0.],False,33.133772405,"[0.8654488864934785, 0.4994077713019001, -0.020020257759352632, 0.03448611473790926]","[32.9375, -4.875, -5.25]","[0.068359375, 0.87451171875, 0.50048828125]"
25151157765,"std_msgs.msg.Header(stamp=builtin_interfaces.msg.Time(sec=1731185797, nanosec=814310296), frame_id='RU_myo')","geometry_msgs.msg.Quaternion(x=0.8626245893944889, y=0.5044641782597786, z=-0.018555004257830937, w=0.03241022125298759)",[0. 0. 0. 0. 0. 0. 0. 0. 0.],"geometry_msgs.msg.Vector3(x=30.75, y=-1.125, z=-11.9375)",[0. 0. 0. 0. 0. 0. 0. 0. 0.],"geometry_msgs.msg.Vector3(x=0.02294921875, y=0.87255859375, z=0.44970703125)",[0. 0. 0. 0. 0. 0. 0. 0. 0.],False,33.163924079,"[0.8626245893944889, 0.5044641782597786, -0.018555004257830937, 0.03241022125298759]","[30.75, -1.125, -11.9375]","[0.02294921875, 0.87255859375, 0.44970703125]"
25166669986,"std_msgs.msg.Header(stamp=builtin_interfaces.msg.Time(sec=1731185797, nanosec=829860033), frame_id='RU_myo')","geometry_msgs.msg.Quaternion(x=0.8594222232563467, y=0.5100377910177579, z=-0.017457013909894542, w=0.0308244476381005)",[0. 0. 0. 0. 0. 0. 0. 0. 0.],"geometry_msgs.msg.Vector3(x=35.5625, y=-1.375, z=-9.5625)",[0. 0. 0. 0. 0. 0. 0. 0. 0.],"geometry_msgs.msg.Vector3(x=0.03564453125, y=0.86865234375, z=0.455078125)",[0. 0. 0. 0. 0. 0. 0. 0. 0.],False,33.1794363,"[0.8594222232563467, 0.5100377910177579, -0.017457013909894542, 0.0308244476381005]","[35.5625, -1.375, -9.5625]","[0.03564453125, 0.86865234375, 0.455078125]"
25181113242,"std_msgs.msg.Header(stamp=builtin_interfaces.msg.Time(sec=1731185797, nanosec=844256039), frame_id='RU_myo')","geometry_msgs.msg.Quaternion(x=0.8569089572259906, y=0.5143651102317418, z=-0.016541229959986, w=0.029359157235251905)",[0. 0. 0. 0. 0. 0. 0. 0. 0.],"geometry_msgs.msg.Vector3(x=34.4375, y=-1.0, z=-10.1875)",[0. 0. 0. 0. 0. 0. 0. 0. 0.],"geometry_msgs.msg.Vector3(x=0.05859375, y=0.81005859375, z=0.5302734375)",[0. 0. 0. 0. 0. 0. 0. 0. 0.],False,33.193879556,"[0.8569089572259906, 0.5143651102317418, -0.016541229959986, 0.029359157235251905]","[34.4375, -1.0, -10.1875]","[0.05859375, 0.81005859375, 0.5302734375]"
25203673623,"std_msgs.msg.Header(stamp=builtin_interfaces.msg.Time(sec=1731185797, nanosec=866911656), frame_id='RU_myo')","geometry_msgs.msg.Quaternion(x=0.8547787599626393, y=0.5179700483463979, z=-0.016175119350906843, w=0.028260680224414594)",[0. 0. 0. 0. 0. 0. 0. 0. 0.],"geometry_msgs.msg.Vector3(x=29.125, y=-1.5, z=-8.8125)",[0. 0. 0. 0. 0. 0. 0. 0. 0.],"geometry_msgs.msg.Vector3(x=0.087890625, y=0.8271484375, z=0.513671875)",[0. 0. 0. 0. 0. 0. 0. 0. 0.],False,33.216439937,"[0.8547787599626393, 0.5179700483463979, -0.016175119350906843, 0.028260680224414594]","[29.125, -1.5, -8.8125]","[0.087890625, 0.8271484375, 0.513671875]"
25225969434,"std_msgs.msg.Header(stamp=builtin_interfaces.msg.Time(sec=1731185797, nanosec=889195884), frame_id='RU_myo')","geometry_msgs.msg.Quaternion(x=0.8530547454307968, y=0.5208297182857033, z=-0.015564464802865855, w=0.028138110878906508)",[0. 0. 0. 0. 0. 0. 0. 0. 0.],"geometry_msgs.msg.Vector3(x=21.3125, y=3.375, z=-5.4375)",[0. 0. 0. 0. 0. 0. 0. 0. 0.],"geometry_msgs.msg.Vector3(x=0.10400390625, y=0.8740234375, z=0.48193359375)",[0. 0. 0. 0. 0. 0. 0. 0. 0.],False,33.238735748,"[0.8530547454307968, 0.5208297182857033, -0.015564464802865855, 0.028138110878906508]","[21.3125, 3.375, -5.4375]","[0.10400390625, 0.8740234375, 0.48193359375]"
25251445348,"std_msgs.msg.Header(stamp=builtin_interfaces.msg.Time(sec=1731185797, nanosec=914753855), frame_id='RU_myo')","geometry_msgs.msg.Quaternion(x=0.8516492751798984, y=0.5231481357103783, z=-0.014160584235772697, w=0.028443242473577917)",[0. 0. 0. 0. 0. 0. 0. 0. 0.],"geometry_msgs.msg.Vector3(x=17.8125, y=6.875, z=-1.9375)",[0. 0. 0. 0. 0. 0. 0. 0. 0.],"geometry_msgs.msg.Vector3(x=0.0390625, y=0.86669921875, z=0.47412109375)",[0. 0. 0. 0. 0. 0. 0. 0. 0.],False,33.264211662,"[0.8516492751798984, 0.5231481357103783, -0.014160584235772697, 0.028443242473577917]","[17.8125, 6.875, -1.9375]","[0.0390625, 0.86669921875, 0.47412109375]"
25264843082,"std_msgs.msg.Header(stamp=builtin_interfaces.msg.Time(sec=1731185797, nanosec=928147035), frame_id='RU_myo')","geometry_msgs.msg.Quaternion(x=0.8503861016014209, y=0.525234884028153, z=-0.012757012290747702, w=0.02844386472482502)",[0. 0. 0. 0. 0. 0. 0. 0. 0.],"geometry_msgs.msg.Vector3(x=17.0, y=5.25, z=-2.375)",[0. 0. 0. 0. 0. 0. 0. 0. 0.],"geometry_msgs.msg.Vector3(x=0.01806640625, y=0.83056640625, z=0.4599609375)",[0. 0. 0. 0. 0. 0. 0. 0. 0.],False,33.277609396,"[0.8503861016014209, 0.525234884028153, -0.012757012290747702, 0.02844386472482502]","[17.0, 5.25, -2.375]","[0.01806640625, 0.83056640625, 0.4599609375]"
25286161691,"std_msgs.msg.Header(stamp=builtin_interfaces.msg.Time(sec=1731185797, nanosec=949329876), frame_id='RU_myo')","geometry_msgs.msg.Quaternion(x=0.8481775871766318, y=0.5288292037491608, z=-0.011352981520930736, w=0.028382453802326842)",[0. 0. 0. 0. 0. 0. 0. 0. 0.],"geometry_msgs.msg.Vector3(x=24.3125, y=6.1875, z=-4.9375)",[0. 0. 0. 0. 0. 0. 0. 0. 0.],"geometry_msgs.msg.Vector3(x=0.06005859375, y=0.921875, z=0.45458984375)",[0. 0. 0. 0. 0. 0. 0. 0. 0.],False,33.298928005,"[0.8481775871766318, 0.5288292037491608, -0.011352981520930736, 0.028382453802326842]","[24.3125, 6.1875, -4.9375]","[0.06005859375, 0.921875, 0.45458984375]"
25301297581,"std_msgs.msg.Header(stamp=builtin_interfaces.msg.Time(sec=1731185797, nanosec=964365491), frame_id='RU_myo')","geometry_msgs.msg.Quaternion(x=0.8458283696283063, y=0.5326332072870463, z=-0.00860661038591262, w=0.028322462546549333)",[0. 0. 0. 0. 0. 0. 0. 0. 0.],"geometry_msgs.msg.Vector3(x=28.5, y=13.3125, z=-10.5)",[0. 0. 0. 0. 0. 0. 0. 0. 0.],"geometry_msgs.msg.Vector3(x=0.080078125, y=1.00390625, z=0.521484375)",[0. 0. 0. 0. 0. 0. 0. 0. 0.],False,33.314063895,"[0.8458283696283063, 0.5326332072870463, -0.00860661038591262, 0.028322462546549333]","[28.5, 13.3125, -10.5]","[0.080078125, 1.00390625, 0.521484375]"
25331133801,"std_msgs.msg.Header(stamp=builtin_interfaces.msg.Time(sec=1731185797, nanosec=994291360), frame_id='RU_myo')","geometry_msgs.msg.Quaternion(x=0.8437684544130019, y=0.5359614292679811, z=-0.003906335437097231, w=0.028015749462931703)",[0. 0. 0. 0. 0. 0. 0. 0. 0.],"geometry_msgs.msg.Vector3(x=24.3125, y=20.375, z=-14.4375)",[0. 0. 0. 0. 0. 0. 0. 0. 0.],"geometry_msgs.msg.Vector3(x=0.021484375, y=0.99072265625, z=0.4853515625)",[0. 0. 0. 0. 0. 0. 0. 0. 0.],False,33.343900115,"[0.8437684544130019, 0.5359614292679811, -0.003906335437097231, 0.028015749462931703]","[24.3125, 20.375, -14.4375]","[0.021484375, 0.99072265625, 0.4853515625]"
25347627850,"std_msgs.msg.Header(stamp=builtin_interfaces.msg.Time(sec=1731185798, nanosec=10892637), frame_id='RU_myo')","geometry_msgs.msg.Quaternion(x=0.8419362352086319, y=0.5388904611176607, z=0.001647983061521898, w=0.02716120231026832)",[0. 0. 0. 0. 0. 0. 0. 0. 0.],"geometry_msgs.msg.Vector3(x=23.5625, y=21.75, z=-16.875)",[0. 0. 0. 0. 0. 0. 0. 0. 0.],"geometry_msgs.msg.Vector3(x=-0.03857421875, y=0.8935546875, z=0.45849609375)",[0. 0. 0. 0. 0. 0. 0. 0. 0.],False,33.360394164,"[0.8419362352086319, 0.5388904611176607, 0.001647983061521898, 0.02716120231026832]","[23.5625, 21.75, -16.875]","[-0.03857421875, 0.8935546875, 0.45849609375]"
25363030570,"std_msgs.msg.Header(stamp=builtin_interfaces.msg.Time(sec=1731185798, nanosec=26335720), frame_id='RU_myo')","geometry_msgs.msg.Quaternion(x=0.8381847190097679, y=0.5447101975271751, z=0.006714267338412064, w=0.02630772020777818)",[0. 0. 0. 0. 0. 0. 0. 0. 0.],"geometry_msgs.msg.Vector3(x=49.75, y=19.0625, z=-16.0)",[0. 0. 0. 0. 0. 0. 0. 0. 0.],"geometry_msgs.msg.Vector3(x=-0.03662109375, y=0.77734375, z=0.4912109375)",[0. 0. 0. 0. 0. 0. 0. 0. 0.],False,33.375796884,"[0.8381847190097679, 0.5447101975271751, 0.006714267338412064, 0.02630772020777818]","[49.75, 19.0625, -16.0]","[-0.03662109375, 0.77734375, 0.4912109375]"
25383666350,"std_msgs.msg.Header(stamp=builtin_interfaces.msg.Time(sec=1731185798, nanosec=46907538), frame_id='RU_myo')","geometry_msgs.msg.Quaternion(x=0.8315173109824513, y=0.5547721382602584, z=0.011841324108536706, w=0.025818969576860962)",[0. 0. 0. 0. 0. 0. 0. 0. 0.],"geometry_msgs.msg.Vector3(x=75.5625, y=20.3125, z=-13.1875)",[0. 0. 0. 0. 0. 0. 0. 0. 0.],"geometry_msgs.msg.Vector3(x=-0.05224609375, y=0.81982421875, z=0.4267578125)",[0. 0. 0. 0. 0. 0. 0. 0. 0.],False,33.396432664,"[0.8315173109824513, 0.5547721382602584, 0.011841324108536706, 0.025818969576860962]","[75.5625, 20.3125, -13.1875]","[-0.05224609375, 0.81982421875, 0.4267578125]"
25401534739,"std_msgs.msg.Header(stamp=builtin_interfaces.msg.Time(sec=1731185798, nanosec=64798512), frame_id='RU_myo')","geometry_msgs.msg.Quaternion(x=0.824235608845549, y=0.5653802165829621, z=0.018249885000356868, w=0.02545218075300607)",[0. 0. 0. 0. 0. 0. 0. 0. 0.],"geometry_msgs.msg.Vector3(x=76.875, y=24.1875, z=-10.5625)",[0. 0. 0. 0. 0. 0. 0. 0. 0.],"geometry_msgs.msg.Vector3(x=-0.15380859375, y=0.87060546875, z=0.369140625)",[0. 0. 0. 0. 0. 0. 0. 0. 0.],False,33.414301053,"[0.824235608845549, 0.5653802165829621, 0.018249885000356868, 0.02545218075300607]","[76.875, 24.1875, -10.5625]","[-0.15380859375, 0.87060546875, 0.369140625]"
25422613802,"std_msgs.msg.Header(stamp=builtin_interfaces.msg.Time(sec=1731185798, nanosec=85745384), frame_id='RU_myo')","geometry_msgs.msg.Quaternion(x=0.8173510253643527, y=0.575093821296612, z=0.0249032348852704, w=0.024170786800409502)",[0. 0. 0. 0. 0. 0. 0. 0. 0.],"geometry_msgs.msg.Vector3(x=68.75, y=21.75, z=-12.1875)",[0. 0. 0. 0. 0. 0. 0. 0. 0.],"geometry_msgs.msg.Vector3(x=-0.2119140625, y=0.90625, z=0.3134765625)",[0. 0. 0. 0. 0. 0. 0. 0. 0.],False,33.435380116,"[0.8173510253643527, 0.575093821296612, 0.0249032348852704, 0.024170786800409502]","[68.75, 21.75, -12.1875]","[-0.2119140625, 0.90625, 0.3134765625]"
25460668435,"std_msgs.msg.Header(stamp=builtin_interfaces.msg.Time(sec=1731185798, nanosec=123850868), frame_id='RU_myo')","geometry_msgs.msg.Quaternion(x=0.8109564436694007, y=0.5838935225155417, z=0.030580248252172943, w=0.021973831079405707)",[0. 0. 0. 0. 0. 0. 0. 0. 0.],"geometry_msgs.msg.Vector3(x=62.25, y=14.625, z=-14.75)",[0. 0. 0. 0. 0. 0. 0. 0. 0.],"geometry_msgs.msg.Vector3(x=-0.20849609375, y=1.0068359375, z=0.32373046875)",[0. 0. 0. 0. 0. 0. 0. 0. 0.],False,33.473434749,"[0.8109564436694007, 0.5838935225155417, 0.030580248252172943, 0.021973831079405707]","[62.25, 14.625, -14.75]","[-0.20849609375, 1.0068359375, 0.32373046875]"
25462941297,"std_msgs.msg.Header(stamp=builtin_interfaces.msg.Time(sec=1731185798, nanosec=126214484), frame_id='RU_myo')","geometry_msgs.msg.Quaternion(x=0.8079638844139596, y=0.5878597998633259, z=0.035158056766823355, w=0.019471215466348352)",[0. 0. 0. 0. 0. 0. 0. 0. 0.],"geometry_msgs.msg.Vector3(x=33.75, y=9.9375, z=-17.125)",[0. 0. 0. 0. 0. 0. 0. 0. 0.],"geometry_msgs.msg.Vector3(x=-0.1708984375, y=1.0341796875, z=0.396484375)",[0. 0. 0. 0. 0. 0. 0. 0. 0.],False,33.475707611,"[0.8079638844139596, 0.5878597998633259, 0.035158056766823355, 0.019471215466348352]","[33.75, 9.9375, -17.125]","[-0.1708984375, 1.0341796875, 0.396484375]"
25482752336,"std_msgs.msg.Header(stamp=builtin_interfaces.msg.Time(sec=1731185798, nanosec=145988610), frame_id='RU_myo')","geometry_msgs.msg.Quaternion(x=0.8087263544280627, y=0.586616527728914, z=0.03961233237915567, w=0.016540742796226793)",[0. 0. 0. 0. 0. 0. 0. 0. 0.],"geometry_msgs.msg.Vector3(x=-0.1875, y=9.9375, z=-25.5625)",[0. 0. 0. 0. 0. 0. 0. 0. 0.],"geometry_msgs.msg.Vector3(x=-0.09765625, y=1.00439453125, z=0.4287109375)",[0. 0. 0. 0. 0. 0. 0. 0. 0.],False,33.49551865,"[0.8087263544280627, 0.586616527728914, 0.03961233237915567, 0.016540742796226793]","[-0.1875, 9.9375, -25.5625]","[-0.09765625, 1.00439453125, 0.4287109375]"
25504028511,"std_msgs.msg.Header(stamp=builtin_interfaces.msg.Time(sec=1731185798, nanosec=167091708), frame_id='RU_myo')","geometry_msgs.msg.Quaternion(x=0.8125838084282491, y=0.5809488987170491, z=0.04480106027088821, w=0.014099516243290432)",[0. 0. 0. 0. 0. 0. 0. 0. 0.],"geometry_msgs.msg.Vector3(x=-28.6875, y=16.375, z=-31.0625)",[0. 0. 0. 0. 0. 0. 0. 0. 0.],"geometry_msgs.msg.Vector3(x=-0.05224609375, y=1.03076171875, z=0.49462890625)",[0. 0. 0. 0. 0. 0. 0. 0. 0.],False,33.516794825,"[0.8125838084282491, 0.5809488987170491, 0.04480106027088821, 0.014099516243290432]","[-28.6875, 16.375, -31.0625]","[-0.05224609375, 1.03076171875, 0.49462890625]"
25521508906,"std_msgs.msg.Header(stamp=builtin_interfaces.msg.Time(sec=1731185798, nanosec=184801694), frame_id='RU_myo')","geometry_msgs.msg.Quaternion(x=0.8181572031399627, y=0.5726001732808109, z=0.0502955487456975, w=0.014771265529683003)",[0. 0. 0. 0. 0. 0. 0. 0. 0.],"geometry_msgs.msg.Vector3(x=-43.5625, y=29.9375, z=-23.625)",[0. 0. 0. 0. 0. 0. 0. 0. 0.],"geometry_msgs.msg.Vector3(x=0.0205078125, y=0.95849609375, z=0.552734375)",[0. 0. 0. 0. 0. 0. 0. 0. 0.],False,33.53427522,"[0.8181572031399627, 0.5726001732808109, 0.0502955487456975, 0.014771265529683003]","[-43.5625, 29.9375, -23.625]","[0.0205078125, 0.95849609375, 0.552734375]"
25542444883,"std_msgs.msg.Header(stamp=builtin_interfaces.msg.Time(sec=1731185798, nanosec=205720495), frame_id='RU_myo')","geometry_msgs.msg.Quaternion(x=0.8237603374001471, y=0.5636801063937729, z=0.05841276251422205, w=0.01648008973755481)",[0. 0. 0. 0. 0. 0. 0. 0. 0.],"geometry_msgs.msg.Vector3(x=-48.3125, y=44.625, z=-24.0)",[0. 0. 0. 0. 0. 0. 0. 0. 0.],"geometry_msgs.msg.Vector3(x=-0.04296875, y=0.91259765625, z=0.52392578125)",[0. 0. 0. 0. 0. 0. 0. 0. 0.],False,33.555211197,"[0.8237603374001471, 0.5636801063937729, 0.05841276251422205, 0.01648008973755481]","[-48.3125, 44.625, -24.0]","[-0.04296875, 0.91259765625, 0.52392578125]"
25563545788,"std_msgs.msg.Header(stamp=builtin_interfaces.msg.Time(sec=1731185798, nanosec=226824856), frame_id='RU_myo')","geometry_msgs.msg.Quaternion(x=0.8286295230573569, y=0.555186663356638, z=0.06897107845129738, w=0.019592669188377397)",[0. 0. 0. 0. 0. 0. 0. 0. 0.],"geometry_msgs.msg.Vector3(x=-48.875, y=59.0625, z=-21.25)",[0. 0. 0. 0. 0. 0. 0. 0. 0.],"geometry_msgs.msg.Vector3(x=-0.115234375, y=0.90234375, z=0.47607421875)",[0. 0. 0. 0. 0. 0. 0. 0. 0.],False,33.576312102,"[0.8286295230573569, 0.555186663356638, 0.06897107845129738, 0.019592669188377397]","[-48.875, 59.0625, -21.25]","[-0.115234375, 0.90234375, 0.47607421875]"
25581495966,"std_msgs.msg.Header(stamp=builtin_interfaces.msg.Time(sec=1731185798, nanosec=244711291), frame_id='RU_myo')","geometry_msgs.msg.Quaternion(x=0.832256585502726, y=0.5479404010310209, z=0.08124191531383412, w=0.022584153768684168)",[0. 0. 0. 0. 0. 0. 0. 0. 0.],"geometry_msgs.msg.Vector3(x=-35.5625, y=66.8125, z=-25.25)",[0. 0. 0. 0. 0. 0. 0. 0. 0.],"geometry_msgs.msg.Vector3(x=-0.15185546875, y=0.849609375, z=0.51806640625)",[0. 0. 0. 0. 0. 0. 0. 0. 0.],False,33.59426228,"[0.832256585502726, 0.5479404010310209, 0.08124191531383412, 0.022584153768684168]","[-35.5625, 66.8125, -25.25]","[-0.15185546875, 0.849609375, 0.51806640625]"
25602665712,"std_msgs.msg.Header(stamp=builtin_interfaces.msg.Time(sec=1731185798, nanosec=265912931), frame_id='RU_myo')","geometry_msgs.msg.Quaternion(x=0.8332332534359039, y=0.5442781423256872, z=0.09399891658422768, w=0.025452953386768146)",[0. 0. 0. 0. 0. 0. 0. 0. 0.],"geometry_msgs.msg.Vector3(x=-10.0625, y=70.8125, z=-27.25)",[0. 0. 0. 0. 0. 0. 0. 0. 0.],"geometry_msgs.msg.Vector3(x=-0.1220703125, y=0.75830078125, z=0.4833984375)",[0. 0. 0. 0. 0. 0. 0. 0. 0.],False,33.615432026,"[0.8332332534359039, 0.5442781423256872, 0.09399891658422768, 0.025452953386768146]","[-10.0625, 70.8125, -27.25]","[-0.1220703125, 0.75830078125, 0.4833984375]"
25623476378,"std_msgs.msg.Header(stamp=builtin_interfaces.msg.Time(sec=1731185798, nanosec=286810550), frame_id='RU_myo')","geometry_msgs.msg.Quaternion(x=0.8317740574210876, y=0.5442208480198442, z=0.10535275725462663, w=0.029603758556485466)",[0. 0. 0. 0. 0. 0. 0. 0. 0.],"geometry_msgs.msg.Vector3(x=12.8125, y=68.8125, z=-14.125)",[0. 0. 0. 0. 0. 0. 0. 0. 0.],"geometry_msgs.msg.Vector3(x=-0.130859375, y=0.689453125, z=0.4345703125)",[0. 0. 0. 0. 0. 0. 0. 0. 0.],False,33.636242692,"[0.8317740574210876, 0.5442208480198442, 0.10535275725462663, 0.029603758556485466]","[12.8125, 68.8125, -14.125]","[-0.130859375, 0.689453125, 0.4345703125]"
25641363327,"std_msgs.msg.Header(stamp=builtin_interfaces.msg.Time(sec=1731185798, nanosec=304657792), frame_id='RU_myo')","geometry_msgs.msg.Quaternion(x=0.8279118161881669, y=0.5474447861539125, z=0.1165815075876879, w=0.03570690153863739)",[0. 0. 0. 0. 0. 0. 0. 0. 0.],"geometry_msgs.msg.Vector3(x=31.25, y=77.25, z=-8.0625)",[0. 0. 0. 0. 0. 0. 0. 0. 0.],"geometry_msgs.msg.Vector3(x=-0.046875, y=0.72216796875, z=0.38330078125)",[0. 0. 0. 0. 0. 0. 0. 0. 0.],False,33.654129641,"[0.8279118161881669, 0.5474447861539125, 0.1165815075876879, 0.03570690153863739]","[31.25, 77.25, -8.0625]","[-0.046875, 0.72216796875, 0.38330078125]"
25662506398,"std_msgs.msg.Header(stamp=builtin_interfaces.msg.Time(sec=1731185798, nanosec=325717213), frame_id='RU_myo')","geometry_msgs.msg.Quaternion(x=0.8224036649641578, y=0.5526840720090879, z=0.12774906269630268, w=0.04327476610209202)",[0. 0. 0. 0. 0. 0. 0. 0. 0.],"geometry_msgs.msg.Vector3(x=39.25, y=81.4375, z=-0.0625)",[0. 0. 0. 0. 0. 0. 0. 0. 0.],"geometry_msgs.msg.Vector3(x=-0.06591796875, y=0.8349609375, z=0.31982421875)",[0. 0. 0. 0. 0. 0. 0. 0. 0.],False,33.675272712,"[0.8224036649641578, 0.5526840720090879, 0.12774906269630268, 0.04327476610209202]","[39.25, 81.4375, -0.0625]","[-0.06591796875, 0.8349609375, 0.31982421875]"
25683480584,"std_msgs.msg.Header(stamp=builtin_interfaces.msg.Time(sec=1731185798, nanosec=346824518), frame_id='RU_myo')","geometry_msgs.msg.Quaternion(x=0.8174905180597847, y=0.556733443979937, z=0.13861875356632353, w=0.05041791741337879)",[0. 0. 0. 0. 0. 0. 0. 0. 0.],"geometry_msgs.msg.Vector3(x=28.6875, y=76.3125, z=2.375)",[0. 0. 0. 0. 0. 0. 0. 0. 0.],"geometry_msgs.msg.Vector3(x=-0.14404296875, y=0.87548828125, z=0.275390625)",[0. 0. 0. 0. 0. 0. 0. 0. 0.],False,33.696246898,"[0.8174905180597847, 0.556733443979937, 0.13861875356632353, 0.05041791741337879]","[28.6875, 76.3125, 2.375]","[-0.14404296875, 0.87548828125, 0.275390625]"
25701506826,"std_msgs.msg.Header(stamp=builtin_interfaces.msg.Time(sec=1731185798, nanosec=364660792), frame_id='RU_myo')","geometry_msgs.msg.Quaternion(x=0.8135938298745858, y=0.5593037934684395, z=0.14802048446589172, w=0.05774324878545714)",[0. 0. 0. 0. 0. 0. 0. 0. 0.],"geometry_msgs.msg.Vector3(x=17.5625, y=69.5625, z=5.4375)",[0. 0. 0. 0. 0. 0. 0. 0. 0.],"geometry_msgs.msg.Vector3(x=-0.12744140625, y=0.82958984375, z=0.2333984375)",[0. 0. 0. 0. 0. 0. 0. 0. 0.],False,33.71427314,"[0.8135938298745858, 0.5593037934684395, 0.14802048446589172, 0.05774324878545714]","[17.5625, 69.5625, 5.4375]","[-0.12744140625, 0.82958984375, 0.2333984375]"
25731479013,"std_msgs.msg.Header(stamp=builtin_interfaces.msg.Time(sec=1731185798, nanosec=394668727), frame_id='RU_myo')","geometry_msgs.msg.Quaternion(x=0.8108362639722393, y=0.5603950421205306, z=0.1555262571967228, w=0.06567749322750147)",[0. 0. 0. 0. 0. 0. 0. 0. 0.],"geometry_msgs.msg.Vector3(x=5.1875, y=61.6875, z=14.4375)",[0. 0. 0. 0. 0. 0. 0. 0. 0.],"geometry_msgs.msg.Vector3(x=-0.16357421875, y=0.88330078125, z=0.2421875)",[0. 0. 0. 0. 0. 0. 0. 0. 0.],False,33.744245327,"[0.8108362639722393, 0.5603950421205306, 0.1555262571967228, 0.06567749322750147]","[5.1875, 61.6875, 14.4375]","[-0.16357421875, 0.88330078125, 0.2421875]"
25743491739,"std_msgs.msg.Header(stamp=builtin_interfaces.msg.Time(sec=1731185798, nanosec=406777046), frame_id='RU_myo')","geometry_msgs.msg.Quaternion(x=0.8086944623565302, y=0.5606354167669054, z=0.16181213825248406, w=0.0742834297447277)",[0. 0. 0. 0. 0. 0. 0. 0. 0.],"geometry_msgs.msg.Vector3(x=-5.25, y=59.6875, z=13.375)",[0. 0. 0. 0. 0. 0. 0. 0. 0.],"geometry_msgs.msg.Vector3(x=-0.05859375, y=0.91845703125, z=0.18994140625)",[0. 0. 0. 0. 0. 0. 0. 0. 0.],False,33.756258053,"[0.8086944623565302, 0.5606354167669054, 0.16181213825248406, 0.0742834297447277]","[-5.25, 59.6875, 13.375]","[-0.05859375, 0.91845703125, 0.18994140625]"
25761684813,"std_msgs.msg.Header(stamp=builtin_interfaces.msg.Time(sec=1731185798, nanosec=424788581), frame_id='RU_myo')","geometry_msgs.msg.Quaternion(x=0.8072553369341169, y=0.5601039676149305, z=0.16718883688941746, w=0.0816716552603288)",[0. 0. 0. 0. 0. 0. 0. 0. 0.],"geometry_msgs.msg.Vector3(x=-8.375, y=51.4375, z=10.0)",[0. 0. 0. 0. 0. 0. 0. 0. 0.],"geometry_msgs.msg.Vector3(x=-0.05419921875, y=0.83984375, z=0.19677734375)",[0. 0. 0. 0. 0. 0. 0. 0. 0.],False,33.774451127,"[0.8072553369341169, 0.5601039676149305, 0.16718883688941746, 0.0816716552603288]","[-8.375, 51.4375, 10.0]","[-0.05419921875, 0.83984375, 0.19677734375]"
25784038380,"std_msgs.msg.Header(stamp=builtin_interfaces.msg.Time(sec=1731185798, nanosec=447215328), frame_id='RU_myo')","geometry_msgs.msg.Quaternion(x=0.8040991701781641, y=0.5623933318674362, z=0.1709031179974844, w=0.08905273184226062)",[0. 0. 0. 0. 0. 0. 0. 0. 0.],"geometry_msgs.msg.Vector3(x=10.9375, y=44.8125, z=17.125)",[0. 0. 0. 0. 0. 0. 0. 0. 0.],"geometry_msgs.msg.Vector3(x=-0.00341796875, y=0.734375, z=0.17626953125)",[0. 0. 0. 0. 0. 0. 0. 0. 0.],False,33.796804694,"[0.8040991701781641, 0.5623933318674362, 0.1709031179974844, 0.08905273184226062]","[10.9375, 44.8125, 17.125]","[-0.00341796875, 0.734375, 0.17626953125]"
25805084393,"std_msgs.msg.Header(stamp=builtin_interfaces.msg.Time(sec=1731185798, nanosec=468236377), frame_id='RU_myo')","geometry_msgs.msg.Quaternion(x=0.7992329028009411, y=0.5674712308950931, z=0.17261575142210642, w=0.09698954349707464)",[0. 0. 0. 0. 0. 0. 0. 0. 0.],"geometry_msgs.msg.Vector3(x=26.25, y=37.0, z=31.125)",[0. 0. 0. 0. 0. 0. 0. 0. 0.],"geometry_msgs.msg.Vector3(x=-0.03759765625, y=0.8251953125, z=0.17236328125)",[0. 0. 0. 0. 0. 0. 0. 0. 0.],False,33.817850707,"[0.7992329028009411, 0.5674712308950931, 0.17261575142210642, 0.09698954349707464]","[26.25, 37.0, 31.125]","[-0.03759765625, 0.8251953125, 0.17236328125]"
25821659707,"std_msgs.msg.Header(stamp=builtin_interfaces.msg.Time(sec=1731185798, nanosec=484766209), frame_id='RU_myo')","geometry_msgs.msg.Quaternion(x=0.7940103938268592, y=0.5731670970198499, z=0.17365925356991194, w=0.10425659230137418)",[0. 0. 0. 0. 0. 0. 0. 0. 0.],"geometry_msgs.msg.Vector3(x=27.125, y=30.9375, z=31.625)",[0. 0. 0. 0. 0. 0. 0. 0. 0.],"geometry_msgs.msg.Vector3(x=-0.05810546875, y=0.98779296875, z=0.15673828125)",[0. 0. 0. 0. 0. 0. 0. 0. 0.],False,33.834426021,"[0.7940103938268592, 0.5731670970198499, 0.17365925356991194, 0.10425659230137418]","[27.125, 30.9375, 31.625]","[-0.05810546875, 0.98779296875, 0.15673828125]"
25843960619,"std_msgs.msg.Header(stamp=builtin_interfaces.msg.Time(sec=1731185798, nanosec=507121871), frame_id='RU_myo')","geometry_msgs.msg.Quaternion(x=0.7897490060291865, y=0.5775257048495372, z=0.174685961454172, w=0.1106588567842117)",[0. 0. 0. 0. 0. 0. 0. 0. 0.],"geometry_msgs.msg.Vector3(x=21.375, y=28.5, z=24.125)",[0. 0. 0. 0. 0. 0. 0. 0. 0.],"geometry_msgs.msg.Vector3(x=-0.02685546875, y=0.9921875, z=0.1845703125)",[0. 0. 0. 0. 0. 0. 0. 0. 0.],False,33.856726933,"[0.7897490060291865, 0.5775257048495372, 0.174685961454172, 0.1106588567842117]","[21.375, 28.5, 24.125]","[-0.02685546875, 0.9921875, 0.1845703125]"
25863793697,"std_msgs.msg.Header(stamp=builtin_interfaces.msg.Time(sec=1731185798, nanosec=526882001), frame_id='RU_myo')","geometry_msgs.msg.Quaternion(x=0.7865875039513814, y=0.5807697757505543, z=0.17438352594002457, w=0.11652017886577071)",[0. 0. 0. 0. 0. 0. 0. 0. 0.],"geometry_msgs.msg.Vector3(x=13.875, y=20.875, z=24.125)",[0. 0. 0. 0. 0. 0. 0. 0. 0.],"geometry_msgs.msg.Vector3(x=-0.00830078125, y=0.935546875, z=0.18212890625)",[0. 0. 0. 0. 0. 0. 0. 0. 0.],False,33.876560011,"[0.7865875039513814, 0.5807697757505543, 0.17438352594002457, 0.11652017886577071]","[13.875, 20.875, 24.125]","[-0.00830078125, 0.935546875, 0.18212890625]"
25881552153,"std_msgs.msg.Header(stamp=builtin_interfaces.msg.Time(sec=1731185798, nanosec=544848022), frame_id='RU_myo')","geometry_msgs.msg.Quaternion(x=0.784697596208295, y=0.5824804885357622, z=0.17334638870811744, w=0.12213595908624754)",[0. 0. 0. 0. 0. 0. 0. 0. 0.],"geometry_msgs.msg.Vector3(x=-0.375, y=15.625, z=24.1875)",[0. 0. 0. 0. 0. 0. 0. 0. 0.],"geometry_msgs.msg.Vector3(x=-0.02978515625, y=1.03369140625, z=0.1640625)",[0. 0. 0. 0. 0. 0. 0. 0. 0.],False,33.894318467,"[0.784697596208295, 0.5824804885357622, 0.17334638870811744, 0.12213595908624754]","[-0.375, 15.625, 24.1875]","[-0.02978515625, 1.03369140625, 0.1640625]"
25904250479,"std_msgs.msg.Header(stamp=builtin_interfaces.msg.Time(sec=1731185798, nanosec=567380361), frame_id='RU_myo')","geometry_msgs.msg.Quaternion(x=0.7849129856587376, y=0.5814667626864557, z=0.17243791776078496, w=0.12678001953598242)",[0. 0. 0. 0. 0. 0. 0. 0. 0.],"geometry_msgs.msg.Vector3(x=-18.125, y=12.0625, z=18.5625)",[0. 0. 0. 0. 0. 0. 0. 0. 0.],"geometry_msgs.msg.Vector3(x=-0.07373046875, y=1.05322265625, z=0.1787109375)",[0. 0. 0. 0. 0. 0. 0. 0. 0.],False,33.917016793,"[0.7849129856587376, 0.5814667626864557, 0.17243791776078496, 0.12678001953598242]","[-18.125, 12.0625, 18.5625]","[-0.07373046875, 1.05322265625, 0.1787109375]"
25923624993,"std_msgs.msg.Header(stamp=builtin_interfaces.msg.Time(sec=1731185798, nanosec=586651513), frame_id='RU_myo')","geometry_msgs.msg.Quaternion(x=0.7848323070771219, y=0.5811470209738123, z=0.17133491102546908, w=0.1301950000774227)",[0. 0. 0. 0. 0. 0. 0. 0. 0.],"geometry_msgs.msg.Vector3(x=-8.25, y=7.6875, z=13.3125)",[0. 0. 0. 0. 0. 0. 0. 0. 0.],"geometry_msgs.msg.Vector3(x=-0.04052734375, y=0.95703125, z=0.224609375)",[0. 0. 0. 0. 0. 0. 0. 0. 0.],False,33.936391307,"[0.7848323070771219, 0.5811470209738123, 0.17133491102546908, 0.1301950000774227]","[-8.25, 7.6875, 13.3125]","[-0.04052734375, 0.95703125, 0.224609375]"
25941377037,"std_msgs.msg.Header(stamp=builtin_interfaces.msg.Time(sec=1731185798, nanosec=604547993), frame_id='RU_myo')","geometry_msgs.msg.Quaternion(x=0.7834699190768993, y=0.5826584486996012, z=0.17023197291254846, w=0.13306048797036776)",[0. 0. 0. 0. 0. 0. 0. 0. 0.],"geometry_msgs.msg.Vector3(x=7.9375, y=6.3125, z=12.9375)",[0. 0. 0. 0. 0. 0. 0. 0. 0.],"geometry_msgs.msg.Vector3(x=-0.0205078125, y=0.94677734375, z=0.26318359375)",[0. 0. 0. 0. 0. 0. 0. 0. 0.],False,33.954143351,"[0.7834699190768993, 0.5826584486996012, 0.17023197291254846, 0.13306048797036776]","[7.9375, 6.3125, 12.9375]","[-0.0205078125, 0.94677734375, 0.26318359375]"
25963023950,"std_msgs.msg.Header(stamp=builtin_interfaces.msg.Time(sec=1731185798, nanosec=626220026), frame_id='RU_myo')","geometry_msgs.msg.Quaternion(x=0.7818220474529, y=0.5846117238272993, z=0.16913333542758888, w=0.13556302345170512)",[0. 0. 0. 0. 0. 0. 0. 0. 0.],"geometry_msgs.msg.Vector3(x=3.0625, y=4.375, z=11.9375)",[0. 0. 0. 0. 0. 0. 0. 0. 0.],"geometry_msgs.msg.Vector3(x=-0.0283203125, y=1.06884765625, z=0.171875)",[0. 0. 0. 0. 0. 0. 0. 0. 0.],False,33.975790264,"[0.7818220474529, 0.5846117238272993, 0.16913333542758888, 0.13556302345170512]","[3.0625, 4.375, 11.9375]","[-0.0283203125, 1.06884765625, 0.171875]"
25984620644,"std_msgs.msg.Header(stamp=builtin_interfaces.msg.Time(sec=1731185798, nanosec=647583943), frame_id='RU_myo')","geometry_msgs.msg.Quaternion(x=0.7826223385770985, y=0.5834570998641776, z=0.16803613306057966, w=0.13727325218061884)",[0. 0. 0. 0. 0. 0. 0. 0. 0.],"geometry_msgs.msg.Vector3(x=-21.6875, y=1.125, z=4.6875)",[0. 0. 0. 0. 0. 0. 0. 0. 0.],"geometry_msgs.msg.Vector3(x=-0.04638671875, y=1.09521484375, z=0.12890625)",[0. 0. 0. 0. 0. 0. 0. 0. 0.],False,33.997386958,"[0.7826223385770985, 0.5834570998641776, 0.16803613306057966, 0.13727325218061884]","[-21.6875, 1.125, 4.6875]","[-0.04638671875, 1.09521484375, 0.12890625]"
26008095242,"std_msgs.msg.Header(stamp=builtin_interfaces.msg.Time(sec=1731185798, nanosec=671386004), frame_id='RU_myo')","geometry_msgs.msg.Quaternion(x=0.7844202658479985, y=0.5812193425729236, z=0.166394027289833, w=0.13849891706552864)",[0. 0. 0. 0. 0. 0. 0. 0. 0.],"geometry_msgs.msg.Vector3(x=-19.875, y=-2.25, z=2.875)",[0. 0. 0. 0. 0. 0. 0. 0. 0.],"geometry_msgs.msg.Vector3(x=-0.033203125, y=0.93505859375, z=0.24560546875)",[0. 0. 0. 0. 0. 0. 0. 0. 0.],False,34.020861556,"[0.7844202658479985, 0.5812193425729236, 0.166394027289833, 0.13849891706552864]","[-19.875, -2.25, 2.875]","[-0.033203125, 0.93505859375, 0.24560546875]"
26023218623,"std_msgs.msg.Header(stamp=builtin_interfaces.msg.Time(sec=1731185798, nanosec=686489772), frame_id='RU_myo')","geometry_msgs.msg.Quaternion(x=0.7847175611904428, y=0.5809693331837767, z=0.16468325918573543, w=0.1399014195899576)",[0. 0. 0. 0. 0. 0. 0. 0. 0.],"geometry_msgs.msg.Vector3(x=-3.875, y=-1.5625, z=6.875)",[0. 0. 0. 0. 0. 0. 0. 0. 0.],"geometry_msgs.msg.Vector3(x=-0.015625, y=0.85595703125, z=0.2587890625)",[0. 0. 0. 0. 0. 0. 0. 0. 0.],False,34.035984937,"[0.7847175611904428, 0.5809693331837767, 0.16468325918573543, 0.1399014195899576]","[-3.875, -1.5625, 6.875]","[-0.015625, 0.85595703125, 0.2587890625]"
26044315687,"std_msgs.msg.Header(stamp=builtin_interfaces.msg.Time(sec=1731185798, nanosec=707344151), frame_id='RU_myo')","geometry_msgs.msg.Quaternion(x=0.7845861553488447, y=0.5811455410826474, z=0.16285015267393166, w=0.14203609642887519)",[0. 0. 0. 0. 0. 0. 0. 0. 0.],"geometry_msgs.msg.Vector3(x=-6.875, y=-0.1875, z=10.8125)",[0. 0. 0. 0. 0. 0. 0. 0. 0.],"geometry_msgs.msg.Vector3(x=-0.01611328125, y=0.9736328125, z=0.205078125)",[0. 0. 0. 0. 0. 0. 0. 0. 0.],False,34.057082001,"[0.7845861553488447, 0.5811455410826474, 0.16285015267393166, 0.14203609642887519]","[-6.875, -0.1875, 10.8125]","[-0.01611328125, 0.9736328125, 0.205078125]"
26066633558,"std_msgs.msg.Header(stamp=builtin_interfaces.msg.Time(sec=1731185798, nanosec=729777489), frame_id='RU_myo')","geometry_msgs.msg.Quaternion(x=0.785497174578163, y=0.5800434882287888, z=0.16071288061732095, w=0.1439274487260322)",[0. 0. 0. 0. 0. 0. 0. 0. 0.],"geometry_msgs.msg.Vector3(x=-18.4375, y=-2.6875, z=8.75)",[0. 0. 0. 0. 0. 0. 0. 0. 0.],"geometry_msgs.msg.Vector3(x=-0.01611328125, y=1.0341796875, z=0.19775390625)",[0. 0. 0. 0. 0. 0. 0. 0. 0.],False,34.079399872,"[0.785497174578163, 0.5800434882287888, 0.16071288061732095, 0.1439274487260322]","[-18.4375, -2.6875, 8.75]","[-0.01611328125, 1.0341796875, 0.19775390625]"
26083340790,"std_msgs.msg.Header(stamp=builtin_interfaces.msg.Time(sec=1731185798, nanosec=746480437), frame_id='RU_myo')","geometry_msgs.msg.Quaternion(x=0.7883156131360286, y=0.5765721472460648, z=0.1577241613893533, w=0.14576056400842713)",[0. 0. 0. 0. 0. 0. 0. 0. 0.],"geometry_msgs.msg.Vector3(x=-24.9375, y=-6.3125, z=11.3125)",[0. 0. 0. 0. 0. 0. 0. 0. 0.],"geometry_msgs.msg.Vector3(x=-0.0478515625, y=0.81640625, z=0.3046875)",[0. 0. 0. 0. 0. 0. 0. 0. 0.],False,34.096107104,"[0.7883156131360286, 0.5765721472460648, 0.1577241613893533, 0.14576056400842713]","[-24.9375, -6.3125, 11.3125]","[-0.0478515625, 0.81640625, 0.3046875]"
26104165272,"std_msgs.msg.Header(stamp=builtin_interfaces.msg.Time(sec=1731185798, nanosec=767264003), frame_id='RU_myo')","geometry_msgs.msg.Quaternion(x=0.789716006315332, y=0.5749215538324403, z=0.15461049961328924, w=0.14801834250383986)",[0. 0. 0. 0. 0. 0. 0. 0. 0.],"geometry_msgs.msg.Vector3(x=-13.4375, y=-6.125, z=17.5625)",[0. 0. 0. 0. 0. 0. 0. 0. 0.],"geometry_msgs.msg.Vector3(x=-0.0654296875, y=0.81982421875, z=0.29931640625)",[0. 0. 0. 0. 0. 0. 0. 0. 0.],False,34.116931586,"[0.789716006315332, 0.5749215538324403, 0.15461049961328924, 0.14801834250383986]","[-13.4375, -6.125, 17.5625]","[-0.0654296875, 0.81982421875, 0.29931640625]"
26120742551,"std_msgs.msg.Header(stamp=builtin_interfaces.msg.Time(sec=1731185798, nanosec=783968140), frame_id='RU_myo')","geometry_msgs.msg.Quaternion(x=0.79045975359024, y=0.5740752110051125, z=0.15204905376009945, w=0.14997371541090498)",[0. 0. 0. 0. 0. 0. 0. 0. 0.],"geometry_msgs.msg.Vector3(x=-13.3125, y=-5.5, z=16.3125)",[0. 0. 0. 0. 0. 0. 0. 0. 0.],"geometry_msgs.msg.Vector3(x=-0.07763671875, y=1.01171875, z=0.265625)",[0. 0. 0. 0. 0. 0. 0. 0. 0.],False,34.133508865,"[0.79045975359024, 0.5740752110051125, 0.15204905376009945, 0.14997371541090498]","[-13.3125, -5.5, 16.3125]","[-0.07763671875, 1.01171875, 0.265625]"
26143342421,"std_msgs.msg.Header(stamp=builtin_interfaces.msg.Time(sec=1731185798, nanosec=806444495), frame_id='RU_myo')","geometry_msgs.msg.Quaternion(x=0.7922262129117785, y=0.5721192922121967, z=0.14991197926738023, w=0.15027821374441783)",[0. 0. 0. 0. 0. 0. 0. 0. 0.],"geometry_msgs.msg.Vector3(x=-22.375, y=-8.75, z=4.6875)",[0. 0. 0. 0. 0. 0. 0. 0. 0.],"geometry_msgs.msg.Vector3(x=-0.06640625, y=1.06982421875, z=0.25732421875)",[0. 0. 0. 0. 0. 0. 0. 0. 0.],False,34.156108735,"[0.7922262129117785, 0.5721192922121967, 0.14991197926738023, 0.15027821374441783]","[-22.375, -8.75, 4.6875]","[-0.06640625, 1.06982421875, 0.25732421875]"
26164346954,"std_msgs.msg.Header(stamp=builtin_interfaces.msg.Time(sec=1731185798, nanosec=827393032), frame_id='RU_myo')","geometry_msgs.msg.Quaternion(x=0.7948190376517313, y=0.5691055680436756, z=0.14764761573333884, w=0.15027219096133948)",[0. 0. 0. 0. 0. 0. 0. 0. 0.],"geometry_msgs.msg.Vector3(x=-23.5, y=-9.8125, z=1.6875)",[0. 0. 0. 0. 0. 0. 0. 0. 0.],"geometry_msgs.msg.Vector3(x=-0.04638671875, y=0.8974609375, z=0.2978515625)",[0. 0. 0. 0. 0. 0. 0. 0. 0.],False,34.177113268,"[0.7948190376517313, 0.5691055680436756, 0.14764761573333884, 0.15027219096133948]","[-23.5, -9.8125, 1.6875]","[-0.04638671875, 0.8974609375, 0.2978515625]"
26181041522,"std_msgs.msg.Header(stamp=builtin_interfaces.msg.Time(sec=1731185798, nanosec=844143450), frame_id='RU_myo')","geometry_msgs.msg.Quaternion(x=0.7962754097747489, y=0.5676170973932839, z=0.14436116091355164, w=0.15138083681421058)",[0. 0. 0. 0. 0. 0. 0. 0. 0.],"geometry_msgs.msg.Vector3(x=-10.25, y=-10.625, z=12.6875)",[0. 0. 0. 0. 0. 0. 0. 0. 0.],"geometry_msgs.msg.Vector3(x=-0.041015625, y=0.783203125, z=0.33642578125)",[0. 0. 0. 0. 0. 0. 0. 0. 0.],False,34.193807836,"[0.7962754097747489, 0.5676170973932839, 0.14436116091355164, 0.15138083681421058]","[-10.25, -10.625, 12.6875]","[-0.041015625, 0.783203125, 0.33642578125]"
26203297166,"std_msgs.msg.Header(stamp=builtin_interfaces.msg.Time(sec=1731185798, nanosec=866542543), frame_id='RU_myo')","geometry_msgs.msg.Quaternion(x=0.7959951135495994, y=0.5683848245820006, z=0.14111959991769601, w=0.1530219883190588)",[0. 0. 0. 0. 0. 0. 0. 0. 0.],"geometry_msgs.msg.Vector3(x=2.625, y=-8.75, z=15.8125)",[0. 0. 0. 0. 0. 0. 0. 0. 0.],"geometry_msgs.msg.Vector3(x=-0.0087890625, y=1.00048828125, z=0.369140625)",[0. 0. 0. 0. 0. 0. 0. 0. 0.],False,34.21606348,"[0.7959951135495994, 0.5683848245820006, 0.14111959991769601, 0.1530219883190588]","[2.625, -8.75, 15.8125]","[-0.0087890625, 1.00048828125, 0.369140625]"
26224441068,"std_msgs.msg.Header(stamp=builtin_interfaces.msg.Time(sec=1731185798, nanosec=887510059), frame_id='RU_myo')","geometry_msgs.msg.Quaternion(x=0.7953844042489877, y=0.5689949671098966, z=0.1412416170234178, w=0.15381541698315163)",[0. 0. 0. 0. 0. 0. 0. 0. 0.],"geometry_msgs.msg.Vector3(x=12.25, y=4.25, z=1.5625)",[0. 0. 0. 0. 0. 0. 0. 0. 0.],"geometry_msgs.msg.Vector3(x=-0.02001953125, y=1.14306640625, z=0.49072265625)",[0. 0. 0. 0. 0. 0. 0. 0. 0.],False,34.237207382,"[0.7953844042489877, 0.5689949671098966, 0.1412416170234178, 0.15381541698315163]","[12.25, 4.25, 1.5625]","[-0.02001953125, 1.14306640625, 0.49072265625]"
26241053062,"std_msgs.msg.Header(stamp=builtin_interfaces.msg.Time(sec=1731185798, nanosec=904131405), frame_id='RU_myo')","geometry_msgs.msg.Quaternion(x=0.7966770865171288, y=0.5665611949932569, z=0.14246432117154295, w=0.15497725426501607)",[0. 0. 0. 0. 0. 0. 0. 0. 0.],"geometry_msgs.msg.Vector3(x=-8.0625, y=10.25, z=-0.3125)",[0. 0. 0. 0. 0. 0. 0. 0. 0.],"geometry_msgs.msg.Vector3(x=-0.07275390625, y=0.9326171875, z=0.42529296875)",[0. 0. 0. 0. 0. 0. 0. 0. 0.],False,34.253819376,"[0.7966770865171288, 0.5665611949932569, 0.14246432117154295, 0.15497725426501607]","[-8.0625, 10.25, -0.3125]","[-0.07275390625, 0.9326171875, 0.42529296875]"
26263160364,"std_msgs.msg.Header(stamp=builtin_interfaces.msg.Time(sec=1731185798, nanosec=926321781), frame_id='RU_myo')","geometry_msgs.msg.Quaternion(x=0.7980680409858749, y=0.5641105036169374, z=0.14307238914500123, w=0.15619549651111694)",[0. 0. 0. 0. 0. 0. 0. 0. 0.],"geometry_msgs.msg.Vector3(x=-22.5, y=7.875, z=-0.9375)",[0. 0. 0. 0. 0. 0. 0. 0. 0.],"geometry_msgs.msg.Vector3(x=-0.041015625, y=1.07080078125, z=0.27099609375)",[0. 0. 0. 0. 0. 0. 0. 0. 0.],False,34.275926678,"[0.7980680409858749, 0.5641105036169374, 0.14307238914500123, 0.15619549651111694]","[-22.5, 7.875, -0.9375]","[-0.041015625, 1.07080078125, 0.27099609375]"
26284195220,"std_msgs.msg.Header(stamp=builtin_interfaces.msg.Time(sec=1731185798, nanosec=947337519), frame_id='RU_myo')","geometry_msgs.msg.Quaternion(x=0.7997627218899485, y=0.5613537169519848, z=0.14398536678153007, w=0.1566199453842332)",[0. 0. 0. 0. 0. 0. 0. 0. 0.],"geometry_msgs.msg.Vector3(x=-17.375, y=7.5625, z=-7.375)",[0. 0. 0. 0. 0. 0. 0. 0. 0.],"geometry_msgs.msg.Vector3(x=-0.017578125, y=1.005859375, z=0.35302734375)",[0. 0. 0. 0. 0. 0. 0. 0. 0.],False,34.296961534,"[0.7997627218899485, 0.5613537169519848, 0.14398536678153007, 0.1566199453842332]","[-17.375, 7.5625, -7.375]","[-0.017578125, 1.005859375, 0.35302734375]"
26300615788,"std_msgs.msg.Header(stamp=builtin_interfaces.msg.Time(sec=1731185798, nanosec=963926124), frame_id='RU_myo')","geometry_msgs.msg.Quaternion(x=0.802241893013468, y=0.5573514970026613, z=0.14393109516288197, w=0.15827537309472134)",[0. 0. 0. 0. 0. 0. 0. 0. 0.],"geometry_msgs.msg.Vector3(x=-21.4375, y=8.375, z=-2.3125)",[0. 0. 0. 0. 0. 0. 0. 0. 0.],"geometry_msgs.msg.Vector3(x=0.01708984375, y=0.8515625, z=0.40087890625)",[0. 0. 0. 0. 0. 0. 0. 0. 0.],False,34.313382102,"[0.802241893013468, 0.5573514970026613, 0.14393109516288197, 0.15827537309472134]","[-21.4375, 8.375, -2.3125]","[0.01708984375, 0.8515625, 0.40087890625]"
26323177936,"std_msgs.msg.Header(stamp=builtin_interfaces.msg.Time(sec=1731185798, nanosec=986408917), frame_id='RU_myo')","geometry_msgs.msg.Quaternion(x=0.80254057945576, y=0.5562482735458123, z=0.14362473254178607, w=0.160898765397428)",[0. 0. 0. 0. 0. 0. 0. 0. 0.],"geometry_msgs.msg.Vector3(x=-4.0625, y=9.6875, z=6.8125)",[0. 0. 0. 0. 0. 0. 0. 0. 0.],"geometry_msgs.msg.Vector3(x=0.02685546875, y=0.82177734375, z=0.365234375)",[0. 0. 0. 0. 0. 0. 0. 0. 0.],False,34.33594425,"[0.80254057945576, 0.5562482735458123, 0.14362473254178607, 0.160898765397428]","[-4.0625, 9.6875, 6.8125]","[0.02685546875, 0.82177734375, 0.365234375]"
26344349794,"std_msgs.msg.Header(stamp=builtin_interfaces.msg.Time(sec=1731185799, nanosec=7426328), frame_id='RU_myo')","geometry_msgs.msg.Quaternion(x=0.8014923711274495, y=0.556668222121875, z=0.14453841556848682, w=0.16382648115955178)",[0. 0. 0. 0. 0. 0. 0. 0. 0.],"geometry_msgs.msg.Vector3(x=3.75, y=14.875, z=10.1875)",[0. 0. 0. 0. 0. 0. 0. 0. 0.],"geometry_msgs.msg.Vector3(x=-0.02197265625, y=0.91845703125, z=0.32861328125)",[0. 0. 0. 0. 0. 0. 0. 0. 0.],False,34.357116108,"[0.8014923711274495, 0.556668222121875, 0.14453841556848682, 0.16382648115955178]","[3.75, 14.875, 10.1875]","[-0.02197265625, 0.91845703125, 0.32861328125]"
26359850099,"std_msgs.msg.Header(stamp=builtin_interfaces.msg.Time(sec=1731185799, nanosec=23256733), frame_id='RU_myo')","geometry_msgs.msg.Quaternion(x=0.8009844686970067, y=0.5562883828167735, z=0.1458166498298521, w=0.16644705068480814)",[0. 0. 0. 0. 0. 0. 0. 0. 0.],"geometry_msgs.msg.Vector3(x=-6.3125, y=14.9375, z=6.875)",[0. 0. 0. 0. 0. 0. 0. 0. 0.],"geometry_msgs.msg.Vector3(x=-0.0302734375, y=0.95849609375, z=0.26904296875)",[0. 0. 0. 0. 0. 0. 0. 0. 0.],False,34.372616413,"[0.8009844686970067, 0.5562883828167735, 0.1458166498298521, 0.16644705068480814]","[-6.3125, 14.9375, 6.875]","[-0.0302734375, 0.95849609375, 0.26904296875]"
26383226442,"std_msgs.msg.Header(stamp=builtin_interfaces.msg.Time(sec=1731185799, nanosec=46489170), frame_id='RU_myo')","geometry_msgs.msg.Quaternion(x=0.8010164238115507, y=0.5553949889706088, z=0.14637181927151555, w=0.16877317776719789)",[0. 0. 0. 0. 0. 0. 0. 0. 0.],"geometry_msgs.msg.Vector3(x=-9.0625, y=12.5, z=3.5)",[0. 0. 0. 0. 0. 0. 0. 0. 0.],"geometry_msgs.msg.Vector3(x=0.02392578125, y=0.9033203125, z=0.2734375)",[0. 0. 0. 0. 0. 0. 0. 0. 0.],False,34.395992756,"[0.8010164238115507, 0.5553949889706088, 0.14637181927151555, 0.16877317776719789]","[-9.0625, 12.5, 3.5]","[0.02392578125, 0.9033203125, 0.2734375]"
26404219931,"std_msgs.msg.Header(stamp=builtin_interfaces.msg.Time(sec=1731185799, nanosec=67401375), frame_id='RU_myo')","geometry_msgs.msg.Quaternion(x=0.8013114284721018, y=0.5542892353713557, z=0.14618684271714533, w=0.17115152692228622)",[0. 0. 0. 0. 0. 0. 0. 0. 0.],"geometry_msgs.msg.Vector3(x=-14.125, y=8.875, z=4.625)",[0. 0. 0. 0. 0. 0. 0. 0. 0.],"geometry_msgs.msg.Vector3(x=0.041015625, y=0.900390625, z=0.240234375)",[0. 0. 0. 0. 0. 0. 0. 0. 0.],False,34.416986245,"[0.8013114284721018, 0.5542892353713557, 0.14618684271714533, 0.17115152692228622]","[-14.125, 8.875, 4.625]","[0.041015625, 0.900390625, 0.240234375]"
26419959771,"std_msgs.msg.Header(stamp=builtin_interfaces.msg.Time(sec=1731185799, nanosec=83208607), frame_id='RU_myo')","geometry_msgs.msg.Quaternion(x=0.8027157216850737, y=0.5519090225440222, z=0.14496615002676982, w=0.17328795786357876)",[0. 0. 0. 0. 0. 0. 0. 0. 0.],"geometry_msgs.msg.Vector3(x=-29.6875, y=4.0625, z=4.375)",[0. 0. 0. 0. 0. 0. 0. 0. 0.],"geometry_msgs.msg.Vector3(x=0.04541015625, y=0.9560546875, z=0.1884765625)",[0. 0. 0. 0. 0. 0. 0. 0. 0.],False,34.432726085,"[0.8027157216850737, 0.5519090225440222, 0.14496615002676982, 0.17328795786357876]","[-29.6875, 4.0625, 4.375]","[0.04541015625, 0.9560546875, 0.1884765625]"
26443163471,"std_msgs.msg.Header(stamp=builtin_interfaces.msg.Time(sec=1731185799, nanosec=106427013), frame_id='RU_myo')","geometry_msgs.msg.Quaternion(x=0.804787584432208, y=0.5492209848100877, z=0.14264608151824573, w=0.1741417503515426)",[0. 0. 0. 0. 0. 0. 0. 0. 0.],"geometry_msgs.msg.Vector3(x=-39.6875, y=-5.875, z=1.9375)",[0. 0. 0. 0. 0. 0. 0. 0. 0.],"geometry_msgs.msg.Vector3(x=0.03662109375, y=1.0185546875, z=0.115234375)",[0. 0. 0. 0. 0. 0. 0. 0. 0.],False,34.455929785,"[0.804787584432208, 0.5492209848100877, 0.14264608151824573, 0.1741417503515426]","[-39.6875, -5.875, 1.9375]","[0.03662109375, 1.0185546875, 0.115234375]"
26464244181,"std_msgs.msg.Header(stamp=builtin_interfaces.msg.Time(sec=1731185799, nanosec=127409782), frame_id='RU_myo')","geometry_msgs.msg.Quaternion(x=0.8088141068781847, y=0.5445807457223729, z=0.138800338015319, w=0.17316471369809144)",[0. 0. 0. 0. 0. 0. 0. 0. 0.],"geometry_msgs.msg.Vector3(x=-54.625, y=-17.625, z=-6.75)",[0. 0. 0. 0. 0. 0. 0. 0. 0.],"geometry_msgs.msg.Vector3(x=0.052734375, y=1.11083984375, z=0.17236328125)",[0. 0. 0. 0. 0. 0. 0. 0. 0.],False,34.477010495,"[0.8088141068781847, 0.5445807457223729, 0.138800338015319, 0.17316471369809144]","[-54.625, -17.625, -6.75]","[0.052734375, 1.11083984375, 0.17236328125]"
26479879607,"std_msgs.msg.Header(stamp=builtin_interfaces.msg.Time(sec=1731185799, nanosec=143206630), frame_id='RU_myo')","geometry_msgs.msg.Quaternion(x=0.8157896957261503, y=0.5368402823727266, z=0.1331266237470059, w=0.16901770800342014)",[0. 0. 0. 0. 0. 0. 0. 0. 0.],"geometry_msgs.msg.Vector3(x=-79.9375, y=-36.3125, z=-18.3125)",[0. 0. 0. 0. 0. 0. 0. 0. 0.],"geometry_msgs.msg.Vector3(x=0.0146484375, y=1.07958984375, z=0.14794921875)",[0. 0. 0. 0. 0. 0. 0. 0. 0.],False,34.492645921,"[0.8157896957261503, 0.5368402823727266, 0.1331266237470059, 0.16901770800342014]","[-79.9375, -36.3125, -18.3125]","[0.0146484375, 1.07958984375, 0.14794921875]"
26503282344,"std_msgs.msg.Header(stamp=builtin_interfaces.msg.Time(sec=1731185799, nanosec=166511678), frame_id='RU_myo')","geometry_msgs.msg.Quaternion(x=0.8276762680832237, y=0.5235235509844992, z=0.1225034122450612, w=0.16083532200584766)",[0. 0. 0. 0. 0. 0. 0. 0. 0.],"geometry_msgs.msg.Vector3(x=-112.5, y=-71.3125, z=-27.875)",[0. 0. 0. 0. 0. 0. 0. 0. 0.],"geometry_msgs.msg.Vector3(x=-0.021484375, y=1.078125, z=-0.10595703125)",[0. 0. 0. 0. 0. 0. 0. 0. 0.],False,34.516048658,"[0.8276762680832237, 0.5235235509844992, 0.1225034122450612, 0.16083532200584766]","[-112.5, -71.3125, -27.875]","[-0.021484375, 1.078125, -0.10595703125]"
26524185871,"std_msgs.msg.Header(stamp=builtin_interfaces.msg.Time(sec=1731185799, nanosec=187343156), frame_id='RU_myo')","geometry_msgs.msg.Quaternion(x=0.8437904466386758, y=0.5041745579597412, z=0.10748806253839034, w=0.1492381106793665)",[0. 0. 0. 0. 0. 0. 0. 0. 0.],"geometry_msgs.msg.Vector3(x=-157.75, y=-99.375, z=-39.625)",[0. 0. 0. 0. 0. 0. 0. 0. 0.],"geometry_msgs.msg.Vector3(x=0.03466796875, y=1.05859375, z=-0.21337890625)",[0. 0. 0. 0. 0. 0. 0. 0. 0.],False,34.536952185,"[0.8437904466386758, 0.5041745579597412, 0.10748806253839034, 0.1492381106793665]","[-157.75, -99.375, -39.625]","[0.03466796875, 1.05859375, -0.21337890625]"
26540167215,"std_msgs.msg.Header(stamp=builtin_interfaces.msg.Time(sec=1731185799, nanosec=203283270), frame_id='RU_myo')","geometry_msgs.msg.Quaternion(x=0.8612996079238388, y=0.4815245274545506, z=0.09082374152013833, w=0.13434345099853795)",[0. 0. 0. 0. 0. 0. 0. 0. 0.],"geometry_msgs.msg.Vector3(x=-173.75, y=-113.5625, z=-56.0625)",[0. 0. 0. 0. 0. 0. 0. 0. 0.],"geometry_msgs.msg.Vector3(x=0.16357421875, y=0.94140625, z=-0.00537109375)",[0. 0. 0. 0. 0. 0. 0. 0. 0.],False,34.552933529,"[0.8612996079238388, 0.4815245274545506, 0.09082374152013833, 0.13434345099853795]","[-173.75, -113.5625, -56.0625]","[0.16357421875, 0.94140625, -0.00537109375]"
26570665980,"std_msgs.msg.Header(stamp=builtin_interfaces.msg.Time(sec=1731185799, nanosec=233837860), frame_id='RU_myo')","geometry_msgs.msg.Quaternion(x=0.8762036840071961, y=0.4620593443353866, z=0.07379521100415884, w=0.11542327875009459)",[0. 0. 0. 0. 0. 0. 0. 0. 0.],"geometry_msgs.msg.Vector3(x=-144.6875, y=-126.875, z=-71.5)",[0. 0. 0. 0. 0. 0. 0. 0. 0.],"geometry_msgs.msg.Vector3(x=0.22607421875, y=0.7236328125, z=0.20263671875)",[0. 0. 0. 0. 0. 0. 0. 0. 0.],False,34.583432294,"[0.8762036840071961, 0.4620593443353866, 0.07379521100415884, 0.11542327875009459]","[-144.6875, -126.875, -71.5]","[0.22607421875, 0.7236328125, 0.20263671875]"
26584264099,"std_msgs.msg.Header(stamp=builtin_interfaces.msg.Time(sec=1731185799, nanosec=247288821), frame_id='RU_myo')","geometry_msgs.msg.Quaternion(x=0.8881036657424366, y=0.44618816471321043, z=0.05523943762865328, w=0.09558559041599009)",[0. 0. 0. 0. 0. 0. 0. 0. 0.],"geometry_msgs.msg.Vector3(x=-115.9375, y=-137.8125, z=-68.9375)",[0. 0. 0. 0. 0. 0. 0. 0. 0.],"geometry_msgs.msg.Vector3(x=0.25341796875, y=0.4755859375, z=0.27001953125)",[0. 0. 0. 0. 0. 0. 0. 0. 0.],False,34.597030413,"[0.8881036657424366, 0.44618816471321043, 0.05523943762865328, 0.09558559041599009]","[-115.9375, -137.8125, -68.9375]","[0.25341796875, 0.4755859375, 0.27001953125]"
26600128621,"std_msgs.msg.Header(stamp=builtin_interfaces.msg.Time(sec=1731185799, nanosec=263308277), frame_id='RU_myo')","geometry_msgs.msg.Quaternion(x=0.8948395285089361, y=0.43850799268814444, z=0.03540292814018983, w=0.07562797925119863)",[0. 0. 0. 0. 0. 0. 0. 0. 0.],"geometry_msgs.msg.Vector3(x=-61.1875, y=-146.9375, z=-60.8125)",[0. 0. 0. 0. 0. 0. 0. 0. 0.],"geometry_msgs.msg.Vector3(x=0.28173828125, y=0.43115234375, z=0.30810546875)",[0. 0. 0. 0. 0. 0. 0. 0. 0.],False,34.612894935,"[0.8948395285089361, 0.43850799268814444, 0.03540292814018983, 0.07562797925119863]","[-61.1875, -146.9375, -60.8125]","[0.28173828125, 0.43115234375, 0.30810546875]"
26623141904,"std_msgs.msg.Header(stamp=builtin_interfaces.msg.Time(sec=1731185799, nanosec=286390853), frame_id='RU_myo')","geometry_msgs.msg.Quaternion(x=0.8954699370281097, y=0.4414176664567711, z=0.014343632690450943, w=0.055482391981361304)",[0. 0. 0. 0. 0. 0. 0. 0. 0.],"geometry_msgs.msg.Vector3(x=8.8125, y=-157.125, z=-54.125)",[0. 0. 0. 0. 0. 0. 0. 0. 0.],"geometry_msgs.msg.Vector3(x=0.29833984375, y=0.42724609375, z=0.36083984375)",[0. 0. 0. 0. 0. 0. 0. 0. 0.],False,34.635908218,"[0.8954699370281097, 0.4414176664567711, 0.014343632690450943, 0.055482391981361304]","[8.8125, -157.125, -54.125]","[0.29833984375, 0.42724609375, 0.36083984375]"
26645717657,"std_msgs.msg.Header(stamp=builtin_interfaces.msg.Time(sec=1731185799, nanosec=308948454), frame_id='RU_myo')","geometry_msgs.msg.Quaternion(x=0.891452908930118, y=0.45161657467812, z=-0.00982703994096193, w=0.035462796308688704)",[0. 0. 0. 0. 0. 0. 0. 0. 0.],"geometry_msgs.msg.Vector3(x=56.875, y=-174.5625, z=-43.5)",[0. 0. 0. 0. 0. 0. 0. 0. 0.],"geometry_msgs.msg.Vector3(x=0.3232421875, y=0.48291015625, z=0.3798828125)",[0. 0. 0. 0. 0. 0. 0. 0. 0.],False,34.658483971,"[0.891452908930118, 0.45161657467812, -0.00982703994096193, 0.035462796308688704]","[56.875, -174.5625, -43.5]","[0.3232421875, 0.48291015625, 0.3798828125]"
26660165009,"std_msgs.msg.Header(stamp=builtin_interfaces.msg.Time(sec=1731185799, nanosec=323286674), frame_id='RU_myo')","geometry_msgs.msg.Quaternion(x=0.8845421865631587, y=0.4646715198941021, z=-0.03741542646723822, w=0.016296768134996094)",[0. 0. 0. 0. 0. 0. 0. 0. 0.],"geometry_msgs.msg.Vector3(x=78.3125, y=-190.25, z=-30.5625)",[0. 0. 0. 0. 0. 0. 0. 0. 0.],"geometry_msgs.msg.Vector3(x=0.3984375, y=0.6044921875, z=0.42578125)",[0. 0. 0. 0. 0. 0. 0. 0. 0.],False,34.672931323,"[0.8845421865631587, 0.4646715198941021, -0.03741542646723822, 0.016296768134996094]","[78.3125, -190.25, -30.5625]","[0.3984375, 0.6044921875, 0.42578125]"
26683043154,"std_msgs.msg.Header(stamp=builtin_interfaces.msg.Time(sec=1731185799, nanosec=346295276), frame_id='RU_myo')","geometry_msgs.msg.Quaternion(x=0.8764388916059492, y=0.4767036523046496, z=-0.06787381067385023, w=-0.0012817895900637186)",[0. 0. 0. 0. 0. 0. 0. 0. 0.],"geometry_msgs.msg.Vector3(x=75.9375, y=-201.1875, z=-14.5)",[0. 0. 0. 0. 0. 0. 0. 0. 0.],"geometry_msgs.msg.Vector3(x=0.41162109375, y=0.66162109375, z=0.416015625)",[0. 0. 0. 0. 0. 0. 0. 0. 0.],False,34.695809468,"[0.8764388916059492, 0.4767036523046496, -0.06787381067385023, -0.0012817895900637186]","[75.9375, -201.1875, -14.5]","[0.41162109375, 0.66162109375, 0.416015625]"
26705612337,"std_msgs.msg.Header(stamp=builtin_interfaces.msg.Time(sec=1731185799, nanosec=368906320), frame_id='RU_myo')","geometry_msgs.msg.Quaternion(x=0.8692211472671539, y=0.4835923846497901, z=-0.10150374046101236, w=-0.01702919037199185)",[0. 0. 0. 0. 0. 0. 0. 0. 0.],"geometry_msgs.msg.Vector3(x=48.9375, y=-212.5, z=6.1875)",[0. 0. 0. 0. 0. 0. 0. 0. 0.],"geometry_msgs.msg.Vector3(x=0.40234375, y=0.68115234375, z=0.4365234375)",[0. 0. 0. 0. 0. 0. 0. 0. 0.],False,34.718378651,"[0.8692211472671539, 0.4835923846497901, -0.10150374046101236, -0.01702919037199185]","[48.9375, -212.5, 6.1875]","[0.40234375, 0.68115234375, 0.4365234375]"
26728139817,"std_msgs.msg.Header(stamp=builtin_interfaces.msg.Time(sec=1731185799, nanosec=391327675), frame_id='RU_myo')","geometry_msgs.msg.Quaternion(x=0.8636997940797355, y=0.48348876812053604, z=-0.13922962758274746, w=-0.029603844532061604)",[0. 0. 0. 0. 0. 0. 0. 0. 0.],"geometry_msgs.msg.Vector3(x=12.0, y=-223.6875, z=37.0625)",[0. 0. 0. 0. 0. 0. 0. 0. 0.],"geometry_msgs.msg.Vector3(x=0.46826171875, y=0.70556640625, z=0.4599609375)",[0. 0. 0. 0. 0. 0. 0. 0. 0.],False,34.740906131,"[0.8636997940797355, 0.48348876812053604, -0.13922962758274746, -0.029603844532061604]","[12.0, -223.6875, 37.0625]","[0.46826171875, 0.70556640625, 0.4599609375]"
26743177828,"std_msgs.msg.Header(stamp=builtin_interfaces.msg.Time(sec=1731185799, nanosec=406421633), frame_id='RU_myo')","geometry_msgs.msg.Quaternion(x=0.8598254128213079, y=0.4762091198148537, z=-0.17926508393953158, w=-0.0422985029520243)",[0. 0. 0. 0. 0. 0. 0. 0. 0.],"geometry_msgs.msg.Vector3(x=-29.6875, y=-235.3125, z=48.625)",[0. 0. 0. 0. 0. 0. 0. 0. 0.],"geometry_msgs.msg.Vector3(x=0.5439453125, y=0.71337890625, z=0.34033203125)",[0. 0. 0. 0. 0. 0. 0. 0. 0.],False,34.755944142,"[0.8598254128213079, 0.4762091198148537, -0.17926508393953158, -0.0422985029520243]","[-29.6875, -235.3125, 48.625]","[0.5439453125, 0.71337890625, 0.34033203125]"
26765664746,"std_msgs.msg.Header(stamp=builtin_interfaces.msg.Time(sec=1731185799, nanosec=428791419), frame_id='RU_myo')","geometry_msgs.msg.Quaternion(x=0.8567165096435626, y=0.46247798472280377, z=-0.22119839205958042, w=-0.05676448802853471)",[0. 0. 0. 0. 0. 0. 0. 0. 0.],"geometry_msgs.msg.Vector3(x=-63.625, y=-249.5625, z=51.0625)",[0. 0. 0. 0. 0. 0. 0. 0. 0.],"geometry_msgs.msg.Vector3(x=0.6171875, y=0.58203125, z=0.337890625)",[0. 0. 0. 0. 0. 0. 0. 0. 0.],False,34.77843106,"[0.8567165096435626, 0.46247798472280377, -0.22119839205958042, -0.05676448802853471]","[-63.625, -249.5625, 51.0625]","[0.6171875, 0.58203125, 0.337890625]"
26786774857,"std_msgs.msg.Header(stamp=builtin_interfaces.msg.Time(sec=1731185799, nanosec=449824095), frame_id='RU_myo')","geometry_msgs.msg.Quaternion(x=0.8516047060637112, y=0.4468605255943542, z=-0.26490570701809824, w=-0.07007183217898082)",[0. 0. 0. 0. 0. 0. 0. 0. 0.],"geometry_msgs.msg.Vector3(x=-62.0, y=-259.125, z=61.375)",[0. 0. 0. 0. 0. 0. 0. 0. 0.],"geometry_msgs.msg.Vector3(x=0.72900390625, y=0.376953125, z=0.490234375)",[0. 0. 0. 0. 0. 0. 0. 0. 0.],False,34.799541171,"[0.8516047060637112, 0.4468605255943542, -0.26490570701809824, -0.07007183217898082]","[-62.0, -259.125, 61.375]","[0.72900390625, 0.376953125, 0.490234375]"
26803125061,"std_msgs.msg.Header(stamp=builtin_interfaces.msg.Time(sec=1731185799, nanosec=466373857), frame_id='RU_myo')","geometry_msgs.msg.Quaternion(x=0.8379510842192103, y=0.43530243518474815, z=-0.3190915775583095, w=-0.08081049133267058)",[0. 0. 0. 0. 0. 0. 0. 0. 0.],"geometry_msgs.msg.Vector3(x=-9.5625, y=-317.1875, z=90.8125)",[0. 0. 0. 0. 0. 0. 0. 0. 0.],"geometry_msgs.msg.Vector3(x=0.76806640625, y=0.310546875, z=0.61279296875)",[0. 0. 0. 0. 0. 0. 0. 0. 0.],False,34.815891375,"[0.8379510842192103, 0.43530243518474815, -0.3190915775583095, -0.08081049133267058]","[-9.5625, -317.1875, 90.8125]","[0.76806640625, 0.310546875, 0.61279296875]"
26825636458,"std_msgs.msg.Header(stamp=builtin_interfaces.msg.Time(sec=1731185799, nanosec=488813933), frame_id='RU_myo')","geometry_msgs.msg.Quaternion(x=0.8220406900659676, y=0.42859888072789015, z=-0.36487668883385466, w=-0.0861226175885863)",[0. 0. 0. 0. 0. 0. 0. 0. 0.],"geometry_msgs.msg.Vector3(x=26.75, y=-267.375, z=87.8125)",[0. 0. 0. 0. 0. 0. 0. 0. 0.],"geometry_msgs.msg.Vector3(x=0.8046875, y=0.4775390625, z=0.77490234375)",[0. 0. 0. 0. 0. 0. 0. 0. 0.],False,34.838402772,"[0.8220406900659676, 0.42859888072789015, -0.36487668883385466, -0.0861226175885863]","[26.75, -267.375, 87.8125]","[0.8046875, 0.4775390625, 0.77490234375]"
26856066870,"std_msgs.msg.Header(stamp=builtin_interfaces.msg.Time(sec=1731185799, nanosec=519065725), frame_id='RU_myo')","geometry_msgs.msg.Quaternion(x=0.8038898593514737, y=0.4252907554446184, z=-0.4077737567631308, w=-0.08129840503045806)",[0. 0. 0. 0. 0. 0. 0. 0. 0.],"geometry_msgs.msg.Vector3(x=66.0625, y=-231.625, z=119.5)",[0. 0. 0. 0. 0. 0. 0. 0. 0.],"geometry_msgs.msg.Vector3(x=0.77978515625, y=0.31982421875, z=0.572265625)",[0. 0. 0. 0. 0. 0. 0. 0. 0.],False,34.868833184,"[0.8038898593514737, 0.4252907554446184, -0.4077737567631308, -0.08129840503045806]","[66.0625, -231.625, 119.5]","[0.77978515625, 0.31982421875, 0.572265625]"
26863281055,"std_msgs.msg.Header(stamp=builtin_interfaces.msg.Time(sec=1731185799, nanosec=526431873), frame_id='RU_myo')","geometry_msgs.msg.Quaternion(x=0.7829672491155918, y=0.4223677396226922, z=-0.45081042266664806, w=-0.07305985322664199)",[0. 0. 0. 0. 0. 0. 0. 0. 0.],"geometry_msgs.msg.Vector3(x=81.5, y=-230.4375, z=134.375)",[0. 0. 0. 0. 0. 0. 0. 0. 0.],"geometry_msgs.msg.Vector3(x=0.81201171875, y=0.40380859375, z=0.47119140625)",[0. 0. 0. 0. 0. 0. 0. 0. 0.],False,34.876047369,"[0.7829672491155918, 0.4223677396226922, -0.45081042266664806, -0.07305985322664199]","[81.5, -230.4375, 134.375]","[0.81201171875, 0.40380859375, 0.47119140625]"
26885461866,"std_msgs.msg.Header(stamp=builtin_interfaces.msg.Time(sec=1731185799, nanosec=548795784), frame_id='RU_myo')","geometry_msgs.msg.Quaternion(x=0.7608037682428133, y=0.41876250733364956, z=-0.4916385361569082, w=-0.06408696002045358)",[0. 0. 0. 0. 0. 0. 0. 0. 0.],"geometry_msgs.msg.Vector3(x=82.0, y=-223.75, z=137.0625)",[0. 0. 0. 0. 0. 0. 0. 0. 0.],"geometry_msgs.msg.Vector3(x=0.80615234375, y=0.5966796875, z=0.47509765625)",[0. 0. 0. 0. 0. 0. 0. 0. 0.],False,34.89822818,"[0.7608037682428133, 0.41876250733364956, -0.4916385361569082, -0.06408696002045358]","[82.0, -223.75, 137.0625]","[0.80615234375, 0.5966796875, 0.47509765625]"
26906669208,"std_msgs.msg.Header(stamp=builtin_interfaces.msg.Time(sec=1731185799, nanosec=569784337), frame_id='RU_myo')","geometry_msgs.msg.Quaternion(x=0.7427496178475028, y=0.41089575374717635, z=-0.5259490062447145, w=-0.05352875461026049)",[0. 0. 0. 0. 0. 0. 0. 0. 0.],"geometry_msgs.msg.Vector3(x=56.875, y=-183.3125, z=140.5625)",[0. 0. 0. 0. 0. 0. 0. 0. 0.],"geometry_msgs.msg.Vector3(x=1.078125, y=0.7197265625, z=0.5830078125)",[0. 0. 0. 0. 0. 0. 0. 0. 0.],False,34.919435522,"[0.7427496178475028, 0.41089575374717635, -0.5259490062447145, -0.05352875461026049]","[56.875, -183.3125, 140.5625]","[1.078125, 0.7197265625, 0.5830078125]"
26923105023,"std_msgs.msg.Header(stamp=builtin_interfaces.msg.Time(sec=1731185799, nanosec=586233377), frame_id='RU_myo')","geometry_msgs.msg.Quaternion(x=0.7295090628375113, y=0.3948455595294395, z=-0.5570197211726178, w=-0.040528281268750625)",[0. 0. 0. 0. 0. 0. 0. 0. 0.],"geometry_msgs.msg.Vector3(x=16.5625, y=-152.125, z=170.8125)",[0. 0. 0. 0. 0. 0. 0. 0. 0.],"geometry_msgs.msg.Vector3(x=1.216796875, y=0.8115234375, z=0.5390625)",[0. 0. 0. 0. 0. 0. 0. 0. 0.],False,34.935871337,"[0.7295090628375113, 0.3948455595294395, -0.5570197211726178, -0.040528281268750625]","[16.5625, -152.125, 170.8125]","[1.216796875, 0.8115234375, 0.5390625]"
26945577906,"std_msgs.msg.Header(stamp=builtin_interfaces.msg.Time(sec=1731185799, nanosec=608736541), frame_id='RU_myo')","geometry_msgs.msg.Quaternion(x=0.7207028444356002, y=0.37207016765577733, z=-0.5839231125267096, w=-0.03442381472405814)",[0. 0. 0. 0. 0. 0. 0. 0. 0.],"geometry_msgs.msg.Vector3(x=-46.75, y=-135.9375, z=156.625)",[0. 0. 0. 0. 0. 0. 0. 0. 0.],"geometry_msgs.msg.Vector3(x=1.11962890625, y=0.7490234375, z=0.31591796875)",[0. 0. 0. 0. 0. 0. 0. 0. 0.],False,34.95834422,"[0.7207028444356002, 0.37207016765577733, -0.5839231125267096, -0.03442381472405814]","[-46.75, -135.9375, 156.625]","[1.11962890625, 0.7490234375, 0.31591796875]"
26967525100,"std_msgs.msg.Header(stamp=builtin_interfaces.msg.Time(sec=1731185799, nanosec=630663965), frame_id='RU_myo')","geometry_msgs.msg.Quaternion(x=0.7105973153019183, y=0.34351844103411755, z=-0.6129985258183445, w=-0.035767911593104634)",[0. 0. 0. 0. 0. 0. 0. 0. 0.],"geometry_msgs.msg.Vector3(x=-90.6875, y=-169.5625, z=152.3125)",[0. 0. 0. 0. 0. 0. 0. 0. 0.],"geometry_msgs.msg.Vector3(x=1.03125, y=0.78125, z=0.50537109375)",[0. 0. 0. 0. 0. 0. 0. 0. 0.],False,34.980291414,"[0.7105973153019183, 0.34351844103411755, -0.6129985258183445, -0.035767911593104634]","[-90.6875, -169.5625, 152.3125]","[1.03125, 0.78125, 0.50537109375]"
