time,.data
1969/12/31/18:00:07.709,(-2 -2 -4 -5 -2 1 0 -3)
1969/12/31/18:00:07.709,(7 7 4 3 0 3 3 5)
1969/12/31/18:00:07.709,(-1 0 1 -3 -6 -5 -4 -1)
1969/12/31/18:00:07.709,(-3 -4 -7 -6 -2 -3 -3 -4)
1969/12/31/18:00:07.731,(-1 -5 -4 -1 -3 -2 1 1)
1969/12/31/18:00:07.731,(0 0 4 11 9 6 1 0)
1969/12/31/18:00:07.732,(-4 1 5 -3 -2 4 -1 -1)
1969/12/31/18:00:07.732,(0 -2 -12 -21 -15 -7 -2 -3)
1969/12/31/18:00:07.755,(6 2 -9 -13 -4 -4 -2 3)
1969/12/31/18:00:07.755,(-5 -9 6 21 6 0 -2 -3)
1969/12/31/18:00:07.756,(-5 1 11 13 0 -1 0 -3)
1969/12/31/18:00:07.756,(2 4 1 7 4 -1 0 1)
1969/12/31/18:00:07.771,(-3 -3 -3 -15 3 0 1 0)
1969/12/31/18:00:07.771,(2 0 -18 -22 -16 -5 0 1)
1969/12/31/18:00:07.771,(8 0 1 18 18 7 3 6)
1969/12/31/18:00:07.771,(-12 -6 2 -21 -20 -5 -4 -8)
1969/12/31/18:00:07.784,(2 -3 -11 6 -12 0 2 1)
1969/12/31/18:00:07.784,(-2 1 10 -13 17 -6 -6 -4)
1969/12/31/18:00:07.792,(3 2 -6 14 -1 6 5 2)
1969/12/31/18:00:07.792,(12 8 15 21 22 10 5 7)
1969/12/31/18:00:07.808,(-11 -1 6 -14 -6 -5 -12 -13)
1969/12/31/18:00:07.808,(-3 -8 -3 12 -9 6 9 1)
1969/12/31/18:00:07.816,(1 2 -10 -17 -2 -12 -11 0)
1969/12/31/18:00:07.816,(-13 -15 -3 -9 -11 -8 -6 -10)
1969/12/31/18:00:07.840,(6 3 1 -15 -25 -7 1 4)
1969/12/31/18:00:07.840,(1 8 -5 -10 -18 -7 -4 -2)
1969/12/31/18:00:07.841,(6 2 -12 12 48 6 0 3)
1969/12/31/18:00:07.841,(-8 -14 1 -14 -1 8 0 -1)
1969/12/31/18:00:07.846,(1 9 16 32 26 10 6 3)
1969/12/31/18:00:07.846,(5 12 5 -6 -36 -4 4 2)
1969/12/31/18:00:07.864,(8 0 -9 -34 -43 -12 -1 3)
1969/12/31/18:00:07.864,(-8 -11 0 17 48 -7 -10 -4)
1969/12/31/18:00:07.870,(-2 0 -6 33 47 19 3 0)
1969/12/31/18:00:07.870,(-4 -4 32 57 27 9 -1 -1)
1969/12/31/18:00:07.880,(-6 -1 -6 -62 -19 2 5 -4)
1969/12/31/18:00:07.880,(9 12 0 55 -31 -4 1 4)
1969/12/31/18:00:07.893,(-7 -12 3 16 38 0 -2 -3)
1969/12/31/18:00:07.893,(-7 -9 -35 -34 -15 -2 0 -6)
1969/12/31/18:00:07.902,(10 10 -3 -30 -17 -11 -3 6)
1969/12/31/18:00:07.902,(3 4 7 -48 -27 -8 -7 0)
1969/12/31/18:00:07.909,(-4 2 10 -5 -14 -6 -2 -3)
1969/12/31/18:00:07.909,(5 4 6 11 8 3 1 1)
1969/12/31/18:00:07.918,(-15 -20 -20 -19 -43 -5 -3 -8)
1969/12/31/18:00:07.918,(1 -1 -6 44 42 8 3 1)
1969/12/31/18:00:07.934,(-5 -1 19 -15 11 10 2 -1)
1969/12/31/18:00:07.934,(-3 -3 -16 -7 -1 -9 -6 -3)
1969/12/31/18:00:07.942,(-2 -8 -33 -83 -55 -17 -1 -1)
1969/12/31/18:00:07.942,(-2 7 24 34 22 11 -1 -2)
1969/12/31/18:00:07.955,(5 4 27 64 14 9 5 4)
1969/12/31/18:00:07.955,(-5 -4 -11 -18 19 4 0 -5)
1969/12/31/18:00:07.965,(8 9 2 14 -6 -8 -3 4)
1969/12/31/18:00:07.965,(4 5 7 50 12 6 7 2)
1969/12/31/18:00:07.971,(-1 -13 -27 -92 -73 -27 -8 -3)
1969/12/31/18:00:07.971,(-10 -1 25 33 11 3 -3 -5)
1969/12/31/18:00:07.980,(-1 3 12 85 54 19 5 1)
1969/12/31/18:00:07.980,(0 -4 -24 -88 -34 -5 -1 1)
1969/12/31/18:00:07.995,(10 12 7 44 3 5 4 6)
1969/12/31/18:00:07.995,(1 -5 -13 -48 -39 -12 -5 1)
1969/12/31/18:00:08.004,(-5 -2 17 36 27 6 1 -3)
1969/12/31/18:00:08.004,(0 4 -5 -17 -1 -1 1 1)
1969/12/31/18:00:08.017,(-4 -6 -22 -24 -26 -12 -6 -6)
1969/12/31/18:00:08.017,(9 7 4 8 7 4 4 7)
1969/12/31/18:00:08.027,(-9 -3 26 22 1 9 1 -6)
1969/12/31/18:00:08.027,(5 6 1 27 13 1 4 4)
1969/12/31/18:00:08.033,(6 2 -8 5 -10 0 1 3)
1969/12/31/18:00:08.033,(-4 -5 1 0 16 4 0 -2)
1969/12/31/18:00:08.042,(-5 0 9 15 6 -2 -3 -4)
1969/12/31/18:00:08.042,(2 5 -4 -4 -14 -4 2 2)
1969/12/31/18:00:08.057,(0 -1 -10 -22 0 -1 -1 1)
1969/12/31/18:00:08.057,(2 -1 -5 -6 -2 -1 0 2)
1969/12/31/18:00:08.066,(-1 -3 -2 -16 -14 -1 -1 -3)
1969/12/31/18:00:08.066,(0 0 -2 -2 -7 -2 -2 -4)
1969/12/31/18:00:08.080,(-3 -1 1 9 11 2 -1 -2)
1969/12/31/18:00:08.080,(-1 -2 -3 -1 -4 -2 -2 -2)
1969/12/31/18:00:08.089,(-2 -2 -6 -7 7 1 -1 0)
1969/12/31/18:00:08.089,(-1 -4 -2 -13 -14 0 3 5)
1969/12/31/18:00:08.095,(-2 1 9 23 29 6 0 -1)
1969/12/31/18:00:08.095,(3 8 5 -6 -9 -2 -3 -2)
1969/12/31/18:00:08.105,(7 5 -1 2 4 1 0 3)
1969/12/31/18:00:08.105,(-5 -3 -7 -3 1 0 -1 -5)
1969/12/31/18:00:08.119,(-8 -8 -5 -14 -13 -3 0 0)
1969/12/31/18:00:08.119,(-12 -12 -2 10 7 0 -9 -8)
1969/12/31/18:00:08.128,(0 -3 -1 -8 -4 -5 0 3)
1969/12/31/18:00:08.128,(20 15 5 4 6 4 7 15)
1969/12/31/18:00:08.142,(-10 -7 -7 -13 -8 -1 0 -4)
1969/12/31/18:00:08.142,(-12 -4 5 -8 1 6 5 1)
1969/12/31/18:00:08.151,(25 13 8 30 13 1 -2 2)
1969/12/31/18:00:08.151,(-2 -6 -4 -12 -8 -7 -5 0)
1969/12/31/18:00:08.167,(3 3 -2 -7 0 5 7 2)
1969/12/31/18:00:08.167,(2 1 -2 -12 -8 -6 2 4)
1969/12/31/18:00:08.168,(-25 -7 1 7 4 -10 -23 -17)
1969/12/31/18:00:08.168,(-12 -11 -8 -12 -14 -12 -11 -15)
1969/12/31/18:00:08.181,(-4 -2 -1 -8 -2 -1 -1 -1)
1969/12/31/18:00:08.181,(4 -2 2 23 8 3 6 3)
1969/12/31/18:00:08.191,(22 9 1 3 5 5 13 23)
1969/12/31/18:00:08.191,(-22 -5 0 -2 5 10 9 -10)
1969/12/31/18:00:08.204,(39 19 4 4 -2 -5 -2 21)
1969/12/31/18:00:08.204,(-11 -2 -7 -10 -5 -9 -12 -21)
1969/12/31/18:00:08.231,(-31 -24 2 5 12 12 3 -10)
1969/12/31/18:00:08.231,(17 9 -2 -3 -4 -6 -11 0)
1969/12/31/18:00:08.232,(-23 -20 -13 -24 -32 -20 -15 -20)
1969/12/31/18:00:08.232,(18 16 4 17 22 7 5 13)
1969/12/31/18:00:08.235,(-6 0 3 4 10 9 15 6)
1969/12/31/18:00:08.235,(3 -9 -1 -9 -5 3 8 5)
1969/12/31/18:00:08.244,(-4 4 3 9 6 -1 -5 -6)
1969/12/31/18:00:08.244,(-2 -11 0 -6 -8 -2 3 1)
1969/12/31/18:00:08.253,(-4 0 -6 -1 -1 3 8 2)
1969/12/31/18:00:08.253,(-4 -5 -10 -58 -17 -2 -5 -4)
1969/12/31/18:00:08.266,(8 8 12 74 19 2 -2 3)
1969/12/31/18:00:08.266,(-7 -5 8 12 15 -1 -5 -3)
1969/12/31/18:00:08.276,(-5 -7 8 17 8 3 -2 -1)
1969/12/31/18:00:08.276,(27 27 3 -21 -3 -4 -3 2)
1969/12/31/18:00:08.282,(-5 7 3 -1 4 20 24 6)
1969/12/31/18:00:08.282,(-31 -31 -19 -34 -16 -5 2 -7)
1969/12/31/18:00:08.291,(-17 -24 -10 -11 -14 -7 -6 -3)
1969/12/31/18:00:08.291,(8 10 5 27 2 -20 -27 -8)
1969/12/31/18:00:08.306,(-13 -6 -8 1 11 8 -4 -13)
1969/12/31/18:00:08.306,(19 15 -7 -42 -14 -4 10 15)
1969/12/31/18:00:08.314,(-6 -4 -5 7 0 -3 -3 -10)
1969/12/31/18:00:08.315,(-17 -13 19 35 9 10 3 -1)
1969/12/31/18:00:08.338,(20 7 -4 -20 -4 0 9 19)
1969/12/31/18:00:08.338,(-6 4 2 22 7 4 -6 -11)
1969/12/31/18:00:08.340,(-21 -7 -5 -27 -5 -12 -17 -26)
1969/12/31/18:00:08.340,(-31 -13 -8 -1 -8 8 -1 -18)
1969/12/31/18:00:08.344,(67 36 3 -39 18 10 28 54)
1969/12/31/18:00:08.344,(-5 -9 -23 -28 -41 -19 -14 -6)
1969/12/31/18:00:08.353,(35 24 21 44 11 15 19 31)
1969/12/31/18:00:08.353,(-16 -4 23 71 31 5 0 -12)
1969/12/31/18:00:08.368,(-18 -15 10 30 13 5 0 -2)
1969/12/31/18:00:08.368,(43 33 10 -10 4 5 3 12)
1969/12/31/18:00:08.377,(-15 -6 -10 -38 -14 -6 -4 -21)
1969/12/31/18:00:08.377,(13 -2 -22 -31 -16 -1 2 8)
1969/12/31/18:00:08.391,(-33 -27 -10 -12 -14 -3 -7 -22)
1969/12/31/18:00:08.391,(0 5 12 27 15 5 5 13)
1969/12/31/18:00:08.408,(35 22 2 -2 -2 -2 -2 -1)
1969/12/31/18:00:08.408,(-1 -2 -10 -47 -13 -4 7 8)
1969/12/31/18:00:08.409,(-12 -7 -3 9 -8 -5 -1 -11)
1969/12/31/18:00:08.409,(-3 3 -1 5 3 -13 -20 -9)
1969/12/31/18:00:08.416,(-19 -9 0 10 -4 4 0 -13)
1969/12/31/18:00:08.416,(18 -2 -16 -68 -15 1 17 24)
1969/12/31/18:00:08.438,(-21 -8 1 29 -11 -14 -25 -31)
1969/12/31/18:00:08.438,(6 0 5 -2 0 3 -1 0)
1969/12/31/18:00:08.441,(2 4 20 83 49 11 1 6)
1969/12/31/18:00:08.441,(4 13 13 41 33 7 -1 -5)
1969/12/31/18:00:08.462,(0 3 2 -9 -4 5 3 2)
1969/12/31/18:00:08.463,(-6 -7 0 -33 -14 4 13 9)
1969/12/31/18:00:08.469,(-5 -6 -23 -46 -38 -30 -31 -21)
1969/12/31/18:00:08.469,(23 10 -5 4 -9 -1 9 25)
1969/12/31/18:00:08.485,(-10 -5 -1 -20 3 5 4 -8)
1969/12/31/18:00:08.485,(-3 -4 -14 -47 -17 -4 -7 -8)
1969/12/31/18:00:08.487,(-55 -36 -3 31 3 -4 -7 -18)
1969/12/31/18:00:08.487,(57 30 38 59 36 31 42 50)
1969/12/31/18:00:08.517,(9 5 -4 0 -2 -6 -9 2)
1969/12/31/18:00:08.517,(-11 -14 -1 11 6 -1 0 1)
1969/12/31/18:00:08.518,(-2 -6 -9 -37 -14 2 2 2)
1969/12/31/18:00:08.518,(-12 -7 -12 -22 0 -1 -2 -3)
1969/12/31/18:00:08.525,(11 11 7 1 -15 1 1 8)
1969/12/31/18:00:08.525,(-4 -3 11 34 7 6 5 -1)
1969/12/31/18:00:08.527,(33 22 -2 -36 -4 -1 8 21)
1969/12/31/18:00:08.527,(-27 -14 -1 26 0 -10 -20 -26)
1969/12/31/18:00:08.548,(-3 -5 -3 -10 6 3 4 -2)
1969/12/31/18:00:08.548,(-19 -16 3 19 7 -4 -4 -10)
1969/12/31/18:00:08.549,(-9 0 -6 -16 -17 -18 -21 -16)
1969/12/31/18:00:08.549,(-16 -8 -9 -18 -6 -1 -3 -8)
1969/12/31/18:00:08.562,(-17 -25 -9 -8 -1 -1 0 -1)
1969/12/31/18:00:08.562,(15 18 -1 9 5 15 22 3)
1969/12/31/18:00:08.571,(40 21 4 -34 -3 3 5 35)
1969/12/31/18:00:08.571,(-13 -15 -16 -19 -34 -19 -17 -18)
1969/12/31/18:00:08.587,(-19 -13 6 39 9 -5 -9 -13)
1969/12/31/18:00:08.587,(-7 4 18 54 40 14 3 -3)
1969/12/31/18:00:08.589,(22 11 12 22 21 18 22 17)
1969/12/31/18:00:08.589,(-12 -8 -9 -26 -28 -15 -14 -13)
1969/12/31/18:00:08.610,(15 11 -14 -65 -27 -10 -2 8)
1969/12/31/18:00:08.611,(2 -4 -16 -33 -9 -5 -6 -7)
1969/12/31/18:00:08.612,(-4 1 0 37 22 8 2 -2)
1969/12/31/18:00:08.612,(-5 1 25 53 14 9 4 2)
1969/12/31/18:00:08.624,(-5 3 9 32 12 -3 -5 -9)
1969/12/31/18:00:08.624,(9 6 1 -3 -4 -1 4 8)
1969/12/31/18:00:08.633,(-23 -24 -12 -28 -14 -16 -14 -17)
1969/12/31/18:00:08.633,(-12 3 -5 -14 0 7 7 -14)
1969/12/31/18:00:08.649,(9 7 -2 -7 -7 -9 -11 -2)
1969/12/31/18:00:08.649,(-3 -6 -8 -12 -8 -8 -11 -4)
1969/12/31/18:00:08.651,(-7 -6 -8 -15 -14 -4 -2 -4)
1969/12/31/18:00:08.651,(-2 -5 -5 -1 2 -2 -1 -1)
1969/12/31/18:00:08.672,(2 5 6 13 18 0 0 1)
1969/12/31/18:00:08.673,(5 9 10 18 1 10 9 10)
1969/12/31/18:00:08.674,(5 14 12 15 4 2 5 7)
1969/12/31/18:00:08.674,(-13 -18 -3 -4 3 -3 -5 -4)
1969/12/31/18:00:08.696,(1 5 -11 -41 -11 -5 -7 -8)
1969/12/31/18:00:08.696,(3 -5 -5 13 0 -5 -3 2)
1969/12/31/18:00:08.697,(-1 0 1 0 -2 4 3 1)
1969/12/31/18:00:08.697,(4 6 0 -13 2 -1 -1 3)
1969/12/31/18:00:08.711,(-11 -11 -6 7 4 -3 -3 -5)
1969/12/31/18:00:08.711,(1 1 -1 -14 3 -4 -5 -3)
1969/12/31/18:00:08.712,(7 7 -2 -2 -36 -7 2 4)
1969/12/31/18:00:08.712,(-11 -8 1 14 27 -1 -12 -13)
1969/12/31/18:00:08.735,(10 9 16 28 26 25 25 22)
1969/12/31/18:00:08.735,(18 13 12 9 9 7 -1 2)
1969/12/31/18:00:08.736,(8 3 -3 -12 3 2 5 6)
1969/12/31/18:00:08.736,(-22 -16 -5 -10 -19 -13 -8 -7)
1969/12/31/18:00:08.750,(-14 -20 -12 -14 -11 -5 -4 -11)
1969/12/31/18:00:08.750,(11 7 -12 -25 -11 -5 1 6)
1969/12/31/18:00:08.757,(4 1 2 12 -6 -3 -4 -2)
1969/12/31/18:00:08.757,(-5 -5 9 44 19 5 1 -3)
1969/12/31/18:00:08.773,(0 7 15 43 18 2 -1 2)
1969/12/31/18:00:08.773,(-8 -4 5 6 7 3 2 -2)
1969/12/31/18:00:08.775,(1 -3 -6 -18 2 2 1 -1)
1969/12/31/18:00:08.775,(12 9 -5 -23 -8 -2 1 7)
1969/12/31/18:00:08.804,(-3 -2 -11 -25 -23 -9 -7 -6)
1969/12/31/18:00:08.804,(4 3 -1 4 -13 -2 2 2)
1969/12/31/18:00:08.807,(7 -5 0 2 9 0 4 15)
1969/12/31/18:00:08.807,(10 16 7 6 6 8 3 2)
1969/12/31/18:00:08.811,(-1 0 -6 -23 -9 -4 1 -3)
1969/12/31/18:00:08.811,(-15 -1 0 4 -5 -7 -7 -7)
1969/12/31/18:00:08.820,(0 -2 -11 -18 -5 0 -2 -4)
1969/12/31/18:00:08.820,(-10 -7 0 10 4 3 5 1)
1969/12/31/18:00:08.836,(15 8 8 13 -3 -1 -4 4)
1969/12/31/18:00:08.836,(10 0 3 9 9 2 1 4)
1969/12/31/18:00:08.837,(-1 5 0 -2 0 -2 0 -1)
1969/12/31/18:00:08.837,(6 9 -4 -11 -7 -6 -7 -1)
1969/12/31/18:00:08.858,(-6 -11 -1 -1 2 5 2 3)
1969/12/31/18:00:08.858,(-10 -8 -3 -1 -5 -4 -6 -5)
1969/12/31/18:00:08.867,(-6 -7 1 3 2 -2 -6 -9)
1969/12/31/18:00:08.867,(19 13 -1 -9 -5 0 3 10)
1969/12/31/18:00:08.873,(6 4 3 1 1 -1 4 5)
1969/12/31/18:00:08.873,(15 10 -2 -5 1 6 17 30)
1969/12/31/18:00:08.882,(7 21 -5 -3 0 -6 -14 -23)
1969/12/31/18:00:08.882,(3 -1 0 -1 -3 -1 -1 1)
1969/12/31/18:00:08.898,(3 5 -4 -6 -1 -5 -6 -3)
1969/12/31/18:00:08.898,(-9 -13 -4 -2 -19 -6 -5 -10)
1969/12/31/18:00:08.899,(-5 -4 -2 0 -2 -1 3 4)
1969/12/31/18:00:08.899,(8 6 1 -12 7 1 1 2)
1969/12/31/18:00:08.922,(-20 -14 -3 12 -7 -8 -16 -17)
1969/12/31/18:00:08.922,(-11 -12 -8 -24 -7 -3 0 -8)
1969/12/31/18:00:08.923,(-2 -5 6 32 17 6 10 9)
1969/12/31/18:00:08.923,(-2 -2 1 11 13 7 -3 -10)
1969/12/31/18:00:08.935,(7 4 -3 -25 4 6 5 7)
1969/12/31/18:00:08.935,(-20 -11 -1 18 2 -1 -11 -20)
1969/12/31/18:00:08.944,(-2 -3 -7 -33 -13 -6 -4 -3)
1969/12/31/18:00:08.944,(-5 -12 -14 -3 -16 -12 -4 6)
1969/12/31/18:00:08.960,(26 41 8 11 -18 -10 3 13)
1969/12/31/18:00:08.960,(-7 -9 13 22 9 0 -6 -6)
1969/12/31/18:00:08.962,(-8 -3 3 18 24 7 2 -1)
1969/12/31/18:00:08.962,(21 15 3 -9 2 2 3 8)
1969/12/31/18:00:08.984,(-3 -5 -7 -14 -5 4 11 1)
1969/12/31/18:00:08.984,(7 2 -12 -35 -20 -11 -5 3)
1969/12/31/18:00:08.985,(8 10 9 27 7 -1 -3 -3)
1969/12/31/18:00:08.985,(-10 -7 6 17 7 1 -3 -6)
1969/12/31/18:00:08.997,(-3 -2 -3 -11 1 3 3 -1)
1969/12/31/18:00:08.997,(-7 -3 -4 -4 -1 0 0 -3)
1969/12/31/18:00:09.007,(-6 -11 -6 -14 -7 0 -2 -2)
1969/12/31/18:00:09.007,(-1 0 -1 10 1 4 4 3)
1969/12/31/18:00:09.022,(8 1 -8 -38 -10 -5 -3 1)
1969/12/31/18:00:09.022,(-12 -6 2 29 -1 -3 -6 -13)
1969/12/31/18:00:09.024,(6 9 21 40 10 5 4 8)
1969/12/31/18:00:09.024,(-10 -9 11 40 8 0 0 -6)
1969/12/31/18:00:09.046,(15 28 0 -6 -3 -3 -2 3)
1969/12/31/18:00:09.046,(-17 -15 -15 -70 -6 -8 -14 -21)
1969/12/31/18:00:09.047,(-33 -30 -34 -13 -3 -16 -24 -26)
1969/12/31/18:00:09.047,(-7 -8 -18 -57 -40 -9 -3 -2)
1969/12/31/18:00:09.069,(-7 -19 15 83 3 -1 -1 -1)
1969/12/31/18:00:09.069,(26 38 37 73 42 22 22 21)
1969/12/31/18:00:09.070,(5 8 9 11 13 1 -7 -6)
1969/12/31/18:00:09.070,(-12 1 -6 -62 -3 -2 -7 -10)
1969/12/31/18:00:09.093,(-42 -44 -29 -26 -9 -4 -8 -19)
1969/12/31/18:00:09.093,(19 16 -11 -25 -11 1 9 19)
1969/12/31/18:00:09.094,(28 14 0 -43 -28 -1 15 27)
1969/12/31/18:00:09.094,(0 1 7 53 12 -3 -6 -5)
1969/12/31/18:00:09.107,(5 -1 3 -8 47 2 4 15)
1969/12/31/18:00:09.108,(-25 -17 7 53 -30 -3 -13 -22)
1969/12/31/18:00:09.109,(-21 -20 -13 -57 -25 -4 -1 -9)
1969/12/31/18:00:09.109,(46 23 3 28 2 9 22 37)
1969/12/31/18:00:09.122,(-45 -30 19 48 20 -9 -20 -19)
1969/12/31/18:00:09.122,(40 13 -20 -75 10 5 2 5)
1969/12/31/18:00:09.131,(-16 -21 5 43 4 4 3 -3)
1969/12/31/18:00:09.131,(-19 -5 15 2 -17 -5 0 -8)
1969/12/31/18:00:09.146,(15 1 11 9 15 17 15 13)
1969/12/31/18:00:09.146,(-32 -12 -8 -8 6 3 3 -8)
1969/12/31/18:00:09.153,(75 33 3 -12 -12 -3 5 41)
1969/12/31/18:00:09.153,(-8 -13 -16 -29 4 5 4 -7)
1969/12/31/18:00:09.171,(8 14 9 17 -7 0 -3 -5)
1969/12/31/18:00:09.171,(-4 0 1 -23 -14 -9 -7 -4)
1969/12/31/18:00:09.172,(-11 -12 0 11 4 -1 6 -1)
1969/12/31/18:00:09.172,(40 62 5 27 22 7 3 14)
1969/12/31/18:00:09.184,(12 19 -11 -40 -19 -6 -6 -3)
1969/12/31/18:00:09.184,(-27 -47 -29 -18 -8 -3 -5 -14)
1969/12/31/18:00:09.193,(-23 -15 11 80 30 4 -2 -11)
1969/12/31/18:00:09.193,(-15 -14 31 79 -4 0 2 -5)
1969/12/31/18:00:09.208,(-14 -18 15 21 4 -2 -10 -12)
1969/12/31/18:00:09.208,(20 17 -12 -14 4 -2 1 5)
1969/12/31/18:00:09.215,(1 9 -1 -26 16 8 9 5)
1969/12/31/18:00:09.215,(-31 -37 -31 -84 -30 -12 -14 -20)
1969/12/31/18:00:09.233,(6 -3 -10 23 1 5 10 8)
1969/12/31/18:00:09.233,(1 6 22 17 9 -1 -2 3)
1969/12/31/18:00:09.234,(1 2 -7 -32 -8 7 5 1)
1969/12/31/18:00:09.234,(6 -4 -14 -17 -2 -2 -1 3)
1969/12/31/18:00:09.246,(-8 -4 -8 -47 -15 -5 -3 -8)
1969/12/31/18:00:09.246,(16 12 10 45 -7 -2 4 13)
1969/12/31/18:00:09.256,(-4 7 23 64 21 2 -4 -6)
1969/12/31/18:00:09.256,(24 56 11 -15 16 -3 -5 1)
1969/12/31/18:00:09.270,(17 7 -11 -48 -20 9 16 19)
1969/12/31/18:00:09.270,(-13 -22 -8 1 -4 -5 -5 -8)
1969/12/31/18:00:09.277,(-13 -2 -1 -45 -4 3 2 -5)
1969/12/31/18:00:09.277,(-11 -21 1 46 -5 -3 -4 -2)
1969/12/31/18:00:09.294,(-6 1 1 6 8 -5 -4 -6)
1969/12/31/18:00:09.294,(5 2 -7 -39 -15 -3 1 2)
1969/12/31/18:00:09.296,(-11 -10 -4 9 34 0 1 -1)
1969/12/31/18:00:09.296,(24 13 11 14 -32 10 13 21)
1969/12/31/18:00:09.318,(-7 -17 -2 -19 -27 -6 -4 -9)
1969/12/31/18:00:09.318,(17 36 14 40 26 7 5 7)
1969/12/31/18:00:09.319,(-16 -21 -16 -31 -1 -2 -8 -11)
1969/12/31/18:00:09.319,(-30 -34 -13 -18 6 -1 -2 -11)
1969/12/31/18:00:09.332,(21 24 6 16 -3 -3 2 5)
1969/12/31/18:00:09.332,(3 5 7 4 -2 -1 -4 -1)
1969/12/31/18:00:09.340,(5 7 -2 -32 -24 -4 2 6)
1969/12/31/18:00:09.340,(4 6 -1 20 16 0 -2 3)
1969/12/31/18:00:09.357,(-26 -28 -6 1 1 -1 -9 -15)
1969/12/31/18:00:09.357,(6 14 1 -4 9 1 0 -5)
1969/12/31/18:00:09.358,(21 26 -8 -10 -33 -3 4 10)
1969/12/31/18:00:09.358,(1 2 14 10 7 0 1 0)
1969/12/31/18:00:09.380,(-3 -4 -2 8 10 -6 -10 -2)
1969/12/31/18:00:09.380,(-4 -15 -6 -14 -7 1 6 11)
1969/12/31/18:00:09.382,(-13 -2 0 24 3 -5 -10 -18)
1969/12/31/18:00:09.382,(27 5 -4 -21 8 16 23 30)
1969/12/31/18:00:09.394,(12 14 -4 -16 -10 -6 -2 2)
1969/12/31/18:00:09.394,(-18 -16 0 6 0 -8 -9 -6)
1969/12/31/18:00:09.402,(-10 -8 -4 -27 -19 -11 -14 -18)
1969/12/31/18:00:09.402,(-38 -51 -11 -9 -6 -11 -13 -20)
1969/12/31/18:00:09.419,(25 34 9 36 29 14 18 25)
1969/12/31/18:00:09.419,(-12 -6 8 15 10 9 2 -9)
1969/12/31/18:00:09.420,(-18 -16 1 -4 -1 4 3 0)
1969/12/31/18:00:09.420,(3 -3 -12 -31 -7 -3 -1 -1)
1969/12/31/18:00:09.442,(-20 -25 -6 6 -8 -5 -5 -10)
1969/12/31/18:00:09.442,(-1 2 -2 -3 -11 -11 -13 -7)
1969/12/31/18:00:09.444,(-16 3 7 19 6 5 5 -5)
1969/12/31/18:00:09.444,(23 37 7 -4 6 3 -1 7)
1969/12/31/18:00:09.457,(17 25 -7 -16 -7 3 8 11)
1969/12/31/18:00:09.457,(3 -1 3 7 5 3 5 7)
1969/12/31/18:00:09.466,(12 12 -2 -4 -11 -15 -13 -7)
1969/12/31/18:00:09.466,(-27 -21 -1 3 2 -3 -5 -15)
1969/12/31/18:00:09.482,(-1 -1 -1 -32 -2 -1 1 0)
1969/12/31/18:00:09.482,(11 4 -4 30 4 1 4 7)
1969/12/31/18:00:09.483,(8 9 17 36 5 5 8 10)
1969/12/31/18:00:09.483,(16 7 5 -2 2 3 1 5)
1969/12/31/18:00:09.505,(-5 -5 2 19 14 -3 -7 -13)
1969/12/31/18:00:09.505,(-23 -22 -6 -14 -2 -5 -7 -11)
1969/12/31/18:00:09.506,(18 7 -8 -15 -4 4 11 15)
1969/12/31/18:00:09.506,(28 22 -8 -6 -10 -18 -15 3)
1969/12/31/18:00:09.519,(-33 -30 0 -7 -6 6 1 -22)
1969/12/31/18:00:09.519,(-2 3 -3 -3 1 4 6 6)
1969/12/31/18:00:09.527,(29 1 -1 8 1 -2 -1 13)
1969/12/31/18:00:09.527,(-12 3 10 9 7 -1 -6 -16)
1969/12/31/18:00:09.544,(-8 -14 -5 -11 -9 -7 -9 -4)
1969/12/31/18:00:09.544,(83 83 19 11 20 30 51 67)
1969/12/31/18:00:09.545,(-36 -25 -15 -10 -13 -23 -33 -37)
1969/12/31/18:00:09.545,(9 10 -2 -9 -3 0 3 2)
1969/12/31/18:00:09.567,(-4 -12 -3 1 4 2 1 -5)
1969/12/31/18:00:09.567,(4 -4 -1 -3 -12 -1 5 12)
1969/12/31/18:00:09.569,(-4 -2 8 17 20 9 9 5)
1969/12/31/18:00:09.569,(-15 -8 0 16 0 -4 -7 -5)
1969/12/31/18:00:09.581,(14 22 5 12 6 6 6 10)
1969/12/31/18:00:09.581,(-30 -34 -15 -35 -18 -22 -28 -34)
1969/12/31/18:00:09.589,(25 41 4 -6 -6 5 10 14)
1969/12/31/18:00:09.589,(-27 -47 -13 12 10 -1 -1 -11)
1969/12/31/18:00:09.605,(2 8 19 26 13 5 6 10)
1969/12/31/18:00:09.605,(13 6 -1 -8 -3 3 1 5)
1969/12/31/18:00:09.607,(5 -4 -4 -20 -12 -2 0 6)
1969/12/31/18:00:09.607,(-22 -20 -7 -13 -5 -2 -2 -11)
1969/12/31/18:00:09.629,(5 1 -2 3 -4 0 9 17)
1969/12/31/18:00:09.629,(1 5 11 12 7 3 1 -5)
1969/12/31/18:00:09.631,(-26 -42 -5 -2 -4 -7 -10 -11)
1969/12/31/18:00:09.631,(86 104 8 -2 4 7 16 46)
1969/12/31/18:00:09.643,(-24 -26 -13 -11 -9 -9 -15 -22)
1969/12/31/18:00:09.643,(-26 -24 -6 -1 -8 -6 -12 -17)
1969/12/31/18:00:09.668,(7 -3 0 6 10 8 11 9)
1969/12/31/18:00:09.668,(-17 -19 -3 -13 -9 -10 -16 -14)
1969/12/31/18:00:09.669,(8 16 -1 -1 3 9 2 -5)
1969/12/31/18:00:09.669,(-2 3 -3 2 -3 -7 -9 -8)
1969/12/31/18:00:09.671,(-3 -5 0 -2 -2 4 6 4)
1969/12/31/18:00:09.671,(-16 -21 -10 -11 -9 -3 -4 -8)
1969/12/31/18:00:09.691,(-19 -40 -5 8 0 -13 -12 -5)
1969/12/31/18:00:09.691,(1 -1 6 16 15 12 8 1)
1969/12/31/18:00:09.693,(-14 -2 -6 -2 -3 -9 -14 -21)
1969/12/31/18:00:09.693,(-8 -9 3 -11 -3 3 5 2)
1969/12/31/18:00:09.706,(3 -5 -12 -36 -6 -8 -8 -7)
1969/12/31/18:00:09.706,(-14 -13 0 -1 -33 1 10 9)
1969/12/31/18:00:09.715,(-3 15 6 25 16 2 2 1)
1969/12/31/18:00:09.715,(1 0 6 14 24 9 5 5)
1969/12/31/18:00:09.730,(7 8 -3 -2 -14 -1 -1 1)
1969/12/31/18:00:09.730,(-11 -10 -1 0 16 -8 -14 -15)
1969/12/31/18:00:09.731,(-1 5 0 -2 4 12 12 5)
1969/12/31/18:00:09.731,(-6 9 2 3 -3 2 -2 -12)
1969/12/31/18:00:09.753,(20 31 -7 -6 2 5 7 8)
1969/12/31/18:00:09.753,(-17 -27 -4 -11 -8 -6 -1 -1)
1969/12/31/18:00:09.755,(0 -4 -3 -13 -24 -7 0 -1)
1969/12/31/18:00:09.755,(-24 -21 -3 4 8 -9 -9 -11)
1969/12/31/18:00:09.768,(-9 -6 8 7 10 13 16 10)
1969/12/31/18:00:09.768,(72 59 4 3 6 5 11 29)
1969/12/31/18:00:09.777,(-6 -9 -4 2 6 0 -4 -6)
1969/12/31/18:00:09.777,(-14 -27 -7 -11 -11 -2 -1 -4)
1969/12/31/18:00:09.793,(-1 11 -1 -5 -16 -14 -12 -9)
1969/12/31/18:00:09.793,(-4 -15 -2 0 1 4 7 10)
1969/12/31/18:00:09.794,(-5 -10 2 22 6 2 -1 -2)
1969/12/31/18:00:09.794,(19 22 11 12 10 6 9 11)
1969/12/31/18:00:09.815,(3 0 2 11 -4 -2 0 -1)
1969/12/31/18:00:09.815,(4 9 4 -12 6 -2 -4 2)
1969/12/31/18:00:09.818,(16 18 -2 -15 -6 2 -3 -1)
1969/12/31/18:00:09.818,(-14 -19 -9 -7 -12 -6 -9 -6)
1969/12/31/18:00:09.830,(-21 -13 -1 3 5 0 -2 -11)
1969/12/31/18:00:09.830,(-1 7 5 8 7 4 1 -2)
1969/12/31/18:00:09.847,(-1 -3 -2 -8 -10 -8 -5 -1)
1969/12/31/18:00:09.847,(-10 -15 -6 0 4 6 8 4)
1969/12/31/18:00:09.855,(32 21 2 -9 -2 1 -2 8)
1969/12/31/18:00:09.855,(-12 -14 -5 1 -3 -4 -9 -16)
1969/12/31/18:00:09.856,(1 -1 2 4 0 -2 0 1)
1969/12/31/18:00:09.856,(-2 -7 -2 -20 -10 -6 -5 3)
1969/12/31/18:00:09.878,(-17 -21 -6 12 12 6 7 0)
1969/12/31/18:00:09.878,(-13 -19 0 11 3 1 -1 -4)
1969/12/31/18:00:09.879,(4 3 6 -3 5 10 12 7)
1969/12/31/18:00:09.880,(-6 -13 -11 -31 -34 -15 -10 -7)
1969/12/31/18:00:09.892,(3 -1 2 2 12 -6 -2 6)
1969/12/31/18:00:09.892,(1 11 5 15 4 4 1 -1)
1969/12/31/18:00:09.902,(-8 4 2 23 13 1 -7 -8)
1969/12/31/18:00:09.902,(34 41 21 10 18 18 22 28)
1969/12/31/18:00:09.916,(-9 -10 -7 -11 -15 -11 -17 -19)
1969/12/31/18:00:09.916,(-16 -15 -10 -15 -7 -10 -11 -13)
1969/12/31/18:00:09.918,(12 9 -5 -21 -10 -2 4 9)
1969/12/31/18:00:09.918,(-3 1 4 8 0 1 3 1)
1969/12/31/18:00:09.940,(3 -12 -1 -8 -9 -4 -3 2)
1969/12/31/18:00:09.940,(-1 19 5 13 13 -2 -4 -8)
1969/12/31/18:00:09.954,(11 28 5 0 2 7 9 11)
1969/12/31/18:00:09.954,(-13 -15 -4 7 4 -2 -5 -12)
1969/12/31/18:00:09.955,(11 12 5 2 1 5 9 11)
1969/12/31/18:00:09.955,(-10 -14 -8 -12 -11 -12 -16 -18)
1969/12/31/18:00:09.964,(-4 -10 -4 -12 -19 -14 -8 -4)
1969/12/31/18:00:09.964,(-5 -3 -3 4 2 -9 -12 -11)
1969/12/31/18:00:09.979,(18 32 9 4 6 17 18 20)
1969/12/31/18:00:09.979,(32 47 5 4 18 17 15 14)
1969/12/31/18:00:09.980,(2 -1 -1 0 6 -1 -3 2)
1969/12/31/18:00:09.980,(-11 -33 -13 -3 -11 -13 -13 -13)
1969/12/31/18:00:10.002,(-40 -16 -8 0 -12 -10 -18 -33)
1969/12/31/18:00:10.002,(-8 -12 9 6 14 22 26 24)
1969/12/31/18:00:10.004,(-33 -27 -11 -10 -2 -13 -20 -28)
1969/12/31/18:00:10.004,(-5 16 -3 -1 0 -4 -2 -3)
1969/12/31/18:00:10.017,(-23 -20 -4 2 -5 -7 -11 -16)
1969/12/31/18:00:10.017,(-19 -27 -7 -4 -9 -6 0 -1)
1969/12/31/18:00:10.026,(5 -7 -3 -6 -2 3 3 0)
1969/12/31/18:00:10.026,(-15 -3 -1 -1 -11 -7 -4 -10)
1969/12/31/18:00:10.040,(24 17 3 3 17 3 6 18)
1969/12/31/18:00:10.040,(-6 -3 0 -2 -7 -7 -13 -11)
1969/12/31/18:00:10.048,(-3 -18 0 3 7 9 10 9)
1969/12/31/18:00:10.048,(10 5 2 2 -2 3 2 3)
1969/12/31/18:00:10.064,(17 10 4 -12 -19 -9 7 15)
1969/12/31/18:00:10.064,(2 -9 -9 -10 -23 -10 -11 -5)
1969/12/31/18:00:10.066,(15 16 3 4 11 2 -2 4)
1969/12/31/18:00:10.066,(-17 -8 14 34 50 31 21 5)
1969/12/31/18:00:10.079,(12 -9 -4 3 2 0 2 2)
1969/12/31/18:00:10.079,(-10 -18 3 1 -3 -14 -25 -14)
1969/12/31/18:00:10.087,(-29 -20 -4 -12 -24 -18 -16 -24)
1969/12/31/18:00:10.087,(57 27 -1 -6 -4 10 19 30)
1969/12/31/18:00:10.103,(-10 -17 -6 -6 -5 0 0 0)
1969/12/31/18:00:10.103,(10 9 0 -5 -3 -2 5 6)
1969/12/31/18:00:10.110,(-13 -15 1 1 -2 -1 -6 -5)
1969/12/31/18:00:10.110,(-1 -3 -1 -6 -9 -12 -11 -6)
1969/12/31/18:00:10.127,(5 11 0 -4 -7 -3 0 4)
1969/12/31/18:00:10.127,(0 -1 -5 -12 -2 5 6 5)
1969/12/31/18:00:10.129,(27 31 10 11 12 14 12 16)
1969/12/31/18:00:10.129,(-21 -17 1 17 20 -2 -9 -12)
1969/12/31/18:00:10.141,(32 61 17 22 8 12 17 22)
1969/12/31/18:00:10.141,(-15 -4 -5 -12 -25 -19 -12 -16)
1969/12/31/18:00:10.149,(-8 -20 -18 -59 -24 -15 -7 -4)
1969/12/31/18:00:10.149,(1 2 -1 13 -2 0 1 3)
1969/12/31/18:00:10.165,(-7 -11 4 22 32 10 -4 -5)
1969/12/31/18:00:10.165,(-19 -14 6 34 34 14 2 -2)
1969/12/31/18:00:10.173,(69 66 22 16 15 16 17 29)
1969/12/31/18:00:10.173,(-22 -19 -10 -26 -28 -15 -18 -22)
1969/12/31/18:00:10.188,(-9 -7 -8 -19 -20 -11 -4 -5)
1969/12/31/18:00:10.188,(-2 -5 -8 -10 -7 -5 -1 -4)
1969/12/31/18:00:10.189,(-6 -7 3 5 -3 -5 -4 -4)
1969/12/31/18:00:10.189,(-16 -21 1 -5 -4 4 5 -5)
1969/12/31/18:00:10.212,(-5 -13 -3 3 1 2 1 2)
1969/12/31/18:00:10.212,(-13 -5 -5 -8 1 1 -2 -6)
1969/12/31/18:00:10.213,(2 1 1 11 4 3 3 6)
1969/12/31/18:00:10.213,(-4 -14 -1 5 1 -2 -9 -12)
1969/12/31/18:00:10.226,(-18 -6 8 5 13 14 15 8)
1969/12/31/18:00:10.226,(35 56 4 -2 -4 1 7 7)
1969/12/31/18:00:10.243,(-15 -12 -5 4 7 4 4 -2)
1969/12/31/18:00:10.243,(4 13 -1 -7 -6 -5 -5 0)
1969/12/31/18:00:10.250,(-2 -7 -10 -33 -16 -16 -14 -11)
1969/12/31/18:00:10.250,(-5 -9 -1 8 -13 0 0 2)
1969/12/31/18:00:10.251,(-15 -13 3 26 27 9 0 -5)
1969/12/31/18:00:10.251,(20 14 15 8 20 20 24 26)
1969/12/31/18:00:10.274,(36 33 6 5 8 6 8 20)
1969/12/31/18:00:10.274,(-10 -19 -10 -13 -9 -5 0 -2)
1969/12/31/18:00:10.275,(-17 -23 -10 -17 -17 -18 -15 -14)
1969/12/31/18:00:10.275,(24 14 4 0 -4 -3 6 14)
1969/12/31/18:00:10.288,(-29 -29 -11 -4 -12 -11 -19 -26)
1969/12/31/18:00:10.288,(-1 -6 -3 -2 3 1 -2 -1)
1969/12/31/18:00:10.297,(0 -3 -7 -48 -37 -15 -5 -1)
1969/12/31/18:00:10.297,(2 14 -5 17 5 -2 -3 0)
1969/12/31/18:00:10.312,(6 -2 10 33 26 14 8 5)
1969/12/31/18:00:10.312,(4 9 13 27 44 19 3 2)
1969/12/31/18:00:10.313,(-7 -2 4 23 -4 1 -6 -6)
1969/12/31/18:00:10.313,(-2 -2 -4 -26 -26 -12 -2 2)
1969/12/31/18:00:10.336,(6 4 -5 -17 -19 -12 -2 3)
1969/12/31/18:00:10.336,(-9 -20 -4 5 3 1 1 -1)
1969/12/31/18:00:10.337,(-1 -17 2 0 4 1 -1 4)
1969/12/31/18:00:10.337,(16 32 -7 -16 -11 -2 1 3)
1969/12/31/18:00:10.352,(-30 -46 -13 1 -11 -5 -8 -15)
1969/12/31/18:00:10.352,(20 35 18 3 15 20 32 20)
1969/12/31/18:00:10.353,(30 9 -3 3 0 -1 -3 11)
1969/12/31/18:00:10.353,(6 12 8 9 7 3 -2 -6)
1969/12/31/18:00:10.374,(-16 -12 5 0 6 2 -4 -9)
1969/12/31/18:00:10.374,(-9 -10 -7 -10 -10 -7 -6 -4)
1969/12/31/18:00:10.375,(0 11 2 7 3 2 3 0)
1969/12/31/18:00:10.375,(-8 -11 0 4 6 5 0 -1)
1969/12/31/18:00:10.398,(17 20 -1 -9 -8 -2 1 6)
1969/12/31/18:00:10.398,(2 -5 -2 -3 -2 -6 -5 -3)
1969/12/31/18:00:10.399,(2 10 2 13 9 3 4 2)
1969/12/31/18:00:10.399,(-17 -17 -6 -6 0 -1 -6 -9)
1969/12/31/18:00:10.414,(0 -20 -2 -5 -5 -5 -3 -1)
1969/12/31/18:00:10.414,(4 -2 -10 -10 -16 -16 -15 -9)
1969/12/31/18:00:10.421,(9 49 10 0 7 10 12 4)
1969/12/31/18:00:10.421,(-14 -41 -10 -2 0 -4 -4 -6)
1969/12/31/18:00:10.437,(-27 -28 -6 0 -6 -10 -19 -22)
1969/12/31/18:00:10.437,(23 26 3 1 -2 1 1 4)
1969/12/31/18:00:10.438,(11 7 -1 -4 -1 -5 2 16)
1969/12/31/18:00:10.438,(-30 -30 -4 -1 -3 -6 -9 -15)
1969/12/31/18:00:10.460,(89 96 31 13 17 31 52 69)
1969/12/31/18:00:10.460,(-14 -12 -7 -9 -9 -9 -11 -9)
1969/12/31/18:00:10.461,(-15 -17 -4 1 -2 -2 0 -5)
1969/12/31/18:00:10.461,(-6 3 1 3 1 0 1 -4)
1969/12/31/18:00:10.475,(-12 -14 -8 -3 -1 -8 -16 -14)
1969/12/31/18:00:10.475,(3 -2 4 -2 2 6 14 19)
1969/12/31/18:00:10.483,(0 -5 1 2 -1 0 0 1)
1969/12/31/18:00:10.483,(7 29 4 -2 -2 -2 -3 6)
1969/12/31/18:00:10.499,(-10 -17 -1 5 5 9 12 5)
1969/12/31/18:00:10.499,(-41 -68 -2 2 -4 -5 -8 -15)
1969/12/31/18:00:10.500,(16 21 -2 4 4 6 7 1)
1969/12/31/18:00:10.500,(-5 11 3 -1 -3 -8 -12 -15)
1969/12/31/18:00:10.531,(-11 1 -2 -5 -8 -11 -12 -11)
1969/12/31/18:00:10.531,(4 -6 -6 -7 1 6 4 3)
1969/12/31/18:00:10.532,(-21 -28 -4 6 5 1 2 -7)
1969/12/31/18:00:10.532,(10 4 0 0 -1 5 7 11)
1969/12/31/18:00:10.538,(0 3 -1 5 1 0 -4 -8)
1969/12/31/18:00:10.538,(-3 1 -5 -34 -12 -20 -11 -5)
1969/12/31/18:00:10.539,(-3 -4 -3 -37 -46 -16 -8 -3)
1969/12/31/18:00:10.539,(6 12 -1 30 24 10 6 3)
1969/12/31/18:00:10.561,(-3 -5 -2 32 39 13 2 -3)
1969/12/31/18:00:10.561,(5 16 2 10 5 2 -2 -2)
1969/12/31/18:00:10.562,(-6 -7 6 15 12 7 0 -3)
1969/12/31/18:00:10.562,(-4 -10 9 -13 -13 0 2 0)
1969/12/31/18:00:10.585,(-7 0 1 -6 7 -1 -4 -5)
1969/12/31/18:00:10.585,(2 6 2 7 1 0 1 -1)
1969/12/31/18:00:10.586,(-7 -8 -17 -46 -26 -12 -10 -7)
1969/12/31/18:00:10.586,(9 0 -9 0 -16 -22 -5 5)
1969/12/31/18:00:10.600,(3 0 1 9 -38 -26 -8 -2)
1969/12/31/18:00:10.600,(-4 3 6 22 43 31 7 0)
1969/12/31/18:00:10.601,(-7 -13 -21 -7 29 13 1 -2)
1969/12/31/18:00:10.601,(-6 2 32 13 10 18 3 -4)
1969/12/31/18:00:10.623,(-8 2 -13 -6 3 5 -1 -4)
1969/12/31/18:00:10.623,(12 7 -25 -14 -37 -21 -1 10)
1969/12/31/18:00:10.624,(-17 -20 -11 4 9 -24 -20 -16)
1969/12/31/18:00:10.624,(1 1 -1 2 -20 -9 -5 -3)
1969/12/31/18:00:10.647,(4 15 46 2 -8 7 7 1)
1969/12/31/18:00:10.647,(8 16 15 19 8 10 5 3)
1969/12/31/18:00:10.648,(5 -3 -16 3 32 10 5 6)
1969/12/31/18:00:10.648,(0 -7 -12 -13 -6 -11 -4 1)
1969/12/31/18:00:10.663,(-15 -19 -31 -67 -34 -25 -21 -15)
1969/12/31/18:00:10.663,(-7 -1 8 27 0 0 1 -3)
1969/12/31/18:00:10.664,(7 15 24 31 7 -2 2 4)
1969/12/31/18:00:10.664,(1 1 1 22 23 15 8 3)
1969/12/31/18:00:10.685,(4 2 11 11 15 16 10 6)
1969/12/31/18:00:10.685,(-2 -2 -4 -16 -4 -10 -6 -2)
1969/12/31/18:00:10.686,(2 9 36 -8 -19 5 10 4)
1969/12/31/18:00:10.686,(6 1 -26 -25 -3 4 6 6)
1969/12/31/18:00:10.709,(9 -3 -43 -1 1 -7 -2 6)
1969/12/31/18:00:10.709,(-16 -19 -10 -25 -19 -25 -19 -16)
1969/12/31/18:00:10.710,(-6 -3 7 29 -2 0 -1 -4)
1969/12/31/18:00:10.710,(-5 5 35 10 23 13 4 -4)
1969/12/31/18:00:10.725,(0 3 -9 -5 11 14 6 1)
1969/12/31/18:00:10.725,(8 -1 -18 -20 -5 -7 -3 5)
1969/12/31/18:00:10.725,(-6 -5 6 3 -30 -5 -1 -2)
1969/12/31/18:00:10.725,(4 1 -14 -13 -4 -7 -2 1)
1969/12/31/18:00:10.748,(3 2 18 18 11 10 4 1)
1969/12/31/18:00:10.748,(-3 0 -2 -8 3 8 1 0)
1969/12/31/18:00:10.749,(-1 -10 -24 -6 0 -4 -3 -2)
1969/12/31/18:00:10.749,(-6 -4 0 -7 -6 -2 -3 -4)
1969/12/31/18:00:10.771,(2 8 14 25 6 0 1 0)
1969/12/31/18:00:10.771,(2 4 7 13 13 11 5 3)
1969/12/31/18:00:10.772,(1 -1 5 -3 -2 6 1 -1)
1969/12/31/18:00:10.772,(-2 -3 -2 10 -3 0 -2 -1)
1969/12/31/18:00:10.787,(6 4 0 -9 -3 -4 -2 2)
1969/12/31/18:00:10.787,(-6 -7 -16 -42 -30 -15 -6 -6)
1969/12/31/18:00:10.787,(-6 -12 -18 15 -5 -14 -10 -5)
1969/12/31/18:00:10.788,(0 3 6 -8 19 6 3 0)
1969/12/31/18:00:10.810,(-2 4 4 -13 1 1 -2 -4)
1969/12/31/18:00:10.810,(11 10 3 44 14 13 6 5)
1969/12/31/18:00:10.811,(4 4 -1 -4 3 2 3 5)
1969/12/31/18:00:10.811,(-3 -4 0 -11 -21 -10 -6 -4)
1969/12/31/18:00:10.834,(-2 -9 -9 5 -2 -11 -3 -3)
1969/12/31/18:00:10.834,(-10 -4 5 -2 -9 -3 -5 -7)
1969/12/31/18:00:10.835,(4 5 3 10 29 18 7 2)
1969/12/31/18:00:10.835,(6 7 9 -9 -22 0 4 4)
1969/12/31/18:00:10.849,(2 -4 -14 23 10 -14 -8 -2)
1969/12/31/18:00:10.849,(-18 -10 2 -34 -13 0 -6 -11)
1969/12/31/18:00:10.850,(-2 -1 -4 -15 11 12 6 2)
1969/12/31/18:00:10.850,(-1 -4 -14 -16 -12 -1 1 0)
1969/12/31/18:00:10.881,(2 0 -6 3 3 1 0 1)
1969/12/31/18:00:10.881,(6 7 15 21 18 -3 1 3)
1969/12/31/18:00:10.881,(2 3 -6 -15 -7 -1 1 1)
1969/12/31/18:00:10.881,(0 -7 -9 13 -6 -7 -4 0)
1969/12/31/18:00:10.896,(-15 -7 3 -24 -18 -13 -7 -10)
1969/12/31/18:00:10.896,(2 0 -1 15 -3 10 5 1)
1969/12/31/18:00:10.897,(6 7 3 9 27 12 3 3)
1969/12/31/18:00:10.897,(1 0 3 -1 4 -3 -3 1)
1969/12/31/18:00:10.911,(-8 -4 -5 -29 -25 -7 -6 -6)
1969/12/31/18:00:10.911,(2 0 2 -4 6 1 2 3)
1969/12/31/18:00:10.912,(1 1 -1 26 -16 -10 -2 0)
1969/12/31/18:00:10.912,(0 -2 -8 -1 7 -2 -4 -2)
1969/12/31/18:00:10.934,(1 2 13 17 17 12 7 3)
1969/12/31/18:00:10.934,(5 3 2 -2 10 6 1 2)
1969/12/31/18:00:10.935,(2 2 -5 -20 -11 -1 1 0)
1969/12/31/18:00:10.935,(-13 -11 -7 13 1 -7 -8 -8)
1969/12/31/18:00:10.958,(1 2 2 -12 -18 -1 1 0)
1969/12/31/18:00:10.958,(4 -2 -10 3 24 12 7 2)
1969/12/31/18:00:10.958,(-6 -5 -1 -2 0 -5 -4 -2)
1969/12/31/18:00:10.958,(4 4 0 5 3 -2 -1 -1)
1969/12/31/18:00:10.973,(-8 -9 -7 -16 -18 -6 -4 -7)
1969/12/31/18:00:10.973,(-2 1 17 30 1 -11 -6 -3)
1969/12/31/18:00:10.981,(7 10 12 7 2 -1 1 6)
1969/12/31/18:00:10.981,(4 -2 -18 -33 -15 -4 1 2)
1969/12/31/18:00:10.996,(0 -3 -11 0 9 2 -1 -3)
1969/12/31/18:00:10.996,(3 4 -4 -7 1 1 3 4)
1969/12/31/18:00:10.997,(-8 -9 -1 8 0 -1 -4 -9)
1969/12/31/18:00:10.997,(2 4 9 2 3 3 2 0)
1969/12/31/18:00:11.020,(6 7 5 10 4 2 4 7)
1969/12/31/18:00:11.020,(-8 -9 2 -7 -11 -8 -3 -5)
1969/12/31/18:00:11.021,(0 4 6 -4 -10 -8 -3 1)
1969/12/31/18:00:11.021,(-3 -5 -2 -5 0 5 2 0)
1969/12/31/18:00:11.035,(1 -1 -4 0 11 7 0 0)
1969/12/31/18:00:11.035,(6 8 8 15 1 -1 3 3)
1969/12/31/18:00:11.043,(-10 -6 4 2 -12 -7 -8 -9)
1969/12/31/18:00:11.043,(8 -4 -14 -4 18 9 8 11)
1969/12/31/18:00:11.059,(2 3 4 -8 -12 -2 -1 0)
1969/12/31/18:00:11.059,(4 2 -7 -3 3 0 0 3)
1969/12/31/18:00:11.060,(3 4 -5 -8 -6 1 2 1)
1969/12/31/18:00:11.060,(-10 -3 7 1 -1 -7 -8 -10)
1969/12/31/18:00:11.083,(3 -3 -4 3 -1 -2 2 4)
1969/12/31/18:00:11.083,(2 0 -1 -4 -19 -2 0 1)
1969/12/31/18:00:11.083,(-5 -3 0 -11 12 0 -1 -4)
1969/12/31/18:00:11.083,(-4 1 4 8 4 3 -3 -4)
1969/12/31/18:00:11.097,(0 1 4 17 11 2 0 0)
1969/12/31/18:00:11.097,(-7 -7 -5 -9 -16 -13 -8 -6)
1969/12/31/18:00:11.105,(2 5 2 -11 -8 1 4 5)
1969/12/31/18:00:11.105,(5 7 6 5 2 6 6 5)
1969/12/31/18:00:11.121,(4 0 -4 15 21 13 6 4)
1969/12/31/18:00:11.121,(-3 -4 -1 0 4 -1 -3 -2)
1969/12/31/18:00:11.122,(-1 -2 -7 -7 -15 -12 -9 -4)
1969/12/31/18:00:11.122,(1 2 -5 -20 -11 -6 2 3)
1969/12/31/18:00:11.145,(-4 0 5 11 4 7 4 1)
1969/12/31/18:00:11.145,(0 -1 -2 2 4 3 0 0)
1969/12/31/18:00:11.146,(-1 -5 -1 0 4 1 -2 -1)
1969/12/31/18:00:11.146,(2 2 -3 1 -5 -4 -2 -2)
1969/12/31/18:00:11.159,(-4 -3 1 -7 -5 -7 -6 -3)
1969/12/31/18:00:11.159,(-4 -8 -7 -8 -5 -1 -1 1)
1969/12/31/18:00:11.168,(10 10 -2 3 4 4 3 4)
1969/12/31/18:00:11.169,(0 -2 1 0 -1 -4 -4 -2)
1969/12/31/18:00:11.183,(-3 -1 -2 -5 -3 2 4 4)
1969/12/31/18:00:11.183,(2 4 3 2 2 -2 -5 -5)
1969/12/31/18:00:11.184,(-18 -11 -3 8 4 -1 -9 -16)
1969/12/31/18:00:11.184,(-1 -1 -3 1 2 2 2 2)
1969/12/31/18:00:11.208,(7 6 4 -6 -7 -5 1 2)
1969/12/31/18:00:11.208,(1 1 -1 -7 -7 -4 2 5)
1969/12/31/18:00:11.209,(1 1 0 -1 2 2 2 3)
1969/12/31/18:00:11.209,(-1 -2 2 3 -8 -4 -2 0)
1969/12/31/18:00:11.221,(-4 -5 -2 -3 -1 1 -3 -4)
1969/12/31/18:00:11.221,(2 2 0 2 28 8 3 0)
1969/12/31/18:00:11.230,(3 0 1 -3 -7 -4 2 4)
1969/12/31/18:00:11.230,(-1 0 1 2 -2 3 0 -2)
1969/12/31/18:00:11.245,(-7 -5 1 3 -4 -8 -8 -10)
1969/12/31/18:00:11.245,(3 2 1 1 -6 0 3 2)
1969/12/31/18:00:11.246,(3 -1 -2 3 5 2 0 2)
1969/12/31/18:00:11.246,(1 -2 -3 -4 -1 -3 1 5)
1969/12/31/18:00:11.270,(-2 -3 -6 -3 -2 1 -3 -4)
1969/12/31/18:00:11.270,(-9 -4 -1 -2 -7 -2 -1 -6)
1969/12/31/18:00:11.271,(1 -1 -4 -2 1 0 0 0)
1969/12/31/18:00:11.271,(1 1 -1 0 0 -2 -2 -2)
1969/12/31/18:00:11.286,(0 3 1 -1 0 -1 -1 0)
1969/12/31/18:00:11.286,(0 -1 -2 -3 -4 1 4 2)
1969/12/31/18:00:11.292,(0 -4 2 4 0 3 5 4)
1969/12/31/18:00:11.292,(-2 -1 2 5 10 1 -1 -3)
1969/12/31/18:00:11.308,(-4 -4 -2 -10 -8 -6 -2 -3)
1969/12/31/18:00:11.308,(1 1 0 0 -4 -4 -4 -1)
1969/12/31/18:00:11.309,(1 1 1 -3 -2 1 2 3)
1969/12/31/18:00:11.309,(-3 1 -1 3 4 3 -2 -4)
1969/12/31/18:00:11.331,(0 -2 0 1 1 1 1 0)
1969/12/31/18:00:11.331,(0 1 -1 0 -3 -1 -4 -2)
1969/12/31/18:00:11.332,(1 -1 -1 3 3 -2 -1 2)
1969/12/31/18:00:11.332,(-6 -7 4 0 3 1 -3 -4)
1969/12/31/18:00:11.355,(4 4 -4 -5 -7 -3 1 4)
1969/12/31/18:00:11.355,(1 0 0 -3 -4 -1 0 -2)
1969/12/31/18:00:11.356,(0 0 -1 1 1 0 -1 -2)
1969/12/31/18:00:11.356,(0 0 -2 -1 -3 -5 -1 0)
1969/12/31/18:00:11.370,(-3 -6 -2 -1 3 2 1 1)
1969/12/31/18:00:11.370,(0 -1 -1 1 0 0 1 0)
1969/12/31/18:00:11.371,(1 0 -2 -1 0 0 -1 0)
1969/12/31/18:00:11.371,(-1 -1 -2 -1 -3 -2 1 0)
1969/12/31/18:00:11.394,(0 0 1 0 -1 -1 -3 -1)
1969/12/31/18:00:11.394,(0 0 0 -1 0 1 1 1)
1969/12/31/18:00:11.395,(-1 -1 0 0 -1 1 0 1)
1969/12/31/18:00:11.395,(0 1 0 -1 2 2 0 -3)
1969/12/31/18:00:11.417,(0 0 0 2 0 1 1 1)
1969/12/31/18:00:11.417,(1 -1 0 0 -1 0 0 -1)
1969/12/31/18:00:11.418,(0 0 -3 -4 -2 0 2 1)
1969/12/31/18:00:11.418,(-1 0 0 2 2 0 -1 -2)
1969/12/31/18:00:11.432,(0 0 1 0 0 -3 0 0)
1969/12/31/18:00:11.432,(-3 -2 -1 -1 -2 -2 -2 -1)
1969/12/31/18:00:11.433,(0 2 0 1 2 -1 -1 0)
1969/12/31/18:00:11.433,(4 2 -2 -2 -1 1 3 3)
1969/12/31/18:00:11.456,(3 0 -1 -2 -3 -1 4 3)
1969/12/31/18:00:11.456,(-2 0 1 0 0 -1 -3 -3)
1969/12/31/18:00:11.457,(0 0 0 2 0 2 -2 -2)
1969/12/31/18:00:11.457,(1 0 -3 -2 0 2 3 2)
1969/12/31/18:00:11.480,(-3 -1 -1 -2 -1 -3 -3 -3)
1969/12/31/18:00:11.480,(-1 -2 -3 -2 -2 0 -1 0)
1969/12/31/18:00:11.481,(-2 -1 1 1 1 -3 -3 -4)
1969/12/31/18:00:11.481,(1 0 -2 -2 -4 0 4 2)
1969/12/31/18:00:11.494,(0 0 -1 1 0 -1 1 1)
1969/12/31/18:00:11.494,(1 3 1 0 1 2 1 1)
1969/12/31/18:00:11.495,(-2 -1 1 -4 -2 -3 -1 -3)
1969/12/31/18:00:11.495,(-3 -1 1 1 1 -1 -3 -2)
1969/12/31/18:00:11.519,(0 -1 -1 -3 -1 -2 -1 0)
1969/12/31/18:00:11.519,(-1 -2 -2 -3 -3 -2 -2 -3)
1969/12/31/18:00:11.519,(2 0 2 2 1 1 3 4)
1969/12/31/18:00:11.519,(-2 0 1 1 1 -2 -1 -2)
1969/12/31/18:00:11.542,(-1 1 0 0 -1 1 -3 -3)
1969/12/31/18:00:11.542,(-2 -1 -1 -1 0 -1 0 -2)
1969/12/31/18:00:11.543,(-1 -1 -2 -3 -4 -1 3 -2)
1969/12/31/18:00:11.543,(0 0 0 1 -1 -1 -3 -2)
1969/12/31/18:00:11.556,(0 1 0 1 -1 1 3 3)
1969/12/31/18:00:11.556,(-1 -1 0 0 0 1 -3 1)
1969/12/31/18:00:11.557,(-1 -1 -1 0 1 -1 -3 -1)
1969/12/31/18:00:11.557,(3 3 0 -1 -1 0 5 4)
1969/12/31/18:00:11.581,(0 -1 0 0 0 0 -2 -3)
1969/12/31/18:00:11.581,(0 -1 -2 1 0 -1 1 -1)
1969/12/31/18:00:11.581,(-2 0 0 0 -1 0 -1 -1)
1969/12/31/18:00:11.581,(0 -3 -1 -2 0 0 -2 0)
1969/12/31/18:00:11.604,(-1 -1 0 -3 -3 -1 -2 0)
1969/12/31/18:00:11.604,(-1 0 0 1 0 -2 -3 -2)
1969/12/31/18:00:11.605,(1 1 0 0 0 2 3 2)
1969/12/31/18:00:11.605,(0 -2 -1 0 1 -1 0 -2)
1969/12/31/18:00:11.619,(-1 -2 -1 0 0 -1 -2 -2)
1969/12/31/18:00:11.619,(1 0 0 -1 -1 -2 0 2)
1969/12/31/18:00:11.620,(-4 -3 -2 -1 0 -1 -2 -2)
1969/12/31/18:00:11.620,(1 1 -1 -2 -3 -1 1 2)
1969/12/31/18:00:11.643,(-1 2 1 -1 0 0 -3 -3)
1969/12/31/18:00:11.643,(0 -1 -1 -1 -1 -1 0 -1)
1969/12/31/18:00:11.643,(-2 -3 1 1 2 -2 -6 -6)
1969/12/31/18:00:11.643,(1 0 -1 0 0 1 2 1)
1969/12/31/18:00:11.674,(0 0 -3 -1 1 -1 -1 -2)
1969/12/31/18:00:11.675,(-2 -2 0 1 0 0 -3 -2)
1969/12/31/18:00:11.676,(0 0 -2 -1 0 0 2 3)
1969/12/31/18:00:11.676,(-2 -2 -3 0 -2 -1 -3 -4)
1969/12/31/18:00:11.681,(0 -1 -2 0 -3 1 3 3)
1969/12/31/18:00:11.681,(0 -2 -2 -1 -2 1 3 -2)
1969/12/31/18:00:11.689,(2 1 1 2 1 -2 0 2)
1969/12/31/18:00:11.689,(-4 -3 0 -1 -2 -4 -3 -2)
1969/12/31/18:00:11.705,(-3 1 -1 3 1 0 0 -2)
1969/12/31/18:00:11.705,(0 -1 -1 -1 0 1 -1 1)
1969/12/31/18:00:11.707,(0 -3 -5 -3 -2 0 -2 -1)
1969/12/31/18:00:11.707,(0 3 3 1 0 1 -2 -1)
1969/12/31/18:00:11.707,(-3 1 3 1 -6 1 -2 -2)
1969/12/31/18:00:11.707,(-3 -4 14 32 16 5 -1 -3)
1969/12/31/18:00:11.708,(-2 -1 -12 -4 -1 -2 1 -1)
1969/12/31/18:00:11.708,(2 -2 -21 -69 -19 -3 1 1)
1969/12/31/18:00:11.720,(0 3 16 32 13 4 -2 -2)
1969/12/31/18:00:11.720,(-2 1 21 55 23 7 0 0)
1969/12/31/18:00:11.730,(-1 -3 -12 -17 0 -1 -1 1)
1969/12/31/18:00:11.730,(1 0 -7 -23 -11 -2 0 1)
1969/12/31/18:00:11.746,(-1 -1 0 7 0 1 0 1)
1969/12/31/18:00:11.746,(-6 -3 3 15 12 2 0 -4)
1969/12/31/18:00:11.751,(2 -1 -7 -16 -14 -7 -1 2)
1969/12/31/18:00:11.751,(1 1 -3 -12 -5 -3 -1 0)
1969/12/31/18:00:11.769,(0 1 5 15 5 1 0 -3)
1969/12/31/18:00:11.769,(2 2 4 3 5 1 0 0)
1969/12/31/18:00:11.770,(1 -3 -7 -6 -5 -5 -2 0)
1969/12/31/18:00:11.770,(-7 -4 2 6 2 3 3 -2)
1969/12/31/18:00:11.782,(0 -1 2 5 3 -1 -2 -2)
1969/12/31/18:00:11.782,(0 2 -1 3 -3 -1 -3 -3)
1969/12/31/18:00:11.799,(0 -1 -2 -9 -4 -1 -2 0)
1969/12/31/18:00:11.799,(-1 1 1 0 3 1 1 -4)
1969/12/31/18:00:11.806,(-6 -9 -6 4 0 -3 -5 -2)
1969/12/31/18:00:11.806,(0 -1 0 -6 -2 0 3 5)
1969/12/31/18:00:11.814,(-3 1 -1 0 0 3 -1 -3)
1969/12/31/18:00:11.814,(3 1 -4 -2 -6 -2 -1 2)
1969/12/31/18:00:11.832,(0 1 -3 -2 2 1 1 2)
1969/12/31/18:00:11.832,(3 -1 1 -4 -2 1 3 4)
1969/12/31/18:00:11.833,(-3 0 7 21 6 -2 -3 -2)
1969/12/31/18:00:11.833,(11 7 -3 -6 -8 -4 0 4)
1969/12/31/18:00:11.845,(6 -2 -1 1 0 0 2 7)
1969/12/31/18:00:11.845,(2 2 6 10 13 5 3 -4)
1969/12/31/18:00:11.854,(-21 -16 -7 -15 -4 -7 -12 -15)
1969/12/31/18:00:11.854,(15 9 -1 -3 -3 -3 -4 3)
1969/12/31/18:00:11.868,(-14 -10 -1 7 -1 -1 -2 -6)
1969/12/31/18:00:11.868,(-2 -3 -2 -7 -7 -6 -3 -2)
1969/12/31/18:00:11.876,(-7 3 4 5 5 5 2 -6)
1969/12/31/18:00:11.876,(2 -8 -4 -2 -2 -1 2 4)
1969/12/31/18:00:11.893,(1 10 2 3 8 3 0 -6)
1969/12/31/18:00:11.893,(-18 -17 -3 4 -5 -3 -1 -1)
1969/12/31/18:00:11.894,(22 5 -7 -5 -3 -1 -3 5)
1969/12/31/18:00:11.894,(3 6 -7 -18 -9 -6 3 7)
1969/12/31/18:00:11.907,(-7 -7 -11 -59 -32 -7 -5 -8)
1969/12/31/18:00:11.907,(4 4 21 93 44 8 2 2)
1969/12/31/18:00:11.916,(5 3 5 -4 5 3 2 -2)
1969/12/31/18:00:11.916,(-13 -3 7 30 12 7 -1 -8)
1969/12/31/18:00:11.931,(-5 -6 1 11 2 -4 -7 -6)
1969/12/31/18:00:11.931,(-3 5 -10 -37 -21 -3 1 -2)
1969/12/31/18:00:11.938,(15 4 -6 -14 -6 0 5 17)
1969/12/31/18:00:11.938,(-1 -4 -4 -5 -3 -3 -2 3)
1969/12/31/18:00:11.956,(7 20 5 0 4 1 -4 -4)
1969/12/31/18:00:11.956,(-12 -9 -2 -7 -6 -4 1 -7)
1969/12/31/18:00:11.957,(12 12 1 -3 -4 0 1 2)
1969/12/31/18:00:11.957,(-2 -14 -10 -18 -9 -4 -8 -9)
1969/12/31/18:00:11.978,(-22 1 5 17 7 0 -1 -7)
1969/12/31/18:00:11.978,(23 -2 -4 -11 -3 2 7 25)
1969/12/31/18:00:11.979,(-13 5 -3 -3 -3 -1 -2 -13)
1969/12/31/18:00:11.979,(-13 -22 -37 -111 -63 -13 -6 -5)
1969/12/31/18:00:11.993,(24 9 7 84 27 0 9 19)
1969/12/31/18:00:11.993,(-11 10 51 94 59 15 -4 -13)
1969/12/31/18:00:12.002,(0 4 21 35 42 17 10 8)
1969/12/31/18:00:12.002,(1 5 9 1 17 2 -1 -1)
1969/12/31/18:00:12.018,(-1 -9 -25 -87 -46 -6 2 -1)
1969/12/31/18:00:12.018,(-10 -14 -31 -81 -43 -20 -12 -9)
1969/12/31/18:00:12.019,(-7 -9 3 28 2 -3 -3 -8)
1969/12/31/18:00:12.019,(-9 3 5 26 18 12 12 10)
1969/12/31/18:00:12.041,(30 8 0 -16 -3 1 0 3)
1969/12/31/18:00:12.041,(1 7 -4 -6 -9 -8 -4 4)
1969/12/31/18:00:12.043,(-1 -21 -15 -31 -13 3 6 -4)
1969/12/31/18:00:12.043,(-5 10 23 27 17 8 11 16)
1969/12/31/18:00:12.055,(-11 -9 -4 8 3 -4 -12 -22)
1969/12/31/18:00:12.055,(29 21 7 2 8 9 11 19)
1969/12/31/18:00:12.064,(-7 -5 -15 -24 -18 -11 -13 -8)
1969/12/31/18:00:12.064,(-4 -4 -8 -37 -15 -3 1 -5)
1969/12/31/18:00:12.079,(-1 3 17 48 21 11 11 12)
1969/12/31/18:00:12.079,(-6 0 3 4 6 4 -1 -5)
1969/12/31/18:00:12.081,(0 3 3 12 3 -3 -1 1)
1969/12/31/18:00:12.081,(0 -4 -1 -12 6 -3 -5 -11)
1969/12/31/18:00:12.103,(3 1 -3 -4 -16 -5 1 7)
1969/12/31/18:00:12.103,(-6 -8 -8 8 0 2 2 -3)
1969/12/31/18:00:12.104,(17 15 7 13 9 6 8 11)
1969/12/31/18:00:12.104,(-2 0 4 26 5 -14 -20 -2)
1969/12/31/18:00:12.117,(-30 -4 -1 -16 -1 -10 -26 -38)
1969/12/31/18:00:12.117,(-15 -24 -13 -25 -19 0 8 6)
1969/12/31/18:00:12.127,(-1 -1 -6 -3 -6 -6 -7 1)
1969/12/31/18:00:12.127,(-3 -7 -7 -1 -9 -8 -8 -9)
1969/12/31/18:00:12.142,(11 -2 -7 -28 -11 -1 3 8)
1969/12/31/18:00:12.142,(5 -1 -28 -88 -20 -5 0 0)
1969/12/31/18:00:12.143,(-14 -7 13 47 14 -2 -2 -4)
1969/12/31/18:00:12.143,(-3 5 22 65 15 8 2 -5)
1969/12/31/18:00:12.165,(0 -3 16 36 27 6 5 7)
1969/12/31/18:00:12.165,(-3 2 -5 -10 -5 -4 -9 -12)
1969/12/31/18:00:12.166,(-3 -6 -19 -75 -31 -11 -1 0)
1969/12/31/18:00:12.167,(15 5 -27 -78 -72 -19 -3 4)
1969/12/31/18:00:12.180,(2 3 12 86 20 3 5 5)
1969/12/31/18:00:12.180,(7 10 26 78 88 25 7 5)
1969/12/31/18:00:12.189,(-5 5 20 43 48 28 8 1)
1969/12/31/18:00:12.189,(-2 -4 10 29 25 14 5 2)
1969/12/31/18:00:12.203,(-10 -10 -24 -80 -42 -12 -3 -9)
1969/12/31/18:00:12.203,(20 1 -4 -28 -43 -13 4 16)
1969/12/31/18:00:12.205,(33 29 -7 -12 -21 -19 -11 6)
1969/12/31/18:00:12.205,(-27 -14 -8 -2 5 -7 -12 -20)
1969/12/31/18:00:12.227,(10 7 -6 -22 -10 -6 -9 -4)
1969/12/31/18:00:12.227,(-6 -6 -6 -2 -9 -7 -6 -4)
1969/12/31/18:00:12.229,(6 0 -1 -16 -6 7 8 6)
1969/12/31/18:00:12.229,(8 7 6 24 15 3 4 6)
1969/12/31/18:00:12.242,(-6 -6 7 22 20 6 6 8)
1969/12/31/18:00:12.242,(-9 2 6 16 -3 -4 -8 -12)
1969/12/31/18:00:12.251,(-13 -13 -4 -19 -13 -4 -3 -6)
1969/12/31/18:00:12.251,(1 2 -4 -1 3 1 2 -3)
1969/12/31/18:00:12.267,(-2 -5 1 1 2 4 5 4)
1969/12/31/18:00:12.267,(4 5 -6 -35 -19 -4 -4 -3)
1969/12/31/18:00:12.268,(-9 -9 -10 10 3 -3 -4 -4)
1969/12/31/18:00:12.268,(27 23 11 33 12 4 6 16)
1969/12/31/18:00:12.289,(-32 -20 3 14 14 -3 -15 -24)
1969/12/31/18:00:12.289,(-33 -15 -11 -10 -16 -13 -18 -28)
1969/12/31/18:00:12.292,(40 30 12 -9 2 15 28 42)
1969/12/31/18:00:12.292,(-16 -4 -7 -5 -2 -14 -35 -35)
1969/12/31/18:00:12.304,(5 1 -4 -11 -5 1 13 8)
1969/12/31/18:00:12.304,(-19 -23 -9 -3 -4 7 23 14)
1969/12/31/18:00:12.313,(10 3 1 -1 -1 5 10 11)
1969/12/31/18:00:12.313,(4 1 7 7 10 6 6 7)
1969/12/31/18:00:12.329,(6 4 0 -13 -8 -2 -5 1)
1969/12/31/18:00:12.329,(7 8 6 11 0 -2 -7 -7)
1969/12/31/18:00:12.330,(-16 -5 -2 0 -2 -6 -6 -12)
1969/12/31/18:00:12.330,(-1 -1 2 -2 3 0 1 0)
1969/12/31/18:00:12.352,(5 4 -1 -4 -2 2 7 9)
1969/12/31/18:00:12.352,(11 12 3 10 4 7 8 11)
1969/12/31/18:00:12.354,(-11 -10 -2 5 -12 -6 -9 -8)
1969/12/31/18:00:12.354,(-7 -7 -6 -16 5 2 3 -5)
1969/12/31/18:00:12.366,(-9 -8 -1 9 6 1 -3 -4)
1969/12/31/18:00:12.366,(22 22 11 24 11 4 8 15)
1969/12/31/18:00:12.376,(-9 -4 0 3 5 -9 -21 -19)
1969/12/31/18:00:12.376,(-3 0 2 -6 -7 1 9 3)
1969/12/31/18:00:12.391,(-12 -17 -2 5 5 8 11 6)
1969/12/31/18:00:12.391,(3 9 -2 -15 -5 2 -1 -4)
1969/12/31/18:00:12.392,(20 9 1 1 2 -1 2 8)
1969/12/31/18:00:12.392,(-14 -7 -2 -2 4 -1 -1 -7)
1969/12/31/18:00:12.414,(6 3 -1 -9 -6 -2 4 6)
1969/12/31/18:00:12.414,(21 20 -2 -3 0 1 2 14)
1969/12/31/18:00:12.416,(-13 -13 -5 -7 -6 -4 -5 -9)
1969/12/31/18:00:12.416,(11 7 2 3 -1 2 6 11)
1969/12/31/18:00:12.428,(3 3 -7 -26 -16 -3 -4 -2)
1969/12/31/18:00:12.428,(-5 -5 1 9 1 -5 -5 -3)
1969/12/31/18:00:12.438,(-9 -4 5 6 -2 1 -1 -4)
1969/12/31/18:00:12.438,(3 1 8 27 19 12 4 7)
1969/12/31/18:00:12.453,(-4 -3 4 -5 19 4 0 -4)
1969/12/31/18:00:12.453,(-5 -13 2 11 -7 0 0 -2)
1969/12/31/18:00:12.454,(-24 -16 -6 -6 -3 -3 -7 -19)
1969/12/31/18:00:12.454,(1 -3 -5 -10 -8 0 9 11)
1969/12/31/18:00:12.477,(3 5 0 -5 -1 -2 -1 7)
1969/12/31/18:00:12.477,(-8 -14 -11 -35 -16 -7 -8 -9)
1969/12/31/18:00:12.478,(-2 -3 -9 -6 -12 -8 -4 -6)
1969/12/31/18:00:12.478,(22 26 13 51 12 8 16 24)
1969/12/31/18:00:12.491,(15 -6 8 21 20 11 8 13)
1969/12/31/18:00:12.491,(-10 -4 -2 7 1 -3 -7 -11)
1969/12/31/18:00:12.500,(-16 -10 -3 -8 -9 0 -1 -6)
1969/12/31/18:00:12.500,(-13 -16 -11 -36 -5 -5 -5 -7)
1969/12/31/18:00:12.514,(14 16 -4 1 -3 -2 -1 3)
1969/12/31/18:00:12.514,(-10 -7 4 16 -2 -7 -7 -10)
1969/12/31/18:00:12.522,(32 16 1 -8 -5 -2 6 18)
1969/12/31/18:00:12.522,(-28 -17 2 8 10 0 -10 -21)
1969/12/31/18:00:12.538,(7 10 -2 -19 -10 -3 -2 0)
1969/12/31/18:00:12.538,(-7 -8 -3 -2 -8 -1 -1 -6)
1969/12/31/18:00:12.540,(-6 -5 -1 7 -2 -8 -8 -3)
1969/12/31/18:00:12.540,(-2 -1 9 13 13 7 1 -6)
1969/12/31/18:00:12.553,(-2 9 1 2 -2 -2 -9 -11)
1969/12/31/18:00:12.553,(3 4 -2 -11 3 2 2 4)
1969/12/31/18:00:12.562,(-9 -12 -3 -3 -2 1 3 0)
1969/12/31/18:00:12.562,(0 -5 -8 -41 -31 -11 -9 -6)
1969/12/31/18:00:12.578,(-2 -1 -1 19 12 0 2 2)
1969/12/31/18:00:12.578,(5 1 5 13 8 4 4 7)
1969/12/31/18:00:12.579,(-3 -2 -2 12 12 8 6 1)
1969/12/31/18:00:12.579,(0 -2 -5 -15 -4 -3 -2 1)
1969/12/31/18:00:12.601,(-2 -1 -6 -13 -22 -13 -8 -8)
1969/12/31/18:00:12.601,(2 2 -5 -27 1 3 3 3)
1969/12/31/18:00:12.603,(-1 4 8 15 6 7 8 5)
1969/12/31/18:00:12.603,(-3 -4 10 37 15 13 19 6)
1969/12/31/18:00:12.615,(17 19 13 26 15 1 -6 9)
1969/12/31/18:00:12.615,(3 -2 -5 2 0 -1 0 2)
1969/12/31/18:00:12.624,(0 -3 -11 -54 -21 -7 -3 -3)
1969/12/31/18:00:12.624,(-2 -8 -17 -25 -16 -6 -2 -1)
1969/12/31/18:00:12.639,(11 7 5 21 13 5 12 14)
1969/12/31/18:00:12.639,(-20 -13 7 11 0 0 -5 -15)
1969/12/31/18:00:12.646,(-2 1 1 5 8 1 1 1)
1969/12/31/18:00:12.646,(19 13 -2 6 -1 0 -2 5)
1969/12/31/18:00:12.663,(-6 2 -1 -25 -3 11 18 20)
1969/12/31/18:00:12.663,(13 7 -4 5 9 -1 -3 1)
1969/12/31/18:00:12.665,(-13 -13 -6 4 -4 -8 -9 -13)
1969/12/31/18:00:12.665,(18 20 4 -7 -4 -5 -4 6)
1969/12/31/18:00:12.677,(-38 -27 -1 -7 -9 -8 -16 -31)
1969/12/31/18:00:12.677,(6 6 -3 -8 -6 3 6 4)
1969/12/31/18:00:12.687,(2 3 -3 -10 2 2 4 4)
1969/12/31/18:00:12.687,(-14 -20 -12 -23 -10 -15 -12 -13)
1969/12/31/18:00:12.701,(10 4 6 29 1 1 2 10)
1969/12/31/18:00:12.701,(24 18 20 44 18 6 0 6)
1969/12/31/18:00:12.708,(-18 -24 5 24 7 -2 -5 -11)
1969/12/31/18:00:12.708,(-11 -3 -2 -9 5 4 -5 -11)
1969/12/31/18:00:12.725,(-12 -15 -20 -46 -26 -6 -3 -9)
1969/12/31/18:00:12.725,(1 10 -8 -15 -6 -7 -3 -1)
1969/12/31/18:00:12.727,(7 0 3 20 11 1 3 11)
1969/12/31/18:00:12.727,(-8 -17 17 21 13 10 14 17)
1969/12/31/18:00:12.739,(35 31 -3 -7 -2 -4 -10 7)
1969/12/31/18:00:12.739,(-27 -43 -6 -7 -4 -6 -9 -8)
1969/12/31/18:00:12.749,(14 31 -2 -15 -9 -1 0 0)
1969/12/31/18:00:12.749,(-3 -2 -8 -4 -7 0 4 0)
1969/12/31/18:00:12.763,(-22 -1 2 5 -2 1 2 -11)
1969/12/31/18:00:12.763,(25 6 1 3 2 5 12 19)
1969/12/31/18:00:12.771,(-9 -9 -1 3 3 -2 -8 -11)
1969/12/31/18:00:12.771,(8 8 -1 -8 -12 -3 0 -2)
1969/12/31/18:00:12.787,(-23 -22 -5 -14 -1 -2 -4 -17)
1969/12/31/18:00:12.787,(-3 11 -2 3 1 -7 -9 -7)
1969/12/31/18:00:12.789,(1 6 11 40 10 -1 -3 -2)
1969/12/31/18:00:12.789,(-21 -31 -5 13 13 2 -3 -4)
1969/12/31/18:00:12.802,(25 7 11 -11 7 20 30 38)
1969/12/31/18:00:12.802,(-13 -14 -12 -24 -11 -5 -3 -7)
1969/12/31/18:00:12.811,(48 58 5 -6 -9 -2 9 28)
1969/12/31/18:00:12.811,(-18 -12 -5 -6 -1 -5 -9 -11)
1969/12/31/18:00:12.826,(-6 -14 -10 -8 -9 -9 -14 -11)
1969/12/31/18:00:12.826,(-12 -5 -14 -44 -22 -9 -12 -19)
1969/12/31/18:00:12.833,(-19 -22 -14 -13 -23 -7 -6 -11)
1969/12/31/18:00:12.833,(34 28 16 56 48 10 12 20)
1969/12/31/18:00:12.849,(-24 -12 2 18 -15 -4 -8 -20)
1969/12/31/18:00:12.849,(11 15 19 51 21 2 4 9)
1969/12/31/18:00:12.851,(-7 -10 -7 -47 4 3 2 -4)
1969/12/31/18:00:12.851,(7 10 -13 -25 -13 -2 -1 1)
1969/12/31/18:00:12.864,(-4 -11 -4 15 5 0 -1 -1)
1969/12/31/18:00:12.864,(-14 -11 1 4 -4 0 -5 -10)
1969/12/31/18:00:12.873,(-2 -2 21 64 32 9 4 0)
1969/12/31/18:00:12.873,(15 15 7 -17 -4 7 6 8)
1969/12/31/18:00:12.888,(28 7 -12 -15 -3 -8 -6 12)
1969/12/31/18:00:12.888,(-30 -15 -20 -60 -30 -4 -4 -19)
1969/12/31/18:00:12.895,(1 0 -4 -25 -10 -8 -5 -1)
1969/12/31/18:00:12.895,(-24 -20 -6 16 -15 -14 -17 -22)
1969/12/31/18:00:12.912,(50 47 2 -36 11 8 18 36)
1969/12/31/18:00:12.912,(-23 9 -2 38 -5 -10 -16 -29)
1969/12/31/18:00:12.914,(23 1 2 -32 3 11 18 29)
1969/12/31/18:00:12.914,(-15 -13 -14 -32 -31 -14 -15 -16)
1969/12/31/18:00:12.926,(-15 -19 0 33 8 -1 -1 -8)
1969/12/31/18:00:12.926,(-20 -13 19 60 54 10 0 -6)
1969/12/31/18:00:12.935,(-8 1 2 -8 -7 1 -4 -11)
1969/12/31/18:00:12.935,(28 20 1 -20 -10 4 13 23)
1969/12/31/18:00:12.950,(-23 -13 -3 8 -12 -12 -10 -16)
1969/12/31/18:00:12.950,(21 10 3 -14 -3 18 24 31)
1969/12/31/18:00:12.957,(-17 -18 -8 21 2 -7 -9 -13)
1969/12/31/18:00:12.957,(13 13 5 2 2 0 -4 5)
1969/12/31/18:00:12.974,(-33 -44 -12 -30 -3 -10 -13 -23)
1969/12/31/18:00:12.974,(16 38 5 20 1 -1 5 2)
1969/12/31/18:00:12.976,(-21 -21 0 3 2 -3 -13 -14)
1969/12/31/18:00:12.976,(17 25 3 1 -1 3 7 6)
1969/12/31/18:00:12.998,(9 2 2 8 8 11 10 13)
1969/12/31/18:00:12.998,(5 0 -8 -37 -18 -11 -5 5)
1969/12/31/18:00:12.999,(-28 -28 -20 -53 -18 -11 -6 -13)
1969/12/31/18:00:12.999,(0 1 6 44 5 2 -3 -8)
1969/12/31/18:00:13.011,(-17 -1 15 37 13 -3 -12 -20)
1969/12/31/18:00:13.011,(0 -13 -8 -36 -23 1 5 6)
1969/12/31/18:00:13.020,(20 16 10 53 21 10 9 14)
1969/12/31/18:00:13.020,(-24 -28 11 23 37 4 -1 -4)
1969/12/31/18:00:13.036,(51 79 10 10 7 7 9 18)
1969/12/31/18:00:13.036,(-2 -13 -2 -11 -1 5 2 1)
1969/12/31/18:00:13.038,(5 -4 -11 -31 -23 -7 -3 1)
1969/12/31/18:00:13.038,(-14 -13 -14 -39 -25 -8 -4 -7)
1969/12/31/18:00:13.067,(3 5 1 15 10 -3 -3 -2)
1969/12/31/18:00:13.067,(-4 -5 2 8 6 5 5 5)
1969/12/31/18:00:13.069,(27 29 3 2 -1 -1 1 13)
1969/12/31/18:00:13.069,(-9 -5 -3 3 -1 -9 -15 -16)
1969/12/31/18:00:13.073,(-16 -12 -4 -33 -10 1 4 -1)
1969/12/31/18:00:13.073,(4 -11 -3 2 9 6 9 11)
1969/12/31/18:00:13.083,(-20 -14 6 16 0 9 7 -3)
1969/12/31/18:00:13.083,(13 7 11 23 17 7 16 22)
1969/12/31/18:00:13.098,(5 1 -3 -8 -5 1 4 9)
1969/12/31/18:00:13.098,(-2 -13 -9 -25 -19 -10 -12 -5)
1969/12/31/18:00:13.100,(-8 -2 6 22 12 -3 -6 -11)
1969/12/31/18:00:13.100,(-1 12 5 -6 -5 0 4 5)
1969/12/31/18:00:13.122,(4 -2 -1 -3 -1 4 6 7)
1969/12/31/18:00:13.122,(-16 -16 -4 9 3 -10 -15 -14)
1969/12/31/18:00:13.123,(-19 -39 -11 -14 -10 -4 -1 -9)
1969/12/31/18:00:13.123,(31 30 1 -9 0 10 7 7)
1969/12/31/18:00:13.136,(5 -7 -3 2 -3 -6 -6 2)
1969/12/31/18:00:13.136,(-17 -8 7 9 5 0 -3 -9)
1969/12/31/18:00:13.145,(7 12 -3 -13 0 -5 -8 -9)
1969/12/31/18:00:13.145,(-5 -14 -11 -16 -21 -3 0 1)
1969/12/31/18:00:13.160,(-8 -10 1 8 -2 -5 -4 -10)
1969/12/31/18:00:13.160,(27 19 15 29 23 9 12 21)
1969/12/31/18:00:13.163,(-5 10 7 11 4 -5 -8 -5)
1969/12/31/18:00:13.163,(13 9 -5 -10 3 5 14 18)
1969/12/31/18:00:13.184,(-12 -5 -4 -12 -10 0 -1 -9)
1969/12/31/18:00:13.184,(2 5 -7 -6 -6 -9 -7 -4)
1969/12/31/18:00:13.185,(6 7 -9 -59 -23 0 9 7)
1969/12/31/18:00:13.185,(-7 -20 0 42 11 -1 -9 -8)
1969/12/31/18:00:13.198,(-20 -16 10 32 29 17 9 -9)
1969/12/31/18:00:13.198,(15 17 6 12 5 -3 -5 5)
1969/12/31/18:00:13.207,(-29 -3 1 -8 -9 -8 -9 -18)
1969/12/31/18:00:13.207,(-33 -43 -17 -25 -14 -9 -10 -23)
1969/12/31/18:00:13.223,(26 8 4 0 -3 10 15 15)
1969/12/31/18:00:13.223,(22 17 -6 -2 4 2 3 14)
1969/12/31/18:00:13.225,(4 4 -1 0 -9 -1 1 2)
1969/12/31/18:00:13.225,(-23 -6 0 -6 0 -4 -6 -10)
1969/12/31/18:00:13.245,(-3 1 6 11 8 3 2 -1)
1969/12/31/18:00:13.245,(12 0 -2 -11 -5 1 3 9)
1969/12/31/18:00:13.248,(5 5 -1 13 4 3 0 -4)
1969/12/31/18:00:13.248,(-1 10 -3 2 -4 -3 -4 -5)
1969/12/31/18:00:13.260,(-22 -17 2 -10 2 -2 -8 -12)
1969/12/31/18:00:13.260,(19 14 -1 -4 -14 -7 -7 -2)
1969/12/31/18:00:13.269,(2 1 3 16 8 6 8 7)
1969/12/31/18:00:13.269,(11 9 6 6 10 3 2 5)
1969/12/31/18:00:13.285,(4 30 -6 -20 -10 -2 0 -2)
1969/12/31/18:00:13.285,(-12 -10 -4 -5 -4 -2 -4 0)
1969/12/31/18:00:13.286,(-13 -13 -7 1 -12 -17 -19 -15)
1969/12/31/18:00:13.286,(0 -1 4 7 18 22 21 10)
1969/12/31/18:00:13.309,(11 -1 -1 -13 -42 -17 -3 9)
1969/12/31/18:00:13.309,(-20 -19 -4 1 9 -3 -14 -19)
1969/12/31/18:00:13.310,(-14 -19 5 22 34 17 3 7)
1969/12/31/18:00:13.310,(1 16 2 -4 8 1 -7 -19)
1969/12/31/18:00:13.322,(-1 22 -2 -13 -2 1 10 6)
1969/12/31/18:00:13.322,(25 -27 -4 -6 -23 -6 0 10)
1969/12/31/18:00:13.332,(5 -2 -7 8 -11 -17 -18 -6)
1969/12/31/18:00:13.332,(-4 1 1 -18 -5 -7 -11 -9)
1969/12/31/18:00:13.347,(5 -14 -5 23 10 8 8 13)
1969/12/31/18:00:13.347,(-8 8 2 -14 -7 -3 2 -2)
1969/12/31/18:00:13.349,(7 9 -3 -2 18 -2 -4 -2)
1969/12/31/18:00:13.349,(7 -3 8 11 -16 4 14 19)
1969/12/31/18:00:13.370,(-20 -47 -10 -8 -4 -11 -15 -15)
1969/12/31/18:00:13.371,(52 83 13 7 19 12 16 20)
1969/12/31/18:00:13.372,(10 4 1 -7 -4 3 -1 2)
1969/12/31/18:00:13.372,(-16 -9 -4 -1 -3 -10 -11 -13)
1969/12/31/18:00:13.384,(11 -5 3 -2 4 3 7 19)
1969/12/31/18:00:13.384,(-21 -12 -7 3 2 6 4 -10)
1969/12/31/18:00:13.394,(-9 5 5 3 -3 2 6 -2)
1969/12/31/18:00:13.394,(44 2 1 -8 -2 7 21 34)
1969/12/31/18:00:13.409,(7 14 -1 -5 -7 -13 -22 -9)
1969/12/31/18:00:13.409,(-21 -22 -3 10 10 7 6 -8)
1969/12/31/18:00:13.411,(-4 6 0 -12 -14 4 12 6)
1969/12/31/18:00:13.411,(-50 -42 -9 7 -2 -20 -29 -27)
1969/12/31/18:00:13.432,(-5 6 15 23 20 18 14 1)
1969/12/31/18:00:13.432,(20 13 4 -2 1 -1 0 5)
1969/12/31/18:00:13.434,(2 -8 -9 -5 -8 -7 -8 -5)
1969/12/31/18:00:13.434,(-23 -16 -2 -6 -6 -6 -8 -13)
1969/12/31/18:00:13.447,(-6 -3 -10 -24 -8 0 1 -1)
1969/12/31/18:00:13.447,(8 12 5 4 -6 -2 0 3)
1969/12/31/18:00:13.456,(0 0 6 17 23 10 12 6)
1969/12/31/18:00:13.456,(-11 2 0 10 -6 -5 -11 -12)
1969/12/31/18:00:13.471,(-9 16 -1 -1 -3 -9 -17 -22)
1969/12/31/18:00:13.471,(4 7 -5 -12 6 9 9 -4)
1969/12/31/18:00:13.473,(-6 -15 -3 -4 -5 -2 -3 -5)
1969/12/31/18:00:13.473,(17 20 -5 -28 -14 0 5 6)
1969/12/31/18:00:13.495,(-38 -36 -4 15 4 -13 -17 -20)
1969/12/31/18:00:13.495,(-14 -14 0 9 2 -4 -4 -2)
1969/12/31/18:00:13.496,(7 8 -3 -15 -11 -2 -2 -4)
1969/12/31/18:00:13.496,(21 10 6 23 9 7 7 14)
1969/12/31/18:00:13.509,(-23 -3 10 18 9 3 -3 -17)
1969/12/31/18:00:13.509,(8 -8 -14 -1 9 6 2 7)
1969/12/31/18:00:13.518,(-3 -27 2 2 1 1 -1 -1)
1969/12/31/18:00:13.518,(26 19 3 -10 1 12 17 23)
1969/12/31/18:00:13.534,(14 2 -8 -24 -22 -11 -1 3)
1969/12/31/18:00:13.534,(-12 -4 -8 -53 -56 -35 -12 -10)
1969/12/31/18:00:13.535,(9 4 6 31 12 6 4 7)
1969/12/31/18:00:13.535,(-33 -22 2 34 39 9 -8 -19)
1969/12/31/18:00:13.558,(23 25 16 37 55 37 17 22)
1969/12/31/18:00:13.558,(-16 -24 1 5 15 11 0 -6)
1969/12/31/18:00:13.559,(7 13 -4 -29 -31 -12 0 6)
1969/12/31/18:00:13.559,(32 25 -3 -22 -29 -17 4 22)
1969/12/31/18:00:13.571,(-17 -19 -17 -9 -11 -16 -17 -17)
1969/12/31/18:00:13.571,(-14 4 4 0 -4 3 2 -15)
1969/12/31/18:00:13.580,(1 2 -1 0 2 3 4 7)
1969/12/31/18:00:13.580,(-21 -21 -6 -1 -2 -10 -16 -17)
1969/12/31/18:00:13.595,(-14 -17 -5 -16 -12 0 1 -7)
1969/12/31/18:00:13.595,(-8 -3 2 27 3 -2 -4 0)
1969/12/31/18:00:13.602,(-11 -6 1 13 16 -1 -8 -14)
1969/12/31/18:00:13.602,(4 4 -5 -17 -13 -1 3 2)
1969/12/31/18:00:13.620,(14 0 -4 -17 -22 -4 2 13)
1969/12/31/18:00:13.620,(-3 -4 -3 9 23 6 -1 4)
1969/12/31/18:00:13.621,(0 18 -6 -42 -15 4 5 -1)
1969/12/31/18:00:13.621,(20 9 9 45 19 2 2 10)
1969/12/31/18:00:13.633,(3 -6 16 37 21 7 4 2)
1969/12/31/18:00:13.633,(-1 34 8 17 3 -9 -14 -13)
1969/12/31/18:00:13.643,(-39 -28 -14 -16 -11 -14 -21 -33)
1969/12/31/18:00:13.643,(-7 -9 -15 -40 -23 -7 -3 -9)
1969/12/31/18:00:13.657,(6 -2 -7 -19 -15 -5 12 29)
1969/12/31/18:00:13.657,(8 16 -5 -10 -6 -9 -11 -10)
1969/12/31/18:00:13.664,(16 12 4 6 -3 2 8 13)
1969/12/31/18:00:13.664,(-8 -3 4 -8 -10 -9 -9 -13)
1969/12/31/18:00:13.681,(-10 -28 -8 -20 7 1 8 2)
1969/12/31/18:00:13.681,(-3 -18 -6 -5 -3 8 7 10)
1969/12/31/18:00:13.683,(2 -6 -7 3 8 5 9 11)
1969/12/31/18:00:13.683,(23 32 15 44 30 15 6 14)
1969/12/31/18:00:13.695,(-2 4 -3 -14 -9 -5 -8 -14)
1969/12/31/18:00:13.695,(-3 -11 0 -22 -19 -2 3 4)
1969/12/31/18:00:13.705,(29 34 11 39 9 -2 4 15)
1969/12/31/18:00:13.705,(-51 -55 0 16 21 3 -4 -19)
1969/12/31/18:00:13.719,(42 54 2 0 1 8 8 3)
1969/12/31/18:00:13.719,(18 2 0 -18 -6 -1 3 15)
1969/12/31/18:00:13.727,(-16 -12 -7 -12 -21 -15 -18 -19)
1969/12/31/18:00:13.727,(-5 -11 -9 -19 -13 -6 -5 -2)
1969/12/31/18:00:13.743,(-7 -2 -2 -1 3 0 1 2)
1969/12/31/18:00:13.743,(21 4 12 23 14 14 14 9)
1969/12/31/18:00:13.745,(-5 -34 -3 7 8 2 -2 5)
1969/12/31/18:00:13.745,(5 20 0 -12 -6 -3 2 5)
1969/12/31/18:00:13.758,(-19 -15 -9 -15 -19 -17 -21 -23)
1969/12/31/18:00:13.758,(-13 -9 -7 -37 -25 -21 -12 -12)
1969/12/31/18:00:13.767,(8 1 4 23 -4 1 11 15)
1969/12/31/18:00:13.767,(19 18 0 2 26 19 9 8)
1969/12/31/18:00:13.783,(-2 3 12 44 39 16 2 5)
1969/12/31/18:00:13.783,(-16 -17 1 -6 -18 -13 -5 -5)
1969/12/31/18:00:13.785,(9 17 6 2 -22 -4 0 2)
1969/12/31/18:00:13.785,(-12 -9 2 4 26 4 0 -4)
1969/12/31/18:00:13.806,(4 31 14 21 23 20 28 18)
1969/12/31/18:00:13.806,(-22 -29 -17 -3 8 -2 -14 -17)
1969/12/31/18:00:13.807,(1 5 -6 -28 -19 -6 -4 -9)
1969/12/31/18:00:13.807,(21 1 3 -9 -26 -5 11 27)
1969/12/31/18:00:13.820,(-20 -20 -8 -8 2 6 5 -6)
1969/12/31/18:00:13.820,(0 8 0 11 2 1 2 3)
1969/12/31/18:00:13.829,(3 -1 2 -11 14 7 7 8)
1969/12/31/18:00:13.829,(-17 -6 1 6 1 -8 -14 -19)
1969/12/31/18:00:13.845,(11 1 -3 -13 -31 -17 -16 -4)
1969/12/31/18:00:13.845,(8 10 4 9 7 8 9 11)
1969/12/31/18:00:13.846,(6 1 -4 -28 -24 -18 -1 0)
1969/12/31/18:00:13.846,(7 8 -3 8 7 1 -4 -3)
1969/12/31/18:00:13.868,(11 4 1 4 14 5 3 4)
1969/12/31/18:00:13.868,(-3 -1 5 24 18 22 13 1)
1969/12/31/18:00:13.870,(-24 -35 1 12 35 15 -11 -14)
1969/12/31/18:00:13.870,(53 55 11 -14 -21 -7 9 30)
1969/12/31/18:00:13.882,(-18 -24 -12 -12 -28 -22 -21 -20)
1969/12/31/18:00:13.882,(-16 -10 -1 5 7 -6 -8 -13)
1969/12/31/18:00:13.891,(5 4 -2 1 -5 2 8 8)
1969/12/31/18:00:13.891,(-10 -10 -9 -22 -52 -32 -11 -9)
1969/12/31/18:00:13.906,(6 2 0 1 -4 -5 -9 -3)
1969/12/31/18:00:13.906,(6 1 1 4 21 17 9 9)
1969/12/31/18:00:13.913,(2 11 2 10 36 17 3 -3)
1969/12/31/18:00:13.913,(-6 -5 0 3 4 12 2 -5)
1969/12/31/18:00:13.930,(3 2 -1 -7 -50 -20 2 7)
1969/12/31/18:00:13.930,(-7 -6 -1 -1 -1 -7 -6 -6)
1969/12/31/18:00:13.932,(5 8 5 25 64 36 13 6)
1969/12/31/18:00:13.932,(-12 -3 0 12 42 21 7 -2)
1969/12/31/18:00:13.954,(5 -4 -3 -2 4 -10 -15 -6)
1969/12/31/18:00:13.954,(-10 -5 5 -1 -29 -2 17 3)
1969/12/31/18:00:13.955,(52 54 10 -6 -29 -24 -10 17)
1969/12/31/18:00:13.956,(-12 -12 -6 -11 -11 -13 -13 -15)
1969/12/31/18:00:13.968,(-3 -13 -6 -11 -10 -5 5 6)
1969/12/31/18:00:13.968,(23 13 5 3 -4 -1 6 12)
1969/12/31/18:00:13.977,(-18 -11 -8 -9 -6 -4 -1 -7)
1969/12/31/18:00:13.977,(-11 -19 -6 -4 2 0 -6 -16)
1969/12/31/18:00:13.993,(8 3 3 1 8 10 3 6)
1969/12/31/18:00:13.993,(-5 -5 -1 3 8 -3 -8 -5)
1969/12/31/18:00:13.994,(-21 -16 -5 1 -10 -7 -7 -13)
1969/12/31/18:00:13.994,(12 5 1 -7 -8 4 7 10)
1969/12/31/18:00:14.016,(9 9 3 7 16 7 7 0)
1969/12/31/18:00:14.016,(19 -8 -4 -5 -1 -5 -7 15)
1969/12/31/18:00:14.018,(49 82 14 3 -8 -7 2 18)
1969/12/31/18:00:14.018,(-18 -5 -5 -6 -11 -6 -11 -15)
1969/12/31/18:00:14.029,(22 -10 11 14 31 30 40 39)
1969/12/31/18:00:14.029,(-5 3 -9 -6 -7 -13 -18 -15)
1969/12/31/18:00:14.040,(-16 -29 -1 -2 -7 -1 4 -1)
1969/12/31/18:00:14.040,(6 3 3 0 4 7 9 7)
1969/12/31/18:00:14.054,(-2 14 -1 -1 -7 -13 -16 -10)
1969/12/31/18:00:14.054,(4 4 0 -9 11 3 4 3)
1969/12/31/18:00:14.061,(-20 -31 -13 -15 -29 -7 -3 -7)
1969/12/31/18:00:14.061,(1 5 -1 15 13 3 4 4)
1969/12/31/18:00:14.078,(-5 -1 10 22 12 1 -9 -9)
1969/12/31/18:00:14.078,(-13 -7 4 10 7 3 -4 -9)
1969/12/31/18:00:14.079,(-11 -8 -5 -7 1 2 1 -5)
1969/12/31/18:00:14.079,(-7 -10 -8 -17 -18 -9 -5 -4)
1969/12/31/18:00:14.093,(36 49 -3 -11 -5 3 8 19)
1969/12/31/18:00:14.093,(-2 -4 1 -9 -1 -3 -5 -5)
1969/12/31/18:00:14.102,(-2 -7 -7 -3 -3 -2 1 -1)
1969/12/31/18:00:14.102,(1 4 -3 -14 -20 -5 -2 -3)
1969/12/31/18:00:14.117,(-10 -15 -8 -4 -12 -11 -8 -6)
1969/12/31/18:00:14.117,(-10 2 1 -1 16 -9 -11 -11)
1969/12/31/18:00:14.119,(2 1 5 -9 -11 1 4 2)
1969/12/31/18:00:14.119,(5 1 21 55 17 36 18 9)
1969/12/31/18:00:14.140,(-9 0 10 39 58 30 8 -3)
1969/12/31/18:00:14.140,(-1 -1 2 12 12 -3 -3 1)
1969/12/31/18:00:14.142,(-18 -16 8 -2 -40 -28 -20 -18)
1969/12/31/18:00:14.142,(7 12 13 -26 -16 4 9 8)
1969/12/31/18:00:14.163,(3 -15 -78 -101 -122 -76 -22 -2)
1969/12/31/18:00:14.163,(-18 -28 -35 11 30 4 -15 -15)
1969/12/31/18:00:14.164,(6 17 41 25 103 50 26 16)
1969/12/31/18:00:14.164,(0 7 4 61 65 38 5 0)
1969/12/31/18:00:14.179,(3 2 7 -1 0 14 4 1)
1969/12/31/18:00:14.179,(-8 -11 -5 -24 -68 -34 -4 -5)
1969/12/31/18:00:14.180,(-4 -7 -10 -76 -103 -41 -15 -7)
1969/12/31/18:00:14.180,(10 12 11 43 40 -4 -2 5)
1969/12/31/18:00:14.203,(-10 1 18 18 62 26 0 -8)
1969/12/31/18:00:14.203,(4 0 -12 5 2 9 7 6)
1969/12/31/18:00:14.204,(-6 -12 3 12 7 13 3 -2)
1969/12/31/18:00:14.204,(-9 -8 -27 -54 -88 -43 -13 -8)
1969/12/31/18:00:14.225,(-3 -11 -16 -57 -91 -54 -17 -3)
1969/12/31/18:00:14.225,(0 8 28 52 52 29 5 -1)
1969/12/31/18:00:14.225,(3 1 -17 67 109 51 14 6)
1969/12/31/18:00:14.225,(2 -5 -16 -45 52 23 6 3)
1969/12/31/18:00:14.241,(-11 -5 10 21 -1 7 -1 -10)
1969/12/31/18:00:14.241,(7 16 40 13 -39 -5 5 3)
1969/12/31/18:00:14.242,(10 8 4 27 -22 -20 -1 6)
1969/12/31/18:00:14.242,(-3 -10 -12 -20 -32 -26 -12 -6)
1969/12/31/18:00:14.265,(-4 -1 8 -20 1 1 -2 -5)
1969/12/31/18:00:14.265,(17 21 4 -24 -9 9 11 12)
1969/12/31/18:00:14.265,(1 -7 -25 15 9 2 -5 -4)
1969/12/31/18:00:14.265,(-2 -3 16 -19 -14 -6 2 1)
1969/12/31/18:00:14.288,(-19 -21 -41 -2 5 -3 -11 -13)
1969/12/31/18:00:14.288,(-8 -13 -12 -8 11 -4 -6 -3)
1969/12/31/18:00:14.289,(-8 3 21 -7 -14 -7 -5 -10)
1969/12/31/18:00:14.289,(5 7 8 6 0 0 1 3)
1969/12/31/18:00:14.303,(5 6 20 20 16 15 6 1)
1969/12/31/18:00:14.303,(0 1 -14 -20 -13 -2 3 2)
1969/12/31/18:00:14.304,(3 -2 -9 -16 -16 -7 -1 2)
1969/12/31/18:00:14.304,(-4 3 14 28 16 0 -4 -2)
1969/12/31/18:00:14.326,(0 3 14 28 31 15 6 3)
1969/12/31/18:00:14.326,(-2 -4 -13 -11 -4 -2 -2 -2)
1969/12/31/18:00:14.327,(-2 -1 3 -27 -18 -4 3 0)
1969/12/31/18:00:14.327,(1 -2 -8 -1 -12 -7 -3 -2)
1969/12/31/18:00:14.351,(0 -5 -14 11 -7 -3 1 1)
1969/12/31/18:00:14.351,(1 -3 5 -2 15 3 -1 -1)
1969/12/31/18:00:14.351,(-5 1 7 0 16 10 0 -3)
1969/12/31/18:00:14.351,(0 -4 -16 10 -2 -3 -1 0)
1969/12/31/18:00:14.365,(0 3 13 -9 3 5 2 1)
1969/12/31/18:00:14.365,(3 3 -10 1 -17 -6 0 1)
1969/12/31/18:00:14.366,(-1 -8 -11 4 1 -7 -2 0)
1969/12/31/18:00:14.366,(-8 -6 1 -4 -3 -4 -4 -8)
1969/12/31/18:00:14.390,(4 3 8 3 4 7 7 8)
1969/12/31/18:00:14.390,(-1 3 3 -6 -4 0 -1 -1)
1969/12/31/18:00:14.391,(4 -1 -5 7 9 0 -4 1)
1969/12/31/18:00:14.391,(-3 -2 -14 -24 -14 -5 -2 -4)
1969/12/31/18:00:14.413,(8 4 3 14 -6 4 5 5)
1969/12/31/18:00:14.413,(-15 -9 -2 3 24 -5 -12 -12)
1969/12/31/18:00:14.413,(7 7 2 -2 -1 4 7 8)
1969/12/31/18:00:14.413,(2 -1 2 0 -10 2 1 1)
1969/12/31/18:00:14.428,(-1 2 9 15 19 8 0 -1)
1969/12/31/18:00:14.428,(-1 0 0 1 -4 2 3 2)
1969/12/31/18:00:14.429,(-2 -1 3 4 -5 -11 -8 -4)
1969/12/31/18:00:14.429,(0 2 5 7 5 1 0 0)
1969/12/31/18:00:14.450,(2 -2 -13 -17 -8 4 4 1)
1969/12/31/18:00:14.450,(11 14 14 -5 -3 17 14 11)
1969/12/31/18:00:14.451,(-5 -2 12 32 30 -5 -13 -7)
1969/12/31/18:00:14.451,(-7 -12 -13 -10 -8 -4 -1 -3)
1969/12/31/18:00:14.475,(0 8 10 6 7 0 -3 -4)
1969/12/31/18:00:14.475,(1 0 -13 -7 -11 -3 3 -1)
1969/12/31/18:00:14.475,(0 -6 -19 -39 -26 -7 2 0)
1969/12/31/18:00:14.475,(10 5 6 7 12 4 -1 7)
1969/12/31/18:00:14.490,(-13 -7 9 -13 -17 -14 -10 -13)
1969/12/31/18:00:14.490,(1 2 4 38 16 6 3 2)
1969/12/31/18:00:14.491,(-1 1 -4 -23 -5 -2 -1 -1)
1969/12/31/18:00:14.491,(-3 0 10 30 25 10 3 1)
1969/12/31/18:00:14.513,(-12 -3 7 -23 0 -3 -6 -9)
1969/12/31/18:00:14.513,(13 3 -9 30 9 0 1 7)
1969/12/31/18:00:14.514,(-7 -7 -1 -1 -21 -3 -1 -4)
1969/12/31/18:00:14.514,(0 -2 -12 -25 -12 -2 2 0)
1969/12/31/18:00:14.528,(-5 -8 -14 -12 -3 -7 -6 -5)
1969/12/31/18:00:14.528,(0 6 13 2 -9 -6 -3 -1)
1969/12/31/18:00:14.536,(1 -2 -3 11 19 15 6 2)
1969/12/31/18:00:14.536,(-2 1 4 -5 -3 -3 -4 -5)
1969/12/31/18:00:14.560,(3 -3 -3 16 12 5 3 4)
1969/12/31/18:00:14.560,(-6 -3 -7 -27 -18 -12 -8 -7)
1969/12/31/18:00:14.561,(2 -2 -12 -20 -20 -4 1 0)
1969/12/31/18:00:14.561,(-3 0 11 22 22 5 2 -2)
1969/12/31/18:00:14.575,(3 5 3 15 -1 2 4 5)
1969/12/31/18:00:14.575,(2 -2 -2 -4 6 4 4 3)
1969/12/31/18:00:14.576,(-3 1 9 14 1 0 -5 -6)
1969/12/31/18:00:14.576,(3 -6 -23 -32 -18 -9 -1 3)
1969/12/31/18:00:14.590,(-3 -6 -12 -12 -5 -10 -6 -3)
1969/12/31/18:00:14.590,(-10 -6 2 0 -21 -8 -2 -5)
1969/12/31/18:00:14.599,(7 9 12 -3 24 11 7 8)
1969/12/31/18:00:14.599,(1 7 7 26 0 -1 -3 -2)
1969/12/31/18:00:14.614,(1 0 0 -1 12 3 -3 -2)
1969/12/31/18:00:14.614,(-3 -5 2 6 5 1 -1 0)
1969/12/31/18:00:14.615,(0 -2 -14 -11 -17 -10 -4 0)
1969/12/31/18:00:14.615,(-3 -8 -20 -49 -26 -9 -3 0)
1969/12/31/18:00:14.637,(3 3 -2 -23 -1 2 4 3)
1969/12/31/18:00:14.637,(-6 -2 14 18 1 4 -2 -7)
1969/12/31/18:00:14.638,(1 5 10 53 33 7 7 4)
1969/12/31/18:00:14.638,(-1 -4 -7 -16 -24 -11 -8 -7)
1969/12/31/18:00:14.653,(2 2 0 -9 -20 -3 0 1)
1969/12/31/18:00:14.653,(-3 -3 -3 -4 7 -3 0 -1)
1969/12/31/18:00:14.661,(10 3 -8 -19 -11 1 5 8)
1969/12/31/18:00:14.661,(7 8 15 57 64 19 9 9)
1969/12/31/18:00:14.676,(-3 -3 2 11 14 2 0 -1)
1969/12/31/18:00:14.676,(-7 -2 -5 -20 -6 -1 -8 -8)
1969/12/31/18:00:14.677,(-12 -8 -5 -5 -28 -12 -10 -8)
1969/12/31/18:00:14.677,(5 0 -2 -16 -13 1 8 7)
1969/12/31/18:00:14.699,(1 4 1 1 5 2 2 -2)
1969/12/31/18:00:14.699,(12 4 -1 3 3 6 9 15)
1969/12/31/18:00:14.700,(-9 -7 -11 -15 -11 -10 -10 -9)
1969/12/31/18:00:14.700,(-9 -6 1 -11 -10 -6 -8 -9)
1969/12/31/18:00:14.724,(-1 1 3 19 5 1 0 1)
1969/12/31/18:00:14.724,(-4 -4 -5 -8 -12 -3 7 5)
1969/12/31/18:00:14.724,(2 1 4 -3 19 5 3 2)
1969/12/31/18:00:14.724,(-1 -1 0 1 -1 1 2 0)
1969/12/31/18:00:14.739,(-1 0 3 8 2 1 -3 -5)
1969/12/31/18:00:14.739,(1 2 -3 -1 -2 -2 -5 -5)
1969/12/31/18:00:14.746,(3 1 0 -17 -5 0 4 2)
1969/12/31/18:00:14.746,(-2 -1 6 27 -6 3 0 0)
1969/12/31/18:00:14.761,(-2 -1 4 11 14 0 -1 -1)
1969/12/31/18:00:14.761,(4 2 -3 -11 0 -2 -3 -1)
1969/12/31/18:00:14.762,(-2 0 0 8 1 3 2 1)
1969/12/31/18:00:14.762,(1 0 -4 -13 0 -1 -2 0)
1969/12/31/18:00:14.786,(-1 -5 -2 -5 -10 -2 -2 -2)
1969/12/31/18:00:14.786,(2 0 -3 -6 -2 -1 3 6)
1969/12/31/18:00:14.786,(1 0 -1 5 -1 -1 -2 -4)
1969/12/31/18:00:14.786,(-6 0 1 -8 -13 -9 -6 -4)
1969/12/31/18:00:14.801,(1 1 1 1 3 2 3 5)
1969/12/31/18:00:14.801,(0 1 1 5 10 3 1 0)
1969/12/31/18:00:14.802,(-2 -3 -4 -5 -19 -5 -5 -4)
1969/12/31/18:00:14.802,(-3 -2 -2 -10 21 1 -2 -3)
1969/12/31/18:00:14.802,(2 -1 -2 1 2 -1 0 -1)
1969/12/31/18:00:14.802,(-4 0 1 1 1 -3 -2 -1)
1969/12/31/18:00:14.818,(2 3 3 0 0 -1 1 0)
1969/12/31/18:00:14.818,(-3 -2 -3 -3 -6 -2 -2 -2)
1969/12/31/18:00:14.827,(-1 -1 0 1 4 1 -2 -1)
1969/12/31/18:00:14.827,(1 0 1 2 2 0 0 0)
1969/12/31/18:00:14.833,(-3 -5 -4 0 -3 -1 1 1)
1969/12/31/18:00:14.833,(3 2 0 -2 -1 -1 0 2)
1969/12/31/18:00:14.865,(-1 0 0 1 -3 1 -2 -2)
1969/12/31/18:00:14.865,(0 1 -1 -1 1 -2 -1 -1)
1969/12/31/18:00:14.866,(-1 2 2 0 -2 -2 -4 -3)
1969/12/31/18:00:14.866,(0 -2 -4 -2 -3 -5 -3 -3)
1969/12/31/18:00:14.872,(-3 -1 -3 -3 -3 0 -1 0)
1969/12/31/18:00:14.872,(-1 0 -2 -3 -4 -2 -2 -2)
1969/12/31/18:00:14.874,(3 -1 1 2 5 4 2 2)
1969/12/31/18:00:14.874,(1 1 3 3 1 -2 -2 1)
1969/12/31/18:00:14.888,(-4 1 4 5 4 -2 -4 -5)
1969/12/31/18:00:14.888,(1 -1 -1 -4 -1 0 3 4)
1969/12/31/18:00:14.890,(-4 -5 -20 -9 -15 -7 -2 -2)
1969/12/31/18:00:14.890,(15 11 5 -6 8 8 6 9)
1969/12/31/18:00:14.912,(3 3 14 6 2 4 4 2)
1969/12/31/18:00:14.912,(1 1 1 26 18 5 0 0)
1969/12/31/18:00:14.914,(-11 -7 -1 -27 -1 -7 -5 -10)
1969/12/31/18:00:14.914,(-7 -9 -14 -6 -8 -5 -3 -4)
1969/12/31/18:00:14.935,(4 0 -1 0 -8 -4 2 4)
1969/12/31/18:00:14.935,(-6 -3 -1 -34 -34 -7 -3 -6)
1969/12/31/18:00:14.937,(16 18 14 28 29 10 9 9)
1969/12/31/18:00:14.937,(-8 -2 16 38 2 3 -4 -5)
1969/12/31/18:00:14.949,(-2 -9 -19 0 19 6 -2 0)
1969/12/31/18:00:14.949,(4 -4 -6 9 5 -2 -5 2)
1969/12/31/18:00:14.958,(-13 -6 5 -51 -29 -11 -6 -8)
1969/12/31/18:00:14.958,(0 1 -13 -45 -15 -12 0 -3)
1969/12/31/18:00:14.974,(0 2 -2 28 -6 -4 -6 0)
1969/12/31/18:00:14.974,(-2 -5 -2 15 21 11 7 1)
1969/12/31/18:00:14.975,(15 10 6 -67 -31 -5 4 10)
1969/12/31/18:00:14.975,(6 7 4 76 8 -3 -3 3)
1969/12/31/18:00:14.997,(-4 -2 2 -59 26 12 8 0)
1969/12/31/18:00:14.997,(-11 -7 -8 11 -43 -17 -12 -12)
1969/12/31/18:00:14.999,(3 1 40 127 121 36 10 8)
1969/12/31/18:00:14.999,(-18 -4 6 -66 -55 -6 1 -9)
1969/12/31/18:00:15.011,(5 -5 -40 -81 -7 -21 -9 -2)
1969/12/31/18:00:15.011,(0 1 18 45 -82 -16 2 3)
1969/12/31/18:00:15.021,(2 4 -10 20 34 6 2 2)
1969/12/31/18:00:15.021,(15 18 37 89 54 29 7 12)
1969/12/31/18:00:15.036,(-13 -13 -13 -8 19 13 0 -8)
1969/12/31/18:00:15.036,(-1 -9 -60 -128 -92 -45 -14 -5)
1969/12/31/18:00:15.037,(-13 -19 9 15 37 -7 -15 -9)
1969/12/31/18:00:15.037,(1 18 56 85 65 23 9 5)
1969/12/31/18:00:15.059,(3 6 -12 -68 -34 -15 -3 0)
1969/12/31/18:00:15.059,(0 -4 -9 -30 -1 8 0 1)
1969/12/31/18:00:15.061,(-3 -4 -21 -66 -69 -14 -3 -7)
1969/12/31/18:00:15.061,(8 -4 -13 54 80 11 5 5)
1969/12/31/18:00:15.073,(-10 -9 -1 9 -56 -19 -10 -8)
1969/12/31/18:00:15.073,(-5 -3 3 -49 -2 10 3 -1)
1969/12/31/18:00:15.083,(-3 2 17 79 48 8 -2 -1)
1969/12/31/18:00:15.083,(-3 -12 -37 -110 -42 -7 0 -2)
1969/12/31/18:00:15.106,(1 4 22 63 18 3 -3 1)
1969/12/31/18:00:15.106,(-8 -6 3 4 15 0 -4 -7)
1969/12/31/18:00:15.108,(3 3 -2 -17 -34 -4 0 1)
1969/12/31/18:00:15.108,(0 -5 -12 -21 -19 -9 -4 -4)
1969/12/31/18:00:15.121,(-1 -5 -18 -17 -26 -11 -4 -1)
1969/12/31/18:00:15.121,(5 5 16 -29 31 16 6 5)
1969/12/31/18:00:15.123,(0 4 6 79 13 2 0 -1)
1969/12/31/18:00:15.123,(-3 -7 -25 -105 -78 -19 -6 -4)
1969/12/31/18:00:15.136,(2 2 14 86 60 19 6 4)
1969/12/31/18:00:15.136,(4 11 29 37 63 17 7 4)
1969/12/31/18:00:15.152,(-1 -2 -12 -5 -16 -2 2 1)
1969/12/31/18:00:15.152,(-9 -12 -26 -52 -27 -14 -9 -9)
1969/12/31/18:00:15.162,(6 4 10 -40 -16 0 4 5)
1969/12/31/18:00:15.162,(7 10 14 69 37 13 6 4)
1969/12/31/18:00:15.164,(-2 -6 -17 -28 -21 -7 -3 -2)
1969/12/31/18:00:15.164,(-4 -5 -4 -10 -5 -6 -5 -4)
1969/12/31/18:00:15.184,(-1 0 6 12 4 3 3 -2)
1969/12/31/18:00:15.184,(1 2 0 34 23 2 1 0)
1969/12/31/18:00:15.185,(3 -4 -12 -43 -30 -6 1 5)
1969/12/31/18:00:15.185,(-1 3 5 7 5 3 1 -2)
1969/12/31/18:00:15.198,(0 6 9 26 0 -2 -4 -3)
1969/12/31/18:00:15.198,(-20 -18 -5 6 14 4 4 -1)
1969/12/31/18:00:15.207,(5 -2 -7 -31 -19 -9 -11 -11)
1969/12/31/18:00:15.207,(0 4 4 15 2 0 2 1)
1969/12/31/18:00:15.223,(6 4 -2 2 -3 -3 2 7)
1969/12/31/18:00:15.223,(-2 5 1 0 6 3 1 -4)
1969/12/31/18:00:15.224,(-12 -9 -2 -12 -9 -2 -1 -2)
1969/12/31/18:00:15.225,(-1 1 0 19 9 0 1 2)
1969/12/31/18:00:15.246,(-2 -3 1 -2 -8 -3 -3 0)
1969/12/31/18:00:15.246,(7 6 -1 1 5 0 2 2)
1969/12/31/18:00:15.248,(-3 0 0 0 -5 -1 -2 -3)
1969/12/31/18:00:15.248,(4 -2 -6 -2 1 -4 -4 -1)
1969/12/31/18:00:15.260,(-2 -1 -2 -15 -5 2 2 1)
1969/12/31/18:00:15.260,(3 -1 -1 9 7 -4 -3 1)
1969/12/31/18:00:15.269,(0 5 0 -17 -16 -1 1 1)
1969/12/31/18:00:15.269,(2 -1 6 34 20 5 4 6)
1969/12/31/18:00:15.292,(-6 -5 5 11 9 2 -1 -5)
1969/12/31/18:00:15.292,(-1 -2 -6 -5 -1 -4 -4 -4)
1969/12/31/18:00:15.301,(-12 -8 -7 -18 -14 -5 -4 -5)
1969/12/31/18:00:15.301,(25 10 -3 -10 -4 -1 0 11)
1969/12/31/18:00:15.308,(-16 -4 4 11 3 5 1 -16)
1969/12/31/18:00:15.308,(4 3 -2 -5 -3 -2 -3 0)
1969/12/31/18:00:15.310,(-19 -10 3 3 7 2 5 4)
1969/12/31/18:00:15.310,(8 2 -1 -4 -4 -1 0 3)
1969/12/31/18:00:15.324,(1 -1 -7 -1 -4 -7 -9 -4)
1969/12/31/18:00:15.324,(10 8 3 -6 -7 -4 -1 2)
1969/12/31/18:00:15.332,(1 1 0 14 15 2 -1 -4)
1969/12/31/18:00:15.332,(-14 -12 -5 -25 -7 -1 3 -1)
1969/12/31/18:00:15.347,(0 0 4 -7 -14 -2 2 0)
1969/12/31/18:00:15.347,(-15 -8 8 55 25 5 1 -2)
1969/12/31/18:00:15.349,(24 17 1 -1 7 5 8 12)
1969/12/31/18:00:15.349,(-22 -8 -2 -5 -9 -4 -8 -13)
1969/12/31/18:00:15.370,(29 8 -14 -33 -5 -1 5 14)
1969/12/31/18:00:15.370,(-20 -13 5 20 -5 -4 -4 -8)
1969/12/31/18:00:15.372,(0 4 3 0 8 3 -3 -5)
1969/12/31/18:00:15.372,(-2 5 1 6 5 4 2 -4)
1969/12/31/18:00:15.385,(-1 -5 1 -14 -13 -1 1 6)
1969/12/31/18:00:15.385,(-13 -9 -7 -2 4 -3 -6 -4)
1969/12/31/18:00:15.394,(16 6 -2 -3 -9 -2 2 5)
1969/12/31/18:00:15.394,(-33 -22 -13 -15 -12 -7 -8 -19)
1969/12/31/18:00:15.417,(36 30 15 19 13 4 8 17)
1969/12/31/18:00:15.417,(15 1 -19 -38 -23 -7 -5 1)
1969/12/31/18:00:15.419,(-6 -10 -15 -38 -17 -6 -1 1)
1969/12/31/18:00:15.419,(-2 3 16 28 -5 -1 -3 -2)
1969/12/31/18:00:15.441,(-19 -8 19 96 52 10 0 -8)
1969/12/31/18:00:15.441,(16 17 2 -35 7 3 1 2)
1969/12/31/18:00:15.443,(-12 -3 2 29 -5 1 -1 -5)
1969/12/31/18:00:15.443,(1 0 7 12 15 0 -3 0)
1969/12/31/18:00:15.447,(-11 -4 -8 -21 -14 -4 2 0)
1969/12/31/18:00:15.447,(-35 -29 6 -2 -6 3 5 -9)
1969/12/31/18:00:15.463,(29 28 -8 -25 0 4 9 12)
1969/12/31/18:00:15.464,(21 -2 -8 -15 -9 -1 -1 4)
1969/12/31/18:00:15.472,(-2 -10 -9 -5 -10 -15 -18 1)
1969/12/31/18:00:15.472,(12 36 -2 -10 -3 3 4 -4)
1969/12/31/18:00:15.473,(16 -12 7 3 -2 0 14 29)
1969/12/31/18:00:15.473,(-42 -30 -10 8 3 -5 -12 -32)
1969/12/31/18:00:15.495,(17 12 2 -9 1 7 13 17)
1969/12/31/18:00:15.495,(-14 -7 -4 -10 -8 -5 -10 -11)
1969/12/31/18:00:15.497,(-16 -12 -4 -12 -15 -3 0 -7)
1969/12/31/18:00:15.497,(19 18 11 54 32 8 7 10)
1969/12/31/18:00:15.509,(-4 0 13 20 20 10 4 -3)
1969/12/31/18:00:15.509,(19 7 -4 5 -3 -2 3 10)
1969/12/31/18:00:15.518,(-16 -2 7 5 9 5 3 -11)
1969/12/31/18:00:15.518,(-23 3 -9 -35 -20 -14 -15 -16)
1969/12/31/18:00:15.533,(-48 -54 -11 -8 -7 10 26 5)
1969/12/31/18:00:15.533,(65 49 12 7 6 -9 -17 10)
1969/12/31/18:00:15.540,(-9 -9 -12 -10 -7 -9 -16 -20)
1969/12/31/18:00:15.540,(27 24 2 -13 -2 8 14 22)
1969/12/31/18:00:15.556,(-30 -26 -10 -19 -17 -20 -30 -31)
1969/12/31/18:00:15.556,(-5 -3 -1 6 4 6 13 12)
1969/12/31/18:00:15.565,(-16 -12 -31 -89 -41 -19 -18 -16)
1969/12/31/18:00:15.565,(7 -3 14 104 7 -1 1 1)
1969/12/31/18:00:15.571,(3 21 35 79 47 19 11 2)
1969/12/31/18:00:15.571,(-4 -8 18 35 28 6 6 8)
1969/12/31/18:00:15.587,(10 14 -1 -23 -7 -11 -16 -10)
1969/12/31/18:00:15.587,(-54 -65 -27 -95 -40 -8 2 -10)
1969/12/31/18:00:15.595,(62 84 -4 -10 -3 6 31 60)
1969/12/31/18:00:15.595,(-72 -25 -6 1 -1 -16 -48 -76)
1969/12/31/18:00:15.602,(23 -9 6 26 20 14 7 3)
1969/12/31/18:00:15.602,(84 62 -1 -51 -18 -6 8 42)
1969/12/31/18:00:15.619,(-95 -109 -33 -28 -34 -22 -30 -55)
1969/12/31/18:00:15.619,(94 80 30 73 23 4 16 50)
1969/12/31/18:00:15.621,(-57 -20 -7 -69 -21 -1 -5 -30)
1969/12/31/18:00:15.621,(-11 -19 -16 51 36 -8 -12 -8)
1969/12/31/18:00:15.633,(7 6 20 10 -40 4 0 -3)
1969/12/31/18:00:15.633,(-15 -19 6 14 37 5 0 -4)
1969/12/31/18:00:15.643,(5 -2 17 58 19 14 8 11)
1969/12/31/18:00:15.643,(4 5 1 -63 2 5 9 10)
1969/12/31/18:00:15.657,(0 4 -9 -44 -21 -11 -18 -18)
1969/12/31/18:00:15.657,(0 -14 -17 -5 -19 4 17 14)
1969/12/31/18:00:15.665,(8 5 2 36 15 -5 2 17)
1969/12/31/18:00:15.665,(-64 -57 -8 -12 -4 -5 -13 -32)
1969/12/31/18:00:15.682,(49 43 0 -10 6 0 8 32)
1969/12/31/18:00:15.682,(-19 -76 -23 -40 -39 -18 -16 -7)
1969/12/31/18:00:15.683,(-35 17 10 19 16 3 -5 -29)
1969/12/31/18:00:15.683,(21 22 -1 -11 -16 -7 -7 1)
1969/12/31/18:00:15.696,(-21 -22 2 10 1 0 -6 -21)
1969/12/31/18:00:15.696,(33 6 6 6 14 10 15 20)
1969/12/31/18:00:15.705,(26 54 -2 15 4 -9 -13 -6)
1969/12/31/18:00:15.705,(0 5 8 15 0 -3 -13 -9)
1969/12/31/18:00:15.729,(2 0 -3 -25 -9 -7 -5 -4)
1969/12/31/18:00:15.729,(-20 -13 -15 -44 -13 1 1 -5)
1969/12/31/18:00:15.730,(23 3 6 41 5 -2 5 21)
1969/12/31/18:00:15.730,(-25 -19 13 32 25 16 16 6)
1969/12/31/18:00:15.752,(15 17 0 0 7 -4 -16 -13)
1969/12/31/18:00:15.752,(0 17 -5 -21 -15 -9 -9 -6)
1969/12/31/18:00:15.754,(13 2 -3 -10 -14 -4 8 15)
1969/12/31/18:00:15.754,(-45 -33 -12 -3 -5 -3 -10 -30)
1969/12/31/18:00:15.758,(-9 -23 -8 -7 7 5 10 6)
1969/12/31/18:00:15.758,(8 12 5 -1 -8 -1 -2 5)
1969/12/31/18:00:15.767,(-18 -34 -3 3 -2 -6 -14 -12)
1969/12/31/18:00:15.767,(27 28 2 1 1 2 5 11)
1969/12/31/18:00:15.782,(12 17 0 -6 -7 -5 5 5)
1969/12/31/18:00:15.782,(-24 -10 -11 -16 -5 -1 2 -11)
1969/12/31/18:00:15.791,(-18 -24 4 32 13 0 -3 -6)
1969/12/31/18:00:15.791,(24 34 28 29 29 34 30 24)
1969/12/31/18:00:15.807,(11 14 3 8 12 5 -4 -2)
1969/12/31/18:00:15.807,(-10 -16 -9 -35 -13 -2 5 4)
1969/12/31/18:00:15.808,(-2 -17 -19 -35 -36 -8 0 1)
1969/12/31/18:00:15.808,(32 7 6 34 -3 -9 0 24)
1969/12/31/18:00:15.829,(52 59 38 49 42 25 23 35)
1969/12/31/18:00:15.829,(-15 0 3 18 8 1 -3 -14)
1969/12/31/18:00:15.831,(4 5 6 -14 1 5 4 5)
1969/12/31/18:00:15.831,(13 0 -15 -39 -27 -18 -17 -5)
1969/12/31/18:00:15.844,(-9 -9 -14 -20 -20 -9 -3 -2)
1969/12/31/18:00:15.844,(-18 -27 -6 -21 -8 2 9 2)
1969/12/31/18:00:15.853,(7 2 10 34 22 15 18 17)
1969/12/31/18:00:15.853,(7 11 6 13 17 10 12 11)
1969/12/31/18:00:15.869,(-11 -12 -4 -5 -2 -3 -6 -7)
1969/12/31/18:00:15.869,(-9 6 5 3 -4 1 0 -8)
1969/12/31/18:00:15.870,(-6 -18 -7 -17 -11 -8 -8 -9)
1969/12/31/18:00:15.870,(-25 -50 -10 1 3 7 8 0)
1969/12/31/18:00:15.891,(14 51 3 12 12 0 -15 -18)
1969/12/31/18:00:15.891,(-15 -21 -7 2 -8 -8 -9 -17)
1969/12/31/18:00:15.900,(-12 -2 2 7 3 -3 -7 -12)
1969/12/31/18:00:15.900,(28 31 -4 -47 -9 -7 -2 7)
1969/12/31/18:00:15.906,(-8 -31 -22 -7 -27 -11 -3 -2)
1969/12/31/18:00:15.906,(-3 -7 11 56 32 9 8 8)
1969/12/31/18:00:15.923,(9 14 13 26 24 12 3 0)
1969/12/31/18:00:15.923,(-26 -6 6 9 8 3 -5 -23)
1969/12/31/18:00:15.931,(2 -9 -7 -39 -20 -10 -5 3)
1969/12/31/18:00:15.931,(13 38 -1 -11 -5 1 4 4)
1969/12/31/18:00:15.932,(49 33 6 4 -3 -1 12 36)
1969/12/31/18:00:15.932,(-3 -1 -1 -12 -9 -2 -7 -6)
1969/12/31/18:00:15.954,(11 26 -7 -17 15 1 0 3)
1969/12/31/18:00:15.954,(-28 -27 1 13 -12 2 -2 -11)
1969/12/31/18:00:15.956,(-1 3 4 -1 4 2 4 0)
1969/12/31/18:00:15.956,(-6 -3 -3 9 -8 -11 -10 -5)
1969/12/31/18:00:15.968,(12 9 2 -2 0 0 3 8)
1969/12/31/18:00:15.968,(2 -3 -4 -13 1 -3 -7 -4)
1969/12/31/18:00:15.978,(-19 -16 -16 -58 -18 -9 -11 -11)
1969/12/31/18:00:15.978,(-16 -6 -1 28 -5 1 8 -1)
1969/12/31/18:00:15.992,(-31 -51 -1 19 21 4 2 -9)
1969/12/31/18:00:15.992,(34 34 12 19 5 2 0 15)
1969/12/31/18:00:15.994,(-11 -6 -2 -33 -16 -2 -4 -11)
1969/12/31/18:00:15.994,(-1 -1 -5 -27 -18 -8 -5 -1)
1969/12/31/18:00:16.017,(37 34 1 11 -4 -4 1 16)
1969/12/31/18:00:16.017,(17 35 8 19 18 8 10 12)
1969/12/31/18:00:16.018,(5 21 8 31 12 2 1 2)
1969/12/31/18:00:16.018,(-12 -3 1 -3 6 -1 -10 -18)
1969/12/31/18:00:16.040,(-21 -25 -6 -21 -15 0 -3 -6)
1969/12/31/18:00:16.040,(24 12 7 -5 2 12 22 23)
1969/12/31/18:00:16.041,(-10 -10 -10 -13 -7 -5 -5 -6)
1969/12/31/18:00:16.041,(24 13 -8 -27 -16 -3 3 14)
1969/12/31/18:00:16.054,(-19 -20 1 24 6 -3 -9 -15)
1969/12/31/18:00:16.054,(-24 -19 -5 -4 14 -1 -6 -14)
1969/12/31/18:00:16.056,(-29 -64 2 18 -12 -1 0 0)
1969/12/31/18:00:16.056,(28 46 18 29 19 7 9 14)
1969/12/31/18:00:16.078,(4 9 1 -25 2 -2 -5 3)
1969/12/31/18:00:16.078,(7 4 -11 -32 -28 -11 -4 -1)
1969/12/31/18:00:16.079,(-15 -21 -9 15 12 3 1 -8)
1969/12/31/18:00:16.079,(-6 -13 -1 4 -6 -6 -5 2)
1969/12/31/18:00:16.093,(-20 -9 10 16 19 16 10 -11)
1969/12/31/18:00:16.093,(19 0 3 4 -2 2 0 11)
1969/12/31/18:00:16.100,(18 7 -6 -37 -26 -14 -9 8)
1969/12/31/18:00:16.100,(-37 -7 -5 16 6 -4 -17 -37)
1969/12/31/18:00:16.117,(-9 -13 10 25 12 5 7 4)
1969/12/31/18:00:16.117,(-22 -29 0 -12 -8 1 1 -5)
1969/12/31/18:00:16.119,(11 8 -8 -5 12 5 0 2)
1969/12/31/18:00:16.119,(-9 -20 -14 -44 -29 -6 -4 -5)
1969/12/31/18:00:16.140,(8 7 15 59 13 1 7 8)
1969/12/31/18:00:16.140,(-16 -8 3 13 3 -10 -12 -17)
1969/12/31/18:00:16.143,(10 11 2 20 22 16 15 13)
1969/12/31/18:00:16.143,(8 -15 1 -16 -3 -7 -9 2)
1969/12/31/18:00:16.154,(-26 -23 -20 -29 -25 -5 -6 -20)
1969/12/31/18:00:16.154,(5 6 4 2 -13 -9 -3 2)
1969/12/31/18:00:16.164,(-35 -29 0 13 8 -10 -17 -30)
1969/12/31/18:00:16.164,(41 44 5 -20 31 24 29 32)
1969/12/31/18:00:16.179,(-26 -22 -7 58 -19 -24 -31 -20)
1969/12/31/18:00:16.179,(26 7 0 -12 21 8 2 -2)
1969/12/31/18:00:16.181,(12 44 10 -1 -9 13 16 6)
1969/12/31/18:00:16.181,(-17 -10 -2 -9 -31 -15 -10 -12)
1969/12/31/18:00:16.203,(4 -5 -2 -24 2 -3 -2 5)
1969/12/31/18:00:16.203,(-18 -11 -9 -1 -6 -2 -3 -5)
1969/12/31/18:00:16.204,(-1 -4 -17 -62 -9 -1 0 1)
1969/12/31/18:00:16.204,(-10 -19 -24 -55 -34 -12 -5 -3)
1969/12/31/18:00:16.216,(29 34 36 68 40 15 14 16)
1969/12/31/18:00:16.217,(-13 -1 14 5 28 5 -6 -8)
1969/12/31/18:00:16.225,(2 9 21 46 26 5 -1 0)
1969/12/31/18:00:16.226,(-4 -4 -1 1 12 2 -4 -4)
1969/12/31/18:00:16.241,(-13 -25 -27 -65 3 4 11 3)
1969/12/31/18:00:16.241,(13 10 -8 -15 -41 -2 8 14)
1969/12/31/18:00:16.243,(7 -24 4 11 12 4 12 25)
1969/12/31/18:00:16.243,(-3 12 -6 -12 -15 -18 -23 -24)
1969/12/31/18:00:16.265,(-3 -11 6 -21 1 16 24 12)
1969/12/31/18:00:16.265,(6 17 -5 -28 -22 -13 -11 -9)
1969/12/31/18:00:16.266,(14 3 -5 29 -7 0 5 11)
1969/12/31/18:00:16.266,(-24 -8 9 28 25 5 -6 -17)
1969/12/31/18:00:16.279,(27 14 0 2 5 2 2 15)
1969/12/31/18:00:16.279,(-15 -22 -3 2 -6 4 5 2)
1969/12/31/18:00:16.289,(-11 -1 5 10 1 -3 -9 -13)
1969/12/31/18:00:16.289,(4 -4 -6 -46 -6 -4 0 6)
1969/12/31/18:00:16.304,(2 6 -13 -17 -35 -7 -5 -4)
1969/12/31/18:00:16.304,(-29 -39 9 73 28 -5 -13 -18)
1969/12/31/18:00:16.305,(15 50 22 18 29 18 15 9)
1969/12/31/18:00:16.306,(10 27 4 33 12 10 9 15)
1969/12/31/18:00:16.327,(-3 1 -8 -57 -29 -4 -5 -11)
1969/12/31/18:00:16.327,(-14 -19 -18 -34 -22 -16 -14 -12)
1969/12/31/18:00:16.329,(29 19 -7 -14 -15 -4 5 13)
1969/12/31/18:00:16.329,(-15 -14 13 26 7 6 9 5)
1969/12/31/18:00:16.342,(12 39 9 3 1 -3 -9 -14)
1969/12/31/18:00:16.342,(-36 -27 -14 -2 4 -2 -11 -27)
1969/12/31/18:00:16.351,(25 40 -17 -57 -9 2 6 6)
1969/12/31/18:00:16.351,(13 2 8 50 -5 1 5 9)
1969/12/31/18:00:16.365,(-8 -10 -1 7 10 -15 -17 -7)
1969/12/31/18:00:16.365,(10 15 4 -2 9 8 9 7)
1969/12/31/18:00:16.373,(-18 -17 1 5 -9 -6 -9 -11)
1969/12/31/18:00:16.373,(-16 -28 -5 -3 -4 1 1 -5)
1969/12/31/18:00:16.389,(11 9 6 11 19 21 25 27)
1969/12/31/18:00:16.389,(31 45 0 -15 5 -3 0 16)
1969/12/31/18:00:16.390,(-27 -32 2 32 -12 -5 -7 -16)
1969/12/31/18:00:16.390,(30 16 3 14 1 -16 -14 16)
1969/12/31/18:00:16.403,(-63 -45 3 0 6 7 -2 -33)
1969/12/31/18:00:16.404,(-8 -12 -4 -27 -9 1 6 5)
1969/12/31/18:00:16.413,(29 19 -9 -23 -17 -15 -13 -1)
1969/12/31/18:00:16.413,(21 10 8 28 15 15 19 20)
1969/12/31/18:00:16.429,(-18 -7 -8 -18 -17 -19 -23 -19)
1969/12/31/18:00:16.429,(3 -11 2 4 5 17 27 29)
1969/12/31/18:00:16.435,(-25 -21 3 4 -3 -15 -21 -22)
1969/12/31/18:00:16.435,(-9 -6 -3 -5 -9 5 6 -6)
1969/12/31/18:00:16.452,(-15 -39 -9 -20 -21 -14 -7 5)
1969/12/31/18:00:16.452,(16 17 3 10 13 7 9 6)
1969/12/31/18:00:16.454,(-24 -29 1 15 12 0 -9 -15)
1969/12/31/18:00:16.454,(30 39 5 -6 7 -1 3 5)
1969/12/31/18:00:16.466,(-23 -13 2 1 0 4 3 -3)
1969/12/31/18:00:16.466,(12 5 0 7 -4 3 5 9)
1969/12/31/18:00:16.474,(-5 6 -7 -10 2 3 8 7)
1969/12/31/18:00:16.474,(-45 -50 -13 -12 -5 -10 -17 -27)
1969/12/31/18:00:16.490,(23 21 0 2 -4 -5 -10 -4)
1969/12/31/18:00:16.490,(2 1 1 7 4 -4 -3 -4)
1969/12/31/18:00:16.496,(-35 -41 1 -14 -7 1 2 -5)
1969/12/31/18:00:16.497,(-22 -25 -5 13 6 -8 -11 -20)
1969/12/31/18:00:16.514,(80 77 18 12 19 25 34 47)
1969/12/31/18:00:16.514,(-6 3 -16 -30 -22 -14 -15 -10)
1969/12/31/18:00:16.516,(9 -10 3 21 11 3 -1 3)
1969/12/31/18:00:16.516,(0 13 15 12 -3 -4 -1 5)
1969/12/31/18:00:16.528,(-27 -31 -9 -17 -6 -8 -13 -16)
1969/12/31/18:00:16.528,(16 -5 -4 3 4 2 1 12)
1969/12/31/18:00:16.538,(-30 -25 -3 -8 -8 -3 -7 -24)
1969/12/31/18:00:16.538,(31 38 3 1 2 8 17 25)
1969/12/31/18:00:16.552,(18 2 -3 8 4 0 2 10)
1969/12/31/18:00:16.552,(-6 -9 13 6 6 3 2 3)
1969/12/31/18:00:16.559,(12 9 -4 -5 -8 -1 -1 5)
1969/12/31/18:00:16.559,(-2 -14 -5 -2 -2 15 19 11)
1969/12/31/18:00:16.575,(-8 -8 -5 -16 -15 -10 -8 -9)
1969/12/31/18:00:16.575,(-5 -11 -2 6 -6 0 4 -2)
1969/12/31/18:00:16.593,(41 38 8 3 11 1 4 20)
1969/12/31/18:00:16.593,(0 15 -6 -9 0 -2 -9 -9)
1969/12/31/18:00:16.593,(-13 -34 -5 11 -3 -1 0 -4)
1969/12/31/18:00:16.593,(51 53 7 11 7 2 6 20)
1969/12/31/18:00:16.600,(-9 -2 0 6 4 0 -4 -10)
1969/12/31/18:00:16.600,(-54 -67 -11 -17 -10 -10 -18 -26)
1969/12/31/18:00:16.614,(37 49 12 -4 1 12 18 3)
1969/12/31/18:00:16.614,(20 21 -2 -14 -12 -13 -11 6)
1969/12/31/18:00:16.621,(-7 -11 -7 -3 -9 -4 -3 0)
1969/12/31/18:00:16.621,(0 -9 -2 8 0 2 -3 -6)
1969/12/31/18:00:16.638,(-11 -16 -5 -1 16 5 7 10)
1969/12/31/18:00:16.638,(-10 -12 1 10 4 7 1 -11)
1969/12/31/18:00:16.639,(5 9 -5 -23 3 0 3 1)
1969/12/31/18:00:16.639,(37 27 14 24 3 9 12 29)
1969/12/31/18:00:16.653,(-14 -15 4 26 10 0 4 6)
1969/12/31/18:00:16.653,(7 10 3 -3 7 7 13 15)
1969/12/31/18:00:16.662,(-71 -92 -17 -13 -21 -20 -27 -29)
1969/12/31/18:00:16.662,(18 38 7 -11 8 11 16 1)
1969/12/31/18:00:16.677,(17 6 -7 -15 -6 -5 -6 5)
1969/12/31/18:00:16.677,(-27 -57 0 6 -3 2 1 -6)
1969/12/31/18:00:16.684,(-18 1 -8 1 0 -4 -12 -23)
1969/12/31/18:00:16.684,(13 7 -4 -12 -6 -7 3 13)
1969/12/31/18:00:16.700,(-10 4 -14 -25 -20 -14 -15 -15)
1969/12/31/18:00:16.700,(-34 -29 -2 2 4 -1 -6 -18)
1969/12/31/18:00:16.701,(62 65 23 41 11 11 13 20)
1969/12/31/18:00:16.701,(5 0 10 15 18 15 13 13)
1969/12/31/18:00:16.714,(3 4 3 1 9 8 11 11)
1969/12/31/18:00:16.715,(0 2 -6 -18 -16 -18 -23 -13)
1969/12/31/18:00:16.723,(-17 -4 3 -6 -2 3 9 3)
1969/12/31/18:00:16.723,(25 13 -2 1 4 7 7 10)
1969/12/31/18:00:16.739,(-12 -14 -4 2 2 -1 -9 -12)
1969/12/31/18:00:16.739,(-34 -35 -10 -10 -7 -7 -9 -13)
1969/12/31/18:00:16.746,(66 83 9 9 -10 -6 -2 12)
1969/12/31/18:00:16.746,(-23 -19 -2 3 -4 -12 -15 -22)
1969/12/31/18:00:16.763,(-8 -15 -3 -2 2 0 2 2)
1969/12/31/18:00:16.763,(-13 9 -1 13 8 7 6 -12)
1969/12/31/18:00:16.769,(0 -26 2 2 17 10 8 14)
1969/12/31/18:00:16.769,(15 3 -3 -10 -3 0 2 21)
1969/12/31/18:00:16.776,(-1 4 -3 -3 -11 -8 -13 -13)
1969/12/31/18:00:16.776,(-20 -9 -2 -3 -4 -6 -9 -15)
1969/12/31/18:00:16.786,(1 -2 -2 -17 -8 0 11 14)
1969/12/31/18:00:16.786,(-18 -18 -4 0 -9 -7 -9 -10)
1969/12/31/18:00:16.801,(-3 -19 9 5 5 6 11 17)
1969/12/31/18:00:16.801,(25 33 -1 -23 -39 -26 -10 3)
1969/12/31/18:00:16.808,(-16 -11 -8 -8 -9 -15 -12 -15)
1969/12/31/18:00:16.808,(-8 -14 5 20 41 18 1 -7)
1969/12/31/18:00:16.825,(1 -2 -2 16 15 13 -3 -5)
1969/12/31/18:00:16.825,(70 85 36 26 31 29 14 16)
1969/12/31/18:00:16.827,(-21 -25 -3 -7 -10 3 4 -5)
1969/12/31/18:00:16.827,(-19 -16 -13 -19 -20 -17 -8 -12)
1969/12/31/18:00:16.848,(6 4 -6 -18 -5 -16 -8 -8)
1969/12/31/18:00:16.848,(-8 -15 -11 -8 -19 -4 1 4)
1969/12/31/18:00:16.850,(19 31 7 -2 4 -1 4 12)
1969/12/31/18:00:16.850,(-28 -24 2 6 2 -5 -14 -25)
1969/12/31/18:00:16.862,(29 36 6 6 3 1 9 19)
1969/12/31/18:00:16.862,(-1 -7 -4 0 3 -1 -3 -4)
1969/12/31/18:00:16.880,(-2 7 0 -4 -2 3 1 1)
1969/12/31/18:00:16.880,(17 9 -7 -11 -9 0 10 13)
1969/12/31/18:00:16.887,(-13 -14 -2 -5 -12 -13 -23 -19)
1969/12/31/18:00:16.887,(-31 -24 2 10 14 9 5 -12)
1969/12/31/18:00:16.889,(26 27 11 10 5 12 21 33)
1969/12/31/18:00:16.889,(12 16 -4 -7 -3 -2 -2 -2)
1969/12/31/18:00:16.911,(-20 -13 -2 -7 -15 -11 -12 -10)
1969/12/31/18:00:16.911,(27 44 -6 -16 -4 9 11 6)
1969/12/31/18:00:16.912,(-25 -33 -19 -9 -1 -16 -22 -29)
1969/12/31/18:00:16.912,(30 30 19 24 18 17 28 41)
1969/12/31/18:00:16.924,(-17 -7 4 18 -2 1 -4 -19)
1969/12/31/18:00:16.924,(-43 -45 -9 -7 -12 -8 -11 -14)
1969/12/31/18:00:16.934,(-15 -20 -5 -7 12 5 2 -6)
1969/12/31/18:00:16.934,(-5 -23 -8 4 -8 -7 -9 1)
1969/12/31/18:00:16.949,(1 0 2 9 9 9 4 -5)
1969/12/31/18:00:16.949,(-17 -28 1 5 0 -2 1 2)
1969/12/31/18:00:16.951,(28 49 2 5 -7 -8 -8 -3)
1969/12/31/18:00:16.951,(-33 -13 1 -13 -2 1 -2 -7)
1969/12/31/18:00:16.972,(6 -3 -8 -7 0 7 14 16)
1969/12/31/18:00:16.972,(16 8 1 1 2 -3 -1 6)
1969/12/31/18:00:16.974,(-13 -16 -5 -8 -8 -4 -4 -6)
1969/12/31/18:00:16.974,(18 18 -1 -10 6 1 2 7)
1969/12/31/18:00:16.987,(-13 -1 -1 -14 -23 1 2 -6)
1969/12/31/18:00:16.987,(-3 4 5 30 19 2 3 2)
1969/12/31/18:00:16.996,(-9 -50 3 30 18 4 -4 -4)
1969/12/31/18:00:16.996,(1 36 4 7 -1 -3 -14 -28)
1969/12/31/18:00:17.011,(-1 -6 -9 -27 -10 -6 -2 5)
1969/12/31/18:00:17.011,(6 -1 -8 -30 -15 -7 -1 2)
1969/12/31/18:00:17.013,(-48 -67 -12 13 -2 -5 -10 -15)
1969/12/31/18:00:17.013,(62 60 11 18 4 -9 -13 -13)
1969/12/31/18:00:17.035,(-92 -51 -10 0 5 -2 -21 -58)
1969/12/31/18:00:17.035,(-16 -17 -5 -3 1 0 -3 -8)
1969/12/31/18:00:17.036,(-8 -5 3 -12 6 4 5 2)
1969/12/31/18:00:17.036,(-8 -22 -13 -31 -37 -12 -2 3)
1969/12/31/18:00:17.049,(51 44 10 6 5 -1 6 25)
1969/12/31/18:00:17.049,(-9 -4 -1 16 3 -2 3 0)
1969/12/31/18:00:17.058,(31 28 11 15 6 3 3 11)
1969/12/31/18:00:17.058,(-38 -22 -2 -1 5 4 2 -3)
1969/12/31/18:00:17.074,(19 7 -4 -10 4 4 5 10)
1969/12/31/18:00:17.074,(4 -5 -1 8 6 1 1 7)
1969/12/31/18:00:17.076,(-9 6 6 10 5 6 8 5)
1969/12/31/18:00:17.076,(47 33 16 16 12 15 21 31)
1969/12/31/18:00:17.097,(-24 -11 1 0 -11 -8 -6 -13)
1969/12/31/18:00:17.097,(12 19 -13 -27 -11 -10 -16 -12)
1969/12/31/18:00:17.099,(-9 -2 0 -12 -6 6 7 -4)
1969/12/31/18:00:17.099,(-16 -22 -10 -15 -16 -13 -16 -11)
1969/12/31/18:00:17.111,(4 -3 -7 -3 39 3 3 5)
1969/12/31/18:00:17.111,(5 6 8 20 -31 -1 0 0)
1969/12/31/18:00:17.120,(5 8 -6 -29 -19 -7 1 3)
1969/12/31/18:00:17.120,(-16 -18 1 25 13 6 6 -1)
1969/12/31/18:00:17.136,(31 33 20 35 37 11 7 17)
1969/12/31/18:00:17.136,(-8 -8 5 9 21 8 2 2)
1969/12/31/18:00:17.138,(10 10 -6 -26 -18 -4 0 4)
1969/12/31/18:00:17.138,(-21 -21 -10 -2 -10 -7 -7 -14)
1969/12/31/18:00:17.167,(3 -10 1 7 -6 3 6 5)
1969/12/31/18:00:17.167,(-29 2 7 6 17 10 6 -10)
1969/12/31/18:00:17.169,(69 66 19 6 10 32 53 72)
1969/12/31/18:00:17.169,(-16 -13 -12 -28 -15 -13 -16 -19)
1969/12/31/18:00:17.173,(-1 1 -2 2 -14 -12 -7 -1)
1969/12/31/18:00:17.173,(1 2 2 1 3 -3 -4 -5)
1969/12/31/18:00:17.191,(-4 -20 -9 -4 0 -3 -4 -5)
1969/12/31/18:00:17.191,(-7 -2 4 5 6 8 7 4)
1969/12/31/18:00:17.198,(19 15 2 3 -7 1 4 10)
1969/12/31/18:00:17.198,(-7 -11 -8 -18 -10 -10 -8 0)
1969/12/31/18:00:17.200,(-11 -8 -3 7 2 -4 -9 -13)
1969/12/31/18:00:17.200,(13 8 -1 -22 -16 -7 -5 3)
1969/12/31/18:00:17.222,(-10 -15 -18 -32 -15 -15 -9 -10)
1969/12/31/18:00:17.222,(11 4 3 32 13 6 2 5)
1969/12/31/18:00:17.224,(-16 -1 14 53 34 8 -8 -16)
1969/12/31/18:00:17.224,(-12 -12 7 25 21 8 -1 -7)
1969/12/31/18:00:17.235,(23 32 -2 -24 -24 -10 -2 14)
1969/12/31/18:00:17.235,(-17 -6 -19 -38 -19 -15 -16 -24)
1969/12/31/18:00:17.245,(-19 -2 9 9 6 8 10 4)
1969/12/31/18:00:17.245,(-28 -30 -9 -3 -4 -5 -9 -16)
1969/12/31/18:00:17.260,(-10 -10 -5 -2 -10 -6 -8 -12)
1969/12/31/18:00:17.260,(4 -8 -6 -18 -15 -13 -9 1)
1969/12/31/18:00:17.262,(3 -1 -17 -48 -50 -17 -7 -4)
1969/12/31/18:00:17.262,(5 -1 -5 19 30 7 5 4)
1969/12/31/18:00:17.284,(-1 4 16 45 36 24 12 3)
1969/12/31/18:00:17.284,(-4 -2 12 25 28 19 9 6)
1969/12/31/18:00:17.285,(3 -1 -5 -3 3 -5 -6 -6)
1969/12/31/18:00:17.285,(-10 -28 -3 -28 -31 -15 -6 -6)
1969/12/31/18:00:17.298,(25 27 -1 -1 0 10 20 19)
1969/12/31/18:00:17.298,(33 35 4 -5 -11 -18 -15 1)
1969/12/31/18:00:17.307,(0 -6 -4 -9 -6 -2 0 5)
1969/12/31/18:00:17.307,(1 0 -3 -3 -7 -11 -13 -10)
1969/12/31/18:00:17.322,(-17 -21 -9 -28 -37 -12 -6 -8)
1969/12/31/18:00:17.322,(8 -4 -3 -1 9 6 5 6)
1969/12/31/18:00:17.324,(4 17 7 23 25 7 0 6)
1969/12/31/18:00:17.324,(-27 -14 7 29 25 9 -2 -16)
1969/12/31/18:00:17.345,(11 11 6 6 4 2 0 0)
1969/12/31/18:00:17.345,(6 -4 -7 -25 -16 -1 8 11)
1969/12/31/18:00:17.347,(-6 -8 -11 -30 -29 -23 -19 -15)
1969/12/31/18:00:17.347,(8 12 -1 -11 11 6 9 14)
1969/12/31/18:00:17.360,(10 -1 1 15 -6 6 9 12)
1969/12/31/18:00:17.360,(-10 -16 -1 3 3 1 3 -2)
1969/12/31/18:00:17.369,(-15 -6 4 30 9 2 -7 -16)
1969/12/31/18:00:17.369,(9 10 6 3 8 3 7 10)
1969/12/31/18:00:17.385,(-5 -5 -2 -3 12 7 1 1)
1969/12/31/18:00:17.385,(7 5 -1 -5 2 1 5 6)
1969/12/31/18:00:17.387,(2 -7 -2 -6 -11 0 5 8)
1969/12/31/18:00:17.387,(7 11 -4 -13 -17 -6 -1 5)
1969/12/31/18:00:17.409,(-4 -3 -1 -1 9 -6 -7 -8)
1969/12/31/18:00:17.409,(-20 -19 1 5 -10 -2 -3 -11)
1969/12/31/18:00:17.410,(1 0 -9 -12 -2 -6 -7 -12)
1969/12/31/18:00:17.410,(4 1 -5 -26 -22 -2 -2 -3)
1969/12/31/18:00:17.430,(-27 -33 -8 -9 0 1 -2 -7)
1969/12/31/18:00:17.430,(41 64 9 36 16 4 7 17)
1969/12/31/18:00:17.431,(-38 -33 5 27 29 12 -4 -28)
1969/12/31/18:00:17.431,(5 15 4 10 11 3 -1 2)
1969/12/31/18:00:17.456,(-30 -25 -2 -8 -12 -3 -4 -14)
1969/12/31/18:00:17.456,(0 -10 -4 -26 -18 -5 3 9)
1969/12/31/18:00:17.457,(8 -2 -4 -6 -6 -2 1 7)
1969/12/31/18:00:17.457,(17 23 0 1 -4 -3 3 8)
1969/12/31/18:00:17.478,(-12 -9 -8 -26 -21 -9 -5 -5)
1969/12/31/18:00:17.478,(-4 -12 -1 19 12 7 9 4)
1969/12/31/18:00:17.479,(23 10 10 16 25 2 -2 16)
1969/12/31/18:00:17.479,(-44 -23 -6 10 4 13 4 -30)
1969/12/31/18:00:17.493,(7 8 0 1 -11 -8 -10 -5)
1969/12/31/18:00:17.493,(-1 0 1 -12 -5 -3 0 2)
1969/12/31/18:00:17.494,(-37 -34 -14 -13 -20 -17 -17 -23)
1969/12/31/18:00:17.494,(70 24 16 6 11 20 30 43)
1969/12/31/18:00:17.508,(27 25 8 14 9 -1 1 20)
1969/12/31/18:00:17.508,(-18 -19 -3 -2 14 2 -5 -15)
1969/12/31/18:00:17.509,(-11 -4 -8 -22 -26 -9 -7 -6)
1969/12/31/18:00:17.509,(2 4 -6 -12 -16 -5 2 9)
1969/12/31/18:00:17.532,(1 -6 6 29 18 6 4 -1)
1969/12/31/18:00:17.532,(41 64 6 -13 4 -1 1 12)
1969/12/31/18:00:17.532,(22 37 0 -21 -5 1 6 12)
1969/12/31/18:00:17.533,(-11 -7 -10 -21 -25 -13 -10 -6)
1969/12/31/18:00:17.555,(9 1 9 47 16 5 4 4)
1969/12/31/18:00:17.555,(-26 -24 9 24 25 9 -2 -9)
1969/12/31/18:00:17.556,(9 -1 3 18 14 11 6 5)
1969/12/31/18:00:17.556,(-10 1 -5 -21 -13 -8 -12 -12)
1969/12/31/18:00:17.570,(-10 -10 -29 -86 -8 -10 -2 -6)
1969/12/31/18:00:17.570,(10 -7 -8 -3 -59 -7 5 10)
1969/12/31/18:00:17.571,(10 18 23 63 29 -3 1 3)
1969/12/31/18:00:17.571,(-19 -18 10 9 30 4 -7 -12)
1969/12/31/18:00:17.594,(8 9 26 20 6 25 16 11)
1969/12/31/18:00:17.594,(-6 -11 -2 31 29 13 3 -1)
1969/12/31/18:00:17.595,(5 -2 -7 -19 -5 -12 -4 1)
1969/12/31/18:00:17.595,(-25 -20 -13 -1 -9 -17 -18 -18)
1969/12/31/18:00:17.617,(-4 -7 -43 -43 -30 -20 -14 -7)
1969/12/31/18:00:17.617,(-9 -14 -8 -42 -6 9 3 -4)
1969/12/31/18:00:17.618,(-1 8 19 15 17 9 5 3)
1969/12/31/18:00:17.618,(10 12 14 25 -8 6 4 4)
1969/12/31/18:00:17.633,(10 10 3 -86 -60 -25 2 6)
1969/12/31/18:00:17.633,(-8 -21 -12 69 -7 -17 -14 -9)
1969/12/31/18:00:17.634,(6 6 20 50 21 10 11 10)
1969/12/31/18:00:17.634,(-10 -3 10 29 84 39 8 -2)
1969/12/31/18:00:17.656,(0 1 -12 41 32 22 1 -2)
1969/12/31/18:00:17.656,(-13 -5 12 -33 -15 -3 -4 -10)
1969/12/31/18:00:17.657,(-4 -12 -28 -33 -32 -25 -10 -5)
1969/12/31/18:00:17.657,(5 -3 -15 -32 -48 -24 -3 4)
1969/12/31/18:00:17.679,(-5 -6 0 -1 -22 -9 0 -4)
1969/12/31/18:00:17.679,(-5 -1 -5 -99 -35 -33 -10 -4)
1969/12/31/18:00:17.680,(10 14 19 36 -16 11 -1 2)
1969/12/31/18:00:17.680,(19 12 -4 24 31 12 10 17)
1969/12/31/18:00:17.696,(-5 -6 28 73 59 23 3 -5)
1969/12/31/18:00:17.696,(-1 -4 -9 18 30 20 9 3)
1969/12/31/18:00:17.696,(-3 -3 6 -46 -16 0 0 -5)
1969/12/31/18:00:17.696,(-2 -1 -25 -21 -31 -16 -11 -4)
1969/12/31/18:00:17.719,(2 -3 -5 -10 -11 -8 0 2)
1969/12/31/18:00:17.719,(-6 -3 5 12 6 0 1 -4)
1969/12/31/18:00:17.719,(0 -3 -7 -9 -3 -2 -2 -1)
1969/12/31/18:00:17.719,(-1 2 9 5 -11 -1 -1 -3)
1969/12/31/18:00:17.743,(1 7 14 10 2 -3 -1 -2)
1969/12/31/18:00:17.743,(0 -3 -6 2 5 6 1 1)
1969/12/31/18:00:17.743,(3 -4 -20 -23 1 -2 -3 1)
1969/12/31/18:00:17.743,(-4 -6 3 0 -6 -4 -1 -2)
1969/12/31/18:00:17.757,(-2 0 6 -10 1 0 -2 -3)
1969/12/31/18:00:17.757,(5 2 -1 35 12 6 4 4)
1969/12/31/18:00:17.758,(-5 -6 -14 -8 1 -1 -6 -4)
1969/12/31/18:00:17.758,(-5 -5 0 -20 -8 -2 0 -3)
1969/12/31/18:00:17.781,(-6 0 7 15 1 -2 -6 -4)
1969/12/31/18:00:17.781,(6 7 6 6 3 1 4 4)
1969/12/31/18:00:17.782,(4 1 -11 1 7 2 -1 2)
1969/12/31/18:00:17.782,(-5 -12 -7 -11 -8 -7 -4 -3)
1969/12/31/18:00:17.804,(-7 -2 -3 -3 -7 2 0 -3)
1969/12/31/18:00:17.804,(8 4 6 6 4 -3 -2 4)
1969/12/31/18:00:17.805,(-3 -4 -8 -12 -2 -2 -1 -3)
1969/12/31/18:00:17.805,(1 1 2 5 -1 -3 1 1)
1969/12/31/18:00:17.819,(-1 4 14 5 4 2 -1 -3)
1969/12/31/18:00:17.819,(4 1 -10 7 6 3 0 1)
1969/12/31/18:00:17.820,(-1 -4 -2 -14 0 5 1 1)
1969/12/31/18:00:17.820,(1 4 -3 -6 -7 -4 0 0)
1969/12/31/18:00:17.843,(0 -1 2 10 -3 -9 -6 -3)
1969/12/31/18:00:17.843,(-7 -2 8 -6 -11 -5 -3 -4)
1969/12/31/18:00:17.844,(1 3 3 9 18 11 7 3)
1969/12/31/18:00:17.844,(2 3 -1 -15 -19 -7 -1 0)
1969/12/31/18:00:17.866,(8 2 -15 -8 4 3 6 7)
1969/12/31/18:00:17.866,(-2 -3 1 38 27 20 1 -1)
1969/12/31/18:00:17.867,(-12 -12 4 -6 16 5 0 -6)
1969/12/31/18:00:17.867,(-3 3 7 26 10 0 -2 -4)
1969/12/31/18:00:17.881,(-2 -3 -24 -24 -22 -16 -8 -6)
1969/12/31/18:00:17.881,(8 3 14 -3 -12 -11 1 6)
1969/12/31/18:00:17.882,(-5 3 -1 -6 -5 4 -2 -6)
1969/12/31/18:00:17.882,(1 -3 0 14 16 3 -2 2)
1969/12/31/18:00:17.905,(-7 -4 -10 -33 -21 -5 -3 -5)
1969/12/31/18:00:17.905,(1 -2 -3 14 3 -2 -2 0)
1969/12/31/18:00:17.905,(-8 -4 -3 -6 -14 -8 -5 -6)
1969/12/31/18:00:17.906,(12 11 15 9 9 3 5 6)
1969/12/31/18:00:17.906,(0 -2 -3 -2 -1 2 -1 0)
1969/12/31/18:00:17.906,(0 0 0 3 0 1 0 -1)
1969/12/31/18:00:17.906,(-3 -4 -3 -3 -4 -2 -1 0)
1969/12/31/18:00:17.906,(-1 1 -2 -1 -3 -4 -3 -3)
1969/12/31/18:00:17.920,(1 2 2 0 4 3 4 4)
1969/12/31/18:00:17.920,(1 1 -2 0 0 1 -1 1)
1969/12/31/18:00:17.929,(1 1 0 1 -1 0 2 -2)
1969/12/31/18:00:17.929,(0 -2 -3 1 3 0 2 0)
1969/12/31/18:00:17.945,(-9 -11 -8 -7 -7 -7 -8 -9)
1969/12/31/18:00:17.945,(-1 1 5 -8 -8 -4 -1 -2)
1969/12/31/18:00:17.945,(-4 -1 2 3 2 -1 -6 -4)
1969/12/31/18:00:17.945,(-5 -4 -6 -11 -10 -3 -1 -5)
1969/12/31/18:00:17.968,(9 5 -7 7 5 5 6 10)
1969/12/31/18:00:17.968,(-1 -3 9 9 13 2 -4 -2)
1969/12/31/18:00:17.968,(-6 -1 5 1 -3 4 2 -5)
1969/12/31/18:00:17.968,(4 2 -6 1 0 -10 -9 0)
1969/12/31/18:00:17.982,(-13 -9 -1 -32 -26 -12 -9 -8)
1969/12/31/18:00:17.982,(-1 -2 -15 6 5 2 5 1)
1969/12/31/18:00:17.990,(10 7 8 30 17 0 -2 5)
1969/12/31/18:00:17.990,(-9 2 15 -23 -24 -2 -2 -7)
1969/12/31/18:00:18.006,(7 1 -22 -4 1 -4 -2 2)
1969/12/31/18:00:18.006,(-7 -6 13 19 20 9 4 -1)
1969/12/31/18:00:18.007,(4 2 0 22 15 11 11 7)
1969/12/31/18:00:18.007,(9 5 -3 4 12 15 10 9)
1969/12/31/18:00:18.030,(-17 -21 -28 -26 -16 -15 -14 -15)
1969/12/31/18:00:18.030,(-1 -2 -2 -36 -33 -21 -9 -4)
1969/12/31/18:00:18.032,(-8 -1 -4 19 6 -3 -6 -7)
1969/12/31/18:00:18.032,(5 1 0 10 8 1 0 6)
1969/12/31/18:00:18.055,(-2 0 10 -46 -34 1 10 1)
1969/12/31/18:00:18.055,(23 14 -8 -10 2 14 15 17)
1969/12/31/18:00:18.060,(-19 -22 6 53 35 -5 -18 -20)
1969/12/31/18:00:18.060,(-9 3 21 51 33 22 11 -4)
1969/12/31/18:00:18.068,(17 12 -11 -20 4 -5 -3 9)
1969/12/31/18:00:18.068,(-15 -25 -37 -98 -71 -34 -17 -13)
1969/12/31/18:00:18.077,(20 19 -12 -53 -23 0 10 13)
1969/12/31/18:00:18.077,(7 9 56 105 58 24 6 2)
1969/12/31/18:00:18.092,(-14 -2 31 56 -7 -4 0 -9)
1969/12/31/18:00:18.092,(7 7 -15 -59 -6 -4 -5 1)
1969/12/31/18:00:18.100,(-10 -18 -18 -2 36 -1 -7 -6)
1969/12/31/18:00:18.100,(0 2 -5 -16 -4 3 5 1)
1969/12/31/18:00:18.106,(9 8 -5 -17 16 11 7 8)
1969/12/31/18:00:18.106,(-2 5 26 76 -13 -3 -5 -2)
1969/12/31/18:00:18.116,(-5 3 3 -67 -35 -13 0 -2)
1969/12/31/18:00:18.116,(0 -7 -30 1 -12 -12 -3 0)
1969/12/31/18:00:18.130,(2 6 11 -21 6 1 -1 1)
1969/12/31/18:00:18.130,(5 4 -6 32 5 7 7 5)
1969/12/31/18:00:18.140,(-1 -5 -37 -99 -51 -6 -1 0)
1969/12/31/18:00:18.140,(4 6 23 63 64 11 0 3)
1969/12/31/18:00:18.155,(-2 4 30 58 63 21 9 0)
1969/12/31/18:00:18.155,(-5 -1 15 102 54 13 2 -3)
1969/12/31/18:00:18.156,(-1 -10 -8 -31 -46 -17 -7 -2)
1969/12/31/18:00:18.156,(-13 -9 -35 -128 -109 -35 -11 -10)
1969/12/31/18:00:18.169,(13 8 15 86 57 15 4 11)
1969/12/31/18:00:18.169,(-15 -5 30 39 28 8 -2 -7)
1969/12/31/18:00:18.186,(7 7 -5 -12 -10 -1 5 3)
1969/12/31/18:00:18.186,(2 -10 -58 -107 -56 -22 -10 -4)
1969/12/31/18:00:18.192,(1 -3 -20 -84 -42 -12 -4 0)
1969/12/31/18:00:18.192,(3 4 -5 44 -21 -7 -5 -2)
1969/12/31/18:00:18.200,(-9 1 57 89 46 20 5 -3)
1969/12/31/18:00:18.200,(-1 -1 -5 -12 28 8 0 0)
1969/12/31/18:00:18.217,(4 6 10 53 37 10 5 6)
1969/12/31/18:00:18.217,(-8 -7 -6 -55 -2 -1 -5 -7)
1969/12/31/18:00:18.219,(0 0 -5 -6 -21 -4 -3 0)
1969/12/31/18:00:18.219,(0 -2 7 30 5 -3 -3 -1)
1969/12/31/18:00:18.240,(-2 -3 -13 -28 -37 -11 -3 -4)
1969/12/31/18:00:18.240,(4 0 -18 -50 -10 -1 5 4)
1969/12/31/18:00:18.242,(-2 0 3 15 7 -2 -2 -1)
1969/12/31/18:00:18.242,(-3 -2 5 3 -1 1 1 -2)
1969/12/31/18:00:18.255,(0 -2 -8 15 -8 -1 -1 -1)
1969/12/31/18:00:18.256,(3 1 6 -12 4 4 2 3)
1969/12/31/18:00:18.262,(2 4 4 11 7 1 3 2)
1969/12/31/18:00:18.262,(-2 -3 -2 10 -2 -3 -3 -2)
1969/12/31/18:00:18.280,(-5 -5 -6 -10 -11 -2 -2 -3)
1969/12/31/18:00:18.280,(4 5 8 -9 10 5 3 3)
1969/12/31/18:00:18.281,(-3 -2 -8 6 -2 -4 -3 -3)
1969/12/31/18:00:18.281,(3 1 1 -11 -7 -4 0 3)
1969/12/31/18:00:18.302,(0 -3 2 3 -5 -1 -1 0)
1969/12/31/18:00:18.302,(-4 -2 0 -8 -4 1 -2 -4)
1969/12/31/18:00:18.303,(2 2 -2 9 15 4 2 1)
1969/12/31/18:00:18.304,(-1 -2 2 2 0 -2 -2 -2)
1969/12/31/18:00:18.317,(-7 -6 0 7 1 -1 -4 -2)
1969/12/31/18:00:18.317,(-1 -3 -11 -11 -6 -4 -3 0)
1969/12/31/18:00:18.326,(4 3 -2 -16 -8 1 1 2)
1969/12/31/18:00:18.326,(-1 1 5 -1 0 1 0 1)
1969/12/31/18:00:18.342,(-2 0 8 34 4 1 1 -5)
1969/12/31/18:00:18.342,(-2 -3 -5 2 20 5 2 -2)
1969/12/31/18:00:18.343,(1 1 -1 -4 -4 -1 -3 1)
1969/12/31/18:00:18.343,(-1 -3 -2 3 0 1 -2 0)
1969/12/31/18:00:18.365,(-2 -1 -8 -21 -12 -5 -3 -3)
1969/12/31/18:00:18.365,(3 1 1 -7 -11 -3 1 4)
1969/12/31/18:00:18.367,(-5 -4 2 8 2 1 0 -3)
1969/12/31/18:00:18.367,(3 2 0 4 1 1 1 2)
1969/12/31/18:00:18.379,(-4 -5 -3 -3 0 -1 -1 -3)
1969/12/31/18:00:18.379,(0 0 0 2 0 -3 0 -1)
1969/12/31/18:00:18.388,(3 2 -2 -16 -8 -2 1 2)
1969/12/31/18:00:18.388,(-3 -2 -4 2 -3 0 -3 -1)
1969/12/31/18:00:18.403,(0 1 2 4 1 3 1 -2)
1969/12/31/18:00:18.403,(-1 2 2 1 1 -1 1 -2)
1969/12/31/18:00:18.405,(0 -3 -2 4 1 1 -1 -1)
1969/12/31/18:00:18.405,(-3 -2 -4 8 1 -3 -1 0)
1969/12/31/18:00:18.427,(4 3 -2 -19 -6 -1 3 2)
1969/12/31/18:00:18.427,(-4 -4 -1 7 3 0 -3 -3)
1969/12/31/18:00:18.429,(4 5 0 -7 0 1 5 7)
1969/12/31/18:00:18.429,(-6 -5 1 11 -2 -2 -3 -8)
1969/12/31/18:00:18.441,(-3 -2 -4 -13 -6 -3 -2 1)
1969/12/31/18:00:18.441,(2 6 5 21 -3 -3 -4 -7)
1969/12/31/18:00:18.451,(3 -2 -5 -18 -9 -1 2 3)
1969/12/31/18:00:18.451,(3 4 10 28 27 8 4 4)
1969/12/31/18:00:18.466,(-1 -3 2 3 2 1 0 -1)
1969/12/31/18:00:18.466,(-4 -5 -7 -15 1 1 -1 -1)
1969/12/31/18:00:18.467,(-8 -6 -3 -1 -10 -6 -5 -7)
1969/12/31/18:00:18.467,(3 0 -4 -12 -20 -6 -1 6)
1969/12/31/18:00:18.489,(1 2 4 2 9 5 4 2)
1969/12/31/18:00:18.489,(-3 -1 -2 -11 -8 -2 -2 0)
1969/12/31/18:00:18.491,(4 0 3 13 7 1 -2 0)
1969/12/31/18:00:18.491,(1 -5 -4 -4 1 2 9 10)
1969/12/31/18:00:18.503,(-7 0 -6 -17 -7 -3 -9 -15)
1969/12/31/18:00:18.503,(-4 -7 -8 -23 -1 -4 -3 -3)
1969/12/31/18:00:18.513,(-4 0 8 37 12 2 0 -2)
1969/12/31/18:00:18.513,(4 1 -8 -45 -14 -8 -2 1)
1969/12/31/18:00:18.527,(1 5 18 78 13 5 4 4)
1969/12/31/18:00:18.527,(-2 2 5 -7 12 5 2 0)
1969/12/31/18:00:18.529,(-3 0 5 27 10 0 -5 -5)
1969/12/31/18:00:18.529,(-12 -9 -5 -5 -5 -4 -4 -3)
1969/12/31/18:00:18.551,(29 19 2 -32 -3 10 23 23)
1969/12/31/18:00:18.551,(-14 -13 -14 -16 -20 -14 -16 -19)
1969/12/31/18:00:18.553,(-4 -8 -4 -8 -1 -1 0 1)
1969/12/31/18:00:18.553,(0 2 3 8 3 3 0 0)
1969/12/31/18:00:18.566,(-14 -14 -18 -52 -21 -8 -7 -7)
1969/12/31/18:00:18.566,(-6 -8 -15 -46 -24 -7 -3 -2)
1969/12/31/18:00:18.575,(10 13 21 71 23 8 11 10)
1969/12/31/18:00:18.575,(2 9 17 53 31 4 -8 -12)
1969/12/31/18:00:18.590,(-8 -9 -17 -61 1 -3 -8 -7)
1969/12/31/18:00:18.590,(25 10 -11 -72 -36 -4 7 16)
1969/12/31/18:00:18.592,(-17 -9 -11 14 -26 -13 -13 -16)
1969/12/31/18:00:18.592,(10 10 35 104 56 19 11 11)
1969/12/31/18:00:18.613,(-4 2 18 31 29 8 0 -2)
1969/12/31/18:00:18.613,(-9 0 3 9 12 3 1 -4)
1969/12/31/18:00:18.614,(-19 -18 -23 -80 -34 -9 -9 -17)
1969/12/31/18:00:18.614,(39 15 -22 -49 -34 -7 8 16)
1969/12/31/18:00:18.628,(-22 -3 3 13 -3 -6 -11 -17)
1969/12/31/18:00:18.628,(1 -3 -5 9 -5 -6 -5 1)
1969/12/31/18:00:18.637,(18 21 10 7 21 19 18 8)
1969/12/31/18:00:18.637,(-28 -18 -14 -23 -16 -10 -17 -24)
1969/12/31/18:00:18.652,(-4 -4 -5 -7 -7 0 1 2)
1969/12/31/18:00:18.652,(14 10 5 17 -1 -1 3 11)
1969/12/31/18:00:18.654,(7 7 5 -2 5 2 6 9)
1969/12/31/18:00:18.654,(-8 -3 -1 -33 -13 2 4 -2)
1969/12/31/18:00:18.676,(4 0 1 64 10 1 3 3)
1969/12/31/18:00:18.676,(-2 5 34 95 52 21 17 3)
1969/12/31/18:00:18.678,(2 -2 9 19 14 -2 -6 6)
1969/12/31/18:00:18.678,(-6 -7 -3 -15 -11 3 0 -5)
1969/12/31/18:00:18.690,(0 -2 -9 -31 -17 -9 -9 4)
1969/12/31/18:00:18.690,(-1 -3 -16 -32 -14 -12 -17 -10)
1969/12/31/18:00:18.699,(2 -3 -5 -18 -6 -1 4 4)
1969/12/31/18:00:18.699,(-34 -21 -15 -27 -12 -5 -7 -17)
1969/12/31/18:00:18.714,(44 22 2 -20 -8 6 15 23)
1969/12/31/18:00:18.714,(-4 -3 -10 -24 15 6 8 3)
1969/12/31/18:00:18.716,(-1 -4 -12 -40 -56 -15 -10 -5)
1969/12/31/18:00:18.716,(-8 0 11 45 10 -2 -2 0)
1969/12/31/18:00:18.738,(-2 0 9 44 38 13 7 -1)
1969/12/31/18:00:18.738,(8 12 37 79 31 16 11 11)
1969/12/31/18:00:18.740,(-7 -5 0 -2 23 0 -7 -9)
1969/12/31/18:00:18.740,(8 2 -10 -44 -19 -3 2 4)
1969/12/31/18:00:18.761,(-8 -8 -12 -19 -21 -13 -8 -8)
1969/12/31/18:00:18.761,(-2 -5 -17 -28 -16 -7 -6 -2)
1969/12/31/18:00:18.763,(-3 -2 -6 -12 -1 1 1 2)
1969/12/31/18:00:18.763,(5 3 1 4 2 3 5 2)
1969/12/31/18:00:18.776,(2 -1 3 4 -4 -9 -9 -1)
1969/12/31/18:00:18.776,(-9 -7 -8 -14 -8 -3 -2 -7)
1969/12/31/18:00:18.778,(-2 -2 1 1 -1 0 -1 -7)
1969/12/31/18:00:18.778,(8 9 13 42 21 5 3 4)
1969/12/31/18:00:18.800,(-17 -14 0 1 0 0 -6 -10)
1969/12/31/18:00:18.800,(23 15 7 7 -3 6 10 20)
1969/12/31/18:00:18.801,(-24 -14 -12 -15 -4 -11 -17 -23)
1969/12/31/18:00:18.801,(29 13 -9 -28 -14 -12 -12 9)
1969/12/31/18:00:18.815,(-13 -5 -1 1 -3 1 1 -4)
1969/12/31/18:00:18.815,(-11 -8 -1 5 -2 -4 -10 -7)
1969/12/31/18:00:18.823,(17 6 -1 -3 10 13 20 13)
1969/12/31/18:00:18.823,(5 5 3 1 -4 -7 -4 5)
1969/12/31/18:00:18.838,(0 -3 -3 -10 -11 -6 -5 -4)
1969/12/31/18:00:18.838,(-9 -2 1 7 -5 -4 -13 -10)
1969/12/31/18:00:18.846,(-1 0 -1 -4 -7 1 9 4)
1969/12/31/18:00:18.846,(-2 -4 1 17 25 18 23 12)
1969/12/31/18:00:18.862,(-3 -1 2 8 0 -4 -6 -4)
1969/12/31/18:00:18.862,(-4 -1 1 9 2 -3 -3 -9)
1969/12/31/18:00:18.863,(-10 -8 -1 0 4 -9 -22 -15)
1969/12/31/18:00:18.863,(-2 -2 -2 -16 -16 -8 -3 -5)
1969/12/31/18:00:18.877,(-3 -7 -9 -16 -8 2 6 4)
1969/12/31/18:00:18.877,(-8 -5 -1 4 2 3 9 2)
1969/12/31/18:00:18.885,(14 11 5 0 1 6 5 5)
1969/12/31/18:00:18.885,(-5 -5 -4 -7 -9 -10 -10 -3)
1969/12/31/18:00:18.901,(-8 -6 -2 -1 -4 -9 -21 -23)
1969/12/31/18:00:18.901,(-6 -5 -1 0 -6 -6 -6 -8)
1969/12/31/18:00:18.915,(2 2 2 5 10 4 7 9)
1969/12/31/18:00:18.915,(-14 -7 -1 -1 2 -3 -10 -14)
1969/12/31/18:00:18.932,(12 12 5 -1 -3 -5 -9 2)
1969/12/31/18:00:18.932,(-2 -4 -3 -3 -3 6 19 7)
1969/12/31/18:00:18.934,(6 2 0 0 6 8 15 20)
1969/12/31/18:00:18.934,(1 -1 0 -1 -1 2 3 0)
1969/12/31/18:00:18.939,(0 2 -2 -2 -4 -10 -20 -12)
1969/12/31/18:00:18.939,(3 6 6 14 25 1 0 -4)
1969/12/31/18:00:18.947,(12 3 3 10 -3 11 24 24)
1969/12/31/18:00:18.947,(-1 0 1 -6 -2 4 7 9)
1969/12/31/18:00:18.963,(-5 -3 0 -4 -2 1 0 -3)
1969/12/31/18:00:18.963,(8 0 -1 -4 -1 -5 -6 1)
1969/12/31/18:00:18.969,(0 4 -1 1 -3 -6 -3 1)
1969/12/31/18:00:18.969,(-11 -8 -6 -10 -2 1 2 -6)
1969/12/31/18:00:18.987,(5 1 2 8 5 5 12 13)
1969/12/31/18:00:18.987,(-4 -1 -1 5 -5 -1 -2 -2)
1969/12/31/18:00:18.988,(1 2 1 6 1 -5 -10 -6)
1969/12/31/18:00:18.988,(-2 -1 2 8 5 2 -3 -5)
1969/12/31/18:00:19.000,(5 5 3 1 4 5 9 5)
1969/12/31/18:00:19.000,(2 -1 -2 -6 -3 0 0 -1)
1969/12/31/18:00:19.009,(-2 -5 -6 -6 -12 -8 -11 -10)
1969/12/31/18:00:19.009,(-14 -8 -5 -7 -3 -5 -7 -18)
1969/12/31/18:00:19.025,(-1 -1 -4 -9 -3 -3 5 6)
1969/12/31/18:00:19.025,(6 2 -7 -17 -5 2 3 8)
1969/12/31/18:00:19.032,(-9 -3 -3 -3 -5 -7 -9 -9)
1969/12/31/18:00:19.032,(13 9 7 19 20 4 3 8)
1969/12/31/18:00:19.049,(-2 4 13 28 9 10 11 7)
1969/12/31/18:00:19.049,(-24 -18 -6 1 -1 -6 -8 -15)
1969/12/31/18:00:19.050,(2 2 -9 -51 -15 -3 -6 -6)
1969/12/31/18:00:19.051,(-14 -11 -7 12 -1 -9 -14 -15)
1969/12/31/18:00:19.063,(11 7 1 -10 -8 1 9 7)
1969/12/31/18:00:19.063,(4 5 2 -9 3 5 3 4)
1969/12/31/18:00:19.072,(-4 -5 2 18 5 1 0 2)
1969/12/31/18:00:19.072,(-10 -2 5 11 -2 -2 -8 -7)
1969/12/31/18:00:19.087,(6 2 -1 -8 8 5 5 4)
1969/12/31/18:00:19.087,(4 4 2 2 0 3 4 3)
1969/12/31/18:00:19.089,(-5 -5 -10 -25 -8 -5 -4 -3)
1969/12/31/18:00:19.089,(11 1 -12 -39 -24 -7 0 3)
1969/12/31/18:00:19.111,(-3 -4 -1 26 18 5 3 2)
1969/12/31/18:00:19.111,(5 5 11 19 -8 1 1 5)
1969/12/31/18:00:19.112,(6 5 12 30 20 6 6 6)
1969/12/31/18:00:19.112,(0 1 0 -1 -2 1 -2 0)
1969/12/31/18:00:19.126,(-22 -17 -16 -51 -8 -5 -6 -19)
1969/12/31/18:00:19.126,(46 26 8 23 10 5 12 40)
1969/12/31/18:00:19.134,(-9 -6 3 14 5 5 6 -6)
1969/12/31/18:00:19.135,(-10 -6 -5 -4 -1 -1 1 -4)
1969/12/31/18:00:19.149,(6 0 -3 -5 -8 -5 -4 3)
1969/12/31/18:00:19.149,(-17 -10 -6 -11 -4 -3 -8 -20)
1969/12/31/18:00:19.157,(7 7 2 2 -2 1 4 8)
1969/12/31/18:00:19.157,(11 7 5 7 8 6 9 13)
1969/12/31/18:00:19.173,(0 0 0 1 -7 -8 -7 -5)
1969/12/31/18:00:19.173,(-15 -10 -6 0 -4 -1 -1 -8)
1969/12/31/18:00:19.174,(-5 -5 -2 -2 2 -4 -7 -6)
1969/12/31/18:00:19.174,(-8 -9 -6 -14 -8 -1 -5 -9)
1969/12/31/18:00:19.188,(1 1 -2 -18 -19 -3 -1 2)
1969/12/31/18:00:19.188,(-4 -2 1 17 11 -2 -2 -3)
1969/12/31/18:00:19.197,(8 6 0 -12 0 2 2 5)
1969/12/31/18:00:19.197,(6 4 -3 -21 2 1 1 4)
1969/12/31/18:00:19.211,(1 0 9 12 -13 3 12 14)
1969/12/31/18:00:19.211,(-9 -10 -13 -30 8 -4 -3 -5)
1969/12/31/18:00:19.220,(2 1 10 65 11 7 3 -1)
1969/12/31/18:00:19.220,(-9 -3 11 37 28 6 0 -6)
1969/12/31/18:00:19.236,(33 17 -8 -74 -24 6 9 19)
1969/12/31/18:00:19.236,(-8 -2 -3 18 7 -4 -2 -8)
1969/12/31/18:00:19.237,(-7 -11 -17 -45 -15 -14 -17 -10)
1969/12/31/18:00:19.237,(-4 -11 3 24 -11 -2 2 4)
1969/12/31/18:00:19.259,(11 19 11 32 25 8 5 0)
1969/12/31/18:00:19.259,(-1 -1 1 -9 -12 -4 -5 -1)
1969/12/31/18:00:19.260,(2 3 -2 -12 -4 -1 2 0)
1969/12/31/18:00:19.260,(-3 -4 -16 -54 -23 -8 -4 -4)
1969/12/31/18:00:19.273,(-6 -8 -6 16 -9 -5 -2 -2)
1969/12/31/18:00:19.273,(15 17 25 52 18 6 7 8)
1969/12/31/18:00:19.282,(-4 -3 7 27 20 2 -5 -5)
1969/12/31/18:00:19.282,(-7 -5 -7 -35 -16 0 4 -2)
1969/12/31/18:00:19.298,(-9 -5 -10 -29 2 -11 -10 -9)
1969/12/31/18:00:19.298,(6 -2 -15 -28 -27 -1 3 6)
1969/12/31/18:00:19.299,(-2 -1 4 27 12 -1 -2 -3)
1969/12/31/18:00:19.299,(8 11 21 72 21 8 6 5)
1969/12/31/18:00:19.322,(-23 -20 8 23 22 2 -5 -15)
1969/12/31/18:00:19.322,(26 27 -11 -64 -27 -4 -1 7)
1969/12/31/18:00:19.323,(-17 -18 -21 -39 -15 -14 -15 -16)
1969/12/31/18:00:19.323,(7 3 1 8 -15 -3 0 5)
1969/12/31/18:00:19.335,(-15 -10 2 24 11 -1 -5 -9)
1969/12/31/18:00:19.335,(10 5 11 13 13 6 6 10)
1969/12/31/18:00:19.352,(-1 2 6 15 6 5 2 1)
1969/12/31/18:00:19.352,(3 5 -5 -22 -3 -4 -3 -2)
1969/12/31/18:00:19.360,(-1 -8 -14 -47 -29 -5 0 2)
1969/12/31/18:00:19.360,(-1 -5 -7 17 15 2 -1 -1)
1969/12/31/18:00:19.361,(10 10 7 -4 -4 4 6 8)
1969/12/31/18:00:19.361,(-1 2 12 24 6 0 0 -1)
1969/12/31/18:00:19.383,(-1 2 3 -3 -7 -2 -3 -3)
1969/12/31/18:00:19.383,(-23 -23 -24 -56 -17 -8 -8 -15)
1969/12/31/18:00:19.385,(12 9 10 62 12 4 7 13)
1969/12/31/18:00:19.385,(16 20 28 55 38 14 12 18)
1969/12/31/18:00:19.397,(-9 -4 0 15 0 -2 1 -2)
1969/12/31/18:00:19.397,(-8 -4 -6 -43 -15 -4 -3 -4)
1969/12/31/18:00:19.407,(9 2 -10 -35 -15 -6 1 4)
1969/12/31/18:00:19.407,(-2 0 -10 -13 -6 -1 2 4)
1969/12/31/18:00:19.422,(1 -1 2 22 17 6 5 6)
1969/12/31/18:00:19.422,(1 0 20 48 20 10 5 4)
1969/12/31/18:00:19.423,(-11 -4 -5 -31 -14 -6 -7 -9)
1969/12/31/18:00:19.423,(2 -5 -16 -37 -21 -4 -1 1)
1969/12/31/18:00:19.445,(-8 -7 -5 1 -5 2 2 -5)
1969/12/31/18:00:19.446,(-3 -4 4 28 10 -2 -5 -7)
1969/12/31/18:00:19.447,(20 29 4 -25 -10 1 6 9)
1969/12/31/18:00:19.447,(9 -1 5 21 15 5 3 1)
1969/12/31/18:00:19.459,(11 0 -1 14 9 -4 -10 -6)
1969/12/31/18:00:19.459,(-6 2 4 -1 -9 -4 -3 -5)
1969/12/31/18:00:19.469,(-18 -21 -7 -7 3 9 9 0)
1969/12/31/18:00:19.469,(0 -1 -3 0 -2 -6 -6 -3)
1969/12/31/18:00:19.485,(1 7 -1 -11 -1 -3 0 1)
1969/12/31/18:00:19.485,(8 4 8 20 -1 -5 -6 -1)
1969/12/31/18:00:19.486,(-5 -5 -2 -12 6 -1 -4 -4)
1969/12/31/18:00:19.486,(2 1 -9 -23 -20 -3 -2 -2)
1969/12/31/18:00:19.507,(-3 -4 -1 7 0 -4 -1 -1)
1969/12/31/18:00:19.507,(1 0 -4 -3 -1 0 -2 0)
1969/12/31/18:00:19.509,(-25 -26 -2 12 4 -8 -14 -15)
1969/12/31/18:00:19.509,(18 11 -2 -26 -9 1 -2 -2)
1969/12/31/18:00:19.522,(5 3 -2 14 8 0 2 4)
1969/12/31/18:00:19.522,(-15 -16 -6 -1 -1 -5 -9 -15)
1969/12/31/18:00:19.531,(3 1 -4 -27 -10 1 2 1)
1969/12/31/18:00:19.531,(-25 -19 0 16 0 -5 -8 -18)
1969/12/31/18:00:19.547,(14 14 14 14 5 8 14 16)
1969/12/31/18:00:19.547,(0 -1 -1 -4 11 -2 -4 -2)
1969/12/31/18:00:19.553,(6 10 6 4 -9 3 8 7)
1969/12/31/18:00:19.553,(-14 -8 -4 -3 -2 -4 -2 -3)
1969/12/31/18:00:19.569,(-6 -6 -7 -6 -3 1 1 -4)
1969/12/31/18:00:19.569,(9 10 3 5 0 2 6 7)
1969/12/31/18:00:19.571,(-1 -10 -1 9 14 9 11 13)
1969/12/31/18:00:19.571,(-21 -22 -9 -7 1 -6 -13 -14)
1969/12/31/18:00:19.584,(20 19 9 8 8 18 26 29)
1969/12/31/18:00:19.584,(-12 -15 -10 -11 -12 -6 -10 -12)
1969/12/31/18:00:19.593,(2 3 -5 -6 -9 -5 -4 -2)
1969/12/31/18:00:19.593,(13 7 5 -6 1 2 8 15)
1969/12/31/18:00:19.609,(-6 -8 -8 -14 -4 -7 -13 -10)
1969/12/31/18:00:19.609,(1 5 9 22 -11 -2 -1 -3)
1969/12/31/18:00:19.610,(13 11 4 21 21 7 6 5)
1969/12/31/18:00:19.610,(12 10 -2 5 4 2 3 7)
1969/12/31/18:00:19.633,(-13 -12 -6 -18 -5 -7 -12 -13)
1969/12/31/18:00:19.633,(-1 -2 -6 -16 -8 2 5 5)
1969/12/31/18:00:19.634,(-11 -8 -2 5 -10 -13 -17 -17)
1969/12/31/18:00:19.634,(9 4 -3 -7 9 8 15 14)
1969/12/31/18:00:19.646,(-5 4 6 7 -4 4 6 4)
1969/12/31/18:00:19.646,(4 3 4 2 5 8 8 13)
1969/12/31/18:00:19.655,(2 -2 4 3 -1 -3 1 4)
1969/12/31/18:00:19.655,(10 17 -2 -10 -5 -4 -2 0)
1969/12/31/18:00:19.670,(-11 -20 -7 0 -2 -6 -8 -9)
1969/12/31/18:00:19.670,(-7 2 4 10 4 2 1 -5)
1969/12/31/18:00:19.677,(12 22 1 -5 -1 0 2 3)
1969/12/31/18:00:19.677,(0 -11 -4 -13 -8 -7 -8 -4)
1969/12/31/18:00:19.694,(22 14 2 8 1 -2 -1 6)
1969/12/31/18:00:19.694,(4 1 6 5 10 5 4 5)
1969/12/31/18:00:19.696,(-23 -19 -9 -4 -4 -3 -10 -16)
1969/12/31/18:00:19.696,(-10 -4 -4 -3 -4 -3 0 0)
1969/12/31/18:00:19.708,(-30 -22 -7 -11 -5 -8 -17 -31)
1969/12/31/18:00:19.708,(8 8 -2 0 -9 -4 3 4)
1969/12/31/18:00:19.725,(-28 -33 4 3 3 6 2 2)
1969/12/31/18:00:19.725,(29 33 11 25 21 3 1 7)
1969/12/31/18:00:19.733,(5 2 -3 3 -6 -4 -5 -1)
1969/12/31/18:00:19.733,(-19 -9 1 -7 -7 -10 -8 -10)
1969/12/31/18:00:19.734,(7 3 -1 -4 -3 6 10 3)
1969/12/31/18:00:19.734,(11 3 -2 -15 -1 -3 -2 8)
1969/12/31/18:00:19.756,(-8 -6 -12 -52 -32 -10 -6 -4)
1969/12/31/18:00:19.756,(-10 -5 2 39 12 4 -2 -15)
1969/12/31/18:00:19.758,(0 5 18 40 24 -5 -6 8)
1969/12/31/18:00:19.758,(13 6 0 6 11 10 10 10)
1969/12/31/18:00:19.780,(16 16 1 0 4 18 20 14)
1969/12/31/18:00:19.780,(6 -9 -10 -25 -17 -10 -7 7)
1969/12/31/18:00:19.781,(-10 -5 -8 -16 -16 -11 -7 -12)
1969/12/31/18:00:19.782,(-16 0 3 -5 -10 -6 -8 -12)
1969/12/31/18:00:19.795,(35 15 14 18 12 5 16 41)
1969/12/31/18:00:19.795,(0 -2 -4 -8 10 16 14 1)
1969/12/31/18:00:19.796,(0 -1 -6 -2 -1 -1 -7 -8)
1969/12/31/18:00:19.796,(-6 -9 -7 -26 -22 -4 -1 -5)
1969/12/31/18:00:19.819,(-18 -6 0 16 18 -5 -6 -12)
1969/12/31/18:00:19.819,(6 8 3 5 -5 -2 -1 3)
1969/12/31/18:00:19.820,(22 16 5 4 -3 2 6 13)
1969/12/31/18:00:19.820,(-22 -21 -16 -48 -29 -4 -1 -13)
1969/12/31/18:00:19.833,(-5 0 11 64 27 3 -6 -9)
1969/12/31/18:00:19.833,(-11 -4 10 25 42 6 -3 -8)
1969/12/31/18:00:19.842,(-10 -4 -3 -6 -4 1 -6 -13)
1969/12/31/18:00:19.842,(4 4 -1 -10 -10 0 3 7)
1969/12/31/18:00:19.858,(-27 -43 -16 -33 -20 -7 -6 -16)
1969/12/31/18:00:19.858,(47 50 6 -8 2 14 34 57)
1969/12/31/18:00:19.859,(33 26 3 -6 -2 7 3 3)
1969/12/31/18:00:19.859,(-13 -8 -1 15 0 -14 -19 -15)
1969/12/31/18:00:19.882,(-14 -7 -3 -4 -5 -9 -12 -10)
1969/12/31/18:00:19.882,(-14 -17 -7 -6 -8 1 3 -6)
1969/12/31/18:00:19.883,(6 1 -1 1 5 8 12 13)
1969/12/31/18:00:19.883,(16 9 0 -22 -9 2 8 13)
1969/12/31/18:00:19.895,(-9 -9 0 21 5 -3 -9 -13)
1969/12/31/18:00:19.895,(5 7 -8 -51 -52 -16 -14 -10)
1969/12/31/18:00:19.904,(0 5 5 47 20 -1 -3 -2)
1969/12/31/18:00:19.904,(-20 -15 20 66 39 9 -6 -16)
1969/12/31/18:00:19.919,(25 38 5 -8 -1 -7 -7 6)
1969/12/31/18:00:19.919,(-3 -7 -6 -9 6 3 -4 -7)
1969/12/31/18:00:19.926,(-38 -29 -14 -39 -32 -15 -15 -29)
1969/12/31/18:00:19.926,(51 45 4 -11 -3 6 20 30)
1969/12/31/18:00:19.944,(-2 -16 -4 1 1 4 4 0)
1969/12/31/18:00:19.944,(-1 -4 1 3 0 -3 -1 0)
1969/12/31/18:00:19.945,(8 9 -3 -12 -8 -5 -5 0)
1969/12/31/18:00:19.945,(-36 -28 -5 12 2 -7 -12 -20)
1969/12/31/18:00:19.957,(18 23 3 -9 -2 5 6 9)
1969/12/31/18:00:19.957,(14 17 -9 2 -8 -17 -20 -7)
1969/12/31/18:00:19.967,(-16 -16 5 -23 0 15 24 11)
1969/12/31/18:00:19.967,(-26 -19 -5 29 10 -7 -12 -18)
1969/12/31/18:00:19.981,(14 12 7 9 5 6 7 12)
1969/12/31/18:00:19.981,(-21 -19 1 8 10 8 6 -8)
1969/12/31/18:00:19.988,(-5 -5 -13 -12 -10 -19 -27 -20)
1969/12/31/18:00:19.988,(4 9 -3 -10 -7 -2 -3 0)
1969/12/31/18:00:20.006,(-28 -21 0 -6 6 -6 -7 -16)
1969/12/31/18:00:20.006,(19 13 8 11 -7 1 8 7)
1969/12/31/18:00:20.007,(5 5 3 4 9 7 6 4)
1969/12/31/18:00:20.007,(49 41 -3 -7 -9 -12 -14 18)
1969/12/31/18:00:20.019,(-51 -37 -8 -7 -9 -16 -27 -43)
1969/12/31/18:00:20.019,(-3 -5 5 4 9 7 8 10)
1969/12/31/18:00:20.029,(-4 -2 -5 -10 4 0 -3 0)
1969/12/31/18:00:20.029,(-32 -39 -15 -19 -24 -14 -6 -7)
1969/12/31/18:00:20.043,(-7 -19 -10 -39 -9 12 15 10)
1969/12/31/18:00:20.043,(-12 -10 1 41 10 -2 -9 -9)
1969/12/31/18:00:20.051,(8 -4 1 15 18 4 -1 -1)
1969/12/31/18:00:20.051,(-61 -49 -2 19 5 -5 -10 -31)
1969/12/31/18:00:20.068,(-35 -37 0 7 -4 -9 -12 -14)
1969/12/31/18:00:20.068,(6 1 1 -14 -10 7 6 2)
1969/12/31/18:00:20.069,(3 4 5 4 3 12 23 24)
1969/12/31/18:00:20.069,(10 19 -2 -6 9 3 -2 -12)
1969/12/31/18:00:20.082,(17 11 1 -4 -11 7 11 12)
1969/12/31/18:00:20.082,(-4 8 -5 -16 -5 -6 -3 2)
1969/12/31/18:00:20.091,(-23 -21 -2 3 1 -4 -4 -7)
1969/12/31/18:00:20.091,(51 39 9 -15 -16 -1 4 19)
1969/12/31/18:00:20.107,(-18 -4 8 47 30 13 7 -7)
1969/12/31/18:00:20.107,(-38 -39 1 18 15 -5 -13 -22)
1969/12/31/18:00:20.113,(52 41 7 -7 0 6 11 32)
1969/12/31/18:00:20.113,(-14 -19 -1 -7 0 5 8 1)
1969/12/31/18:00:20.130,(11 10 -2 -8 -20 -10 -5 1)
1969/12/31/18:00:20.130,(-10 -9 -3 6 -13 -8 -7 -7)
1969/12/31/18:00:20.131,(3 5 3 16 9 8 6 -2)
1969/12/31/18:00:20.131,(22 -21 4 13 14 -4 1 24)
1969/12/31/18:00:20.144,(19 22 -6 -2 3 -1 -5 5)
1969/12/31/18:00:20.144,(-22 -15 -7 -28 -9 -7 -14 -20)
1969/12/31/18:00:20.153,(-19 -42 -10 -14 -19 -7 -3 -14)
1969/12/31/18:00:20.153,(1 17 4 8 2 5 1 -6)
1969/12/31/18:00:20.168,(51 56 16 -4 6 16 35 45)
1969/12/31/18:00:20.168,(12 3 -2 -2 8 9 13 18)
1969/12/31/18:00:20.175,(-10 -3 -12 -32 -16 -7 -9 -10)
1969/12/31/18:00:20.175,(-20 -19 -1 20 5 5 6 -1)
1969/12/31/18:00:20.192,(1 2 15 40 21 -5 -8 -7)
1969/12/31/18:00:20.192,(-20 -3 1 18 19 6 -4 -16)
1969/12/31/18:00:20.199,(37 7 10 8 7 12 24 43)
1969/12/31/18:00:20.199,(-26 -37 -7 -18 -8 1 3 -6)
1969/12/31/18:00:20.215,(54 98 -2 -22 -14 -2 -1 9)
1969/12/31/18:00:20.215,(-18 -44 -17 -25 -12 -14 -19 -15)
1969/12/31/18:00:20.217,(1 4 -9 -5 -22 -10 -6 -9)
1969/12/31/18:00:20.217,(-3 6 17 23 11 0 -3 -9)
1969/12/31/18:00:20.231,(-33 -43 -9 11 11 0 -8 -20)
1969/12/31/18:00:20.231,(6 1 4 1 5 4 9 8)
1969/12/31/18:00:20.233,(-3 15 -3 -13 -7 -12 -16 -12)
1969/12/31/18:00:20.233,(-7 2 -4 -5 -5 3 3 -5)
1969/12/31/18:00:20.255,(38 32 12 21 10 5 11 21)
1969/12/31/18:00:20.255,(10 22 3 -11 3 -5 -6 -1)
1969/12/31/18:00:20.256,(-17 -18 -9 -2 -15 -5 -4 -15)
1969/12/31/18:00:20.256,(1 -10 -1 -2 0 -4 -8 4)
1969/12/31/18:00:20.278,(35 59 10 -9 2 5 7 11)
1969/12/31/18:00:20.278,(8 5 -1 -17 -16 -4 -6 -3)
1969/12/31/18:00:20.280,(-72 -67 -10 13 13 5 3 -21)
1969/12/31/18:00:20.280,(87 102 30 23 22 15 21 50)
1969/12/31/18:00:20.292,(-37 -30 -21 -17 -13 -8 -11 -29)
1969/12/31/18:00:20.292,(-24 -27 -6 3 -4 -9 -18 -24)
1969/12/31/18:00:20.301,(52 91 26 15 17 17 21 28)
1969/12/31/18:00:20.301,(-2 -7 -13 -29 -16 -3 2 1)
1969/12/31/18:00:20.318,(-29 -60 -20 -31 -25 -10 -11 -7)
1969/12/31/18:00:20.318,(32 32 8 20 7 8 19 27)
1969/12/31/18:00:20.320,(-4 -11 8 44 19 -7 -13 -7)
1969/12/31/18:00:20.320,(-16 -14 6 16 15 7 2 -9)
1969/12/31/18:00:20.340,(0 3 6 5 0 -2 -3 -3)
1969/12/31/18:00:20.340,(-6 -18 -8 -26 -12 2 10 7)
1969/12/31/18:00:20.341,(-19 -10 -7 -26 -23 -23 -27 -21)
1969/12/31/18:00:20.341,(-68 -50 -28 -25 -20 -15 -26 -56)
1969/12/31/18:00:20.354,(-11 -26 -2 8 8 5 8 3)
1969/12/31/18:00:20.354,(27 26 1 -5 -5 -1 0 13)
1969/12/31/18:00:20.362,(-13 -15 -3 2 1 -4 -7 -11)
1969/12/31/18:00:20.362,(-1 4 1 11 17 6 5 5)
1969/12/31/18:00:20.379,(-22 -67 -9 0 -13 -12 -11 -4)
1969/12/31/18:00:20.379,(20 33 13 19 17 17 19 7)
1969/12/31/18:00:20.380,(26 22 8 -2 -1 -7 -5 15)
1969/12/31/18:00:20.380,(-29 -36 -15 -26 -19 -3 -8 -21)
1969/12/31/18:00:20.402,(24 10 -6 -10 -8 -3 -2 6)
1969/12/31/18:00:20.402,(10 4 5 13 8 6 12 15)
1969/12/31/18:00:20.404,(-8 -9 -2 -11 -6 3 4 -3)
1969/12/31/18:00:20.404,(2 1 -13 -48 -19 -9 -6 -2)
1969/12/31/18:00:20.417,(-5 -1 -2 8 9 -6 -2 0)
1969/12/31/18:00:20.417,(-6 -3 15 66 14 2 -5 -4)
1969/12/31/18:00:20.424,(-3 8 19 55 40 6 -7 -10)
1969/12/31/18:00:20.424,(0 -1 5 11 10 11 11 11)
1969/12/31/18:00:20.441,(-1 7 -4 -31 2 2 5 2)
1969/12/31/18:00:20.441,(-6 -5 -12 -35 -31 -14 -6 -2)
1969/12/31/18:00:20.442,(1 -10 -11 -19 -27 -16 -2 2)
1969/12/31/18:00:20.442,(4 10 4 6 -2 0 2 2)
1969/12/31/18:00:20.464,(-11 -9 -3 -12 2 10 4 0)
1969/12/31/18:00:20.464,(-1 -4 -6 -7 25 11 0 -4)
1969/12/31/18:00:20.466,(-4 -2 -1 13 9 7 4 -2)
1969/12/31/18:00:20.466,(9 5 11 15 0 0 6 8)
1969/12/31/18:00:20.479,(-28 -37 -7 -6 -19 -16 -20 -23)
1969/12/31/18:00:20.479,(-24 -9 12 4 7 9 10 -6)
1969/12/31/18:00:20.488,(12 9 4 -11 -3 11 15 16)
1969/12/31/18:00:20.488,(5 17 -15 -7 -4 -3 1 0)
1969/12/31/18:00:20.504,(10 -18 2 15 4 1 3 -1)
1969/12/31/18:00:20.504,(15 8 -1 -7 -5 -10 -14 4)
1969/12/31/18:00:20.505,(-17 -21 -9 -14 -6 -5 -8 -11)
1969/12/31/18:00:20.505,(-7 -11 -4 -2 -1 2 0 0)
1969/12/31/18:00:20.526,(10 21 -8 -51 -24 0 7 13)
1969/12/31/18:00:20.526,(4 6 3 37 -6 -10 -8 -5)
1969/12/31/18:00:20.529,(13 15 15 34 35 12 8 6)
1969/12/31/18:00:20.529,(-13 -10 4 28 15 1 -5 -7)
1969/12/31/18:00:20.541,(-12 -1 1 0 5 -2 -7 -9)
1969/12/31/18:00:20.541,(-4 -12 -13 -40 -19 -7 -3 -2)
1969/12/31/18:00:20.549,(-5 -10 -13 -23 -19 -2 5 1)
1969/12/31/18:00:20.549,(23 24 2 -3 -1 -3 -1 13)
1969/12/31/18:00:20.566,(24 29 8 11 3 8 12 15)
1969/12/31/18:00:20.566,(35 24 1 -9 -5 -7 -3 12)
1969/12/31/18:00:20.567,(-28 -29 -14 -4 -5 -7 -10 -24)
1969/12/31/18:00:20.567,(0 -2 6 -1 1 -5 -12 -8)
1969/12/31/18:00:20.589,(-1 4 7 15 3 3 6 7)
1969/12/31/18:00:20.589,(7 3 1 2 3 2 7 10)
1969/12/31/18:00:20.591,(14 16 2 -7 0 0 0 2)
1969/12/31/18:00:20.591,(-9 -11 -5 -3 -6 -2 -4 -3)
1969/12/31/18:00:20.603,(-19 -7 -1 6 -6 -4 -12 -19)
1969/12/31/18:00:20.603,(-9 -8 -3 -5 10 7 4 -1)
1969/12/31/18:00:20.613,(3 1 -1 -11 -5 4 6 5)
1969/12/31/18:00:20.613,(-14 -14 -1 8 -1 0 2 -6)
1969/12/31/18:00:20.628,(-19 -40 6 15 9 9 20 10)
1969/12/31/18:00:20.628,(46 48 19 -1 12 24 39 53)
1969/12/31/18:00:20.629,(-8 -6 -3 -1 -1 0 -1 0)
1969/12/31/18:00:20.629,(-2 -2 2 3 1 2 1 3)
1969/12/31/18:00:20.651,(-12 -9 -6 -1 -1 -7 -8 -17)
1969/12/31/18:00:20.651,(-5 -8 -5 -6 -5 -2 -1 -4)
1969/12/31/18:00:20.653,(-1 -4 0 -3 -2 -2 -3 -2)
1969/12/31/18:00:20.653,(13 9 3 0 3 5 8 5)
1969/12/31/18:00:20.665,(8 19 4 3 0 -7 -8 1)
1969/12/31/18:00:20.665,(-28 -24 -8 -5 -4 -9 -12 -24)
1969/12/31/18:00:20.675,(17 16 -3 -2 -3 0 1 12)
1969/12/31/18:00:20.675,(-15 -16 -6 -5 -6 -7 -8 -13)
1969/12/31/18:00:20.690,(19 25 11 6 5 6 12 24)
1969/12/31/18:00:20.690,(-17 -25 -10 -3 -5 -7 -14 -19)
1969/12/31/18:00:20.691,(-26 -23 -2 2 6 9 6 -3)
1969/12/31/18:00:20.691,(9 22 0 -2 -3 -4 -2 3)
1969/12/31/18:00:20.713,(-14 -2 0 3 3 -3 -9 -16)
1969/12/31/18:00:20.713,(-15 -16 -1 3 0 -1 -6 -6)
1969/12/31/18:00:20.715,(6 14 -8 -7 -8 -10 -13 -6)
1969/12/31/18:00:20.715,(17 4 -1 -10 -3 2 8 17)
1969/12/31/18:00:20.728,(-2 -5 0 0 -1 0 1 2)
1969/12/31/18:00:20.728,(-7 2 -5 1 -9 -6 -5 -11)
1969/12/31/18:00:20.736,(14 3 2 -8 4 -4 -1 5)
1969/12/31/18:00:20.736,(-6 -4 3 9 -1 0 1 -2)
1969/12/31/18:00:20.752,(-17 -12 -4 9 3 -5 -12 -19)
1969/12/31/18:00:20.752,(-3 -6 3 6 11 6 3 -1)
1969/12/31/18:00:20.754,(8 6 1 3 0 4 7 9)
1969/12/31/18:00:20.754,(-5 -3 -2 -9 0 -2 -5 -6)
1969/12/31/18:00:20.776,(15 11 -4 -9 -4 2 5 10)
1969/12/31/18:00:20.776,(-24 -15 -7 -10 -12 -13 -19 -24)
1969/12/31/18:00:20.777,(-2 -21 -1 -3 -8 -9 -9 -1)
1969/12/31/18:00:20.777,(18 41 -1 0 5 10 13 4)
1969/12/31/18:00:20.790,(-7 -8 -6 4 -1 0 -3 -6)
1969/12/31/18:00:20.790,(-6 -5 -5 -10 -5 -3 -5 -4)
1969/12/31/18:00:20.799,(-10 -12 -4 -3 -7 -4 -2 -8)
1969/12/31/18:00:20.799,(-4 -14 3 17 19 0 -5 0)
1969/12/31/18:00:20.814,(0 3 0 -26 -26 -5 -3 -2)
1969/12/31/18:00:20.814,(5 8 7 40 25 3 4 1)
1969/12/31/18:00:20.821,(12 17 5 4 1 6 4 8)
1969/12/31/18:00:20.821,(-3 -13 -12 -43 -17 -14 -7 -1)
1969/12/31/18:00:20.838,(7 11 -1 2 -6 -4 2 3)
1969/12/31/18:00:20.838,(-7 -4 8 14 3 6 -2 -4)
1969/12/31/18:00:20.840,(-7 0 0 -1 22 15 7 -1)
1969/12/31/18:00:20.840,(3 -3 -6 -19 -24 -1 5 4)
1969/12/31/18:00:20.852,(-4 -3 3 24 30 3 -3 -2)
1969/12/31/18:00:20.852,(-1 -1 -5 -32 -2 -5 -5 -4)
1969/12/31/18:00:20.861,(-6 2 7 50 -7 -8 -6 -8)
1969/12/31/18:00:20.861,(3 1 6 -4 -10 0 2 3)
1969/12/31/18:00:20.876,(-1 0 -10 -49 -3 -13 -8 -4)
1969/12/31/18:00:20.876,(13 6 -2 -4 -21 -7 6 10)
1969/12/31/18:00:20.883,(10 16 18 6 1 10 9 6)
1969/12/31/18:00:20.883,(2 0 3 29 34 22 5 3)
1969/12/31/18:00:20.902,(-4 -14 -13 11 32 5 -4 -2)
1969/12/31/18:00:20.902,(-14 -10 -7 -4 0 0 -8 -9)
1969/12/31/18:00:20.903,(-2 -3 -7 -66 -60 -18 -5 -1)
1969/12/31/18:00:20.903,(0 6 21 43 -17 -15 -3 1)
1969/12/31/18:00:20.914,(11 17 30 45 26 26 14 10)
1969/12/31/18:00:20.914,(-1 -11 -40 -41 -1 -9 -4 0)
1969/12/31/18:00:20.923,(-3 -10 -26 -10 -4 -16 -11 -4)
1969/12/31/18:00:20.923,(-19 -7 19 7 4 0 -5 -11)
1969/12/31/18:00:20.938,(3 10 11 -20 0 3 1 2)
1969/12/31/18:00:20.938,(15 7 -3 -20 -35 6 12 12)
1969/12/31/18:00:20.945,(-1 0 10 25 -6 -20 -8 -1)
1969/12/31/18:00:20.945,(-7 -10 -24 -3 19 -5 -9 -5)
1969/12/31/18:00:20.962,(-1 -3 19 112 24 12 4 -3)
1969/12/31/18:00:20.962,(1 11 30 -20 20 14 8 3)
1969/12/31/18:00:20.963,(5 7 3 21 11 20 8 5)
1969/12/31/18:00:20.963,(-1 -12 -34 -47 -6 -14 -4 0)
1969/12/31/18:00:20.976,(-9 -7 -17 -43 -27 -19 -11 -9)
1969/12/31/18:00:20.976,(-8 -8 -19 12 -19 -14 -8 -5)
1969/12/31/18:00:20.986,(2 0 5 -48 5 -1 0 1)
1969/12/31/18:00:20.986,(1 4 11 -3 -6 8 8 1)
1969/12/31/18:00:20.999,(10 4 -3 -29 -35 3 7 6)
1969/12/31/18:00:20.999,(7 11 22 -2 20 4 0 3)
1969/12/31/18:00:21.009,(6 5 -1 48 41 14 5 2)
1969/12/31/18:00:21.009,(2 -4 -8 34 23 7 3 3)
1969/12/31/18:00:21.024,(-12 -6 2 -8 -14 -8 -7 -7)
1969/12/31/18:00:21.024,(-3 -2 -7 -13 0 -3 -2 -3)
1969/12/31/18:00:21.025,(4 0 -1 -37 -34 -13 -2 3)
1969/12/31/18:00:21.025,(-7 -5 -8 -41 -25 -3 -8 -8)
1969/12/31/18:00:21.039,(9 -1 -29 20 1 -17 0 9)
1969/12/31/18:00:21.039,(-14 -11 2 -32 -31 -2 -3 -10)
1969/12/31/18:00:21.048,(2 5 15 116 86 27 6 1)
1969/12/31/18:00:21.048,(-4 -4 16 7 21 9 2 -2)
1969/12/31/18:00:21.063,(2 6 8 -15 -15 12 8 3)
1969/12/31/18:00:21.063,(4 -3 -17 -21 -25 -21 -9 2)
1969/12/31/18:00:21.070,(-9 -8 -18 -58 -39 -22 -10 -9)
1969/12/31/18:00:21.070,(-3 -2 1 20 2 1 0 -2)
1969/12/31/18:00:21.086,(2 4 5 -50 1 2 2 2)
1969/12/31/18:00:21.086,(5 5 14 47 -7 13 6 2)
1969/12/31/18:00:21.088,(10 3 -15 32 13 -5 3 9)
1969/12/31/18:00:21.088,(-4 -3 10 -20 -2 -13 -3 -2)
1969/12/31/18:00:21.101,(-1 5 9 55 7 10 2 -1)
1969/12/31/18:00:21.101,(1 -1 9 40 73 29 10 2)
1969/12/31/18:00:21.110,(-8 -4 -3 -25 -2 5 -5 -6)
1969/12/31/18:00:21.110,(-2 -3 -12 -16 -28 -12 -3 2)
1969/12/31/18:00:21.125,(-9 -12 -11 -44 -28 -27 -13 -9)
1969/12/31/18:00:21.125,(2 5 7 10 -6 -3 3 1)
1969/12/31/18:00:21.133,(3 2 -6 -2 -3 1 1 2)
1969/12/31/18:00:21.133,(1 -1 -2 4 5 5 1 0)
1969/12/31/18:00:21.149,(0 3 2 -25 -17 2 1 1)
1969/12/31/18:00:21.149,(6 -2 -20 23 12 -4 -2 4)
1969/12/31/18:00:21.149,(-26 -13 4 -29 -12 -11 -12 -15)
1969/12/31/18:00:21.149,(1 0 -5 -22 -20 -2 -3 -3)
1969/12/31/18:00:21.171,(0 -3 -2 -27 -3 -3 0 0)
1969/12/31/18:00:21.171,(-2 5 14 61 -6 -3 2 1)
1969/12/31/18:00:21.172,(13 3 -4 -12 38 13 9 10)
1969/12/31/18:00:21.172,(3 6 19 49 20 13 6 3)
1969/12/31/18:00:21.186,(-2 3 10 28 19 4 -3 -1)
1969/12/31/18:00:21.186,(-8 -10 -20 -44 -26 -21 -14 -10)
1969/12/31/18:00:21.194,(-5 -5 2 -28 -42 -8 -3 -5)
1969/12/31/18:00:21.194,(6 5 9 26 29 13 9 9)
1969/12/31/18:00:21.210,(0 1 4 3 31 9 1 -1)
1969/12/31/18:00:21.210,(2 -1 -4 -11 -7 -2 3 2)
1969/12/31/18:00:21.211,(-4 -4 -9 -9 -17 0 -2 -5)
1969/12/31/18:00:21.211,(2 0 -2 -3 -4 -5 -5 -3)
1969/12/31/18:00:21.234,(-2 -1 12 24 3 -5 2 3)
1969/12/31/18:00:21.234,(2 5 4 -26 -7 -3 0 1)
1969/12/31/18:00:21.235,(2 0 -8 -10 0 6 3 -2)
1969/12/31/18:00:21.235,(0 -1 -5 -1 -2 -1 -1 0)
1969/12/31/18:00:21.248,(3 1 -7 6 9 4 1 2)
1969/12/31/18:00:21.248,(-1 -3 -6 -24 -5 -9 -5 -2)
1969/12/31/18:00:21.265,(-9 1 16 42 -1 -4 -6 -9)
1969/12/31/18:00:21.265,(-5 -5 4 -10 -8 0 1 -2)
1969/12/31/18:00:21.272,(0 -2 -7 1 -1 -5 1 0)
1969/12/31/18:00:21.272,(3 7 13 37 15 6 5 3)
1969/12/31/18:00:21.273,(3 2 -11 -21 5 3 2 0)
1969/12/31/18:00:21.273,(6 2 -12 -23 -17 -1 2 3)
1969/12/31/18:00:21.296,(-3 -2 5 4 -5 0 -1 -2)
1969/12/31/18:00:21.296,(-3 -1 1 7 6 2 -2 -1)
1969/12/31/18:00:21.296,(-4 -1 9 2 -3 1 -1 -1)
1969/12/31/18:00:21.296,(1 0 -10 3 4 0 -3 0)
1969/12/31/18:00:21.310,(5 -2 -18 -26 -15 -3 1 2)
1969/12/31/18:00:21.310,(-2 -2 0 -10 3 0 -2 -4)
1969/12/31/18:00:21.319,(2 4 12 22 7 3 1 2)
1969/12/31/18:00:21.319,(-8 -6 -2 -7 -5 -7 -3 -6)
1969/12/31/18:00:21.334,(7 5 -7 -2 -1 -2 -1 3)
1969/12/31/18:00:21.334,(-4 -4 -1 5 0 2 1 -3)
1969/12/31/18:00:21.335,(3 -1 -9 -13 -4 -4 -1 1)
1969/12/31/18:00:21.335,(4 4 -1 -26 -6 -5 -3 1)
1969/12/31/18:00:21.358,(-3 -3 3 28 1 1 -2 -4)
1969/12/31/18:00:21.358,(-10 -3 12 8 7 1 -5 -6)
1969/12/31/18:00:21.359,(11 3 -5 -6 0 2 4 7)
1969/12/31/18:00:21.359,(-3 -4 -5 -7 -6 -4 -4 -3)
1969/12/31/18:00:21.373,(-2 -1 -4 -13 -23 -4 -4 -2)
1969/12/31/18:00:21.373,(3 3 2 6 35 8 3 2)
1969/12/31/18:00:21.381,(-3 -2 2 2 -1 1 2 -1)
1969/12/31/18:00:21.381,(-1 0 7 15 2 0 2 0)
1969/12/31/18:00:21.396,(-1 0 -5 -14 -2 2 1 2)
1969/12/31/18:00:21.396,(-3 -6 -13 -21 -22 -6 0 1)
1969/12/31/18:00:21.397,(3 1 1 6 4 1 -1 0)
1969/12/31/18:00:21.397,(-1 2 8 10 5 -2 -1 -2)
1969/12/31/18:00:21.420,(-12 -8 3 -4 -2 -3 -5 -11)
1969/12/31/18:00:21.420,(11 6 -4 2 -12 0 0 7)
1969/12/31/18:00:21.421,(4 3 -3 -13 11 3 2 2)
1969/12/31/18:00:21.421,(-1 -2 1 28 4 1 0 0)
1969/12/31/18:00:21.435,(-1 1 -6 -8 7 -1 -2 -2)
1969/12/31/18:00:21.435,(0 -3 -2 -15 -7 -1 2 2)
1969/12/31/18:00:21.443,(-6 -2 9 16 -7 -3 -2 -4)
1969/12/31/18:00:21.444,(-1 0 -2 3 -5 -1 -1 -3)
1969/12/31/18:00:21.459,(0 0 1 11 12 2 -1 -1)
1969/12/31/18:00:21.459,(-4 -4 -2 -8 -1 0 -3 -5)
1969/12/31/18:00:21.460,(1 1 -4 -15 -13 -4 -1 0)
1969/12/31/18:00:21.460,(0 0 -4 -6 -1 1 0 2)
1969/12/31/18:00:21.482,(1 -4 -3 0 1 0 2 1)
1969/12/31/18:00:21.482,(-1 1 -1 -3 -2 0 -4 -2)
1969/12/31/18:00:21.483,(-3 -2 3 1 -2 -1 0 -3)
1969/12/31/18:00:21.483,(-1 -1 -2 -1 0 0 -4 -1)
1969/12/31/18:00:21.497,(6 2 -3 -5 -7 1 1 4)
1969/12/31/18:00:21.497,(-3 -2 0 5 14 4 4 2)
1969/12/31/18:00:21.505,(1 2 -4 -2 -2 -2 -1 2)
1969/12/31/18:00:21.505,(-5 -8 -9 -13 -9 -9 -4 -5)
1969/12/31/18:00:21.521,(3 2 1 -8 -17 -6 1 1)
1969/12/31/18:00:21.521,(0 4 12 23 6 9 3 -2)
1969/12/31/18:00:21.522,(0 -2 3 14 35 17 6 2)
1969/12/31/18:00:21.522,(1 2 2 1 9 5 4 1)
1969/12/31/18:00:21.545,(-3 -3 -4 -1 -1 -5 -4 -4)
1969/12/31/18:00:21.545,(-1 -4 -7 -14 -19 -11 -5 -4)
1969/12/31/18:00:21.546,(2 1 -4 -8 -18 -9 -2 -1)
1969/12/31/18:00:21.546,(0 0 0 0 -1 1 0 0)
1969/12/31/18:00:21.559,(-2 -1 1 3 2 -2 0 0)
1969/12/31/18:00:21.559,(-2 -3 -1 -3 -1 0 0 0)
1969/12/31/18:00:21.567,(0 -1 -3 -3 -5 0 1 0)
1969/12/31/18:00:21.567,(0 1 0 -1 0 0 0 -1)
1969/12/31/18:00:21.583,(-6 -3 0 3 3 -1 -4 -3)
1969/12/31/18:00:21.583,(1 3 0 -2 -1 -1 0 2)
1969/12/31/18:00:21.584,(-1 -1 0 -1 -2 -4 -2 1)
1969/12/31/18:00:21.584,(-4 0 -2 -3 -4 0 0 0)
1969/12/31/18:00:21.607,(2 -1 -1 1 5 3 2 2)
1969/12/31/18:00:21.607,(0 0 -1 1 4 -1 -2 -2)
1969/12/31/18:00:21.608,(-6 -3 0 -5 -6 -6 -4 -5)
1969/12/31/18:00:21.608,(1 1 0 -2 -1 -1 2 2)
1969/12/31/18:00:21.621,(5 2 -1 2 3 2 1 3)
1969/12/31/18:00:21.621,(-1 -3 -1 -1 0 -2 0 0)
1969/12/31/18:00:21.630,(-1 -1 -3 -3 -4 -1 0 0)
1969/12/31/18:00:21.630,(-4 -1 1 3 0 -1 -6 -5)
1969/12/31/18:00:21.645,(0 0 1 -2 0 1 2 1)
1969/12/31/18:00:21.645,(-3 -1 -1 -1 -2 -2 -1 -1)
1969/12/31/18:00:21.646,(0 -1 1 1 -1 -1 1 0)
1969/12/31/18:00:21.646,(4 0 -1 3 2 3 2 4)
1969/12/31/18:00:21.669,(0 -2 -2 1 0 0 0 0)
1969/12/31/18:00:21.669,(-3 0 0 0 -1 -1 -3 -4)
1969/12/31/18:00:21.670,(-2 -1 -1 0 -1 -1 -3 -3)
1969/12/31/18:00:21.670,(1 0 -2 -3 -2 -1 1 0)
1969/12/31/18:00:21.684,(0 2 2 2 2 1 -1 0)
1969/12/31/18:00:21.684,(-1 -2 -1 -1 -2 -1 -2 -3)
1969/12/31/18:00:21.692,(1 0 -1 -1 0 0 -3 -1)
1969/12/31/18:00:21.692,(-2 0 -1 -1 -4 -1 -2 -2)
1969/12/31/18:00:21.707,(-1 0 -1 0 0 0 0 0)
1969/12/31/18:00:21.707,(-1 -1 0 -1 0 -1 -4 -3)
1969/12/31/18:00:21.709,(1 1 -1 1 -1 -1 3 3)
1969/12/31/18:00:21.709,(0 -2 0 -2 -1 1 -1 -2)
