timestamp,_header,_orientation,_orientation_covariance,_angular_velocity,_angular_velocity_covariance,_linear_acceleration,_linear_acceleration_covariance,_check_fields,time,orientation,angular_velocity,linear_acceleration
25786664075,"std_msgs.msg.Header(stamp=builtin_interfaces.msg.Time(sec=1730343863, nanosec=287266953), frame_id='RL_myo')","geometry_msgs.msg.Quaternion(x=-0.4572172178176777, y=-0.0618290003536654, z=0.39911138530367035, w=0.7923633589252559)",[0. 0. 0. 0. 0. 0. 0. 0. 0.],"geometry_msgs.msg.Vector3(x=9.0625, y=261.3125, z=-143.5625)",[0. 0. 0. 0. 0. 0. 0. 0. 0.],"geometry_msgs.msg.Vector3(x=-0.16796875, y=0.7568359375, z=0.521484375)",[0. 0. 0. 0. 0. 0. 0. 0. 0.],False,25.786664075,"[-0.4572172178176777, -0.0618290003536654, 0.39911138530367035, 0.7923633589252559]","[9.0625, 261.3125, -143.5625]","[-0.16796875, 0.7568359375, 0.521484375]"
25808455457,"std_msgs.msg.Header(stamp=builtin_interfaces.msg.Time(sec=1730343863, nanosec=309098041), frame_id='RL_myo')","geometry_msgs.msg.Quaternion(x=-0.45185340951706326, y=-0.11267342887592852, z=0.38495737590491935, w=0.7968318602249441)",[0. 0. 0. 0. 0. 0. 0. 0. 0.],"geometry_msgs.msg.Vector3(x=57.125, y=247.625, z=-149.6875)",[0. 0. 0. 0. 0. 0. 0. 0. 0.],"geometry_msgs.msg.Vector3(x=-0.4912109375, y=0.66748046875, z=0.333984375)",[0. 0. 0. 0. 0. 0. 0. 0. 0.],False,25.808455457,"[-0.45185340951706326, -0.11267342887592852, 0.38495737590491935, 0.7968318602249441]","[57.125, 247.625, -149.6875]","[-0.4912109375, 0.66748046875, 0.333984375]"
25823152536,"std_msgs.msg.Header(stamp=builtin_interfaces.msg.Time(sec=1730343863, nanosec=323692361), frame_id='RL_myo')","geometry_msgs.msg.Quaternion(x=-0.44055719269120114, y=-0.16894739669842682, z=0.3807420016635789, w=0.7952368611213161)",[0. 0. 0. 0. 0. 0. 0. 0. 0.],"geometry_msgs.msg.Vector3(x=132.4375, y=237.5, z=-165.875)",[0. 0. 0. 0. 0. 0. 0. 0. 0.],"geometry_msgs.msg.Vector3(x=-0.58056640625, y=0.7275390625, z=0.20947265625)",[0. 0. 0. 0. 0. 0. 0. 0. 0.],False,25.823152536,"[-0.44055719269120114, -0.16894739669842682, 0.3807420016635789, 0.7952368611213161]","[132.4375, 237.5, -165.875]","[-0.58056640625, 0.7275390625, 0.20947265625]"
25846393245,"std_msgs.msg.Header(stamp=builtin_interfaces.msg.Time(sec=1730343863, nanosec=346880121), frame_id='RL_myo')","geometry_msgs.msg.Quaternion(x=-0.42340573783539015, y=-0.2274196020145111, z=0.3842207178425517, w=0.7882780891082692)",[0. 0. 0. 0. 0. 0. 0. 0. 0.],"geometry_msgs.msg.Vector3(x=189.8125, y=221.5, z=-178.0625)",[0. 0. 0. 0. 0. 0. 0. 0. 0.],"geometry_msgs.msg.Vector3(x=-0.55322265625, y=0.7587890625, z=0.1669921875)",[0. 0. 0. 0. 0. 0. 0. 0. 0.],False,25.846393245,"[-0.42340573783539015, -0.2274196020145111, 0.3842207178425517, 0.7882780891082692]","[189.8125, 221.5, -178.0625]","[-0.55322265625, 0.7587890625, 0.1669921875]"
25868603321,"std_msgs.msg.Header(stamp=builtin_interfaces.msg.Time(sec=1730343863, nanosec=369306257), frame_id='RL_myo')","geometry_msgs.msg.Quaternion(x=-0.40172906293416255, y=-0.284054551640169, z=0.3906818188759609, w=0.7780067403861698)",[0. 0. 0. 0. 0. 0. 0. 0. 0.],"geometry_msgs.msg.Vector3(x=213.875, y=200.5625, z=-182.1875)",[0. 0. 0. 0. 0. 0. 0. 0. 0.],"geometry_msgs.msg.Vector3(x=-0.64697265625, y=0.7919921875, z=0.2236328125)",[0. 0. 0. 0. 0. 0. 0. 0. 0.],False,25.868603321,"[-0.40172906293416255, -0.284054551640169, 0.3906818188759609, 0.7780067403861698]","[213.875, 200.5625, -182.1875]","[-0.64697265625, 0.7919921875, 0.2236328125]"
25891317300,"std_msgs.msg.Header(stamp=builtin_interfaces.msg.Time(sec=1730343863, nanosec=391861927), frame_id='RL_myo')","geometry_msgs.msg.Quaternion(x=-0.37688994871251585, y=-0.33672904405618626, z=0.3989235149449399, w=0.7651323719935383)",[0. 0. 0. 0. 0. 0. 0. 0. 0.],"geometry_msgs.msg.Vector3(x=225.4375, y=176.75, z=-178.5)",[0. 0. 0. 0. 0. 0. 0. 0. 0.],"geometry_msgs.msg.Vector3(x=-0.72412109375, y=0.83984375, z=0.29931640625)",[0. 0. 0. 0. 0. 0. 0. 0. 0.],False,25.8913173,"[-0.37688994871251585, -0.33672904405618626, 0.3989235149449399, 0.7651323719935383]","[225.4375, 176.75, -178.5]","[-0.72412109375, 0.83984375, 0.29931640625]"
25906181098,"std_msgs.msg.Header(stamp=builtin_interfaces.msg.Time(sec=1730343863, nanosec=406737390), frame_id='RL_myo')","geometry_msgs.msg.Quaternion(x=-0.3519286624291554, y=-0.38317865812178936, z=0.4089965256569147, w=0.7496947208840298)",[0. 0. 0. 0. 0. 0. 0. 0. 0.],"geometry_msgs.msg.Vector3(x=228.3125, y=152.0, z=-156.8125)",[0. 0. 0. 0. 0. 0. 0. 0. 0.],"geometry_msgs.msg.Vector3(x=-0.68603515625, y=0.86181640625, z=0.35693359375)",[0. 0. 0. 0. 0. 0. 0. 0. 0.],False,25.906181098,"[-0.3519286624291554, -0.38317865812178936, 0.4089965256569147, 0.7496947208840298]","[228.3125, 152.0, -156.8125]","[-0.68603515625, 0.86181640625, 0.35693359375]"
25928606573,"std_msgs.msg.Header(stamp=builtin_interfaces.msg.Time(sec=1730343863, nanosec=429277092), frame_id='RL_myo')","geometry_msgs.msg.Quaternion(x=-0.331665760007431, y=-0.4226693757915826, z=0.417359305655284, w=0.7329117493870503)",[0. 0. 0. 0. 0. 0. 0. 0. 0.],"geometry_msgs.msg.Vector3(x=200.9375, y=141.1875, z=-123.0)",[0. 0. 0. 0. 0. 0. 0. 0. 0.],"geometry_msgs.msg.Vector3(x=-0.6591796875, y=0.92236328125, z=0.39208984375)",[0. 0. 0. 0. 0. 0. 0. 0. 0.],False,25.928606573,"[-0.331665760007431, -0.4226693757915826, 0.417359305655284, 0.7329117493870503]","[200.9375, 141.1875, -123.0]","[-0.6591796875, 0.92236328125, 0.39208984375]"
25949756831,"std_msgs.msg.Header(stamp=builtin_interfaces.msg.Time(sec=1730343863, nanosec=450309943), frame_id='RL_myo')","geometry_msgs.msg.Quaternion(x=-0.3159209904485274, y=-0.45422797737981857, z=0.42206214237858714, w=0.7181465173140211)",[0. 0. 0. 0. 0. 0. 0. 0. 0.],"geometry_msgs.msg.Vector3(x=156.0625, y=121.3125, z=-97.3125)",[0. 0. 0. 0. 0. 0. 0. 0. 0.],"geometry_msgs.msg.Vector3(x=-0.70361328125, y=0.88623046875, z=0.4033203125)",[0. 0. 0. 0. 0. 0. 0. 0. 0.],False,25.949756831,"[-0.3159209904485274, -0.45422797737981857, 0.42206214237858714, 0.7181465173140211]","[156.0625, 121.3125, -97.3125]","[-0.70361328125, 0.88623046875, 0.4033203125]"
25966317789,"std_msgs.msg.Header(stamp=builtin_interfaces.msg.Time(sec=1730343863, nanosec=466847409), frame_id='RL_myo')","geometry_msgs.msg.Quaternion(x=-0.30371233536844655, y=-0.4780905793691804, z=0.4256611388383333, w=0.705691724583999)",[0. 0. 0. 0. 0. 0. 0. 0. 0.],"geometry_msgs.msg.Vector3(x=124.4375, y=95.0625, z=-69.9375)",[0. 0. 0. 0. 0. 0. 0. 0. 0.],"geometry_msgs.msg.Vector3(x=-0.74365234375, y=0.73681640625, z=0.42333984375)",[0. 0. 0. 0. 0. 0. 0. 0. 0.],False,25.966317789,"[-0.30371233536844655, -0.4780905793691804, 0.4256611388383333, 0.705691724583999]","[124.4375, 95.0625, -69.9375]","[-0.74365234375, 0.73681640625, 0.42333984375]"
25988666873,"std_msgs.msg.Header(stamp=builtin_interfaces.msg.Time(sec=1730343863, nanosec=489328967), frame_id='RL_myo')","geometry_msgs.msg.Quaternion(x=-0.2938887256343999, y=-0.49445328481085643, z=0.4303043646360372, w=0.6956892408683053)",[0. 0. 0. 0. 0. 0. 0. 0. 0.],"geometry_msgs.msg.Vector3(x=103.5625, y=62.875, z=-43.4375)",[0. 0. 0. 0. 0. 0. 0. 0. 0.],"geometry_msgs.msg.Vector3(x=-0.72412109375, y=0.68359375, z=0.43212890625)",[0. 0. 0. 0. 0. 0. 0. 0. 0.],False,25.988666873,"[-0.2938887256343999, -0.49445328481085643, 0.4303043646360372, 0.6956892408683053]","[103.5625, 62.875, -43.4375]","[-0.72412109375, 0.68359375, 0.43212890625]"
26009892423,"std_msgs.msg.Header(stamp=builtin_interfaces.msg.Time(sec=1730343863, nanosec=510405445), frame_id='RL_myo')","geometry_msgs.msg.Quaternion(x=-0.2844891178984342, y=-0.5060500485938464, z=0.43854415621116705, w=0.6860454162579704)",[0. 0. 0. 0. 0. 0. 0. 0. 0.],"geometry_msgs.msg.Vector3(x=107.5625, y=38.25, z=-22.5625)",[0. 0. 0. 0. 0. 0. 0. 0. 0.],"geometry_msgs.msg.Vector3(x=-0.60400390625, y=0.673828125, z=0.40283203125)",[0. 0. 0. 0. 0. 0. 0. 0. 0.],False,26.009892423,"[-0.2844891178984342, -0.5060500485938464, 0.43854415621116705, 0.6860454162579704]","[107.5625, 38.25, -22.5625]","[-0.60400390625, 0.673828125, 0.40283203125]"
26026242347,"std_msgs.msg.Header(stamp=builtin_interfaces.msg.Time(sec=1730343863, nanosec=526836831), frame_id='RL_myo')","geometry_msgs.msg.Quaternion(x=-0.27526685296024944, y=-0.5154387080375403, z=0.4497652859122125, w=0.6754718983838317)",[0. 0. 0. 0. 0. 0. 0. 0. 0.],"geometry_msgs.msg.Vector3(x=117.625, y=28.5, z=-7.9375)",[0. 0. 0. 0. 0. 0. 0. 0. 0.],"geometry_msgs.msg.Vector3(x=-0.48974609375, y=0.70751953125, z=0.365234375)",[0. 0. 0. 0. 0. 0. 0. 0. 0.],False,26.026242347,"[-0.27526685296024944, -0.5154387080375403, 0.4497652859122125, 0.6754718983838317]","[117.625, 28.5, -7.9375]","[-0.48974609375, 0.70751953125, 0.365234375]"
26049349058,"std_msgs.msg.Header(stamp=builtin_interfaces.msg.Time(sec=1730343863, nanosec=549945164), frame_id='RL_myo')","geometry_msgs.msg.Quaternion(x=-0.2688702833345476, y=-0.5224811862301311, z=0.46052810164793684, w=0.6653089871388352)",[0. 0. 0. 0. 0. 0. 0. 0. 0.],"geometry_msgs.msg.Vector3(x=103.1875, y=26.3125, z=4.625)",[0. 0. 0. 0. 0. 0. 0. 0. 0.],"geometry_msgs.msg.Vector3(x=-0.3681640625, y=0.76611328125, z=0.37158203125)",[0. 0. 0. 0. 0. 0. 0. 0. 0.],False,26.049349058,"[-0.2688702833345476, -0.5224811862301311, 0.46052810164793684, 0.6653089871388352]","[103.1875, 26.3125, 4.625]","[-0.3681640625, 0.76611328125, 0.37158203125]"
26069808224,"std_msgs.msg.Header(stamp=builtin_interfaces.msg.Time(sec=1730343863, nanosec=570379699), frame_id='RL_myo')","geometry_msgs.msg.Quaternion(x=-0.26818808292587426, y=-0.5241691525187547, z=0.4694817327869424, w=0.657958018648367)",[0. 0. 0. 0. 0. 0. 0. 0. 0.],"geometry_msgs.msg.Vector3(x=76.0625, y=21.5625, z=29.375)",[0. 0. 0. 0. 0. 0. 0. 0. 0.],"geometry_msgs.msg.Vector3(x=-0.33642578125, y=0.74560546875, z=0.28857421875)",[0. 0. 0. 0. 0. 0. 0. 0. 0.],False,26.069808224,"[-0.26818808292587426, -0.5241691525187547, 0.4694817327869424, 0.657958018648367]","[76.0625, 21.5625, 29.375]","[-0.33642578125, 0.74560546875, 0.28857421875]"
26086630676,"std_msgs.msg.Header(stamp=builtin_interfaces.msg.Time(sec=1730343863, nanosec=587296531), frame_id='RL_myo')","geometry_msgs.msg.Quaternion(x=-0.27246157491977957, y=-0.5212414538115855, z=0.4761974031192026, w=0.6536880527309228)",[0. 0. 0. 0. 0. 0. 0. 0. 0.],"geometry_msgs.msg.Vector3(x=27.125, y=6.625, z=51.8125)",[0. 0. 0. 0. 0. 0. 0. 0. 0.],"geometry_msgs.msg.Vector3(x=-0.33251953125, y=0.671875, z=0.12744140625)",[0. 0. 0. 0. 0. 0. 0. 0. 0.],False,26.086630676,"[-0.27246157491977957, -0.5212414538115855, 0.4761974031192026, 0.6536880527309228]","[27.125, 6.625, 51.8125]","[-0.33251953125, 0.671875, 0.12744140625]"
26108610990,"std_msgs.msg.Header(stamp=builtin_interfaces.msg.Time(sec=1730343863, nanosec=609258785), frame_id='RL_myo')","geometry_msgs.msg.Quaternion(x=-0.27831595120252706, y=-0.5136638257281727, z=0.48326879421526514, w=0.6520283567317098)",[0. 0. 0. 0. 0. 0. 0. 0. 0.],"geometry_msgs.msg.Vector3(x=5.1875, y=-16.75, z=66.8125)",[0. 0. 0. 0. 0. 0. 0. 0. 0.],"geometry_msgs.msg.Vector3(x=-0.27099609375, y=0.6083984375, z=0.06103515625)",[0. 0. 0. 0. 0. 0. 0. 0. 0.],False,26.10861099,"[-0.27831595120252706, -0.5136638257281727, 0.48326879421526514, 0.6520283567317098]","[5.1875, -16.75, 66.8125]","[-0.27099609375, 0.6083984375, 0.06103515625]"
26137295241,"std_msgs.msg.Header(stamp=builtin_interfaces.msg.Time(sec=1730343863, nanosec=637917379), frame_id='RL_myo')","geometry_msgs.msg.Quaternion(x=-0.2816266259521682, y=-0.505939120614981, z=0.4969666208284685, w=0.6463251716964693)",[0. 0. 0. 0. 0. 0. 0. 0. 0.],"geometry_msgs.msg.Vector3(x=54.5, y=-20.8125, z=75.0625)",[0. 0. 0. 0. 0. 0. 0. 0. 0.],"geometry_msgs.msg.Vector3(x=-0.08349609375, y=0.51953125, z=0.14404296875)",[0. 0. 0. 0. 0. 0. 0. 0. 0.],False,26.137295241,"[-0.2816266259521682, -0.505939120614981, 0.4969666208284685, 0.6463251716964693]","[54.5, -20.8125, 75.0625]","[-0.08349609375, 0.51953125, 0.14404296875]"
26146805829,"std_msgs.msg.Header(stamp=builtin_interfaces.msg.Time(sec=1730343863, nanosec=647425113), frame_id='RL_myo')","geometry_msgs.msg.Quaternion(x=-0.28607538907085983, y=-0.4986635222336089, z=0.5144107913567755, w=0.6362995372442316)",[0. 0. 0. 0. 0. 0. 0. 0. 0.],"geometry_msgs.msg.Vector3(x=83.5, y=-7.9375, z=84.75)",[0. 0. 0. 0. 0. 0. 0. 0. 0.],"geometry_msgs.msg.Vector3(x=0.0732421875, y=0.6025390625, z=0.212890625)",[0. 0. 0. 0. 0. 0. 0. 0. 0.],False,26.146805829,"[-0.28607538907085983, -0.4986635222336089, 0.5144107913567755, 0.6362995372442316]","[83.5, -7.9375, 84.75]","[0.0732421875, 0.6025390625, 0.212890625]"
26169344513,"std_msgs.msg.Header(stamp=builtin_interfaces.msg.Time(sec=1730343863, nanosec=669889714), frame_id='RL_myo')","geometry_msgs.msg.Quaternion(x=-0.29376524335101184, y=-0.4905446209873431, z=0.5297906320978149, w=0.6264102830898473)",[0. 0. 0. 0. 0. 0. 0. 0. 0.],"geometry_msgs.msg.Vector3(x=59.75, y=-1.25, z=95.3125)",[0. 0. 0. 0. 0. 0. 0. 0. 0.],"geometry_msgs.msg.Vector3(x=0.04296875, y=0.65576171875, z=0.12158203125)",[0. 0. 0. 0. 0. 0. 0. 0. 0.],False,26.169344513,"[-0.29376524335101184, -0.4905446209873431, 0.5297906320978149, 0.6264102830898473]","[59.75, -1.25, 95.3125]","[0.04296875, 0.65576171875, 0.12158203125]"
26189858445,"std_msgs.msg.Header(stamp=builtin_interfaces.msg.Time(sec=1730343863, nanosec=690416995), frame_id='RL_myo')","geometry_msgs.msg.Quaternion(x=-0.30163862390796137, y=-0.48175509075385253, z=0.5452322596863252, w=0.6161557888204917)",[0. 0. 0. 0. 0. 0. 0. 0. 0.],"geometry_msgs.msg.Vector3(x=47.5, y=-5.5, z=113.6875)",[0. 0. 0. 0. 0. 0. 0. 0. 0.],"geometry_msgs.msg.Vector3(x=-0.02783203125, y=0.52001953125, z=-0.166015625)",[0. 0. 0. 0. 0. 0. 0. 0. 0.],False,26.189858445,"[-0.30163862390796137, -0.48175509075385253, 0.5452322596863252, 0.6161557888204917]","[47.5, -5.5, 113.6875]","[-0.02783203125, 0.52001953125, -0.166015625]"
26206309582,"std_msgs.msg.Header(stamp=builtin_interfaces.msg.Time(sec=1730343863, nanosec=706816401), frame_id='RL_myo')","geometry_msgs.msg.Quaternion(x=-0.3105507604451985, y=-0.46979347546122113, z=0.5626901455472259, w=0.6051711457968049)",[0. 0. 0. 0. 0. 0. 0. 0. 0.],"geometry_msgs.msg.Vector3(x=47.0, y=-15.3125, z=133.3125)",[0. 0. 0. 0. 0. 0. 0. 0. 0.],"geometry_msgs.msg.Vector3(x=0.033203125, y=0.5380859375, z=-0.25390625)",[0. 0. 0. 0. 0. 0. 0. 0. 0.],False,26.206309582,"[-0.3105507604451985, -0.46979347546122113, 0.5626901455472259, 0.6051711457968049]","[47.0, -15.3125, 133.3125]","[0.033203125, 0.5380859375, -0.25390625]"
26228581044,"std_msgs.msg.Header(stamp=builtin_interfaces.msg.Time(sec=1730343863, nanosec=729225936), frame_id='RL_myo')","geometry_msgs.msg.Quaternion(x=-0.3149423489591335, y=-0.46032852632747767, z=0.5823992042186147, w=0.5913713990436132)",[0. 0. 0. 0. 0. 0. 0. 0. 0.],"geometry_msgs.msg.Vector3(x=82.875, y=-17.4375, z=117.8125)",[0. 0. 0. 0. 0. 0. 0. 0. 0.],"geometry_msgs.msg.Vector3(x=0.20068359375, y=0.67919921875, z=-0.16650390625)",[0. 0. 0. 0. 0. 0. 0. 0. 0.],False,26.228581044,"[-0.3149423489591335, -0.46032852632747767, 0.5823992042186147, 0.5913713990436132]","[82.875, -17.4375, 117.8125]","[0.20068359375, 0.67919921875, -0.16650390625]"
26249939823,"std_msgs.msg.Header(stamp=builtin_interfaces.msg.Time(sec=1730343863, nanosec=750449098), frame_id='RL_myo')","geometry_msgs.msg.Quaternion(x=-0.3151259709242312, y=-0.4563009410477538, z=0.6008328603095356, w=0.5757472949309071)",[0. 0. 0. 0. 0. 0. 0. 0. 0.],"geometry_msgs.msg.Vector3(x=105.625, y=-6.0625, z=85.375)",[0. 0. 0. 0. 0. 0. 0. 0. 0.],"geometry_msgs.msg.Vector3(x=0.23828125, y=0.7421875, z=-0.1748046875)",[0. 0. 0. 0. 0. 0. 0. 0. 0.],False,26.249939823,"[-0.3151259709242312, -0.4563009410477538, 0.6008328603095356, 0.5757472949309071]","[105.625, -6.0625, 85.375]","[0.23828125, 0.7421875, -0.1748046875]"
26266117664,"std_msgs.msg.Header(stamp=builtin_interfaces.msg.Time(sec=1730343863, nanosec=766813375), frame_id='RL_myo')","geometry_msgs.msg.Quaternion(x=-0.3175708069334237, y=-0.45270472324143834, z=0.6178683987290118, w=0.558968566191869)",[0. 0. 0. 0. 0. 0. 0. 0. 0.],"geometry_msgs.msg.Vector3(x=92.625, y=5.5, z=76.875)",[0. 0. 0. 0. 0. 0. 0. 0. 0.],"geometry_msgs.msg.Vector3(x=0.16259765625, y=0.83740234375, z=-0.27197265625)",[0. 0. 0. 0. 0. 0. 0. 0. 0.],False,26.266117664,"[-0.3175708069334237, -0.45270472324143834, 0.6178683987290118, 0.558968566191869]","[92.625, 5.5, 76.875]","[0.16259765625, 0.83740234375, -0.27197265625]"
26288657260,"std_msgs.msg.Header(stamp=builtin_interfaces.msg.Time(sec=1730343863, nanosec=789302072), frame_id='RL_myo')","geometry_msgs.msg.Quaternion(x=-0.3209255690384911, y=-0.4489784111538876, z=0.6343437502885201, w=0.5413253845192807)",[0. 0. 0. 0. 0. 0. 0. 0. 0.],"geometry_msgs.msg.Vector3(x=83.5, y=11.5, z=85.625)",[0. 0. 0. 0. 0. 0. 0. 0. 0.],"geometry_msgs.msg.Vector3(x=0.126953125, y=0.83837890625, z=-0.41796875)",[0. 0. 0. 0. 0. 0. 0. 0. 0.],False,26.28865726,"[-0.3209255690384911, -0.4489784111538876, 0.6343437502885201, 0.5413253845192807]","[83.5, 11.5, 85.625]","[0.126953125, 0.83837890625, -0.41796875]"
26309694283,"std_msgs.msg.Header(stamp=builtin_interfaces.msg.Time(sec=1730343863, nanosec=810221892), frame_id='RL_myo')","geometry_msgs.msg.Quaternion(x=-0.3254346947303469, y=-0.4441463378756066, z=0.6474514706863316, w=0.5269087996262349)",[0. 0. 0. 0. 0. 0. 0. 0. 0.],"geometry_msgs.msg.Vector3(x=54.6875, y=10.5625, z=80.5)",[0. 0. 0. 0. 0. 0. 0. 0. 0.],"geometry_msgs.msg.Vector3(x=0.119140625, y=0.90771484375, z=-0.4775390625)",[0. 0. 0. 0. 0. 0. 0. 0. 0.],False,26.309694283,"[-0.3254346947303469, -0.4441463378756066, 0.6474514706863316, 0.5269087996262349]","[54.6875, 10.5625, 80.5]","[0.119140625, 0.90771484375, -0.4775390625]"
26326264551,"std_msgs.msg.Header(stamp=builtin_interfaces.msg.Time(sec=1730343863, nanosec=826849003), frame_id='RL_myo')","geometry_msgs.msg.Quaternion(x=-0.3278301159581248, y=-0.44117595943871274, z=0.655782306061086, w=0.5175333370338745)",[0. 0. 0. 0. 0. 0. 0. 0. 0.],"geometry_msgs.msg.Vector3(x=32.375, y=6.375, z=50.8125)",[0. 0. 0. 0. 0. 0. 0. 0. 0.],"geometry_msgs.msg.Vector3(x=0.0625, y=0.96875, z=-0.48046875)",[0. 0. 0. 0. 0. 0. 0. 0. 0.],False,26.326264551,"[-0.3278301159581248, -0.44117595943871274, 0.655782306061086, 0.5175333370338745]","[32.375, 6.375, 50.8125]","[0.0625, 0.96875, -0.48046875]"
26348712358,"std_msgs.msg.Header(stamp=builtin_interfaces.msg.Time(sec=1730343863, nanosec=849329493), frame_id='RL_myo')","geometry_msgs.msg.Quaternion(x=-0.3269031649233188, y=-0.440367127505927, z=0.6636329559767075, w=0.5087262658020654)",[0. 0. 0. 0. 0. 0. 0. 0. 0.],"geometry_msgs.msg.Vector3(x=41.3125, y=0.375, z=33.125)",[0. 0. 0. 0. 0. 0. 0. 0. 0.],"geometry_msgs.msg.Vector3(x=0.037109375, y=0.9384765625, z=-0.498046875)",[0. 0. 0. 0. 0. 0. 0. 0. 0.],False,26.348712358,"[-0.3269031649233188, -0.440367127505927, 0.6636329559767075, 0.5087262658020654]","[41.3125, 0.375, 33.125]","[0.037109375, 0.9384765625, -0.498046875]"
26369898525,"std_msgs.msg.Header(stamp=builtin_interfaces.msg.Time(sec=1730343863, nanosec=870425659), frame_id='RL_myo')","geometry_msgs.msg.Quaternion(x=-0.3273307729171963, y=-0.4385365659910601, z=0.6719954894309773, w=0.4989612285284505)",[0. 0. 0. 0. 0. 0. 0. 0. 0.],"geometry_msgs.msg.Vector3(x=41.6875, y=4.0, z=43.6875)",[0. 0. 0. 0. 0. 0. 0. 0. 0.],"geometry_msgs.msg.Vector3(x=0.05712890625, y=0.92626953125, z=-0.5048828125)",[0. 0. 0. 0. 0. 0. 0. 0. 0.],False,26.369898525,"[-0.3273307729171963, -0.4385365659910601, 0.6719954894309773, 0.4989612285284505]","[41.6875, 4.0, 43.6875]","[0.05712890625, 0.92626953125, -0.5048828125]"
26386197886,"std_msgs.msg.Header(stamp=builtin_interfaces.msg.Time(sec=1730343863, nanosec=886813113), frame_id='RL_myo')","geometry_msgs.msg.Quaternion(x=-0.3292215043229097, y=-0.435238885303424, z=0.6793779318906763, w=0.49053637935543665)",[0. 0. 0. 0. 0. 0. 0. 0. 0.],"geometry_msgs.msg.Vector3(x=28.8125, y=4.9375, z=51.875)",[0. 0. 0. 0. 0. 0. 0. 0. 0.],"geometry_msgs.msg.Vector3(x=0.03076171875, y=0.96533203125, z=-0.50537109375)",[0. 0. 0. 0. 0. 0. 0. 0. 0.],False,26.386197886,"[-0.3292215043229097, -0.435238885303424, 0.6793779318906763, 0.49053637935543665]","[28.8125, 4.9375, 51.875]","[0.03076171875, 0.96533203125, -0.50537109375]"
26408702317,"std_msgs.msg.Header(stamp=builtin_interfaces.msg.Time(sec=1730343863, nanosec=909278831), frame_id='RL_myo')","geometry_msgs.msg.Quaternion(x=-0.331234898760688, y=-0.43145374964792765, z=0.6845643310300122, w=0.4852862870916216)",[0. 0. 0. 0. 0. 0. 0. 0. 0.],"geometry_msgs.msg.Vector3(x=12.0625, y=1.3125, z=44.6875)",[0. 0. 0. 0. 0. 0. 0. 0. 0.],"geometry_msgs.msg.Vector3(x=0.0146484375, y=0.97607421875, z=-0.4794921875)",[0. 0. 0. 0. 0. 0. 0. 0. 0.],False,26.408702317,"[-0.331234898760688, -0.43145374964792765, 0.6845643310300122, 0.4852862870916216]","[12.0625, 1.3125, 44.6875]","[0.0146484375, 0.97607421875, -0.4794921875]"
26429712517,"std_msgs.msg.Header(stamp=builtin_interfaces.msg.Time(sec=1730343863, nanosec=930269239), frame_id='RL_myo')","geometry_msgs.msg.Quaternion(x=-0.3334472235598682, y=-0.4275058308279914, z=0.6888679050149501, w=0.48115769052213825)",[0. 0. 0. 0. 0. 0. 0. 0. 0.],"geometry_msgs.msg.Vector3(x=5.75, y=0.75, z=42.125)",[0. 0. 0. 0. 0. 0. 0. 0. 0.],"geometry_msgs.msg.Vector3(x=0.015625, y=0.947265625, z=-0.45703125)",[0. 0. 0. 0. 0. 0. 0. 0. 0.],False,26.429712517,"[-0.3334472235598682, -0.4275058308279914, 0.6888679050149501, 0.48115769052213825]","[5.75, 0.75, 42.125]","[0.015625, 0.947265625, -0.45703125]"
26446100923,"std_msgs.msg.Header(stamp=builtin_interfaces.msg.Time(sec=1730343863, nanosec=946717135), frame_id='RL_myo')","geometry_msgs.msg.Quaternion(x=-0.33460694194056445, y=-0.42384359810931765, z=0.6951547723022781, w=0.47450462726120907)",[0. 0. 0. 0. 0. 0. 0. 0. 0.],"geometry_msgs.msg.Vector3(x=23.5, y=0.75, z=49.625)",[0. 0. 0. 0. 0. 0. 0. 0. 0.],"geometry_msgs.msg.Vector3(x=0.00146484375, y=0.90380859375, z=-0.46435546875)",[0. 0. 0. 0. 0. 0. 0. 0. 0.],False,26.446100923,"[-0.33460694194056445, -0.42384359810931765, 0.6951547723022781, 0.47450462726120907]","[23.5, 0.75, 49.625]","[0.00146484375, 0.90380859375, -0.46435546875]"
26468981064,"std_msgs.msg.Header(stamp=builtin_interfaces.msg.Time(sec=1730343863, nanosec=969486789), frame_id='RL_myo')","geometry_msgs.msg.Quaternion(x=-0.33558385515315564, y=-0.4198155248714813, z=0.7026630302879461, w=0.46626501810021026)",[0. 0. 0. 0. 0. 0. 0. 0. 0.],"geometry_msgs.msg.Vector3(x=32.625, y=-0.125, z=54.5)",[0. 0. 0. 0. 0. 0. 0. 0. 0.],"geometry_msgs.msg.Vector3(x=0.04736328125, y=0.87158203125, z=-0.47607421875)",[0. 0. 0. 0. 0. 0. 0. 0. 0.],False,26.468981064,"[-0.33558385515315564, -0.4198155248714813, 0.7026630302879461, 0.46626501810021026]","[32.625, -0.125, 54.5]","[0.04736328125, 0.87158203125, -0.47607421875]"
26490105716,"std_msgs.msg.Header(stamp=builtin_interfaces.msg.Time(sec=1730343863, nanosec=990511785), frame_id='RL_myo')","geometry_msgs.msg.Quaternion(x=-0.336065799410945, y=-0.4163285175775619, z=0.7099740971209794, w=0.457894229418981)",[0. 0. 0. 0. 0. 0. 0. 0. 0.],"geometry_msgs.msg.Vector3(x=38.5, y=-1.0, z=48.0)",[0. 0. 0. 0. 0. 0. 0. 0. 0.],"geometry_msgs.msg.Vector3(x=0.10595703125, y=0.88232421875, z=-0.4453125)",[0. 0. 0. 0. 0. 0. 0. 0. 0.],False,26.490105716,"[-0.336065799410945, -0.4163285175775619, 0.7099740971209794, 0.457894229418981]","[38.5, -1.0, 48.0]","[0.10595703125, 0.88232421875, -0.4453125]"
26505804796,"std_msgs.msg.Header(stamp=builtin_interfaces.msg.Time(sec=1730343864, nanosec=6238300), frame_id='RL_myo')","geometry_msgs.msg.Quaternion(x=-0.3356909627115971, y=-0.41442575214758987, z=0.7168527921904924, w=0.4490934733876239)",[0. 0. 0. 0. 0. 0. 0. 0. 0.],"geometry_msgs.msg.Vector3(x=47.5, y=1.625, z=40.0625)",[0. 0. 0. 0. 0. 0. 0. 0. 0.],"geometry_msgs.msg.Vector3(x=0.1064453125, y=0.9140625, z=-0.4189453125)",[0. 0. 0. 0. 0. 0. 0. 0. 0.],False,26.505804796,"[-0.3356909627115971, -0.41442575214758987, 0.7168527921904924, 0.4490934733876239]","[47.5, 1.625, 40.0625]","[0.1064453125, 0.9140625, -0.4189453125]"
26528769473,"std_msgs.msg.Header(stamp=builtin_interfaces.msg.Time(sec=1730343864, nanosec=29278566), frame_id='RL_myo')","geometry_msgs.msg.Quaternion(x=-0.3338735591836992, y=-0.41450371854049384, z=0.7231078712338729, w=0.4402614227407719)",[0. 0. 0. 0. 0. 0. 0. 0. 0.],"geometry_msgs.msg.Vector3(x=50.9375, y=4.75, z=32.625)",[0. 0. 0. 0. 0. 0. 0. 0. 0.],"geometry_msgs.msg.Vector3(x=0.03564453125, y=0.97216796875, z=-0.50537109375)",[0. 0. 0. 0. 0. 0. 0. 0. 0.],False,26.528769473,"[-0.3338735591836992, -0.41450371854049384, 0.7231078712338729, 0.4402614227407719]","[50.9375, 4.75, 32.625]","[0.03564453125, 0.97216796875, -0.50537109375]"
26549666451,"std_msgs.msg.Header(stamp=builtin_interfaces.msg.Time(sec=1730343864, nanosec=50226855), frame_id='RL_myo')","geometry_msgs.msg.Quaternion(x=-0.3318523267786794, y=-0.41382357468446684, z=0.7299896686174371, w=0.43097466974144844)",[0. 0. 0. 0. 0. 0. 0. 0. 0.],"geometry_msgs.msg.Vector3(x=52.625, y=2.625, z=38.1875)",[0. 0. 0. 0. 0. 0. 0. 0. 0.],"geometry_msgs.msg.Vector3(x=0.04052734375, y=0.978515625, z=-0.54345703125)",[0. 0. 0. 0. 0. 0. 0. 0. 0.],False,26.549666451,"[-0.3318523267786794, -0.41382357468446684, 0.7299896686174371, 0.43097466974144844]","[52.625, 2.625, 38.1875]","[0.04052734375, 0.978515625, -0.54345703125]"
26565554677,"std_msgs.msg.Header(stamp=builtin_interfaces.msg.Time(sec=1730343864, nanosec=66114381), frame_id='RL_myo')","geometry_msgs.msg.Quaternion(x=-0.3328870418157459, y=-0.41125648840383133, z=0.7344999378824141, w=0.424928416780569)",[0. 0. 0. 0. 0. 0. 0. 0. 0.],"geometry_msgs.msg.Vector3(x=29.3125, y=4.375, z=37.125)",[0. 0. 0. 0. 0. 0. 0. 0. 0.],"geometry_msgs.msg.Vector3(x=0.12255859375, y=0.9716796875, z=-0.44921875)",[0. 0. 0. 0. 0. 0. 0. 0. 0.],False,26.565554677,"[-0.3328870418157459, -0.41125648840383133, 0.7344999378824141, 0.424928416780569]","[29.3125, 4.375, 37.125]","[0.12255859375, 0.9716796875, -0.44921875]"
26588578160,"std_msgs.msg.Header(stamp=builtin_interfaces.msg.Time(sec=1730343864, nanosec=89183664), frame_id='RL_myo')","geometry_msgs.msg.Quaternion(x=-0.3349025179664446, y=-0.4087556338292837, z=0.7371883747036118, w=0.4210848316840717)",[0. 0. 0. 0. 0. 0. 0. 0. 0.],"geometry_msgs.msg.Vector3(x=10.4375, y=8.4375, z=32.6875)",[0. 0. 0. 0. 0. 0. 0. 0. 0.],"geometry_msgs.msg.Vector3(x=0.103515625, y=0.9521484375, z=-0.4892578125)",[0. 0. 0. 0. 0. 0. 0. 0. 0.],False,26.58857816,"[-0.3349025179664446, -0.4087556338292837, 0.7371883747036118, 0.4210848316840717]","[10.4375, 8.4375, 32.6875]","[0.103515625, 0.9521484375, -0.4892578125]"
26609739557,"std_msgs.msg.Header(stamp=builtin_interfaces.msg.Time(sec=1730343864, nanosec=110289579), frame_id='RL_myo')","geometry_msgs.msg.Quaternion(x=-0.3344874068423565, y=-0.40779386224704084, z=0.7390462631473089, w=0.4190858641203686)",[0. 0. 0. 0. 0. 0. 0. 0. 0.],"geometry_msgs.msg.Vector3(x=3.75, y=4.0, z=23.1875)",[0. 0. 0. 0. 0. 0. 0. 0. 0.],"geometry_msgs.msg.Vector3(x=0.0, y=1.11767578125, z=-0.6650390625)",[0. 0. 0. 0. 0. 0. 0. 0. 0.],False,26.609739557,"[-0.3344874068423565, -0.40779386224704084, 0.7390462631473089, 0.4190858641203686]","[3.75, 4.0, 23.1875]","[0.0, 1.11767578125, -0.6650390625]"
26625577957,"std_msgs.msg.Header(stamp=builtin_interfaces.msg.Time(sec=1730343864, nanosec=126109142), frame_id='RL_myo')","geometry_msgs.msg.Quaternion(x=-0.3338640515256192, y=-0.4071676577198182, z=0.7379799354654958, w=0.4220603137659336)",[0. 0. 0. 0. 0. 0. 0. 0. 0.],"geometry_msgs.msg.Vector3(x=-5.25, y=-7.6875, z=-0.8125)",[0. 0. 0. 0. 0. 0. 0. 0. 0.],"geometry_msgs.msg.Vector3(x=0.09716796875, y=1.1865234375, z=-0.40478515625)",[0. 0. 0. 0. 0. 0. 0. 0. 0.],False,26.625577957,"[-0.3338640515256192, -0.4071676577198182, 0.7379799354654958, 0.4220603137659336]","[-5.25, -7.6875, -0.8125]","[0.09716796875, 1.1865234375, -0.40478515625]"
26648484066,"std_msgs.msg.Header(stamp=builtin_interfaces.msg.Time(sec=1730343864, nanosec=149121986), frame_id='RL_myo')","geometry_msgs.msg.Quaternion(x=-0.33782861890492977, y=-0.40490606283926, z=0.7338235745427228, w=0.42828246049790286)",[0. 0. 0. 0. 0. 0. 0. 0. 0.],"geometry_msgs.msg.Vector3(x=-46.375, y=4.375, z=-1.5)",[0. 0. 0. 0. 0. 0. 0. 0. 0.],"geometry_msgs.msg.Vector3(x=0.158203125, y=1.02490234375, z=-0.40234375)",[0. 0. 0. 0. 0. 0. 0. 0. 0.],False,26.648484066,"[-0.33782861890492977, -0.40490606283926, 0.7338235745427228, 0.42828246049790286]","[-46.375, 4.375, -1.5]","[0.158203125, 1.02490234375, -0.40234375]"
26671205435,"std_msgs.msg.Header(stamp=builtin_interfaces.msg.Time(sec=1730343864, nanosec=171788830), frame_id='RL_myo')","geometry_msgs.msg.Quaternion(x=-0.3446182464855296, y=-0.40174943293796594, z=0.7269577250518344, w=0.4374564244707387)",[0. 0. 0. 0. 0. 0. 0. 0. 0.],"geometry_msgs.msg.Vector3(x=-76.4375, y=15.6875, z=3.0)",[0. 0. 0. 0. 0. 0. 0. 0. 0.],"geometry_msgs.msg.Vector3(x=0.0625, y=1.021484375, z=-0.41162109375)",[0. 0. 0. 0. 0. 0. 0. 0. 0.],False,26.671205435,"[-0.3446182464855296, -0.40174943293796594, 0.7269577250518344, 0.4374564244707387]","[-76.4375, 15.6875, 3.0]","[0.0625, 1.021484375, -0.41162109375]"
26692165589,"std_msgs.msg.Header(stamp=builtin_interfaces.msg.Time(sec=1730343864, nanosec=192757281), frame_id='RL_myo')","geometry_msgs.msg.Quaternion(x=-0.34559094805886487, y=-0.40266045290433267, z=0.7231041966890449, w=0.44221236642290285)",[0. 0. 0. 0. 0. 0. 0. 0. 0.],"geometry_msgs.msg.Vector3(x=-35.75, y=9.8125, z=-5.3125)",[0. 0. 0. 0. 0. 0. 0. 0. 0.],"geometry_msgs.msg.Vector3(x=-0.0673828125, y=1.00341796875, z=-0.4990234375)",[0. 0. 0. 0. 0. 0. 0. 0. 0.],False,26.692165589,"[-0.34559094805886487, -0.40266045290433267, 0.7231041966890449, 0.44221236642290285]","[-35.75, 9.8125, -5.3125]","[-0.0673828125, 1.00341796875, -0.4990234375]"
26708664230,"std_msgs.msg.Header(stamp=builtin_interfaces.msg.Time(sec=1730343864, nanosec=209198423), frame_id='RL_myo')","geometry_msgs.msg.Quaternion(x=-0.34429633436534257, y=-0.40331681926718377, z=0.722955164076845, w=0.44286725796045484)",[0. 0. 0. 0. 0. 0. 0. 0. 0.],"geometry_msgs.msg.Vector3(x=-3.25, y=1.0, z=5.4375)",[0. 0. 0. 0. 0. 0. 0. 0. 0.],"geometry_msgs.msg.Vector3(x=-0.07177734375, y=0.8388671875, z=-0.40185546875)",[0. 0. 0. 0. 0. 0. 0. 0. 0.],False,26.70866423,"[-0.34429633436534257, -0.40331681926718377, 0.722955164076845, 0.44286725796045484]","[-3.25, 1.0, 5.4375]","[-0.07177734375, 0.8388671875, -0.40185546875]"
26731212808,"std_msgs.msg.Header(stamp=builtin_interfaces.msg.Time(sec=1730343864, nanosec=231767585), frame_id='RL_myo')","geometry_msgs.msg.Quaternion(x=-0.34461123657542225, y=-0.40216851537291126, z=0.7242573385058378, w=0.44153696163418427)",[0. 0. 0. 0. 0. 0. 0. 0. 0.],"geometry_msgs.msg.Vector3(x=4.1875, y=2.5, z=19.4375)",[0. 0. 0. 0. 0. 0. 0. 0. 0.],"geometry_msgs.msg.Vector3(x=-0.001953125, y=0.82177734375, z=-0.3583984375)",[0. 0. 0. 0. 0. 0. 0. 0. 0.],False,26.731212808,"[-0.34461123657542225, -0.40216851537291126, 0.7242573385058378, 0.44153696163418427]","[4.1875, 2.5, 19.4375]","[-0.001953125, 0.82177734375, -0.3583984375]"
26746147003,"std_msgs.msg.Header(stamp=builtin_interfaces.msg.Time(sec=1730343864, nanosec=246770991), frame_id='RL_myo')","geometry_msgs.msg.Quaternion(x=-0.34424676712205227, y=-0.40217055825659614, z=0.725725897354823, w=0.43940292136731457)",[0. 0. 0. 0. 0. 0. 0. 0. 0.],"geometry_msgs.msg.Vector3(x=14.25, y=3.125, z=13.1875)",[0. 0. 0. 0. 0. 0. 0. 0. 0.],"geometry_msgs.msg.Vector3(x=0.0498046875, y=0.94970703125, z=-0.3798828125)",[0. 0. 0. 0. 0. 0. 0. 0. 0.],False,26.746147003,"[-0.34424676712205227, -0.40217055825659614, 0.725725897354823, 0.43940292136731457]","[14.25, 3.125, 13.1875]","[0.0498046875, 0.94970703125, -0.3798828125]"
26768550061,"std_msgs.msg.Header(stamp=builtin_interfaces.msg.Time(sec=1730343864, nanosec=269165761), frame_id='RL_myo')","geometry_msgs.msg.Quaternion(x=-0.34229590658454795, y=-0.40327194272541156, z=0.7293319878350148, w=0.4339125534788786)",[0. 0. 0. 0. 0. 0. 0. 0. 0.],"geometry_msgs.msg.Vector3(x=35.25, y=2.25, z=13.6875)",[0. 0. 0. 0. 0. 0. 0. 0. 0.],"geometry_msgs.msg.Vector3(x=0.07958984375, y=0.86279296875, z=-0.42041015625)",[0. 0. 0. 0. 0. 0. 0. 0. 0.],False,26.768550061,"[-0.34229590658454795, -0.40327194272541156, 0.7293319878350148, 0.4339125534788786]","[35.25, 2.25, 13.6875]","[0.07958984375, 0.86279296875, -0.42041015625]"
26790926616,"std_msgs.msg.Header(stamp=builtin_interfaces.msg.Time(sec=1730343864, nanosec=291613593), frame_id='RL_myo')","geometry_msgs.msg.Quaternion(x=-0.341259623995855, y=-0.40235797556442077, z=0.7334854053940602, w=0.42854298337952035)",[0. 0. 0. 0. 0. 0. 0. 0. 0.],"geometry_msgs.msg.Vector3(x=33.0, y=-0.75, z=24.875)",[0. 0. 0. 0. 0. 0. 0. 0. 0.],"geometry_msgs.msg.Vector3(x=0.09814453125, y=0.91064453125, z=-0.41064453125)",[0. 0. 0. 0. 0. 0. 0. 0. 0.],False,26.790926616,"[-0.341259623995855, -0.40235797556442077, 0.7334854053940602, 0.42854298337952035]","[33.0, -0.75, 24.875]","[0.09814453125, 0.91064453125, -0.41064453125]"
26812543188,"std_msgs.msg.Header(stamp=builtin_interfaces.msg.Time(sec=1730343864, nanosec=312949483), frame_id='RL_myo')","geometry_msgs.msg.Quaternion(x=-0.3388771720939828, y=-0.4026607896801161, z=0.7366550054038686, w=0.4246951303007803)",[0. 0. 0. 0. 0. 0. 0. 0. 0.],"geometry_msgs.msg.Vector3(x=31.625, y=-5.1875, z=11.1875)",[0. 0. 0. 0. 0. 0. 0. 0. 0.],"geometry_msgs.msg.Vector3(x=0.1220703125, y=1.0048828125, z=-0.4296875)",[0. 0. 0. 0. 0. 0. 0. 0. 0.],False,26.812543188,"[-0.3388771720939828, -0.4026607896801161, 0.7366550054038686, 0.4246951303007803]","[31.625, -5.1875, 11.1875]","[0.1220703125, 1.0048828125, -0.4296875]"
26836251531,"std_msgs.msg.Header(stamp=builtin_interfaces.msg.Time(sec=1730343864, nanosec=336824360), frame_id='RL_myo')","geometry_msgs.msg.Quaternion(x=-0.33367278898490904, y=-0.40465531204864585, z=0.7410135963171357, w=0.4193034681409045)",[0. 0. 0. 0. 0. 0. 0. 0. 0.],"geometry_msgs.msg.Vector3(x=39.5625, y=-11.1875, z=0.3125)",[0. 0. 0. 0. 0. 0. 0. 0. 0.],"geometry_msgs.msg.Vector3(x=0.1494140625, y=0.9482421875, z=-0.60595703125)",[0. 0. 0. 0. 0. 0. 0. 0. 0.],False,26.836251531,"[-0.33367278898490904, -0.40465531204864585, 0.7410135963171357, 0.4193034681409045]","[39.5625, -11.1875, 0.3125]","[0.1494140625, 0.9482421875, -0.60595703125]"
26851184769,"std_msgs.msg.Header(stamp=builtin_interfaces.msg.Time(sec=1730343864, nanosec=351764901), frame_id='RL_myo')","geometry_msgs.msg.Quaternion(x=-0.33233632859439416, y=-0.4045408973229834, z=0.744750758771129, w=0.41381823835996184)",[0. 0. 0. 0. 0. 0. 0. 0. 0.],"geometry_msgs.msg.Vector3(x=37.6875, y=0.1875, z=18.1875)",[0. 0. 0. 0. 0. 0. 0. 0. 0.],"geometry_msgs.msg.Vector3(x=0.1416015625, y=0.93505859375, z=-0.42041015625)",[0. 0. 0. 0. 0. 0. 0. 0. 0.],False,26.851184769,"[-0.33233632859439416, -0.4045408973229834, 0.744750758771129, 0.41381823835996184]","[37.6875, 0.1875, 18.1875]","[0.1416015625, 0.93505859375, -0.42041015625]"
26872270492,"std_msgs.msg.Header(stamp=builtin_interfaces.msg.Time(sec=1730343864, nanosec=372794636), frame_id='RL_myo')","geometry_msgs.msg.Quaternion(x=-0.3328844084722396, y=-0.40337973149853895, z=0.7478607731958841, w=0.4088728735525363)",[0. 0. 0. 0. 0. 0. 0. 0. 0.],"geometry_msgs.msg.Vector3(x=19.1875, y=6.125, z=23.3125)",[0. 0. 0. 0. 0. 0. 0. 0. 0.],"geometry_msgs.msg.Vector3(x=0.15966796875, y=0.86767578125, z=-0.53125)",[0. 0. 0. 0. 0. 0. 0. 0. 0.],False,26.872270492,"[-0.3328844084722396, -0.40337973149853895, 0.7478607731958841, 0.4088728735525363]","[19.1875, 6.125, 23.3125]","[0.15966796875, 0.86767578125, -0.53125]"
26888987975,"std_msgs.msg.Header(stamp=builtin_interfaces.msg.Time(sec=1730343864, nanosec=389361461), frame_id='RL_myo')","geometry_msgs.msg.Quaternion(x=-0.3333828898224958, y=-0.4024154874770624, z=0.7505692779471312, w=0.40442970120173144)",[0. 0. 0. 0. 0. 0. 0. 0. 0.],"geometry_msgs.msg.Vector3(x=17.6875, y=7.0625, z=22.25)",[0. 0. 0. 0. 0. 0. 0. 0. 0.],"geometry_msgs.msg.Vector3(x=0.1337890625, y=0.84375, z=-0.509765625)",[0. 0. 0. 0. 0. 0. 0. 0. 0.],False,26.888987975,"[-0.3333828898224958, -0.4024154874770624, 0.7505692779471312, 0.40442970120173144]","[17.6875, 7.0625, 22.25]","[0.1337890625, 0.84375, -0.509765625]"
26917234608,"std_msgs.msg.Header(stamp=builtin_interfaces.msg.Time(sec=1730343864, nanosec=417799104), frame_id='RL_myo')","geometry_msgs.msg.Quaternion(x=-0.33258784862786966, y=-0.402840851705623, z=0.7534344656748804, w=0.3993007351300282)",[0. 0. 0. 0. 0. 0. 0. 0. 0.],"geometry_msgs.msg.Vector3(x=22.25, y=7.1875, z=15.625)",[0. 0. 0. 0. 0. 0. 0. 0. 0.],"geometry_msgs.msg.Vector3(x=0.13134765625, y=0.86962890625, z=-0.60595703125)",[0. 0. 0. 0. 0. 0. 0. 0. 0.],False,26.917234608,"[-0.33258784862786966, -0.402840851705623, 0.7534344656748804, 0.3993007351300282]","[22.25, 7.1875, 15.625]","[0.13134765625, 0.86962890625, -0.60595703125]"
26932216703,"std_msgs.msg.Header(stamp=builtin_interfaces.msg.Time(sec=1730343864, nanosec=432769005), frame_id='RL_myo')","geometry_msgs.msg.Quaternion(x=-0.3284377721305546, y=-0.4046114089302075, z=0.7572196619683442, w=0.3937468998353852)",[0. 0. 0. 0. 0. 0. 0. 0. 0.],"geometry_msgs.msg.Vector3(x=31.5, y=0.0625, z=12.0)",[0. 0. 0. 0. 0. 0. 0. 0. 0.],"geometry_msgs.msg.Vector3(x=0.00830078125, y=0.828125, z=-0.68701171875)",[0. 0. 0. 0. 0. 0. 0. 0. 0.],False,26.932216703,"[-0.3284377721305546, -0.4046114089302075, 0.7572196619683442, 0.3937468998353852]","[31.5, 0.0625, 12.0]","[0.00830078125, 0.828125, -0.68701171875]"
26948750674,"std_msgs.msg.Header(stamp=builtin_interfaces.msg.Time(sec=1730343864, nanosec=449297456), frame_id='RL_myo')","geometry_msgs.msg.Quaternion(x=-0.3247670827983376, y=-0.40234253144270654, z=0.761960582908184, w=0.3899524322493101)",[0. 0. 0. 0. 0. 0. 0. 0. 0.],"geometry_msgs.msg.Vector3(x=27.3125, y=-16.125, z=27.125)",[0. 0. 0. 0. 0. 0. 0. 0. 0.],"geometry_msgs.msg.Vector3(x=0.0654296875, y=0.90380859375, z=-0.57861328125)",[0. 0. 0. 0. 0. 0. 0. 0. 0.],False,26.948750674,"[-0.3247670827983376, -0.40234253144270654, 0.761960582908184, 0.3899524322493101]","[27.3125, -16.125, 27.125]","[0.0654296875, 0.90380859375, -0.57861328125]"
26971460486,"std_msgs.msg.Header(stamp=builtin_interfaces.msg.Time(sec=1730343864, nanosec=471959795), frame_id='RL_myo')","geometry_msgs.msg.Quaternion(x=-0.3253782809982523, y=-0.39727766479415194, z=0.765624677704385, w=0.3874510087745086)",[0. 0. 0. 0. 0. 0. 0. 0. 0.],"geometry_msgs.msg.Vector3(x=5.875, y=-12.3125, z=31.6875)",[0. 0. 0. 0. 0. 0. 0. 0. 0.],"geometry_msgs.msg.Vector3(x=0.28271484375, y=0.88818359375, z=-0.546875)",[0. 0. 0. 0. 0. 0. 0. 0. 0.],False,26.971460486,"[-0.3253782809982523, -0.39727766479415194, 0.765624677704385, 0.3874510087745086]","[5.875, -12.3125, 31.6875]","[0.28271484375, 0.88818359375, -0.546875]"
26992207701,"std_msgs.msg.Header(stamp=builtin_interfaces.msg.Time(sec=1730343864, nanosec=492729532), frame_id='RL_myo')","geometry_msgs.msg.Quaternion(x=-0.32910312320764823, y=-0.3929461994085385, z=0.7665441625305739, w=0.38690369028436244)",[0. 0. 0. 0. 0. 0. 0. 0. 0.],"geometry_msgs.msg.Vector3(x=-10.125, y=2.4375, z=23.9375)",[0. 0. 0. 0. 0. 0. 0. 0. 0.],"geometry_msgs.msg.Vector3(x=0.3251953125, y=0.93017578125, z=-0.49755859375)",[0. 0. 0. 0. 0. 0. 0. 0. 0.],False,26.992207701,"[-0.32910312320764823, -0.3929461994085385, 0.7665441625305739, 0.38690369028436244]","[-10.125, 2.4375, 23.9375]","[0.3251953125, 0.93017578125, -0.49755859375]"
27008949246,"std_msgs.msg.Header(stamp=builtin_interfaces.msg.Time(sec=1730343864, nanosec=509322753), frame_id='RL_myo')","geometry_msgs.msg.Quaternion(x=-0.33239411454434403, y=-0.3906210674042971, z=0.7667769484062789, w=0.38598244222887107)",[0. 0. 0. 0. 0. 0. 0. 0. 0.],"geometry_msgs.msg.Vector3(x=-7.75, y=9.5625, z=17.6875)",[0. 0. 0. 0. 0. 0. 0. 0. 0.],"geometry_msgs.msg.Vector3(x=0.24951171875, y=0.8896484375, z=-0.50732421875)",[0. 0. 0. 0. 0. 0. 0. 0. 0.],False,27.008949246,"[-0.33239411454434403, -0.3906210674042971, 0.7667769484062789, 0.38598244222887107]","[-7.75, 9.5625, 17.6875]","[0.24951171875, 0.8896484375, -0.50732421875]"
27031153483,"std_msgs.msg.Header(stamp=builtin_interfaces.msg.Time(sec=1730343864, nanosec=531778435), frame_id='RL_myo')","geometry_msgs.msg.Quaternion(x=-0.3349029508944046, y=-0.389285770148444, z=0.7672188978936879, w=0.3842808417771407)",[0. 0. 0. 0. 0. 0. 0. 0. 0.],"geometry_msgs.msg.Vector3(x=-3.5, y=13.25, z=17.625)",[0. 0. 0. 0. 0. 0. 0. 0. 0.],"geometry_msgs.msg.Vector3(x=0.17578125, y=0.814453125, z=-0.52490234375)",[0. 0. 0. 0. 0. 0. 0. 0. 0.],False,27.031153483,"[-0.3349029508944046, -0.389285770148444, 0.7672188978936879, 0.3842808417771407]","[-3.5, 13.25, 17.625]","[0.17578125, 0.814453125, -0.52490234375]"
27052644452,"std_msgs.msg.Header(stamp=builtin_interfaces.msg.Time(sec=1730343864, nanosec=553049615), frame_id='RL_myo')","geometry_msgs.msg.Quaternion(x=-0.3359888750133686, y=-0.3885996670681413, z=0.7679832905164791, w=0.38249632692257607)",[0. 0. 0. 0. 0. 0. 0. 0. 0.],"geometry_msgs.msg.Vector3(x=0.875, y=10.9375, z=17.5625)",[0. 0. 0. 0. 0. 0. 0. 0. 0.],"geometry_msgs.msg.Vector3(x=0.10791015625, y=0.89013671875, z=-0.587890625)",[0. 0. 0. 0. 0. 0. 0. 0. 0.],False,27.052644452,"[-0.3359888750133686, -0.3885996670681413, 0.7679832905164791, 0.38249632692257607]","[0.875, 10.9375, 17.5625]","[0.10791015625, 0.89013671875, -0.587890625]"
27068869551,"std_msgs.msg.Header(stamp=builtin_interfaces.msg.Time(sec=1730343864, nanosec=569384414), frame_id='RL_myo')","geometry_msgs.msg.Quaternion(x=-0.33447492712223537, y=-0.38922383398877647, z=0.7691092256692131, w=0.38092299638136334)",[0. 0. 0. 0. 0. 0. 0. 0. 0.],"geometry_msgs.msg.Vector3(x=10.75, y=0.8125, z=6.8125)",[0. 0. 0. 0. 0. 0. 0. 0. 0.],"geometry_msgs.msg.Vector3(x=0.10302734375, y=0.86962890625, z=-0.5537109375)",[0. 0. 0. 0. 0. 0. 0. 0. 0.],False,27.068869551,"[-0.33447492712223537, -0.38922383398877647, 0.7691092256692131, 0.38092299638136334]","[10.75, 0.8125, 6.8125]","[0.10302734375, 0.86962890625, -0.5537109375]"
27091243525,"std_msgs.msg.Header(stamp=builtin_interfaces.msg.Time(sec=1730343864, nanosec=591807768), frame_id='RL_myo')","geometry_msgs.msg.Quaternion(x=-0.3320990859246531, y=-0.3898395261534202, z=0.7700353001333253, w=0.3805009560107126)",[0. 0. 0. 0. 0. 0. 0. 0. 0.],"geometry_msgs.msg.Vector3(x=2.3125, y=-3.8125, z=1.375)",[0. 0. 0. 0. 0. 0. 0. 0. 0.],"geometry_msgs.msg.Vector3(x=0.1064453125, y=0.8623046875, z=-0.63232421875)",[0. 0. 0. 0. 0. 0. 0. 0. 0.],False,27.091243525,"[-0.3320990859246531, -0.3898395261534202, 0.7700353001333253, 0.3805009560107126]","[2.3125, -3.8125, 1.375]","[0.1064453125, 0.8623046875, -0.63232421875]"
27112050313,"std_msgs.msg.Header(stamp=builtin_interfaces.msg.Time(sec=1730343864, nanosec=612656742), frame_id='RL_myo')","geometry_msgs.msg.Quaternion(x=-0.33001737814064686, y=-0.3904422356141517, z=0.7704474503919707, w=0.3808597077117878)",[0. 0. 0. 0. 0. 0. 0. 0. 0.],"geometry_msgs.msg.Vector3(x=-4.8125, y=-5.75, z=-4.3125)",[0. 0. 0. 0. 0. 0. 0. 0. 0.],"geometry_msgs.msg.Vector3(x=0.19482421875, y=0.94970703125, z=-0.71826171875)",[0. 0. 0. 0. 0. 0. 0. 0. 0.],False,27.112050313,"[-0.33001737814064686, -0.3904422356141517, 0.7704474503919707, 0.3808597077117878]","[-4.8125, -5.75, -4.3125]","[0.19482421875, 0.94970703125, -0.71826171875]"
27135200947,"std_msgs.msg.Header(stamp=builtin_interfaces.msg.Time(sec=1730343864, nanosec=635537169), frame_id='RL_myo')","geometry_msgs.msg.Quaternion(x=-0.32800508881695395, y=-0.3915431047191588, z=0.7693532088830861, w=0.38366951773415936)",[0. 0. 0. 0. 0. 0. 0. 0. 0.],"geometry_msgs.msg.Vector3(x=-15.375, y=-9.75, z=-18.625)",[0. 0. 0. 0. 0. 0. 0. 0. 0.],"geometry_msgs.msg.Vector3(x=0.27978515625, y=1.072265625, z=-0.73828125)",[0. 0. 0. 0. 0. 0. 0. 0. 0.],False,27.135200947,"[-0.32800508881695395, -0.3915431047191588, 0.7693532088830861, 0.38366951773415936]","[-15.375, -9.75, -18.625]","[0.27978515625, 1.072265625, -0.73828125]"
27151480140,"std_msgs.msg.Header(stamp=builtin_interfaces.msg.Time(sec=1730343864, nanosec=651946897), frame_id='RL_myo')","geometry_msgs.msg.Quaternion(x=-0.3258194619087816, y=-0.3932661658070963, z=0.7667561035028315, w=0.3889324861901005)",[0. 0. 0. 0. 0. 0. 0. 0. 0.],"geometry_msgs.msg.Vector3(x=-26.0625, y=-11.375, z=-27.75)",[0. 0. 0. 0. 0. 0. 0. 0. 0.],"geometry_msgs.msg.Vector3(x=0.26611328125, y=1.18310546875, z=-0.76025390625)",[0. 0. 0. 0. 0. 0. 0. 0. 0.],False,27.15148014,"[-0.3258194619087816, -0.3932661658070963, 0.7667561035028315, 0.3889324861901005]","[-26.0625, -11.375, -27.75]","[0.26611328125, 1.18310546875, -0.76025390625]"
27172466062,"std_msgs.msg.Header(stamp=builtin_interfaces.msg.Time(sec=1730343864, nanosec=672912001), frame_id='RL_myo')","geometry_msgs.msg.Quaternion(x=-0.3233551650786928, y=-0.395496691149477, z=0.7632231671025015, w=0.3956187580294614)",[0. 0. 0. 0. 0. 0. 0. 0. 0.],"geometry_msgs.msg.Vector3(x=-30.25, y=-14.1875, z=-36.5)",[0. 0. 0. 0. 0. 0. 0. 0. 0.],"geometry_msgs.msg.Vector3(x=0.26416015625, y=1.2021484375, z=-0.7138671875)",[0. 0. 0. 0. 0. 0. 0. 0. 0.],False,27.172466062,"[-0.3233551650786928, -0.395496691149477, 0.7632231671025015, 0.3956187580294614]","[-30.25, -14.1875, -36.5]","[0.26416015625, 1.2021484375, -0.7138671875]"
27188772046,"std_msgs.msg.Header(stamp=builtin_interfaces.msg.Time(sec=1730343864, nanosec=689273616), frame_id='RL_myo')","geometry_msgs.msg.Quaternion(x=-0.318973943168367, y=-0.39874794694200955, z=0.7591042730931843, w=0.4037528959163314)",[0. 0. 0. 0. 0. 0. 0. 0. 0.],"geometry_msgs.msg.Vector3(x=-31.0625, y=-20.8125, z=-46.0625)",[0. 0. 0. 0. 0. 0. 0. 0. 0.],"geometry_msgs.msg.Vector3(x=0.18310546875, y=1.20068359375, z=-0.68408203125)",[0. 0. 0. 0. 0. 0. 0. 0. 0.],False,27.188772046,"[-0.318973943168367, -0.39874794694200955, 0.7591042730931843, 0.4037528959163314]","[-31.0625, -20.8125, -46.0625]","[0.18310546875, 1.20068359375, -0.68408203125]"
27211193695,"std_msgs.msg.Header(stamp=builtin_interfaces.msg.Time(sec=1730343864, nanosec=711759273), frame_id='RL_myo')","geometry_msgs.msg.Quaternion(x=-0.3110414811864032, y=-0.40314540487366424, z=0.7552033451176151, w=0.41278915566398056)",[0. 0. 0. 0. 0. 0. 0. 0. 0.],"geometry_msgs.msg.Vector3(x=-23.8125, y=-33.8125, z=-56.0)",[0. 0. 0. 0. 0. 0. 0. 0. 0.],"geometry_msgs.msg.Vector3(x=0.0791015625, y=1.21826171875, z=-0.673828125)",[0. 0. 0. 0. 0. 0. 0. 0. 0.],False,27.211193695,"[-0.3110414811864032, -0.40314540487366424, 0.7552033451176151, 0.41278915566398056]","[-23.8125, -33.8125, -56.0]","[0.0791015625, 1.21826171875, -0.673828125]"
27232262415,"std_msgs.msg.Header(stamp=builtin_interfaces.msg.Time(sec=1730343864, nanosec=732799296), frame_id='RL_myo')","geometry_msgs.msg.Quaternion(x=-0.3006682793276927, y=-0.40797133151163173, z=0.7513655133016437, w=0.4226202123558555)",[0. 0. 0. 0. 0. 0. 0. 0. 0.],"geometry_msgs.msg.Vector3(x=-18.125, y=-48.125, z=-68.9375)",[0. 0. 0. 0. 0. 0. 0. 0. 0.],"geometry_msgs.msg.Vector3(x=0.09521484375, y=1.17822265625, z=-0.60595703125)",[0. 0. 0. 0. 0. 0. 0. 0. 0.],False,27.232262415,"[-0.3006682793276927, -0.40797133151163173, 0.7513655133016437, 0.4226202123558555]","[-18.125, -48.125, -68.9375]","[0.09521484375, 1.17822265625, -0.60595703125]"
27248883444,"std_msgs.msg.Header(stamp=builtin_interfaces.msg.Time(sec=1730343864, nanosec=749372869), frame_id='RL_myo')","geometry_msgs.msg.Quaternion(x=-0.28888649152729373, y=-0.41388956244381553, z=0.74806525251606, w=0.4308577527342418)",[0. 0. 0. 0. 0. 0. 0. 0. 0.],"geometry_msgs.msg.Vector3(x=-6.9375, y=-50.75, z=-77.5625)",[0. 0. 0. 0. 0. 0. 0. 0. 0.],"geometry_msgs.msg.Vector3(x=0.1171875, y=1.091796875, z=-0.5859375)",[0. 0. 0. 0. 0. 0. 0. 0. 0.],False,27.248883444,"[-0.28888649152729373, -0.41388956244381553, 0.74806525251606, 0.4308577527342418]","[-6.9375, -50.75, -77.5625]","[0.1171875, 1.091796875, -0.5859375]"
27271104463,"std_msgs.msg.Header(stamp=builtin_interfaces.msg.Time(sec=1730343864, nanosec=771656341), frame_id='RL_myo')","geometry_msgs.msg.Quaternion(x=-0.2768641104629352, y=-0.4193856488075017, z=0.7459339272415192, w=0.4370863966104671)",[0. 0. 0. 0. 0. 0. 0. 0. 0.],"geometry_msgs.msg.Vector3(x=6.9375, y=-51.875, z=-73.1875)",[0. 0. 0. 0. 0. 0. 0. 0. 0.],"geometry_msgs.msg.Vector3(x=0.1318359375, y=1.02490234375, z=-0.517578125)",[0. 0. 0. 0. 0. 0. 0. 0. 0.],False,27.271104463,"[-0.2768641104629352, -0.4193856488075017, 0.7459339272415192, 0.4370863966104671]","[6.9375, -51.875, -73.1875]","[0.1318359375, 1.02490234375, -0.517578125]"
27292106899,"std_msgs.msg.Header(stamp=builtin_interfaces.msg.Time(sec=1730343864, nanosec=792729495), frame_id='RL_myo')","geometry_msgs.msg.Quaternion(x=-0.26361452104870864, y=-0.42511579974629676, z=0.7447613766696788, w=0.4417175940795333)",[0. 0. 0. 0. 0. 0. 0. 0. 0.],"geometry_msgs.msg.Vector3(x=16.1875, y=-52.625, z=-70.4375)",[0. 0. 0. 0. 0. 0. 0. 0. 0.],"geometry_msgs.msg.Vector3(x=0.05615234375, y=0.9658203125, z=-0.54638671875)",[0. 0. 0. 0. 0. 0. 0. 0. 0.],False,27.292106899,"[-0.26361452104870864, -0.42511579974629676, 0.7447613766696788, 0.4417175940795333]","[16.1875, -52.625, -70.4375]","[0.05615234375, 0.9658203125, -0.54638671875]"
27308556842,"std_msgs.msg.Header(stamp=builtin_interfaces.msg.Time(sec=1730343864, nanosec=809205885), frame_id='RL_myo')","geometry_msgs.msg.Quaternion(x=-0.24853934774963113, y=-0.43115961505486106, z=0.74458042809375, w=0.44489275681411133)",[0. 0. 0. 0. 0. 0. 0. 0. 0.],"geometry_msgs.msg.Vector3(x=30.5625, y=-55.9375, z=-67.9375)",[0. 0. 0. 0. 0. 0. 0. 0. 0.],"geometry_msgs.msg.Vector3(x=-0.0361328125, y=0.89501953125, z=-0.5126953125)",[0. 0. 0. 0. 0. 0. 0. 0. 0.],False,27.308556842,"[-0.24853934774963113, -0.43115961505486106, 0.74458042809375, 0.44489275681411133]","[30.5625, -55.9375, -67.9375]","[-0.0361328125, 0.89501953125, -0.5126953125]"
27332908626,"std_msgs.msg.Header(stamp=builtin_interfaces.msg.Time(sec=1730343864, nanosec=833374612), frame_id='RL_myo')","geometry_msgs.msg.Quaternion(x=-0.23296967522539855, y=-0.4368868051515334, z=0.7445630254321816, w=0.44775099225924125)",[0. 0. 0. 0. 0. 0. 0. 0. 0.],"geometry_msgs.msg.Vector3(x=32.9375, y=-58.875, z=-68.125)",[0. 0. 0. 0. 0. 0. 0. 0. 0.],"geometry_msgs.msg.Vector3(x=-0.04248046875, y=0.830078125, z=-0.49267578125)",[0. 0. 0. 0. 0. 0. 0. 0. 0.],False,27.332908626,"[-0.23296967522539855, -0.4368868051515334, 0.7445630254321816, 0.44775099225924125]","[32.9375, -58.875, -68.125]","[-0.04248046875, 0.830078125, -0.49267578125]"
27345074065,"std_msgs.msg.Header(stamp=builtin_interfaces.msg.Time(sec=1730343864, nanosec=845515862), frame_id='RL_myo')","geometry_msgs.msg.Quaternion(x=-0.21869144069794702, y=-0.44153331900891674, z=0.7444542289123248, w=0.4505666244019662)",[0. 0. 0. 0. 0. 0. 0. 0. 0.],"geometry_msgs.msg.Vector3(x=29.4375, y=-58.3125, z=-64.5625)",[0. 0. 0. 0. 0. 0. 0. 0. 0.],"geometry_msgs.msg.Vector3(x=0.0009765625, y=0.7734375, z=-0.447265625)",[0. 0. 0. 0. 0. 0. 0. 0. 0.],False,27.345074065,"[-0.21869144069794702, -0.44153331900891674, 0.7444542289123248, 0.4505666244019662]","[29.4375, -58.3125, -64.5625]","[0.0009765625, 0.7734375, -0.447265625]"
27360610247,"std_msgs.msg.Header(stamp=builtin_interfaces.msg.Time(sec=1730343864, nanosec=861188096), frame_id='RL_myo')","geometry_msgs.msg.Quaternion(x=-0.20575640575631104, y=-0.44465601184655174, z=0.7452031913019287, w=0.4523466992168559)",[0. 0. 0. 0. 0. 0. 0. 0. 0.],"geometry_msgs.msg.Vector3(x=30.6875, y=-54.5625, z=-50.75)",[0. 0. 0. 0. 0. 0. 0. 0. 0.],"geometry_msgs.msg.Vector3(x=-0.01513671875, y=0.65966796875, z=-0.392578125)",[0. 0. 0. 0. 0. 0. 0. 0. 0.],False,27.360610247,"[-0.20575640575631104, -0.44465601184655174, 0.7452031913019287, 0.4523466992168559]","[30.6875, -54.5625, -50.75]","[-0.01513671875, 0.65966796875, -0.392578125]"
27383444201,"std_msgs.msg.Header(stamp=builtin_interfaces.msg.Time(sec=1730343864, nanosec=883802809), frame_id='RL_myo')","geometry_msgs.msg.Quaternion(x=-0.1940946077862811, y=-0.4471500303906589, z=0.7462876633342325, w=0.45325363440909544)",[0. 0. 0. 0. 0. 0. 0. 0. 0.],"geometry_msgs.msg.Vector3(x=31.625, y=-47.5625, z=-40.375)",[0. 0. 0. 0. 0. 0. 0. 0. 0.],"geometry_msgs.msg.Vector3(x=-0.0625, y=0.6044921875, z=-0.36572265625)",[0. 0. 0. 0. 0. 0. 0. 0. 0.],False,27.383444201,"[-0.1940946077862811, -0.4471500303906589, 0.7462876633342325, 0.45325363440909544]","[31.625, -47.5625, -40.375]","[-0.0625, 0.6044921875, -0.36572265625]"
27404814046,"std_msgs.msg.Header(stamp=builtin_interfaces.msg.Time(sec=1730343864, nanosec=905365321), frame_id='RL_myo')","geometry_msgs.msg.Quaternion(x=-0.18256239438914112, y=-0.4496613706000677, z=0.7476451918664626, w=0.45332360519162523)",[0. 0. 0. 0. 0. 0. 0. 0. 0.],"geometry_msgs.msg.Vector3(x=35.5625, y=-43.0625, z=-34.75)",[0. 0. 0. 0. 0. 0. 0. 0. 0.],"geometry_msgs.msg.Vector3(x=-0.13671875, y=0.58935546875, z=-0.3662109375)",[0. 0. 0. 0. 0. 0. 0. 0. 0.],False,27.404814046,"[-0.18256239438914112, -0.4496613706000677, 0.7476451918664626, 0.45332360519162523]","[35.5625, -43.0625, -34.75]","[-0.13671875, 0.58935546875, -0.3662109375]"
27421476194,"std_msgs.msg.Header(stamp=builtin_interfaces.msg.Time(sec=1730343864, nanosec=921793015), frame_id='RL_myo')","geometry_msgs.msg.Quaternion(x=-0.1707158732393325, y=-0.45202780021826827, z=0.7492089181311428, w=0.45300436581420295)",[0. 0. 0. 0. 0. 0. 0. 0. 0.],"geometry_msgs.msg.Vector3(x=37.5, y=-41.8125, z=-30.625)",[0. 0. 0. 0. 0. 0. 0. 0. 0.],"geometry_msgs.msg.Vector3(x=-0.21337890625, y=0.591796875, z=-0.38720703125)",[0. 0. 0. 0. 0. 0. 0. 0. 0.],False,27.421476194,"[-0.1707158732393325, -0.45202780021826827, 0.7492089181311428, 0.45300436581420295]","[37.5, -41.8125, -30.625]","[-0.21337890625, 0.591796875, -0.38720703125]"
27442941969,"std_msgs.msg.Header(stamp=builtin_interfaces.msg.Time(sec=1730343864, nanosec=943575849), frame_id='RL_myo')","geometry_msgs.msg.Quaternion(x=-0.1605230855445901, y=-0.4531877985431869, z=0.7507963784349821, w=0.45294365696821415)",[0. 0. 0. 0. 0. 0. 0. 0. 0.],"geometry_msgs.msg.Vector3(x=32.5625, y=-38.625, z=-22.3125)",[0. 0. 0. 0. 0. 0. 0. 0. 0.],"geometry_msgs.msg.Vector3(x=-0.20849609375, y=0.5966796875, z=-0.37939453125)",[0. 0. 0. 0. 0. 0. 0. 0. 0.],False,27.442941969,"[-0.1605230855445901, -0.4531877985431869, 0.7507963784349821, 0.45294365696821415]","[32.5625, -38.625, -22.3125]","[-0.20849609375, 0.5966796875, -0.37939453125]"
27472900716,"std_msgs.msg.Header(stamp=builtin_interfaces.msg.Time(sec=1730343864, nanosec=973455921), frame_id='RL_myo')","geometry_msgs.msg.Quaternion(x=-0.15381498805109192, y=-0.4530828001203394, z=0.752472687576929, w=0.45259449857097084)",[0. 0. 0. 0. 0. 0. 0. 0. 0.],"geometry_msgs.msg.Vector3(x=24.0, y=-30.0, z=-12.5)",[0. 0. 0. 0. 0. 0. 0. 0. 0.],"geometry_msgs.msg.Vector3(x=-0.1318359375, y=0.61962890625, z=-0.3955078125)",[0. 0. 0. 0. 0. 0. 0. 0. 0.],False,27.472900716,"[-0.15381498805109192, -0.4530828001203394, 0.752472687576929, 0.45259449857097084]","[24.0, -30.0, -12.5]","[-0.1318359375, 0.61962890625, -0.3955078125]"
27480378889,"std_msgs.msg.Header(stamp=builtin_interfaces.msg.Time(sec=1730343864, nanosec=981023842), frame_id='RL_myo')","geometry_msgs.msg.Quaternion(x=-0.14874395191218975, y=-0.45264060212589213, z=0.7539127181039671, w=0.45233542372640057)",[0. 0. 0. 0. 0. 0. 0. 0. 0.],"geometry_msgs.msg.Vector3(x=18.4375, y=-21.625, z=-4.75)",[0. 0. 0. 0. 0. 0. 0. 0. 0.],"geometry_msgs.msg.Vector3(x=-0.1865234375, y=0.62451171875, z=-0.40283203125)",[0. 0. 0. 0. 0. 0. 0. 0. 0.],False,27.480378889,"[-0.14874395191218975, -0.45264060212589213, 0.7539127181039671, 0.45233542372640057]","[18.4375, -21.625, -4.75]","[-0.1865234375, 0.62451171875, -0.40283203125]"
27503457737,"std_msgs.msg.Header(stamp=builtin_interfaces.msg.Time(sec=1730343865, nanosec=3823171), frame_id='RL_myo')","geometry_msgs.msg.Quaternion(x=-0.14379677378874897, y=-0.4523250808779366, z=0.7549940966752228, w=0.4524471494465179)",[0. 0. 0. 0. 0. 0. 0. 0. 0.],"geometry_msgs.msg.Vector3(x=14.1875, y=-18.8125, z=-1.5625)",[0. 0. 0. 0. 0. 0. 0. 0. 0.],"geometry_msgs.msg.Vector3(x=-0.279296875, y=0.65966796875, z=-0.455078125)",[0. 0. 0. 0. 0. 0. 0. 0. 0.],False,27.503457737,"[-0.14379677378874897, -0.4523250808779366, 0.7549940966752228, 0.4524471494465179]","[14.1875, -18.8125, -1.5625]","[-0.279296875, 0.65966796875, -0.455078125]"
27526857378,"std_msgs.msg.Header(stamp=builtin_interfaces.msg.Time(sec=1730343865, nanosec=27474428), frame_id='RL_myo')","geometry_msgs.msg.Quaternion(x=-0.1403184342948016, y=-0.4514115441689224, z=0.7559739570140985, w=0.4528153388573871)",[0. 0. 0. 0. 0. 0. 0. 0. 0.],"geometry_msgs.msg.Vector3(x=10.5625, y=-15.625, z=2.125)",[0. 0. 0. 0. 0. 0. 0. 0. 0.],"geometry_msgs.msg.Vector3(x=-0.25146484375, y=0.6748046875, z=-0.4365234375)",[0. 0. 0. 0. 0. 0. 0. 0. 0.],False,27.526857378,"[-0.1403184342948016, -0.4514115441689224, 0.7559739570140985, 0.4528153388573871]","[10.5625, -15.625, 2.125]","[-0.25146484375, 0.6748046875, -0.4365234375]"
27540606883,"std_msgs.msg.Header(stamp=builtin_interfaces.msg.Time(sec=1730343865, nanosec=41107602), frame_id='RL_myo')","geometry_msgs.msg.Quaternion(x=-0.139650372279183, y=-0.4497132617801663, z=0.7570295311969873, w=0.4529481698792907)",[0. 0. 0. 0. 0. 0. 0. 0. 0.],"geometry_msgs.msg.Vector3(x=5.25, y=-8.25, z=7.375)",[0. 0. 0. 0. 0. 0. 0. 0. 0.],"geometry_msgs.msg.Vector3(x=-0.1572265625, y=0.69384765625, z=-0.42041015625)",[0. 0. 0. 0. 0. 0. 0. 0. 0.],False,27.540606883,"[-0.139650372279183, -0.4497132617801663, 0.7570295311969873, 0.4529481698792907]","[5.25, -8.25, 7.375]","[-0.1572265625, 0.69384765625, -0.42041015625]"
27562904321,"std_msgs.msg.Header(stamp=builtin_interfaces.msg.Time(sec=1730343865, nanosec=63469119), frame_id='RL_myo')","geometry_msgs.msg.Quaternion(x=-0.1405645615371236, y=-0.4478778777939266, z=0.7580598585718955, w=0.4527607110214429)",[0. 0. 0. 0. 0. 0. 0. 0. 0.],"geometry_msgs.msg.Vector3(x=0.875, y=0.125, z=14.1875)",[0. 0. 0. 0. 0. 0. 0. 0. 0.],"geometry_msgs.msg.Vector3(x=-0.1845703125, y=0.69970703125, z=-0.45166015625)",[0. 0. 0. 0. 0. 0. 0. 0. 0.],False,27.562904321,"[-0.1405645615371236, -0.4478778777939266, 0.7580598585718955, 0.4527607110214429]","[0.875, 0.125, 14.1875]","[-0.1845703125, 0.69970703125, -0.45166015625]"
27586433880,"std_msgs.msg.Header(stamp=builtin_interfaces.msg.Time(sec=1730343865, nanosec=86881108), frame_id='RL_myo')","geometry_msgs.msg.Quaternion(x=-0.14154109417267483, y=-0.4458636019540274, z=0.7596465968404963, w=0.45178403581980986)",[0. 0. 0. 0. 0. 0. 0. 0. 0.],"geometry_msgs.msg.Vector3(x=5.25, y=4.0, z=22.0)",[0. 0. 0. 0. 0. 0. 0. 0. 0.],"geometry_msgs.msg.Vector3(x=-0.26318359375, y=0.7080078125, z=-0.4619140625)",[0. 0. 0. 0. 0. 0. 0. 0. 0.],False,27.58643388,"[-0.14154109417267483, -0.4458636019540274, 0.7596465968404963, 0.45178403581980986]","[5.25, 4.0, 22.0]","[-0.26318359375, 0.7080078125, -0.4619140625]"
27607276712,"std_msgs.msg.Header(stamp=builtin_interfaces.msg.Time(sec=1730343865, nanosec=107803961), frame_id='RL_myo')","geometry_msgs.msg.Quaternion(x=-0.14209439378945926, y=-0.4441060177027945, z=0.7610717337460341, w=0.4509421741050365)",[0. 0. 0. 0. 0. 0. 0. 0. 0.],"geometry_msgs.msg.Vector3(x=6.875, y=3.75, z=19.8125)",[0. 0. 0. 0. 0. 0. 0. 0. 0.],"geometry_msgs.msg.Vector3(x=-0.29052734375, y=0.77734375, z=-0.4873046875)",[0. 0. 0. 0. 0. 0. 0. 0. 0.],False,27.607276712,"[-0.14209439378945926, -0.4441060177027945, 0.7610717337460341, 0.4509421741050365]","[6.875, 3.75, 19.8125]","[-0.29052734375, 0.77734375, -0.4873046875]"
27623315203,"std_msgs.msg.Header(stamp=builtin_interfaces.msg.Time(sec=1730343865, nanosec=123735050), frame_id='RL_myo')","geometry_msgs.msg.Quaternion(x=-0.14313286346975654, y=-0.44246060865341796, z=0.7618696809507468, w=0.45088377929684076)",[0. 0. 0. 0. 0. 0. 0. 0. 0.],"geometry_msgs.msg.Vector3(x=1.0625, y=2.875, z=15.1875)",[0. 0. 0. 0. 0. 0. 0. 0. 0.],"geometry_msgs.msg.Vector3(x=-0.2431640625, y=0.833984375, z=-0.5146484375)",[0. 0. 0. 0. 0. 0. 0. 0. 0.],False,27.623315203,"[-0.14313286346975654, -0.44246060865341796, 0.7618696809507468, 0.45088377929684076]","[1.0625, 2.875, 15.1875]","[-0.2431640625, 0.833984375, -0.5146484375]"
27646373251,"std_msgs.msg.Header(stamp=builtin_interfaces.msg.Time(sec=1730343865, nanosec=146897709), frame_id='RL_myo')","geometry_msgs.msg.Quaternion(x=-0.14655301984035896, y=-0.4399032128236014, z=0.7625518021097893, w=0.4511342647397305)",[0. 0. 0. 0. 0. 0. 0. 0. 0.],"geometry_msgs.msg.Vector3(x=-7.1875, y=7.625, z=21.5)",[0. 0. 0. 0. 0. 0. 0. 0. 0.],"geometry_msgs.msg.Vector3(x=-0.1708984375, y=0.8134765625, z=-0.49755859375)",[0. 0. 0. 0. 0. 0. 0. 0. 0.],False,27.646373251,"[-0.14655301984035896, -0.4399032128236014, 0.7625518021097893, 0.4511342647397305]","[-7.1875, 7.625, 21.5]","[-0.1708984375, 0.8134765625, -0.49755859375]"
27667656284,"std_msgs.msg.Header(stamp=builtin_interfaces.msg.Time(sec=1730343865, nanosec=168016462), frame_id='RL_myo')","geometry_msgs.msg.Quaternion(x=-0.15069690728446364, y=-0.4370759631689122, z=0.7639216247761632, w=0.45019861811672895)",[0. 0. 0. 0. 0. 0. 0. 0. 0.],"geometry_msgs.msg.Vector3(x=-5.625, y=13.0625, z=29.3125)",[0. 0. 0. 0. 0. 0. 0. 0. 0.],"geometry_msgs.msg.Vector3(x=-0.18359375, y=0.74072265625, z=-0.50439453125)",[0. 0. 0. 0. 0. 0. 0. 0. 0.],False,27.667656284,"[-0.15069690728446364, -0.4370759631689122, 0.7639216247761632, 0.45019861811672895]","[-5.625, 13.0625, 29.3125]","[-0.18359375, 0.74072265625, -0.50439453125]"
27683319219,"std_msgs.msg.Header(stamp=builtin_interfaces.msg.Time(sec=1730343865, nanosec=183780744), frame_id='RL_myo')","geometry_msgs.msg.Quaternion(x=-0.15393406981436208, y=-0.4348851100029063, z=0.765275720591781, w=0.4489235065363335)",[0. 0. 0. 0. 0. 0. 0. 0. 0.],"geometry_msgs.msg.Vector3(x=-1.125, y=13.3125, z=26.5)",[0. 0. 0. 0. 0. 0. 0. 0. 0.],"geometry_msgs.msg.Vector3(x=-0.2177734375, y=0.7802734375, z=-0.525390625)",[0. 0. 0. 0. 0. 0. 0. 0. 0.],False,27.683319219,"[-0.15393406981436208, -0.4348851100029063, 0.765275720591781, 0.4489235065363335]","[-1.125, 13.3125, 26.5]","[-0.2177734375, 0.7802734375, -0.525390625]"
27706203195,"std_msgs.msg.Header(stamp=builtin_interfaces.msg.Time(sec=1730343865, nanosec=206801978), frame_id='RL_myo')","geometry_msgs.msg.Quaternion(x=-0.15674064316108297, y=-0.4332340674288812, z=0.7664300062981771, w=0.4475775452882482)",[0. 0. 0. 0. 0. 0. 0. 0. 0.],"geometry_msgs.msg.Vector3(x=1.625, y=12.75, z=21.6875)",[0. 0. 0. 0. 0. 0. 0. 0. 0.],"geometry_msgs.msg.Vector3(x=-0.20703125, y=0.830078125, z=-0.53466796875)",[0. 0. 0. 0. 0. 0. 0. 0. 0.],False,27.706203195,"[-0.15674064316108297, -0.4332340674288812, 0.7664300062981771, 0.4475775452882482]","[1.625, 12.75, 21.6875]","[-0.20703125, 0.830078125, -0.53466796875]"
27727667301,"std_msgs.msg.Header(stamp=builtin_interfaces.msg.Time(sec=1730343865, nanosec=228014545), frame_id='RL_myo')","geometry_msgs.msg.Quaternion(x=-0.16027996858629703, y=-0.4310957418602498, z=0.7674029112854199, w=0.44672090254497643)",[0. 0. 0. 0. 0. 0. 0. 0. 0.],"geometry_msgs.msg.Vector3(x=-2.625, y=12.0, z=22.125)",[0. 0. 0. 0. 0. 0. 0. 0. 0.],"geometry_msgs.msg.Vector3(x=-0.15185546875, y=0.84521484375, z=-0.53564453125)",[0. 0. 0. 0. 0. 0. 0. 0. 0.],False,27.727667301,"[-0.16027996858629703, -0.4310957418602498, 0.7674029112854199, 0.44672090254497643]","[-2.625, 12.0, 22.125]","[-0.15185546875, 0.84521484375, -0.53564453125]"
27751305963,"std_msgs.msg.Header(stamp=builtin_interfaces.msg.Time(sec=1730343865, nanosec=251759889), frame_id='RL_myo')","geometry_msgs.msg.Quaternion(x=-0.16461189397949538, y=-0.4287111395298389, z=0.7682498737559912, w=0.4459840968884585)",[0. 0. 0. 0. 0. 0. 0. 0. 0.],"geometry_msgs.msg.Vector3(x=-8.625, y=14.25, z=25.0)",[0. 0. 0. 0. 0. 0. 0. 0. 0.],"geometry_msgs.msg.Vector3(x=-0.1435546875, y=0.84228515625, z=-0.5732421875)",[0. 0. 0. 0. 0. 0. 0. 0. 0.],False,27.751305963,"[-0.16461189397949538, -0.4287111395298389, 0.7682498737559912, 0.4459840968884585]","[-8.625, 14.25, 25.0]","[-0.1435546875, 0.84228515625, -0.5732421875]"
27766104414,"std_msgs.msg.Header(stamp=builtin_interfaces.msg.Time(sec=1730343865, nanosec=266706387), frame_id='RL_myo')","geometry_msgs.msg.Quaternion(x=-0.16919079910363502, y=-0.42608981549151376, z=0.7691711581183293, w=0.4451939713787568)",[0. 0. 0. 0. 0. 0. 0. 0. 0.],"geometry_msgs.msg.Vector3(x=-9.625, y=15.0, z=27.4375)",[0. 0. 0. 0. 0. 0. 0. 0. 0.],"geometry_msgs.msg.Vector3(x=-0.1337890625, y=0.798828125, z=-0.5537109375)",[0. 0. 0. 0. 0. 0. 0. 0. 0.],False,27.766104414,"[-0.16919079910363502, -0.42608981549151376, 0.7691711581183293, 0.4451939713787568]","[-9.625, 15.0, 27.4375]","[-0.1337890625, 0.798828125, -0.5537109375]"
27787358560,"std_msgs.msg.Header(stamp=builtin_interfaces.msg.Time(sec=1730343865, nanosec=287845162), frame_id='RL_myo')","geometry_msgs.msg.Quaternion(x=-0.17395387712647065, y=-0.4234708770187556, z=0.7699747929650622, w=0.44446741517016114)",[0. 0. 0. 0. 0. 0. 0. 0. 0.],"geometry_msgs.msg.Vector3(x=-9.3125, y=15.5, z=26.875)",[0. 0. 0. 0. 0. 0. 0. 0. 0.],"geometry_msgs.msg.Vector3(x=-0.1181640625, y=0.81494140625, z=-0.5419921875)",[0. 0. 0. 0. 0. 0. 0. 0. 0.],False,27.78735856,"[-0.17395387712647065, -0.4234708770187556, 0.7699747929650622, 0.44446741517016114]","[-9.3125, 15.5, 26.875]","[-0.1181640625, 0.81494140625, -0.5419921875]"
27803106443,"std_msgs.msg.Header(stamp=builtin_interfaces.msg.Time(sec=1730343865, nanosec=303635820), frame_id='RL_myo')","geometry_msgs.msg.Quaternion(x=-0.17828264237714872, y=-0.421018030509268, z=0.7704422440009409, w=0.4442722882106352)",[0. 0. 0. 0. 0. 0. 0. 0. 0.],"geometry_msgs.msg.Vector3(x=-10.4375, y=14.25, z=25.1875)",[0. 0. 0. 0. 0. 0. 0. 0. 0.],"geometry_msgs.msg.Vector3(x=-0.1328125, y=0.8310546875, z=-0.5322265625)",[0. 0. 0. 0. 0. 0. 0. 0. 0.],False,27.803106443,"[-0.17828264237714872, -0.421018030509268, 0.7704422440009409, 0.4442722882106352]","[-10.4375, 14.25, 25.1875]","[-0.1328125, 0.8310546875, -0.5322265625]"
27826274846,"std_msgs.msg.Header(stamp=builtin_interfaces.msg.Time(sec=1730343865, nanosec=326803182), frame_id='RL_myo')","geometry_msgs.msg.Quaternion(x=-0.18280205435973232, y=-0.41815588461386516, z=0.7705152368070988, w=0.44501161213249024)",[0. 0. 0. 0. 0. 0. 0. 0. 0.],"geometry_msgs.msg.Vector3(x=-16.0625, y=12.3125, z=25.5)",[0. 0. 0. 0. 0. 0. 0. 0. 0.],"geometry_msgs.msg.Vector3(x=-0.1220703125, y=0.83251953125, z=-0.5185546875)",[0. 0. 0. 0. 0. 0. 0. 0. 0.],False,27.826274846,"[-0.18280205435973232, -0.41815588461386516, 0.7705152368070988, 0.44501161213249024]","[-16.0625, 12.3125, 25.5]","[-0.1220703125, 0.83251953125, -0.5185546875]"
27847324736,"std_msgs.msg.Header(stamp=builtin_interfaces.msg.Time(sec=1730343865, nanosec=347867352), frame_id='RL_myo')","geometry_msgs.msg.Quaternion(x=-0.18872270998299104, y=-0.41461622539277426, z=0.770577041893681, w=0.44574448609501405)",[0. 0. 0. 0. 0. 0. 0. 0. 0.],"geometry_msgs.msg.Vector3(x=-19.5625, y=14.1875, z=28.125)",[0. 0. 0. 0. 0. 0. 0. 0. 0.],"geometry_msgs.msg.Vector3(x=-0.048828125, y=0.841796875, z=-0.50732421875)",[0. 0. 0. 0. 0. 0. 0. 0. 0.],False,27.847324736,"[-0.18872270998299104, -0.41461622539277426, 0.770577041893681, 0.44574448609501405]","[-19.5625, 14.1875, 28.125]","[-0.048828125, 0.841796875, -0.50732421875]"
27863417346,"std_msgs.msg.Header(stamp=builtin_interfaces.msg.Time(sec=1730343865, nanosec=363773126), frame_id='RL_myo')","geometry_msgs.msg.Quaternion(x=-0.19574701576768067, y=-0.4109039320698554, z=0.7708416158808978, w=0.44569526321659003)",[0. 0. 0. 0. 0. 0. 0. 0. 0.],"geometry_msgs.msg.Vector3(x=-17.6875, y=19.75, z=32.3125)",[0. 0. 0. 0. 0. 0. 0. 0. 0.],"geometry_msgs.msg.Vector3(x=-0.0185546875, y=0.8515625, z=-0.49169921875)",[0. 0. 0. 0. 0. 0. 0. 0. 0.],False,27.863417346,"[-0.19574701576768067, -0.4109039320698554, 0.7708416158808978, 0.44569526321659003]","[-17.6875, 19.75, 32.3125]","[-0.0185546875, 0.8515625, -0.49169921875]"
27886342041,"std_msgs.msg.Header(stamp=builtin_interfaces.msg.Time(sec=1730343865, nanosec=386783598), frame_id='RL_myo')","geometry_msgs.msg.Quaternion(x=-0.2021551231361255, y=-0.4077893652392676, z=0.7712657415302179, w=0.4449610047289719)",[0. 0. 0. 0. 0. 0. 0. 0. 0.],"geometry_msgs.msg.Vector3(x=-11.9375, y=22.0625, z=32.5)",[0. 0. 0. 0. 0. 0. 0. 0. 0.],"geometry_msgs.msg.Vector3(x=-0.064453125, y=0.875, z=-0.5)",[0. 0. 0. 0. 0. 0. 0. 0. 0.],False,27.886342041,"[-0.2021551231361255, -0.4077893652392676, 0.7712657415302179, 0.4449610047289719]","[-11.9375, 22.0625, 32.5]","[-0.064453125, 0.875, -0.5]"
27914993346,"std_msgs.msg.Header(stamp=builtin_interfaces.msg.Time(sec=1730343865, nanosec=415406554), frame_id='RL_myo')","geometry_msgs.msg.Quaternion(x=-0.2071520392920003, y=-0.40575920955015266, z=0.771723743314099, w=0.44372284197196293)",[0. 0. 0. 0. 0. 0. 0. 0. 0.],"geometry_msgs.msg.Vector3(x=-7.5, y=21.9375, z=28.5)",[0. 0. 0. 0. 0. 0. 0. 0. 0.],"geometry_msgs.msg.Vector3(x=-0.1142578125, y=0.8876953125, z=-0.54248046875)",[0. 0. 0. 0. 0. 0. 0. 0. 0.],False,27.914993346,"[-0.2071520392920003, -0.40575920955015266, 0.771723743314099, 0.44372284197196293]","[-7.5, 21.9375, 28.5]","[-0.1142578125, 0.8876953125, -0.54248046875]"
27923069030,"std_msgs.msg.Header(stamp=builtin_interfaces.msg.Time(sec=1730343865, nanosec=423560214), frame_id='RL_myo')","geometry_msgs.msg.Quaternion(x=-0.21247207195411216, y=-0.40339785221049335, z=0.7725535807880488, w=0.4419126115908567)",[0. 0. 0. 0. 0. 0. 0. 0. 0.],"geometry_msgs.msg.Vector3(x=-5.9375, y=20.875, z=28.3125)",[0. 0. 0. 0. 0. 0. 0. 0. 0.],"geometry_msgs.msg.Vector3(x=-0.0361328125, y=0.8828125, z=-0.5498046875)",[0. 0. 0. 0. 0. 0. 0. 0. 0.],False,27.92306903,"[-0.21247207195411216, -0.40339785221049335, 0.7725535807880488, 0.4419126115908567]","[-5.9375, 20.875, 28.3125]","[-0.0361328125, 0.8828125, -0.5498046875]"
27946453192,"std_msgs.msg.Header(stamp=builtin_interfaces.msg.Time(sec=1730343865, nanosec=446857476), frame_id='RL_myo')","geometry_msgs.msg.Quaternion(x=-0.21930653250521784, y=-0.40034276278923564, z=0.7732798386608974, w=0.4400779569614864)",[0. 0. 0. 0. 0. 0. 0. 0. 0.],"geometry_msgs.msg.Vector3(x=-8.3125, y=23.625, z=30.9375)",[0. 0. 0. 0. 0. 0. 0. 0. 0.],"geometry_msgs.msg.Vector3(x=0.0498046875, y=0.9130859375, z=-0.533203125)",[0. 0. 0. 0. 0. 0. 0. 0. 0.],False,27.946453192,"[-0.21930653250521784, -0.40034276278923564, 0.7732798386608974, 0.4400779569614864]","[-8.3125, 23.625, 30.9375]","[0.0498046875, 0.9130859375, -0.533203125]"
27967109025,"std_msgs.msg.Header(stamp=builtin_interfaces.msg.Time(sec=1730343865, nanosec=467640420), frame_id='RL_myo')","geometry_msgs.msg.Quaternion(x=-0.22644380862803268, y=-0.3973447962718309, z=0.7735711133562496, w=0.4386662136414207)",[0. 0. 0. 0. 0. 0. 0. 0. 0.],"geometry_msgs.msg.Vector3(x=-13.125, y=26.0625, z=32.6875)",[0. 0. 0. 0. 0. 0. 0. 0. 0.],"geometry_msgs.msg.Vector3(x=0.02001953125, y=0.94482421875, z=-0.55859375)",[0. 0. 0. 0. 0. 0. 0. 0. 0.],False,27.967109025,"[-0.22644380862803268, -0.3973447962718309, 0.7735711133562496, 0.4386662136414207]","[-13.125, 26.0625, 32.6875]","[0.02001953125, 0.94482421875, -0.55859375]"
27983113993,"std_msgs.msg.Header(stamp=builtin_interfaces.msg.Time(sec=1730343865, nanosec=483623671), frame_id='RL_myo')","geometry_msgs.msg.Quaternion(x=-0.23139078939823998, y=-0.39496961176365364, z=0.7742527469049523, w=0.437024017961329)",[0. 0. 0. 0. 0. 0. 0. 0. 0.],"geometry_msgs.msg.Vector3(x=-8.3125, y=21.4375, z=30.5)",[0. 0. 0. 0. 0. 0. 0. 0. 0.],"geometry_msgs.msg.Vector3(x=-0.05419921875, y=0.92236328125, z=-0.59619140625)",[0. 0. 0. 0. 0. 0. 0. 0. 0.],False,27.983113993,"[-0.23139078939823998, -0.39496961176365364, 0.7742527469049523, 0.437024017961329]","[-8.3125, 21.4375, 30.5]","[-0.05419921875, 0.92236328125, -0.59619140625]"
28006085405,"std_msgs.msg.Header(stamp=builtin_interfaces.msg.Time(sec=1730343865, nanosec=506700744), frame_id='RL_myo')","geometry_msgs.msg.Quaternion(x=-0.23578707468942214, y=-0.3924087763857869, z=0.7745022497370121, w=0.43653874143897153)",[0. 0. 0. 0. 0. 0. 0. 0. 0.],"geometry_msgs.msg.Vector3(x=-12.25, y=15.375, z=26.25)",[0. 0. 0. 0. 0. 0. 0. 0. 0.],"geometry_msgs.msg.Vector3(x=-0.017578125, y=0.97412109375, z=-0.60009765625)",[0. 0. 0. 0. 0. 0. 0. 0. 0.],False,28.006085405,"[-0.23578707468942214, -0.3924087763857869, 0.7745022497370121, 0.43653874143897153]","[-12.25, 15.375, 26.25]","[-0.017578125, 0.97412109375, -0.60009765625]"
28027748289,"std_msgs.msg.Header(stamp=builtin_interfaces.msg.Time(sec=1730343865, nanosec=528050990), frame_id='RL_myo')","geometry_msgs.msg.Quaternion(x=-0.24079150321640405, y=-0.38929485615062737, z=0.7745002241604438, w=0.436598636883888)",[0. 0. 0. 0. 0. 0. 0. 0. 0.],"geometry_msgs.msg.Vector3(x=-15.875, y=13.4375, z=24.9375)",[0. 0. 0. 0. 0. 0. 0. 0. 0.],"geometry_msgs.msg.Vector3(x=0.05908203125, y=0.97705078125, z=-0.57080078125)",[0. 0. 0. 0. 0. 0. 0. 0. 0.],False,28.027748289,"[-0.24079150321640405, -0.38929485615062737, 0.7745002241604438, 0.436598636883888]","[-15.875, 13.4375, 24.9375]","[0.05908203125, 0.97705078125, -0.57080078125]"
28042546631,"std_msgs.msg.Header(stamp=builtin_interfaces.msg.Time(sec=1730343865, nanosec=542953023), frame_id='RL_myo')","geometry_msgs.msg.Quaternion(x=-0.24646156493483126, y=-0.3859278046267801, z=0.7742359958391121, w=0.4368924917789802)",[0. 0. 0. 0. 0. 0. 0. 0. 0.],"geometry_msgs.msg.Vector3(x=-15.8125, y=15.0, z=25.5625)",[0. 0. 0. 0. 0. 0. 0. 0. 0.],"geometry_msgs.msg.Vector3(x=0.0888671875, y=1.00537109375, z=-0.5224609375)",[0. 0. 0. 0. 0. 0. 0. 0. 0.],False,28.042546631,"[-0.24646156493483126, -0.3859278046267801, 0.7742359958391121, 0.4368924917789802]","[-15.8125, 15.0, 25.5625]","[0.0888671875, 1.00537109375, -0.5224609375]"
28057188477,"std_msgs.msg.Header(stamp=builtin_interfaces.msg.Time(sec=1730343865, nanosec=557490502), frame_id='RL_myo')","geometry_msgs.msg.Quaternion(x=-0.25031289923404587, y=-0.38380090475095835, z=0.774498994972155, w=0.43610964765356197)",[0. 0. 0. 0. 0. 0. 0. 0. 0.],"geometry_msgs.msg.Vector3(x=-10.3125, y=14.125, z=22.6875)",[0. 0. 0. 0. 0. 0. 0. 0. 0.],"geometry_msgs.msg.Vector3(x=0.029296875, y=0.9716796875, z=-0.5986328125)",[0. 0. 0. 0. 0. 0. 0. 0. 0.],False,28.057188477,"[-0.25031289923404587, -0.38380090475095835, 0.774498994972155, 0.43610964765356197]","[-10.3125, 14.125, 22.6875]","[0.029296875, 0.9716796875, -0.5986328125]"
28079446255,"std_msgs.msg.Header(stamp=builtin_interfaces.msg.Time(sec=1730343865, nanosec=579810184), frame_id='RL_myo')","geometry_msgs.msg.Quaternion(x=-0.25318687708719195, y=-0.3820387328082773, z=0.77463709187887, w=0.43575243865126884)",[0. 0. 0. 0. 0. 0. 0. 0. 0.],"geometry_msgs.msg.Vector3(x=-6.6875, y=10.25, z=18.125)",[0. 0. 0. 0. 0. 0. 0. 0. 0.],"geometry_msgs.msg.Vector3(x=0.02978515625, y=1.00390625, z=-0.56640625)",[0. 0. 0. 0. 0. 0. 0. 0. 0.],False,28.079446255,"[-0.25318687708719195, -0.3820387328082773, 0.77463709187887, 0.43575243865126884]","[-6.6875, 10.25, 18.125]","[0.02978515625, 1.00390625, -0.56640625]"
28110564860,"std_msgs.msg.Header(stamp=builtin_interfaces.msg.Time(sec=1730343865, nanosec=610987585), frame_id='RL_myo')","geometry_msgs.msg.Quaternion(x=-0.2565320900847332, y=-0.38006788602370534, z=0.7747232499275561, w=0.4353660239291939)",[0. 0. 0. 0. 0. 0. 0. 0. 0.],"geometry_msgs.msg.Vector3(x=-6.0, y=8.9375, z=15.3125)",[0. 0. 0. 0. 0. 0. 0. 0. 0.],"geometry_msgs.msg.Vector3(x=0.1201171875, y=0.9951171875, z=-0.5224609375)",[0. 0. 0. 0. 0. 0. 0. 0. 0.],False,28.11056486,"[-0.2565320900847332, -0.38006788602370534, 0.7747232499275561, 0.4353660239291939]","[-6.0, 8.9375, 15.3125]","[0.1201171875, 0.9951171875, -0.5224609375]"
28116606092,"std_msgs.msg.Header(stamp=builtin_interfaces.msg.Time(sec=1730343865, nanosec=617125968), frame_id='RL_myo')","geometry_msgs.msg.Quaternion(x=-0.25934247772826424, y=-0.3782408412525426, z=0.7751587355022255, w=0.43451614472758604)",[0. 0. 0. 0. 0. 0. 0. 0. 0.],"geometry_msgs.msg.Vector3(x=-5.6875, y=8.9375, z=16.6875)",[0. 0. 0. 0. 0. 0. 0. 0. 0.],"geometry_msgs.msg.Vector3(x=0.08935546875, y=0.94580078125, z=-0.55615234375)",[0. 0. 0. 0. 0. 0. 0. 0. 0.],False,28.116606092,"[-0.25934247772826424, -0.3782408412525426, 0.7751587355022255, 0.43451614472758604]","[-5.6875, 8.9375, 16.6875]","[0.08935546875, 0.94580078125, -0.55615234375]"
28139798413,"std_msgs.msg.Header(stamp=builtin_interfaces.msg.Time(sec=1730343865, nanosec=639996823), frame_id='RL_myo')","geometry_msgs.msg.Quaternion(x=-0.26177871926293655, y=-0.3760360665374102, z=0.7759978169057998, w=0.4334699147133074)",[0. 0. 0. 0. 0. 0. 0. 0. 0.],"geometry_msgs.msg.Vector3(x=-3.5625, y=6.625, z=19.0)",[0. 0. 0. 0. 0. 0. 0. 0. 0.],"geometry_msgs.msg.Vector3(x=0.0859375, y=0.91552734375, z=-0.5439453125)",[0. 0. 0. 0. 0. 0. 0. 0. 0.],False,28.139798413,"[-0.26177871926293655, -0.3760360665374102, 0.7759978169057998, 0.4334699147133074]","[-3.5625, 6.625, 19.0]","[0.0859375, 0.91552734375, -0.5439453125]"
28162893082,"std_msgs.msg.Header(stamp=builtin_interfaces.msg.Time(sec=1730343865, nanosec=663176248), frame_id='RL_myo')","geometry_msgs.msg.Quaternion(x=-0.2648945073434996, y=-0.37384305471864865, z=0.7772883758109372, w=0.4311554838420464)",[0. 0. 0. 0. 0. 0. 0. 0. 0.],"geometry_msgs.msg.Vector3(x=2.125, y=9.25, z=19.9375)",[0. 0. 0. 0. 0. 0. 0. 0. 0.],"geometry_msgs.msg.Vector3(x=0.1474609375, y=0.84716796875, z=-0.498046875)",[0. 0. 0. 0. 0. 0. 0. 0. 0.],False,28.162893082,"[-0.2648945073434996, -0.37384305471864865, 0.7772883758109372, 0.4311554838420464]","[2.125, 9.25, 19.9375]","[0.1474609375, 0.84716796875, -0.498046875]"
28176716028,"std_msgs.msg.Header(stamp=builtin_interfaces.msg.Time(sec=1730343865, nanosec=677267983), frame_id='RL_myo')","geometry_msgs.msg.Quaternion(x=-0.2689863762294773, y=-0.3717102408072423, z=0.7784552399434431, w=0.42835180131120304)",[0. 0. 0. 0. 0. 0. 0. 0. 0.],"geometry_msgs.msg.Vector3(x=3.5, y=14.3125, z=21.0625)",[0. 0. 0. 0. 0. 0. 0. 0. 0.],"geometry_msgs.msg.Vector3(x=0.1875, y=0.8779296875, z=-0.49267578125)",[0. 0. 0. 0. 0. 0. 0. 0. 0.],False,28.176716028,"[-0.2689863762294773, -0.3717102408072423, 0.7784552399434431, 0.42835180131120304]","[3.5, 14.3125, 21.0625]","[0.1875, 0.8779296875, -0.49267578125]"
28199210350,"std_msgs.msg.Header(stamp=builtin_interfaces.msg.Time(sec=1730343865, nanosec=699791405), frame_id='RL_myo')","geometry_msgs.msg.Quaternion(x=-0.27203231369333725, y=-0.3702373827381162, z=0.7794760327973098, w=0.4258401284806852)",[0. 0. 0. 0. 0. 0. 0. 0. 0.],"geometry_msgs.msg.Vector3(x=5.125, y=14.125, z=21.0625)",[0. 0. 0. 0. 0. 0. 0. 0. 0.],"geometry_msgs.msg.Vector3(x=0.1025390625, y=0.912109375, z=-0.51318359375)",[0. 0. 0. 0. 0. 0. 0. 0. 0.],False,28.19921035,"[-0.27203231369333725, -0.3702373827381162, 0.7794760327973098, 0.4258401284806852]","[5.125, 14.125, 21.0625]","[0.1025390625, 0.912109375, -0.51318359375]"
28221806654,"std_msgs.msg.Header(stamp=builtin_interfaces.msg.Time(sec=1730343865, nanosec=722290519), frame_id='RL_myo')","geometry_msgs.msg.Quaternion(x=-0.2739304320832431, y=-0.36926896481809734, z=0.7797983957877704, w=0.42487293621467365)",[0. 0. 0. 0. 0. 0. 0. 0. 0.],"geometry_msgs.msg.Vector3(x=-1.6875, y=10.3125, z=15.625)",[0. 0. 0. 0. 0. 0. 0. 0. 0.],"geometry_msgs.msg.Vector3(x=0.04296875, y=0.91357421875, z=-0.533203125)",[0. 0. 0. 0. 0. 0. 0. 0. 0.],False,28.221806654,"[-0.2739304320832431, -0.36926896481809734, 0.7797983957877704, 0.42487293621467365]","[-1.6875, 10.3125, 15.625]","[0.04296875, 0.91357421875, -0.533203125]"
28236477566,"std_msgs.msg.Header(stamp=builtin_interfaces.msg.Time(sec=1730343865, nanosec=737127151), frame_id='RL_myo')","geometry_msgs.msg.Quaternion(x=-0.27709713917039913, y=-0.36767250360407144, z=0.7791068241211773, w=0.42547228131208203)",[0. 0. 0. 0. 0. 0. 0. 0. 0.],"geometry_msgs.msg.Vector3(x=-12.125, y=9.5, z=11.4375)",[0. 0. 0. 0. 0. 0. 0. 0. 0.],"geometry_msgs.msg.Vector3(x=0.140625, y=0.9267578125, z=-0.4970703125)",[0. 0. 0. 0. 0. 0. 0. 0. 0.],False,28.236477566,"[-0.27709713917039913, -0.36767250360407144, 0.7791068241211773, 0.42547228131208203]","[-12.125, 9.5, 11.4375]","[0.140625, 0.9267578125, -0.4970703125]"
28259174840,"std_msgs.msg.Header(stamp=builtin_interfaces.msg.Time(sec=1730343865, nanosec=759663895), frame_id='RL_myo')","geometry_msgs.msg.Quaternion(x=-0.28198711862752984, y=-0.36566771162284223, z=0.7780891316588204, w=0.42584937806586054)",[0. 0. 0. 0. 0. 0. 0. 0. 0.],"geometry_msgs.msg.Vector3(x=-15.9375, y=14.875, z=13.6875)",[0. 0. 0. 0. 0. 0. 0. 0. 0.],"geometry_msgs.msg.Vector3(x=0.2099609375, y=0.9091796875, z=-0.47265625)",[0. 0. 0. 0. 0. 0. 0. 0. 0.],False,28.25917484,"[-0.28198711862752984, -0.36566771162284223, 0.7780891316588204, 0.42584937806586054]","[-15.9375, 14.875, 13.6875]","[0.2099609375, 0.9091796875, -0.47265625]"
28282264478,"std_msgs.msg.Header(stamp=builtin_interfaces.msg.Time(sec=1730343865, nanosec=782526701), frame_id='RL_myo')","geometry_msgs.msg.Quaternion(x=-0.2854696022885672, y=-0.36439031979105113, z=0.7775491262677053, w=0.42561033499212725)",[0. 0. 0. 0. 0. 0. 0. 0. 0.],"geometry_msgs.msg.Vector3(x=-10.4375, y=15.3125, z=15.9375)",[0. 0. 0. 0. 0. 0. 0. 0. 0.],"geometry_msgs.msg.Vector3(x=0.0986328125, y=0.90673828125, z=-0.5078125)",[0. 0. 0. 0. 0. 0. 0. 0. 0.],False,28.282264478,"[-0.2854696022885672, -0.36439031979105113, 0.7775491262677053, 0.42561033499212725]","[-10.4375, 15.3125, 15.9375]","[0.0986328125, 0.90673828125, -0.5078125]"
28299702540,"std_msgs.msg.Header(stamp=builtin_interfaces.msg.Time(sec=1730343865, nanosec=800247447), frame_id='RL_myo')","geometry_msgs.msg.Quaternion(x=-0.2858971684372141, y=-0.3646348600008363, z=0.7776110004035243, w=0.4250004235329466)",[0. 0. 0. 0. 0. 0. 0. 0. 0.],"geometry_msgs.msg.Vector3(x=3.0, y=8.5, z=10.1875)",[0. 0. 0. 0. 0. 0. 0. 0. 0.],"geometry_msgs.msg.Vector3(x=-0.0029296875, y=0.9619140625, z=-0.515625)",[0. 0. 0. 0. 0. 0. 0. 0. 0.],False,28.29970254,"[-0.2858971684372141, -0.3646348600008363, 0.7776110004035243, 0.4250004235329466]","[3.0, 8.5, 10.1875]","[-0.0029296875, 0.9619140625, -0.515625]"
28319195091,"std_msgs.msg.Header(stamp=builtin_interfaces.msg.Time(sec=1730343865, nanosec=819672127), frame_id='RL_myo')","geometry_msgs.msg.Quaternion(x=-0.28510542446733855, y=-0.365796790587189, z=0.7779209237499957, w=0.4239653775101977)",[0. 0. 0. 0. 0. 0. 0. 0. 0.],"geometry_msgs.msg.Vector3(x=3.5625, y=4.3125, z=-0.0625)",[0. 0. 0. 0. 0. 0. 0. 0. 0.],"geometry_msgs.msg.Vector3(x=0.0712890625, y=0.97314453125, z=-0.6201171875)",[0. 0. 0. 0. 0. 0. 0. 0. 0.],False,28.319195091,"[-0.28510542446733855, -0.365796790587189, 0.7779209237499957, 0.4239653775101977]","[3.5625, 4.3125, -0.0625]","[0.0712890625, 0.97314453125, -0.6201171875]"
28341693432,"std_msgs.msg.Header(stamp=builtin_interfaces.msg.Time(sec=1730343865, nanosec=842187648), frame_id='RL_myo')","geometry_msgs.msg.Quaternion(x=-0.285407998651841, y=-0.3660375893744848, z=0.7746788534835686, w=0.42945480721008417)",[0. 0. 0. 0. 0. 0. 0. 0. 0.],"geometry_msgs.msg.Vector3(x=-18.25, y=-6.8125, z=-17.0625)",[0. 0. 0. 0. 0. 0. 0. 0. 0.],"geometry_msgs.msg.Vector3(x=0.22119140625, y=1.404296875, z=-0.51953125)",[0. 0. 0. 0. 0. 0. 0. 0. 0.],False,28.341693432,"[-0.285407998651841, -0.3660375893744848, 0.7746788534835686, 0.42945480721008417]","[-18.25, -6.8125, -17.0625]","[0.22119140625, 1.404296875, -0.51953125]"
28356586216,"std_msgs.msg.Header(stamp=builtin_interfaces.msg.Time(sec=1730343865, nanosec=857111511), frame_id='RL_myo')","geometry_msgs.msg.Quaternion(x=-0.2841191926709778, y=-0.36810372738961694, z=0.773194829807937, w=0.43121419897324553)",[0. 0. 0. 0. 0. 0. 0. 0. 0.],"geometry_msgs.msg.Vector3(x=-16.375, y=-1.9375, z=-20.9375)",[0. 0. 0. 0. 0. 0. 0. 0. 0.],"geometry_msgs.msg.Vector3(x=0.16015625, y=0.82958984375, z=-0.623046875)",[0. 0. 0. 0. 0. 0. 0. 0. 0.],False,28.356586216,"[-0.2841191926709778, -0.36810372738961694, 0.773194829807937, 0.43121419897324553]","[-16.375, -1.9375, -20.9375]","[0.16015625, 0.82958984375, -0.623046875]"
28395884427,"std_msgs.msg.Header(stamp=builtin_interfaces.msg.Time(sec=1730343865, nanosec=896210563), frame_id='RL_myo')","geometry_msgs.msg.Quaternion(x=-0.2888215710862845, y=-0.3635904689266688, z=0.7728357424122009, w=0.4325609624447376)",[0. 0. 0. 0. 0. 0. 0. 0. 0.],"geometry_msgs.msg.Vector3(x=-22.25, y=4.5625, z=23.25)",[0. 0. 0. 0. 0. 0. 0. 0. 0.],"geometry_msgs.msg.Vector3(x=0.2275390625, y=0.9755859375, z=-0.4765625)",[0. 0. 0. 0. 0. 0. 0. 0. 0.],False,28.395884427,"[-0.2888215710862845, -0.3635904689266688, 0.7728357424122009, 0.4325609624447376]","[-22.25, 4.5625, 23.25]","[0.2275390625, 0.9755859375, -0.4765625]"
28402284816,"std_msgs.msg.Header(stamp=builtin_interfaces.msg.Time(sec=1730343865, nanosec=902547601), frame_id='RL_myo')","geometry_msgs.msg.Quaternion(x=-0.29132106341320696, y=-0.36236604933672945, z=0.7717902465661014, w=0.43377724652789895)",[0. 0. 0. 0. 0. 0. 0. 0. 0.],"geometry_msgs.msg.Vector3(x=-14.625, y=6.375, z=6.5)",[0. 0. 0. 0. 0. 0. 0. 0. 0.],"geometry_msgs.msg.Vector3(x=0.15966796875, y=0.93505859375, z=-0.47265625)",[0. 0. 0. 0. 0. 0. 0. 0. 0.],False,28.402284816,"[-0.29132106341320696, -0.36236604933672945, 0.7717902465661014, 0.43377724652789895]","[-14.625, 6.375, 6.5]","[0.15966796875, 0.93505859375, -0.47265625]"
28418521960,"std_msgs.msg.Header(stamp=builtin_interfaces.msg.Time(sec=1730343865, nanosec=918904132), frame_id='RL_myo')","geometry_msgs.msg.Quaternion(x=-0.29066197806530863, y=-0.36293072691649, z=0.7723112155523626, w=0.4328190017767962)",[0. 0. 0. 0. 0. 0. 0. 0. 0.],"geometry_msgs.msg.Vector3(x=5.875, y=-0.5, z=-2.75)",[0. 0. 0. 0. 0. 0. 0. 0. 0.],"geometry_msgs.msg.Vector3(x=0.14892578125, y=0.83447265625, z=-0.46728515625)",[0. 0. 0. 0. 0. 0. 0. 0. 0.],False,28.41852196,"[-0.29066197806530863, -0.36293072691649, 0.7723112155523626, 0.4328190017767962]","[5.875, -0.5, -2.75]","[0.14892578125, 0.83447265625, -0.46728515625]"
28440705338,"std_msgs.msg.Header(stamp=builtin_interfaces.msg.Time(sec=1730343865, nanosec=941257006), frame_id='RL_myo')","geometry_msgs.msg.Quaternion(x=-0.2893095204192623, y=-0.36328486614671923, z=0.7734451988930151, w=0.4314007785492291)",[0. 0. 0. 0. 0. 0. 0. 0. 0.],"geometry_msgs.msg.Vector3(x=16.0625, y=-3.3125, z=2.8125)",[0. 0. 0. 0. 0. 0. 0. 0. 0.],"geometry_msgs.msg.Vector3(x=0.095703125, y=0.94140625, z=-0.435546875)",[0. 0. 0. 0. 0. 0. 0. 0. 0.],False,28.440705338,"[-0.2893095204192623, -0.36328486614671923, 0.7734451988930151, 0.4314007785492291]","[16.0625, -3.3125, 2.8125]","[0.095703125, 0.94140625, -0.435546875]"
28461766258,"std_msgs.msg.Header(stamp=builtin_interfaces.msg.Time(sec=1730343865, nanosec=962295857), frame_id='RL_myo')","geometry_msgs.msg.Quaternion(x=-0.28777882987368536, y=-0.3635839850599244, z=0.7739816207058756, w=0.4312104842115773)",[0. 0. 0. 0. 0. 0. 0. 0. 0.],"geometry_msgs.msg.Vector3(x=4.75, y=-5.375, z=-1.9375)",[0. 0. 0. 0. 0. 0. 0. 0. 0.],"geometry_msgs.msg.Vector3(x=0.109375, y=0.93017578125, z=-0.5048828125)",[0. 0. 0. 0. 0. 0. 0. 0. 0.],False,28.461766258,"[-0.28777882987368536, -0.3635839850599244, 0.7739816207058756, 0.4312104842115773]","[4.75, -5.375, -1.9375]","[0.109375, 0.93017578125, -0.5048828125]"
28476977099,"std_msgs.msg.Header(stamp=builtin_interfaces.msg.Time(sec=1730343865, nanosec=977351849), frame_id='RL_myo')","geometry_msgs.msg.Quaternion(x=-0.2875984999692103, y=-0.36364852776242673, z=0.7728904509995987, w=0.4332288100130421)",[0. 0. 0. 0. 0. 0. 0. 0. 0.],"geometry_msgs.msg.Vector3(x=-17.0, y=-4.4375, z=-10.625)",[0. 0. 0. 0. 0. 0. 0. 0. 0.],"geometry_msgs.msg.Vector3(x=0.21484375, y=0.9775390625, z=-0.6025390625)",[0. 0. 0. 0. 0. 0. 0. 0. 0.],False,28.476977099,"[-0.2875984999692103, -0.36364852776242673, 0.7728904509995987, 0.4332288100130421]","[-17.0, -4.4375, -10.625]","[0.21484375, 0.9775390625, -0.6025390625]"
28499439796,"std_msgs.msg.Header(stamp=builtin_interfaces.msg.Time(sec=1730343865, nanosec=999859013), frame_id='RL_myo')","geometry_msgs.msg.Quaternion(x=-0.2879653921123174, y=-0.3640155995247692, z=0.7694742896057621, w=0.43872302638900756)",[0. 0. 0. 0. 0. 0. 0. 0. 0.],"geometry_msgs.msg.Vector3(x=-42.125, y=-8.4375, z=-30.0)",[0. 0. 0. 0. 0. 0. 0. 0. 0.],"geometry_msgs.msg.Vector3(x=0.34423828125, y=0.98779296875, z=-0.6494140625)",[0. 0. 0. 0. 0. 0. 0. 0. 0.],False,28.499439796,"[-0.2879653921123174, -0.3640155995247692, 0.7694742896057621, 0.43872302638900756]","[-42.125, -8.4375, -30.0]","[0.34423828125, 0.98779296875, -0.6494140625]"
28523134292,"std_msgs.msg.Header(stamp=builtin_interfaces.msg.Time(sec=1730343866, nanosec=23725583), frame_id='RL_myo')","geometry_msgs.msg.Quaternion(x=-0.2885840788263663, y=-0.36634552477069593, z=0.7611344041803696, w=0.4507600300619109)",[0. 0. 0. 0. 0. 0. 0. 0. 0.],"geometry_msgs.msg.Vector3(x=-85.875, y=-10.625, z=-65.3125)",[0. 0. 0. 0. 0. 0. 0. 0. 0.],"geometry_msgs.msg.Vector3(x=0.43017578125, y=1.01025390625, z=-0.7060546875)",[0. 0. 0. 0. 0. 0. 0. 0. 0.],False,28.523134292,"[-0.2885840788263663, -0.36634552477069593, 0.7611344041803696, 0.4507600300619109]","[-85.875, -10.625, -65.3125]","[0.43017578125, 1.01025390625, -0.7060546875]"
28536726391,"std_msgs.msg.Header(stamp=builtin_interfaces.msg.Time(sec=1730343866, nanosec=37271930), frame_id='RL_myo')","geometry_msgs.msg.Quaternion(x=-0.2847887919526847, y=-0.3760359509688149, z=0.7428556337025558, w=0.47503454088464314)",[0. 0. 0. 0. 0. 0. 0. 0. 0.],"geometry_msgs.msg.Vector3(x=-132.0, y=-16.25, z=-140.25)",[0. 0. 0. 0. 0. 0. 0. 0. 0.],"geometry_msgs.msg.Vector3(x=0.6884765625, y=1.14453125, z=-0.63671875)",[0. 0. 0. 0. 0. 0. 0. 0. 0.],False,28.536726391,"[-0.2847887919526847, -0.3760359509688149, 0.7428556337025558, 0.47503454088464314]","[-132.0, -16.25, -140.25]","[0.6884765625, 1.14453125, -0.63671875]"
28559190760,"std_msgs.msg.Header(stamp=builtin_interfaces.msg.Time(sec=1730343866, nanosec=59838019), frame_id='RL_myo')","geometry_msgs.msg.Quaternion(x=-0.2813171329404346, y=-0.39228145224737976, z=0.7124177860014651, w=0.5093494194809995)",[0. 0. 0. 0. 0. 0. 0. 0. 0.],"geometry_msgs.msg.Vector3(x=-194.25, y=-1.625, z=-218.0)",[0. 0. 0. 0. 0. 0. 0. 0. 0.],"geometry_msgs.msg.Vector3(x=1.0859375, y=1.0556640625, z=-0.3037109375)",[0. 0. 0. 0. 0. 0. 0. 0. 0.],False,28.55919076,"[-0.2813171329404346, -0.39228145224737976, 0.7124177860014651, 0.5093494194809995]","[-194.25, -1.625, -218.0]","[1.0859375, 1.0556640625, -0.3037109375]"
28583245796,"std_msgs.msg.Header(stamp=builtin_interfaces.msg.Time(sec=1730343866, nanosec=83704523), frame_id='RL_myo')","geometry_msgs.msg.Quaternion(x=-0.28272257135754514, y=-0.41175441847538846, z=0.6713440333250515, w=0.547561353119287)",[0. 0. 0. 0. 0. 0. 0. 0. 0.],"geometry_msgs.msg.Vector3(x=-248.125, y=37.3125, z=-249.125)",[0. 0. 0. 0. 0. 0. 0. 0. 0.],"geometry_msgs.msg.Vector3(x=1.10986328125, y=0.75927734375, z=-0.16748046875)",[0. 0. 0. 0. 0. 0. 0. 0. 0.],False,28.583245796,"[-0.28272257135754514, -0.41175441847538846, 0.6713440333250515, 0.547561353119287]","[-248.125, 37.3125, -249.125]","[1.10986328125, 0.75927734375, -0.16748046875]"
28599928550,"std_msgs.msg.Header(stamp=builtin_interfaces.msg.Time(sec=1730343866, nanosec=100246613), frame_id='RL_myo')","geometry_msgs.msg.Quaternion(x=-0.2871760893216142, y=-0.43183227034015315, z=0.6266603419904385, w=0.5816765422391038)",[0. 0. 0. 0. 0. 0. 0. 0. 0.],"geometry_msgs.msg.Vector3(x=-250.375, y=69.3125, z=-237.9375)",[0. 0. 0. 0. 0. 0. 0. 0. 0.],"geometry_msgs.msg.Vector3(x=0.73974609375, y=0.49560546875, z=-0.09423828125)",[0. 0. 0. 0. 0. 0. 0. 0. 0.],False,28.59992855,"[-0.2871760893216142, -0.43183227034015315, 0.6266603419904385, 0.5816765422391038]","[-250.375, 69.3125, -237.9375]","[0.73974609375, 0.49560546875, -0.09423828125]"
28619210381,"std_msgs.msg.Header(stamp=builtin_interfaces.msg.Time(sec=1730343866, nanosec=119673734), frame_id='RL_myo')","geometry_msgs.msg.Quaternion(x=-0.2909102217721412, y=-0.45229642117741636, z=0.5816373275842915, w=0.6103254946495258)",[0. 0. 0. 0. 0. 0. 0. 0. 0.],"geometry_msgs.msg.Vector3(x=-227.6875, y=84.0, z=-228.5)",[0. 0. 0. 0. 0. 0. 0. 0. 0.],"geometry_msgs.msg.Vector3(x=0.44091796875, y=0.31591796875, z=0.05419921875)",[0. 0. 0. 0. 0. 0. 0. 0. 0.],False,28.619210381,"[-0.2909102217721412, -0.45229642117741636, 0.5816373275842915, 0.6103254946495258]","[-227.6875, 84.0, -228.5]","[0.44091796875, 0.31591796875, 0.05419921875]"
28642132637,"std_msgs.msg.Header(stamp=builtin_interfaces.msg.Time(sec=1730343866, nanosec=142417514), frame_id='RL_myo')","geometry_msgs.msg.Quaternion(x=-0.2914428569795301, y=-0.47399900048231014, z=0.5380248762878655, w=0.6331786802734336)",[0. 0. 0. 0. 0. 0. 0. 0. 0.],"geometry_msgs.msg.Vector3(x=-192.4375, y=91.1875, z=-226.75)",[0. 0. 0. 0. 0. 0. 0. 0. 0.],"geometry_msgs.msg.Vector3(x=0.2451171875, y=0.15380859375, z=0.11083984375)",[0. 0. 0. 0. 0. 0. 0. 0. 0.],False,28.642132637,"[-0.2914428569795301, -0.47399900048231014, 0.5380248762878655, 0.6331786802734336]","[-192.4375, 91.1875, -226.75]","[0.2451171875, 0.15380859375, 0.11083984375]"
28657051676,"std_msgs.msg.Header(stamp=builtin_interfaces.msg.Time(sec=1730343866, nanosec=157416631), frame_id='RL_myo')","geometry_msgs.msg.Quaternion(x=-0.286065861824227, y=-0.49577832208197053, z=0.4993793218361052, w=0.6503771759332116)",[0. 0. 0. 0. 0. 0. 0. 0. 0.],"geometry_msgs.msg.Vector3(x=-139.4375, y=81.4375, z=-220.8125)",[0. 0. 0. 0. 0. 0. 0. 0. 0.],"geometry_msgs.msg.Vector3(x=-0.02734375, y=0.080078125, z=0.189453125)",[0. 0. 0. 0. 0. 0. 0. 0. 0.],False,28.657051676,"[-0.286065861824227, -0.49577832208197053, 0.4993793218361052, 0.6503771759332116]","[-139.4375, 81.4375, -220.8125]","[-0.02734375, 0.080078125, 0.189453125]"
28679180763,"std_msgs.msg.Header(stamp=builtin_interfaces.msg.Time(sec=1730343866, nanosec=179673477), frame_id='RL_myo')","geometry_msgs.msg.Quaternion(x=-0.2757540181673792, y=-0.5140938678671614, z=0.4666090015249256, w=0.6647881287913001)",[0. 0. 0. 0. 0. 0. 0. 0. 0.],"geometry_msgs.msg.Vector3(x=-99.8125, y=53.375, z=-203.0625)",[0. 0. 0. 0. 0. 0. 0. 0. 0.],"geometry_msgs.msg.Vector3(x=-0.31640625, y=0.0244140625, z=0.27392578125)",[0. 0. 0. 0. 0. 0. 0. 0. 0.],False,28.679180763,"[-0.2757540181673792, -0.5140938678671614, 0.4666090015249256, 0.6647881287913001]","[-99.8125, 53.375, -203.0625]","[-0.31640625, 0.0244140625, 0.27392578125]"
28701828955,"std_msgs.msg.Header(stamp=builtin_interfaces.msg.Time(sec=1730343866, nanosec=202299011), frame_id='RL_myo')","geometry_msgs.msg.Quaternion(x=-0.2652054922741803, y=-0.5262604728165667, z=0.44001528050737987, w=0.6775710402153453)",[0. 0. 0. 0. 0. 0. 0. 0. 0.],"geometry_msgs.msg.Vector3(x=-80.9375, y=24.375, z=-164.0)",[0. 0. 0. 0. 0. 0. 0. 0. 0.],"geometry_msgs.msg.Vector3(x=-0.4970703125, y=0.04833984375, z=0.27099609375)",[0. 0. 0. 0. 0. 0. 0. 0. 0.],False,28.701828955,"[-0.2652054922741803, -0.5262604728165667, 0.44001528050737987, 0.6775710402153453]","[-80.9375, 24.375, -164.0]","[-0.4970703125, 0.04833984375, 0.27099609375]"
28717185457,"std_msgs.msg.Header(stamp=builtin_interfaces.msg.Time(sec=1730343866, nanosec=217530904), frame_id='RL_myo')","geometry_msgs.msg.Quaternion(x=-0.2571993478029947, y=-0.5315493877589655, z=0.41918488863573033, w=0.6896287211262546)",[0. 0. 0. 0. 0. 0. 0. 0. 0.],"geometry_msgs.msg.Vector3(x=-74.8125, y=-2.5625, z=-119.25)",[0. 0. 0. 0. 0. 0. 0. 0. 0.],"geometry_msgs.msg.Vector3(x=-0.53662109375, y=0.13623046875, z=0.31396484375)",[0. 0. 0. 0. 0. 0. 0. 0. 0.],False,28.717185457,"[-0.2571993478029947, -0.5315493877589655, 0.41918488863573033, 0.6896287211262546]","[-74.8125, -2.5625, -119.25]","[-0.53662109375, 0.13623046875, 0.31396484375]"
28739266373,"std_msgs.msg.Header(stamp=builtin_interfaces.msg.Time(sec=1730343866, nanosec=239782039), frame_id='RL_myo')","geometry_msgs.msg.Quaternion(x=-0.2512186283268068, y=-0.5293535382600572, z=0.39867834796664287, w=0.7054995444192322)",[0. 0. 0. 0. 0. 0. 0. 0. 0.],"geometry_msgs.msg.Vector3(x=-89.9375, y=-34.4375, z=-85.25)",[0. 0. 0. 0. 0. 0. 0. 0. 0.],"geometry_msgs.msg.Vector3(x=-0.5048828125, y=0.267578125, z=0.287109375)",[0. 0. 0. 0. 0. 0. 0. 0. 0.],False,28.739266373,"[-0.2512186283268068, -0.5293535382600572, 0.39867834796664287, 0.7054995444192322]","[-89.9375, -34.4375, -85.25]","[-0.5048828125, 0.267578125, 0.287109375]"
28762033485,"std_msgs.msg.Header(stamp=builtin_interfaces.msg.Time(sec=1730343866, nanosec=262399816), frame_id='RL_myo')","geometry_msgs.msg.Quaternion(x=-0.2517153655915529, y=-0.5191171640048878, z=0.3822728745635053, w=0.7218200566163202)",[0. 0. 0. 0. 0. 0. 0. 0. 0.],"geometry_msgs.msg.Vector3(x=-116.1875, y=-64.4375, z=-42.5)",[0. 0. 0. 0. 0. 0. 0. 0. 0.],"geometry_msgs.msg.Vector3(x=-0.60302734375, y=0.33056640625, z=0.34716796875)",[0. 0. 0. 0. 0. 0. 0. 0. 0.],False,28.762033485,"[-0.2517153655915529, -0.5191171640048878, 0.3822728745635053, 0.7218200566163202]","[-116.1875, -64.4375, -42.5]","[-0.60302734375, 0.33056640625, 0.34716796875]"
28776932245,"std_msgs.msg.Header(stamp=builtin_interfaces.msg.Time(sec=1730343866, nanosec=277423907), frame_id='RL_myo')","geometry_msgs.msg.Quaternion(x=-0.2538535128312345, y=-0.5034954622132372, z=0.37153314080397315, w=0.7375729379785134)",[0. 0. 0. 0. 0. 0. 0. 0. 0.],"geometry_msgs.msg.Vector3(x=-96.375, y=-90.8125, z=17.9375)",[0. 0. 0. 0. 0. 0. 0. 0. 0.],"geometry_msgs.msg.Vector3(x=-0.85693359375, y=0.490234375, z=0.341796875)",[0. 0. 0. 0. 0. 0. 0. 0. 0.],False,28.776932245,"[-0.2538535128312345, -0.5034954622132372, 0.37153314080397315, 0.7375729379785134]","[-96.375, -90.8125, 17.9375]","[-0.85693359375, 0.490234375, 0.341796875]"
28799116628,"std_msgs.msg.Header(stamp=builtin_interfaces.msg.Time(sec=1730343866, nanosec=299679702), frame_id='RL_myo')","geometry_msgs.msg.Quaternion(x=-0.2644662014834823, y=-0.47564853638605537, z=0.36914183858114497, w=0.7533594103186297)",[0. 0. 0. 0. 0. 0. 0. 0. 0.],"geometry_msgs.msg.Vector3(x=-113.9375, y=-138.625, z=81.875)",[0. 0. 0. 0. 0. 0. 0. 0. 0.],"geometry_msgs.msg.Vector3(x=-0.97412109375, y=0.671875, z=0.31298828125)",[0. 0. 0. 0. 0. 0. 0. 0. 0.],False,28.799116628,"[-0.2644662014834823, -0.47564853638605537, 0.36914183858114497, 0.7533594103186297]","[-113.9375, -138.625, 81.875]","[-0.97412109375, 0.671875, 0.31298828125]"
28821719833,"std_msgs.msg.Header(stamp=builtin_interfaces.msg.Time(sec=1730343866, nanosec=322288663), frame_id='RL_myo')","geometry_msgs.msg.Quaternion(x=-0.27930344626927966, y=-0.43287151244356015, z=0.3606041871850752, w=0.7775451490437836)",[0. 0. 0. 0. 0. 0. 0. 0. 0.],"geometry_msgs.msg.Vector3(x=-194.6875, y=-209.25, z=99.1875)",[0. 0. 0. 0. 0. 0. 0. 0. 0.],"geometry_msgs.msg.Vector3(x=-0.8681640625, y=0.90625, z=0.3466796875)",[0. 0. 0. 0. 0. 0. 0. 0. 0.],False,28.821719833,"[-0.27930344626927966, -0.43287151244356015, 0.3606041871850752, 0.7775451490437836]","[-194.6875, -209.25, 99.1875]","[-0.8681640625, 0.90625, 0.3466796875]"
28837134285,"std_msgs.msg.Header(stamp=builtin_interfaces.msg.Time(sec=1730343866, nanosec=337444226), frame_id='RL_myo')","geometry_msgs.msg.Quaternion(x=-0.2906458946363606, y=-0.37975614372688693, z=0.35338927550284077, w=0.8040063775818517)",[0. 0. 0. 0. 0. 0. 0. 0. 0.],"geometry_msgs.msg.Vector3(x=-204.9375, y=-273.0625, z=105.5625)",[0. 0. 0. 0. 0. 0. 0. 0. 0.],"geometry_msgs.msg.Vector3(x=-0.93798828125, y=1.08642578125, z=0.3046875)",[0. 0. 0. 0. 0. 0. 0. 0. 0.],False,28.837134285,"[-0.2906458946363606, -0.37975614372688693, 0.35338927550284077, 0.8040063775818517]","[-204.9375, -273.0625, 105.5625]","[-0.93798828125, 1.08642578125, 0.3046875]"
28862140955,"std_msgs.msg.Header(stamp=builtin_interfaces.msg.Time(sec=1730343866, nanosec=362641753), frame_id='RL_myo')","geometry_msgs.msg.Quaternion(x=-0.29773980373895526, y=-0.31879766193697484, z=0.3498045951676819, w=0.8290692403005799)",[0. 0. 0. 0. 0. 0. 0. 0. 0.],"geometry_msgs.msg.Vector3(x=-188.25, y=-321.5625, z=112.9375)",[0. 0. 0. 0. 0. 0. 0. 0. 0.],"geometry_msgs.msg.Vector3(x=-0.849609375, y=0.89111328125, z=0.38232421875)",[0. 0. 0. 0. 0. 0. 0. 0. 0.],False,28.862140955,"[-0.29773980373895526, -0.31879766193697484, 0.3498045951676819, 0.8290692403005799]","[-188.25, -321.5625, 112.9375]","[-0.849609375, 0.89111328125, 0.38232421875]"
28882280738,"std_msgs.msg.Header(stamp=builtin_interfaces.msg.Time(sec=1730343866, nanosec=382529696), frame_id='RL_myo')","geometry_msgs.msg.Quaternion(x=-0.2996890182991959, y=-0.25415581918489855, z=0.3447339257339834, w=0.8524962359643319)",[0. 0. 0. 0. 0. 0. 0. 0. 0.],"geometry_msgs.msg.Vector3(x=-188.5, y=-343.25, z=94.875)",[0. 0. 0. 0. 0. 0. 0. 0. 0.],"geometry_msgs.msg.Vector3(x=-0.64697265625, y=0.89794921875, z=0.53271484375)",[0. 0. 0. 0. 0. 0. 0. 0. 0.],False,28.882280738,"[-0.2996890182991959, -0.25415581918489855, 0.3447339257339834, 0.8524962359643319]","[-188.5, -343.25, 94.875]","[-0.64697265625, 0.89794921875, 0.53271484375]"
28896824468,"std_msgs.msg.Header(stamp=builtin_interfaces.msg.Time(sec=1730343866, nanosec=397333177), frame_id='RL_myo')","geometry_msgs.msg.Quaternion(x=-0.30151426381682234, y=-0.19085730829052702, z=0.3435065337573029, w=0.8687150843936908)",[0. 0. 0. 0. 0. 0. 0. 0. 0.],"geometry_msgs.msg.Vector3(x=-155.5, y=-332.5625, z=108.1875)",[0. 0. 0. 0. 0. 0. 0. 0. 0.],"geometry_msgs.msg.Vector3(x=-0.5078125, y=1.0810546875, z=0.58984375)",[0. 0. 0. 0. 0. 0. 0. 0. 0.],False,28.896824468,"[-0.30151426381682234, -0.19085730829052702, 0.3435065337573029, 0.8687150843936908]","[-155.5, -332.5625, 108.1875]","[-0.5078125, 1.0810546875, 0.58984375]"
28919236947,"std_msgs.msg.Header(stamp=builtin_interfaces.msg.Time(sec=1730343866, nanosec=419732989), frame_id='RL_myo')","geometry_msgs.msg.Quaternion(x=-0.30109291913250114, y=-0.13562304202562692, z=0.3460157629357691, w=0.8781927671758416)",[0. 0. 0. 0. 0. 0. 0. 0. 0.],"geometry_msgs.msg.Vector3(x=-103.0, y=-292.8125, z=94.6875)",[0. 0. 0. 0. 0. 0. 0. 0. 0.],"geometry_msgs.msg.Vector3(x=-0.177734375, y=0.94677734375, z=0.86328125)",[0. 0. 0. 0. 0. 0. 0. 0. 0.],False,28.919236947,"[-0.30109291913250114, -0.13562304202562692, 0.3460157629357691, 0.8781927671758416]","[-103.0, -292.8125, 94.6875]","[-0.177734375, 0.94677734375, 0.86328125]"
28941821323,"std_msgs.msg.Header(stamp=builtin_interfaces.msg.Time(sec=1730343866, nanosec=442325493), frame_id='RL_myo')","geometry_msgs.msg.Quaternion(x=-0.3005420575162673, y=-0.09069973547302461, z=0.35639014497105703, w=0.8800193715007193)",[0. 0. 0. 0. 0. 0. 0. 0. 0.],"geometry_msgs.msg.Vector3(x=-29.5, y=-251.25, z=95.9375)",[0. 0. 0. 0. 0. 0. 0. 0. 0.],"geometry_msgs.msg.Vector3(x=-0.31640625, y=0.94775390625, z=0.9365234375)",[0. 0. 0. 0. 0. 0. 0. 0. 0.],False,28.941821323,"[-0.3005420575162673, -0.09069973547302461, 0.35639014497105703, 0.8800193715007193]","[-29.5, -251.25, 95.9375]","[-0.31640625, 0.94775390625, 0.9365234375]"
28956832747,"std_msgs.msg.Header(stamp=builtin_interfaces.msg.Time(sec=1730343866, nanosec=457298244), frame_id='RL_myo')","geometry_msgs.msg.Quaternion(x=-0.30170477876365726, y=-0.05169814841448871, z=0.3767189752234053, w=0.8742907649222388)",[0. 0. 0. 0. 0. 0. 0. 0. 0.],"geometry_msgs.msg.Vector3(x=45.375, y=-233.4375, z=112.5625)",[0. 0. 0. 0. 0. 0. 0. 0. 0.],"geometry_msgs.msg.Vector3(x=-0.38720703125, y=0.84814453125, z=0.8193359375)",[0. 0. 0. 0. 0. 0. 0. 0. 0.],False,28.956832747,"[-0.30170477876365726, -0.05169814841448871, 0.3767189752234053, 0.8742907649222388]","[45.375, -233.4375, 112.5625]","[-0.38720703125, 0.84814453125, 0.8193359375]"
28979551623,"std_msgs.msg.Header(stamp=builtin_interfaces.msg.Time(sec=1730343866, nanosec=479926415), frame_id='RL_myo')","geometry_msgs.msg.Quaternion(x=-0.30298161108535926, y=-0.016174481655443232, z=0.40240889643146127, w=0.8637173204006686)",[0. 0. 0. 0. 0. 0. 0. 0. 0.],"geometry_msgs.msg.Vector3(x=87.5625, y=-223.0, z=115.75)",[0. 0. 0. 0. 0. 0. 0. 0. 0.],"geometry_msgs.msg.Vector3(x=-0.29345703125, y=0.9013671875, z=0.67578125)",[0. 0. 0. 0. 0. 0. 0. 0. 0.],False,28.979551623,"[-0.30298161108535926, -0.016174481655443232, 0.40240889643146127, 0.8637173204006686]","[87.5625, -223.0, 115.75]","[-0.29345703125, 0.9013671875, 0.67578125]"
29001689622,"std_msgs.msg.Header(stamp=builtin_interfaces.msg.Time(sec=1730343866, nanosec=502223535), frame_id='RL_myo')","geometry_msgs.msg.Quaternion(x=-0.30878130716187063, y=0.01715112617364808, z=0.42877815434120203, w=0.8488281555050672)",[0. 0. 0. 0. 0. 0. 0. 0. 0.],"geometry_msgs.msg.Vector3(x=105.3125, y=-199.625, z=138.1875)",[0. 0. 0. 0. 0. 0. 0. 0. 0.],"geometry_msgs.msg.Vector3(x=-0.021484375, y=0.83154296875, z=0.6513671875)",[0. 0. 0. 0. 0. 0. 0. 0. 0.],False,29.001689622,"[-0.30878130716187063, 0.01715112617364808, 0.42877815434120203, 0.8488281555050672]","[105.3125, -199.625, 138.1875]","[-0.021484375, 0.83154296875, 0.6513671875]"
29016829049,"std_msgs.msg.Header(stamp=builtin_interfaces.msg.Time(sec=1730343866, nanosec=517259322), frame_id='RL_myo')","geometry_msgs.msg.Quaternion(x=-0.31453297747739967, y=0.046389494058378375, z=0.448513160974953, w=0.8353160870906684)",[0. 0. 0. 0. 0. 0. 0. 0. 0.],"geometry_msgs.msg.Vector3(x=79.0, y=-167.25, z=124.625)",[0. 0. 0. 0. 0. 0. 0. 0. 0.],"geometry_msgs.msg.Vector3(x=0.1953125, y=0.806640625, z=0.7451171875)",[0. 0. 0. 0. 0. 0. 0. 0. 0.],False,29.016829049,"[-0.31453297747739967, 0.046389494058378375, 0.448513160974953, 0.8353160870906684]","[79.0, -167.25, 124.625]","[0.1953125, 0.806640625, 0.7451171875]"
29039590270,"std_msgs.msg.Header(stamp=builtin_interfaces.msg.Time(sec=1730343866, nanosec=539938967), frame_id='RL_myo')","geometry_msgs.msg.Quaternion(x=-0.3210658249594796, y=0.07361319104584267, z=0.4552298331839922, w=0.8272022927473133)",[0. 0. 0. 0. 0. 0. 0. 0. 0.],"geometry_msgs.msg.Vector3(x=2.625, y=-130.6875, z=119.625)",[0. 0. 0. 0. 0. 0. 0. 0. 0.],"geometry_msgs.msg.Vector3(x=0.29443359375, y=1.2783203125, z=0.78955078125)",[0. 0. 0. 0. 0. 0. 0. 0. 0.],False,29.03959027,"[-0.3210658249594796, 0.07361319104584267, 0.4552298331839922, 0.8272022927473133]","[2.625, -130.6875, 119.625]","[0.29443359375, 1.2783203125, 0.78955078125]"
29057134758,"std_msgs.msg.Header(stamp=builtin_interfaces.msg.Time(sec=1730343866, nanosec=557696336), frame_id='RL_myo')","geometry_msgs.msg.Quaternion(x=-0.32996213254627027, y=0.10431100342611467, z=0.4453817390288816, w=0.8257598392930985)",[0. 0. 0. 0. 0. 0. 0. 0. 0.],"geometry_msgs.msg.Vector3(x=-99.1875, y=-107.5, z=135.125)",[0. 0. 0. 0. 0. 0. 0. 0. 0.],"geometry_msgs.msg.Vector3(x=0.1708984375, y=0.9970703125, z=0.57763671875)",[0. 0. 0. 0. 0. 0. 0. 0. 0.],False,29.057134758,"[-0.32996213254627027, 0.10431100342611467, 0.4453817390288816, 0.8257598392930985]","[-99.1875, -107.5, 135.125]","[0.1708984375, 0.9970703125, 0.57763671875]"
29076709285,"std_msgs.msg.Header(stamp=builtin_interfaces.msg.Time(sec=1730343866, nanosec=577222115), frame_id='RL_myo')","geometry_msgs.msg.Quaternion(x=-0.342488391690536, y=0.13617743750874814, z=0.42934652417594554, w=0.8245113518010623)",[0. 0. 0. 0. 0. 0. 0. 0. 0.],"geometry_msgs.msg.Vector3(x=-122.625, y=-89.875, z=150.4375)",[0. 0. 0. 0. 0. 0. 0. 0. 0.],"geometry_msgs.msg.Vector3(x=0.79931640625, y=0.71044921875, z=0.95654296875)",[0. 0. 0. 0. 0. 0. 0. 0. 0.],False,29.076709285,"[-0.342488391690536, 0.13617743750874814, 0.42934652417594554, 0.8245113518010623]","[-122.625, -89.875, 150.4375]","[0.79931640625, 0.71044921875, 0.95654296875]"
29099288795,"std_msgs.msg.Header(stamp=builtin_interfaces.msg.Time(sec=1730343866, nanosec=599781555), frame_id='RL_myo')","geometry_msgs.msg.Quaternion(x=-0.3479615204080732, y=0.15637211283730637, z=0.4107056780961103, w=0.8281252252055319)",[0. 0. 0. 0. 0. 0. 0. 0. 0.],"geometry_msgs.msg.Vector3(x=-124.0, y=-42.5625, z=75.5625)",[0. 0. 0. 0. 0. 0. 0. 0. 0.],"geometry_msgs.msg.Vector3(x=1.01904296875, y=0.2802734375, z=1.1376953125)",[0. 0. 0. 0. 0. 0. 0. 0. 0.],False,29.099288795,"[-0.3479615204080732, 0.15637211283730637, 0.4107056780961103, 0.8281252252055319]","[-124.0, -42.5625, 75.5625]","[1.01904296875, 0.2802734375, 1.1376953125]"
29117476052,"std_msgs.msg.Header(stamp=builtin_interfaces.msg.Time(sec=1730343866, nanosec=617865881), frame_id='RL_myo')","geometry_msgs.msg.Quaternion(x=-0.35712165426026615, y=0.16351545236083626, z=0.3944146521671235, w=0.8307610384782913)",[0. 0. 0. 0. 0. 0. 0. 0. 0.],"geometry_msgs.msg.Vector3(x=-66.1875, y=10.4375, z=59.75)",[0. 0. 0. 0. 0. 0. 0. 0. 0.],"geometry_msgs.msg.Vector3(x=0.60205078125, y=0.32958984375, z=1.0)",[0. 0. 0. 0. 0. 0. 0. 0. 0.],False,29.117476052,"[-0.35712165426026615, 0.16351545236083626, 0.3944146521671235, 0.8307610384782913]","[-66.1875, 10.4375, 59.75]","[0.60205078125, 0.32958984375, 1.0]"
29138003565,"std_msgs.msg.Header(stamp=builtin_interfaces.msg.Time(sec=1730343866, nanosec=638607749), frame_id='RL_myo')","geometry_msgs.msg.Quaternion(x=-0.3708604513478792, y=0.16479973973654935, z=0.3864859081525298, w=0.8282102475871252)",[0. 0. 0. 0. 0. 0. 0. 0. 0.],"geometry_msgs.msg.Vector3(x=-7.125, y=26.125, z=78.75)",[0. 0. 0. 0. 0. 0. 0. 0. 0.],"geometry_msgs.msg.Vector3(x=0.38330078125, y=0.29833984375, z=0.7734375)",[0. 0. 0. 0. 0. 0. 0. 0. 0.],False,29.138003565,"[-0.3708604513478792, 0.16479973973654935, 0.3864859081525298, 0.8282102475871252]","[-7.125, 26.125, 78.75]","[0.38330078125, 0.29833984375, 0.7734375]"
29159144979,"std_msgs.msg.Header(stamp=builtin_interfaces.msg.Time(sec=1730343866, nanosec=659670618), frame_id='RL_myo')","geometry_msgs.msg.Quaternion(x=-0.38827088234861445, y=0.16633204753969097, z=0.38558515387457903, w=0.8203069309673053)",[0. 0. 0. 0. 0. 0. 0. 0. 0.],"geometry_msgs.msg.Vector3(x=28.625, y=24.6875, z=102.3125)",[0. 0. 0. 0. 0. 0. 0. 0. 0.],"geometry_msgs.msg.Vector3(x=0.50244140625, y=0.31103515625, z=0.66015625)",[0. 0. 0. 0. 0. 0. 0. 0. 0.],False,29.159144979,"[-0.38827088234861445, 0.16633204753969097, 0.38558515387457903, 0.8203069309673053]","[28.625, 24.6875, 102.3125]","[0.50244140625, 0.31103515625, 0.66015625]"
29177067272,"std_msgs.msg.Header(stamp=builtin_interfaces.msg.Time(sec=1730343866, nanosec=677670990), frame_id='RL_myo')","geometry_msgs.msg.Quaternion(x=-0.4055182896527722, y=0.16705351577056554, z=0.3862311464362948, w=0.8114638261489474)",[0. 0. 0. 0. 0. 0. 0. 0. 0.],"geometry_msgs.msg.Vector3(x=40.9375, y=24.9375, z=98.4375)",[0. 0. 0. 0. 0. 0. 0. 0. 0.],"geometry_msgs.msg.Vector3(x=0.53271484375, y=0.3701171875, z=0.58740234375)",[0. 0. 0. 0. 0. 0. 0. 0. 0.],False,29.177067272,"[-0.4055182896527722, 0.16705351577056554, 0.3862311464362948, 0.8114638261489474]","[40.9375, 24.9375, 98.4375]","[0.53271484375, 0.3701171875, 0.58740234375]"
29198578243,"std_msgs.msg.Header(stamp=builtin_interfaces.msg.Time(sec=1730343866, nanosec=698924294), frame_id='RL_myo')","geometry_msgs.msg.Quaternion(x=-0.42036287526613436, y=0.168523580457354, z=0.38941703850703313, w=0.8020281952950494)",[0. 0. 0. 0. 0. 0. 0. 0. 0.],"geometry_msgs.msg.Vector3(x=42.9375, y=14.5, z=90.5)",[0. 0. 0. 0. 0. 0. 0. 0. 0.],"geometry_msgs.msg.Vector3(x=0.58447265625, y=0.4619140625, z=0.51025390625)",[0. 0. 0. 0. 0. 0. 0. 0. 0.],False,29.198578243,"[-0.42036287526613436, 0.168523580457354, 0.38941703850703313, 0.8020281952950494]","[42.9375, 14.5, 90.5]","[0.58447265625, 0.4619140625, 0.51025390625]"
29222142626,"std_msgs.msg.Header(stamp=builtin_interfaces.msg.Time(sec=1730343866, nanosec=722712091), frame_id='RL_myo')","geometry_msgs.msg.Quaternion(x=-0.4312276347625448, y=0.1688898606352387, z=0.39643644554603374, w=0.7926897795698753)",[0. 0. 0. 0. 0. 0. 0. 0. 0.],"geometry_msgs.msg.Vector3(x=50.5, y=11.875, z=66.5625)",[0. 0. 0. 0. 0. 0. 0. 0. 0.],"geometry_msgs.msg.Vector3(x=0.8564453125, y=0.67333984375, z=0.52294921875)",[0. 0. 0. 0. 0. 0. 0. 0. 0.],False,29.222142626,"[-0.4312276347625448, 0.1688898606352387, 0.39643644554603374, 0.7926897795698753]","[50.5, 11.875, 66.5625]","[0.8564453125, 0.67333984375, 0.52294921875]"
29237245330,"std_msgs.msg.Header(stamp=builtin_interfaces.msg.Time(sec=1730343866, nanosec=737731582), frame_id='RL_myo')","geometry_msgs.msg.Quaternion(x=-0.4376953167690081, y=0.1676072151509826, z=0.40046283270415034, w=0.7873754826830573)",[0. 0. 0. 0. 0. 0. 0. 0. 0.],"geometry_msgs.msg.Vector3(x=32.8125, y=19.625, z=31.4375)",[0. 0. 0. 0. 0. 0. 0. 0. 0.],"geometry_msgs.msg.Vector3(x=0.7841796875, y=0.51806640625, z=0.470703125)",[0. 0. 0. 0. 0. 0. 0. 0. 0.],False,29.23724533,"[-0.4376953167690081, 0.1676072151509826, 0.40046283270415034, 0.7873754826830573]","[32.8125, 19.625, 31.4375]","[0.7841796875, 0.51806640625, 0.470703125]"
29258792340,"std_msgs.msg.Header(stamp=builtin_interfaces.msg.Time(sec=1730343866, nanosec=759348623), frame_id='RL_myo')","geometry_msgs.msg.Quaternion(x=-0.4430512704257637, y=0.1667469445933581, z=0.3997776307051594, w=0.7849069207432596)",[0. 0. 0. 0. 0. 0. 0. 0. 0.],"geometry_msgs.msg.Vector3(x=14.25, y=19.625, z=21.5)",[0. 0. 0. 0. 0. 0. 0. 0. 0.],"geometry_msgs.msg.Vector3(x=0.662109375, y=0.3427734375, z=0.57666015625)",[0. 0. 0. 0. 0. 0. 0. 0. 0.],False,29.25879234,"[-0.4430512704257637, 0.1667469445933581, 0.3997776307051594, 0.7849069207432596]","[14.25, 19.625, 21.5]","[0.662109375, 0.3427734375, 0.57666015625]"
29279700895,"std_msgs.msg.Header(stamp=builtin_interfaces.msg.Time(sec=1730343866, nanosec=780001115), frame_id='RL_myo')","geometry_msgs.msg.Quaternion(x=-0.4486821177317868, y=0.16693587158161297, z=0.39838772717118387, w=0.7823707502497679)",[0. 0. 0. 0. 0. 0. 0. 0. 0.],"geometry_msgs.msg.Vector3(x=11.0, y=15.75, z=24.75)",[0. 0. 0. 0. 0. 0. 0. 0. 0.],"geometry_msgs.msg.Vector3(x=0.65625, y=0.302734375, z=0.60205078125)",[0. 0. 0. 0. 0. 0. 0. 0. 0.],False,29.279700895,"[-0.4486821177317868, 0.16693587158161297, 0.39838772717118387, 0.7823707502497679]","[11.0, 15.75, 24.75]","[0.65625, 0.302734375, 0.60205078125]"
29296990428,"std_msgs.msg.Header(stamp=builtin_interfaces.msg.Time(sec=1730343866, nanosec=797647358), frame_id='RL_myo')","geometry_msgs.msg.Quaternion(x=-0.45350583666315847, y=0.1675469073540202, z=0.3991217585384109, w=0.7790778599150141)",[0. 0. 0. 0. 0. 0. 0. 0. 0.],"geometry_msgs.msg.Vector3(x=16.875, y=8.625, z=23.9375)",[0. 0. 0. 0. 0. 0. 0. 0. 0.],"geometry_msgs.msg.Vector3(x=0.66845703125, y=0.34814453125, z=0.5537109375)",[0. 0. 0. 0. 0. 0. 0. 0. 0.],False,29.296990428,"[-0.45350583666315847, 0.1675469073540202, 0.3991217585384109, 0.7790778599150141]","[16.875, 8.625, 23.9375]","[0.66845703125, 0.34814453125, 0.5537109375]"
