timestamp,_header,_orientation,_orientation_covariance,_angular_velocity,_angular_velocity_covariance,_linear_acceleration,_linear_acceleration_covariance,_check_fields,time,orientation,angular_velocity,linear_acceleration
31268425901,"std_msgs.msg.Header(stamp=builtin_interfaces.msg.Time(sec=1730346085, nanosec=988319770), frame_id='RL_myo')","geometry_msgs.msg.Quaternion(x=0.003295970482074345, y=0.25647533269771106, z=0.3955164578489214, w=0.8819162499165224)",[0. 0. 0. 0. 0. 0. 0. 0. 0.],"geometry_msgs.msg.Vector3(x=-78.125, y=146.125, z=-140.3125)",[0. 0. 0. 0. 0. 0. 0. 0. 0.],"geometry_msgs.msg.Vector3(x=0.31591796875, y=1.04443359375, z=0.36572265625)",[0. 0. 0. 0. 0. 0. 0. 0. 0.],False,31.268425901,"[0.003295970482074345, 0.25647533269771106, 0.3955164578489214, 0.8819162499165224]","[-78.125, 146.125, -140.3125]","[0.31591796875, 1.04443359375, 0.36572265625]"
31289535336,"std_msgs.msg.Header(stamp=builtin_interfaces.msg.Time(sec=1730346086, nanosec=9264493), frame_id='RL_myo')","geometry_msgs.msg.Quaternion(x=0.014893678371251867, y=0.22309997724149824, z=0.39333960419814357, w=0.8917895123114334)",[0. 0. 0. 0. 0. 0. 0. 0. 0.],"geometry_msgs.msg.Vector3(x=-55.0, y=157.1875, z=-128.8125)",[0. 0. 0. 0. 0. 0. 0. 0. 0.],"geometry_msgs.msg.Vector3(x=0.27783203125, y=0.83837890625, z=0.3818359375)",[0. 0. 0. 0. 0. 0. 0. 0. 0.],False,31.289535336,"[0.014893678371251867, 0.22309997724149824, 0.39333960419814357, 0.8917895123114334]","[-55.0, 157.1875, -128.8125]","[0.27783203125, 0.83837890625, 0.3818359375]"
31306131570,"std_msgs.msg.Header(stamp=builtin_interfaces.msg.Time(sec=1730346086, nanosec=25851497), frame_id='RL_myo')","geometry_msgs.msg.Quaternion(x=0.024537170590418517, y=0.19025462868242418, z=0.3998582202433625, w=0.8962781416659341)",[0. 0. 0. 0. 0. 0. 0. 0. 0.],"geometry_msgs.msg.Vector3(x=7.0625, y=150.8125, z=-129.0)",[0. 0. 0. 0. 0. 0. 0. 0. 0.],"geometry_msgs.msg.Vector3(x=0.08154296875, y=0.59912109375, z=0.419921875)",[0. 0. 0. 0. 0. 0. 0. 0. 0.],False,31.30613157,"[0.024537170590418517, 0.19025462868242418, 0.3998582202433625, 0.8962781416659341]","[7.0625, 150.8125, -129.0]","[0.08154296875, 0.59912109375, 0.419921875]"
31328078844,"std_msgs.msg.Header(stamp=builtin_interfaces.msg.Time(sec=1730346086, nanosec=48087418), frame_id='RL_myo')","geometry_msgs.msg.Quaternion(x=0.03522007350404112, y=0.15900917067249068, z=0.42288504200346083, w=0.8914279955858172)",[0. 0. 0. 0. 0. 0. 0. 0. 0.],"geometry_msgs.msg.Vector3(x=114.375, y=132.125, z=-150.375)",[0. 0. 0. 0. 0. 0. 0. 0. 0.],"geometry_msgs.msg.Vector3(x=0.009765625, y=0.50537109375, z=0.466796875)",[0. 0. 0. 0. 0. 0. 0. 0. 0.],False,31.328078844,"[0.03522007350404112, 0.15900917067249068, 0.42288504200346083, 0.8914279955858172]","[114.375, 132.125, -150.375]","[0.009765625, 0.50537109375, 0.466796875]"
31349561087,"std_msgs.msg.Header(stamp=builtin_interfaces.msg.Time(sec=1730346086, nanosec=69289249), frame_id='RL_myo')","geometry_msgs.msg.Quaternion(x=0.048219668056184266, y=0.12823990200764954, z=0.457415433434234, w=0.8786355970490791)",[0. 0. 0. 0. 0. 0. 0. 0. 0.],"geometry_msgs.msg.Vector3(x=189.375, y=119.375, z=-172.75)",[0. 0. 0. 0. 0. 0. 0. 0. 0.],"geometry_msgs.msg.Vector3(x=-0.03173828125, y=0.66162109375, z=0.44287109375)",[0. 0. 0. 0. 0. 0. 0. 0. 0.],False,31.349561087,"[0.048219668056184266, 0.12823990200764954, 0.457415433434234, 0.8786355970490791]","[189.375, 119.375, -172.75]","[-0.03173828125, 0.66162109375, 0.44287109375]"
31365925844,"std_msgs.msg.Header(stamp=builtin_interfaces.msg.Time(sec=1730346086, nanosec=85683523), frame_id='RL_myo')","geometry_msgs.msg.Quaternion(x=0.06311479385855047, y=0.09662545326700715, z=0.4916727896814546, w=0.8630978579883015)",[0. 0. 0. 0. 0. 0. 0. 0. 0.],"geometry_msgs.msg.Vector3(x=192.125, y=116.0, z=-183.25)",[0. 0. 0. 0. 0. 0. 0. 0. 0.],"geometry_msgs.msg.Vector3(x=-0.16796875, y=0.87060546875, z=0.388671875)",[0. 0. 0. 0. 0. 0. 0. 0. 0.],False,31.365925844,"[0.06311479385855047, 0.09662545326700715, 0.4916727896814546, 0.8630978579883015]","[192.125, 116.0, -183.25]","[-0.16796875, 0.87060546875, 0.388671875]"
31388197009,"std_msgs.msg.Header(stamp=builtin_interfaces.msg.Time(sec=1730346086, nanosec=108130958), frame_id='RL_myo')","geometry_msgs.msg.Quaternion(x=0.0780670913944854, y=0.0636622176109838, z=0.5192468698146109, w=0.8486668012110438)",[0. 0. 0. 0. 0. 0. 0. 0. 0.],"geometry_msgs.msg.Vector3(x=155.1875, y=120.0625, z=-182.1875)",[0. 0. 0. 0. 0. 0. 0. 0. 0.],"geometry_msgs.msg.Vector3(x=-0.34326171875, y=0.951171875, z=0.37109375)",[0. 0. 0. 0. 0. 0. 0. 0. 0.],False,31.388197009,"[0.0780670913944854, 0.0636622176109838, 0.5192468698146109, 0.8486668012110438]","[155.1875, 120.0625, -182.1875]","[-0.34326171875, 0.951171875, 0.37109375]"
31409584801,"std_msgs.msg.Header(stamp=builtin_interfaces.msg.Time(sec=1730346086, nanosec=129337937), frame_id='RL_myo')","geometry_msgs.msg.Quaternion(x=0.09216547580850058, y=0.02874830404357866, z=0.5393816620660395, w=0.8365085072552984)",[0. 0. 0. 0. 0. 0. 0. 0. 0.],"geometry_msgs.msg.Vector3(x=113.1875, y=129.3125, z=-178.6875)",[0. 0. 0. 0. 0. 0. 0. 0. 0.],"geometry_msgs.msg.Vector3(x=-0.4677734375, y=0.92431640625, z=0.4111328125)",[0. 0. 0. 0. 0. 0. 0. 0. 0.],False,31.409584801,"[0.09216547580850058, 0.02874830404357866, 0.5393816620660395, 0.8365085072552984]","[113.1875, 129.3125, -178.6875]","[-0.4677734375, 0.92431640625, 0.4111328125]"
31425995397,"std_msgs.msg.Header(stamp=builtin_interfaces.msg.Time(sec=1730346086, nanosec=145816619), frame_id='RL_myo')","geometry_msgs.msg.Quaternion(x=0.10602045375052067, y=-0.009704808374399992, z=0.5541506618313052, w=0.825580113661222)",[0. 0. 0. 0. 0. 0. 0. 0. 0.],"geometry_msgs.msg.Vector3(x=83.625, y=145.25, z=-188.0625)",[0. 0. 0. 0. 0. 0. 0. 0. 0.],"geometry_msgs.msg.Vector3(x=-0.49267578125, y=0.84814453125, z=0.4501953125)",[0. 0. 0. 0. 0. 0. 0. 0. 0.],False,31.425995397,"[0.10602045375052067, -0.009704808374399992, 0.5541506618313052, 0.825580113661222]","[83.625, 145.25, -188.0625]","[-0.49267578125, 0.84814453125, 0.4501953125]"
31448205800,"std_msgs.msg.Header(stamp=builtin_interfaces.msg.Time(sec=1730346086, nanosec=168128630), frame_id='RL_myo')","geometry_msgs.msg.Quaternion(x=0.11890288558547492, y=-0.052493060371410896, z=0.5679627055302074, w=0.8127268591224839)",[0. 0. 0. 0. 0. 0. 0. 0. 0.],"geometry_msgs.msg.Vector3(x=83.4375, y=168.8125, z=-197.75)",[0. 0. 0. 0. 0. 0. 0. 0. 0.],"geometry_msgs.msg.Vector3(x=-0.58447265625, y=0.73388671875, z=0.44970703125)",[0. 0. 0. 0. 0. 0. 0. 0. 0.],False,31.4482058,"[0.11890288558547492, -0.052493060371410896, 0.5679627055302074, 0.8127268591224839]","[83.4375, 168.8125, -197.75]","[-0.58447265625, 0.73388671875, 0.44970703125]"
31469764851,"std_msgs.msg.Header(stamp=builtin_interfaces.msg.Time(sec=1730346086, nanosec=189431950), frame_id='RL_myo')","geometry_msgs.msg.Quaternion(x=0.1300108813565688, y=-0.09589065474702796, z=0.5830957509855876, w=0.7961793128709311)",[0. 0. 0. 0. 0. 0. 0. 0. 0.],"geometry_msgs.msg.Vector3(x=102.625, y=179.6875, z=-192.75)",[0. 0. 0. 0. 0. 0. 0. 0. 0.],"geometry_msgs.msg.Vector3(x=-0.6865234375, y=0.64013671875, z=0.46435546875)",[0. 0. 0. 0. 0. 0. 0. 0. 0.],False,31.469764851,"[0.1300108813565688, -0.09589065474702796, 0.5830957509855876, 0.7961793128709311]","[102.625, 179.6875, -192.75]","[-0.6865234375, 0.64013671875, 0.46435546875]"
31486100126,"std_msgs.msg.Header(stamp=builtin_interfaces.msg.Time(sec=1730346086, nanosec=205808358), frame_id='RL_myo')","geometry_msgs.msg.Quaternion(x=0.14008450766466968, y=-0.1356286605799111, z=0.5992198743982842, w=0.7764771337700491)",[0. 0. 0. 0. 0. 0. 0. 0. 0.],"geometry_msgs.msg.Vector3(x=119.0, y=170.1875, z=-177.875)",[0. 0. 0. 0. 0. 0. 0. 0. 0.],"geometry_msgs.msg.Vector3(x=-0.69580078125, y=0.60205078125, z=0.404296875)",[0. 0. 0. 0. 0. 0. 0. 0. 0.],False,31.486100126,"[0.14008450766466968, -0.1356286605799111, 0.5992198743982842, 0.7764771337700491]","[119.0, 170.1875, -177.875]","[-0.69580078125, 0.60205078125, 0.404296875]"
31508568729,"std_msgs.msg.Header(stamp=builtin_interfaces.msg.Time(sec=1730346086, nanosec=228251701), frame_id='RL_myo')","geometry_msgs.msg.Quaternion(x=0.14667178339227, y=-0.16974374931914393, z=0.6134213163097434, w=0.7572243631978783)",[0. 0. 0. 0. 0. 0. 0. 0. 0.],"geometry_msgs.msg.Vector3(x=110.9375, y=155.8125, z=-145.0)",[0. 0. 0. 0. 0. 0. 0. 0. 0.],"geometry_msgs.msg.Vector3(x=-0.724609375, y=0.619140625, z=0.36865234375)",[0. 0. 0. 0. 0. 0. 0. 0. 0.],False,31.508568729,"[0.14667178339227, -0.16974374931914393, 0.6134213163097434, 0.7572243631978783]","[110.9375, 155.8125, -145.0]","[-0.724609375, 0.619140625, 0.36865234375]"
31529859619,"std_msgs.msg.Header(stamp=builtin_interfaces.msg.Time(sec=1730346086, nanosec=249434481), frame_id='RL_myo')","geometry_msgs.msg.Quaternion(x=0.14838404577518827, y=-0.19648220623213947, z=0.6250929711162908, w=0.7406994633821101)",[0. 0. 0. 0. 0. 0. 0. 0. 0.],"geometry_msgs.msg.Vector3(x=91.1875, y=136.625, z=-97.6875)",[0. 0. 0. 0. 0. 0. 0. 0. 0.],"geometry_msgs.msg.Vector3(x=-0.751953125, y=0.59375, z=0.31396484375)",[0. 0. 0. 0. 0. 0. 0. 0. 0.],False,31.529859619,"[0.14838404577518827, -0.19648220623213947, 0.6250929711162908, 0.7406994633821101]","[91.1875, 136.625, -97.6875]","[-0.751953125, 0.59375, 0.31396484375]"
31546182320,"std_msgs.msg.Header(stamp=builtin_interfaces.msg.Time(sec=1730346086, nanosec=265881952), frame_id='RL_myo')","geometry_msgs.msg.Quaternion(x=0.14551510672119786, y=-0.21558697858190892, z=0.6342481014848855, w=0.7280638393332416)",[0. 0. 0. 0. 0. 0. 0. 0. 0.],"geometry_msgs.msg.Vector3(x=68.5625, y=114.75, z=-50.5)",[0. 0. 0. 0. 0. 0. 0. 0. 0.],"geometry_msgs.msg.Vector3(x=-0.72412109375, y=0.5390625, z=0.3037109375)",[0. 0. 0. 0. 0. 0. 0. 0. 0.],False,31.54618232,"[0.14551510672119786, -0.21558697858190892, 0.6342481014848855, 0.7280638393332416]","[68.5625, 114.75, -50.5]","[-0.72412109375, 0.5390625, 0.3037109375]"
31568643746,"std_msgs.msg.Header(stamp=builtin_interfaces.msg.Time(sec=1730346086, nanosec=288343599), frame_id='RL_myo')","geometry_msgs.msg.Quaternion(x=0.13989615875802663, y=-0.2282162903997651, z=0.6402141401452623, w=0.7200501679181677)",[0. 0. 0. 0. 0. 0. 0. 0. 0.],"geometry_msgs.msg.Vector3(x=52.0625, y=94.75, z=-1.5625)",[0. 0. 0. 0. 0. 0. 0. 0. 0.],"geometry_msgs.msg.Vector3(x=-0.63525390625, y=0.49267578125, z=0.2978515625)",[0. 0. 0. 0. 0. 0. 0. 0. 0.],False,31.568643746,"[0.13989615875802663, -0.2282162903997651, 0.6402141401452623, 0.7200501679181677]","[52.0625, 94.75, -1.5625]","[-0.63525390625, 0.49267578125, 0.2978515625]"
31589657560,"std_msgs.msg.Header(stamp=builtin_interfaces.msg.Time(sec=1730346086, nanosec=309322474), frame_id='RL_myo')","geometry_msgs.msg.Quaternion(x=0.12884600538768579, y=-0.23431540250275967, z=0.6447793467150699, w=0.7160688466169254)",[0. 0. 0. 0. 0. 0. 0. 0. 0.],"geometry_msgs.msg.Vector3(x=27.1875, y=80.8125, z=44.375)",[0. 0. 0. 0. 0. 0. 0. 0. 0.],"geometry_msgs.msg.Vector3(x=-0.55517578125, y=0.42724609375, z=0.2431640625)",[0. 0. 0. 0. 0. 0. 0. 0. 0.],False,31.58965756,"[0.12884600538768579, -0.23431540250275967, 0.6447793467150699, 0.7160688466169254]","[27.1875, 80.8125, 44.375]","[-0.55517578125, 0.42724609375, 0.2431640625]"
31605305350,"std_msgs.msg.Header(stamp=builtin_interfaces.msg.Time(sec=1730346086, nanosec=325161532), frame_id='RL_myo')","geometry_msgs.msg.Quaternion(x=0.11389770467403683, y=-0.23402132889617214, z=0.6492047089566215, w=0.7146989410655398)",[0. 0. 0. 0. 0. 0. 0. 0. 0.],"geometry_msgs.msg.Vector3(x=12.3125, y=63.0625, z=84.0)",[0. 0. 0. 0. 0. 0. 0. 0. 0.],"geometry_msgs.msg.Vector3(x=-0.48779296875, y=0.38427734375, z=0.1650390625)",[0. 0. 0. 0. 0. 0. 0. 0. 0.],False,31.60530535,"[0.11389770467403683, -0.23402132889617214, 0.6492047089566215, 0.7146989410655398]","[12.3125, 63.0625, 84.0]","[-0.48779296875, 0.38427734375, 0.1650390625]"
31628524644,"std_msgs.msg.Header(stamp=builtin_interfaces.msg.Time(sec=1730346086, nanosec=348231988), frame_id='RL_myo')","geometry_msgs.msg.Quaternion(x=0.09686566215115178, y=-0.22595884138850905, z=0.6576732890224702, w=0.712057224105442)",[0. 0. 0. 0. 0. 0. 0. 0. 0.],"geometry_msgs.msg.Vector3(x=27.75, y=39.875, z=112.75)",[0. 0. 0. 0. 0. 0. 0. 0. 0.],"geometry_msgs.msg.Vector3(x=-0.4375, y=0.41845703125, z=0.068359375)",[0. 0. 0. 0. 0. 0. 0. 0. 0.],False,31.628524644,"[0.09686566215115178, -0.22595884138850905, 0.6576732890224702, 0.712057224105442]","[27.75, 39.875, 112.75]","[-0.4375, 0.41845703125, 0.068359375]"
31649626255,"std_msgs.msg.Header(stamp=builtin_interfaces.msg.Time(sec=1730346086, nanosec=369304074), frame_id='RL_myo')","geometry_msgs.msg.Quaternion(x=0.08288929207513812, y=-0.21277766728566383, z=0.668363584847395, w=0.7079160600054875)",[0. 0. 0. 0. 0. 0. 0. 0. 0.],"geometry_msgs.msg.Vector3(x=49.1875, y=10.5, z=119.9375)",[0. 0. 0. 0. 0. 0. 0. 0. 0.],"geometry_msgs.msg.Vector3(x=-0.37109375, y=0.60205078125, z=0.05859375)",[0. 0. 0. 0. 0. 0. 0. 0. 0.],False,31.649626255,"[0.08288929207513812, -0.21277766728566383, 0.668363584847395, 0.7079160600054875]","[49.1875, 10.5, 119.9375]","[-0.37109375, 0.60205078125, 0.05859375]"
31666007415,"std_msgs.msg.Header(stamp=builtin_interfaces.msg.Time(sec=1730346086, nanosec=385744227), frame_id='RL_myo')","geometry_msgs.msg.Quaternion(x=0.0738552644357838, y=-0.19812742839549938, z=0.680261919121331, w=0.7018081243658201)",[0. 0. 0. 0. 0. 0. 0. 0. 0.],"geometry_msgs.msg.Vector3(x=68.625, y=-11.4375, z=102.5625)",[0. 0. 0. 0. 0. 0. 0. 0. 0.],"geometry_msgs.msg.Vector3(x=-0.18505859375, y=0.7509765625, z=0.0771484375)",[0. 0. 0. 0. 0. 0. 0. 0. 0.],False,31.666007415,"[0.0738552644357838, -0.19812742839549938, 0.680261919121331, 0.7018081243658201]","[68.625, -11.4375, 102.5625]","[-0.18505859375, 0.7509765625, 0.0771484375]"
31688456069,"std_msgs.msg.Header(stamp=builtin_interfaces.msg.Time(sec=1730346086, nanosec=408266001), frame_id='RL_myo')","geometry_msgs.msg.Quaternion(x=0.06824037135428437, y=-0.18305265983139432, z=0.6932074217089513, w=0.6937567628021433)",[0. 0. 0. 0. 0. 0. 0. 0. 0.],"geometry_msgs.msg.Vector3(x=85.25, y=-23.5, z=83.8125)",[0. 0. 0. 0. 0. 0. 0. 0. 0.],"geometry_msgs.msg.Vector3(x=-0.10009765625, y=0.6298828125, z=0.00537109375)",[0. 0. 0. 0. 0. 0. 0. 0. 0.],False,31.688456069,"[0.06824037135428437, -0.18305265983139432, 0.6932074217089513, 0.6937567628021433]","[85.25, -23.5, 83.8125]","[-0.10009765625, 0.6298828125, 0.00537109375]"
31709555117,"std_msgs.msg.Header(stamp=builtin_interfaces.msg.Time(sec=1730346086, nanosec=429332823), frame_id='RL_myo')","geometry_msgs.msg.Quaternion(x=0.061464785667602995, y=-0.16565583743979595, z=0.707241779076977, w=0.6845358205185378)",[0. 0. 0. 0. 0. 0. 0. 0. 0.],"geometry_msgs.msg.Vector3(x=90.3125, y=-28.375, z=98.625)",[0. 0. 0. 0. 0. 0. 0. 0. 0.],"geometry_msgs.msg.Vector3(x=-0.04638671875, y=0.51806640625, z=-0.06005859375)",[0. 0. 0. 0. 0. 0. 0. 0. 0.],False,31.709555117,"[0.061464785667602995, -0.16565583743979595, 0.707241779076977, 0.6845358205185378]","[90.3125, -28.375, 98.625]","[-0.04638671875, 0.51806640625, -0.06005859375]"
31732257307,"std_msgs.msg.Header(stamp=builtin_interfaces.msg.Time(sec=1730346086, nanosec=451967292), frame_id='RL_myo')","geometry_msgs.msg.Quaternion(x=0.052858294648522, y=-0.14478045601188705, z=0.7224984223493706, w=0.6739737754145265)",[0. 0. 0. 0. 0. 0. 0. 0. 0.],"geometry_msgs.msg.Vector3(x=100.875, y=-31.9375, z=125.1875)",[0. 0. 0. 0. 0. 0. 0. 0. 0.],"geometry_msgs.msg.Vector3(x=0.05712890625, y=0.638671875, z=-0.10546875)",[0. 0. 0. 0. 0. 0. 0. 0. 0.],False,31.732257307,"[0.052858294648522, -0.14478045601188705, 0.7224984223493706, 0.6739737754145265]","[100.875, -31.9375, 125.1875]","[0.05712890625, 0.638671875, -0.10546875]"
31748580711,"std_msgs.msg.Header(stamp=builtin_interfaces.msg.Time(sec=1730346086, nanosec=468348517), frame_id='RL_myo')","geometry_msgs.msg.Quaternion(x=0.04120091899822102, y=-0.12378587219021073, z=0.7343529725445883, w=0.6661120430038312)",[0. 0. 0. 0. 0. 0. 0. 0. 0.],"geometry_msgs.msg.Vector3(x=74.3125, y=-23.6875, z=133.0)",[0. 0. 0. 0. 0. 0. 0. 0. 0.],"geometry_msgs.msg.Vector3(x=0.18896484375, y=0.7666015625, z=-0.12939453125)",[0. 0. 0. 0. 0. 0. 0. 0. 0.],False,31.748580711,"[0.04120091899822102, -0.12378587219021073, 0.7343529725445883, 0.6661120430038312]","[74.3125, -23.6875, 133.0]","[0.18896484375, 0.7666015625, -0.12939453125]"
31777118007,"std_msgs.msg.Header(stamp=builtin_interfaces.msg.Time(sec=1730346086, nanosec=496812049), frame_id='RL_myo')","geometry_msgs.msg.Quaternion(x=0.028199419308782794, y=-0.10309268227821243, z=0.7421574445356927, w=0.6616487127861591)",[0. 0. 0. 0. 0. 0. 0. 0. 0.],"geometry_msgs.msg.Vector3(x=43.3125, y=-20.1875, z=135.8125)",[0. 0. 0. 0. 0. 0. 0. 0. 0.],"geometry_msgs.msg.Vector3(x=0.189453125, y=0.7734375, z=-0.154296875)",[0. 0. 0. 0. 0. 0. 0. 0. 0.],False,31.777118007,"[0.028199419308782794, -0.10309268227821243, 0.7421574445356927, 0.6616487127861591]","[43.3125, -20.1875, 135.8125]","[0.189453125, 0.7734375, -0.154296875]"
31800951478,"std_msgs.msg.Header(stamp=builtin_interfaces.msg.Time(sec=1730346086, nanosec=520751431), frame_id='RL_myo')","geometry_msgs.msg.Quaternion(x=0.015808727410994095, y=-0.08295004073954043, z=0.7484425309405774, w=0.6578017579470399)",[0. 0. 0. 0. 0. 0. 0. 0. 0.],"geometry_msgs.msg.Vector3(x=33.625, y=-21.4375, z=131.0625)",[0. 0. 0. 0. 0. 0. 0. 0. 0.],"geometry_msgs.msg.Vector3(x=0.15478515625, y=0.814453125, z=-0.2783203125)",[0. 0. 0. 0. 0. 0. 0. 0. 0.],False,31.800951478,"[0.015808727410994095, -0.08295004073954043, 0.7484425309405774, 0.6578017579470399]","[33.625, -21.4375, 131.0625]","[0.15478515625, 0.814453125, -0.2783203125]"
31808449467,"std_msgs.msg.Header(stamp=builtin_interfaces.msg.Time(sec=1730346086, nanosec=528251071), frame_id='RL_myo')","geometry_msgs.msg.Quaternion(x=0.007446551021256126, y=-0.06506576548081172, z=0.7560690778713084, w=0.6512069905391935)",[0. 0. 0. 0. 0. 0. 0. 0. 0.],"geometry_msgs.msg.Vector3(x=51.125, y=-28.6875, z=107.3125)",[0. 0. 0. 0. 0. 0. 0. 0. 0.],"geometry_msgs.msg.Vector3(x=0.1650390625, y=0.8154296875, z=-0.333984375)",[0. 0. 0. 0. 0. 0. 0. 0. 0.],False,31.808449467,"[0.007446551021256126, -0.06506576548081172, 0.7560690778713084, 0.6512069905391935]","[51.125, -28.6875, 107.3125]","[0.1650390625, 0.8154296875, -0.333984375]"
31830940719,"std_msgs.msg.Header(stamp=builtin_interfaces.msg.Time(sec=1730346086, nanosec=550752075), frame_id='RL_myo')","geometry_msgs.msg.Quaternion(x=-0.00036622324017263525, y=-0.04821939328939697, z=0.7637585673800308, w=0.6436983818101019)",[0. 0. 0. 0. 0. 0. 0. 0. 0.],"geometry_msgs.msg.Vector3(x=43.9375, y=-30.625, z=83.875)",[0. 0. 0. 0. 0. 0. 0. 0. 0.],"geometry_msgs.msg.Vector3(x=0.2412109375, y=0.865234375, z=-0.36962890625)",[0. 0. 0. 0. 0. 0. 0. 0. 0.],False,31.830940719,"[-0.00036622324017263525, -0.04821939328939697, 0.7637585673800308, 0.6436983818101019]","[43.9375, -30.625, 83.875]","[0.2412109375, 0.865234375, -0.36962890625]"
31845078365,"std_msgs.msg.Header(stamp=builtin_interfaces.msg.Time(sec=1730346086, nanosec=564920471), frame_id='RL_myo')","geometry_msgs.msg.Quaternion(x=-0.006958106714654161, y=-0.0336918851446412, z=0.7696642602788506, w=0.6375212687242343)",[0. 0. 0. 0. 0. 0. 0. 0. 0.],"geometry_msgs.msg.Vector3(x=34.3125, y=-27.6875, z=67.375)",[0. 0. 0. 0. 0. 0. 0. 0. 0.],"geometry_msgs.msg.Vector3(x=0.2890625, y=0.9287109375, z=-0.361328125)",[0. 0. 0. 0. 0. 0. 0. 0. 0.],False,31.845078365,"[-0.006958106714654161, -0.0336918851446412, 0.7696642602788506, 0.6375212687242343]","[34.3125, -27.6875, 67.375]","[0.2890625, 0.9287109375, -0.361328125]"
31868596185,"std_msgs.msg.Header(stamp=builtin_interfaces.msg.Time(sec=1730346086, nanosec=588373427), frame_id='RL_myo')","geometry_msgs.msg.Quaternion(x=-0.013428056979848873, y=-0.021668001035665227, z=0.7743716313788302, w=0.6322173372603392)",[0. 0. 0. 0. 0. 0. 0. 0. 0.],"geometry_msgs.msg.Vector3(x=27.625, y=-19.125, z=56.75)",[0. 0. 0. 0. 0. 0. 0. 0. 0.],"geometry_msgs.msg.Vector3(x=0.296875, y=0.9453125, z=-0.35888671875)",[0. 0. 0. 0. 0. 0. 0. 0. 0.],False,31.868596185,"[-0.013428056979848873, -0.021668001035665227, 0.7743716313788302, 0.6322173372603392]","[27.625, -19.125, 56.75]","[0.296875, 0.9453125, -0.35888671875]"
31890834713,"std_msgs.msg.Header(stamp=builtin_interfaces.msg.Time(sec=1730346086, nanosec=610763530), frame_id='RL_myo')","geometry_msgs.msg.Quaternion(x=-0.019166061561204973, y=-0.013245335537520634, z=0.7753709554521871, w=0.6310761480296122)",[0. 0. 0. 0. 0. 0. 0. 0. 0.],"geometry_msgs.msg.Vector3(x=-3.0625, y=-8.4375, z=40.6875)",[0. 0. 0. 0. 0. 0. 0. 0. 0.],"geometry_msgs.msg.Vector3(x=0.267578125, y=1.033203125, z=-0.36279296875)",[0. 0. 0. 0. 0. 0. 0. 0. 0.],False,31.890834713,"[-0.019166061561204973, -0.013245335537520634, 0.7753709554521871, 0.6310761480296122]","[-3.0625, -8.4375, 40.6875]","[0.267578125, 1.033203125, -0.36279296875]"
31905022596,"std_msgs.msg.Header(stamp=builtin_interfaces.msg.Time(sec=1730346086, nanosec=625023925), frame_id='RL_myo')","geometry_msgs.msg.Quaternion(x=-0.024353830364742823, y=-0.0074465345977409135, z=0.7774914566067521, w=0.628377653145432)",[0. 0. 0. 0. 0. 0. 0. 0. 0.],"geometry_msgs.msg.Vector3(x=2.625, y=-0.1875, z=33.4375)",[0. 0. 0. 0. 0. 0. 0. 0. 0.],"geometry_msgs.msg.Vector3(x=0.1962890625, y=1.0283203125, z=-0.45068359375)",[0. 0. 0. 0. 0. 0. 0. 0. 0.],False,31.905022596,"[-0.024353830364742823, -0.0074465345977409135, 0.7774914566067521, 0.628377653145432]","[2.625, -0.1875, 33.4375]","[0.1962890625, 1.0283203125, -0.45068359375]"
31928301269,"std_msgs.msg.Header(stamp=builtin_interfaces.msg.Time(sec=1730346086, nanosec=648212675), frame_id='RL_myo')","geometry_msgs.msg.Quaternion(x=-0.03167842280648803, y=-0.001709047858538853, z=0.7812790210463328, w=0.6233752064020467)",[0. 0. 0. 0. 0. 0. 0. 0. 0.],"geometry_msgs.msg.Vector3(x=21.8125, y=10.375, z=44.75)",[0. 0. 0. 0. 0. 0. 0. 0. 0.],"geometry_msgs.msg.Vector3(x=0.16552734375, y=0.99853515625, z=-0.4130859375)",[0. 0. 0. 0. 0. 0. 0. 0. 0.],False,31.928301269,"[-0.03167842280648803, -0.001709047858538853, 0.7812790210463328, 0.6233752064020467]","[21.8125, 10.375, 44.75]","[0.16552734375, 0.99853515625, -0.4130859375]"
31950872722,"std_msgs.msg.Header(stamp=builtin_interfaces.msg.Time(sec=1730346086, nanosec=670751075), frame_id='RL_myo')","geometry_msgs.msg.Quaternion(x=-0.039185310932076715, y=0.003173888112878488, z=0.7825465287541364, w=0.6213496344058271)",[0. 0. 0. 0. 0. 0. 0. 0. 0.],"geometry_msgs.msg.Vector3(x=3.4375, y=15.6875, z=45.3125)",[0. 0. 0. 0. 0. 0. 0. 0. 0.],"geometry_msgs.msg.Vector3(x=0.125, y=1.078125, z=-0.38525390625)",[0. 0. 0. 0. 0. 0. 0. 0. 0.],False,31.950872722,"[-0.039185310932076715, 0.003173888112878488, 0.7825465287541364, 0.6213496344058271]","[3.4375, 15.6875, 45.3125]","[0.125, 1.078125, -0.38525390625]"
31971981195,"std_msgs.msg.Header(stamp=builtin_interfaces.msg.Time(sec=1730346086, nanosec=691843586), frame_id='RL_myo')","geometry_msgs.msg.Quaternion(x=-0.04309311754033704, y=0.00531034167989989, z=0.7815358030969908, w=0.6223476295202216)",[0. 0. 0. 0. 0. 0. 0. 0. 0.],"geometry_msgs.msg.Vector3(x=-16.4375, y=11.25, z=25.0)",[0. 0. 0. 0. 0. 0. 0. 0. 0.],"geometry_msgs.msg.Vector3(x=0.0615234375, y=1.12060546875, z=-0.36962890625)",[0. 0. 0. 0. 0. 0. 0. 0. 0.],False,31.971981195,"[-0.04309311754033704, 0.00531034167989989, 0.7815358030969908, 0.6223476295202216]","[-16.4375, 11.25, 25.0]","[0.0615234375, 1.12060546875, -0.36962890625]"
31988283778,"std_msgs.msg.Header(stamp=builtin_interfaces.msg.Time(sec=1730346086, nanosec=708249450), frame_id='RL_myo')","geometry_msgs.msg.Quaternion(x=-0.04626656921710879, y=0.006225844406523874, z=0.7806720584258858, w=0.6231948175549878)",[0. 0. 0. 0. 0. 0. 0. 0. 0.],"geometry_msgs.msg.Vector3(x=-15.375, y=12.0, z=17.375)",[0. 0. 0. 0. 0. 0. 0. 0. 0.],"geometry_msgs.msg.Vector3(x=0.0556640625, y=1.03466796875, z=-0.35205078125)",[0. 0. 0. 0. 0. 0. 0. 0. 0.],False,31.988283778,"[-0.04626656921710879, 0.006225844406523874, 0.7806720584258858, 0.6231948175549878]","[-15.375, 12.0, 17.375]","[0.0556640625, 1.03466796875, -0.35205078125]"
32010940507,"std_msgs.msg.Header(stamp=builtin_interfaces.msg.Time(sec=1730346086, nanosec=730711765), frame_id='RL_myo')","geometry_msgs.msg.Quaternion(x=-0.050722545672120825, y=0.007446631253909435, z=0.7794547632165859, w=0.6243573040675378)",[0. 0. 0. 0. 0. 0. 0. 0. 0.],"geometry_msgs.msg.Vector3(x=-13.1875, y=16.9375, z=22.5625)",[0. 0. 0. 0. 0. 0. 0. 0. 0.],"geometry_msgs.msg.Vector3(x=0.068359375, y=1.0, z=-0.275390625)",[0. 0. 0. 0. 0. 0. 0. 0. 0.],False,32.010940507,"[-0.050722545672120825, 0.007446631253909435, 0.7794547632165859, 0.6243573040675378]","[-13.1875, 16.9375, 22.5625]","[0.068359375, 1.0, -0.275390625]"
32032081726,"std_msgs.msg.Header(stamp=builtin_interfaces.msg.Time(sec=1730346086, nanosec=751797957), frame_id='RL_myo')","geometry_msgs.msg.Quaternion(x=-0.05316511847280475, y=0.006897426391994187, z=0.7792871039521221, w=0.6243696864045004)",[0. 0. 0. 0. 0. 0. 0. 0. 0.],"geometry_msgs.msg.Vector3(x=-4.5, y=14.0, z=9.6875)",[0. 0. 0. 0. 0. 0. 0. 0. 0.],"geometry_msgs.msg.Vector3(x=0.044921875, y=1.0126953125, z=-0.283203125)",[0. 0. 0. 0. 0. 0. 0. 0. 0.],False,32.032081726,"[-0.05316511847280475, 0.006897426391994187, 0.7792871039521221, 0.6243696864045004]","[-4.5, 14.0, 9.6875]","[0.044921875, 1.0126953125, -0.283203125]"
32048735126,"std_msgs.msg.Header(stamp=builtin_interfaces.msg.Time(sec=1730346086, nanosec=768405420), frame_id='RL_myo')","geometry_msgs.msg.Quaternion(x=-0.052309800728557135, y=0.0031739902425728947, z=0.7812288675902016, w=0.6220410492703917)",[0. 0. 0. 0. 0. 0. 0. 0. 0.],"geometry_msgs.msg.Vector3(x=11.5625, y=11.25, z=-9.9375)",[0. 0. 0. 0. 0. 0. 0. 0. 0.],"geometry_msgs.msg.Vector3(x=-0.04052734375, y=1.02001953125, z=-0.33056640625)",[0. 0. 0. 0. 0. 0. 0. 0. 0.],False,32.048735126,"[-0.052309800728557135, 0.0031739902425728947, 0.7812288675902016, 0.6220410492703917]","[11.5625, 11.25, -9.9375]","[-0.04052734375, 1.02001953125, -0.33056640625]"
32071103767,"std_msgs.msg.Header(stamp=builtin_interfaces.msg.Time(sec=1730346086, nanosec=790760952), frame_id='RL_myo')","geometry_msgs.msg.Quaternion(x=-0.05108843578243374, y=0.0004883004614808482, z=0.7842715786959272, w=0.618310459350124)",[0. 0. 0. 0. 0. 0. 0. 0. 0.],"geometry_msgs.msg.Vector3(x=24.8125, y=6.0, z=-3.8125)",[0. 0. 0. 0. 0. 0. 0. 0. 0.],"geometry_msgs.msg.Vector3(x=-0.08642578125, y=0.99072265625, z=-0.287109375)",[0. 0. 0. 0. 0. 0. 0. 0. 0.],False,32.071103767,"[-0.05108843578243374, 0.0004883004614808482, 0.7842715786959272, 0.618310459350124]","[24.8125, 6.0, -3.8125]","[-0.08642578125, 0.99072265625, -0.287109375]"
32092105496,"std_msgs.msg.Header(stamp=builtin_interfaces.msg.Time(sec=1730346086, nanosec=811790425), frame_id='RL_myo')","geometry_msgs.msg.Quaternion(x=-0.05218726065560767, y=0.0007934905128922804, z=0.782992023029398, w=0.619838166032393)",[0. 0. 0. 0. 0. 0. 0. 0. 0.],"geometry_msgs.msg.Vector3(x=-10.375, y=6.5625, z=14.25)",[0. 0. 0. 0. 0. 0. 0. 0. 0.],"geometry_msgs.msg.Vector3(x=-0.056640625, y=0.9658203125, z=-0.21142578125)",[0. 0. 0. 0. 0. 0. 0. 0. 0.],False,32.092105496,"[-0.05218726065560767, 0.0007934905128922804, 0.782992023029398, 0.619838166032393]","[-10.375, 6.5625, 14.25]","[-0.056640625, 0.9658203125, -0.21142578125]"
32108528533,"std_msgs.msg.Header(stamp=builtin_interfaces.msg.Time(sec=1730346086, nanosec=828294525), frame_id='RL_myo')","geometry_msgs.msg.Quaternion(x=-0.05463001320218295, y=0.0037233863746739216, z=0.781789060439731, w=0.6211340942406857)",[0. 0. 0. 0. 0. 0. 0. 0. 0.],"geometry_msgs.msg.Vector3(x=-21.1875, y=3.5625, z=29.0625)",[0. 0. 0. 0. 0. 0. 0. 0. 0.],"geometry_msgs.msg.Vector3(x=-0.0263671875, y=0.93603515625, z=-0.3623046875)",[0. 0. 0. 0. 0. 0. 0. 0. 0.],False,32.108528533,"[-0.05463001320218295, 0.0037233863746739216, 0.781789060439731, 0.6211340942406857]","[-21.1875, 3.5625, 29.0625]","[-0.0263671875, 0.93603515625, -0.3623046875]"
32130869761,"std_msgs.msg.Header(stamp=builtin_interfaces.msg.Time(sec=1730346086, nanosec=850660105), frame_id='RL_myo')","geometry_msgs.msg.Quaternion(x=-0.05499465743231753, y=0.003296017204600607, z=0.7774327987962579, w=0.6265484556523191)",[0. 0. 0. 0. 0. 0. 0. 0. 0.],"geometry_msgs.msg.Vector3(x=-27.6875, y=4.0625, z=-0.25)",[0. 0. 0. 0. 0. 0. 0. 0. 0.],"geometry_msgs.msg.Vector3(x=0.08447265625, y=1.23095703125, z=-0.091796875)",[0. 0. 0. 0. 0. 0. 0. 0. 0.],False,32.130869761,"[-0.05499465743231753, 0.003296017204600607, 0.7774327987962579, 0.6265484556523191]","[-27.6875, 4.0625, -0.25]","[0.08447265625, 1.23095703125, -0.091796875]"
32151966780,"std_msgs.msg.Header(stamp=builtin_interfaces.msg.Time(sec=1730346086, nanosec=871722652), frame_id='RL_myo')","geometry_msgs.msg.Quaternion(x=-0.05096800453281486, y=-0.0011597510013454878, z=0.7761175780056777, w=0.6285240032028678)",[0. 0. 0. 0. 0. 0. 0. 0. 0.],"geometry_msgs.msg.Vector3(x=-22.1875, y=0.625, z=-27.5625)",[0. 0. 0. 0. 0. 0. 0. 0. 0.],"geometry_msgs.msg.Vector3(x=-0.02783203125, y=1.01708984375, z=-0.35546875)",[0. 0. 0. 0. 0. 0. 0. 0. 0.],False,32.15196678,"[-0.05096800453281486, -0.0011597510013454878, 0.7761175780056777, 0.6285240032028678]","[-22.1875, 0.625, -27.5625]","[-0.02783203125, 1.01708984375, -0.35546875]"
32174569442,"std_msgs.msg.Header(stamp=builtin_interfaces.msg.Time(sec=1730346086, nanosec=894355763), frame_id='RL_myo')","geometry_msgs.msg.Quaternion(x=-0.04870633030356863, y=-0.001892100550639884, z=0.7780195393227936, w=0.6263463177634351)",[0. 0. 0. 0. 0. 0. 0. 0. 0.],"geometry_msgs.msg.Vector3(x=5.25, y=-3.75, z=3.875)",[0. 0. 0. 0. 0. 0. 0. 0. 0.],"geometry_msgs.msg.Vector3(x=-0.14404296875, y=0.947265625, z=-0.37255859375)",[0. 0. 0. 0. 0. 0. 0. 0. 0.],False,32.174569442,"[-0.04870633030356863, -0.001892100550639884, 0.7780195393227936, 0.6263463177634351]","[5.25, -3.75, 3.875]","[-0.14404296875, 0.947265625, -0.37255859375]"
32190849242,"std_msgs.msg.Header(stamp=builtin_interfaces.msg.Time(sec=1730346086, nanosec=910675751), frame_id='RL_myo')","geometry_msgs.msg.Quaternion(x=-0.047426177285657484, y=0.00030518775602096193, z=0.7821351811305213, w=0.6213012337074743)",[0. 0. 0. 0. 0. 0. 0. 0. 0.],"geometry_msgs.msg.Vector3(x=29.875, y=-12.8125, z=12.875)",[0. 0. 0. 0. 0. 0. 0. 0. 0.],"geometry_msgs.msg.Vector3(x=-0.01416015625, y=0.99658203125, z=-0.3271484375)",[0. 0. 0. 0. 0. 0. 0. 0. 0.],False,32.190849242,"[-0.047426177285657484, 0.00030518775602096193, 0.7821351811305213, 0.6213012337074743]","[29.875, -12.8125, 12.875]","[-0.01416015625, 0.99658203125, -0.3271484375]"
32212078328,"std_msgs.msg.Header(stamp=builtin_interfaces.msg.Time(sec=1730346086, nanosec=931867681), frame_id='RL_myo')","geometry_msgs.msg.Quaternion(x=-0.04687583367235938, y=0.0024414496704353848, z=0.7849260690449762, w=0.6178088391036741)",[0. 0. 0. 0. 0. 0. 0. 0. 0.],"geometry_msgs.msg.Vector3(x=21.4375, y=-11.5, z=6.0625)",[0. 0. 0. 0. 0. 0. 0. 0. 0.],"geometry_msgs.msg.Vector3(x=0.11669921875, y=1.00537109375, z=-0.29248046875)",[0. 0. 0. 0. 0. 0. 0. 0. 0.],False,32.212078328,"[-0.04687583367235938, 0.0024414496704353848, 0.7849260690449762, 0.6178088391036741]","[21.4375, -11.5, 6.0625]","[0.11669921875, 1.00537109375, -0.29248046875]"
32228509540,"std_msgs.msg.Header(stamp=builtin_interfaces.msg.Time(sec=1730346086, nanosec=948249757), frame_id='RL_myo')","geometry_msgs.msg.Quaternion(x=-0.04736469761324078, y=0.004699847572447861, z=0.7888419483937162, w=0.6127502568805724)",[0. 0. 0. 0. 0. 0. 0. 0. 0.],"geometry_msgs.msg.Vector3(x=31.8125, y=-6.4375, z=13.3125)",[0. 0. 0. 0. 0. 0. 0. 0. 0.],"geometry_msgs.msg.Vector3(x=0.0771484375, y=0.95703125, z=-0.30224609375)",[0. 0. 0. 0. 0. 0. 0. 0. 0.],False,32.22850954,"[-0.04736469761324078, 0.004699847572447861, 0.7888419483937162, 0.6127502568805724]","[31.8125, -6.4375, 13.3125]","[0.0771484375, 0.95703125, -0.30224609375]"
32250970129,"std_msgs.msg.Header(stamp=builtin_interfaces.msg.Time(sec=1730346086, nanosec=970715670), frame_id='RL_myo')","geometry_msgs.msg.Quaternion(x=-0.047913356428187184, y=0.006897081880745416, z=0.7926150911801768, w=0.607797711225335)",[0. 0. 0. 0. 0. 0. 0. 0. 0.],"geometry_msgs.msg.Vector3(x=29.1875, y=-4.4375, z=18.3125)",[0. 0. 0. 0. 0. 0. 0. 0. 0.],"geometry_msgs.msg.Vector3(x=0.0029296875, y=0.95703125, z=-0.3408203125)",[0. 0. 0. 0. 0. 0. 0. 0. 0.],False,32.250970129,"[-0.047913356428187184, 0.006897081880745416, 0.7926150911801768, 0.607797711225335]","[29.1875, -4.4375, 18.3125]","[0.0029296875, 0.95703125, -0.3408203125]"
32272141045,"std_msgs.msg.Header(stamp=builtin_interfaces.msg.Time(sec=1730346086, nanosec=991909703), frame_id='RL_myo')","geometry_msgs.msg.Quaternion(x=-0.047730727721952595, y=0.008484106334208966, z=0.7968345913172521, w=0.6022494762564019)",[0. 0. 0. 0. 0. 0. 0. 0. 0.],"geometry_msgs.msg.Vector3(x=33.5, y=-5.5, z=14.6875)",[0. 0. 0. 0. 0. 0. 0. 0. 0.],"geometry_msgs.msg.Vector3(x=-0.01416015625, y=0.9248046875, z=-0.34814453125)",[0. 0. 0. 0. 0. 0. 0. 0. 0.],False,32.272141045,"[-0.047730727721952595, 0.008484106334208966, 0.7968345913172521, 0.6022494762564019]","[33.5, -5.5, 14.6875]","[-0.01416015625, 0.9248046875, -0.34814453125]"
32288495093,"std_msgs.msg.Header(stamp=builtin_interfaces.msg.Time(sec=1730346087, nanosec=8304023), frame_id='RL_myo')","geometry_msgs.msg.Quaternion(x=-0.04712025547132915, y=0.00976585605623402, z=0.8002508672080265, w=0.5977314272418736)",[0. 0. 0. 0. 0. 0. 0. 0. 0.],"geometry_msgs.msg.Vector3(x=31.875, y=-7.6875, z=7.1875)",[0. 0. 0. 0. 0. 0. 0. 0. 0.],"geometry_msgs.msg.Vector3(x=0.0556640625, y=0.98388671875, z=-0.29248046875)",[0. 0. 0. 0. 0. 0. 0. 0. 0.],False,32.288495093,"[-0.04712025547132915, 0.00976585605623402, 0.8002508672080265, 0.5977314272418736]","[31.875, -7.6875, 7.1875]","[0.0556640625, 0.98388671875, -0.29248046875]"
32310955770,"std_msgs.msg.Header(stamp=builtin_interfaces.msg.Time(sec=1730346087, nanosec=30786343), frame_id='RL_myo')","geometry_msgs.msg.Quaternion(x=-0.04657158173257458, y=0.010437405604548169, z=0.8038023064695604, w=0.5929789207496226)",[0. 0. 0. 0. 0. 0. 0. 0. 0.],"geometry_msgs.msg.Vector3(x=29.25, y=-5.25, z=3.1875)",[0. 0. 0. 0. 0. 0. 0. 0. 0.],"geometry_msgs.msg.Vector3(x=0.0712890625, y=0.95166015625, z=-0.35498046875)",[0. 0. 0. 0. 0. 0. 0. 0. 0.],False,32.31095577,"[-0.04657158173257458, 0.010437405604548169, 0.8038023064695604, 0.5929789207496226]","[29.25, -5.25, 3.1875]","[0.0712890625, 0.95166015625, -0.35498046875]"
32332097799,"std_msgs.msg.Header(stamp=builtin_interfaces.msg.Time(sec=1730346087, nanosec=51908350), frame_id='RL_myo')","geometry_msgs.msg.Quaternion(x=-0.04663296900789664, y=0.01190239392217257, z=0.8070433458408499, w=0.5885276010132714)",[0. 0. 0. 0. 0. 0. 0. 0. 0.],"geometry_msgs.msg.Vector3(x=24.0, y=-3.875, z=12.4375)",[0. 0. 0. 0. 0. 0. 0. 0. 0.],"geometry_msgs.msg.Vector3(x=0.017578125, y=0.923828125, z=-0.40478515625)",[0. 0. 0. 0. 0. 0. 0. 0. 0.],False,32.332097799,"[-0.04663296900789664, 0.01190239392217257, 0.8070433458408499, 0.5885276010132714]","[24.0, -3.875, 12.4375]","[0.017578125, 0.923828125, -0.40478515625]"
32348557087,"std_msgs.msg.Header(stamp=builtin_interfaces.msg.Time(sec=1730346087, nanosec=68379482), frame_id='RL_myo')","geometry_msgs.msg.Quaternion(x=-0.04571740407698803, y=0.013977684290561093, z=0.8106446509298773, w=0.5835835786115922)",[0. 0. 0. 0. 0. 0. 0. 0. 0.],"geometry_msgs.msg.Vector3(x=24.125, y=-9.4375, z=13.8125)",[0. 0. 0. 0. 0. 0. 0. 0. 0.],"geometry_msgs.msg.Vector3(x=0.0, y=0.9501953125, z=-0.466796875)",[0. 0. 0. 0. 0. 0. 0. 0. 0.],False,32.348557087,"[-0.04571740407698803, 0.013977684290561093, 0.8106446509298773, 0.5835835786115922]","[24.125, -9.4375, 13.8125]","[0.0, 0.9501953125, -0.466796875]"
32371433656,"std_msgs.msg.Header(stamp=builtin_interfaces.msg.Time(sec=1730346087, nanosec=91227633), frame_id='RL_myo')","geometry_msgs.msg.Quaternion(x=-0.04510669958920794, y=0.017029457625695556, z=0.8138127545641536, w=0.5791236342387076)",[0. 0. 0. 0. 0. 0. 0. 0. 0.],"geometry_msgs.msg.Vector3(x=26.1875, y=-13.875, z=13.125)",[0. 0. 0. 0. 0. 0. 0. 0. 0.],"geometry_msgs.msg.Vector3(x=0.083984375, y=0.89501953125, z=-0.36962890625)",[0. 0. 0. 0. 0. 0. 0. 0. 0.],False,32.371433656,"[-0.04510669958920794, 0.017029457625695556, 0.8138127545641536, 0.5791236342387076]","[26.1875, -13.875, 13.125]","[0.083984375, 0.89501953125, -0.36962890625]"
32376539175,"std_msgs.msg.Header(stamp=builtin_interfaces.msg.Time(sec=1730346087, nanosec=96344962), frame_id='RL_myo')","geometry_msgs.msg.Quaternion(x=-0.04608381369180614, y=0.019959479572477627, z=0.8145542963141098, w=0.577909335144398)",[0. 0. 0. 0. 0. 0. 0. 0. 0.],"geometry_msgs.msg.Vector3(x=6.875, y=-6.625, z=13.9375)",[0. 0. 0. 0. 0. 0. 0. 0. 0.],"geometry_msgs.msg.Vector3(x=0.150390625, y=0.9814453125, z=-0.35693359375)",[0. 0. 0. 0. 0. 0. 0. 0. 0.],False,32.376539175,"[-0.04608381369180614, 0.019959479572477627, 0.8145542963141098, 0.577909335144398]","[6.875, -6.625, 13.9375]","[0.150390625, 0.9814453125, -0.35693359375]"
32398914046,"std_msgs.msg.Header(stamp=builtin_interfaces.msg.Time(sec=1730346087, nanosec=118652988), frame_id='RL_myo')","geometry_msgs.msg.Quaternion(x=-0.04693935915232321, y=0.02081446225090015, z=0.8154263965096044, w=0.5765789161935566)",[0. 0. 0. 0. 0. 0. 0. 0. 0.],"geometry_msgs.msg.Vector3(x=7.9375, y=1.6875, z=9.1875)",[0. 0. 0. 0. 0. 0. 0. 0. 0.],"geometry_msgs.msg.Vector3(x=0.0693359375, y=0.94873046875, z=-0.3466796875)",[0. 0. 0. 0. 0. 0. 0. 0. 0.],False,32.398914046,"[-0.04693935915232321, 0.02081446225090015, 0.8154263965096044, 0.5765789161935566]","[7.9375, 1.6875, 9.1875]","[0.0693359375, 0.94873046875, -0.3466796875]"
32414018266,"std_msgs.msg.Header(stamp=builtin_interfaces.msg.Time(sec=1730346087, nanosec=133695198), frame_id='RL_myo')","geometry_msgs.msg.Quaternion(x=-0.04754726784704444, y=0.021789954584589044, z=0.815688944169322, w=0.5761215163135461)",[0. 0. 0. 0. 0. 0. 0. 0. 0.],"geometry_msgs.msg.Vector3(x=0.0, y=1.6875, z=12.25)",[0. 0. 0. 0. 0. 0. 0. 0. 0.],"geometry_msgs.msg.Vector3(x=0.01806640625, y=0.92626953125, z=-0.36962890625)",[0. 0. 0. 0. 0. 0. 0. 0. 0.],False,32.414018266,"[-0.04754726784704444, 0.021789954584589044, 0.815688944169322, 0.5761215163135461]","[0.0, 1.6875, 12.25]","[0.01806640625, 0.92626953125, -0.36962890625]"
32436410800,"std_msgs.msg.Header(stamp=builtin_interfaces.msg.Time(sec=1730346087, nanosec=156194959), frame_id='RL_myo')","geometry_msgs.msg.Quaternion(x=-0.04821945850004987, y=0.022888983465213543, z=0.8161295944356541, w=0.5753985256708483)",[0. 0. 0. 0. 0. 0. 0. 0. 0.],"geometry_msgs.msg.Vector3(x=0.125, y=1.3125, z=11.75)",[0. 0. 0. 0. 0. 0. 0. 0. 0.],"geometry_msgs.msg.Vector3(x=0.04248046875, y=0.97509765625, z=-0.41162109375)",[0. 0. 0. 0. 0. 0. 0. 0. 0.],False,32.4364108,"[-0.04821945850004987, 0.022888983465213543, 0.8161295944356541, 0.5753985256708483]","[0.125, 1.3125, 11.75]","[0.04248046875, 0.97509765625, -0.41162109375]"
32458950124,"std_msgs.msg.Header(stamp=builtin_interfaces.msg.Time(sec=1730346087, nanosec=178689895), frame_id='RL_myo')","geometry_msgs.msg.Quaternion(x=-0.04852498246794579, y=0.023560557525317074, z=0.8165625351650047, w=0.5747311131046258)",[0. 0. 0. 0. 0. 0. 0. 0. 0.],"geometry_msgs.msg.Vector3(x=0.125, y=1.0, z=8.0625)",[0. 0. 0. 0. 0. 0. 0. 0. 0.],"geometry_msgs.msg.Vector3(x=0.05126953125, y=0.94873046875, z=-0.40283203125)",[0. 0. 0. 0. 0. 0. 0. 0. 0.],False,32.458950124,"[-0.04852498246794579, 0.023560557525317074, 0.8165625351650047, 0.5747311131046258]","[0.125, 1.0, 8.0625]","[0.05126953125, 0.94873046875, -0.40283203125]"
32475521975,"std_msgs.msg.Header(stamp=builtin_interfaces.msg.Time(sec=1730346087, nanosec=195189986), frame_id='RL_myo')","geometry_msgs.msg.Quaternion(x=-0.048401586267390946, y=0.024475455350849645, z=0.8162961093822024, w=0.575081646672582)",[0. 0. 0. 0. 0. 0. 0. 0. 0.],"geometry_msgs.msg.Vector3(x=-6.9375, y=-1.0, z=9.8125)",[0. 0. 0. 0. 0. 0. 0. 0. 0.],"geometry_msgs.msg.Vector3(x=0.017578125, y=0.93701171875, z=-0.39892578125)",[0. 0. 0. 0. 0. 0. 0. 0. 0.],False,32.475521975,"[-0.048401586267390946, 0.024475455350849645, 0.8162961093822024, 0.575081646672582]","[-6.9375, -1.0, 9.8125]","[0.017578125, 0.93701171875, -0.39892578125]"
32496572844,"std_msgs.msg.Header(stamp=builtin_interfaces.msg.Time(sec=1730346087, nanosec=216232903), frame_id='RL_myo')","geometry_msgs.msg.Quaternion(x=-0.047670751249117016, y=0.02581911367269718, z=0.815163742550522, w=0.5766879101173592)",[0. 0. 0. 0. 0. 0. 0. 0. 0.],"geometry_msgs.msg.Vector3(x=-15.625, y=-4.75, z=9.75)",[0. 0. 0. 0. 0. 0. 0. 0. 0.],"geometry_msgs.msg.Vector3(x=0.01123046875, y=0.939453125, z=-0.3896484375)",[0. 0. 0. 0. 0. 0. 0. 0. 0.],False,32.496572844,"[-0.047670751249117016, 0.02581911367269718, 0.815163742550522, 0.5766879101173592]","[-15.625, -4.75, 9.75]","[0.01123046875, 0.939453125, -0.3896484375]"
32518940154,"std_msgs.msg.Header(stamp=builtin_interfaces.msg.Time(sec=1730346087, nanosec=238625594), frame_id='RL_myo')","geometry_msgs.msg.Quaternion(x=-0.046695085803501346, y=0.026918343580841955, z=0.8123113749973803, w=0.5807281651431527)",[0. 0. 0. 0. 0. 0. 0. 0. 0.],"geometry_msgs.msg.Vector3(x=-30.75, y=-5.1875, z=5.4375)",[0. 0. 0. 0. 0. 0. 0. 0. 0.],"geometry_msgs.msg.Vector3(x=0.0458984375, y=0.9462890625, z=-0.3515625)",[0. 0. 0. 0. 0. 0. 0. 0. 0.],False,32.518940154,"[-0.046695085803501346, 0.026918343580841955, 0.8123113749973803, 0.5807281651431527]","[-30.75, -5.1875, 5.4375]","[0.0458984375, 0.9462890625, -0.3515625]"
32534130064,"std_msgs.msg.Header(stamp=builtin_interfaces.msg.Time(sec=1730346087, nanosec=253766048), frame_id='RL_myo')","geometry_msgs.msg.Quaternion(x=-0.04632869888795215, y=0.02813903845500124, z=0.8086463805897103, w=0.5857925207215768)",[0. 0. 0. 0. 0. 0. 0. 0. 0.],"geometry_msgs.msg.Vector3(x=-37.3125, y=-3.125, z=6.0)",[0. 0. 0. 0. 0. 0. 0. 0. 0.],"geometry_msgs.msg.Vector3(x=0.07275390625, y=0.9794921875, z=-0.33984375)",[0. 0. 0. 0. 0. 0. 0. 0. 0.],False,32.534130064,"[-0.04632869888795215, 0.02813903845500124, 0.8086463805897103, 0.5857925207215768]","[-37.3125, -3.125, 6.0]","[0.07275390625, 0.9794921875, -0.33984375]"
32556695461,"std_msgs.msg.Header(stamp=builtin_interfaces.msg.Time(sec=1730346087, nanosec=276348955), frame_id='RL_myo')","geometry_msgs.msg.Quaternion(x=-0.046755232187483585, y=0.028932088847085143, z=0.8053985492347858, w=0.5901779895832622)",[0. 0. 0. 0. 0. 0. 0. 0. 0.],"geometry_msgs.msg.Vector3(x=-31.625, y=1.0625, z=4.9375)",[0. 0. 0. 0. 0. 0. 0. 0. 0.],"geometry_msgs.msg.Vector3(x=0.10791015625, y=1.00732421875, z=-0.32177734375)",[0. 0. 0. 0. 0. 0. 0. 0. 0.],False,32.556695461,"[-0.046755232187483585, 0.028932088847085143, 0.8053985492347858, 0.5901779895832622]","[-31.625, 1.0625, 4.9375]","[0.10791015625, 1.00732421875, -0.32177734375]"
32579073541,"std_msgs.msg.Header(stamp=builtin_interfaces.msg.Time(sec=1730346087, nanosec=298698187), frame_id='RL_myo')","geometry_msgs.msg.Quaternion(x=-0.046451029217343766, y=0.028444388456349796, z=0.803584493621985, w=0.5926931586076319)",[0. 0. 0. 0. 0. 0. 0. 0. 0.],"geometry_msgs.msg.Vector3(x=-20.625, y=2.25, z=-1.1875)",[0. 0. 0. 0. 0. 0. 0. 0. 0.],"geometry_msgs.msg.Vector3(x=0.0712890625, y=0.94189453125, z=-0.33203125)",[0. 0. 0. 0. 0. 0. 0. 0. 0.],False,32.579073541,"[-0.046451029217343766, 0.028444388456349796, 0.803584493621985, 0.5926931586076319]","[-20.625, 2.25, -1.1875]","[0.0712890625, 0.94189453125, -0.33203125]"
32593996497,"std_msgs.msg.Header(stamp=builtin_interfaces.msg.Time(sec=1730346087, nanosec=313661820), frame_id='RL_myo')","geometry_msgs.msg.Quaternion(x=-0.046083598390915546, y=0.028016386306530115, z=0.8031364074538633, w=0.5933492184875364)",[0. 0. 0. 0. 0. 0. 0. 0. 0.],"geometry_msgs.msg.Vector3(x=-9.875, y=2.5, z=3.625)",[0. 0. 0. 0. 0. 0. 0. 0. 0.],"geometry_msgs.msg.Vector3(x=0.0029296875, y=0.93701171875, z=-0.3671875)",[0. 0. 0. 0. 0. 0. 0. 0. 0.],False,32.593996497,"[-0.046083598390915546, 0.028016386306530115, 0.8031364074538633, 0.5933492184875364]","[-9.875, 2.5, 3.625]","[0.0029296875, 0.93701171875, -0.3671875]"
32616523984,"std_msgs.msg.Header(stamp=builtin_interfaces.msg.Time(sec=1730346087, nanosec=336184588), frame_id='RL_myo')","geometry_msgs.msg.Quaternion(x=-0.04602318756413546, y=0.02874923255001035, z=0.8035135823531555, w=0.5928079544070074)",[0. 0. 0. 0. 0. 0. 0. 0. 0.],"geometry_msgs.msg.Vector3(x=2.25, y=-1.1875, z=7.5)",[0. 0. 0. 0. 0. 0. 0. 0. 0.],"geometry_msgs.msg.Vector3(x=0.04345703125, y=0.9765625, z=-0.3232421875)",[0. 0. 0. 0. 0. 0. 0. 0. 0.],False,32.616523984,"[-0.04602318756413546, 0.02874923255001035, 0.8035135823531555, 0.5928079544070074]","[2.25, -1.1875, 7.5]","[0.04345703125, 0.9765625, -0.3232421875]"
32647709757,"std_msgs.msg.Header(stamp=builtin_interfaces.msg.Time(sec=1730346087, nanosec=367555337), frame_id='RL_myo')","geometry_msgs.msg.Quaternion(x=-0.04620596094432491, y=0.029237325353146142, z=0.8032634689924911, w=0.5931087483434678)",[0. 0. 0. 0. 0. 0. 0. 0. 0.],"geometry_msgs.msg.Vector3(x=-1.5625, y=-0.5, z=4.4375)",[0. 0. 0. 0. 0. 0. 0. 0. 0.],"geometry_msgs.msg.Vector3(x=0.09375, y=1.01806640625, z=-0.29931640625)",[0. 0. 0. 0. 0. 0. 0. 0. 0.],False,32.647709757,"[-0.04620596094432491, 0.029237325353146142, 0.8032634689924911, 0.5931087483434678]","[-1.5625, -0.5, 4.4375]","[0.09375, 1.01806640625, -0.29931640625]"
32654048622,"std_msgs.msg.Header(stamp=builtin_interfaces.msg.Time(sec=1730346087, nanosec=373710259), frame_id='RL_myo')","geometry_msgs.msg.Quaternion(x=-0.04657267641899, y=0.029176591518056648, z=0.803149772373618, w=0.5932370145690221)",[0. 0. 0. 0. 0. 0. 0. 0. 0.],"geometry_msgs.msg.Vector3(x=-2.6875, y=2.875, z=4.0)",[0. 0. 0. 0. 0. 0. 0. 0. 0.],"geometry_msgs.msg.Vector3(x=0.06787109375, y=0.97119140625, z=-0.3251953125)",[0. 0. 0. 0. 0. 0. 0. 0. 0.],False,32.654048622,"[-0.04657267641899, 0.029176591518056648, 0.803149772373618, 0.5932370145690221]","[-2.6875, 2.875, 4.0]","[0.06787109375, 0.97119140625, -0.3251953125]"
32676470011,"std_msgs.msg.Header(stamp=builtin_interfaces.msg.Time(sec=1730346087, nanosec=396200905), frame_id='RL_myo')","geometry_msgs.msg.Quaternion(x=-0.047487812917917926, y=0.029542546853820406, z=0.8034474054480124, w=0.5927431249947314)",[0. 0. 0. 0. 0. 0. 0. 0. 0.],"geometry_msgs.msg.Vector3(x=-0.9375, y=4.5625, z=8.25)",[0. 0. 0. 0. 0. 0. 0. 0. 0.],"geometry_msgs.msg.Vector3(x=0.06201171875, y=0.9560546875, z=-0.35595703125)",[0. 0. 0. 0. 0. 0. 0. 0. 0.],False,32.676470011,"[-0.047487812917917926, 0.029542546853820406, 0.8034474054480124, 0.5927431249947314]","[-0.9375, 4.5625, 8.25]","[0.06201171875, 0.9560546875, -0.35595703125]"
32699144938,"std_msgs.msg.Header(stamp=builtin_interfaces.msg.Time(sec=1730346087, nanosec=418981104), frame_id='RL_myo')","geometry_msgs.msg.Quaternion(x=-0.04889274060649367, y=0.03027565460776637, z=0.8041360358925689, w=0.5916570970021763)",[0. 0. 0. 0. 0. 0. 0. 0. 0.],"geometry_msgs.msg.Vector3(x=2.875, y=4.1875, z=9.25)",[0. 0. 0. 0. 0. 0. 0. 0. 0.],"geometry_msgs.msg.Vector3(x=0.09716796875, y=0.94677734375, z=-0.36181640625)",[0. 0. 0. 0. 0. 0. 0. 0. 0.],False,32.699144938,"[-0.04889274060649367, 0.03027565460776637, 0.8041360358925689, 0.5916570970021763]","[2.875, 4.1875, 9.25]","[0.09716796875, 0.94677734375, -0.36181640625]"
32714213592,"std_msgs.msg.Header(stamp=builtin_interfaces.msg.Time(sec=1730346087, nanosec=433902439), frame_id='RL_myo')","geometry_msgs.msg.Quaternion(x=-0.04950080957734968, y=0.030335268014726007, z=0.8050137823867632, w=0.5904085462906331)",[0. 0. 0. 0. 0. 0. 0. 0. 0.],"geometry_msgs.msg.Vector3(x=5.6875, y=3.6875, z=5.6875)",[0. 0. 0. 0. 0. 0. 0. 0. 0.],"geometry_msgs.msg.Vector3(x=0.0693359375, y=0.97314453125, z=-0.3544921875)",[0. 0. 0. 0. 0. 0. 0. 0. 0.],False,32.714213592,"[-0.04950080957734968, 0.030335268014726007, 0.8050137823867632, 0.5904085462906331]","[5.6875, 3.6875, 5.6875]","[0.0693359375, 0.97314453125, -0.3544921875]"
32736503885,"std_msgs.msg.Header(stamp=builtin_interfaces.msg.Time(sec=1730346087, nanosec=456214962), frame_id='RL_myo')","geometry_msgs.msg.Quaternion(x=-0.048463092455454874, y=0.029480697299728846, z=0.8065381658770538, w=0.5884542498275068)",[0. 0. 0. 0. 0. 0. 0. 0. 0.],"geometry_msgs.msg.Vector3(x=8.875, y=-0.1875, z=-1.5625)",[0. 0. 0. 0. 0. 0. 0. 0. 0.],"geometry_msgs.msg.Vector3(x=0.03466796875, y=0.9853515625, z=-0.39306640625)",[0. 0. 0. 0. 0. 0. 0. 0. 0.],False,32.736503885,"[-0.048463092455454874, 0.029480697299728846, 0.8065381658770538, 0.5884542498275068]","[8.875, -0.1875, -1.5625]","[0.03466796875, 0.9853515625, -0.39306640625]"
32759049539,"std_msgs.msg.Header(stamp=builtin_interfaces.msg.Time(sec=1730346087, nanosec=478714648), frame_id='RL_myo')","geometry_msgs.msg.Quaternion(x=-0.04754827399976383, y=0.0288097372630148, z=0.8075882070486203, w=0.5871204718918207)",[0. 0. 0. 0. 0. 0. 0. 0. 0.],"geometry_msgs.msg.Vector3(x=4.375, y=-0.875, z=-2.625)",[0. 0. 0. 0. 0. 0. 0. 0. 0.],"geometry_msgs.msg.Vector3(x=0.0673828125, y=1.01904296875, z=-0.412109375)",[0. 0. 0. 0. 0. 0. 0. 0. 0.],False,32.759049539,"[-0.04754827399976383, 0.0288097372630148, 0.8075882070486203, 0.5871204718918207]","[4.375, -0.875, -2.625]","[0.0673828125, 1.01904296875, -0.412109375]"
32781681409,"std_msgs.msg.Header(stamp=builtin_interfaces.msg.Time(sec=1730346087, nanosec=501291743), frame_id='RL_myo')","geometry_msgs.msg.Quaternion(x=-0.04644850289063813, y=0.028931130578400095, z=0.8075691744363115, w=0.5872287073729691)",[0. 0. 0. 0. 0. 0. 0. 0. 0.],"geometry_msgs.msg.Vector3(x=-5.1875, y=-4.5, z=-1.1875)",[0. 0. 0. 0. 0. 0. 0. 0. 0.],"geometry_msgs.msg.Vector3(x=0.0966796875, y=1.0966796875, z=-0.416015625)",[0. 0. 0. 0. 0. 0. 0. 0. 0.],False,32.781681409,"[-0.04644850289063813, 0.028931130578400095, 0.8075691744363115, 0.5872287073729691]","[-5.1875, -4.5, -1.1875]","[0.0966796875, 1.0966796875, -0.416015625]"
32796716029,"std_msgs.msg.Header(stamp=builtin_interfaces.msg.Time(sec=1730346087, nanosec=516287718), frame_id='RL_myo')","geometry_msgs.msg.Quaternion(x=-0.04364275973216419, y=0.028138898232905864, z=0.8064449532606339, w=0.589024659322216)",[0. 0. 0. 0. 0. 0. 0. 0. 0.],"geometry_msgs.msg.Vector3(x=-14.4375, y=-8.5625, z=-10.1875)",[0. 0. 0. 0. 0. 0. 0. 0. 0.],"geometry_msgs.msg.Vector3(x=0.07470703125, y=1.10205078125, z=-0.38134765625)",[0. 0. 0. 0. 0. 0. 0. 0. 0.],False,32.796716029,"[-0.04364275973216419, 0.028138898232905864, 0.8064449532606339, 0.589024659322216]","[-14.4375, -8.5625, -10.1875]","[0.07470703125, 1.10205078125, -0.38134765625]"
32819269466,"std_msgs.msg.Header(stamp=builtin_interfaces.msg.Time(sec=1730346087, nanosec=538834604), frame_id='RL_myo')","geometry_msgs.msg.Quaternion(x=-0.03973495265555393, y=0.02612374767523361, z=0.8050753080288116, w=0.5912634199298785)",[0. 0. 0. 0. 0. 0. 0. 0. 0.],"geometry_msgs.msg.Vector3(x=-16.5625, y=-9.0625, z=-19.5)",[0. 0. 0. 0. 0. 0. 0. 0. 0.],"geometry_msgs.msg.Vector3(x=0.05419921875, y=1.06787109375, z=-0.35791015625)",[0. 0. 0. 0. 0. 0. 0. 0. 0.],False,32.819269466,"[-0.03973495265555393, 0.02612374767523361, 0.8050753080288116, 0.5912634199298785]","[-16.5625, -9.0625, -19.5]","[0.05419921875, 1.06787109375, -0.35791015625]"
32833850337,"std_msgs.msg.Header(stamp=builtin_interfaces.msg.Time(sec=1730346087, nanosec=553569266), frame_id='RL_myo')","geometry_msgs.msg.Quaternion(x=-0.03533989563845087, y=0.023498894336448334, z=0.8043335832875744, w=0.5926604259919827)",[0. 0. 0. 0. 0. 0. 0. 0. 0.],"geometry_msgs.msg.Vector3(x=-9.3125, y=-10.0625, z=-23.6875)",[0. 0. 0. 0. 0. 0. 0. 0. 0.],"geometry_msgs.msg.Vector3(x=0.04345703125, y=1.07373046875, z=-0.33642578125)",[0. 0. 0. 0. 0. 0. 0. 0. 0.],False,32.833850337,"[-0.03533989563845087, 0.023498894336448334, 0.8043335832875744, 0.5926604259919827]","[-9.3125, -10.0625, -23.6875]","[0.04345703125, 1.07373046875, -0.33642578125]"
32856545659,"std_msgs.msg.Header(stamp=builtin_interfaces.msg.Time(sec=1730346087, nanosec=576244576), frame_id='RL_myo')","geometry_msgs.msg.Quaternion(x=-0.03021344545460995, y=0.020386446023918633, z=0.804349058991616, w=0.5930380525999803)",[0. 0. 0. 0. 0. 0. 0. 0. 0.],"geometry_msgs.msg.Vector3(x=-3.0, y=-11.625, z=-27.5625)",[0. 0. 0. 0. 0. 0. 0. 0. 0.],"geometry_msgs.msg.Vector3(x=0.01806640625, y=1.07275390625, z=-0.34912109375)",[0. 0. 0. 0. 0. 0. 0. 0. 0.],False,32.856545659,"[-0.03021344545460995, 0.020386446023918633, 0.804349058991616, 0.5930380525999803]","[-3.0, -11.625, -27.5625]","[0.01806640625, 1.07275390625, -0.34912109375]"
32879229011,"std_msgs.msg.Header(stamp=builtin_interfaces.msg.Time(sec=1730346087, nanosec=598830680), frame_id='RL_myo')","geometry_msgs.msg.Quaternion(x=-0.023804857730615137, y=0.017029628991901597, z=0.8047262674882819, w=0.5929240717825525)",[0. 0. 0. 0. 0. 0. 0. 0. 0.],"geometry_msgs.msg.Vector3(x=1.4375, y=-16.3125, z=-30.875)",[0. 0. 0. 0. 0. 0. 0. 0. 0.],"geometry_msgs.msg.Vector3(x=-0.02734375, y=1.11328125, z=-0.3525390625)",[0. 0. 0. 0. 0. 0. 0. 0. 0.],False,32.879229011,"[-0.023804857730615137, 0.017029628991901597, 0.8047262674882819, 0.5929240717825525]","[1.4375, -16.3125, -30.875]","[-0.02734375, 1.11328125, -0.3525390625]"
32893970734,"std_msgs.msg.Header(stamp=builtin_interfaces.msg.Time(sec=1730346087, nanosec=613665027), frame_id='RL_myo')","geometry_msgs.msg.Quaternion(x=-0.015442577577302486, y=0.01281794976772143, z=0.8056386618293103, w=0.5920672035566565)",[0. 0. 0. 0. 0. 0. 0. 0. 0.],"geometry_msgs.msg.Vector3(x=7.625, y=-21.9375, z=-39.6875)",[0. 0. 0. 0. 0. 0. 0. 0. 0.],"geometry_msgs.msg.Vector3(x=-0.0751953125, y=1.1259765625, z=-0.33935546875)",[0. 0. 0. 0. 0. 0. 0. 0. 0.],False,32.893970734,"[-0.015442577577302486, 0.01281794976772143, 0.8056386618293103, 0.5920672035566565]","[7.625, -21.9375, -39.6875]","[-0.0751953125, 1.1259765625, -0.33935546875]"
32924030848,"std_msgs.msg.Header(stamp=builtin_interfaces.msg.Time(sec=1730346087, nanosec=643785762), frame_id='RL_myo')","geometry_msgs.msg.Quaternion(x=-0.006347906673266259, y=0.008423183854910999, z=0.8066724480181431, w=0.5909046586912563)",[0. 0. 0. 0. 0. 0. 0. 0. 0.],"geometry_msgs.msg.Vector3(x=5.625, y=-24.625, z=-43.125)",[0. 0. 0. 0. 0. 0. 0. 0. 0.],"geometry_msgs.msg.Vector3(x=-0.09765625, y=1.1103515625, z=-0.39453125)",[0. 0. 0. 0. 0. 0. 0. 0. 0.],False,32.924030848,"[-0.006347906673266259, 0.008423183854910999, 0.8066724480181431, 0.5909046586912563]","[5.625, -24.625, -43.125]","[-0.09765625, 1.1103515625, -0.39453125]"
32938663955,"std_msgs.msg.Header(stamp=builtin_interfaces.msg.Time(sec=1730346087, nanosec=658583603), frame_id='RL_myo')","geometry_msgs.msg.Quaternion(x=0.001403876410816318, y=0.005310315119174768, z=0.8076562029531095, w=0.5896280925428535)",[0. 0. 0. 0. 0. 0. 0. 0. 0.],"geometry_msgs.msg.Vector3(x=7.875, y=-24.3125, z=-37.1875)",[0. 0. 0. 0. 0. 0. 0. 0. 0.],"geometry_msgs.msg.Vector3(x=-0.046875, y=1.02587890625, z=-0.3408203125)",[0. 0. 0. 0. 0. 0. 0. 0. 0.],False,32.938663955,"[0.001403876410816318, 0.005310315119174768, 0.8076562029531095, 0.5896280925428535]","[7.875, -24.3125, -37.1875]","[-0.046875, 1.02587890625, -0.3408203125]"
32953716722,"std_msgs.msg.Header(stamp=builtin_interfaces.msg.Time(sec=1730346087, nanosec=673597343), frame_id='RL_myo')","geometry_msgs.msg.Quaternion(x=0.008301145761286403, y=0.002990853987522307, z=0.8083851063417435, w=0.588587857177094)",[0. 0. 0. 0. 0. 0. 0. 0. 0.],"geometry_msgs.msg.Vector3(x=7.4375, y=-23.5, z=-32.1875)",[0. 0. 0. 0. 0. 0. 0. 0. 0.],"geometry_msgs.msg.Vector3(x=-0.03955078125, y=1.00048828125, z=-0.3203125)",[0. 0. 0. 0. 0. 0. 0. 0. 0.],False,32.953716722,"[0.008301145761286403, 0.002990853987522307, 0.8083851063417435, 0.588587857177094]","[7.4375, -23.5, -32.1875]","[-0.03955078125, 1.00048828125, -0.3203125]"
32976517530,"std_msgs.msg.Header(stamp=builtin_interfaces.msg.Time(sec=1730346087, nanosec=696262740), frame_id='RL_myo')","geometry_msgs.msg.Quaternion(x=0.01672398952477877, y=-0.00012207291623926112, z=0.8099537992474974, w=0.5862551802390515)",[0. 0. 0. 0. 0. 0. 0. 0. 0.],"geometry_msgs.msg.Vector3(x=15.875, y=-26.625, z=-36.9375)",[0. 0. 0. 0. 0. 0. 0. 0. 0.],"geometry_msgs.msg.Vector3(x=-0.11376953125, y=0.98486328125, z=-0.31884765625)",[0. 0. 0. 0. 0. 0. 0. 0. 0.],False,32.97651753,"[0.01672398952477877, -0.00012207291623926112, 0.8099537992474974, 0.5862551802390515]","[15.875, -26.625, -36.9375]","[-0.11376953125, 0.98486328125, -0.31884765625]"
32999261624,"std_msgs.msg.Header(stamp=builtin_interfaces.msg.Time(sec=1730346087, nanosec=718888567), frame_id='RL_myo')","geometry_msgs.msg.Quaternion(x=0.026307827535492233, y=-0.003967537795375859, z=0.8116971938908949, w=0.5834722120922744)",[0. 0. 0. 0. 0. 0. 0. 0. 0.],"geometry_msgs.msg.Vector3(x=17.8125, y=-29.4375, z=-43.875)",[0. 0. 0. 0. 0. 0. 0. 0. 0.],"geometry_msgs.msg.Vector3(x=-0.146484375, y=0.98046875, z=-0.3369140625)",[0. 0. 0. 0. 0. 0. 0. 0. 0.],False,32.999261624,"[0.026307827535492233, -0.003967537795375859, 0.8116971938908949, 0.5834722120922744]","[17.8125, -29.4375, -43.875]","[-0.146484375, 0.98046875, -0.3369140625]"
33013894812,"std_msgs.msg.Header(stamp=builtin_interfaces.msg.Time(sec=1730346087, nanosec=733617337), frame_id='RL_myo')","geometry_msgs.msg.Quaternion(x=0.03589029632144975, y=-0.007812853620995864, z=0.8134523453672803, w=0.5804706088724271)",[0. 0. 0. 0. 0. 0. 0. 0. 0.],"geometry_msgs.msg.Vector3(x=18.5625, y=-29.4375, z=-45.125)",[0. 0. 0. 0. 0. 0. 0. 0. 0.],"geometry_msgs.msg.Vector3(x=-0.1494140625, y=0.96826171875, z=-0.3447265625)",[0. 0. 0. 0. 0. 0. 0. 0. 0.],False,33.013894812,"[0.03589029632144975, -0.007812853620995864, 0.8134523453672803, 0.5804706088724271]","[18.5625, -29.4375, -45.125]","[-0.1494140625, 0.96826171875, -0.3447265625]"
33037887675,"std_msgs.msg.Header(stamp=builtin_interfaces.msg.Time(sec=1730346087, nanosec=757645170), frame_id='RL_myo')","geometry_msgs.msg.Quaternion(x=0.04486230296431426, y=-0.01104772358713045, z=0.8142355395155813, w=0.5786931896662089)",[0. 0. 0. 0. 0. 0. 0. 0. 0.],"geometry_msgs.msg.Vector3(x=11.8125, y=-29.5625, z=-41.1875)",[0. 0. 0. 0. 0. 0. 0. 0. 0.],"geometry_msgs.msg.Vector3(x=-0.146484375, y=0.9296875, z=-0.30224609375)",[0. 0. 0. 0. 0. 0. 0. 0. 0.],False,33.037887675,"[0.04486230296431426, -0.01104772358713045, 0.8142355395155813, 0.5786931896662089]","[11.8125, -29.5625, -41.1875]","[-0.146484375, 0.9296875, -0.30224609375]"
33058962986,"std_msgs.msg.Header(stamp=builtin_interfaces.msg.Time(sec=1730346087, nanosec=778703638), frame_id='RL_myo')","geometry_msgs.msg.Quaternion(x=0.053835984226354425, y=-0.013977823568974108, z=0.8140708861982868, w=0.5780959258591868)",[0. 0. 0. 0. 0. 0. 0. 0. 0.],"geometry_msgs.msg.Vector3(x=2.625, y=-30.25, z=-38.5)",[0. 0. 0. 0. 0. 0. 0. 0. 0.],"geometry_msgs.msg.Vector3(x=-0.18017578125, y=0.9404296875, z=-0.31787109375)",[0. 0. 0. 0. 0. 0. 0. 0. 0.],False,33.058962986,"[0.053835984226354425, -0.013977823568974108, 0.8140708861982868, 0.5780959258591868]","[2.625, -30.25, -38.5]","[-0.18017578125, 0.9404296875, -0.31787109375]"
33074087302,"std_msgs.msg.Header(stamp=builtin_interfaces.msg.Time(sec=1730346087, nanosec=793756771), frame_id='RL_myo')","geometry_msgs.msg.Quaternion(x=0.06280777602368406, y=-0.01709055129896165, z=0.8139375056130486, w=0.5772944078056403)",[0. 0. 0. 0. 0. 0. 0. 0. 0.],"geometry_msgs.msg.Vector3(x=0.0625, y=-29.875, z=-38.5)",[0. 0. 0. 0. 0. 0. 0. 0. 0.],"geometry_msgs.msg.Vector3(x=-0.2109375, y=0.90625, z=-0.35888671875)",[0. 0. 0. 0. 0. 0. 0. 0. 0.],False,33.074087302,"[0.06280777602368406, -0.01709055129896165, 0.8139375056130486, 0.5772944078056403]","[0.0625, -29.875, -38.5]","[-0.2109375, 0.90625, -0.35888671875]"
33096536424,"std_msgs.msg.Header(stamp=builtin_interfaces.msg.Time(sec=1730346087, nanosec=816279504), frame_id='RL_myo')","geometry_msgs.msg.Quaternion(x=0.07177965599552746, y=-0.02008121328446304, z=0.8135638050717564, w=0.5766787328620268)",[0. 0. 0. 0. 0. 0. 0. 0. 0.],"geometry_msgs.msg.Vector3(x=0.3125, y=-29.75, z=-37.375)",[0. 0. 0. 0. 0. 0. 0. 0. 0.],"geometry_msgs.msg.Vector3(x=-0.23095703125, y=0.87890625, z=-0.3212890625)",[0. 0. 0. 0. 0. 0. 0. 0. 0.],False,33.096536424,"[0.07177965599552746, -0.02008121328446304, 0.8135638050717564, 0.5766787328620268]","[0.3125, -29.75, -37.375]","[-0.23095703125, 0.87890625, -0.3212890625]"
33119039500,"std_msgs.msg.Header(stamp=builtin_interfaces.msg.Time(sec=1730346087, nanosec=838675566), frame_id='RL_myo')","geometry_msgs.msg.Quaternion(x=0.08093748862079822, y=-0.022828522431507188, z=0.8127930606897051, w=0.5764507108105719)",[0. 0. 0. 0. 0. 0. 0. 0. 0.],"geometry_msgs.msg.Vector3(x=-1.375, y=-31.625, z=-36.125)",[0. 0. 0. 0. 0. 0. 0. 0. 0.],"geometry_msgs.msg.Vector3(x=-0.25732421875, y=0.88037109375, z=-0.298828125)",[0. 0. 0. 0. 0. 0. 0. 0. 0.],False,33.1190395,"[0.08093748862079822, -0.022828522431507188, 0.8127930606897051, 0.5764507108105719]","[-1.375, -31.625, -36.125]","[-0.25732421875, 0.88037109375, -0.298828125]"
33133966892,"std_msgs.msg.Header(stamp=builtin_interfaces.msg.Time(sec=1730346087, nanosec=853719615), frame_id='RL_myo')","geometry_msgs.msg.Quaternion(x=0.08960228594638804, y=-0.02508619858580755, z=0.812219086572606, w=0.5758839018420784)",[0. 0. 0. 0. 0. 0. 0. 0. 0.],"geometry_msgs.msg.Vector3(x=-0.5625, y=-30.75, z=-32.5)",[0. 0. 0. 0. 0. 0. 0. 0. 0.],"geometry_msgs.msg.Vector3(x=-0.2666015625, y=0.84619140625, z=-0.310546875)",[0. 0. 0. 0. 0. 0. 0. 0. 0.],False,33.133966892,"[0.08960228594638804, -0.02508619858580755, 0.812219086572606, 0.5758839018420784]","[-0.5625, -30.75, -32.5]","[-0.2666015625, 0.84619140625, -0.310546875]"
33156423568,"std_msgs.msg.Header(stamp=builtin_interfaces.msg.Time(sec=1730346087, nanosec=876145135), frame_id='RL_myo')","geometry_msgs.msg.Quaternion(x=0.09668468726741426, y=-0.02630751276026234, z=0.8117485201826656, w=0.5753471352163174)",[0. 0. 0. 0. 0. 0. 0. 0. 0.],"geometry_msgs.msg.Vector3(x=2.3125, y=-27.0625, z=-24.0)",[0. 0. 0. 0. 0. 0. 0. 0. 0.],"geometry_msgs.msg.Vector3(x=-0.25244140625, y=0.83251953125, z=-0.27490234375)",[0. 0. 0. 0. 0. 0. 0. 0. 0.],False,33.156423568,"[0.09668468726741426, -0.02630751276026234, 0.8117485201826656, 0.5753471352163174]","[2.3125, -27.0625, -24.0]","[-0.25244140625, 0.83251953125, -0.27490234375]"
33178970358,"std_msgs.msg.Header(stamp=builtin_interfaces.msg.Time(sec=1730346087, nanosec=898788423), frame_id='RL_myo')","geometry_msgs.msg.Quaternion(x=0.10406862487459019, y=-0.027588867122178746, z=0.8114911247552354, w=0.5743611496011106)",[0. 0. 0. 0. 0. 0. 0. 0. 0.],"geometry_msgs.msg.Vector3(x=5.3125, y=-27.625, z=-23.5)",[0. 0. 0. 0. 0. 0. 0. 0. 0.],"geometry_msgs.msg.Vector3(x=-0.2890625, y=0.8134765625, z=-0.25732421875)",[0. 0. 0. 0. 0. 0. 0. 0. 0.],False,33.178970358,"[0.10406862487459019, -0.027588867122178746, 0.8114911247552354, 0.5743611496011106]","[5.3125, -27.625, -23.5]","[-0.2890625, 0.8134765625, -0.25732421875]"
33194150600,"std_msgs.msg.Header(stamp=builtin_interfaces.msg.Time(sec=1730346087, nanosec=913749519), frame_id='RL_myo')","geometry_msgs.msg.Quaternion(x=0.11181873607898625, y=-0.02874815758362583, z=0.8114182737085388, w=0.5729489495488231)",[0. 0. 0. 0. 0. 0. 0. 0. 0.],"geometry_msgs.msg.Vector3(x=6.6875, y=-29.875, z=-26.0)",[0. 0. 0. 0. 0. 0. 0. 0. 0.],"geometry_msgs.msg.Vector3(x=-0.28125, y=0.8232421875, z=-0.2861328125)",[0. 0. 0. 0. 0. 0. 0. 0. 0.],False,33.1941506,"[0.11181873607898625, -0.02874815758362583, 0.8114182737085388, 0.5729489495488231]","[6.6875, -29.875, -26.0]","[-0.28125, 0.8232421875, -0.2861328125]"
33216426905,"std_msgs.msg.Header(stamp=builtin_interfaces.msg.Time(sec=1730346087, nanosec=936161066), frame_id='RL_myo')","geometry_msgs.msg.Quaternion(x=0.11835273796812625, y=-0.028809949624010102, z=0.811683707839166, w=0.5712549121421834)",[0. 0. 0. 0. 0. 0. 0. 0. 0.],"geometry_msgs.msg.Vector3(x=9.375, y=-28.625, z=-19.3125)",[0. 0. 0. 0. 0. 0. 0. 0. 0.],"geometry_msgs.msg.Vector3(x=-0.2529296875, y=0.8037109375, z=-0.28759765625)",[0. 0. 0. 0. 0. 0. 0. 0. 0.],False,33.216426905,"[0.11835273796812625, -0.028809949624010102, 0.811683707839166, 0.5712549121421834]","[9.375, -28.625, -19.3125]","[-0.2529296875, 0.8037109375, -0.28759765625]"
33238830391,"std_msgs.msg.Header(stamp=builtin_interfaces.msg.Time(sec=1730346087, nanosec=958619499), frame_id='RL_myo')","geometry_msgs.msg.Quaternion(x=0.12353585806756723, y=-0.028015295875994745, z=0.8121994383918563, w=0.5694612429695664)",[0. 0. 0. 0. 0. 0. 0. 0. 0.],"geometry_msgs.msg.Vector3(x=11.375, y=-25.1875, z=-11.5)",[0. 0. 0. 0. 0. 0. 0. 0. 0.],"geometry_msgs.msg.Vector3(x=-0.24169921875, y=0.79931640625, z=-0.27734375)",[0. 0. 0. 0. 0. 0. 0. 0. 0.],False,33.238830391,"[0.12353585806756723, -0.028015295875994745, 0.8121994383918563, 0.5694612429695664]","[11.375, -25.1875, -11.5]","[-0.24169921875, 0.79931640625, -0.27734375]"
33254105019,"std_msgs.msg.Header(stamp=builtin_interfaces.msg.Time(sec=1730346087, nanosec=973756263), frame_id='RL_myo')","geometry_msgs.msg.Quaternion(x=0.12897726746807592, y=-0.027528986099433148, z=0.8121966497540077, w=0.5682812873297619)",[0. 0. 0. 0. 0. 0. 0. 0. 0.],"geometry_msgs.msg.Vector3(x=6.5625, y=-25.25, z=-12.6875)",[0. 0. 0. 0. 0. 0. 0. 0. 0.],"geometry_msgs.msg.Vector3(x=-0.27978515625, y=0.84228515625, z=-0.294921875)",[0. 0. 0. 0. 0. 0. 0. 0. 0.],False,33.254105019,"[0.12897726746807592, -0.027528986099433148, 0.8121966497540077, 0.5682812873297619]","[6.5625, -25.25, -12.6875]","[-0.27978515625, 0.84228515625, -0.294921875]"
33276516570,"std_msgs.msg.Header(stamp=builtin_interfaces.msg.Time(sec=1730346087, nanosec=996262144), frame_id='RL_myo')","geometry_msgs.msg.Quaternion(x=0.1345276334305188, y=-0.026917734275344277, z=0.8119267603869151, w=0.5674087478993206)",[0. 0. 0. 0. 0. 0. 0. 0. 0.],"geometry_msgs.msg.Vector3(x=1.375, y=-28.0, z=-13.125)",[0. 0. 0. 0. 0. 0. 0. 0. 0.],"geometry_msgs.msg.Vector3(x=-0.2744140625, y=0.83984375, z=-0.34228515625)",[0. 0. 0. 0. 0. 0. 0. 0. 0.],False,33.27651657,"[0.1345276334305188, -0.026917734275344277, 0.8119267603869151, 0.5674087478993206]","[1.375, -28.0, -13.125]","[-0.2744140625, 0.83984375, -0.34228515625]"
33299026225,"std_msgs.msg.Header(stamp=builtin_interfaces.msg.Time(sec=1730346088, nanosec=18691175), frame_id='RL_myo')","geometry_msgs.msg.Quaternion(x=0.13886367693893417, y=-0.025209098275068047, z=0.8109028343445013, w=0.5679066594460851)",[0. 0. 0. 0. 0. 0. 0. 0. 0.],"geometry_msgs.msg.Vector3(x=-6.25, y=-27.5, z=-6.4375)",[0. 0. 0. 0. 0. 0. 0. 0. 0.],"geometry_msgs.msg.Vector3(x=-0.21923828125, y=0.81396484375, z=-0.322265625)",[0. 0. 0. 0. 0. 0. 0. 0. 0.],False,33.299026225,"[0.13886367693893417, -0.025209098275068047, 0.8109028343445013, 0.5679066594460851]","[-6.25, -27.5, -6.4375]","[-0.21923828125, 0.81396484375, -0.322265625]"
33313974238,"std_msgs.msg.Header(stamp=builtin_interfaces.msg.Time(sec=1730346088, nanosec=33673714), frame_id='RL_myo')","geometry_msgs.msg.Quaternion(x=0.14246739317490634, y=-0.02350040547229603, z=0.8092074684317623, w=0.5695033326143428)",[0. 0. 0. 0. 0. 0. 0. 0. 0.],"geometry_msgs.msg.Vector3(x=-13.75, y=-24.5625, z=-3.5625)",[0. 0. 0. 0. 0. 0. 0. 0. 0.],"geometry_msgs.msg.Vector3(x=-0.2041015625, y=0.76708984375, z=-0.30126953125)",[0. 0. 0. 0. 0. 0. 0. 0. 0.],False,33.313974238,"[0.14246739317490634, -0.02350040547229603, 0.8092074684317623, 0.5695033326143428]","[-13.75, -24.5625, -3.5625]","[-0.2041015625, 0.76708984375, -0.30126953125]"
33337638158,"std_msgs.msg.Header(stamp=builtin_interfaces.msg.Time(sec=1730346088, nanosec=57466530), frame_id='RL_myo')","geometry_msgs.msg.Quaternion(x=0.1458792104157724, y=-0.021912400225632758, z=0.8075848673686545, w=0.5710041897236614)",[0. 0. 0. 0. 0. 0. 0. 0. 0.],"geometry_msgs.msg.Vector3(x=-12.5625, y=-23.125, z=-2.6875)",[0. 0. 0. 0. 0. 0. 0. 0. 0.],"geometry_msgs.msg.Vector3(x=-0.21728515625, y=0.7548828125, z=-0.2822265625)",[0. 0. 0. 0. 0. 0. 0. 0. 0.],False,33.337638158,"[0.1458792104157724, -0.021912400225632758, 0.8075848673686545, 0.5710041897236614]","[-12.5625, -23.125, -2.6875]","[-0.21728515625, 0.7548828125, -0.2822265625]"
33358809501,"std_msgs.msg.Header(stamp=builtin_interfaces.msg.Time(sec=1730346088, nanosec=78593060), frame_id='RL_myo')","geometry_msgs.msg.Quaternion(x=0.14911121615308975, y=-0.01977569956348796, z=0.806409082200009, w=0.5719083484872907)",[0. 0. 0. 0. 0. 0. 0. 0. 0.],"geometry_msgs.msg.Vector3(x=-8.3125, y=-23.6875, z=0.25)",[0. 0. 0. 0. 0. 0. 0. 0. 0.],"geometry_msgs.msg.Vector3(x=-0.23828125, y=0.80615234375, z=-0.3056640625)",[0. 0. 0. 0. 0. 0. 0. 0. 0.],False,33.358809501,"[0.14911121615308975, -0.01977569956348796, 0.806409082200009, 0.5719083484872907]","[-8.3125, -23.6875, 0.25]","[-0.23828125, 0.80615234375, -0.3056640625]"
33375317063,"std_msgs.msg.Header(stamp=builtin_interfaces.msg.Time(sec=1730346088, nanosec=95154788), frame_id='RL_myo')","geometry_msgs.msg.Quaternion(x=0.15192078537097647, y=-0.017090325393279798, z=0.8061140266751652, w=0.5716713844052091)",[0. 0. 0. 0. 0. 0. 0. 0. 0.],"geometry_msgs.msg.Vector3(x=-1.25, y=-23.5625, z=2.6875)",[0. 0. 0. 0. 0. 0. 0. 0. 0.],"geometry_msgs.msg.Vector3(x=-0.216796875, y=0.77294921875, z=-0.31201171875)",[0. 0. 0. 0. 0. 0. 0. 0. 0.],False,33.375317063,"[0.15192078537097647, -0.017090325393279798, 0.8061140266751652, 0.5716713844052091]","[-1.25, -23.5625, 2.6875]","[-0.216796875, 0.77294921875, -0.31201171875]"
33396405310,"std_msgs.msg.Header(stamp=builtin_interfaces.msg.Time(sec=1730346088, nanosec=116129343), frame_id='RL_myo')","geometry_msgs.msg.Quaternion(x=0.15338743932272364, y=-0.013062042186654538, z=0.8061233231735817, w=0.5713727892956689)",[0. 0. 0. 0. 0. 0. 0. 0. 0.],"geometry_msgs.msg.Vector3(x=4.3125, y=-21.125, z=9.8125)",[0. 0. 0. 0. 0. 0. 0. 0. 0.],"geometry_msgs.msg.Vector3(x=-0.15380859375, y=0.724609375, z=-0.25244140625)",[0. 0. 0. 0. 0. 0. 0. 0. 0.],False,33.39640531,"[0.15338743932272364, -0.013062042186654538, 0.8061233231735817, 0.5713727892956689]","[4.3125, -21.125, 9.8125]","[-0.15380859375, 0.724609375, -0.25244140625]"
33418835929,"std_msgs.msg.Header(stamp=builtin_interfaces.msg.Time(sec=1730346088, nanosec=138626945), frame_id='RL_myo')","geometry_msgs.msg.Quaternion(x=0.15375630042883623, y=-0.008789562231739744, z=0.806320257508903, w=0.5710773905566462)",[0. 0. 0. 0. 0. 0. 0. 0. 0.],"geometry_msgs.msg.Vector3(x=5.5, y=-17.125, z=14.25)",[0. 0. 0. 0. 0. 0. 0. 0. 0.],"geometry_msgs.msg.Vector3(x=-0.1650390625, y=0.81298828125, z=-0.27001953125)",[0. 0. 0. 0. 0. 0. 0. 0. 0.],False,33.418835929,"[0.15375630042883623, -0.008789562231739744, 0.806320257508903, 0.5710773905566462]","[5.5, -17.125, 14.25]","[-0.1650390625, 0.81298828125, -0.27001953125]"
33435309113,"std_msgs.msg.Header(stamp=builtin_interfaces.msg.Time(sec=1730346088, nanosec=155092267), frame_id='RL_myo')","geometry_msgs.msg.Quaternion(x=0.15442516045940805, y=-0.004638858575065222, z=0.8067951663843698, w=0.5702744166688732)",[0. 0. 0. 0. 0. 0. 0. 0. 0.],"geometry_msgs.msg.Vector3(x=5.1875, y=-17.5, z=15.875)",[0. 0. 0. 0. 0. 0. 0. 0. 0.],"geometry_msgs.msg.Vector3(x=-0.228515625, y=0.8486328125, z=-0.333984375)",[0. 0. 0. 0. 0. 0. 0. 0. 0.],False,33.435309113,"[0.15442516045940805, -0.004638858575065222, 0.8067951663843698, 0.5702744166688732]","[5.1875, -17.5, 15.875]","[-0.228515625, 0.8486328125, -0.333984375]"
33456456111,"std_msgs.msg.Header(stamp=builtin_interfaces.msg.Time(sec=1730346088, nanosec=176112005), frame_id='RL_myo')","geometry_msgs.msg.Quaternion(x=0.15478998307047434, y=0.0003051852978518816, z=0.8079475575330712, w=0.5685602098980553)",[0. 0. 0. 0. 0. 0. 0. 0. 0.],"geometry_msgs.msg.Vector3(x=10.8125, y=-18.0, z=19.9375)",[0. 0. 0. 0. 0. 0. 0. 0. 0.],"geometry_msgs.msg.Vector3(x=-0.21630859375, y=0.8046875, z=-0.35009765625)",[0. 0. 0. 0. 0. 0. 0. 0. 0.],False,33.456456111,"[0.15478998307047434, 0.0003051852978518816, 0.8079475575330712, 0.5685602098980553]","[10.8125, -18.0, 19.9375]","[-0.21630859375, 0.8046875, -0.35009765625]"
33479187931,"std_msgs.msg.Header(stamp=builtin_interfaces.msg.Time(sec=1730346088, nanosec=198937865), frame_id='RL_myo')","geometry_msgs.msg.Quaternion(x=0.15509414507594957, y=0.005737445744643549, z=0.8097122898770354, w=0.5659318823865425)",[0. 0. 0. 0. 0. 0. 0. 0. 0.],"geometry_msgs.msg.Vector3(x=19.625, y=-18.1875, z=22.6875)",[0. 0. 0. 0. 0. 0. 0. 0. 0.],"geometry_msgs.msg.Vector3(x=-0.2255859375, y=0.78515625, z=-0.3134765625)",[0. 0. 0. 0. 0. 0. 0. 0. 0.],False,33.479187931,"[0.15509414507594957, 0.005737445744643549, 0.8097122898770354, 0.5659318823865425]","[19.625, -18.1875, 22.6875]","[-0.2255859375, 0.78515625, -0.3134765625]"
33502811972,"std_msgs.msg.Header(stamp=builtin_interfaces.msg.Time(sec=1730346088, nanosec=222606323), frame_id='RL_myo')","geometry_msgs.msg.Quaternion(x=0.15503958946911395, y=0.01184160643976697, z=0.8121877076677284, w=0.5622931882635739)",[0. 0. 0. 0. 0. 0. 0. 0. 0.],"geometry_msgs.msg.Vector3(x=28.9375, y=-19.125, z=21.3125)",[0. 0. 0. 0. 0. 0. 0. 0. 0.],"geometry_msgs.msg.Vector3(x=-0.1474609375, y=0.79638671875, z=-0.29833984375)",[0. 0. 0. 0. 0. 0. 0. 0. 0.],False,33.502811972,"[0.15503958946911395, 0.01184160643976697, 0.8121877076677284, 0.5622931882635739]","[28.9375, -19.125, 21.3125]","[-0.1474609375, 0.79638671875, -0.29833984375]"
33516434191,"std_msgs.msg.Header(stamp=builtin_interfaces.msg.Time(sec=1730346088, nanosec=236113016), frame_id='RL_myo')","geometry_msgs.msg.Quaternion(x=0.15436111229944788, y=0.018188853881073733, z=0.8145310571910367, w=0.5589105200972891)",[0. 0. 0. 0. 0. 0. 0. 0. 0.],"geometry_msgs.msg.Vector3(x=28.0, y=-18.5625, z=20.375)",[0. 0. 0. 0. 0. 0. 0. 0. 0.],"geometry_msgs.msg.Vector3(x=-0.0947265625, y=0.88427734375, z=-0.33056640625)",[0. 0. 0. 0. 0. 0. 0. 0. 0.],False,33.516434191,"[0.15436111229944788, 0.018188853881073733, 0.8145310571910367, 0.5589105200972891]","[28.0, -18.5625, 20.375]","[-0.0947265625, 0.88427734375, -0.33056640625]"
33539220019,"std_msgs.msg.Header(stamp=builtin_interfaces.msg.Time(sec=1730346088, nanosec=258870905), frame_id='RL_myo')","geometry_msgs.msg.Quaternion(x=0.1538140061339614, y=0.024536996216608126, z=0.8160077174622737, w=0.5566602126752889)",[0. 0. 0. 0. 0. 0. 0. 0. 0.],"geometry_msgs.msg.Vector3(x=18.6875, y=-20.0, z=21.375)",[0. 0. 0. 0. 0. 0. 0. 0. 0.],"geometry_msgs.msg.Vector3(x=-0.091796875, y=0.86767578125, z=-0.34765625)",[0. 0. 0. 0. 0. 0. 0. 0. 0.],False,33.539220019,"[0.1538140061339614, 0.024536996216608126, 0.8160077174622737, 0.5566602126752889]","[18.6875, -20.0, 21.375]","[-0.091796875, 0.86767578125, -0.34765625]"
33556900746,"std_msgs.msg.Header(stamp=builtin_interfaces.msg.Time(sec=1730346088, nanosec=276640139), frame_id='RL_myo')","geometry_msgs.msg.Quaternion(x=0.15296554468391882, y=0.030702980437354813, z=0.8166504478556065, w=0.5556445942768208)",[0. 0. 0. 0. 0. 0. 0. 0. 0.],"geometry_msgs.msg.Vector3(x=7.75, y=-18.5625, z=25.25)",[0. 0. 0. 0. 0. 0. 0. 0. 0.],"geometry_msgs.msg.Vector3(x=-0.11865234375, y=0.8603515625, z=-0.38916015625)",[0. 0. 0. 0. 0. 0. 0. 0. 0.],False,33.556900746,"[0.15296554468391882, 0.030702980437354813, 0.8166504478556065, 0.5556445942768208]","[7.75, -18.5625, 25.25]","[-0.11865234375, 0.8603515625, -0.38916015625]"
33576395484,"std_msgs.msg.Header(stamp=builtin_interfaces.msg.Time(sec=1730346088, nanosec=296132402), frame_id='RL_myo')","geometry_msgs.msg.Quaternion(x=0.15210816003603964, y=0.03723353837158273, z=0.8159638376251115, w=0.5564888021864259)",[0. 0. 0. 0. 0. 0. 0. 0. 0.],"geometry_msgs.msg.Vector3(x=-2.125, y=-19.875, z=28.1875)",[0. 0. 0. 0. 0. 0. 0. 0. 0.],"geometry_msgs.msg.Vector3(x=-0.11669921875, y=0.90869140625, z=-0.3623046875)",[0. 0. 0. 0. 0. 0. 0. 0. 0.],False,33.576395484,"[0.15210816003603964, 0.03723353837158273, 0.8159638376251115, 0.5564888021864259]","[-2.125, -19.875, 28.1875]","[-0.11669921875, 0.90869140625, -0.3623046875]"
33599102342,"std_msgs.msg.Header(stamp=builtin_interfaces.msg.Time(sec=1730346088, nanosec=318750759), frame_id='RL_myo')","geometry_msgs.msg.Quaternion(x=0.1502732465406536, y=0.04412979579565092, z=0.8141733694580742, w=0.5590994875354943)",[0. 0. 0. 0. 0. 0. 0. 0. 0.],"geometry_msgs.msg.Vector3(x=-13.6875, y=-18.375, z=31.0625)",[0. 0. 0. 0. 0. 0. 0. 0. 0.],"geometry_msgs.msg.Vector3(x=-0.048828125, y=0.94775390625, z=-0.36865234375)",[0. 0. 0. 0. 0. 0. 0. 0. 0.],False,33.599102342,"[0.1502732465406536, 0.04412979579565092, 0.8141733694580742, 0.5590994875354943]","[-13.6875, -18.375, 31.0625]","[-0.048828125, 0.94775390625, -0.36865234375]"
33616799067,"std_msgs.msg.Header(stamp=builtin_interfaces.msg.Time(sec=1730346088, nanosec=336613447), frame_id='RL_myo')","geometry_msgs.msg.Quaternion(x=0.14837783898791593, y=0.05059861313080309, z=0.812934774775834, w=0.5608572449444507)",[0. 0. 0. 0. 0. 0. 0. 0. 0.],"geometry_msgs.msg.Vector3(x=-13.0625, y=-15.875, z=32.5)",[0. 0. 0. 0. 0. 0. 0. 0. 0.],"geometry_msgs.msg.Vector3(x=-0.0869140625, y=0.86181640625, z=-0.41259765625)",[0. 0. 0. 0. 0. 0. 0. 0. 0.],False,33.616799067,"[0.14837783898791593, 0.05059861313080309, 0.812934774775834, 0.5608572449444507]","[-13.0625, -15.875, 32.5]","[-0.0869140625, 0.86181640625, -0.41259765625]"
33636334457,"std_msgs.msg.Header(stamp=builtin_interfaces.msg.Time(sec=1730346088, nanosec=356127704), frame_id='RL_myo')","geometry_msgs.msg.Quaternion(x=0.14618846578740777, y=0.0573156448327248, z=0.8120631936683395, w=0.5620473457079126)",[0. 0. 0. 0. 0. 0. 0. 0. 0.],"geometry_msgs.msg.Vector3(x=-7.125, y=-14.4375, z=34.6875)",[0. 0. 0. 0. 0. 0. 0. 0. 0.],"geometry_msgs.msg.Vector3(x=-0.09765625, y=0.92431640625, z=-0.39990234375)",[0. 0. 0. 0. 0. 0. 0. 0. 0.],False,33.636334457,"[0.14618846578740777, 0.0573156448327248, 0.8120631936683395, 0.5620473457079126]","[-7.125, -14.4375, 34.6875]","[-0.09765625, 0.92431640625, -0.39990234375]"
33654318814,"std_msgs.msg.Header(stamp=builtin_interfaces.msg.Time(sec=1730346088, nanosec=374206193), frame_id='RL_myo')","geometry_msgs.msg.Quaternion(x=0.143195722804653, y=0.06384600428545058, z=0.8115645057163966, w=0.5628336572812044)",[0. 0. 0. 0. 0. 0. 0. 0. 0.],"geometry_msgs.msg.Vector3(x=-2.625, y=-10.6875, z=32.6875)",[0. 0. 0. 0. 0. 0. 0. 0. 0.],"geometry_msgs.msg.Vector3(x=-0.041015625, y=0.93798828125, z=-0.38623046875)",[0. 0. 0. 0. 0. 0. 0. 0. 0.],False,33.654318814,"[0.143195722804653, 0.06384600428545058, 0.8115645057163966, 0.5628336572812044]","[-2.625, -10.6875, 32.6875]","[-0.041015625, 0.93798828125, -0.38623046875]"
33675454224,"std_msgs.msg.Header(stamp=builtin_interfaces.msg.Time(sec=1730346088, nanosec=395170879), frame_id='RL_myo')","geometry_msgs.msg.Quaternion(x=0.13959656596938946, y=0.0696456850769888, z=0.8114546340170807, w=0.5632083577610655)",[0. 0. 0. 0. 0. 0. 0. 0. 0.],"geometry_msgs.msg.Vector3(x=0.125, y=-4.9375, z=32.625)",[0. 0. 0. 0. 0. 0. 0. 0. 0.],"geometry_msgs.msg.Vector3(x=-0.04833984375, y=0.91943359375, z=-0.38134765625)",[0. 0. 0. 0. 0. 0. 0. 0. 0.],False,33.675454224,"[0.13959656596938946, 0.0696456850769888, 0.8114546340170807, 0.5632083577610655]","[0.125, -4.9375, 32.625]","[-0.04833984375, 0.91943359375, -0.38134765625]"
33696670439,"std_msgs.msg.Header(stamp=builtin_interfaces.msg.Time(sec=1730346088, nanosec=416288656), frame_id='RL_myo')","geometry_msgs.msg.Quaternion(x=0.13697270384591098, y=0.07520070015069621, z=0.8102997520296203, w=0.5647987650116819)",[0. 0. 0. 0. 0. 0. 0. 0. 0.],"geometry_msgs.msg.Vector3(x=-4.3125, y=-8.1875, z=29.4375)",[0. 0. 0. 0. 0. 0. 0. 0. 0.],"geometry_msgs.msg.Vector3(x=-0.052734375, y=1.0380859375, z=-0.33837890625)",[0. 0. 0. 0. 0. 0. 0. 0. 0.],False,33.696670439,"[0.13697270384591098, 0.07520070015069621, 0.8102997520296203, 0.5647987650116819]","[-4.3125, -8.1875, 29.4375]","[-0.052734375, 1.0380859375, -0.33837890625]"
33714438473,"std_msgs.msg.Header(stamp=builtin_interfaces.msg.Time(sec=1730346088, nanosec=434235394), frame_id='RL_myo')","geometry_msgs.msg.Quaternion(x=0.13495829956569386, y=0.08087731656469668, z=0.8080406918365696, w=0.5677282425420708)",[0. 0. 0. 0. 0. 0. 0. 0. 0.],"geometry_msgs.msg.Vector3(x=-16.5625, y=-12.3125, z=27.75)",[0. 0. 0. 0. 0. 0. 0. 0. 0.],"geometry_msgs.msg.Vector3(x=-0.0068359375, y=0.984375, z=-0.3486328125)",[0. 0. 0. 0. 0. 0. 0. 0. 0.],False,33.714438473,"[0.13495829956569386, 0.08087731656469668, 0.8080406918365696, 0.5677282425420708]","[-16.5625, -12.3125, 27.75]","[-0.0068359375, 0.984375, -0.3486328125]"
33736890507,"std_msgs.msg.Header(stamp=builtin_interfaces.msg.Time(sec=1730346088, nanosec=456673340), frame_id='RL_myo')","geometry_msgs.msg.Quaternion(x=0.1328220945352145, y=0.086676183014708, z=0.8049897898577247, w=0.571696570504053)",[0. 0. 0. 0. 0. 0. 0. 0. 0.],"geometry_msgs.msg.Vector3(x=-24.625, y=-12.75, z=30.4375)",[0. 0. 0. 0. 0. 0. 0. 0. 0.],"geometry_msgs.msg.Vector3(x=-0.00830078125, y=1.03369140625, z=-0.36962890625)",[0. 0. 0. 0. 0. 0. 0. 0. 0.],False,33.736890507,"[0.1328220945352145, 0.086676183014708, 0.8049897898577247, 0.571696570504053]","[-24.625, -12.75, 30.4375]","[-0.00830078125, 1.03369140625, -0.36962890625]"
33758112080,"std_msgs.msg.Header(stamp=builtin_interfaces.msg.Time(sec=1730346088, nanosec=477753590), frame_id='RL_myo')","geometry_msgs.msg.Quaternion(x=0.1320860604667891, y=0.0914348052584335, z=0.8013668613070584, w=0.5761979717220376)",[0. 0. 0. 0. 0. 0. 0. 0. 0.],"geometry_msgs.msg.Vector3(x=-29.4375, y=-14.0, z=25.9375)",[0. 0. 0. 0. 0. 0. 0. 0. 0.],"geometry_msgs.msg.Vector3(x=-0.064453125, y=1.0673828125, z=-0.3466796875)",[0. 0. 0. 0. 0. 0. 0. 0. 0.],False,33.75811208,"[0.1320860604667891, 0.0914348052584335, 0.8013668613070584, 0.5761979717220376]","[-29.4375, -14.0, 25.9375]","[-0.064453125, 1.0673828125, -0.3466796875]"
33774420500,"std_msgs.msg.Header(stamp=builtin_interfaces.msg.Time(sec=1730346088, nanosec=494203744), frame_id='RL_myo')","geometry_msgs.msg.Quaternion(x=0.13159977981526336, y=0.09570893077473698, z=0.7977168471269372, w=0.5806626648342301)",[0. 0. 0. 0. 0. 0. 0. 0. 0.],"geometry_msgs.msg.Vector3(x=-32.0625, y=-13.5625, z=23.1875)",[0. 0. 0. 0. 0. 0. 0. 0. 0.],"geometry_msgs.msg.Vector3(x=-0.060546875, y=1.01953125, z=-0.35888671875)",[0. 0. 0. 0. 0. 0. 0. 0. 0.],False,33.7744205,"[0.13159977981526336, 0.09570893077473698, 0.7977168471269372, 0.5806626648342301]","[-32.0625, -13.5625, 23.1875]","[-0.060546875, 1.01953125, -0.35888671875]"
33796794402,"std_msgs.msg.Header(stamp=builtin_interfaces.msg.Time(sec=1730346088, nanosec=516612359), frame_id='RL_myo')","geometry_msgs.msg.Quaternion(x=0.1303122628026955, y=0.10064867511084069, z=0.7945691040587776, w=0.5844215064804728)",[0. 0. 0. 0. 0. 0. 0. 0. 0.],"geometry_msgs.msg.Vector3(x=-26.0625, y=-13.5, z=23.375)",[0. 0. 0. 0. 0. 0. 0. 0. 0.],"geometry_msgs.msg.Vector3(x=0.0185546875, y=1.0791015625, z=-0.36279296875)",[0. 0. 0. 0. 0. 0. 0. 0. 0.],False,33.796794402,"[0.1303122628026955, 0.10064867511084069, 0.7945691040587776, 0.5844215064804728]","[-26.0625, -13.5, 23.375]","[0.0185546875, 1.0791015625, -0.36279296875]"
33816636518,"std_msgs.msg.Header(stamp=builtin_interfaces.msg.Time(sec=1730346088, nanosec=536318814), frame_id='RL_myo')","geometry_msgs.msg.Quaternion(x=0.12873243645196777, y=0.10498804679819088, z=0.7918051994570535, w=0.587749943383593)",[0. 0. 0. 0. 0. 0. 0. 0. 0.],"geometry_msgs.msg.Vector3(x=-22.625, y=-9.9375, z=22.1875)",[0. 0. 0. 0. 0. 0. 0. 0. 0.],"geometry_msgs.msg.Vector3(x=0.015625, y=1.0576171875, z=-0.3408203125)",[0. 0. 0. 0. 0. 0. 0. 0. 0.],False,33.816636518,"[0.12873243645196777, 0.10498804679819088, 0.7918051994570535, 0.587749943383593]","[-22.625, -9.9375, 22.1875]","[0.015625, 1.0576171875, -0.3408203125]"
33834623603,"std_msgs.msg.Header(stamp=builtin_interfaces.msg.Time(sec=1730346088, nanosec=554297400), frame_id='RL_myo')","geometry_msgs.msg.Quaternion(x=0.12690065101313933, y=0.10834471166345469, z=0.7896040507484225, w=0.5904939383843723)",[0. 0. 0. 0. 0. 0. 0. 0. 0.],"geometry_msgs.msg.Vector3(x=-15.0625, y=-4.4375, z=19.125)",[0. 0. 0. 0. 0. 0. 0. 0. 0.],"geometry_msgs.msg.Vector3(x=0.00341796875, y=1.0478515625, z=-0.2744140625)",[0. 0. 0. 0. 0. 0. 0. 0. 0.],False,33.834623603,"[0.12690065101313933, 0.10834471166345469, 0.7896040507484225, 0.5904939383843723]","[-15.0625, -4.4375, 19.125]","[0.00341796875, 1.0478515625, -0.2744140625]"
33856873903,"std_msgs.msg.Header(stamp=builtin_interfaces.msg.Time(sec=1730346088, nanosec=576654166), frame_id='RL_myo')","geometry_msgs.msg.Quaternion(x=0.12530995303336098, y=0.11108821944506428, z=0.7877497583285712, w=0.5927960369508046)",[0. 0. 0. 0. 0. 0. 0. 0. 0.],"geometry_msgs.msg.Vector3(x=-12.375, y=-3.125, z=15.4375)",[0. 0. 0. 0. 0. 0. 0. 0. 0.],"geometry_msgs.msg.Vector3(x=0.0, y=1.06298828125, z=-0.2763671875)",[0. 0. 0. 0. 0. 0. 0. 0. 0.],False,33.856873903,"[0.12530995303336098, 0.11108821944506428, 0.7877497583285712, 0.5927960369508046]","[-12.375, -3.125, 15.4375]","[0.0, 1.06298828125, -0.2763671875]"
33876561908,"std_msgs.msg.Header(stamp=builtin_interfaces.msg.Time(sec=1730346088, nanosec=596219639), frame_id='RL_myo')","geometry_msgs.msg.Quaternion(x=0.12360049252319848, y=0.11401763952263445, z=0.7862212070080591, w=0.5946251842770368)",[0. 0. 0. 0. 0. 0. 0. 0. 0.],"geometry_msgs.msg.Vector3(x=-9.0, y=-4.0, z=15.4375)",[0. 0. 0. 0. 0. 0. 0. 0. 0.],"geometry_msgs.msg.Vector3(x=0.02197265625, y=1.03857421875, z=-0.26318359375)",[0. 0. 0. 0. 0. 0. 0. 0. 0.],False,33.876561908,"[0.12360049252319848, 0.11401763952263445, 0.7862212070080591, 0.5946251842770368]","[-9.0, -4.0, 15.4375]","[0.02197265625, 1.03857421875, -0.26318359375]"
33894200309,"std_msgs.msg.Header(stamp=builtin_interfaces.msg.Time(sec=1730346088, nanosec=614034596), frame_id='RL_myo')","geometry_msgs.msg.Quaternion(x=0.12134455506216581, y=0.11591212779831633, z=0.7858707980006966, w=0.5951864971887217)",[0. 0. 0. 0. 0. 0. 0. 0. 0.],"geometry_msgs.msg.Vector3(x=-1.25, y=2.4375, z=11.25)",[0. 0. 0. 0. 0. 0. 0. 0. 0.],"geometry_msgs.msg.Vector3(x=0.029296875, y=1.02490234375, z=-0.2822265625)",[0. 0. 0. 0. 0. 0. 0. 0. 0.],False,33.894200309,"[0.12134455506216581, 0.11591212779831633, 0.7858707980006966, 0.5951864971887217]","[-1.25, 2.4375, 11.25]","[0.029296875, 1.02490234375, -0.2822265625]"
33916797994,"std_msgs.msg.Header(stamp=builtin_interfaces.msg.Time(sec=1730346088, nanosec=636635093), frame_id='RL_myo')","geometry_msgs.msg.Quaternion(x=0.11975724842952389, y=0.11682740748935205, z=0.7855636020835741, w=0.5957343245016071)",[0. 0. 0. 0. 0. 0. 0. 0. 0.],"geometry_msgs.msg.Vector3(x=1.9375, y=3.875, z=8.5625)",[0. 0. 0. 0. 0. 0. 0. 0. 0.],"geometry_msgs.msg.Vector3(x=-0.03564453125, y=1.13525390625, z=-0.25439453125)",[0. 0. 0. 0. 0. 0. 0. 0. 0.],False,33.916797994,"[0.11975724842952389, 0.11682740748935205, 0.7855636020835741, 0.5957343245016071]","[1.9375, 3.875, 8.5625]","[-0.03564453125, 1.13525390625, -0.25439453125]"
33939373537,"std_msgs.msg.Header(stamp=builtin_interfaces.msg.Time(sec=1730346088, nanosec=659131261), frame_id='RL_myo')","geometry_msgs.msg.Quaternion(x=0.11926704246554577, y=0.11755799579766692, z=0.7843303457944029, w=0.5973118104236597)",[0. 0. 0. 0. 0. 0. 0. 0. 0.],"geometry_msgs.msg.Vector3(x=-9.75, y=-0.1875, z=6.4375)",[0. 0. 0. 0. 0. 0. 0. 0. 0.],"geometry_msgs.msg.Vector3(x=-0.04541015625, y=1.05859375, z=-0.27001953125)",[0. 0. 0. 0. 0. 0. 0. 0. 0.],False,33.939373537,"[0.11926704246554577, 0.11755799579766692, 0.7843303457944029, 0.5973118104236597]","[-9.75, -0.1875, 6.4375]","[-0.04541015625, 1.05859375, -0.27001953125]"
33954417385,"std_msgs.msg.Header(stamp=builtin_interfaces.msg.Time(sec=1730346088, nanosec=674212144), frame_id='RL_myo')","geometry_msgs.msg.Quaternion(x=0.11768647536669898, y=0.11860208591156438, z=0.7820534867210308, w=0.6003963546197361)",[0. 0. 0. 0. 0. 0. 0. 0. 0.],"geometry_msgs.msg.Vector3(x=-20.5625, y=3.0625, z=10.0625)",[0. 0. 0. 0. 0. 0. 0. 0. 0.],"geometry_msgs.msg.Vector3(x=0.0048828125, y=1.03173828125, z=-0.27587890625)",[0. 0. 0. 0. 0. 0. 0. 0. 0.],False,33.954417385,"[0.11768647536669898, 0.11860208591156438, 0.7820534867210308, 0.6003963546197361]","[-20.5625, 3.0625, 10.0625]","[0.0048828125, 1.03173828125, -0.27587890625]"
33976787554,"std_msgs.msg.Header(stamp=builtin_interfaces.msg.Time(sec=1730346088, nanosec=696599716), frame_id='RL_myo')","geometry_msgs.msg.Quaternion(x=0.1162179406055384, y=0.11933092115747246, z=0.7795879923392524, w=0.6037351105721535)",[0. 0. 0. 0. 0. 0. 0. 0. 0.],"geometry_msgs.msg.Vector3(x=-19.9375, y=4.3125, z=10.125)",[0. 0. 0. 0. 0. 0. 0. 0. 0.],"geometry_msgs.msg.Vector3(x=-0.0068359375, y=1.00732421875, z=-0.224609375)",[0. 0. 0. 0. 0. 0. 0. 0. 0.],False,33.976787554,"[0.1162179406055384, 0.11933092115747246, 0.7795879923392524, 0.6037351105721535]","[-19.9375, 4.3125, 10.125]","[-0.0068359375, 1.00732421875, -0.224609375]"
33997736387,"std_msgs.msg.Header(stamp=builtin_interfaces.msg.Time(sec=1730346088, nanosec=717536991), frame_id='RL_myo')","geometry_msgs.msg.Quaternion(x=0.11554521399685336, y=0.11920750287155552, z=0.7780532714304753, w=0.6058646561715617)",[0. 0. 0. 0. 0. 0. 0. 0. 0.],"geometry_msgs.msg.Vector3(x=-11.3125, y=4.5, z=6.5)",[0. 0. 0. 0. 0. 0. 0. 0. 0.],"geometry_msgs.msg.Vector3(x=-0.0654296875, y=0.90576171875, z=-0.17919921875)",[0. 0. 0. 0. 0. 0. 0. 0. 0.],False,33.997736387,"[0.11554521399685336, 0.11920750287155552, 0.7780532714304753, 0.6058646561715617]","[-11.3125, 4.5, 6.5]","[-0.0654296875, 0.90576171875, -0.17919921875]"
34014347774,"std_msgs.msg.Header(stamp=builtin_interfaces.msg.Time(sec=1730346088, nanosec=734128798), frame_id='RL_myo')","geometry_msgs.msg.Quaternion(x=0.11444683604084561, y=0.11975716923314085, z=0.7781774467651951, w=0.6058052521095427)",[0. 0. 0. 0. 0. 0. 0. 0. 0.],"geometry_msgs.msg.Vector3(x=0.6875, y=2.5625, z=4.8125)",[0. 0. 0. 0. 0. 0. 0. 0. 0.],"geometry_msgs.msg.Vector3(x=-0.0185546875, y=0.947265625, z=-0.24951171875)",[0. 0. 0. 0. 0. 0. 0. 0. 0.],False,34.014347774,"[0.11444683604084561, 0.11975716923314085, 0.7781774467651951, 0.6058052521095427]","[0.6875, 2.5625, 4.8125]","[-0.0185546875, 0.947265625, -0.24951171875]"
34036858524,"std_msgs.msg.Header(stamp=builtin_interfaces.msg.Time(sec=1730346088, nanosec=756686959), frame_id='RL_myo')","geometry_msgs.msg.Quaternion(x=0.11255587662477366, y=0.12061302180615659, z=0.7776976269393933, w=0.6066053697922997)",[0. 0. 0. 0. 0. 0. 0. 0. 0.],"geometry_msgs.msg.Vector3(x=1.0625, y=5.125, z=8.0625)",[0. 0. 0. 0. 0. 0. 0. 0. 0.],"geometry_msgs.msg.Vector3(x=0.01806640625, y=1.0283203125, z=-0.18701171875)",[0. 0. 0. 0. 0. 0. 0. 0. 0.],False,34.036858524,"[0.11255587662477366, 0.12061302180615659, 0.7776976269393933, 0.6066053697922997]","[1.0625, 5.125, 8.0625]","[0.01806640625, 1.0283203125, -0.18701171875]"
34056470679,"std_msgs.msg.Header(stamp=builtin_interfaces.msg.Time(sec=1730346088, nanosec=776231327), frame_id='RL_myo')","geometry_msgs.msg.Quaternion(x=0.11084558964123466, y=0.12030652928572329, z=0.7775671621363922, w=0.6071481718950226)",[0. 0. 0. 0. 0. 0. 0. 0. 0.],"geometry_msgs.msg.Vector3(x=0.75, y=9.0, z=5.75)",[0. 0. 0. 0. 0. 0. 0. 0. 0.],"geometry_msgs.msg.Vector3(x=-0.03662109375, y=0.9580078125, z=-0.19287109375)",[0. 0. 0. 0. 0. 0. 0. 0. 0.],False,34.056470679,"[0.11084558964123466, 0.12030652928572329, 0.7775671621363922, 0.6071481718950226]","[0.75, 9.0, 5.75]","[-0.03662109375, 0.9580078125, -0.19287109375]"
34074303381,"std_msgs.msg.Header(stamp=builtin_interfaces.msg.Time(sec=1730346088, nanosec=794106639), frame_id='RL_myo')","geometry_msgs.msg.Quaternion(x=0.10999066406264411, y=0.11963468455204354, z=0.7781747925275526, w=0.6066577192667147)",[0. 0. 0. 0. 0. 0. 0. 0. 0.],"geometry_msgs.msg.Vector3(x=6.4375, y=6.75, z=1.25)",[0. 0. 0. 0. 0. 0. 0. 0. 0.],"geometry_msgs.msg.Vector3(x=-0.0576171875, y=1.03369140625, z=-0.2265625)",[0. 0. 0. 0. 0. 0. 0. 0. 0.],False,34.074303381,"[0.10999066406264411, 0.11963468455204354, 0.7781747925275526, 0.6066577192667147]","[6.4375, 6.75, 1.25]","[-0.0576171875, 1.03369140625, -0.2265625]"
34096849017,"std_msgs.msg.Header(stamp=builtin_interfaces.msg.Time(sec=1730346088, nanosec=816603460), frame_id='RL_myo')","geometry_msgs.msg.Quaternion(x=0.1099289614542912, y=0.11938981044119577, z=0.7784142395483485, w=0.6064099011928834)",[0. 0. 0. 0. 0. 0. 0. 0. 0.],"geometry_msgs.msg.Vector3(x=2.0, y=1.4375, z=0.0)",[0. 0. 0. 0. 0. 0. 0. 0. 0.],"geometry_msgs.msg.Vector3(x=-0.04443359375, y=1.01513671875, z=-0.2490234375)",[0. 0. 0. 0. 0. 0. 0. 0. 0.],False,34.096849017,"[0.1099289614542912, 0.11938981044119577, 0.7784142395483485, 0.6064099011928834]","[2.0, 1.4375, 0.0]","[-0.04443359375, 1.01513671875, -0.2490234375]"
34116824850,"std_msgs.msg.Header(stamp=builtin_interfaces.msg.Time(sec=1730346088, nanosec=836331217), frame_id='RL_myo')","geometry_msgs.msg.Quaternion(x=0.10925404284644663, y=0.11969116090607924, z=0.7781451353348313, w=0.6068177061337275)",[0. 0. 0. 0. 0. 0. 0. 0. 0.],"geometry_msgs.msg.Vector3(x=-3.875, y=1.8125, z=3.0625)",[0. 0. 0. 0. 0. 0. 0. 0. 0.],"geometry_msgs.msg.Vector3(x=-0.0107421875, y=0.94677734375, z=-0.259765625)",[0. 0. 0. 0. 0. 0. 0. 0. 0.],False,34.11682485,"[0.10925404284644663, 0.11969116090607924, 0.7781451353348313, 0.6068177061337275]","[-3.875, 1.8125, 3.0625]","[-0.0107421875, 0.94677734375, -0.259765625]"
34134443440,"std_msgs.msg.Header(stamp=builtin_interfaces.msg.Time(sec=1730346088, nanosec=854110347), frame_id='RL_myo')","geometry_msgs.msg.Quaternion(x=0.10840376987525314, y=0.1200010200308264, z=0.7776261420105434, w=0.6075738318346113)",[0. 0. 0. 0. 0. 0. 0. 0. 0.],"geometry_msgs.msg.Vector3(x=-6.375, y=2.625, z=4.5)",[0. 0. 0. 0. 0. 0. 0. 0. 0.],"geometry_msgs.msg.Vector3(x=-0.01611328125, y=0.982421875, z=-0.27001953125)",[0. 0. 0. 0. 0. 0. 0. 0. 0.],False,34.13444344,"[0.10840376987525314, 0.1200010200308264, 0.7776261420105434, 0.6075738318346113]","[-6.375, 2.625, 4.5]","[-0.01611328125, 0.982421875, -0.27001953125]"
34156756205,"std_msgs.msg.Header(stamp=builtin_interfaces.msg.Time(sec=1730346088, nanosec=876542944), frame_id='RL_myo')","geometry_msgs.msg.Quaternion(x=0.10791598326150657, y=0.1203678274839881, z=0.7767753410553918, w=0.6086754440518911)",[0. 0. 0. 0. 0. 0. 0. 0. 0.],"geometry_msgs.msg.Vector3(x=-8.625, y=1.3125, z=5.875)",[0. 0. 0. 0. 0. 0. 0. 0. 0.],"geometry_msgs.msg.Vector3(x=-0.03564453125, y=0.95947265625, z=-0.2509765625)",[0. 0. 0. 0. 0. 0. 0. 0. 0.],False,34.156756205,"[0.10791598326150657, 0.1203678274839881, 0.7767753410553918, 0.6086754440518911]","[-8.625, 1.3125, 5.875]","[-0.03564453125, 0.95947265625, -0.2509765625]"
34176522917,"std_msgs.msg.Header(stamp=builtin_interfaces.msg.Time(sec=1730346088, nanosec=896193078), frame_id='RL_myo')","geometry_msgs.msg.Quaternion(x=0.10675393451434166, y=0.12085351077095281, z=0.7763922510133938, w=0.6092725982402278)",[0. 0. 0. 0. 0. 0. 0. 0. 0.],"geometry_msgs.msg.Vector3(x=-4.875, y=3.1875, z=5.875)",[0. 0. 0. 0. 0. 0. 0. 0. 0.],"geometry_msgs.msg.Vector3(x=-0.00537109375, y=0.93359375, z=-0.25244140625)",[0. 0. 0. 0. 0. 0. 0. 0. 0.],False,34.176522917,"[0.10675393451434166, 0.12085351077095281, 0.7763922510133938, 0.6092725982402278]","[-4.875, 3.1875, 5.875]","[-0.00537109375, 0.93359375, -0.25244140625]"
34195089589,"std_msgs.msg.Header(stamp=builtin_interfaces.msg.Time(sec=1730346088, nanosec=914738803), frame_id='RL_myo')","geometry_msgs.msg.Quaternion(x=0.10504625238491636, y=0.12103818621690246, z=0.7768295491591113, w=0.6089752818386464)",[0. 0. 0. 0. 0. 0. 0. 0. 0.],"geometry_msgs.msg.Vector3(x=2.5, y=7.0, z=5.125)",[0. 0. 0. 0. 0. 0. 0. 0. 0.],"geometry_msgs.msg.Vector3(x=0.0009765625, y=0.9755859375, z=-0.2607421875)",[0. 0. 0. 0. 0. 0. 0. 0. 0.],False,34.195089589,"[0.10504625238491636, 0.12103818621690246, 0.7768295491591113, 0.6089752818386464]","[2.5, 7.0, 5.125]","[0.0009765625, 0.9755859375, -0.2607421875]"
34216425727,"std_msgs.msg.Header(stamp=builtin_interfaces.msg.Time(sec=1730346088, nanosec=936183329), frame_id='RL_myo')","geometry_msgs.msg.Quaternion(x=0.10351799031662764, y=0.12060822456701428, z=0.7779718776979575, w=0.6078630103557162)",[0. 0. 0. 0. 0. 0. 0. 0. 0.],"geometry_msgs.msg.Vector3(x=9.0, y=8.625, z=4.0625)",[0. 0. 0. 0. 0. 0. 0. 0. 0.],"geometry_msgs.msg.Vector3(x=-0.048828125, y=0.9140625, z=-0.23583984375)",[0. 0. 0. 0. 0. 0. 0. 0. 0.],False,34.216425727,"[0.10351799031662764, 0.12060822456701428, 0.7779718776979575, 0.6078630103557162]","[9.0, 8.625, 4.0625]","[-0.048828125, 0.9140625, -0.23583984375]"
34238397598,"std_msgs.msg.Header(stamp=builtin_interfaces.msg.Time(sec=1730346088, nanosec=958190115), frame_id='RL_myo')","geometry_msgs.msg.Quaternion(x=0.10168694076481638, y=0.12085242659924156, z=0.7805968099887375, w=0.604750425628932)",[0. 0. 0. 0. 0. 0. 0. 0. 0.],"geometry_msgs.msg.Vector3(x=20.625, y=7.0625, z=5.4375)",[0. 0. 0. 0. 0. 0. 0. 0. 0.],"geometry_msgs.msg.Vector3(x=-0.03271484375, y=0.8271484375, z=-0.26806640625)",[0. 0. 0. 0. 0. 0. 0. 0. 0.],False,34.238397598,"[0.10168694076481638, 0.12085242659924156, 0.7805968099887375, 0.604750425628932]","[20.625, 7.0625, 5.4375]","[-0.03271484375, 0.8271484375, -0.26806640625]"
34253474339,"std_msgs.msg.Header(stamp=builtin_interfaces.msg.Time(sec=1730346088, nanosec=973225133), frame_id='RL_myo')","geometry_msgs.msg.Quaternion(x=0.09900576911195819, y=0.12232278748481147, z=0.7835616880950723, w=0.60105413590965)",[0. 0. 0. 0. 0. 0. 0. 0. 0.],"geometry_msgs.msg.Vector3(x=25.8125, y=5.625, z=9.8125)",[0. 0. 0. 0. 0. 0. 0. 0. 0.],"geometry_msgs.msg.Vector3(x=0.02001953125, y=0.83642578125, z=-0.27783203125)",[0. 0. 0. 0. 0. 0. 0. 0. 0.],False,34.253474339,"[0.09900576911195819, 0.12232278748481147, 0.7835616880950723, 0.60105413590965]","[25.8125, 5.625, 9.8125]","[0.02001953125, 0.83642578125, -0.27783203125]"
34275984806,"std_msgs.msg.Header(stamp=builtin_interfaces.msg.Time(sec=1730346088, nanosec=995729683), frame_id='RL_myo')","geometry_msgs.msg.Quaternion(x=0.09686998859957677, y=0.12403265080928796, z=0.7857028942997808, w=0.5982500052075942)",[0. 0. 0. 0. 0. 0. 0. 0. 0.],"geometry_msgs.msg.Vector3(x=22.125, y=3.125, z=12.75)",[0. 0. 0. 0. 0. 0. 0. 0. 0.],"geometry_msgs.msg.Vector3(x=-0.015625, y=0.8271484375, z=-0.232421875)",[0. 0. 0. 0. 0. 0. 0. 0. 0.],False,34.275984806,"[0.09686998859957677, 0.12403265080928796, 0.7857028942997808, 0.5982500052075942]","[22.125, 3.125, 12.75]","[-0.015625, 0.8271484375, -0.232421875]"
34297275853,"std_msgs.msg.Header(stamp=builtin_interfaces.msg.Time(sec=1730346089, nanosec=16971244), frame_id='RL_myo')","geometry_msgs.msg.Quaternion(x=0.09290151708279652, y=0.12519120337504314, z=0.7914330292349144, w=0.5910416490885143)",[0. 0. 0. 0. 0. 0. 0. 0. 0.],"geometry_msgs.msg.Vector3(x=63.3125, y=9.8125, z=3.8125)",[0. 0. 0. 0. 0. 0. 0. 0. 0.],"geometry_msgs.msg.Vector3(x=0.0986328125, y=1.6455078125, z=-0.37255859375)",[0. 0. 0. 0. 0. 0. 0. 0. 0.],False,34.297275853,"[0.09290151708279652, 0.12519120337504314, 0.7914330292349144, 0.5910416490885143]","[63.3125, 9.8125, 3.8125]","[0.0986328125, 1.6455078125, -0.37255859375]"
34319499221,"std_msgs.msg.Header(stamp=builtin_interfaces.msg.Time(sec=1730346089, nanosec=39283871), frame_id='RL_myo')","geometry_msgs.msg.Quaternion(x=0.09668458928887062, y=0.11920770383911888, z=0.7957556758579585, w=0.5858451313097097)",[0. 0. 0. 0. 0. 0. 0. 0. 0.],"geometry_msgs.msg.Vector3(x=31.625, y=3.6875, z=-39.125)",[0. 0. 0. 0. 0. 0. 0. 0. 0.],"geometry_msgs.msg.Vector3(x=-0.1171875, y=1.19091796875, z=-0.37646484375)",[0. 0. 0. 0. 0. 0. 0. 0. 0.],False,34.319499221,"[0.09668458928887062, 0.11920770383911888, 0.7957556758579585, 0.5858451313097097]","[31.625, 3.6875, -39.125]","[-0.1171875, 1.19091796875, -0.37646484375]"
34336001277,"std_msgs.msg.Header(stamp=builtin_interfaces.msg.Time(sec=1730346089, nanosec=55824864), frame_id='RL_myo')","geometry_msgs.msg.Quaternion(x=0.09576629376672198, y=0.12103541143365819, z=0.7979303750238091, w=0.5826545827260217)",[0. 0. 0. 0. 0. 0. 0. 0. 0.],"geometry_msgs.msg.Vector3(x=25.75, y=-3.625, z=6.1875)",[0. 0. 0. 0. 0. 0. 0. 0. 0.],"geometry_msgs.msg.Vector3(x=0.01806640625, y=1.0185546875, z=-0.29150390625)",[0. 0. 0. 0. 0. 0. 0. 0. 0.],False,34.336001277,"[0.09576629376672198, 0.12103541143365819, 0.7979303750238091, 0.5826545827260217]","[25.75, -3.625, 6.1875]","[0.01806640625, 1.0185546875, -0.29150390625]"
34357101146,"std_msgs.msg.Header(stamp=builtin_interfaces.msg.Time(sec=1730346089, nanosec=76777956), frame_id='RL_myo')","geometry_msgs.msg.Quaternion(x=0.0931455133425376, y=0.12146760914262768, z=0.7980238803671931, w=0.5828614068859054)",[0. 0. 0. 0. 0. 0. 0. 0. 0.],"geometry_msgs.msg.Vector3(x=4.3125, y=9.875, z=7.6875)",[0. 0. 0. 0. 0. 0. 0. 0. 0.],"geometry_msgs.msg.Vector3(x=0.03466796875, y=1.07421875, z=-0.29931640625)",[0. 0. 0. 0. 0. 0. 0. 0. 0.],False,34.357101146,"[0.0931455133425376, 0.12146760914262768, 0.7980238803671931, 0.5828614068859054]","[4.3125, 9.875, 7.6875]","[0.03466796875, 1.07421875, -0.29931640625]"
34373395320,"std_msgs.msg.Header(stamp=builtin_interfaces.msg.Time(sec=1730346089, nanosec=93164879), frame_id='RL_myo')","geometry_msgs.msg.Quaternion(x=0.09174039236537437, y=0.12116079763490893, z=0.7975249279081713, w=0.5838302415002035)",[0. 0. 0. 0. 0. 0. 0. 0. 0.],"geometry_msgs.msg.Vector3(x=-6.5625, y=7.625, z=3.0)",[0. 0. 0. 0. 0. 0. 0. 0. 0.],"geometry_msgs.msg.Vector3(x=0.01318359375, y=0.90478515625, z=-0.3037109375)",[0. 0. 0. 0. 0. 0. 0. 0. 0.],False,34.37339532,"[0.09174039236537437, 0.12116079763490893, 0.7975249279081713, 0.5838302415002035]","[-6.5625, 7.625, 3.0]","[0.01318359375, 0.90478515625, -0.3037109375]"
34395987725,"std_msgs.msg.Header(stamp=builtin_interfaces.msg.Time(sec=1730346089, nanosec=115762745), frame_id='RL_myo')","geometry_msgs.msg.Quaternion(x=0.09070395606330024, y=0.12183384677143155, z=0.796864163126773, w=0.5847536333017607)",[0. 0. 0. 0. 0. 0. 0. 0. 0.],"geometry_msgs.msg.Vector3(x=-8.1875, y=1.875, z=5.125)",[0. 0. 0. 0. 0. 0. 0. 0. 0.],"geometry_msgs.msg.Vector3(x=0.0341796875, y=0.90625, z=-0.326171875)",[0. 0. 0. 0. 0. 0. 0. 0. 0.],False,34.395987725,"[0.09070395606330024, 0.12183384677143155, 0.796864163126773, 0.5847536333017607]","[-8.1875, 1.875, 5.125]","[0.0341796875, 0.90625, -0.326171875]"
34417091290,"std_msgs.msg.Header(stamp=builtin_interfaces.msg.Time(sec=1730346089, nanosec=136795561), frame_id='RL_myo')","geometry_msgs.msg.Quaternion(x=0.09179925229685507, y=0.12256176769420545, z=0.7954307552743453, w=0.5863799313935417)",[0. 0. 0. 0. 0. 0. 0. 0. 0.],"geometry_msgs.msg.Vector3(x=-17.75, y=-6.875, z=2.75)",[0. 0. 0. 0. 0. 0. 0. 0. 0.],"geometry_msgs.msg.Vector3(x=-0.0234375, y=1.01806640625, z=-0.3916015625)",[0. 0. 0. 0. 0. 0. 0. 0. 0.],False,34.41709129,"[0.09179925229685507, 0.12256176769420545, 0.7954307552743453, 0.5863799313935417]","[-17.75, -6.875, 2.75]","[-0.0234375, 1.01806640625, -0.3916015625]"
34433559562,"std_msgs.msg.Header(stamp=builtin_interfaces.msg.Time(sec=1730346089, nanosec=153294986), frame_id='RL_myo')","geometry_msgs.msg.Quaternion(x=0.09265488484448199, y=0.12469955845670402, z=0.7919612192734874, w=0.5904765190945447)",[0. 0. 0. 0. 0. 0. 0. 0. 0.],"geometry_msgs.msg.Vector3(x=-32.9375, y=-11.0625, z=7.5)",[0. 0. 0. 0. 0. 0. 0. 0. 0.],"geometry_msgs.msg.Vector3(x=0.0556640625, y=1.08740234375, z=-0.36865234375)",[0. 0. 0. 0. 0. 0. 0. 0. 0.],False,34.433559562,"[0.09265488484448199, 0.12469955845670402, 0.7919612192734874, 0.5904765190945447]","[-32.9375, -11.0625, 7.5]","[0.0556640625, 1.08740234375, -0.36865234375]"
34456095947,"std_msgs.msg.Header(stamp=builtin_interfaces.msg.Time(sec=1730346089, nanosec=175873629), frame_id='RL_myo')","geometry_msgs.msg.Quaternion(x=0.09393728423886373, y=0.12622631826248876, z=0.7858625955655429, w=0.5980490649593156)",[0. 0. 0. 0. 0. 0. 0. 0. 0.],"geometry_msgs.msg.Vector3(x=-66.1875, y=-9.1875, z=9.625)",[0. 0. 0. 0. 0. 0. 0. 0. 0.],"geometry_msgs.msg.Vector3(x=0.02490234375, y=1.05712890625, z=-0.45751953125)",[0. 0. 0. 0. 0. 0. 0. 0. 0.],False,34.456095947,"[0.09393728423886373, 0.12622631826248876, 0.7858625955655429, 0.5980490649593156]","[-66.1875, -9.1875, 9.625]","[0.02490234375, 1.05712890625, -0.45751953125]"
34477190912,"std_msgs.msg.Header(stamp=builtin_interfaces.msg.Time(sec=1730346089, nanosec=196874134), frame_id='RL_myo')","geometry_msgs.msg.Quaternion(x=0.09619530577375196, y=0.12805694892977895, z=0.7780466768388428, w=0.6074464994037941)",[0. 0. 0. 0. 0. 0. 0. 0. 0.],"geometry_msgs.msg.Vector3(x=-75.25, y=-15.5, z=5.6875)",[0. 0. 0. 0. 0. 0. 0. 0. 0.],"geometry_msgs.msg.Vector3(x=0.08837890625, y=1.33203125, z=-0.41015625)",[0. 0. 0. 0. 0. 0. 0. 0. 0.],False,34.477190912,"[0.09619530577375196, 0.12805694892977895, 0.7780466768388428, 0.6074464994037941]","[-75.25, -15.5, 5.6875]","[0.08837890625, 1.33203125, -0.41015625]"
34492667715,"std_msgs.msg.Header(stamp=builtin_interfaces.msg.Time(sec=1730346089, nanosec=212564857), frame_id='RL_myo')","geometry_msgs.msg.Quaternion(x=0.10083162759862713, y=0.1265888593459762, z=0.7656978015888483, w=0.6225071246237277)",[0. 0. 0. 0. 0. 0. 0. 0. 0.],"geometry_msgs.msg.Vector3(x=-113.75, y=-11.9375, z=-8.5625)",[0. 0. 0. 0. 0. 0. 0. 0. 0.],"geometry_msgs.msg.Vector3(x=0.1865234375, y=1.41748046875, z=-0.26123046875)",[0. 0. 0. 0. 0. 0. 0. 0. 0.],False,34.492667715,"[0.10083162759862713, 0.1265888593459762, 0.7656978015888483, 0.6225071246237277]","[-113.75, -11.9375, -8.5625]","[0.1865234375, 1.41748046875, -0.26123046875]"
34516036714,"std_msgs.msg.Header(stamp=builtin_interfaces.msg.Time(sec=1730346089, nanosec=235770494), frame_id='RL_myo')","geometry_msgs.msg.Quaternion(x=0.10486435641249074, y=0.12189413257028173, z=0.7498594985607967, w=0.6417600950645679)",[0. 0. 0. 0. 0. 0. 0. 0. 0.],"geometry_msgs.msg.Vector3(x=-148.5625, y=3.4375, z=-14.75)",[0. 0. 0. 0. 0. 0. 0. 0. 0.],"geometry_msgs.msg.Vector3(x=0.13671875, y=1.25537109375, z=-0.31396484375)",[0. 0. 0. 0. 0. 0. 0. 0. 0.],False,34.516036714,"[0.10486435641249074, 0.12189413257028173, 0.7498594985607967, 0.6417600950645679]","[-148.5625, 3.4375, -14.75]","[0.13671875, 1.25537109375, -0.31396484375]"
34538532983,"std_msgs.msg.Header(stamp=builtin_interfaces.msg.Time(sec=1730346089, nanosec=258297391), frame_id='RL_myo')","geometry_msgs.msg.Quaternion(x=0.10797675177854052, y=0.11524030941655428, z=0.7339245129367842, w=0.6606175152623766)",[0. 0. 0. 0. 0. 0. 0. 0. 0.],"geometry_msgs.msg.Vector3(x=-148.25, y=14.375, z=-19.625)",[0. 0. 0. 0. 0. 0. 0. 0. 0.],"geometry_msgs.msg.Vector3(x=0.12060546875, y=1.21533203125, z=-0.26123046875)",[0. 0. 0. 0. 0. 0. 0. 0. 0.],False,34.538532983,"[0.10797675177854052, 0.11524030941655428, 0.7339245129367842, 0.6606175152623766]","[-148.25, 14.375, -19.625]","[0.12060546875, 1.21533203125, -0.26123046875]"
34552994747,"std_msgs.msg.Header(stamp=builtin_interfaces.msg.Time(sec=1730346089, nanosec=272695138), frame_id='RL_myo')","geometry_msgs.msg.Quaternion(x=0.10993205431601723, y=0.10626968715390672, z=0.7214252914830692, w=0.6754015441458805)",[0. 0. 0. 0. 0. 0. 0. 0. 0.],"geometry_msgs.msg.Vector3(x=-118.9375, y=27.5625, z=-30.6875)",[0. 0. 0. 0. 0. 0. 0. 0. 0.],"geometry_msgs.msg.Vector3(x=0.15380859375, y=1.1005859375, z=-0.21728515625)",[0. 0. 0. 0. 0. 0. 0. 0. 0.],False,34.552994747,"[0.10993205431601723, 0.10626968715390672, 0.7214252914830692, 0.6754015441458805]","[-118.9375, 27.5625, -30.6875]","[0.15380859375, 1.1005859375, -0.21728515625]"
34576083018,"std_msgs.msg.Header(stamp=builtin_interfaces.msg.Time(sec=1730346089, nanosec=295825989), frame_id='RL_myo')","geometry_msgs.msg.Quaternion(x=0.10907184326278245, y=0.0961321506093354, z=0.7152232005334553, w=0.6836064043330518)",[0. 0. 0. 0. 0. 0. 0. 0. 0.],"geometry_msgs.msg.Vector3(x=-76.6875, y=42.8125, z=-42.8125)",[0. 0. 0. 0. 0. 0. 0. 0. 0.],"geometry_msgs.msg.Vector3(x=0.1611328125, y=1.0, z=-0.22314453125)",[0. 0. 0. 0. 0. 0. 0. 0. 0.],False,34.576083018,"[0.10907184326278245, 0.0961321506093354, 0.7152232005334553, 0.6836064043330518]","[-76.6875, 42.8125, -42.8125]","[0.1611328125, 1.0, -0.22314453125]"
34597101828,"std_msgs.msg.Header(stamp=builtin_interfaces.msg.Time(sec=1730346089, nanosec=316835461), frame_id='RL_myo')","geometry_msgs.msg.Quaternion(x=0.1066369586678807, y=0.08393006191662047, z=0.7154503677997881, w=0.6853576255998652)",[0. 0. 0. 0. 0. 0. 0. 0. 0.],"geometry_msgs.msg.Vector3(x=-29.1875, y=57.8125, z=-56.1875)",[0. 0. 0. 0. 0. 0. 0. 0. 0.],"geometry_msgs.msg.Vector3(x=0.2041015625, y=0.97509765625, z=-0.26904296875)",[0. 0. 0. 0. 0. 0. 0. 0. 0.],False,34.597101828,"[0.1066369586678807, 0.08393006191662047, 0.7154503677997881, 0.6853576255998652]","[-29.1875, 57.8125, -56.1875]","[0.2041015625, 0.97509765625, -0.26904296875]"
34612997967,"std_msgs.msg.Header(stamp=builtin_interfaces.msg.Time(sec=1730346089, nanosec=332782307), frame_id='RL_myo')","geometry_msgs.msg.Quaternion(x=0.1035220528230903, y=0.06891297030499348, z=0.7200764487936299, w=0.6826595747484917)",[0. 0. 0. 0. 0. 0. 0. 0. 0.],"geometry_msgs.msg.Vector3(x=6.125, y=71.375, z=-73.875)",[0. 0. 0. 0. 0. 0. 0. 0. 0.],"geometry_msgs.msg.Vector3(x=0.24072265625, y=1.0322265625, z=-0.26220703125)",[0. 0. 0. 0. 0. 0. 0. 0. 0.],False,34.612997967,"[0.1035220528230903, 0.06891297030499348, 0.7200764487936299, 0.6826595747484917]","[6.125, 71.375, -73.875]","[0.24072265625, 1.0322265625, -0.26220703125]"
34636526773,"std_msgs.msg.Header(stamp=builtin_interfaces.msg.Time(sec=1730346089, nanosec=356033033), frame_id='RL_myo')","geometry_msgs.msg.Quaternion(x=0.10034828129169601, y=0.05078453165127195, z=0.725815944549609, w=0.6786327198303383)",[0. 0. 0. 0. 0. 0. 0. 0. 0.],"geometry_msgs.msg.Vector3(x=22.9375, y=84.5, z=-89.625)",[0. 0. 0. 0. 0. 0. 0. 0. 0.],"geometry_msgs.msg.Vector3(x=0.2451171875, y=1.03564453125, z=-0.150390625)",[0. 0. 0. 0. 0. 0. 0. 0. 0.],False,34.636526773,"[0.10034828129169601, 0.05078453165127195, 0.725815944549609, 0.6786327198303383]","[22.9375, 84.5, -89.625]","[0.2451171875, 1.03564453125, -0.150390625]"
34658559217,"std_msgs.msg.Header(stamp=builtin_interfaces.msg.Time(sec=1730346089, nanosec=378340146), frame_id='RL_myo')","geometry_msgs.msg.Quaternion(x=0.09772044705105723, y=0.02746670903995987, z=0.7307365347253324, w=0.6750706710710137)",[0. 0. 0. 0. 0. 0. 0. 0. 0.],"geometry_msgs.msg.Vector3(x=19.4375, y=102.75, z=-97.0)",[0. 0. 0. 0. 0. 0. 0. 0. 0.],"geometry_msgs.msg.Vector3(x=0.2822265625, y=0.92919921875, z=-0.17236328125)",[0. 0. 0. 0. 0. 0. 0. 0. 0.],False,34.658559217,"[0.09772044705105723, 0.02746670903995987, 0.7307365347253324, 0.6750706710710137]","[19.4375, 102.75, -97.0]","[0.2822265625, 0.92919921875, -0.17236328125]"
34672824377,"std_msgs.msg.Header(stamp=builtin_interfaces.msg.Time(sec=1730346089, nanosec=392635564), frame_id='RL_myo')","geometry_msgs.msg.Quaternion(x=0.09393862624595363, y=0.0010986973829936097, z=0.7357610141447207, w=0.6706937135740991)",[0. 0. 0. 0. 0. 0. 0. 0. 0.],"geometry_msgs.msg.Vector3(x=21.0625, y=118.9375, z=-106.375)",[0. 0. 0. 0. 0. 0. 0. 0. 0.],"geometry_msgs.msg.Vector3(x=0.32177734375, y=0.8525390625, z=-0.20751953125)",[0. 0. 0. 0. 0. 0. 0. 0. 0.],False,34.672824377,"[0.09393862624595363, 0.0010986973829936097, 0.7357610141447207, 0.6706937135740991]","[21.0625, 118.9375, -106.375]","[0.32177734375, 0.8525390625, -0.20751953125]"
