Timestamp,panda_joint1_position,panda_joint2_position,panda_joint3_position,panda_joint4_position,panda_joint5_position,panda_joint6_position,panda_joint7_position,panda_finger_joint1_position,panda_finger_joint2_position,panda_joint1_velocity,panda_joint2_velocity,panda_joint3_velocity,panda_joint4_velocity,panda_joint5_velocity,panda_joint6_velocity,panda_joint7_velocity,panda_finger_joint1_velocity,panda_finger_joint2_velocity,panda_joint1_effort,panda_joint2_effort,panda_joint3_effort,panda_joint4_effort,panda_joint5_effort,panda_joint6_effort,panda_joint7_effort,panda_finger_joint1_effort,panda_finger_joint2_effort
1730046228.901775,-0.0001887630324507,-0.7848826787353776,-0.001364490940925,-2.3563401788795866,0.0022720278957649,1.566754486162328,0.7946812006420496,0.040778998285532,0.040778998285532,0.0005754654777085,-0.0001034729666459,-0.0026822265458342,-0.0006501965586841,8.483392396941025e-05,-0.0005205185677166,0.0010589976077216,0.0,0.0,-0.0876475423574447,-4.174012660980225,-0.6087624430656433,22.121925354003903,0.564034640789032,2.424589157104492,-0.1556421965360641,0.0,0.0
1730046228.935105,-0.000189088790462,-0.784886984906544,-0.0013638810117588,-2.356337431943777,0.0022722176879156,1.5667567753723304,0.7946733203646386,0.040778998285532,0.040778998285532,-0.0001711305384689,-0.0002456578392514,0.0024568050759692,0.0004124543813791,-0.0002215773231474,0.0002874788567821,-0.0018134394753734,0.0,0.0,-0.0519419759511947,-4.138307094573975,-0.5730568766593933,22.086219787597656,0.564034640789032,2.394376754760742,-0.0851465910673141,0.0,0.0
1730046228.9685245,-0.0001891577058121,-0.7848841540630207,-0.0013613857507057,-2.356332969800333,0.0022729395053544,1.5667554757560869,0.7946700894951305,0.040778998285532,0.040778998285532,-0.0007154822071806,-0.0008265638602377,-0.0003010755298141,0.0014199932253787,6.936166801573048e-05,-0.0001696647812293,-0.0030340065380469,0.0,0.0,-0.0519419759511947,-4.138307094573975,-0.6484352946281433,22.050514221191406,0.564034640789032,2.414518356323242,-0.0640894621610641,0.0,0.0
1730046229.001799,-0.0001912856802996,-0.7848837679639682,-0.0013613564972031,-2.356332731610631,0.0022752104045985,1.5667576956030462,0.7946769609735673,0.040778998285532,0.040778998285532,-0.0002936160441866,0.0002986650102569,0.0004043618811364,0.0017872463514946,0.000152642008544,-0.0007356647800983,0.0007722066695125,0.0,0.0,-0.0519419759511947,-4.174012660980225,-0.6484352946281433,22.050514221191406,0.564034640789032,2.424589157104492,-0.1556421965360641,0.0,0.0
1730046229.035104,-0.0001887545606296,-0.7848847593958593,-0.0013589384406564,-2.3563427485963024,0.0022765477791121,1.566758771896366,0.7946703108937898,0.040778998285532,0.040778998285532,-0.0007111599481586,0.0006396454013789,0.0010341576632319,-0.0015965124502586,0.0004130389996369,0.000437828420992,-0.0008811692606029,0.0,0.0,-0.0876475423574447,-4.174012660980225,-0.6841408610343933,22.161598205566406,0.554879367351532,2.394376754760742,-0.0851465910673141,0.0,0.0
1730046229.0684383,-0.0001841268530365,-0.784884707403018,-0.0013643889634151,-2.3563373530571705,0.0022743344373596,1.5667558275152136,0.7946790460893609,0.0407796576619148,0.0407796576619148,0.0017014995586027,0.0005846845213782,-0.0011458119864068,0.0001288723588957,0.0005720467428599,-0.000209884754666,-4.545990592521022e-05,0.0,0.0,-0.1233531087636947,-4.174012660980225,-0.6087624430656433,22.086219787597656,0.554879367351532,2.414518356323242,-0.1355005949735641,0.0,0.0
1730046229.1017778,-0.0001881332220702,-0.784884959967949,-0.0013644377579785,-2.356338398179311,0.0022723483398578,1.5667543684633345,0.7946755669860942,0.0407796576619148,0.0407796576619148,0.0005303083704973,-0.0001966338714299,0.001417973350223,-0.0007912758549945,0.0002793435257634,-0.0005208757523472,-0.0014771362090526,0.0,0.0,-0.0519419759511947,-4.138307094573975,-0.6841408610343933,22.121925354003903,0.564034640789032,2.424589157104492,-0.1052881926298141,0.0,0.0
1730046229.1351051,-0.000190269290337,-0.78488628603468,-0.0013612287409324,-2.356340124132237,0.0022734412725168,1.5667577122605223,0.7946727794345237,0.0407796576619148,0.0407796576619148,5.905111215655603e-05,-8.274886496998302e-05,0.0012956208550248,-0.000523382930798,0.0001226611123204,0.0003274639336775,-0.0011094554405602,0.0,0.0,-0.0519419759511947,-4.138307094573975,-0.6841408610343933,22.121925354003903,0.564034640789032,2.394376754760742,-0.0851465910673141,0.0,0.0
1730046229.168478,-0.0001905092576051,-0.784890084214706,-0.0013630220793208,-2.356335975276756,0.0022751709607052,1.5667565932804424,0.7946771957492789,0.0407796576619148,0.0407796576619148,-0.0004088082729377,-0.0008742423802546,0.0002089362218394,0.0002339054057349,0.0001271995860654,7.370745311789884e-05,-0.0008128997291177,0.0,0.0,-0.0519419759511947,-4.098634243011475,-0.6484352946281433,22.086219787597656,0.564034640789032,2.404447555541992,-0.1153589934110641,0.0,0.0
1730046229.201783,-0.0001838366088503,-0.7848893822057682,-0.0013635649157123,-2.3563401024176653,0.0022720671051224,1.5667556051280322,0.7946781565587465,0.0407796576619148,0.0407796576619148,0.0017166670723488,-0.0007570158615818,-1.0638924463165943e-05,4.350283107449409e-05,-0.000397540945939,1.5537817946202073e-05,-0.0003140189572039,0.0,0.0,-0.1233531087636947,-4.098634243011475,-0.6484352946281433,22.121925354003903,0.573189914226532,2.414518356323242,-0.1254297941923141,0.0,0.0
1730046229.2351058,-0.0001866495026807,-0.784889826231699,-0.0013660407931032,-2.3563298379869,0.0022752325698927,1.5667543553275305,0.7946771565071831,0.0407796576619148,0.0407796576619148,0.0001943960076295,-0.002468950486437,-0.0013342001423356,0.0020717637522816,-0.000575386147673,-0.0006015971420961,-0.0012581699996349,0.0,0.0,-0.0876475423574447,-4.058961391448975,-0.5730568766593933,22.010841369628903,0.573189914226532,2.424589157104492,-0.1153589934110641,0.0,0.0
1730046229.2684336,-0.0001883660636142,-0.7848845514034014,-0.0013637546227644,-2.35634287985216,0.0022711946042312,1.5667586580642747,0.7946814778973054,0.040778998285532,0.040778998285532,0.0007166742440409,0.0011429438923549,-0.0001696110559385,-0.0013920250803832,-0.000298433378445,-0.0002697739187581,0.0012876915429367,0.0,0.0,-0.0519419759511947,-4.174012660980225,-0.6087624430656433,22.161598205566406,0.573189914226532,2.414518356323242,-0.1666285246610641,0.0,0.0
1730046229.301835,-0.0001865715263907,-0.7848872872811388,-0.0013609810033143,-2.356340655178944,0.0022719063933366,1.5667554743025047,0.794670723858665,0.040778998285532,0.040778998285532,0.0007341394757141,-0.0004790324430533,0.0007925315885545,-0.0013076553310833,-0.000252200708003,-0.0001973222276455,-0.001274765407607,0.0,0.0,-0.0876475423574447,-4.138307094573975,-0.6841408610343933,22.161598205566406,0.573189914226532,2.414518356323242,-0.0952173918485641,0.0,0.0
1730046229.335102,-0.0001877405506572,-0.7848870532655959,-0.0013620436648568,-2.356337949432063,0.0022752251957868,1.5667565932811098,0.7946771225986099,0.040778998285532,0.040778998285532,0.0007484359156561,-0.0005573591571643,-0.0015945141485658,0.000185488225321,1.2209429196958514e-05,0.0003408460001918,-0.0006643784364522,0.0,0.0,-0.0876475423574447,-4.138307094573975,-0.6087624430656433,22.121925354003903,0.564034640789032,2.404447555541992,-0.1254297941923141,0.0,0.0
1730046229.3684542,-0.0001909255805638,-0.7848799044121909,-0.0013613911589594,-2.356337377145089,0.0022764294878071,1.5667608911728426,0.7946703645598958,0.040778998285532,0.040778998285532,-0.0010002548139182,0.00207281089919,0.0002619920872827,0.0006876254528151,0.00021179808329,0.0006148756119042,-0.0018553518675128,0.0,0.0,-0.0122691243886947,-4.213685512542725,-0.6484352946281433,22.086219787597656,0.554879367351532,2.394376754760742,-0.0952173918485641,0.0,0.0
1730046229.401801,-0.0001831180312916,-0.7848869621002525,-0.0013612204654935,-2.356336131069989,0.0022719048862884,1.566755550627532,0.7946795564113948,0.040778998285532,0.040778998285532,0.0015849908346217,-0.0005278264635651,0.0004339437284879,0.0001280448037486,-9.60668869079586e-05,-0.0005976303824332,0.000983883683032,0.0,0.0,-0.1233531087636947,-4.138307094573975,-0.6087624430656433,22.086219787597656,0.573189914226532,2.424589157104492,-0.1666285246610641,0.0,0.0
1730046229.4351065,-0.0001859518280787,-0.7848872703004576,-0.0013610588935512,-2.35633872285337,0.0022728756392178,1.5667576660011149,0.794681204860863,0.040778998285532,0.040778998285532,0.0012142157059901,-0.0003765789756636,0.0014698580590261,-0.0004758606975794,0.0004151284466525,0.0001934397413959,0.0002734279543016,0.0,0.0,-0.0876475423574447,-4.138307094573975,-0.6841408610343933,22.121925354003903,0.554879367351532,2.404447555541992,-0.1556421965360641,0.0,0.0
1730046229.468525,-0.000186624121964,-0.7848900726601085,-0.0013644539469493,-2.3563384138047647,0.002276474433988,1.566757834518624,0.7946797177979178,0.040778998285532,0.040778998285532,0.0004348475743929,-0.0011501146330768,-0.0010348305507567,0.000599346961764,-0.0029177373882213,0.0008158621106855,0.0019369886503591,0.0,0.0,-0.0876475423574447,-4.098634243011475,-0.6087624430656433,22.086219787597656,0.564034640789032,2.394376754760742,-0.1666285246610641,0.0,0.0
1730046229.5017698,-0.0001834646546605,-0.7848824544515285,-0.0013658063444486,-2.3563323014337274,0.0022752239490763,1.5667547216731368,0.7946800408156315,0.040778998285532,0.040778998285532,0.002128773040615,0.0004495708242377,-0.0007099457300989,0.0025040913308926,-0.000347645490618,-0.0003727093268736,-0.000151353168282,0.0,0.0,-0.1630259603261947,-4.174012660980225,-0.6087624430656433,22.010841369628903,0.573189914226532,2.424589157104492,-0.1455713957548141,0.0,0.0
1730046229.5351086,-0.0001863990843667,-0.7848869621357175,-0.0013655624318711,-2.3563401873713388,0.002273453142756,1.5667566523251115,0.7946760815486408,0.040778998285532,0.040778998285532,0.0015770516145457,-0.0003191911709718,-0.0008125502939571,0.0004829957742342,0.0001701433108583,-0.0001104491561986,-0.001002406385817,0.0,0.0,-0.0876475423574447,-4.138307094573975,-0.6087624430656433,22.121925354003903,0.564034640789032,2.414518356323242,-0.1052881926298141,0.0,0.0
1730046229.5684378,-0.0001865744507208,-0.7848838583685936,-0.0013641667923673,-2.356337876498284,0.0022729796344441,1.5667565932804506,0.7946707196770091,0.0407793298363685,0.0407793298363685,0.000394348691183,0.000807364519561,-0.0007162150015822,0.0009751946864312,0.0001337983435147,0.0002623839618663,-0.0005648535026207,0.0,0.0,-0.0876475423574447,-4.174012660980225,-0.6087624430656433,22.121925354003903,0.564034640789032,2.404447555541992,-0.0952173918485641,0.0,0.0
1730046229.60177,-0.000188141849559,-0.7848872654855507,-0.0013614734285601,-2.356335200961697,0.0022746099033564,1.566756632689727,0.7946758475220944,0.0407793298363685,0.0407793298363685,-0.0004256125858207,-0.0006639040003322,0.0024760979014709,0.0004939201625358,-0.0009752796732114,0.0002694665082671,0.0015412102987402,0.0,0.0,-0.0519419759511947,-4.138307094573975,-0.6484352946281433,22.086219787597656,0.582345187664032,2.404447555541992,-0.1455713957548141,0.0,0.0
1730046229.635111,-0.0001884380952647,-0.7848900495134778,-0.0013638013234419,-2.356333444940347,0.0022729416201461,1.566756593441874,0.7946680160140789,0.0407793298363685,0.0407793298363685,0.0010652942818634,-0.0011080479213607,-0.0005765281778407,0.0010298951439078,3.975719532681637e-05,0.0001250231096365,-0.0024745390011226,0.0,0.0,-0.0876475423574447,-4.098634243011475,-0.6484352946281433,22.050514221191406,0.564034640789032,2.404447555541992,-0.0741602629423141,0.0,0.0
1730046229.668438,-0.0001912592810443,-0.7848817760707614,-0.0013655604988343,-2.3563383419527417,0.002274300670093,1.5667601400028102,0.7946768620630179,0.0407793298363685,0.0407793298363685,-0.000505064984475,0.0016309671640869,-0.0008830737096507,0.0005262196467099,0.0005238076837466,0.0001885669532877,0.0002139481157215,0.0,0.0,-0.0519419759511947,-4.213685512542725,-0.6087624430656433,22.086219787597656,0.554879367351532,2.404447555541992,-0.1455713957548141,0.0,0.0
1730046229.7017703,-0.0001877316928458,-0.7848871929452178,-0.0013612956295704,-2.3563402127524737,0.0022702349972388,1.566757753442157,0.7946823855630757,0.040779985487461,0.040779985487461,0.0004878235409708,-0.0002225277119093,0.001406987430901,0.0001432393489167,-0.0006686622514809,0.0006984511248889,0.0013580994601121,0.0,0.0,-0.0876475423574447,-4.138307094573975,-0.6841408610343933,22.121925354003903,0.582345187664032,2.394376754760742,-0.1666285246610641,0.0,0.0
1730046229.7351096,-0.000190588033973,-0.7848847944870091,-0.001363271133572,-2.356343737256927,0.0022702315635985,1.5667556094827515,0.7946771810513863,0.040779985487461,0.040779985487461,-0.0001738072057555,-5.595915650948832e-05,-0.0006737219916309,-0.001772664916854,-0.0006972342857081,-0.0001982174322255,-0.0012453206094699,0.0,0.0,-0.0519419759511947,-4.174012660980225,-0.6087624430656433,22.161598205566406,0.582345187664032,2.414518356323242,-0.1153589934110641,0.0,0.0
1730046229.7684398,-0.0001905847708172,-0.7848872645007917,-0.0013665866793998,-2.356335150737887,0.0022781674788058,1.56675470870107,0.7946692676247215,0.040779985487461,0.040779985487461,-0.0004493496938438,-0.0016208086172362,-0.0007591154049572,0.0010694624141904,0.0001438813985271,-0.0006767436255924,-0.0020986194959169,0.0,0.0,-0.0519419759511947,-4.098634243011475,-0.6087624430656433,22.086219787597656,0.545724093914032,2.424589157104492,-0.0741602629423141,0.0,0.0
1730046229.801775,-0.0001882168987824,-0.7848796617402589,-0.00135817768454,-2.3563433844118102,0.0022764833411288,1.566757551681705,0.7946800734838135,0.040779985487461,0.040779985487461,0.0005808214982625,0.0008959551187277,0.0012122252543135,-0.0013793512061032,0.0003160462428879,-0.0007106904788538,4.876902741077265e-05,0.0,0.0,-0.0519419759511947,-4.213685512542725,-0.6841408610343933,22.161598205566406,0.554879367351532,2.424589157104492,-0.1455713957548141,0.0,0.0
1730046229.8351045,-0.0001878444988497,-0.7848872886009859,-0.0013582211109485,-2.3563386922157283,0.0022708531304554,1.566759006431817,0.7946724512893507,0.040779985487461,0.040779985487461,0.0002503609230827,-7.836919191180105e-05,0.001314568054614,-0.0003473404895999,-5.8115588750539005e-05,-0.0002981830717279,-0.000756667947713,0.0,0.0,-0.0876475423574447,-4.138307094573975,-0.6841408610343933,22.121925354003903,0.573189914226532,2.414518356323242,-0.1153589934110641,0.0,0.0
1730046229.868438,-0.0001888521725741,-0.7848847945023384,-0.0013609956019958,-2.356339873944535,0.0022713629280476,1.5667597274503404,0.7946725543453957,0.040779985487461,0.040779985487461,0.0001084451418749,0.0006633846210728,0.0001387780068638,0.001072181752867,-0.0007306215784009,-3.68674778496862e-05,-0.0003215623049765,0.0,0.0,-0.0519419759511947,-4.174012660980225,-0.6484352946281433,22.121925354003903,0.582345187664032,2.414518356323242,-0.1153589934110641,0.0,0.0
1730046229.9017675,-0.0001910235238087,-0.7848845572534553,-0.0013616311525146,-2.35634264131229,0.0022734317274108,1.5667608912324418,0.7946802111469137,0.0407786704599857,0.0407786704599857,-0.0007980860900898,0.0010952982922564,-0.0001727633020934,-0.0009707845700447,-0.0008744806534271,0.000600223496966,0.001208608825855,0.0,0.0,-0.0519419759511947,-4.174012660980225,-0.6484352946281433,22.161598205566406,0.582345187664032,2.394376754760742,-0.1556421965360641,0.0,0.0
1730046229.9351058,-0.0001877392876471,-0.7848824506049282,-0.0013613668809516,-2.356332975796555,0.0022744388787135,1.5667578430784443,0.7946794232947277,0.0407786704599857,0.0407786704599857,0.0001885311586652,0.0004553118262886,0.0004074718659904,0.0017646168111092,-0.0004678733762792,0.000764475203266,-0.0006111088738187,0.0,0.0,-0.0876475423574447,-4.174012660980225,-0.6484352946281433,22.050514221191406,0.582345187664032,2.394376754760742,-0.1355005949735641,0.0,0.0
1730046229.9684594,-0.0001862769665217,-0.7848798667488422,-0.001365559520011,-2.356338447459174,0.0022752248190989,1.5667577708175768,0.7946807789723824,0.0407786704599857,0.0407786704599857,0.00104718145837,0.0014907396518132,-0.001036090719726,-0.0005929752979505,-0.0001994289929931,0.0004782441651926,0.0021778838525124,0.0,0.0,-0.1233531087636947,-4.213685512542725,-0.6087624430656433,22.121925354003903,0.573189914226532,2.404447555541992,-0.1766993254423141,0.0,0.0
1730046230.0017047,-0.0001857118927419,-0.7848847652794072,-0.0013615933357856,-2.3563309356434567,0.0022740643546876,1.566754355809156,0.7946737098142386,0.0407786704599857,0.0407786704599857,0.001007296449932,0.0005324626826356,-7.270735824055405e-05,0.001946943184308,0.0008912982377848,-0.0006974949402105,-0.0003382311645867,0.0,0.0,-0.0876475423574447,-4.174012660980225,-0.6484352946281433,22.010841369628903,0.545724093914032,2.424589157104492,-0.1254297941923141,0.0,0.0
1730046230.035145,-0.0001891285283602,-0.7848847931832269,-0.0013628937021639,-2.356338081462208,0.0022723827204965,1.5667554743085597,0.7946728043638088,0.040778998285532,0.040778998285532,-0.0003273417508589,0.0002949765207137,5.292949047939229e-05,0.000965511166602,-0.0001051480131452,-0.0003827223550191,-0.0004892059984177,0.0,0.0,-0.0519419759511947,-4.174012660980225,-0.6484352946281433,22.086219787597656,0.573189914226532,2.414518356323242,-0.1153589934110641,0.0,0.0
1730046230.0684762,-0.0001859418130536,-0.7848798754869506,-0.0013606741717525,-2.3563378797149706,0.0022723842388178,1.566757713873297,0.794676913972552,0.040778998285532,0.040778998285532,0.0002320974741253,0.0021864728309597,9.219948092671156e-05,-0.0006184379632657,-0.0002082067501933,0.0007515619621827,0.0007256464025707,0.0,0.0,-0.0876475423574447,-4.213685512542725,-0.6484352946281433,22.121925354003903,0.564034640789032,2.394376754760742,-0.1556421965360641,0.0,0.0
1730046230.101831,-0.0001887534111944,-0.7848795910122437,-0.0013630389623763,-2.356341421336702,0.0022722120198592,1.5667598158012728,0.7946816226707777,0.040778998285532,0.040778998285532,0.0004191519852927,0.0019536169871959,-0.0001348568993147,-0.0008997436127798,-6.646123036370503e-07,0.000518861128195,0.0008431741679441,0.0,0.0,-0.0876475423574447,-4.213685512542725,-0.6484352946281433,22.161598205566406,0.564034640789032,2.404447555541992,-0.1556421965360641,0.0,0.0
1730046230.1351109,-0.0001817635055986,-0.7848847684906566,-0.0013292206115851,-2.3563410109851803,0.0023305236383169,1.566747117581988,0.7947747086576366,0.040778998285532,0.040778998285532,0.0033119660255074,0.0004800708781972,0.0100969470961926,-0.0026099307633834,4.615827310756567e-05,-0.0015763228913861,0.0041593349328255,0.0,0.0,0.1741932779550552,-4.174012660980225,-0.1564919501543045,22.197303771972656,0.690377414226532,2.374235153198242,-0.1153589934110641,0.0,0.0
1730046230.1684198,-9.296749632965676e-05,-0.7848851694893338,-0.0008108817483613,-2.3563267350193597,0.0029110206337649,1.5666304496806278,0.796120578787361,0.040778998285532,0.040778998285532,0.0012852840136986,-0.0003725989705868,0.0302309229467303,0.0038889440366509,0.0265186785698467,-0.0077000597602918,0.0460067561422642,0.0,0.0,0.773253321647644,-4.213685512542725,0.7480490803718567,22.23697662353516,0.852425754070282,2.374235153198242,-0.0338770598173141,0.0,0.0
1730046230.2017138,0.0003921433162854,-0.7848789558105944,0.0008022165611093,-2.3562396979774545,0.0043583629539153,1.5661181705943494,0.7981051099384828,0.040778998285532,0.040778998285532,0.0194753317783246,0.0008055345449792,0.0609590562338072,0.0078360289543332,0.0519038727286995,-0.0103239084914827,0.0685141920884567,0.0,0.0,1.336607813835144,-4.439820766448975,1.275697946548462,22.947120666503903,1.0419399738311768,2.364164352416992,0.0576756745576858,0.0,0.0
1730046230.2351086,0.0015542106446788,-0.7848814682492806,0.0035548337696361,-2.3558433090659125,0.0064102253775805,1.565404544191108,0.8016036034799167,0.0407793298363685,0.0407793298363685,0.0419208427185582,-0.000213568216945,0.1027525490853549,0.0183094707208406,0.0601717781761735,-0.0269968684671275,0.1273096828165322,0.0,0.0,1.146178126335144,-4.630250453948975,1.124941110610962,23.320045471191406,1.1499722003936768,2.384305953979492,0.1190160065889358,0.0,0.0
1730046230.268461,0.0034129232166717,-0.7848842778518552,0.0078105994517003,-2.3547667947658817,0.0093433420899612,1.5645426778629608,0.8070682432596434,0.0407793298363685,0.0407793298363685,0.0659041169525837,-0.0006180075644085,0.1376785049046626,0.0409922904925494,0.0813332721838327,-0.0246594203765862,0.1925279696348602,0.0,0.0,1.261229395866394,-5.046815395355225,1.236025094985962,23.61759185791016,1.2488491535186768,2.374235153198242,0.1602147370576858,0.0,0.0
1730046230.3017693,0.0058343020000745,-0.7849881069303051,0.0134509188552735,-2.352992268070343,0.0131373739611402,1.5634742724717483,0.8145001522110266,0.0407793298363685,0.0407793298363685,0.0808811423992112,-0.0132178210218052,0.1885291525600369,0.0508181856886836,0.1196012240036294,-0.0269133316256926,0.2403284778290224,0.0,0.0,1.558775782585144,-5.272950649261475,1.311403512954712,23.133583068847656,1.3303310871124268,2.234159469604492,0.1391576081514358,0.0,0.0
1730046230.3351116,0.009049832213503,-0.7854293136777452,0.0204123671718512,-2.350862123227113,0.0178851457036251,1.5622889778556366,0.8224763428282855,0.0407793298363685,0.0407793298363685,0.1024861170086579,-0.0166620920576441,0.2262088583106407,0.0658360179680252,0.1710466467020196,-0.0336533994598388,0.2476058277120499,0.0,0.0,1.261229395866394,-5.312623500823975,0.5219138264656067,23.320045471191406,1.2845547199249268,2.274442672729492,0.1702855378389358,0.0,0.0
1730046230.368431,0.0129320486930772,-0.7862798344452419,0.0283346414558922,-2.348541363460975,0.0228964304902041,1.5609886412904928,0.8319237681521746,0.040778998285532,0.040778998285532,0.1112656148161672,-0.0304149378768206,0.2422096508577842,0.0680566196078005,0.1480771454006739,-0.0378832076755785,0.2708275405837752,0.0,0.0,0.360655665397644,-4.896058559417725,-1.136411428451538,22.907447814941406,1.2131435871124268,2.184720993041992,0.1702855378389358,0.0,0.0
1730046230.40177,0.0166395545181239,-0.7873989467160787,0.0360133484530957,-2.3464518322420185,0.0280126637987337,1.5597159276544568,0.8397994373592508,0.040778998285532,0.040778998285532,0.1090540394663928,-0.0332709080732171,0.2203141901118435,0.0641172798818219,0.154559353788775,-0.0413946207535521,0.2329771627302357,0.0,0.0,0.2495716959238052,-4.400147914886475,-1.437925100326538,22.907447814941406,1.1225063800811768,2.214933395385742,0.1290868073701858,0.0,0.0
1730046230.435113,0.0200815797099772,-0.7884538637538006,0.0432545455560944,-2.3441471502677222,0.0329621171272994,1.5581623551014328,0.8484771918738649,0.040778998285532,0.040778998285532,0.1030962320107009,-0.0301458195607002,0.2111824746244383,0.0705376634576338,0.1478307905920508,-0.0525190622662023,0.2811965077288659,0.0,0.0,0.285277247428894,-4.515199184417725,-1.739438772201538,22.832069396972656,1.1133511066436768,2.224088668823242,0.2316258698701858,0.0,0.0
1730046230.4684389,0.0234848294226854,-0.7894585138082517,0.0501063098913181,-2.3417018144520085,0.0377823217007119,1.556562653454806,0.8574545289101558,0.040778998285532,0.040778998285532,0.0980833903698533,-0.0295834530264514,0.2006110392051739,0.072204441604267,0.1504823991989465,-0.0516165841261702,0.2474906045007283,0.0,0.0,0.2495716959238052,-4.213685512542725,-1.477597951889038,22.947120666503903,1.1133511066436768,2.274442672729492,0.1391576081514358,0.0,0.0
1730046230.501768,0.0268730943752201,-0.7903533304704671,0.0570608774041011,-2.3390279688151434,0.0424410060836862,1.5548567030497489,0.8663057085213981,0.040778998285532,0.040778998285532,0.0993672804488505,-0.0297092881825992,0.2027159786603029,0.0767416249854067,0.1339713896281081,-0.0483834801844724,0.2763642913541647,0.0,0.0,-0.1233531087636947,-3.9835829734802246,-2.382138967514038,22.45914459228516,1.1316616535186768,2.204862594604492,0.1290868073701858,0.0,0.0
1730046230.535114,0.0298397267235004,-0.7911686503806515,0.0636230348292518,-2.336630384773284,0.0472861649218073,1.5532877592471088,0.8752267494704404,0.040778998285532,0.040778998285532,0.0875013033373705,-0.0219789606264907,0.1904979397973326,0.0709327993041216,0.1242387337593361,-0.0452503598085838,0.2388163005219414,0.0,0.0,0.511412501335144,-4.023255825042725,-1.437925100326538,22.45914459228516,1.2039883136749268,2.234159469604492,0.1290868073701858,0.0,0.0
1730046230.5684376,0.0325958510029608,-0.7918062750024019,0.0699263604352927,-2.3344957740448606,0.0518230979286341,1.5515750042840848,0.883195081035758,0.0407793298363685,0.0407793298363685,0.0860339800639494,-0.0151921903817278,0.1837333801096892,0.0607315102381183,0.1417592427650131,-0.0534179171422892,0.2592162082758877,0.0,0.0,0.547118067741394,-4.023255825042725,-1.739438772201538,22.645606994628903,1.1765224933624268,2.224088668823242,0.1391576081514358,0.0,0.0
1730046230.6017292,0.0357491553868273,-0.7922617294068804,0.0764232358290704,-2.3324510783404064,0.0568082508832067,1.5500303242275857,0.8926010486915882,0.0407793298363685,0.0407793298363685,0.0951433243029753,-0.0135650077258816,0.1870942602066124,0.054389158000585,0.1448839120335556,-0.0457490957441354,0.2866814981135429,0.0,0.0,0.737547755241394,-4.289063930511475,-1.477597951889038,22.87174224853516,1.2396938800811768,2.234159469604492,0.0787328034639358,0.0,0.0
1730046230.6351132,0.039027847789458,-0.7927861743199917,0.0830350068506547,-2.330482175337616,0.0615409271885379,1.5485861952706086,0.9007725905784026,0.0407793298363685,0.0407793298363685,0.1040390495182098,-0.016524964976967,0.1977679935176848,0.0646350740043998,0.1394967513354091,-0.0441061268486509,0.2551492733772084,0.0,0.0,0.2098988443613052,-4.249391078948975,-2.342466115951538,22.832069396972656,1.1408169269561768,2.274442672729492,0.1803563386201858,0.0,0.0
1730046230.6684785,0.0422041434172608,-0.7935368825718971,0.090046864463269,-2.3283669233616107,0.0667590897570358,1.5470137702242708,0.9102306114686884,0.040778998285532,0.040778998285532,0.090175254970448,-0.019535967918369,0.2065375132603026,0.069022192812146,0.1445799989964955,-0.0490615486219857,0.2776932725949672,0.0,0.0,0.436034083366394,-4.364442348480225,-2.040952444076538,23.133583068847656,1.1316616535186768,2.294584274291992,0.1803563386201858,0.0,0.0
1730046230.7018027,0.045313736791235,-0.7942079068706203,0.0966945759005963,-2.325987856947439,0.0714143168502924,1.5456372792849693,0.9183413778395546,0.040778998285532,0.040778998285532,0.0911744204741087,-0.0218940252729575,0.1998079176996396,0.0703093156432061,0.1452351381012935,-0.0308425155271052,0.2255119464372629,0.0,0.0,0.586790919303894,-4.138307094573975,-2.306760549545288,22.45914459228516,1.1856777667999268,2.174650192260742,0.1290868073701858,0.0,0.0
1730046230.735103,0.0485855881338232,-0.7949623060352261,0.1032585459140842,-2.3237106603303483,0.0762389296576219,1.5442448073398725,0.9269617811949844,0.040778998285532,0.040778998285532,0.1027270313610093,-0.0234359581958772,0.2050612742024944,0.0665677068755614,0.156443520780155,-0.0435738349207526,0.28684614718474,0.0,0.0,0.471739649772644,-4.098634243011475,-2.116330862045288,22.45914459228516,1.1408169269561768,2.194791793823242,0.1602147370576858,0.0,0.0
1730046230.7684393,0.0520253254744262,-0.7958689490498897,0.1098244469496164,-2.321659839139509,0.0808136077311678,1.542921288445089,0.935933675991852,0.040778998285532,0.040778998285532,0.1036929481140066,-0.0302651561858224,0.2030127434863148,0.0542347585830593,0.1201668669217996,-0.0404632754021456,0.2347232587668998,0.0,0.0,0.2098988443613052,-4.058961391448975,-2.834409475326538,22.45914459228516,1.1051113605499268,2.244230270385742,0.1501439362764358,0.0,0.0
1730046230.8017688,0.0551296026905976,-0.7968326769276737,0.1167611199691039,-2.319550354728137,0.0858524331977839,1.5413339298495032,0.9446320084032112,0.040778998285532,0.040778998285532,0.0864958972135004,-0.0216420359423649,0.2024478434737728,0.0676969744199408,0.1524920495335165,-0.0440456022592261,0.274039885793722,0.0,0.0,0.436034083366394,-4.174012660980225,-2.608274221420288,22.685279846191406,1.1765224933624268,2.214933395385742,0.1290868073701858,0.0,0.0
1730046230.8351054,0.0580952503553847,-0.7977718200277775,0.1233213335978252,-2.317401973527256,0.0905519215767143,1.539623249553534,0.9535233034278884,0.040778998285532,0.040778998285532,0.0923691846636899,-0.0294837551984875,0.1988626440827177,0.0627385353798673,0.1524920762422533,-0.0536287208930282,0.2393062603567442,0.0,0.0,0.2495716959238052,-3.947877407073975,-3.247007131576538,22.720985412597656,1.1225063800811768,2.304655075073242,0.1501439362764358,0.0,0.0
1730046230.8684402,0.0611037082758429,-0.7986748577820081,0.1298953328442975,-2.3150764384618814,0.0951883249170213,1.5379347511280017,0.9612202923812506,0.040778998285532,0.040778998285532,0.0945011043496126,-0.0265257667333837,0.2004861617714095,0.0720553737523464,0.1477474873324143,-0.0444914425762175,0.2481209374539902,0.0,0.0,0.697874903678894,-3.7177748680114746,-2.608274221420288,22.45914459228516,1.2580044269561768,2.214933395385742,0.2004979401826858,0.0,0.0
1730046230.901769,0.0644968165382027,-0.799522942196776,0.1367172962504858,-2.3126200358004745,0.1001227538291788,1.5361080684607098,0.9704900125961956,0.0407793298363685,0.0407793298363685,0.1011901165179093,-0.0256311939429799,0.2064571028728327,0.0706840215413736,0.1355213500425181,-0.0521217328737136,0.2754788067978515,0.0,0.0,0.511412501335144,-3.947877407073975,-3.322385549545288,22.685279846191406,1.1856777667999268,2.264371871948242,0.1602147370576858,0.0,0.0
1730046230.9351037,0.0676028783316824,-0.8003984705290904,0.1433800036196319,-2.310280018476724,0.1048371814321157,1.534383550664033,0.9784382748787736,0.0407793298363685,0.0407793298363685,0.0784782429431712,-0.0261460294383274,0.1988941482588762,0.0704816183947768,0.1559298689482503,-0.0515116056673633,0.23711949804335,0.0,0.0,0.622496485710144,-3.4519667625427246,-2.794736623764038,22.010841369628903,1.2039883136749268,2.194791793823242,0.2105687409639358,0.0,0.0
1730046230.9685187,0.0707278521022152,-0.8013355690335928,0.1500442455529412,-2.308213230618061,0.1097043665195762,1.5326707378754032,0.9877489309669072,0.0407793298363685,0.0407793298363685,0.092324032578561,-0.0275463735810263,0.1869304420362575,0.0581070955391255,0.1473848659601757,-0.054635787147666,0.285912212428744,0.0,0.0,0.400328516960144,-3.4162611961364746,-3.211301565170288,22.34806060791016,1.1673672199249268,2.284513473510742,0.2316258698701858,0.0,0.0
1730046231.0017695,0.0739185390483305,-0.8021455515112305,0.1565632334658187,-2.306213730965225,0.1143538366860161,1.531039413096028,0.995944354041057,0.0407793298363685,0.0407793298363685,0.0914967751229454,-0.0208893009166805,0.1978351519199959,0.0703367582726119,0.1367409703119301,-0.0486616828894479,0.2299230150951921,0.0,0.0,0.662169337272644,-3.6066908836364746,-3.211301565170288,22.756690979003903,1.2039883136749268,2.274442672729492,0.1702855378389358,0.0,0.0
1730046231.035104,0.0772193192652217,-0.8028539156116018,0.1632586933997115,-2.3040502252956654,0.1191242673798427,1.529544201751745,1.0042947472913957,0.0407793298363685,0.0407793298363685,0.1016988585878911,-0.021531715427532,0.196913423208016,0.0677246277178139,0.1274684263978926,-0.0406526559023646,0.2859401356919654,0.0,0.0,0.471739649772644,-3.5313124656677246,-3.850034475326538,22.498817443847656,1.1765224933624268,2.294584274291992,0.251767486333847,0.0,0.0
1730046231.0684369,0.0802976250792576,-0.8035310957566566,0.1700926685757436,-2.30170914856719,0.123926504944455,1.527983828035173,1.0133721498417123,0.0407793298363685,0.0407793298363685,0.0862710057042671,-0.0203338669134954,0.2094809051497648,0.0703141573192221,0.1573755810371979,-0.0492491579300961,0.2475863044367718,0.0,0.0,0.547118067741394,-3.4916396141052246,-3.588193655014038,22.34806060791016,1.1408169269561768,2.264371871948242,0.1702855378389358,0.0,0.0
1730046231.10177,0.0833539149283304,-0.804220955438921,0.1769736367464361,-2.299294125330308,0.1288357013242311,1.5266594587976663,1.0218520914371172,0.0407793298363685,0.0407793298363685,0.0852432716257106,-0.0237941805616635,0.2037132484833702,0.0657606670070101,0.1552029880383137,-0.0331898797256357,0.2665842732099682,0.0,0.0,0.324950098991394,-3.5313124656677246,-4.040463924407959,22.34806060791016,1.0959560871124268,2.254301071166992,0.2416966706514358,0.0,0.0
1730046231.135113,0.0863911870179741,-0.8049452809296392,0.1835403001170369,-2.297058611158019,0.1336409641938676,1.5253304829556689,1.031006308007698,0.0407793298363685,0.0407793298363685,0.0963150668647976,-0.0223295038034595,0.1986787685593675,0.0684991173934268,0.146498802889234,-0.0409703019866347,0.2566601901811478,0.0,0.0,0.737547755241394,-3.4162611961364746,-3.850034475326538,22.161598205566406,1.2305386066436768,2.244230270385742,0.1904271394014358,0.0,0.0
1730046231.16855,0.0898078663755998,-0.8057053235043699,0.1903020141218982,-2.2949947757996187,0.1386982914062977,1.524022042672185,1.0390674986846795,0.0407793298363685,0.0407793298363685,0.0996295946087514,-0.0210141639247111,0.2009745806644489,0.0594723948863185,0.1312009637176531,-0.0342298897095108,0.2507108897309555,0.0,0.0,0.511412501335144,-3.4519667625427246,-4.115842342376709,22.23697662353516,1.0776455402374268,2.274442672729492,0.2105687409639358,0.0,0.0
1730046231.2018063,0.092882232005646,-0.8064516537898111,0.1969447850499078,-2.292959781104089,0.1434099178562861,1.5224236099405948,1.0480079760359025,0.0407793298363685,0.0407793298363685,0.0863247731165064,-0.0236507590394095,0.2041646449942656,0.0637430332158187,0.1636004790554246,-0.0549791677724909,0.2776177481876705,0.0,0.0,0.471739649772644,-3.3012099266052246,-4.115842342376709,22.45914459228516,1.1051113605499268,2.324796676635742,0.2004979401826858,0.0,0.0
1730046231.235103,0.0959293857512441,-0.8071308602952714,0.2034409068967766,-2.2907244965512024,0.1482112837435891,1.520839032016787,1.0562197137133358,0.0407793298363685,0.0407793298363685,0.0914166554871977,-0.0167366005447546,0.1945369162999406,0.072013399829336,0.1438317460903012,-0.0502457525777232,0.2318513076288635,0.0,0.0,0.586790919303894,-3.3012099266052246,-4.453061580657959,22.312355041503903,1.1765224933624268,2.294584274291992,0.2105687409639358,0.0,0.0
1730046231.2685485,0.0990852717657898,-0.8078100474298997,0.2101764594889042,-2.288252441335828,0.1531345814995781,1.5192521183338956,1.0654462357713952,0.0407793298363685,0.0407793298363685,0.0988214609443659,-0.0210627003143058,0.2033083909699409,0.0695025552750834,0.1419856123009532,-0.0465362369412991,0.2882704001638477,0.0,0.0,0.808958888053894,-3.1107802391052246,-4.151547908782959,22.383766174316406,1.2213833332061768,2.264371871948242,0.1702855378389358,0.0,0.0
1730046231.3018534,0.1024951402740418,-0.8085145965688662,0.2167862932676126,-2.285858902870852,0.1579050486929175,1.517735297996713,1.0739226383393534,0.0407793298363685,0.0407793298363685,0.1026265900843395,-0.0237682956699852,0.2065672223414094,0.0780582273976984,0.1321185016584022,-0.0521063580946232,0.2380002297151543,0.0,0.0,0.662169337272644,-3.1861586570739746,-4.492734432220459,22.197303771972656,1.0959560871124268,2.274442672729492,0.1501439362764358,0.0,0.0
1730046231.335103,0.1056853048078997,-0.8094075494326164,0.223451637727019,-2.283673635716312,0.1623275326053183,1.5162457262300757,1.0821552209179148,0.0407793298363685,0.0407793298363685,0.0851688513792157,-0.0324062252897928,0.2039366947716908,0.0680254444237986,0.1531482248466414,-0.0477982999714991,0.2818448878858864,0.0,0.0,0.511412501335144,-2.9243178367614746,-4.718869686126709,21.975135803222656,1.1133511066436768,2.244230270385742,0.1904271394014358,0.0,0.0
1730046231.3684409,0.1085334304584613,-0.810424763966546,0.2298369547431531,-2.28174319181124,0.1669712708821909,1.5146904433581965,1.0911411525836656,0.0407796576619148,0.0407796576619148,0.0866694092955925,-0.0317830446427746,0.2005779044446592,0.0586857014178771,0.1390422679013128,-0.0604709661830849,0.2612068361496099,0.0,0.0,0.808958888053894,-2.9600234031677246,-4.718869686126709,22.197303771972656,1.2039883136749268,2.284513473510742,0.2206395417451858,0.0,0.0
1730046231.401781,0.1116612580999714,-0.8115503277423188,0.2369411948579444,-2.2795207641207638,0.1719821312885317,1.5128218302490215,1.1000096265570598,0.0407796576619148,0.0407796576619148,0.0877867713914827,-0.0317615029292439,0.1988273679547467,0.0693815621659408,0.1418586724768678,-0.0546447344648607,0.2730200388360445,0.0,0.0,0.662169337272644,-2.5831313133239746,-5.095761775970459,22.197303771972656,1.1673672199249268,2.284513473510742,0.1803563386201858,0.0,0.0
1730046231.435103,0.1149304685292623,-0.8125130894880244,0.243665015262329,-2.277327920910752,0.1769139584589751,1.5112122103651864,1.1093097707602066,0.0407796576619148,0.0407796576619148,0.0978503962424396,-0.0282879019620876,0.2014099103405677,0.0670611950721755,0.1520558306205877,-0.0457549053224679,0.2583887625714273,0.0,0.0,0.547118067741394,-2.6188368797302246,-5.282224178314209,22.010841369628903,1.1408169269561768,2.274442672729492,0.1803563386201858,0.0,0.0
1730046231.4684525,0.1182140289211816,-0.8133675723745932,0.2502703736874653,-2.274928836360186,0.1814526639924998,1.5097487550964477,1.117134625126721,0.0407796576619148,0.0407796576619148,0.0915855531254607,-0.0252379917640031,0.2025016076862473,0.0762604212569645,0.1509783579983943,-0.0469141339015392,0.2466032634729135,0.0,0.0,0.324950098991394,-2.4680800437927246,-5.282224178314209,22.050514221191406,1.1948330402374268,2.264371871948242,0.1904271394014358,0.0,0.0
1730046231.5017576,0.1212126289509651,-0.8142166760694327,0.2571292228148192,-2.272422214193821,0.1865201698535631,1.508349740225528,1.126172605019212,0.0407796576619148,0.0407796576619148,0.0898860306927983,-0.0232915750921375,0.200118664636979,0.0629950979416003,0.1396704593176856,-0.0365823964057668,0.2755114673192265,0.0,0.0,0.808958888053894,-2.3173232078552246,-5.056088924407959,21.451454162597656,1.2213833332061768,2.154508590698242,0.1904271394014358,0.0,0.0
1730046231.5351045,0.1243299508216999,-0.815049208878446,0.2637285980580822,-2.270298119916917,0.1912744297625986,1.5071194099370089,1.134350741350015,0.0407796576619148,0.0407796576619148,0.0931263774548128,-0.0271195456779872,0.197921815347892,0.0578235515874354,0.1382787204776827,-0.0356074298255007,0.2248510940681717,0.0,0.0,0.697874903678894,-2.2022719383239746,-5.397275447845459,21.60221099853516,1.1499722003936768,2.214933395385742,0.261838287115097,0.0,0.0
1730046231.5684388,0.1276670857201566,-0.8158177582281722,0.2703157841801592,-2.2683605765740857,0.1960441002777991,1.505771060021994,1.1432263056992922,0.0407786704599857,0.0407786704599857,0.0955793619059948,-0.0204620802844361,0.2033561986507434,0.0570012542277757,0.153488681176975,-0.0487321610718344,0.2890325872784416,0.0,0.0,0.511412501335144,-2.3173232078552246,-5.508359432220459,22.121925354003903,1.1133511066436768,2.274442672729492,0.1904271394014358,0.0,0.0
1730046231.6017165,0.1308564569016481,-0.8164474543320288,0.2768818135927112,-2.266259072620273,0.2003085903685904,1.5042427422431428,1.1518533870737797,0.0407786704599857,0.0407786704599857,0.0850707667107178,-0.019246846539733,0.2114237616816525,0.0671641465219856,0.1420392108579053,-0.0544797400385312,0.2293370727360557,0.0,0.0,0.547118067741394,-2.2776503562927246,-5.623410701751709,22.086219787597656,1.2213833332061768,2.284513473510742,0.2004979401826858,0.0,0.0
1730046231.6351087,0.1339010982038996,-0.8171114261301169,0.2836557662139137,-2.263960910489632,0.2052687467926894,1.502664806524087,1.160155159582487,0.0407786704599857,0.0407786704599857,0.0869783777019422,-0.0175442125814248,0.2035636641807614,0.0744318531426441,0.1333311176740758,-0.0456214184375919,0.2727343445749766,0.0,0.0,0.697874903678894,-2.2022719383239746,-5.623410701751709,21.975135803222656,1.1591274738311768,2.274442672729492,0.2316258698701858,0.0,0.0
1730046231.668439,0.136782246189197,-0.8177770636864266,0.2903083215248648,-2.2616240258632065,0.2102245938628335,1.501042759911794,1.1694362026453644,0.0407786704599857,0.0407786704599857,0.0852399058979302,-0.0211464364772834,0.1978224375313377,0.0726469532323537,0.1541755330728256,-0.0498391304503705,0.259342840518355,0.0,0.0,0.471739649772644,-2.0118422508239746,-6.186765193939209,21.71329498291016,1.1225063800811768,2.264371871948242,0.1803563386201858,0.0,0.0
1730046231.7017696,0.1401039308454682,-0.8184467385467851,0.2971293457913099,-2.259171127462666,0.2155169504666376,1.499401597341581,1.1779234097170876,0.0407793298363685,0.0407793298363685,0.1008480177861149,-0.0231184567026819,0.1987867858290001,0.0706792721221699,0.1520056147458194,-0.0538122449742542,0.2658741155528004,0.0,0.0,0.285277247428894,-2.1268935203552246,-6.301816463470459,21.637916564941406,1.0501797199249268,2.274442672729492,0.261838287115097,0.0,0.0
1730046231.7351055,0.1434211173644283,-0.8192249097805442,0.3036466498855638,-2.2570057486642923,0.2198445238039724,1.4979681991854938,1.1872615741290609,0.0407793298363685,0.0407793298363685,0.0968903099935884,-0.0247412047101241,0.200892468607094,0.0617992768403479,0.1439946569656929,-0.0499877662077591,0.2666630845470463,0.0,0.0,0.400328516960144,-1.8214125633239744,-6.377194881439209,21.673622131347656,1.2213833332061768,2.254301071166992,0.261838287115097,0.0,0.0
1730046231.7684205,0.1464774778862321,-0.8201425730961213,0.3104173121713566,-2.2549641159245626,0.2249654607496499,1.4962572057926855,1.1954590330388333,0.0407793298363685,0.0407793298363685,0.092527081709085,-0.0240582828731669,0.2005493945243569,0.0669126886100897,0.1375622813477682,-0.0546345576512788,0.2449174817079768,0.0,0.0,0.586790919303894,-1.7857069969177246,-6.412900447845459,21.562538146972656,1.1408169269561768,2.224088668823242,0.2206395417451858,0.0,0.0
1730046231.8017693,0.1495271956078873,-0.8209035632028214,0.3171007291514057,-2.2528825766232363,0.2297047174211276,1.4945041233341163,1.2043949047836249,0.0407793298363685,0.0407793298363685,0.0921303026992457,-0.0209840836594335,0.200448448582747,0.0609450749168096,0.1450649874336734,-0.062114716600835,0.2673056798300545,0.0,0.0,0.400328516960144,-1.7857069969177246,-6.980222225189209,21.673622131347656,1.0868008136749268,2.264371871948242,0.2004979401826858,0.0,0.0
1730046231.8351057,0.1527583678356297,-0.8216595551004223,0.323760441529033,-2.2506921258609047,0.2345416838591264,1.4928227561629617,1.2126531394938551,0.0407796576619148,0.0407796576619148,0.100333059136346,-0.0263330848988741,0.1999018960302825,0.063416123058144,0.1562840944632935,-0.0496620653043925,0.2337650888199333,0.0,0.0,0.697874903678894,-1.7103285789489746,-6.714414119720459,21.975135803222656,1.1133511066436768,2.333951950073242,0.2004979401826858,0.0,0.0
1730046231.8684387,0.1561300773469579,-0.8223690063595769,0.3302882757919014,-2.248274190724186,0.2387643725563481,1.4913147275402885,1.2213724354767823,0.0407796576619148,0.0407796576619148,0.0958121636143075,-0.0269470874162605,0.1935680116121606,0.070796564626767,0.1301544524389687,-0.0417444513309526,0.286646143735455,0.0,0.0,0.400328516960144,-1.6309828758239746,-6.865170955657959,21.487159729003903,1.1856777667999268,2.244230270385742,0.1702855378389358,0.0,0.0
1730046231.9017682,0.159165698876984,-0.8233350608747549,0.3371756068964542,-2.2459772943908822,0.2439030329878203,1.4898570965117346,1.2302468599518694,0.0407796576619148,0.0407796576619148,0.0850354735208271,-0.0348068736723243,0.2031759546235571,0.0633732201959268,0.1453458801028479,-0.0395410628337516,0.2356409044108437,0.0,0.0,0.622496485710144,-1.7857069969177246,-7.015927791595459,21.229286193847656,1.1225063800811768,2.154508590698242,0.2206395417451858,0.0,0.0
1730046231.935114,0.1622092150503497,-0.8243905799322018,0.3438791214640217,-2.243930001337344,0.2487229394398099,1.4883907119752,1.2381857082541927,0.0407796576619148,0.0407796576619148,0.0886417263749854,-0.0323886536360904,0.2052151386481726,0.0600194894534082,0.1552301978566383,-0.0491273110299538,0.2722074467808698,0.0,0.0,0.360655665397644,-1.4445204734802246,-7.658627986907959,21.340370178222656,1.1499722003936768,2.254301071166992,0.2316258698701858,0.0,0.0
1730046231.9684818,0.1654927307290007,-0.8254877230866889,0.3506490237401277,-2.2418911231668868,0.2536606318543658,1.4869406216619736,1.2477615084040503,0.0407796576619148,0.0407796576619148,0.0999361239494111,-0.0274302170983706,0.1936472700567621,0.0687904043639315,0.1505293645430608,-0.0386432019669323,0.255989399063167,0.0,0.0,0.471739649772644,-1.4802260398864746,-7.317441463470459,21.451454162597656,1.1408169269561768,2.264371871948242,0.271909087896347,0.0,0.0
1730046232.001768,0.1686821771639441,-0.8264477641244471,0.357213718476584,-2.2397664233887538,0.2581604632432152,1.4855589258393382,1.2558916901996715,0.0407796576619148,0.0407796576619148,0.1010351082831536,-0.0264043105311906,0.194214436629384,0.0662444189913668,0.1278196085777706,-0.0382876187692299,0.2624719627900833,0.0,0.0,0.697874903678894,-1.0636610984802246,-7.357114315032959,21.264991760253903,1.1673672199249268,2.214933395385742,0.271909087896347,0.0,0.0
1730046232.0351064,0.1717896850624084,-0.8272908364445747,0.3638477392120218,-2.23745196389142,0.2631804297397398,1.4840943187610187,1.2652866639525795,0.0407793298363685,0.0407793298363685,0.0958836827040896,-0.0249880941081027,0.2013077013593767,0.0805462319024256,0.1428152856462412,-0.0473794568927001,0.2734089779156661,0.0,0.0,0.436034083366394,-0.9486098885536194,-7.769711971282959,21.229286193847656,1.1316616535186768,2.254301071166992,0.2105687409639358,0.0,0.0
1730046232.0683806,0.1748800748199963,-0.8280799863718606,0.3708064114363498,-2.234922857036656,0.2680285412680399,1.4825899569504055,1.2734284600140906,0.0407793298363685,0.0407793298363685,0.0975247551867451,-0.021109697455779,0.2003687908486455,0.0727091281707923,0.1354428494247808,-0.0476236552702988,0.2429870703510273,0.0,0.0,0.324950098991394,-0.7621474862098694,-8.448118209838867,21.07852935791016,1.0776455402374268,2.204862594604492,0.281979888677597,0.0,0.0
1730046232.1017666,0.1780906099055278,-0.8288160517843087,0.3774285163073211,-2.232561165852366,0.2727771702022947,1.4811460657786006,1.2823403417364203,0.0407793298363685,0.0407793298363685,0.101350901410576,-0.0157193974894944,0.1932975554857748,0.066658889801948,0.147262928238441,-0.0466458893568838,0.2754394617766826,0.0,0.0,0.662169337272644,-0.7621474862098694,-7.809384822845459,21.07852935791016,1.1765224933624268,2.214933395385742,0.1904271394014358,0.0,0.0
1730046232.1351132,0.1813603178467231,-0.8294966655912159,0.3839207288738488,-2.230355385339191,0.277260728989673,1.4797555742171933,1.2908326926598577,0.0407793298363685,0.0407793298363685,0.0928855834600546,-0.0196687946517567,0.1935771843491407,0.0723406730708229,0.1216094078253619,-0.0399609561331239,0.2300032096370502,0.0,0.0,0.586790919303894,-0.5717177987098694,-8.146604537963867,20.816688537597656,1.1591274738311768,2.174650192260742,0.2316258698701858,0.0,0.0
1730046232.1685228,0.1845241912193287,-0.8302989540641865,0.3906998731992612,-2.228276765465653,0.2823229641954728,1.4780305497331208,1.2997934805010811,0.0407793298363685,0.0407793298363685,0.0870226925680244,-0.0260764770445112,0.2059572773310864,0.0623525952769902,0.1400627370329099,-0.0434716934025586,0.293230958271188,0.0,0.0,0.586790919303894,-0.6470962166786194,-8.110898971557617,21.038856506347656,1.1051113605499268,2.204862594604492,0.2206395417451858,0.0,0.0
1730046232.201769,0.1875396562853607,-0.8310410702008956,0.3974094552373259,-2.226166477877218,0.2870215275863017,1.4762665589097126,1.3083298930215297,0.0407793298363685,0.0407793298363685,0.0942322936477558,-0.018667866706945,0.1981820147608014,0.0593756801421519,0.16708517502598,-0.0554672633544448,0.2308968227836233,0.0,0.0,0.400328516960144,-0.4566665291786194,-8.864683151245117,21.114234924316406,1.1316616535186768,2.244230270385742,0.292050689458847,0.0,0.0
1730046232.235114,0.1906125869449661,-0.8317144641829181,0.4040404655733024,-2.2239625332093174,0.2918204359296311,1.4745595314457367,1.3162305726627068,0.0407793298363685,0.0407793298363685,0.0911765149988485,-0.015777027524537,0.1995059725747434,0.0716769809201486,0.1537561035546148,-0.0516703664109602,0.2612743361163662,0.0,0.0,0.924010157585144,-0.5320449471473694,-8.261655807495117,21.264991760253903,1.2488491535186768,2.234159469604492,0.292050689458847,0.0,0.0
1730046232.2684178,0.1939547220366196,-0.8323448422234535,0.4107218232187339,-2.221562765171217,0.2965783904525756,1.4729614158951616,1.3258554711290365,0.0407793298363685,0.0407793298363685,0.0984955463596147,-0.0204862386450873,0.1888783731489682,0.0696078527220563,0.1169760192018835,-0.0400293055355176,0.2675628543843323,0.0,0.0,0.737547755241394,-0.3416152596473694,-8.749631881713867,20.892066955566406,1.2671597003936768,2.154508590698242,0.2316258698701858,0.0,0.0
1730046232.3017666,0.1970680335489883,-0.8330943695083967,0.417324200130359,-2.219388999958112,0.3014151246998884,1.4715028158270709,1.334119484774201,0.0407793298363685,0.0407793298363685,0.0898903871398865,-0.0240787686385503,0.1949287638550889,0.0657387274023451,0.1598539595496351,-0.0399356226992283,0.2597806414346889,0.0,0.0,0.547118067741394,-0.2305312752723693,-8.789304733276367,21.114234924316406,1.2213833332061768,2.214933395385742,0.261838287115097,0.0,0.0
1730046232.3351126,0.2001116855732425,-0.8339202885268441,0.4240531709050393,-2.217336395674331,0.3061350470577873,1.4701238389221352,1.343581450787923,0.0407793298363685,0.0407793298363685,0.0942920876571499,-0.0235336883944702,0.1950920619015915,0.0602323978588748,0.1498601667938581,-0.0434236260913076,0.2867252472314048,0.0,0.0,0.773253321647644,0.1106552481651306,-9.392332077026367,20.780982971191406,1.2131435871124268,2.224088668823242,0.281979888677597,0.0,0.0
1730046232.368441,0.2031874759415783,-0.8347965992689172,0.430725023118208,-2.215449547582929,0.3109871086562649,1.4685204046750115,1.3515092203153545,0.0407793298363685,0.0407793298363685,0.0950515275354634,-0.0269744039016404,0.1977658036731706,0.057061943244961,0.1426744756583971,-0.0483344485800072,0.238364791535577,0.0,0.0,0.848631739616394,0.0749496817588806,-8.864683151245117,20.96744537353516,1.2937099933624268,2.204862594604492,0.281979888677597,0.0,0.0
1730046232.4017687,0.2065874090003584,-0.8355533604222379,0.4374136633098978,-2.213265212983622,0.3156223523222395,1.4670763341562476,1.360559036293386,0.0407793298363685,0.0407793298363685,0.1023050598616093,-0.0170943315231862,0.1912503352888036,0.0703181849836293,0.1157338903899406,-0.0428362187379761,0.2767507590419797,0.0,0.0,0.884337306022644,-0.0401015877723693,-9.316953659057615,21.038856506347656,1.2845547199249268,2.174650192260742,0.2416966706514358,0.0,0.0
1730046232.4351044,0.2098351826659932,-0.8363034291099972,0.4440536530736125,-2.210979069787703,0.32013123031738,1.4656458244720505,1.369069019695561,0.0407793298363685,0.0407793298363685,0.0953838751761637,-0.0228064921741218,0.2040512555965842,0.0719677431603492,0.1405935523300735,-0.039781767745722,0.2267285151451482,0.0,0.0,0.324950098991394,0.1106552481651306,-9.428037643432615,20.96744537353516,1.2131435871124268,2.214933395385742,0.261838287115097,0.0,0.0
1730046232.468388,0.2128736897480495,-0.837249411085074,0.4510818527279006,-2.2084663559531514,0.3251068779484283,1.4641299493253397,1.3780415160143056,0.0407793298363685,0.0407793298363685,0.0921597469984359,-0.029289627718842,0.1990097358104439,0.0678118191560097,0.1389927625085394,-0.0476562953221023,0.2850470001119146,0.0,0.0,0.808958888053894,0.2653793692588806,-9.955686569213867,20.741310119628903,1.3120205402374268,2.174650192260742,0.2105687409639358,0.0,0.0
1730046232.5017676,0.2159023095510813,-0.8382141918944399,0.4577639921802908,-2.2060644782876624,0.329828407721166,1.4626799874961145,1.3866514712129283,0.0407793298363685,0.0407793298363685,0.0904751327969315,-0.0262807542278658,0.1932372800953773,0.0747805235451999,0.1415608610448587,-0.0451956368699947,0.229771264212033,0.0,0.0,0.884337306022644,0.6819443106651306,-9.201902389526367,20.33267974853516,1.3303310871124268,2.105070114135742,0.2316258698701858,0.0,0.0
1730046232.5351057,0.219037105610022,-0.8392371684514855,0.4641824537401311,-2.2039247435117124,0.3347574673015038,1.461244929675525,1.3946352202992052,0.040778998285532,0.040778998285532,0.0933446753542207,-0.0275425969898804,0.1988328593762083,0.0592666240409943,0.1435526135086537,-0.0448275671971142,0.2663526566964824,0.0,0.0,0.436034083366394,0.6422714591026306,-10.106443405151367,20.368385314941406,1.1408169269561768,2.154508590698242,0.2206395417451858,0.0,0.0
1730046232.5683892,0.222306616475137,-0.8401895039896264,0.4707536274031411,-2.2019040547666666,0.3391090873355952,1.4596301184235028,1.403962017080575,0.040778998285532,0.040778998285532,0.1012551881203168,-0.0260861148169292,0.2013693499135419,0.0655857570355027,0.1581045455627769,-0.04632198619336,0.2682733584840875,0.0,0.0,0.547118067741394,0.8723739981651306,-9.844602584838867,20.780982971191406,1.3120205402374268,2.254301071166992,0.2004979401826858,0.0,0.0
1730046232.6017568,0.2254374710339099,-0.8410460044740105,0.4777437562940997,-2.199627954638466,0.3441547647535937,1.457824620626325,1.4124006626954615,0.040778998285532,0.040778998285532,0.09106995395945,-0.0259563149172772,0.2078824432154945,0.0666233942838059,0.1492933708419506,-0.0511530220007043,0.2580720142442686,0.0,0.0,0.737547755241394,0.9477524161338806,-10.598386764526367,20.630226135253903,1.3385708332061768,2.204862594604492,0.261838287115097,0.0,0.0
1730046232.635115,0.2285529220472107,-0.8417762220042323,0.4844411838126131,-2.197360663868874,0.3489733050250244,1.4560656637411675,1.4217124676437778,0.040778998285532,0.040778998285532,0.0876229821422218,-0.0238278676368128,0.1938370430328876,0.0680181644217537,0.1377155079599308,-0.0619192281283356,0.271011928979895,0.0,0.0,0.773253321647644,0.9477524161338806,-10.031064987182615,20.44376373291016,1.3211758136749268,2.144437789916992,0.281979888677597,0.0,0.0
1730046232.6684368,0.2318096592244116,-0.8423576855503312,0.4909047871740816,-2.1949962516547097,0.3537443271422369,1.454343604804509,1.4297010926018867,0.040778998285532,0.040778998285532,0.0969037676915606,-0.0191325229666192,0.1912746567054938,0.0672339047503676,0.1322511204198352,-0.0555189159899657,0.2398586341827253,0.0,0.0,0.662169337272644,0.9477524161338806,-10.407957077026367,20.368385314941406,1.2213833332061768,2.134366989135742,0.271909087896347,0.0,0.0
1730046232.7017665,0.2351713985151166,-0.8429484633000569,0.4976945019676634,-2.1927308526527858,0.3582911955785033,1.4528776197861122,1.4387111640103378,0.0407793298363685,0.0407793298363685,0.0960089124595014,-0.0180775841644191,0.1969953851248753,0.0656670118532338,0.1540231297086136,-0.038260974033344,0.2823641565479073,0.0,0.0,0.547118067741394,1.0985093116760254,-10.447629928588867,20.33267974853516,1.2845547199249268,2.124296188354492,0.2206395417451858,0.0,0.0
1730046232.7351048,0.2382740650989703,-0.8437037395574698,0.5044344961198377,-2.190735047028241,0.3631355377058076,1.4513551077905211,1.4472716831957515,0.0407793298363685,0.0407793298363685,0.0933072379043465,-0.0208758520236341,0.2045837023856743,0.057510859825368,0.1479127187216496,-0.0433865113288722,0.2324075429598789,0.0,0.0,0.586790919303894,1.2492661476135254,-11.126035690307615,20.404090881347656,1.2580044269561768,2.124296188354492,0.2416966706514358,0.0,0.0
1730046232.768455,0.2412716366196894,-0.844478951635626,0.5113560128868978,-2.1886857616718576,0.3682547727388818,1.4497736585238534,1.4560268390482762,0.0407793298363685,0.0407793298363685,0.0932776954742935,-0.0195343156937538,0.2010608260604795,0.0646020765737967,0.1366685096999663,-0.0521823691944776,0.2945782484679232,0.0,0.0,0.662169337272644,1.4793686866760254,-10.558713912963867,20.404090881347656,1.3303310871124268,2.184720993041992,0.2206395417451858,0.0,0.0
1730046232.801808,0.2442926527146602,-0.8451150730918315,0.5178040356092484,-2.1865306688945583,0.3732438801213287,1.448382118654486,1.4648055785265424,0.0407793298363685,0.0407793298363685,0.0897092644068662,-0.0179520450487104,0.1904017830491875,0.0603799779446605,0.1358307357236541,-0.0408782487139296,0.2372689581408818,0.0,0.0,0.808958888053894,1.2135605812072754,-10.899900436401367,20.257301330566406,1.2213833332061768,2.114225387573242,0.2316258698701858,0.0,0.0
1730046232.835105,0.2475248733761245,-0.8457329378578634,0.5243927447197789,-2.184217877157121,0.377626890350372,1.446994940069738,1.4726884152647506,0.040778998285532,0.040778998285532,0.0980597036089863,-0.0171150735952059,0.2019634496635911,0.0728408386816951,0.1467373091381099,-0.0387769860725301,0.2621111989596582,0.0,0.0,0.848631739616394,1.3246445655822754,-11.050657272338867,20.44376373291016,1.3303310871124268,2.184720993041992,0.2004979401826858,0.0,0.0
1730046232.8684368,0.2506486350960962,-0.8464589066666688,0.5310659295937251,-2.1818081241701446,0.382480444805776,1.44553863558978,1.4819678110425365,0.040778998285532,0.040778998285532,0.0939697415014688,-0.0232544038229392,0.2029704956397261,0.0726461704319584,0.1477872392518161,-0.0461591014495807,0.2657187110056926,0.0,0.0,0.773253321647644,1.6658310890197754,-11.578306198120115,20.217628479003903,1.2763149738311768,2.164579391479492,0.2316258698701858,0.0,0.0
1730046232.901779,0.2537428249948476,-0.8473346863620704,0.5376145147618718,-2.179545725059179,0.3871814610308922,1.4442540042603622,1.4902191435358532,0.040778998285532,0.040778998285532,0.0924172873633483,-0.025927240533971,0.1986812840881984,0.067725650185467,0.1486597724153117,-0.0467504221280528,0.2523823552589321,0.0,0.0,0.360655665397644,2.0070176124572754,-11.276792526245115,19.959754943847656,1.3120205402374268,2.144437789916992,0.2316258698701858,0.0,0.0
1730046232.935113,0.256967699206777,-0.8483753529846377,0.5442009764612394,-2.177471470224188,0.3923001317478954,1.442816163933873,1.4997309390645477,0.040778998285532,0.040778998285532,0.1003656928655676,-0.0257534734756913,0.1917992040317187,0.0623080539998084,0.1445559567654384,-0.0504220472381045,0.2842561282491607,0.0,0.0,0.924010157585144,2.0070176124572754,-11.276792526245115,20.070838928222656,1.2396938800811768,2.144437789916992,0.1904271394014358,0.0,0.0
1730046232.9684389,0.2602966027168463,-0.8492209450123058,0.5508692128418066,-2.175335642848719,0.3962428628454658,1.4410990835085449,1.5076730509870406,0.040778998285532,0.040778998285532,0.0999318791939384,-0.0236013872779801,0.2056938919931665,0.0670358564462982,0.1364426380308815,-0.0467379753240788,0.2276252734319341,0.0,0.0,0.622496485710144,2.0823960304260254,-11.538633346557615,19.959754943847656,1.4292080402374268,2.124296188354492,0.2416966706514358,0.0,0.0
1730046233.0017672,0.2635721534199279,-0.8501724411843417,0.5579184260112131,-2.173087707735976,0.4014995136389001,1.4393972132524555,1.5164322999974589,0.0407796576619148,0.0407796576619148,0.088747780909343,-0.0296986719231726,0.2062594210952807,0.0668569224371766,0.142818773744296,-0.0460144771990103,0.2771612504509168,0.0,0.0,0.622496485710144,2.2371201515197754,-11.915525436401367,19.884376525878903,1.2580044269561768,2.174650192260742,0.292050689458847,0.0,0.0
1730046233.0351143,0.2666094670463897,-0.8510647032446337,0.564603845439664,-2.170717202396206,0.4064286025148555,1.4378296503054215,1.5251765411129048,0.0407796576619148,0.0407796576619148,0.0889452301940427,-0.0245703601171443,0.2076761651035748,0.0743069864125536,0.1487870265486022,-0.0452283953256841,0.235558664740047,0.0,0.0,0.471739649772644,2.2728257179260254,-11.840147018432615,19.769325256347656,1.2131435871124268,2.124296188354492,0.281979888677597,0.0,0.0
1730046233.0684006,0.2696853340966954,-0.8519722123799557,0.5713388793318913,-2.168251848973704,0.4115339183606208,1.436270828346642,1.5338995270780942,0.0407796576619148,0.0407796576619148,0.09666791245295,-0.0266695909468759,0.1952240564527948,0.0724547100487523,0.1451000300476779,-0.0439176544857467,0.2911090783367386,0.0,0.0,0.924010157585144,2.1974472999572754,-11.689390182495115,19.92008209228516,1.3303310871124268,2.084928512573242,0.281979888677597,0.0,0.0
1730046233.1017673,0.2728579895478409,-0.8529267757416472,0.5779566475735475,-2.166072535852752,0.4159072330795509,1.4346595018712134,1.5428660462738268,0.0407796576619148,0.0407796576619148,0.1010111687853859,-0.0277709347863896,0.1971974650582655,0.0584891511608597,0.1293058714126002,-0.0531277301638809,0.2451516024806681,0.0,0.0,0.924010157585144,2.7290635108947754,-12.066282272338867,19.80899810791016,1.3751919269561768,2.124296188354492,0.271909087896347,0.0,0.0
1730046233.135116,0.2761552583373239,-0.8538480399111176,0.5846731645135711,-2.164101064047361,0.420775782266988,1.4330283575710967,1.5507558622351263,0.0407796576619148,0.0407796576619148,0.0917685889881683,-0.0285269641494405,0.2026413990077098,0.0536522729252434,0.1464724603607506,-0.0500629333025011,0.254812152591393,0.0,0.0,0.586790919303894,2.9194931983947754,-12.256711959838867,19.547157287597656,1.3211758136749268,2.154508590698242,0.302121490240097,0.0,0.0
1730046233.1684394,0.2791517268017476,-0.8546981002303128,0.5912722009634371,-2.1620483676428406,0.425749718235146,1.4315513093592558,1.5601679186810078,0.040778998285532,0.040778998285532,0.0932791175318009,-0.0279255306035549,0.1959865288648407,0.0623182254873346,0.1478713902924138,-0.0370121729318007,0.2741379588994415,0.0,0.0,0.697874903678894,2.9948716163635254,-12.332090377807615,19.69791412353516,1.2671597003936768,2.094999313354492,0.313107818365097,0.0,0.0
1730046233.2017684,0.2823238511824844,-0.8554042194536621,0.5980060618922994,-2.1597519465780803,0.4306552097382845,1.4299569641670162,1.568712900877978,0.040778998285532,0.040778998285532,0.0920571083615063,-0.0170323088140014,0.193364938564571,0.0687014695087389,0.1578468310825627,-0.0557031902420131,0.2536113551394779,0.0,0.0,0.924010157585144,2.9194931983947754,-12.482847213745115,19.844703674316406,1.3028652667999268,2.164579391479492,0.2105687409639358,0.0,0.0
1730046233.2351048,0.285546754439376,-0.8560666597058905,0.6046567018483398,-2.1574846008675377,0.4349279342182177,1.4287159295257053,1.5779173286531976,0.040778998285532,0.040778998285532,0.0965382156856696,-0.025149258596854,0.1968700481319686,0.0729803576835773,0.1266642109219562,-0.0385820347910783,0.2870952791819952,0.0,0.0,0.662169337272644,3.2210068702697754,-12.820066452026367,19.582862854003903,1.3843472003936768,2.034574508666992,0.2416966706514358,0.0,0.0
1730046233.268408,0.2888387351394184,-0.8567927095193593,0.6115073713439909,-2.1551831559856764,0.4399871535591171,1.4272696913688303,1.5862676849039947,0.040778998285532,0.040778998285532,0.0953798269800099,-0.0238913650987644,0.1950295438852344,0.0677023042615349,0.1437076921701893,-0.0489238799842209,0.2402317233937482,0.0,0.0,0.622496485710144,3.2606797218322754,-12.970823287963867,19.733619689941406,1.2396938800811768,2.154508590698242,0.323178619146347,0.0,0.0
1730046233.3017745,0.2918296770821773,-0.857543069226605,0.6180245324089173,-2.152852341711707,0.4448910322171676,1.4258994960226126,1.5947987435509317,0.040778998285532,0.040778998285532,0.0921842642018705,-0.0259267115591229,0.1876400995572216,0.0643111135259043,0.1644100333532513,-0.0402015579911695,0.2678667969547899,0.0,0.0,0.436034083366394,3.5264878273010254,-12.935117721557615,19.249610900878903,1.2213833332061768,2.074857711791992,0.292050689458847,0.0,0.0
1730046233.3351057,0.2947424879492517,-0.858353568369288,0.6245514538715705,-2.150690590165456,0.4499449809153537,1.4244798882546323,1.603474967389606,0.040778998285532,0.040778998285532,0.0885205199687503,-0.0223737742315308,0.1941769503526716,0.0559530674523513,0.1613291171170403,-0.0381146229992778,0.2371107271057247,0.0,0.0,0.737547755241394,3.5621933937072754,-12.970823287963867,19.249610900878903,1.2580044269561768,2.064786911010742,0.2316258698701858,0.0,0.0
1730046233.3684113,0.2980621747489164,-0.8590596458216893,0.631214495590892,-2.148635957681793,0.4542069405252461,1.4228140725310392,1.6118250482517655,0.040778998285532,0.040778998285532,0.0996998408592038,-0.0209262643670638,0.2046661695748206,0.0684505500801689,0.1167980813375362,-0.0446713686698791,0.2782352933237422,0.0,0.0,0.697874903678894,3.7169175148010254,-13.423093795776367,19.582862854003903,1.3477261066436768,2.124296188354492,0.292050689458847,0.0,0.0
1730046233.4018366,0.3015303976260081,-0.8597654826878324,0.638069223623091,-2.1465126425317704,0.4591786805519764,1.4211079428947924,1.6212153622487342,0.040778998285532,0.040778998285532,0.0912110068206585,-0.0228199452848968,0.2025559631652707,0.0715097951078838,0.1416826220481521,-0.051325191858118,0.2527638956117031,0.0,0.0,0.2495716959238052,3.7526230812072754,-13.387388229370115,19.360694885253903,1.3120205402374268,2.134366989135742,0.2206395417451858,0.0,0.0
1730046233.435105,0.3045059806930036,-0.8604278325452738,0.644665169635606,-2.144139744360715,0.4639084772029841,1.4194709634165603,1.628973604986443,0.040778998285532,0.040778998285532,0.087054992143328,-0.0210824613202941,0.2009399428436512,0.0703537824628301,0.1501836860904797,-0.047244874205571,0.2466322975351249,0.0,0.0,0.773253321647644,3.792295932769776,-13.347715377807615,19.134559631347656,1.2845547199249268,2.064786911010742,0.323178619146347,0.0,0.0
1730046233.4684386,0.3074333543882646,-0.8611437050757175,0.6512359127317894,-2.1418565580389446,0.4689212445094746,1.4180859962984684,1.6382564086279752,0.040778998285532,0.040778998285532,0.0875098429270961,-0.0249118096875591,0.2007812595183398,0.0682575986410099,0.1518757582404472,-0.0481905641252709,0.2750168001891125,0.0,0.0,0.848631739616394,3.9430527687072754,-13.538145065307615,19.28531646728516,1.3303310871124268,2.054716110229492,0.271909087896347,0.0,0.0
1730046233.5017674,0.3108168741161338,-0.8619170480434147,0.6580332420027933,-2.1396458903882074,0.4732793749055139,1.4163680912603602,1.646797851786584,0.040778998285532,0.040778998285532,0.0974486155264753,-0.0229510498598509,0.2033834080884732,0.0626762864142067,0.128145881073619,-0.0487585072992687,0.2536444887467947,0.0,0.0,0.773253321647644,4.058104038238525,-13.990415573120115,19.249610900878903,1.3385708332061768,2.044645309448242,0.302121490240097,0.0,0.0
1730046233.535105,0.3141823200262161,-0.8628285428604563,0.6646488904149137,-2.137695427991705,0.4780762329101721,1.4146820411806156,1.656000057674642,0.040778998285532,0.040778998285532,0.0963213678267427,-0.0314524659546598,0.1945924420751567,0.0602654301136389,0.150007482549009,-0.0466366175715944,0.2846781260497701,0.0,0.0,0.400328516960144,4.244566440582275,-13.613523483276367,19.023475646972656,1.3211758136749268,2.124296188354492,0.302121490240097,0.0,0.0
1730046233.5685012,0.3172435676274786,-0.8639201574344162,0.6715280150972338,-2.1355307540526125,0.4831032833481268,1.4129637772308357,1.664502098647993,0.040778998285532,0.040778998285532,0.0900286997291295,-0.0281709386751015,0.1970647871621812,0.0631789351942053,0.1591868062388692,-0.0420193714385163,0.2318685392001596,0.0,0.0,0.737547755241394,4.550047397613525,-14.101499557495115,19.06314849853516,1.3120205402374268,2.094999313354492,0.281979888677597,0.0,0.0
1730046233.601802,0.3201683263125488,-0.8649348081156087,0.6780848087394358,-2.133309031257236,0.4876153697372536,1.4114956121989108,1.672678222405021,0.040778998285532,0.040778998285532,0.0848128155701812,-0.0320531427573275,0.1914089112004339,0.0612911371128611,0.132681077824863,-0.0387073380020966,0.2509417942614891,0.0,0.0,0.360655665397644,5.006285190582275,-14.740232467651367,18.948097229003903,1.3028652667999268,2.064786911010742,0.292050689458847,0.0,0.0
1730046233.6351004,0.3231481893247367,-0.8659905811148129,0.6840190623269944,-2.131218168781439,0.4915207437608628,1.410383282161545,1.679693089604994,0.0407796576619148,0.0407796576619148,0.0858267553604806,-0.0344506368577338,0.169943882252492,0.0604764503054019,0.0899899119011678,-0.0336067089240197,0.186200710937803,0.0,0.0,-0.535950779914856,5.613279819488525,-15.985960006713867,18.313331604003903,1.1673672199249268,2.064786911010742,0.1702855378389358,0.0,0.0
1730046233.6684375,0.3259182430754038,-0.8670872957432515,0.6887979127744746,-2.129483620632717,0.4941121219643334,1.4094733446127723,1.6844044371623466,0.0407796576619148,0.0407796576619148,0.0796458310235669,-0.0367348629089402,0.132112251655389,0.0491542822607024,0.0768111254391593,-0.0298229883253304,0.1312456889046517,0.0,0.0,-0.873170018196106,6.105223178863525,-16.398557662963867,18.42838287353516,1.1856777667999268,2.105070114135742,0.2105687409639358,0.0,0.0
1730046233.7017665,0.3279021036090853,-0.8681356103627967,0.6923083804569699,-2.1281176621582114,0.4965255883685642,1.4088190120068285,1.6886083919605668,0.0407796576619148,0.0407796576619148,0.0394994137691077,-0.0286485944405227,0.0892576290467623,0.0288537989249217,0.0649510842781323,-0.0095578768146721,0.1135531001769139,0.0,0.0,-0.948548436164856,6.672544956207275,-16.323179244995117,18.01578521728516,1.1499722003936768,2.084928512573242,0.281979888677597,0.0,0.0
1730046233.7351038,0.3290059973048727,-0.8688425874386522,0.694483078509097,-2.127234640596894,0.497728548720404,1.4083544213010433,1.691324798494651,0.0407796576619148,0.0407796576619148,0.0273818741493099,-0.0221760285972309,0.0465037472889228,0.0178512271635201,0.0207239897194275,-0.0042641763338355,0.0621965334752296,0.0,0.0,-0.948548436164856,6.902647495269775,-16.513608932495117,17.865028381347656,1.1856777667999268,2.144437789916992,0.261838287115097,0.0,0.0
1730046233.7684577,0.3294802955991536,-0.8691701366604713,0.6953715394757966,-2.1269571119444723,0.4981336145889308,1.4081895968887228,1.692563668069905,0.0407796576619148,0.0407796576619148,0.0082113837908696,-0.0084792142126266,0.0059784397621323,0.0017090359001931,0.0024246743294574,-0.000519001313338,0.0161885791764927,0.0,0.0,-0.873170018196106,6.938353061676025,-16.362852096557617,17.940406799316406,1.1316616535186768,2.124296188354492,0.292050689458847,0.0,0.0
1730046233.8017733,0.3294258140102929,-0.8690698873583608,0.6954079789110479,-2.1270291936166257,0.497859424918505,1.408206921061648,1.6925934162614549,0.0407796576619148,0.0407796576619148,0.0003716286349893,0.0066527467271983,-0.0029207993135547,-0.0099500752153698,-0.0147047227334204,-0.0011998280386722,0.0006149032675993,0.0,0.0,0.1384877115488052,5.347471714019775,-14.141172409057615,18.353004455566406,0.906441867351532,2.204862594604492,0.1602147370576858,0.0,0.0
1730046233.835104,0.3292377178816467,-0.8689849188866872,0.6953665522194962,-2.1272130781652763,0.4976747857257262,1.4082619321244445,1.6924024718238992,0.0407793298363685,0.0407793298363685,-0.0058878718376647,0.0050846510164265,0.0014219607922305,-0.0058085360668375,-0.0034103852481373,0.0033640849627865,-0.0044293993829259,0.0,0.0,0.360655665397644,5.422850131988525,-14.438718795776367,18.575172424316406,0.924752414226532,2.194791793823242,0.1803563386201858,0.0,0.0
1730046233.8684182,0.3291176637881809,-0.8689257756956285,0.6953858570504627,-2.127361036715411,0.497639714495602,1.4082853997554006,1.692348121552923,0.0407793298363685,0.0407793298363685,-0.0022153839354357,-0.0001929355614653,-0.0009183102905198,-0.0006637228359051,-0.0014132455413634,0.0003086947934648,-0.0040100225649083,0.0,0.0,0.471739649772644,5.383177280426025,-14.553770065307615,18.801307678222656,0.932992160320282,2.244230270385742,0.1904271394014358,0.0,0.0
1730046233.901845,0.3290560446191108,-0.8688847211987575,0.695365105939138,-2.127448489657352,0.497618520991584,1.408305717761804,1.6923250727290888,0.0407793298363685,0.0407793298363685,-0.0061933600884891,-0.0007896973164242,0.000953940766261,0.0047257507170932,0.0002624927648616,0.0011674731406265,0.0002031563347049,0.0,0.0,0.324950098991394,5.458555698394775,-14.363340377807615,18.614845275878903,0.924752414226532,2.234159469604492,0.1391576081514358,0.0,0.0
1730046233.9351032,0.3290811986556609,-0.8689114717731881,0.6954052027181249,-2.1274450200106205,0.4976154525515204,1.408315254661156,1.6923025998290329,0.0407793298363685,0.0407793298363685,0.0025364475113179,0.0001381358570534,0.0027781299767468,-0.0010211042326403,0.0035201446984083,-7.181866579813269e-05,0.0005471208139884,0.0,0.0,0.0234364420175552,5.799742221832275,-14.779905319213867,18.42838287353516,0.924752414226532,2.234159469604492,0.1290868073701858,0.0,0.0
1730046233.9684782,0.3290842094124764,-0.8689177649636939,0.6954391792450604,-2.1274374079050986,0.4976120928224063,1.4083177872450976,1.692281817145492,0.0407786704599857,0.0407786704599857,-0.0009913506005374,-0.002116503298068,-0.0007303718298873,0.0010271265495008,-0.000675432007295,-0.0001028913519854,0.0006361362198818,0.0,0.0,0.1741932779550552,5.839415073394775,-14.779905319213867,18.353004455566406,0.924752414226532,2.244230270385742,0.1391576081514358,0.0,0.0
1730046234.001768,0.329069330705819,-0.868896915063269,0.6954391340474338,-2.1274500313131006,0.4976089481667236,1.4083259886996151,1.6922757692168795,0.0407786704599857,0.0407786704599857,0.0003664508084501,-0.0013606717851068,0.0002117940730027,0.0060090449934954,0.0041716864366679,0.0003425570787993,-0.0002045499627924,0.0,0.0,0.2495716959238052,5.573606967926025,-14.704526901245115,18.499794006347656,0.906441867351532,2.224088668823242,0.1501439362764358,0.0,0.0
1730046234.0351057,0.3290661375010225,-0.8688906628546182,0.6954334501650838,-2.127442345841104,0.4976032930992017,1.408331857681199,1.6922653917688577,0.0407786704599857,0.0407786704599857,0.000333460902791,0.0016638114578446,0.000218932143241,0.0009800342977122,-0.0001917641240252,1.6605869942217568e-05,0.0010121882824836,0.0,0.0,0.2495716959238052,5.498228549957275,-14.664854049682615,18.388710021972656,0.915597140789032,2.224088668823242,0.1290868073701858,0.0,0.0
1730046234.0684705,0.3290618786804515,-0.8688882061432288,0.6954176320142109,-2.1274619372166303,0.4976054668253655,1.4083365836673307,1.6922512788434858,0.0407786704599857,0.0407786704599857,6.884484553392806e-05,0.0008651426110321,-0.0005712771628899,-0.0024466551421085,-0.0005451781405687,0.0005457474346358,-0.0012727498597678,0.0,0.0,0.2495716959238052,5.498228549957275,-14.514097213745115,18.499794006347656,0.932992160320282,2.214933395385742,0.1702855378389358,0.0,0.0
1730046234.1017666,0.3290713922465054,-0.8688956896626102,0.6954183652737557,-2.127451776537646,0.4976048022292133,1.4083376263512504,1.6922508037844763,0.0407786704599857,0.0407786704599857,0.0037649503794734,0.0014472478017231,0.0006334026049411,0.0014884572377984,-0.0010074828332453,-0.0003690900153798,-0.0008437776107503,0.0,0.0,0.0988148599863052,5.573606967926025,-14.589475631713867,18.353004455566406,0.942147433757782,2.234159469604492,0.1602147370576858,0.0,0.0
1730046234.1351564,0.3290714183824286,-0.8688986210815405,0.6954345625159097,-2.1274519948059805,0.4976031603349661,1.408339215788497,1.6922481412539911,0.0407793298363685,0.0407793298363685,0.0004632553127241,0.0006759090811445,0.0009806623564339,0.00033325832074,-3.356428213737486e-05,-0.0001617168597256,-0.0007619281055961,0.0,0.0,0.1741932779550552,5.613279819488525,-14.740232467651367,18.388710021972656,0.915597140789032,2.234159469604492,0.1391576081514358,0.0,0.0
1730046234.1684375,0.3290661373919893,-0.868895951604742,0.6954323442054776,-2.127459868199814,0.4976031603409425,1.408341713920435,1.6922411330254246,0.0407793298363685,0.0407793298363685,-0.0003161047407096,0.0008253916855313,-0.0003459033083714,-0.0059212287431383,0.0041626391176578,0.0005816639812187,-0.0012835790969268,0.0,0.0,0.2495716959238052,5.573606967926025,-14.664854049682615,18.42838287353516,0.915597140789032,2.214933395385742,0.1702855378389358,0.0,0.0
1730046234.201812,0.3290576291379084,-0.8688984245872359,0.6954257151318066,-2.1274553129794675,0.4976013845366395,1.4083428172955696,1.6922467298159998,0.0407793298363685,0.0407793298363685,-0.001196349562505,-0.0012230188331635,0.001752512453694,-0.0021381068903643,-0.0003992243387026,-0.0008951795178394,0.0005376509968269,0.0,0.0,0.324950098991394,5.613279819488525,-14.629148483276367,18.388710021972656,0.932992160320282,2.244230270385742,0.1089452058076858,0.0,0.0
1730046234.235104,0.3290626588424412,-0.8688931156329598,0.6954275485567939,-2.127457920108156,0.4976028026526058,1.4083462396197002,1.6922398433886303,0.0407793298363685,0.0407793298363685,0.0003985013898983,-0.0002445517669324,0.000323721452769,-0.0050411030017773,-0.0055323378295564,0.0002545784615911,0.0009122279138918,0.0,0.0,0.2495716959238052,5.573606967926025,-14.629148483276367,18.42838287353516,0.915597140789032,2.214933395385742,0.1290868073701858,0.0,0.0
1730046234.2683911,0.3290691519299891,-0.8688956405268893,0.6954165789993371,-2.127457887154997,0.4975999693164933,1.4083498125260536,1.6922329079500755,0.0407793298363685,0.0407793298363685,0.0017515657182625,0.0009107607269602,-0.0015731104505044,-0.0066970810609997,-0.0004902835339111,0.0002497402450425,-0.0014852353486082,0.0,0.0,0.2098988443613052,5.573606967926025,-14.514097213745115,18.42838287353516,0.932992160320282,2.214933395385742,0.1904271394014358,0.0,0.0
1730046234.301812,0.3290682360764406,-0.8688956145152085,0.6954270730100617,-2.127455333362952,0.4975983500193695,1.408349871365303,1.692235145851969,0.040778998285532,0.040778998285532,0.0011256754336769,0.0001922155942986,0.0010365074551128,-0.001504869767071,0.0002208270703408,0.0002588498885051,-0.0001267595626598,0.0,0.0,0.1741932779550552,5.573606967926025,-14.664854049682615,18.388710021972656,0.915597140789032,2.224088668823242,0.1702855378389358,0.0,0.0
1730046234.3351054,0.3290657068345488,-0.8688958456596549,0.6954217874095961,-2.127453560096146,0.4975983456122858,1.408349990732781,1.692231496700436,0.040778998285532,0.040778998285532,0.0004209470392259,0.000501357011255,0.0028721227260543,0.0011407241062375,-1.3232400643154886e-05,-0.0002769951926077,-2.995656103266869e-05,0.0,0.0,0.2098988443613052,5.573606967926025,-14.589475631713867,18.353004455566406,0.915597140789032,2.224088668823242,0.1602147370576858,0.0,0.0
1730046234.368533,0.3290604045148224,-0.8688949037305855,0.6954253900900501,-2.127455577577424,0.4976015568964277,1.4083499313989536,1.6922259015689294,0.040778998285532,0.040778998285532,-0.0003814087891413,-0.0003021154502745,-0.0044205258573799,0.0068177143556106,0.009309760431643,-0.0003259617363638,-0.0025605127108372,0.0,0.0,0.285277247428894,5.573606967926025,-14.629148483276367,18.388710021972656,0.915597140789032,2.234159469604492,0.2105687409639358,0.0,0.0
1730046234.401766,0.3290657029099631,-0.8689012383877617,0.6954281197601452,-2.127456673241515,0.4975948399440595,1.4083490041976918,1.6922313057413354,0.040778998285532,0.040778998285532,0.0006671426202614,-0.0017067935474084,0.0003154307298062,-0.0004589055990515,-0.0001184283081642,-0.0004814379249757,0.0009907407906277,0.0,0.0,0.2098988443613052,5.648985385894775,-14.629148483276367,18.388710021972656,0.915597140789032,2.234159469604492,0.1190160065889358,0.0,0.0
1730046234.4351254,0.329062918850653,-0.8688987366255703,0.6954275773338784,-2.1274556819670725,0.4975983338304508,1.408353150043797,1.69222672808667,0.040778998285532,0.040778998285532,-0.0006342910384187,0.0001090177975272,-0.0001018051141549,-0.0007658927802095,1.3759505782159876e-05,-0.000578025452076,-0.0005094948813723,0.0,0.0,0.2495716959238052,5.613279819488525,-14.629148483276367,18.42838287353516,0.915597140789032,2.234159469604492,0.1602147370576858,0.0,0.0
1730046234.468464,0.3290629188502044,-0.8688952472398999,0.6954219059336034,-2.1274548512806724,0.4975963863352488,1.4083504749566735,1.6922335290837975,0.040778998285532,0.040778998285532,-0.0006443975780455,0.0006058459809312,-0.0025266578479384,-0.0010069978461839,-0.0005649812745546,9.14004890778975e-05,0.0020316619755798,0.0,0.0,0.2495716959238052,5.573606967926025,-14.589475631713867,18.388710021972656,0.932992160320282,2.224088668823242,0.0988744050264358,0.0,0.0
1730046234.5018263,0.3290629188502044,-0.8688885181492495,0.6954211488940915,-2.1274588626607547,0.4975972891057469,1.4083557714619404,1.6922287774150964,0.040778998285532,0.040778998285532,0.0001244024085755,0.0018149990601588,-0.0002951058644238,-0.0052746966118001,-0.0035394695619242,0.000198706624666,0.0022125870138179,0.0,0.0,0.2495716959238052,5.498228549957275,-14.589475631713867,18.42838287353516,0.924752414226532,2.214933395385742,0.0988744050264358,0.0,0.0
1730046234.5351057,0.3290604045248029,-0.8688949371143048,0.6954236000178772,-2.1274555988785924,0.4975994025872601,1.408356890979498,1.6922276960600449,0.040778998285532,0.040778998285532,-0.0013464728019434,-0.0001969293284757,0.0003822903006718,0.0013683153430414,0.0002911312531397,0.0008341083910679,0.0019872256598788,0.0,0.0,0.285277247428894,5.573606967926025,-14.629148483276367,18.353004455566406,0.906441867351532,2.204862594604492,0.1089452058076858,0.0,0.0
1730046234.5684378,0.3290657029100129,-0.8688952491651686,0.6954252464941898,-2.1274551105484263,0.4975993437882753,1.4083589552772628,1.692226537351807,0.040778998285532,0.040778998285532,9.906268169705196e-05,0.0003479523551411,0.0017199768770619,0.000209750433365,3.203744367182939e-06,0.0002475785181469,0.0007147673242642,0.0,0.0,0.2098988443613052,5.573606967926025,-14.629148483276367,18.388710021972656,0.906441867351532,2.214933395385742,0.1190160065889358,0.0,0.0
1730046234.6018622,0.3290629189592206,-0.868893819569617,0.6954267849140805,-2.1274546614047383,0.4975968341982669,1.4083546997706125,1.692218602775487,0.040778998285532,0.040778998285532,-0.0008538220363474,0.0001762150093504,-0.0002132250466191,-0.0003386396599892,0.0004609377958295,-0.0003495144970273,-0.0015302319307021,0.0,0.0,0.2495716959238052,5.573606967926025,-14.629148483276367,18.42838287353516,0.897286593914032,2.234159469604492,0.1904271394014358,0.0,0.0
1730046234.6351044,0.3290656942431716,-0.868895683010116,0.6954217480922291,-2.127460426705506,0.4975971404471971,1.408355823117322,1.692223026365144,0.040778998285532,0.040778998285532,0.0006773081329891,-0.00042820142519,-0.002706186169535,-0.0007103688107725,-0.0002520655648917,-9.141001133173225e-05,-0.0002088808309933,0.0,0.0,0.2098988443613052,5.613279819488525,-14.629148483276367,18.464088439941406,0.915597140789032,2.224088668823242,0.1501439362764358,0.0,0.0
1730046234.6684384,0.3290604131974671,-0.8688902976525427,0.6954218773908786,-2.1274582012791226,0.4975956164971533,1.4083558366755966,1.6922250259093696,0.040778998285532,0.040778998285532,-0.0010943903317559,0.0008169510566391,-0.0002822724340566,0.0108390080021628,0.0005350963916652,-0.0005262082382096,0.0006262147783632,0.0,0.0,0.285277247428894,5.537901401519775,-14.589475631713867,18.388710021972656,0.897286593914032,2.224088668823242,0.1290868073701858,0.0,0.0
1730046234.7017682,0.3290633628716023,-0.8688875846980996,0.6954250535420176,-2.127462350430468,0.4975939361565296,1.4083579983676038,1.6922181895352877,0.040778998285532,0.040778998285532,-2.6698111121445596e-05,0.0017516438251216,0.0014119485842861,-5.261346352703668e-06,-7.985008498440028e-06,-0.0005928156180839,-0.0013750347356635,0.0,0.0,0.2098988443613052,5.498228549957275,-14.664854049682615,18.388710021972656,0.915597140789032,2.234159469604492,0.1803563386201858,0.0,0.0
1730046234.7351055,0.3290657019469861,-0.8688927938438622,0.6954249225522254,-2.1274598163568483,0.4975949482531818,1.4083579375537576,1.6922251974143157,0.040778998285532,0.040778998285532,-0.0001667511745777,0.0003777202305619,0.0002288561479764,-0.0006586490214457,0.0004598652707726,-0.00047181153442,0.0020736196674415,0.0,0.0,0.2098988443613052,5.573606967926025,-14.629148483276367,18.353004455566406,0.906441867351532,2.234159469604492,0.0988744050264358,0.0,0.0
1730046234.7684386,0.3290629059049088,-0.8688984669925623,0.6954193715473354,-2.127459032022715,0.4975956568703157,1.4083583954221095,1.6922206500561967,0.040778998285532,0.040778998285532,-0.001371597113448,-0.0004153024697844,-0.0014913338320716,-0.0047158894368879,0.0005905658028002,-0.000479357507619,0.0011095555208869,0.0,0.0,0.2495716959238052,5.613279819488525,-14.553770065307615,18.353004455566406,0.897286593914032,2.234159469604492,0.1290868073701858,0.0,0.0
1730046234.8017912,0.3290653909054028,-0.8688937295709424,0.6954267714654799,-2.127458016429413,0.497596048359384,1.4083595274819185,1.692221768980225,0.0407793298363685,0.0407793298363685,-0.0006713462535527,-0.000237121074989,0.0007842256958119,0.0012412368433808,0.0001073718742369,-0.0003491702968834,0.0012307924050605,0.0,0.0,0.2098988443613052,5.573606967926025,-14.629148483276367,18.353004455566406,0.906441867351532,2.224088668823242,0.1190160065889358,0.0,0.0
1730046234.8351023,0.3290629188502043,-0.868895603688705,0.6954242126803938,-2.127459361555112,0.4975915114865059,1.4083631155620933,1.6922170264062526,0.0407793298363685,0.0407793298363685,0.0001524454294946,-0.001548875370066,0.0010887683018321,0.0055663565462723,-0.0022917148334696,-0.0006288505377157,-0.002043772126394,0.0,0.0,0.2495716959238052,5.613279819488525,-14.589475631713867,18.313331604003903,0.932992160320282,2.234159469604492,0.1904271394014358,0.0,0.0
1730046234.8684392,0.3290601705228504,-0.8688976366499607,0.6954239474525603,-2.127467063762037,0.497589571035212,1.408359902934872,1.6922195310244958,0.0407793298363685,0.0407793298363685,-0.0012686585765466,-0.001965039251359,0.0004699979404222,-8.492169712820646e-06,0.0016172724100209,-0.0001959739278365,0.0006532858733869,0.0,0.0,0.285277247428894,5.648985385894775,-14.589475631713867,18.42838287353516,0.870736300945282,2.224088668823242,0.1391576081514358,0.0,0.0
1730046234.9017937,0.329062918850212,-0.868893105526114,0.6954267710004464,-2.1274707275809863,0.4975887651644897,1.4083606654155427,1.6922228879580896,0.0407793298363685,0.0407793298363685,-0.0004102940843618,0.0001327309516096,0.0013417871224131,-0.0034480914633282,1.597803617699277e-05,0.0005738138773879,0.0014648890060107,0.0,0.0,0.2495716959238052,5.573606967926025,-14.629148483276367,18.42838287353516,0.915597140789032,2.214933395385742,0.1089452058076858,0.0,0.0
1730046234.9351048,0.3290638352991061,-0.8688928985375683,0.6954218796138398,-2.127472443664808,0.497587735476027,1.408363163328162,1.6922206500022847,0.040778998285532,0.040778998285532,0.0003655874584254,8.500733972082269e-05,-0.0002565009776051,0.001705040278554,-0.000323620819073,0.0002882094099887,0.0004875645946246,0.0,0.0,0.2098988443613052,5.573606967926025,-14.589475631713867,18.499794006347656,0.924752414226532,2.224088668823242,0.1290868073701858,0.0,0.0
1730046234.968516,0.3290629188502043,-0.8688927935255093,0.6954215882878435,-2.1274646472744205,0.4975829996317891,1.4083605447348335,1.6922206485042963,0.040778998285532,0.040778998285532,-0.0004826217567976,-0.0001328471478007,-0.0024808434513755,0.0002163838639237,-0.0004298598052097,0.0004514242874094,0.0004515301142714,0.0,0.0,0.2495716959238052,5.573606967926025,-14.553770065307615,18.388710021972656,0.924752414226532,2.214933395385742,0.1290868073701858,0.0,0.0
1730046235.0017684,0.3290604131974671,-0.8688905305737136,0.6954247304527122,-2.127464643513965,0.4975897815874036,1.4083610423646094,1.692214591342702,0.040778998285532,0.040778998285532,-0.0011439819907704,0.0001938716175325,-0.0015671364923502,-0.0054243622964643,0.0006069401734108,7.395591991225831e-05,-0.0014296331761854,0.0,0.0,0.285277247428894,5.537901401519775,-14.629148483276367,18.388710021972656,0.906441867351532,2.214933395385742,0.1803563386201858,0.0,0.0
1730046235.0351057,0.3290629188502043,-0.8688976932431786,0.6954246524870178,-2.1274636285367787,0.4975881952503712,1.4083621678922638,1.692213660074496,0.040778998285532,0.040778998285532,-0.0006589157180212,-0.0011141697966925,0.0006134775757628,0.0047203081394286,0.0002432662675541,0.0002548942169178,-0.0013882096408121,0.0,0.0,0.2495716959238052,5.613279819488525,-14.629148483276367,18.42838287353516,0.906441867351532,2.214933395385742,0.1904271394014358,0.0,0.0
1730046235.068438,0.3290629101833947,-0.8688902975331998,0.6954267613350351,-2.1274678861312424,0.4975852495606829,1.4083589181957137,1.6922128005640895,0.040778998285532,0.040778998285532,-0.0005725884039037,0.0009107120552115,-0.0003521579454359,0.0009529001165711,-0.0006635253388033,-0.0007905200224149,-0.0003340990843359,0.0,0.0,0.2495716959238052,5.537901401519775,-14.629148483276367,18.388710021972656,0.932992160320282,2.244230270385742,0.1602147370576858,0.0,0.0
1730046235.1017666,0.3290629188502043,-0.868892822517904,0.6954197955749731,-2.1274644177095454,0.4975861656422004,1.40836325386315,1.692216881417823,0.040778998285532,0.040778998285532,-5.406943740332828e-06,-3.284150297061141e-05,4.607491560721023e-05,0.0098410014624961,-0.0004666887540412,-0.0004292057689625,0.0009114209788039,0.0,0.0,0.2495716959238052,5.573606967926025,-14.589475631713867,18.388710021972656,0.924752414226532,2.234159469604492,0.1190160065889358,0.0,0.0
1730046235.1351037,0.3290657029099631,-0.8688903138695189,0.6954250316082983,-2.1274699954592164,0.4975851513845177,1.40836388763596,1.69221270608989,0.040778998285532,0.040778998285532,0.0009240708274034,0.0010521154753871,-0.0018214614648412,-0.000228723324935,-1.5642642110521245e-05,0.0001820180926372,-9.951850798124093e-05,0.0,0.0,0.2098988443613052,5.537901401519775,-14.589475631713867,18.42838287353516,0.906441867351532,2.224088668823242,0.1602147370576858,0.0,0.0
1730046235.1683805,0.3290657117283923,-0.8688951335597117,0.6954268666735565,-2.1274657111843576,0.497588123929487,1.4083640468919378,1.692209308933459,0.0407793298363685,0.0407793298363685,0.0007708827175793,-2.000982096008791e-05,0.0003116776017455,0.0025892577976892,0.0011287451817724,0.0001692858735472,-0.0012550982249967,0.0,0.0,0.2098988443613052,5.573606967926025,-14.629148483276367,18.388710021972656,0.888131320476532,2.224088668823242,0.1904271394014358,0.0,0.0
1730046235.2017665,0.3290656639630912,-0.868895841437503,0.6954196352722757,-2.1274707381984834,0.4975892517826789,1.4083661847802686,1.6922168814546354,0.0407793298363685,0.0407793298363685,0.0002041308901151,-0.0010832597083545,-0.0009568232689084,-9.192891239302546e-05,0.0006476655340717,0.0007760484539169,0.001373606519092,0.0,0.0,0.2098988443613052,5.613279819488525,-14.553770065307615,18.42838287353516,0.897286593914032,2.204862594604492,0.1190160065889358,0.0,0.0
1730046235.2351043,0.3290629149982962,-0.8688927935229399,0.6954221794968479,-2.1274674661654305,0.4975872215785094,1.408363254202414,1.6922090675100594,0.0407793298363685,0.0407793298363685,-0.0006243718386928,0.0004659593750376,-0.0006447452268584,-0.0002127703224533,0.0001815657816098,-0.0001288242701636,-0.0019850410607469,0.0,0.0,0.2495716959238052,5.573606967926025,-14.553770065307615,18.42838287353516,0.915597140789032,2.234159469604492,0.1904271394014358,0.0,0.0
1730046235.2684386,0.3290657029099631,-0.8688927935215539,0.6954194494463232,-2.1274682000752567,0.4975877422597065,1.408365307164499,1.6922157624215648,0.0407793298363685,0.0407793298363685,0.0006212001049029,-0.0013755305264123,-0.0009252909465795,0.0073970603534181,-0.0002240347105217,0.0002920667998425,0.0008957868076175,0.0,0.0,0.2098988443613052,5.573606967926025,-14.553770065307615,18.388710021972656,0.924752414226532,2.214933395385742,0.1290868073701858,0.0,0.0
1730046235.301767,0.3290628408446611,-0.8688927935215628,0.6954199443341236,-2.1274656288091034,0.4975872207002801,1.408364415062798,1.6922190208087369,0.040778998285532,0.040778998285532,-0.0007732972346127,-0.00025607468961,-0.0024666151338203,0.0072585705309016,-0.0006130069690444,-0.0001043598185056,0.0003602496347685,0.0,0.0,0.2495716959238052,5.573606967926025,-14.514097213745115,18.388710021972656,0.924752414226532,2.224088668823242,0.1290868073701858,0.0,0.0
1730046235.3351047,0.3290636312165702,-0.8688927935215465,0.6954217927724027,-2.1274732653515493,0.4975854992292815,1.4083632960849335,1.6922168948083542,0.040778998285532,0.040778998285532,-0.0014066740092454,-0.0004289495965784,-0.0022550658218187,-0.0005610862712908,0.0005211285594229,-0.0004807283963103,0.0007161211065214,0.0,0.0,0.2495716959238052,5.573606967926025,-14.553770065307615,18.464088439941406,0.906441867351532,2.234159469604492,0.1190160065889358,0.0,0.0
1730046235.3684387,0.3290688023528373,-0.8688937555400106,0.6954250158459382,-2.127470472621838,0.4975885955118477,1.4083654323154104,1.6922191193550824,0.040778998285532,0.040778998285532,0.0006180590582886,0.0002155587460905,0.0058275961155219,-0.0036019131496843,6.38028873808172e-05,0.00022876884751,0.0011766468712688,0.0,0.0,0.2098988443613052,5.573606967926025,-14.589475631713867,18.499794006347656,0.915597140789032,2.214933395385742,0.0988744050264358,0.0,0.0
1730046235.4017687,0.3290560776445728,-0.8688949265156857,0.6954193901816309,-2.1274682585231006,0.4975860336344483,1.4083665512932668,1.6922165281866433,0.040778998285532,0.040778998285532,-0.0031425478776042,-9.723566253118811e-05,-0.0011231598849098,-0.0001031046618553,0.0006783279163304,0.0007233324357837,0.0012385297731322,0.0,0.0,0.360655665397644,5.573606967926025,-14.553770065307615,18.42838287353516,0.897286593914032,2.204862594604492,0.1190160065889358,0.0,0.0
1730046235.435113,0.3290657029099632,-0.8688931055261249,0.695425667444678,-2.1274674761711228,0.497587704051605,1.408363295587623,1.6922078272051293,0.040778998285532,0.040778998285532,0.0009571787180127,-0.0006559860810195,-0.001575530989312,-0.0011743338646205,-0.0002275639410623,-0.0027918396558595,-0.0023674726018698,0.0,0.0,0.2098988443613052,5.573606967926025,-14.629148483276367,18.42838287353516,0.915597140789032,2.234159469604492,0.2004979401826858,0.0,0.0
1730046235.4685116,0.3290604131974654,-0.8688928715585156,0.695419683846572,-2.1274677065247016,0.4975842026517329,1.4083664793779174,1.6922089468290409,0.040778998285532,0.040778998285532,-0.0009233843064856,-0.0004879546027849,-0.0003447777551847,-0.0001927531355278,-0.0003687025492213,-0.0001243375724008,-0.0012386941809092,0.0,0.0,0.285277247428894,5.573606967926025,-14.589475631713867,18.42838287353516,0.924752414226532,2.234159469604492,0.1904271394014358,0.0,0.0
1730046235.5017705,0.3290629230484135,-0.868895577581307,0.6954178802201783,-2.127474787662782,0.4975896115388444,1.4083654747009309,1.6922168813993532,0.040778998285532,0.040778998285532,-0.0001755315112841,-0.0010257733736783,-0.005979431021008,-0.0081572602833056,0.0002622921147466,-9.260172697500089e-05,0.00090119906042,0.0,0.0,0.2495716959238052,5.613279819488525,-14.553770065307615,18.499794006347656,0.906441867351532,2.224088668823242,0.1190160065889358,0.0,0.0
1730046235.5351052,0.3290657058534042,-0.8688909810477071,0.695419475510907,-2.1274643760657006,0.4975862463620118,1.408366663980978,1.6922054721578743,0.040778998285532,0.040778998285532,-0.0028283653261956,0.0004025224335827,-0.0010719886785629,0.0016439861970083,0.0002045580337577,0.000106249483853,-0.0036775900595318,0.0,0.0,0.2098988443613052,5.537901401519775,-14.553770065307615,18.353004455566406,0.906441867351532,2.214933395385742,0.2206395417451858,0.0,0.0
1730046235.5684967,0.3290625599460489,-0.8688927935215465,0.6954219810731677,-2.1274644309508006,0.4975873001491819,1.408368624329991,1.692204350649024,0.040778998285532,0.040778998285532,-0.0012410203821194,-0.0001719192381436,-0.0029902678735496,0.0007255122457641,0.0001288724958172,0.0003104434764328,-0.0009609830562504,0.0,0.0,0.285277247428894,5.573606967926025,-14.589475631713867,18.388710021972656,0.915597140789032,2.214933395385742,0.1904271394014358,0.0,0.0
1730046235.6018393,0.3290604131974672,-0.8688927935373979,0.6954201690878623,-2.127466894787353,0.4975873370184824,1.408365474865092,1.6922145270853997,0.0407786704599857,0.0407786704599857,-0.0014169914411999,-0.0006799803866842,-0.0014872285311724,0.0003379263015813,-0.0005336803496535,-0.0002279157805636,0.0020412778160955,0.0,0.0,0.285277247428894,5.573606967926025,-14.553770065307615,18.388710021972656,0.924752414226532,2.224088668823242,0.0988744050264358,0.0,0.0
1730046235.635103,0.3290682085518574,-0.8688927935215465,0.6954240522009961,-2.127462585518136,0.4975897423418149,1.4083691657495545,1.6922054103412922,0.0407786704599857,0.0407786704599857,0.0015438358081389,-0.0002881605673762,-5.692199968454395e-06,0.005323339898335,0.000391296076991,-0.0002020435376244,-0.0018663739483552,0.0,0.0,0.1741932779550552,5.573606967926025,-14.589475631713867,18.353004455566406,0.906441867351532,2.224088668823242,0.1904271394014358,0.0,0.0
1730046235.6684406,0.3290629188503539,-0.8688875038080048,0.6954218712840028,-2.127464742301874,0.4975872366747594,1.4083664919774677,1.6922068721416004,0.0407786704599857,0.0407786704599857,-0.0007533977013066,0.0018167878928866,-0.0001338160920146,0.0007468908286881,-0.000537283912107,-3.115108071795717e-05,-0.0014731826733475,0.0,0.0,0.2495716959238052,5.498228549957275,-14.589475631713867,18.388710021972656,0.924752414226532,2.214933395385742,0.1803563386201858,0.0,0.0
1730046235.701817,0.3290604131974672,-0.8688875038080048,0.695424641888062,-2.1274667611893188,0.4975865516379148,1.408365903914364,1.6922102418880414,0.0407786704599857,0.0407786704599857,-0.0009999231903362,0.002411935583388,-0.0009498645729952,-0.000231060972097,0.000342276673717,0.000341609098938,-3.069564760285257e-05,0.0,0.0,0.285277247428894,5.498228549957275,-14.589475631713867,18.42838287353516,0.906441867351532,2.214933395385742,0.1501439362764358,0.0,0.0
1730046235.7351065,0.3290682085633057,-0.8688949879677812,0.6954243263366657,-2.1274630766886995,0.4975866039810579,1.408366520220993,1.69220988992643,0.040778998285532,0.040778998285532,0.0014391486602792,-0.0025515043738675,-0.0042059667773058,0.0019458707968842,0.0005371100669868,-0.000675830088243,-0.0014776449474522,0.0,0.0,0.1741932779550552,5.648985385894775,-14.589475631713867,18.388710021972656,0.906441867351532,2.234159469604492,0.1803563386201858,0.0,0.0
1730046235.768439,0.3290629188502209,-0.8688900229582127,0.6954274903839794,-2.127467066826263,0.4975863182131385,1.408370143938486,1.692213604278664,0.040778998285532,0.040778998285532,-0.0010839162051842,0.0017706282960639,0.0008307102508117,0.0020895195737229,-0.0006883921878847,0.0003379989442303,0.0018057551879636,0.0,0.0,0.2495716959238052,5.537901401519775,-14.629148483276367,18.464088439941406,0.924752414226532,2.214933395385742,0.1089452058076858,0.0,0.0
1730046235.8017678,0.3290656942411911,-0.8688955775808564,0.6954217374570514,-2.1274644023703897,0.4975840548546068,1.4083698416341517,1.6922121179527725,0.040778998285532,0.040778998285532,0.0004353086985488,-0.0008512017035997,-0.000823757819553,0.0039555848663797,-1.875672526510096e-05,0.0002613239462681,0.000959385170714,0.0,0.0,0.2098988443613052,5.613279819488525,-14.553770065307615,18.388710021972656,0.915597140789032,2.214933395385742,0.1190160065889358,0.0,0.0
1730046235.835106,0.3290657029099142,-0.8688927935215464,0.6954168128374673,-2.127470408629608,0.4975895640928822,1.4083709664334547,1.692215587815932,0.040778998285532,0.040778998285532,0.0001284369524798,-0.000345218940115,-0.0017248247975545,0.0031691276647652,0.0057321332663593,0.000548518483705,0.0007137123549119,0.0,0.0,0.2098988443613052,5.573606967926025,-14.514097213745115,18.42838287353516,0.897286593914032,2.204862594604492,0.1290868073701858,0.0,0.0
1730046235.8684375,0.3290604131974671,-0.868887503807955,0.6954112427981164,-2.127467802077799,0.4975860895318935,1.4083677574829545,1.6922168290097337,0.040778998285532,0.040778998285532,-0.0017777900615617,0.0023101166566153,-0.0029997174589644,-0.0012512370081208,0.0001908134732409,3.117629288235771e-05,0.0010608572909808,0.0,0.0,0.285277247428894,5.498228549957275,-14.438718795776367,18.42838287353516,0.906441867351532,2.224088668823242,0.1190160065889358,0.0,0.0
1730046235.9017675,0.3290682085637459,-0.8688902878314081,0.6954238879748698,-2.127462479927765,0.497585246871886,1.4083690082291564,1.692206767560968,0.040778998285532,0.040778998285532,0.0010188934800655,0.0007890907401514,0.000578208413572,0.0016366850423707,-0.002097811879339,0.000396748385989,-0.0024280953505403,0.0,0.0,0.1741932779550552,5.537901401519775,-14.629148483276367,18.353004455566406,0.942147433757782,2.214933395385742,0.2004979401826858,0.0,0.0
1730046235.9351,0.3290604131974671,-0.8688902878672484,0.6954218683912532,-2.127470655241884,0.4975875850369026,1.4083670210667532,1.6922100495239965,0.0407796576619148,0.0407796576619148,-0.0016707106914025,0.0008449034072629,0.0001606210657899,-0.0009903873779677,0.0001172815094953,0.000382716460813,0.0003028287131382,0.0,0.0,0.285277247428894,5.537901401519775,-14.589475631713867,18.42838287353516,0.924752414226532,2.214933395385742,0.1391576081514358,0.0,0.0
1730046235.968505,0.329063752824658,-0.8688954951650006,0.6954246556668281,-2.1274657643668538,0.497584480753718,1.4083665906449028,1.6922100104157396,0.0407796576619148,0.0407796576619148,-0.0004821260464706,0.0001784576289459,0.0024300815852996,0.0008638099238123,0.0003838753081522,-0.0011841475114882,-0.0005284471404509,0.0,0.0,0.2495716959238052,5.613279819488525,-14.629148483276367,18.388710021972656,0.897286593914032,2.244230270385742,0.1391576081514358,0.0,0.0
1730046236.0018804,0.3290657941565798,-0.8688902878677632,0.6954151246976338,-2.1274669951800087,0.4975847365265516,1.4083691834103795,1.6922075529980496,0.0407796576619148,0.0407796576619148,0.0008177617681204,0.002322828863573,-0.0055347521484687,-0.0017449548372401,-0.0011769797395215,-8.92129964367327e-06,-0.0003424289340616,0.0,0.0,0.2098988443613052,5.537901401519775,-14.478391647338867,18.388710021972656,0.942147433757782,2.224088668823242,0.1602147370576858,0.0,0.0
1730046236.035113,0.3290629188502043,-0.8688927934125301,0.6954197965548566,-2.127463986052689,0.4975850142037675,1.4083649434256291,1.6922075996037642,0.0407796576619148,0.0407796576619148,0.0006772294209022,2.398776013985872e-06,-0.0044669873707376,0.0007207646298099,0.0002178491226501,0.0001143310578447,-0.000812694324097,0.0,0.0,0.2495716959238052,5.573606967926025,-14.589475631713867,18.388710021972656,0.906441867351532,2.224088668823242,0.1702855378389358,0.0,0.0
1730046236.0684395,0.329068208563746,-0.8688902867776008,0.6954222574422855,-2.127470103957811,0.4975852435761766,1.408365594380262,1.6922086125515772,0.0407793298363685,0.0407793298363685,0.0012608381789844,0.0007743206893794,-0.0018372218422193,-5.469999332190017e-05,0.0005067716765014,0.000286571803586,-0.0003387190578055,0.0,0.0,0.1741932779550552,5.537901401519775,-14.553770065307615,18.42838287353516,0.932992160320282,2.214933395385742,0.1602147370576858,0.0,0.0
1730046236.101824,0.3290629188502043,-0.8688952596898608,0.6954201774635995,-2.127466393443349,0.497580932418518,1.4083691790557598,1.6922064165926742,0.0407793298363685,0.0407793298363685,-0.0003658818376541,-0.0007106164547407,-0.000231610874687,-0.0021847331072638,0.0018842335512521,8.871911119359928e-05,-0.0005557283702764,0.0,0.0,0.2495716959238052,5.613279819488525,-14.553770065307615,18.353004455566406,0.932992160320282,2.224088668823242,0.1702855378389358,0.0,0.0
1730046236.1351123,0.3290657029099632,-0.8688927935094333,0.6954278601154126,-2.127470509741624,0.4975772366861609,1.4083691698472338,1.692204182818121,0.0407793298363685,0.0407793298363685,0.0005070953686621,0.0003834492086154,0.0019290013149694,0.0042849196639377,-0.0009667184931337,0.0001262421597806,-0.0019850974431307,0.0,0.0,0.2098988443613052,5.573606967926025,-14.664854049682615,18.42838287353516,0.932992160320282,2.224088668823242,0.1904271394014358,0.0,0.0
1730046236.168424,0.3290657029099632,-0.8688934318140932,0.695419441063584,-2.127469937052642,0.4975791260224557,1.408366788010485,1.692214394598649,0.0407793298363685,0.0407793298363685,-0.0002749802599352,-0.0014988208692362,-0.0009723798954812,-0.0005016793561374,-0.0002336744488871,-0.0012629300883944,0.002123329965114,0.0,0.0,0.2098988443613052,5.613279819488525,-14.553770065307615,18.464088439941406,0.915597140789032,2.244230270385742,0.0988744050264358,0.0,0.0
1730046236.201718,0.3290629188502044,-0.8688902878677635,0.6954200679399063,-2.127471043303564,0.4975801867187462,1.4083677112457995,1.6922134091372316,0.0407793298363685,0.0407793298363685,-0.0003991712525649,0.0012007607023675,-0.0003221186287222,-0.0026701300391967,0.0003160024405074,-0.0006182663221569,0.0003842086988078,0.0,0.0,0.2495716959238052,5.537901401519775,-14.553770065307615,18.464088439941406,0.906441867351532,2.234159469604492,0.1391576081514358,0.0,0.0
1730046236.2351117,0.3290658216242763,-0.8688924756287615,0.6954224047994972,-2.127471005833228,0.4975790423088852,1.4083680644565155,1.6922155724502237,0.0407793298363685,0.0407793298363685,0.0008662487987899,0.0005694642771221,0.003736027540806,0.0003281168940725,0.0020049179685442,-0.0005420280530555,0.0019760527130503,0.0,0.0,0.2098988443613052,5.573606967926025,-14.553770065307615,18.42838287353516,0.888131320476532,2.234159469604492,0.0988744050264358,0.0,0.0
1730046236.2684414,0.3290657029099632,-0.8688902878677137,0.6954218702922531,-2.127470035296827,0.4975785498193885,1.408370213768937,1.6922142916438392,0.040778998285532,0.040778998285532,0.0008004991048653,0.0015965769375582,-0.0002890752595787,0.0001622033660418,0.0068170156988001,0.0002049364635749,0.0016148291960015,0.0,0.0,0.2098988443613052,5.537901401519775,-14.589475631713867,18.42838287353516,0.924752414226532,2.214933395385742,0.1089452058076858,0.0,0.0
1730046236.301767,0.3290629179240147,-0.868897359149033,0.6954222179163257,-2.1274682674061225,0.4975810862328527,1.4083701876030383,1.692203059481662,0.040778998285532,0.040778998285532,-0.0020787538019943,-0.002138228723068,-0.0014961527166782,0.0078749621480487,0.0043842332614976,0.0002817306534885,-0.0025219916831668,0.0,0.0,0.2495716959238052,5.648985385894775,-14.589475631713867,18.464088439941406,0.897286593914032,2.214933395385742,0.2004979401826858,0.0,0.0
1730046236.3351,0.3290629188502044,-0.8688906438239167,0.6954218722437003,-2.127467737768675,0.4975801866642293,1.4083680644565075,1.692208829562506,0.040778998285532,0.040778998285532,-0.0007401703808756,0.000444421691961,-0.00047653350256,0.0071621941031987,0.0001427299249834,-0.0005068959518181,-0.0012011625647674,0.0,0.0,0.2495716959238052,5.573606967926025,-14.589475631713867,18.388710021972656,0.906441867351532,2.234159469604492,0.1803563386201858,0.0,0.0
1730046236.3685064,0.3290578675562875,-0.868898083235086,0.6954246041421747,-2.127468065988434,0.4975791694653288,1.4083680649403687,1.6922063561377556,0.040778998285532,0.040778998285532,-0.002327504542624,-0.001238340487185,0.0048137906086049,-0.0025594284743542,1.6982206217366487e-05,-0.0003571631516313,-0.0021893711850716,0.0,0.0,0.324950098991394,5.648985385894775,-14.589475631713867,18.42838287353516,0.915597140789032,2.234159469604492,0.2004979401826858,0.0,0.0
1730046236.4017763,0.3290657029099632,-0.8688927935215243,0.6954246521165357,-2.1274693125348176,0.497578773633915,1.4083691848879414,1.692205310519494,0.040778998285532,0.040778998285532,0.0004179768456357,-0.0004903874569559,0.0002614734691212,0.0008553580833935,-0.0002701435314327,-0.000167394572428,-0.0012629843098364,0.0,0.0,0.2098988443613052,5.573606967926025,-14.629148483276367,18.388710021972656,0.906441867351532,2.224088668823242,0.1803563386201858,0.0,0.0
1730046236.435114,0.3290629188502043,-0.86889279348386,0.6954252451356416,-2.127473525650224,0.4975792075860604,1.4083669469501463,1.6922124662404907,0.040778998285532,0.040778998285532,0.0003865852664463,0.0003427246046449,0.002623768282786,-9.406070507001691e-05,4.1458826941775325e-05,-0.0005849896030952,0.0008064763430043,0.0,0.0,0.2495716959238052,5.573606967926025,-14.664854049682615,18.42838287353516,0.915597140789032,2.244230270385742,0.1190160065889358,0.0,0.0
1730046236.4685004,0.3290682085637459,-0.8688980802911336,0.6954191199036076,-2.127473192111321,0.4975833921253745,1.4083691965163323,1.6922098808869082,0.040778998285532,0.040778998285532,0.0016117579122078,-0.0019986593942507,-0.0009359131145081,-0.0005453764755409,1.73450370858574e-05,-0.0002720863376298,-6.351894723204678e-05,0.0,0.0,0.1741932779550552,5.648985385894775,-14.553770065307615,18.464088439941406,0.906441867351532,2.224088668823242,0.1391576081514358,0.0,0.0
1730046236.501767,0.3290660144398245,-0.8688927921041854,0.6954268303332749,-2.127475238932013,0.4975797343795263,1.408370243073175,1.6922110071379228,0.040778998285532,0.040778998285532,-0.0009136184703444,-0.00105697208873,0.0018641075066356,-0.0023934855480468,0.0003761622517516,5.27840425865912e-05,0.0015356156609454,0.0,0.0,0.2495716959238052,5.573606967926025,-14.664854049682615,18.53946685791016,0.897286593914032,2.224088668823242,0.1290868073701858,0.0,0.0
1730046236.5351048,0.3290629188502045,-0.8688955775808566,0.6954200689205312,-2.1274715344647115,0.4975801823573403,1.4083692418324365,1.692212152273628,0.040778998285532,0.040778998285532,-0.0005270167713063,-0.0006360743327393,-0.0001739392551508,-0.0046312967917334,-0.0029661245585511,-0.0002852614931446,0.0012286862717406,0.0,0.0,0.2495716959238052,5.613279819488525,-14.553770065307615,18.42838287353516,0.906441867351532,2.234159469604492,0.1190160065889358,0.0,0.0
1730046236.5684388,0.3290657028070033,-0.8688927925282852,0.6954217004553461,-2.127471855434436,0.497578197836367,1.4083680644824637,1.6922141861067532,0.040778998285532,0.040778998285532,0.0003323415002783,0.0001972533479655,-0.0001270336506177,-0.0048166515247532,-0.0003982239269568,-0.0003470353041428,0.0005366200282858,0.0,0.0,0.2098988443613052,5.573606967926025,-14.589475631713867,18.42838287353516,0.924752414226532,2.234159469604492,0.1290868073701858,0.0,0.0
1730046236.601832,0.3290629188502043,-0.8688902083585152,0.6954240781302546,-2.1274757498828936,0.4975790747458736,1.4083703184247758,1.6922121130816394,0.040778998285532,0.040778998285532,-0.0005721435468312,0.0008711896944923,0.0006633048015456,-0.0019444581499014,0.0001899518820987,0.0005156541071866,0.0008811304882707,0.0,0.0,0.2495716959238052,5.537901401519775,-14.589475631713867,18.499794006347656,0.906441867351532,2.214933395385742,0.1190160065889358,0.0,0.0
1730046236.6351037,0.3290604131974671,-0.8688902878677573,0.6954193641283891,-2.12747145808272,0.4975768769833913,1.4083703708327866,1.6922152341106955,0.040778998285532,0.040778998285532,-0.0041311409750626,0.000797049278987,0.000717921062307,-0.0021923570844593,0.0001901959433483,0.0002625708050377,0.0010398099113668,0.0,0.0,0.285277247428894,5.537901401519775,-14.553770065307615,18.42838287353516,0.906441867351532,2.214933395385742,0.1290868073701858,0.0,0.0
1730046236.6683853,0.3290682115091949,-0.8688902790334063,0.6954218770581686,-2.127471066183609,0.4975790088511749,1.4083734992856864,1.692210994534448,0.040778998285532,0.040778998285532,0.0005928733525425,0.0005572551322215,-0.0001901155615489,-0.0007185269105454,7.703723232200567e-05,0.0001072356398563,0.000217669006271,0.0,0.0,0.1741932779550552,5.537901401519775,-14.589475631713867,18.42838287353516,0.906441867351532,2.214933395385742,0.1290868073701858,0.0,0.0
1730046236.701802,0.3290604131974672,-0.8688934229837736,0.695419363165413,-2.127473271814334,0.4975798319959153,1.4083724382689742,1.6922065343661234,0.040778998285532,0.040778998285532,-0.0018090447282409,-0.000377300531768,-0.0004369101441266,0.0027940921305756,2.636362937146324e-05,-0.0006399231909187,-0.0014917736351947,0.0,0.0,0.285277247428894,5.613279819488525,-14.553770065307615,18.464088439941406,0.906441867351532,2.234159469604492,0.1702855378389358,0.0,0.0
1730046236.7351048,0.3290657029099659,-0.8688880626276919,0.6954267586223607,-2.1274695113821336,0.4975788148534596,1.408370261239861,1.6922041321996868,0.040778998285532,0.040778998285532,0.0003704299603745,0.0010610405268576,-0.0012128301782637,-0.0018229839796015,-3.5697501333247174e-05,-0.0002519641327442,-0.0022136195772369,0.0,0.0,0.2098988443613052,5.537901401519775,-14.629148483276367,18.42838287353516,0.915597140789032,2.224088668823242,0.2004979401826858,0.0,0.0
1730046236.7684636,0.3290657029099798,-0.8688927935215298,0.6954193624217282,-2.127470772996074,0.497579987337175,1.408373816391583,1.6922041959538978,0.040778998285532,0.040778998285532,0.0006013229459269,0.0006269541917715,0.0036298899517617,0.0050647345977601,0.0004175915923997,-0.0002127580865667,-0.0017639962648277,0.0,0.0,0.2098988443613052,5.573606967926025,-14.553770065307615,18.42838287353516,0.897286593914032,2.224088668823242,0.1904271394014358,0.0,0.0
1730046236.801767,0.3290655268505356,-0.8688955775813051,0.6954239734185519,-2.1274707646129007,0.4975776318798625,1.4083713000743934,1.6922132320774164,0.040778998285532,0.040778998285532,-0.0033172569539836,-0.0010139759591979,-0.0006364860088513,-0.0016792758069639,0.0003772788872353,0.0003502129295005,0.0015035293474655,0.0,0.0,0.1741932779550552,5.613279819488525,-14.589475631713867,18.464088439941406,0.897286593914032,2.214933395385742,0.1089452058076858,0.0,0.0
1730046236.8351035,0.3290604527699324,-0.8688895686874399,0.6954196294403626,-2.127470683743995,0.497578109825304,1.4083705545460483,1.692211007131868,0.040778998285532,0.040778998285532,-0.0012171446931223,0.0013844972233014,0.0017049807864378,-0.0001689680167571,-0.0001918475415829,0.0004255540328383,0.000811106604235,0.0,0.0,0.285277247428894,5.537901401519775,-14.514097213745115,18.42838287353516,0.915597140789032,2.214933395385742,0.1290868073701858,0.0,0.0
1730046236.8684723,0.3290657029099632,-0.8688927582002755,0.6954193633237171,-2.1274706744733165,0.4975788157500427,1.4083745634382665,1.692205297453367,0.040778998285532,0.040778998285532,-0.0001056266013832,-0.0003352601231333,0.0045009842795682,0.0022266745434321,-0.0004175119170951,0.0001699174189723,-0.001863439389375,0.0,0.0,0.2098988443613052,5.573606967926025,-14.553770065307615,18.42838287353516,0.915597140789032,2.214933395385742,0.1803563386201858,0.0,0.0
1730046236.9018035,0.3290636181747697,-0.8688925550544658,0.6954171502508817,-2.127473626294555,0.4975801865560914,1.4083712566750757,1.692215469961365,0.0407786704599857,0.0407786704599857,0.0001715224462729,-0.0006590001125017,-0.002749655183311,-0.0007049706322221,-0.0002786355887241,-0.0005552612269271,0.0022300065106154,0.0,0.0,0.285277247428894,5.573606967926025,-14.553770065307615,18.42838287353516,0.906441867351532,2.234159469604492,0.0888036042451858,0.0,0.0
1730046236.9351056,0.3290635968790325,-0.8688925518324737,0.6954198179206909,-2.127472895657842,0.4975801310863246,1.4083746211706156,1.692208706696727,0.0407786704599857,0.0407786704599857,-0.0001223990746111,-0.0002457793877066,-0.0005951631373085,-0.0003326637105585,0.0007042664884626,0.0006162853415003,-0.0001246648550213,0.0,0.0,0.2098988443613052,5.573606967926025,-14.553770065307615,18.464088439941406,0.897286593914032,2.204862594604492,0.1501439362764358,0.0,0.0
1730046236.9683802,0.3290629188026499,-0.8688927930852651,0.695418639905053,-2.127465396947407,0.4975791694652139,1.4083749165689563,1.6922122307653422,0.0407786704599857,0.0407786704599857,-0.0002171060552448,0.000167106050889,-0.0008035771030606,0.0033382464897617,-0.0002965553663943,0.0003574950805532,0.0008130011716701,0.0,0.0,0.2495716959238052,5.573606967926025,-14.553770065307615,18.353004455566406,0.915597140789032,2.214933395385742,0.1190160065889358,0.0,0.0
1730046237.0018122,0.32906570290556,-0.8688927931931517,0.695421095251783,-2.127467802188039,0.4975797937689,1.4083749674249009,1.692209993312074,0.0407786704599857,0.0407786704599857,0.0008747743681029,1.6445470277722413e-05,0.0027526936724485,0.0028318342257531,-1.0970437962992283e-05,0.0001333250687005,2.4126921865663564e-05,0.0,0.0,0.2098988443613052,5.573606967926025,-14.589475631713867,18.42838287353516,0.906441867351532,2.214933395385742,0.1391576081514358,0.0,0.0
1730046237.0351045,0.3290628948570258,-0.8688881419915351,0.6954183099765322,-2.1274679074608835,0.4975809746042901,1.4083702577755746,1.692210994103742,0.0407786704599857,0.0407786704599857,1.4396132898694508e-05,0.0004829803898029,-0.0006300214586786,-0.0034334637770783,0.0033895558332956,-0.000150774742961,0.000284930543046,0.0,0.0,0.2098988443613052,5.537901401519775,-14.553770065307615,18.388710021972656,0.870736300945282,2.224088668823242,0.1290868073701858,0.0,0.0
1730046237.0683975,0.3290656903893535,-0.8688927670265555,0.6954193217462483,-2.1274698301818424,0.4975745364886367,1.4083713175522543,1.6922141734490412,0.0407786704599857,0.0407786704599857,-0.0004279173857266,-0.0006347726810522,-7.313113287999794e-05,7.983965269026171e-05,-0.0004408031136385,-8.655854604342899e-05,0.0004646279644809,0.0,0.0,0.2098988443613052,5.573606967926025,-14.589475631713867,18.42838287353516,0.915597140789032,2.214933395385742,0.1290868073701858,0.0,0.0
1730046237.101766,0.3290657029099631,-0.8688900481409891,0.695419601572796,-2.127468233158497,0.4975782030494962,1.4083748462881047,1.6922121130277714,0.0407786704599857,0.0407786704599857,0.0002291522240372,0.000995362514192,-0.0002287675427694,0.0002298969371189,-0.0019326488745819,0.0001147388546549,0.0014220183971347,0.0,0.0,0.2098988443613052,5.537901401519775,-14.589475631713867,18.42838287353516,0.906441867351532,2.214933395385742,0.1190160065889358,0.0,0.0
1730046237.135105,0.329064997677836,-0.868889928568628,0.6954224654983815,-2.127471057975443,0.4975757715532499,1.4083714354174286,1.6922064120525373,0.0407786704599857,0.0407786704599857,-0.0002762076393408,0.0001212972831755,-0.003012823453743,0.0004266181253238,0.0001657775029126,0.0003094300597869,-0.0010131577017419,0.0,0.0,0.2098988443613052,5.573606967926025,-14.629148483276367,18.464088439941406,0.906441867351532,2.214933395385742,0.1702855378389358,0.0,0.0
1730046237.168542,0.3290626847397214,-0.8688902849122095,0.6954218772019254,-2.1274646566052398,0.4975775800623077,1.4083748498076294,1.6922132232843343,0.0407786704599857,0.0407786704599857,-0.0007499069296505,0.0014726860597371,-0.0048587667669539,0.0009927072893193,-0.000209931602562,0.0004292568553318,0.0015039242166864,0.0,0.0,0.2495716959238052,5.537901401519775,-14.589475631713867,18.388710021972656,0.915597140789032,2.214933395385742,0.1089452058076858,0.0,0.0
1730046237.201851,0.3290697520608047,-0.8688927580912426,0.6954229088997352,-2.127473275181673,0.4975764367531501,1.408374493254848,1.69220865436892,0.0407786704599857,0.0407786704599857,0.0022083970318918,-0.0007166423715042,0.0008007095777289,-0.0009818308223772,0.0002698206355693,0.000540474550988,-1.3437630064825234e-05,0.0,0.0,0.1384877115488052,5.573606967926025,-14.589475631713867,18.464088439941406,0.897286593914032,2.214933395385742,0.1501439362764358,0.0,0.0
1730046237.235104,0.3290635968791811,-0.8688927905657948,0.6954211090186438,-2.1274676280139726,0.4975754066370569,1.4083737391376987,1.692213232005636,0.040778998285532,0.040778998285532,0.0003863455331257,-0.0005155202515231,0.004343102884091,0.0010307226295972,0.0003510727659821,0.0003488533195187,0.0019528263464622,0.0,0.0,0.2098988443613052,5.573606967926025,-14.553770065307615,18.388710021972656,0.906441867351532,2.214933395385742,0.1089452058076858,0.0,0.0
1730046237.2683983,0.3290656913529177,-0.8688900229218915,0.6954207858347421,-2.1274691392235616,0.4975744011005248,1.4083734762796143,1.692209875072141,0.040778998285532,0.040778998285532,0.0004020321488255,0.0006117158393932,-0.000141251032972,-0.0003920743831658,-2.423628118615364e-06,-2.0202833575873343e-05,0.0003515463961934,0.0,0.0,0.2098988443613052,5.537901401519775,-14.589475631713867,18.464088439941406,0.915597140789032,2.224088668823242,0.1391576081514358,0.0,0.0
1730046237.301767,0.3290656769095805,-0.8688881421001009,0.6954221160229642,-2.127465554557225,0.4975743666809124,1.4083749290922405,1.6922121130277714,0.040778998285532,0.040778998285532,0.0005409106103824,0.0010726742589243,0.0007722053148684,-0.0006511804767435,0.0002633861833855,0.0002539391883096,0.0002916216570565,0.0,0.0,0.2098988443613052,5.537901401519775,-14.629148483276367,18.353004455566406,0.906441867351532,2.214933395385742,0.1190160065889358,0.0,0.0
1730046237.3351054,0.3290681305612848,-0.868894782852542,0.6954271580553217,-2.127470659324598,0.4975755368079216,1.4083691435311807,1.692209875556559,0.040778998285532,0.040778998285532,0.0013296354504371,-0.0013356220390216,0.0011994395228339,-1.9276120525533005e-05,2.199500507412419e-05,-0.0001529500171769,1.839332045100622e-05,0.0,0.0,0.1741932779550552,5.613279819488525,-14.664854049682615,18.42838287353516,0.906441867351532,2.234159469604492,0.1391576081514358,0.0,0.0
1730046237.3684387,0.3290635965581826,-0.868890287758293,0.6954214764219891,-2.127473265090196,0.4975755491712933,1.4083716491530158,1.6922109940499095,0.0407793298363685,0.0407793298363685,0.0009403492725963,0.0008263834467391,0.0002330393618066,-0.0073222912182848,0.000211206723885,-0.0002660031148448,0.0008920695095556,0.0,0.0,0.2098988443613052,5.537901401519775,-14.553770065307615,18.464088439941406,0.906441867351532,2.234159469604492,0.1290868073701858,0.0,0.0
1730046237.401767,0.329062918529212,-0.8688955765995585,0.6954190030886964,-2.1274676513049537,0.4975766543494232,1.4083739094181889,1.6922078151355189,0.0407793298363685,0.0407793298363685,-0.0006812646542006,-0.0002156248286142,0.0042305569640004,0.0007100806185127,0.0005721608575227,0.0003948088778921,0.0009968350758605,0.0,0.0,0.2495716959238052,5.613279819488525,-14.553770065307615,18.388710021972656,0.906441867351532,2.214933395385742,0.1290868073701858,0.0,0.0
1730046237.4351048,0.3290629188484424,-0.8688920782658084,0.6954223285270303,-2.1274753496597243,0.4975733840029767,1.4083739048956223,1.6922052974353234,0.0407793298363685,0.0407793298363685,-0.000333770946232,0.0006821790032401,0.0004064957569503,0.0006544106344887,-0.0004390472827907,0.0003990510886028,-0.001737098947847,0.0,0.0,0.2495716959238052,5.573606967926025,-14.589475631713867,18.464088439941406,0.924752414226532,2.214933395385742,0.1803563386201858,0.0,0.0
1730046237.4684997,0.329060411913476,-0.868893427560963,0.6954167003160878,-2.1274728895745767,0.4975754329358042,1.408373937270448,1.6922109940499068,0.0407793298363685,0.0407793298363685,-0.0014112864187201,-0.002031982248754,0.0034481826718736,-0.0028263183590342,0.0004107055258438,-4.987512087973141e-05,0.0004156357603878,0.0,0.0,0.285277247428894,5.613279819488525,-14.553770065307615,18.499794006347656,0.906441867351532,2.224088668823242,0.1290868073701858,0.0,0.0
1730046237.5018845,0.3290622168398941,-0.8688874949776851,0.6954224574539968,-2.127473155942318,0.4975733882019004,1.4083717899647197,1.6922121130277714,0.0407793298363685,0.0407793298363685,-0.0008627198006048,0.0003123088058831,0.0006773000978723,-0.0073956082066409,-0.0003842765278002,0.000161401415955,0.0010545932983579,0.0,0.0,0.2495716959238052,5.498228549957275,-14.629148483276367,18.464088439941406,0.924752414226532,2.214933395385742,0.1190160065889358,0.0,0.0
1730046237.5351038,0.3290657029099631,-0.8688874243310551,0.6954218403678596,-2.12746547949314,0.4975775802235829,1.40837281826665,1.6922120405522487,0.0407793298363685,0.0407793298363685,-0.0003905165183844,0.001115074959803,-0.0003131654921756,0.0018749252833889,-0.0004039483916363,-0.0002110772665121,0.0074793110533802,0.0,0.0,0.2098988443613052,5.498228549957275,-14.589475631713867,18.353004455566406,0.915597140789032,2.234159469604492,0.1290868073701858,0.0,0.0
1730046237.5684392,0.3290682085465573,-0.8688902790253273,0.6954136376728433,-2.127469778856527,0.4975737428920871,1.408375695093348,1.6922043564219418,0.040778998285532,0.040778998285532,0.0012678419333298,0.0001551286234052,-0.0023841611912799,-0.0003163998922505,-0.0005199326310884,0.0004207809271903,-0.0003262100329502,0.0,0.0,0.1741932779550552,5.537901401519775,-14.514097213745115,18.42838287353516,0.924752414226532,2.204862594604492,0.1602147370576858,0.0,0.0
1730046237.6017673,0.3290605527033238,-0.8688919978116535,0.6954168263614579,-2.127474441060921,0.4975730101528915,1.4083728921658392,1.6922081832031983,0.040778998285532,0.040778998285532,-0.000460424228546,0.000383695044364,-0.001446167167153,-0.0048574875079845,0.0005102168658153,-2.74238944009302e-05,-0.000930338947075,0.0,0.0,0.2495716959238052,5.573606967926025,-14.553770065307615,18.499794006347656,0.888131320476532,2.224088668823242,0.1501439362764358,0.0,0.0
1730046237.6351025,0.3290604121274926,-0.8688917593926255,0.6954215970907605,-2.1274678008514005,0.4975742298030391,1.4083738570926037,1.692207476967297,0.040778998285532,0.040778998285532,-0.0016284900793523,-0.0001650807826283,-0.000813826398072,0.001004448475184,-0.0003975262580256,0.0004771138611696,-0.0003212878421258,0.0,0.0,0.285277247428894,5.573606967926025,-14.589475631713867,18.42838287353516,0.915597140789032,2.214933395385742,0.1501439362764358,0.0,0.0
1730046237.6684997,0.329062918849764,-0.8688946196495213,0.6954189273865422,-2.127473191997551,0.497572169092951,1.408371713850232,1.6922049437380968,0.040778998285532,0.040778998285532,-0.0013430710734711,-0.0011108373773984,-0.0004957984923262,0.0038531824875654,-0.0001083191881011,-0.0006207918392621,-0.0017268837123365,0.0,0.0,0.2495716959238052,5.613279819488525,-14.589475631713867,18.464088439941406,0.897286593914032,2.244230270385742,0.1803563386201858,0.0,0.0
1730046237.701789,0.3290604102966311,-0.8688917602653515,0.6954224567932973,-2.127468807406665,0.4975744010878311,1.4083746142307187,1.692204355014474,0.040778998285532,0.040778998285532,-0.0017016844967257,-0.0006329644419075,-0.0028095469277787,-8.515063855326933e-05,-0.0005118587948469,0.0002579479352633,-0.0006675112868285,0.0,0.0,0.285277247428894,5.573606967926025,-14.629148483276367,18.42838287353516,0.915597140789032,2.214933395385742,0.1602147370576858,0.0,0.0
1730046237.7351053,0.3290682085637454,-0.8688902878255917,0.695424642959666,-2.127467734936745,0.4975749293178854,1.4083725387936177,1.6922106870949527,0.040778998285532,0.040778998285532,0.0014699502701278,0.0009128276197729,0.0005331782393003,0.0004107947602633,-7.389433472081622e-05,-0.0002958016732962,0.0006898279269871,0.0,0.0,0.1741932779550552,5.537901401519775,-14.629148483276367,18.388710021972656,0.906441867351532,2.224088668823242,0.1190160065889358,0.0,0.0
1730046237.7685049,0.3290635185566083,-0.8688927807666263,0.695421622446955,-2.1274750806723084,0.4975733348249607,1.4083728197454537,1.692210053070644,0.040778998285532,0.040778998285532,0.0009631525308604,-0.0007228479638739,0.0001217429890828,0.0033909199146788,-0.0004916726558406,-0.0008756323297933,0.0010059702604226,0.0,0.0,0.2098988443613052,5.573606967926025,-14.589475631713867,18.464088439941406,0.915597140789032,2.234159469604492,0.1089452058076858,0.0,0.0
1730046237.8018627,0.3290653908692967,-0.8688927670305931,0.69542113877918,-2.1274679821008857,0.4975706696944808,1.4083739518059624,1.6922132169796342,0.040778998285532,0.040778998285532,-0.0002424928912528,-0.0002309843774342,4.028388936531442e-05,1.8130288120091344e-05,-2.060432075397944e-05,2.8897851746145183e-05,0.0012825529613606,0.0,0.0,0.2098988443613052,5.573606967926025,-14.589475631713867,18.388710021972656,0.915597140789032,2.224088668823242,0.1089452058076858,0.0,0.0
1730046237.8350985,0.3290629185273039,-0.8688927931460458,0.6954168530300755,-2.127470845757878,0.4975743569971274,1.408376088036431,1.6922041811067392,0.040778998285532,0.040778998285532,-0.0007507645063296,-0.0002211010999454,-0.0015729224048386,0.0016556323237898,-0.0007007056148437,0.0004461218462635,-0.0014676337709181,0.0,0.0,0.2495716959238052,5.573606967926025,-14.553770065307615,18.42838287353516,0.915597140789032,2.204862594604492,0.1803563386201858,0.0,0.0
1730046237.868439,0.3290646887881264,-0.8688893341409578,0.6954246124902205,-2.1274679662193603,0.4975707921030441,1.4083760117424855,1.6922081441189127,0.040778998285532,0.040778998285532,-0.0002381599528849,0.0007092239173365,0.0007410081249679,0.0005557492550383,-0.0008667396155428,-0.0005334647011435,-0.0004111475941975,0.0,0.0,0.2098988443613052,5.537901401519775,-14.629148483276367,18.388710021972656,0.915597140789032,2.234159469604492,0.1501439362764358,0.0,0.0
1730046237.9018366,0.3290625981786326,-0.8688902495989935,0.6954246164347073,-2.127468542146984,0.4975763860480902,1.4083728127342283,1.6922063959859588,0.040778998285532,0.040778998285532,-0.0012567153303779,0.0011764932166791,0.0012053361665443,-0.00074744064691,0.000505550823456,-0.0006589538088593,0.0004575106652278,0.0,0.0,0.2495716959238052,5.537901401519775,-14.629148483276367,18.42838287353516,0.888131320476532,2.244230270385742,0.1290868073701858,0.0,0.0
1730046237.9351056,0.3290707026612173,-0.8688880626276421,0.6954218683864826,-2.1274710709551328,0.4975763897087485,1.4083717138502332,1.6922094040439724,0.040778998285532,0.040778998285532,0.0011225192250162,0.0006682025658939,0.0049161048881239,-0.0038372146856883,0.0003155204523063,-0.0035611129886134,0.0004110416528417,0.0,0.0,0.1384877115488052,5.537901401519775,-14.589475631713867,18.42838287353516,0.897286593914032,2.244230270385742,0.1391576081514358,0.0,0.0
1730046237.9684374,0.329067194513259,-0.8688980479097074,0.6954166053214331,-2.127470802412609,0.4975753512178829,1.4083728328879968,1.692208980182974,0.040778998285532,0.040778998285532,0.000684830248074,-0.0021509268125149,-0.0039776697616747,-0.0019648117591331,-9.118266442656112e-05,-0.0003634637788418,0.0020186991159951,0.0,0.0,0.1741932779550552,5.648985385894775,-14.589475631713867,18.464088439941406,0.897286593914032,2.234159469604492,0.1089452058076858,0.0,0.0
1730046238.001769,0.3290657028742971,-0.8688918394107163,0.6954217594614444,-2.1274707692127426,0.497571030635201,1.408372834281648,1.6922108370485325,0.040778998285532,0.040778998285532,0.0005123953283996,-0.0006212431055797,0.0005515480019188,0.0001142504131569,-0.0004854705868543,-0.0005199413197066,0.0009506294588769,0.0,0.0,0.2098988443613052,5.573606967926025,-14.589475631713867,18.42838287353516,0.915597140789032,2.234159469604492,0.1290868073701858,0.0,0.0
1730046238.0351038,0.3290646888894172,-0.8688900225221492,0.6954208695752455,-2.127468675775243,0.4975718017549002,1.4083749690585663,1.692208536646072,0.0407793298363685,0.0407793298363685,-0.0001562070439272,0.0008191660852754,0.0004251869530608,-0.0002062381689168,0.0001802807279805,0.0001677262117369,0.0015256166545062,0.0,0.0,0.2098988443613052,5.537901401519775,-14.589475631713867,18.388710021972656,0.897286593914032,2.214933395385742,0.1190160065889358,0.0,0.0
1730046238.068389,0.3290656249048113,-0.8688875008632196,0.6954221370617781,-2.1274707406098528,0.4975720552402389,1.408375087280653,1.6922070709502015,0.0407793298363685,0.0407793298363685,0.0006117712242027,0.002103694863907,0.0004012571822846,0.0033372321361726,-4.94840189493691e-05,0.0003076297281555,-0.0005803322040066,0.0,0.0,0.2098988443613052,5.498228549957275,-14.589475631713867,18.42838287353516,0.906441867351532,2.214933395385742,0.1501439362764358,0.0,0.0
1730046238.1018791,0.3290685084483082,-0.8688738577238008,0.6954014883868248,-2.127502115271449,0.4974338006483964,1.4084337025745015,1.6921435712687665,0.0407793298363685,0.0407793298363685,0.0014010334289328,0.0016756374487102,-0.0023164328179128,-0.0023686204107157,-0.0087154226288258,0.0010360517522082,-0.0102804126541765,0.0,0.0,-0.0122691243886947,6.144896030426025,-15.081418991088867,18.241920471191406,0.744393527507782,2.333951950073242,0.1702855378389358,0.0,0.0
1730046238.135105,0.329116982784537,-0.8685789366168064,0.6950523937697948,-2.1276482610740737,0.4968975784753928,1.4091563065210275,1.6913649318156307,0.0407793298363685,0.0407793298363685,0.0018901006581059,0.0167795317023546,-0.021982234617662,-0.0037062656090978,-0.0164607747018058,0.0240852042804899,-0.0332527502044238,0.0,0.0,-0.3891612291336059,6.712217807769775,-16.021665573120117,17.940406799316406,0.644601047039032,2.394376754760742,0.0375340729951858,0.0,0.0
1730046238.1685233,0.3292795279104057,-0.8676063845290555,0.6937294278508943,-2.1279925744813046,0.4957593186142628,1.4105596224037047,1.6899896667916254,0.0407793298363685,0.0407793298363685,0.0023843245273313,0.0398355041902369,-0.0593933691439847,-0.0098680501356362,-0.036423281254343,0.0432946286310208,-0.0516004194073214,0.0,0.0,-0.611329197883606,7.394590854644775,-16.700071334838867,17.865028381347656,0.554879367351532,2.514310836791992,-0.0338770598173141,0.0,0.0
1730046238.2017672,0.3295891390143724,-0.8657085390986341,0.6911700300252146,-2.128518833514038,0.4939635203400345,1.4128012203490194,1.6876518590102598,0.0407793298363685,0.0407793298363685,0.0107283062168621,0.0665380896478459,-0.094673079511354,-0.0217982284386097,-0.0667304100712844,0.072999848994191,-0.0882013437283518,0.0,0.0,-0.988221287727356,7.585020542144775,-17.001585006713867,17.456398010253906,0.3653652369976043,2.544523239135742,-0.0338770598173141,0.0,0.0
1730046238.2351017,0.3299172103206262,-0.8628258018175471,0.6871595386156867,-2.1293038415977747,0.4915209568595644,1.4160572629725934,1.6842665369149834,0.0407793298363685,0.0407793298363685,0.006129917892987,0.101257883740729,-0.1418919488268401,-0.0275495758137483,-0.0879117880127871,0.1227170416067304,-0.1191522155590099,0.0,0.0,-1.023926854133606,7.886534214019775,-16.965879440307617,17.456398010253906,0.3479702174663543,2.614103317260742,-0.0741602629423141,0.0,0.0
1730046238.268439,0.3302679251743533,-0.8587874046149993,0.681709760316772,-2.130344994028376,0.4888791939782268,1.4206172671476394,1.6800359178940745,0.0407793298363685,0.0407793298363685,0.0067780865733555,0.1429127127353055,-0.1759689293581769,-0.0308967669737558,-0.0893245852823035,0.1585765945660052,-0.127312532349746,0.0,0.0,-0.988221287727356,7.585020542144775,-16.624692916870117,17.678565979003906,0.1584560573101043,2.664457321166992,-0.1052881926298141,0.0,0.0
1730046238.301767,0.3305598498928681,-0.8535407699042292,0.6747378500306382,-2.1318632934725543,0.4850522171451187,1.4265981298791552,1.6759269657551583,0.0407793298363685,0.0407793298363685,0.0076495465026924,0.1704851691017847,-0.2234578534205469,-0.049147354135038,-0.1377468571132402,0.1837409068389276,-0.1356666568262174,0.0,0.0,-0.797791600227356,6.862974643707275,-16.323179244995117,17.642860412597656,0.2124721705913543,2.593961715698242,-0.1455713957548141,0.0,0.0
1730046238.3351052,0.3305614000975443,-0.8474447749125523,0.666839870534697,-2.133852151673542,0.4806693564220563,1.433017266719148,1.6706572481276476,0.040778998285532,0.040778998285532,0.0037390909073983,0.1980666203106094,-0.2604101773299859,-0.0575529957409735,-0.1314628298555315,0.1976741722949153,-0.1625704944585975,0.0,0.0,-0.3494883775711059,5.914793491363525,-14.855283737182615,18.01578521728516,0.2390224635601043,2.534452438354492,-0.0851465910673141,0.0,0.0
1730046238.3684387,0.3304112104605926,-0.8407666973329102,0.6582625560566403,-2.1361822004471773,0.4758959100188948,1.439453917812902,1.6646285240267045,0.040778998285532,0.040778998285532,-0.012416117616271,0.1963079578528867,-0.2654839450868645,-0.0759105646109915,-0.1351141135719434,0.2033214286358576,-0.1984685097842302,0.0,0.0,0.2495716959238052,4.474668979644775,-13.649229049682615,18.353004455566406,0.3113491237163543,2.494169235229492,-0.1968409270048141,0.0,0.0
1730046238.401767,0.3301697675604882,-0.8340368069963823,0.6497739314625093,-2.138696161418847,0.4708437614167938,1.446208574241874,1.658579634131727,0.040778998285532,0.040778998285532,-0.0049259266148342,0.198463710946314,-0.2424167943244511,-0.0726797380787403,-0.1331303919310555,0.193309048889383,-0.1737217457706697,0.0,0.0,0.2495716959238052,3.9430527687072754,-13.538145065307615,18.686256408691406,0.3928310573101043,2.504240036010742,-0.1254297941923141,0.0,0.0
1730046238.435105,0.3298704708578014,-0.8275670403662775,0.6419655959850245,-2.140890415470819,0.466850860216161,1.4524588817076285,1.6534689794924426,0.040778998285532,0.040778998285532,-0.0069745597153005,0.1943157805067086,-0.2420874899093665,-0.0599546848611191,-0.1278516553034313,0.1875472282692904,-0.1576928564904061,0.0,0.0,0.622496485710144,2.6140122413635254,-12.558225631713867,19.360694885253903,0.3745205104351043,2.414518356323242,-0.1666285246610641,0.0,0.0
1730046238.4684768,0.3296591652510745,-0.8210889578936751,0.6340183526844798,-2.1430447664774164,0.462177486846567,1.4586000610148775,1.647536463412781,0.040778998285532,0.040778998285532,-0.0082186365660933,0.1850354439795482,-0.2389259534813582,-0.061084026734788,-0.1347207726552389,0.1857699218655502,-0.1908124918879755,0.0,0.0,0.662169337272644,2.6140122413635254,-12.970823287963867,19.80899810791016,0.4468471705913543,2.554594039916992,-0.1052881926298141,0.0,0.0
1730046238.5018616,0.3296155425941317,-0.8150793554789657,0.6268048157943504,-2.14494624083303,0.4574173676484573,1.4649852440107929,1.6412426549256238,0.040778998285532,0.040778998285532,-0.0005082262197584,0.1795842741044262,-0.217043044549869,-0.0530896248943379,-0.1419621670643421,0.1870702725959953,-0.1809728572400717,0.0,0.0,0.586790919303894,1.8959336280822756,-12.669309616088867,19.92008209228516,0.4651577174663543,2.544523239135742,-0.0851465910673141,0.0,0.0
1730046238.5351048,0.329651263189054,-0.8097611276731779,0.6198741106766699,-2.146608754059361,0.4529865997792879,1.4710363809977345,1.6360315159789565,0.040778998285532,0.040778998285532,0.0052248787977678,0.1501064333423567,-0.2159094689311556,-0.0507762943283858,-0.1411839973440402,0.1734766112092408,-0.1512561439525154,0.0,0.0,0.285277247428894,2.5783066749572754,-12.970823287963867,19.17423248291016,0.3836757838726043,2.544523239135742,-0.0952173918485641,0.0,0.0
1730046238.568437,0.3297347158444999,-0.8046043320752516,0.6129927380598271,-2.1481444227940085,0.448977410920682,1.4770546545978631,1.630488031173732,0.040778998285532,0.040778998285532,0.0043976466703949,0.1578681550298573,-0.2102365071280715,-0.0492075638148385,-0.1181326215569037,0.1895288862526992,-0.1740604340072584,0.0,0.0,0.2098988443613052,2.3482041358947754,-12.744688034057615,19.134559631347656,0.3388149440288543,2.554594039916992,-0.1254297941923141,0.0,0.0
1730046238.601766,0.3298306715504531,-0.7993789485756089,0.6057329489890925,-2.149859106745875,0.4446823625462923,1.4837480940052463,1.6237185535130338,0.040778998285532,0.040778998285532,0.0048845821270188,0.1511348673583883,-0.2149949445328222,-0.0519065063356165,-0.1306158942321342,0.1971811555955909,-0.2066761682970569,0.0,0.0,0.324950098991394,2.1974472999572754,-12.593931198120115,19.471778869628903,0.3479702174663543,2.544523239135742,-0.1355005949735641,0.0,0.0
1730046238.6351025,0.3299733363901874,-0.7941685994917407,0.5986814092469205,-2.151614137420668,0.4401534939954892,1.4899829252463557,1.617851095473272,0.040778998285532,0.040778998285532,0.0020728672206484,0.1611572243505268,-0.209540919166638,-0.0538782048565914,-0.1506285756684171,0.1865926091116382,-0.1628645640154298,0.0,0.0,0.2098988443613052,2.1974472999572754,-12.744688034057615,19.17423248291016,0.3562099635601043,2.463956832885742,-0.0851465910673141,0.0,0.0
1730046238.6684816,0.3300716796079458,-0.7889303008500349,0.5917860692404109,-2.153370702679466,0.4358058569200998,1.4955555129664984,1.6126201817288148,0.040778998285532,0.040778998285532,0.0007047697307471,0.1611471449126697,-0.2150803567201326,-0.0555219932069998,-0.1235842479944976,0.1738545903328801,-0.1683204383535917,0.0,0.0,0.400328516960144,1.3643174171447754,-12.256711959838867,19.92008209228516,0.3479702174663543,2.583890914916992,-0.1052881926298141,0.0,0.0
1730046238.7017615,0.3301207379470679,-0.7831691699954787,0.5840917508147723,-2.1550399820165773,0.43088460528337,1.502217820151678,1.606282889238977,0.040778998285532,0.040778998285532,0.0033891230249223,0.1648996800257445,-0.2227040352569646,-0.0466802821727777,-0.1310442583875476,0.1863986220742702,-0.2012746576320012,0.0,0.0,0.324950098991394,1.5904526710510254,-11.915525436401367,19.39640045166016,0.4651577174663543,2.463956832885742,-0.1254297941923141,0.0,0.0
1730046238.7351012,0.3302108383186427,-0.7776316745714956,0.5767953119345676,-2.156560616538022,0.4269428766528702,1.5085643605791244,1.6001854337722092,0.040778998285532,0.040778998285532,0.0011560932415229,0.1660776672081162,-0.2121787213786096,-0.0464033211717209,-0.1338249291639653,0.1846780356883123,-0.1524068688619231,0.0,0.0,0.400328516960144,0.8327011466026306,-11.653684616088867,19.69791412353516,0.3388149440288543,2.494169235229492,-0.1556421965360641,0.0,0.0
1730046238.7683885,0.3303012974934661,-0.7721450151501927,0.5696912818613306,-2.158359425500997,0.4226325512638934,1.5145923043843252,1.5950209920148577,0.040778998285532,0.040778998285532,0.0022712116645759,0.1679795255122194,-0.2148928544488808,-0.0616547178934008,-0.1293852463931588,0.1872800296472627,-0.1757106710975866,0.0,0.0,0.471739649772644,0.5272201895713806,-11.879819869995115,19.995460510253903,0.3562099635601043,2.563749313354492,-0.1254297941923141,0.0,0.0
1730046238.8018503,0.3303409195652389,-0.7663047442562297,0.5623871845682339,-2.160398026588663,0.4179193783300371,1.5211791676427695,1.5889153744263316,0.040778998285532,0.040778998285532,0.0018400885009182,0.1686684276008421,-0.2113321384567189,-0.0568671803145719,-0.1394428448362189,0.1958634224048547,-0.1849073351306433,0.0,0.0,0.436034083366394,0.1860336661338806,-11.352170944213867,19.995460510253903,0.4285366237163543,2.544523239135742,-0.1666285246610641,0.0,0.0
1730046238.8351054,0.3303864396297204,-0.7606517946090552,0.5550392843091422,-2.1623747270793805,0.4133610209248086,1.5275022480709128,1.582601450358491,0.040778998285532,0.040778998285532,-0.0001399414390485,0.1657345413186421,-0.2189300968256888,-0.0601958607942764,-0.1427697634876684,0.1906910466388882,-0.1820733231252042,0.0,0.0,0.697874903678894,0.0749496817588806,-11.387876510620115,20.070838928222656,0.4651577174663543,2.443815231323242,-0.1153589934110641,0.0,0.0
1730046238.8684042,0.3304497617983257,-0.7550562277661087,0.5476486192213654,-2.164384092144966,0.4091375535905444,1.5335483511429462,1.577101179172164,0.0407793298363685,0.0407793298363685,0.0064109797443805,0.1673448222721985,-0.2058195260899886,-0.0600882876019117,-0.1202289678572243,0.185259829098932,-0.1510198266011275,0.0,0.0,0.436034083366394,0.2653793692588806,-11.010984420776367,19.959754943847656,0.3653652369976043,2.524381637573242,-0.1556421965360641,0.0,0.0
1730046238.9018075,0.3306561923773635,-0.7495133209420929,0.540510172315083,-2.166257883610004,0.4047465998864148,1.539654598477891,1.5718743458807811,0.0407793298363685,0.0407793298363685,0.0030072695857193,0.1643651760361635,-0.2175211928952932,-0.0574890009328814,-0.1311334856445617,0.1827534489572255,-0.1719594264566128,0.0,0.0,0.586790919303894,-0.8375259041786194,-11.010984420776367,20.66593170166016,0.4651577174663543,2.573820114135742,-0.1968409270048141,0.0,0.0
1730046238.9351034,0.330706968231962,-0.7439247642849192,0.5333295479378134,-2.16802752084426,0.4002341027480316,1.5459833137296886,1.565638790396412,0.0407793298363685,0.0407793298363685,-0.0016165691661015,0.1705028842813382,-0.2143757813113625,-0.0537677527820537,-0.1454028097048392,0.1916059651590651,-0.186674484038183,0.0,0.0,0.586790919303894,-0.9129043221473694,-10.709470748901367,20.293006896972656,0.4285366237163543,2.504240036010742,-0.2069117277860641,0.0,0.0
1730046238.9684389,0.3307474767981339,-0.7381484417254892,0.5260653225158732,-2.1696244293964533,0.3958898892665097,1.5519271825778838,1.5599070756452764,0.0407793298363685,0.0407793298363685,0.003493835664509,0.1804264368368252,-0.2171365866713585,-0.0503412934216739,-0.129484908037733,0.1746101270283538,-0.1458605670109169,0.0,0.0,0.511412501335144,-1.5556044578552246,-10.558713912963867,20.404090881347656,0.4019863307476043,2.563749313354492,-0.1968409270048141,0.0,0.0
1730046239.001769,0.330808009245824,-0.7325197651757037,0.5187855127439286,-2.171411151700046,0.3912857358978058,1.558335569290678,1.5546184965019116,0.0407793298363685,0.0407793298363685,0.0093873458784595,0.1609986611270011,-0.2069111635908631,-0.0531425768378435,-0.1202204420611913,0.1873313715886888,-0.1582170630516596,0.0,0.0,0.586790919303894,-1.2144179344177246,-10.634092330932615,20.780982971191406,0.554879367351532,2.624174118041992,-0.2270533293485641,0.0,0.0
1730046239.0351036,0.3309924021045023,-0.727191327263417,0.511674736105596,-2.17308041895774,0.3872613054100093,1.564761663986425,1.5487533300094616,0.0407793298363685,0.0407793298363685,0.0095841256760691,0.1630977887220351,-0.2190127084983279,-0.0513310484687622,-0.13832596313075,0.198678654177554,-0.2034395499471319,0.0,0.0,0.511412501335144,-1.4048476219177246,-10.070737838745115,20.404090881347656,0.4733974635601043,2.524381637573242,-0.1666285246610641,0.0,0.0
1730046239.0685549,0.3311747524193568,-0.7216530659679324,0.5041550012404268,-2.174926011807038,0.3826815274029354,1.570966460168335,1.542042024207829,0.0407793298363685,0.0407793298363685,0.0073844564521202,0.1631893314076881,-0.2287085659834996,-0.0583650635756904,-0.1254094548082359,0.1767403399095041,-0.1705313598176535,0.0,0.0,0.400328516960144,-2.1625990867614746,-10.181821823120115,20.741310119628903,0.4019863307476043,2.654386520385742,-0.2169825285673141,0.0,0.0
1730046239.101786,0.3312109330326435,-0.7162746379802147,0.4969671053014133,-2.1768453321502794,0.3781378263212918,1.5769524586064334,1.536766400134362,0.0407793298363685,0.0407793298363685,0.0020183880149181,0.1637490095774821,-0.211179471379686,-0.0551868854347771,-0.1195629583637501,0.1848224900766079,-0.1584117032596229,0.0,0.0,0.697874903678894,-1.7857069969177246,-9.769224166870115,20.66593170166016,0.510018527507782,2.563749313354492,-0.2069117277860641,0.0,0.0
1730046239.1351044,0.3313977755649938,-0.7106945243248088,0.4898623680340022,-2.1787068917896883,0.3735651094711232,1.5830720942851533,1.5312587067711254,0.0407793298363685,0.0407793298363685,0.0031701277416998,0.1655490290734272,-0.216049171317857,-0.0555062599089844,-0.1527592032756589,0.1834327863233558,-0.173171862219909,0.0,0.0,0.622496485710144,-2.7338881492614746,-9.880308151245115,21.114234924316406,0.527413547039032,2.703824996948242,-0.2169825285673141,0.0,0.0
1730046239.1685174,0.3314723406096742,-0.7050357412166914,0.482454923583328,-2.18052622669188,0.3694285214949577,1.589281594226026,1.5247199420066109,0.0407793298363685,0.0407793298363685,0.0052133539269581,0.1646364363110256,-0.21493748721128,-0.0510773521030179,-0.11585709296027,0.1766978406328131,-0.195045775328272,0.0,0.0,0.400328516960144,-2.6585097312927246,-9.352659225463867,21.114234924316406,0.3836757838726043,2.644315719604492,-0.2581812441349029,0.0,0.0
1730046239.201769,0.3316027545193847,-0.6994509524552489,0.4751356496111948,-2.181997254388634,0.3649258789869921,1.5952220631369562,1.5195233244432296,0.0407796576619148,0.0407796576619148,0.0073683279043281,0.1678009529935113,-0.2198352216673573,-0.0464954560848023,-0.1289692485508308,0.1846533106299275,-0.1422321652496796,0.0,0.0,0.436034083366394,-3.2258315086364746,-9.277280807495115,20.927772521972656,0.519173800945282,2.634244918823242,-0.1867701262235641,0.0,0.0
1730046239.235113,0.3316651235983412,-0.6939728359404654,0.4680819175266451,-2.183740208747408,0.3602954001326485,1.6015162159869267,1.5140448470525207,0.0407796576619148,0.0407796576619148,0.0099301557563145,0.1656836924451976,-0.2076201741817763,-0.051860287030373,-0.1518056287790136,0.1901779435018684,-0.1731752861498021,0.0,0.0,0.436034083366394,-3.4916396141052246,-9.316953659057615,21.451454162597656,0.519173800945282,2.774320602416992,-0.2371241301298141,0.0,0.0
1730046239.2684362,0.3317851587368332,-0.6884216931847646,0.4609834236680603,-2.1856196932535936,0.3559042857799528,1.6076872093278192,1.507894688016592,0.0407796576619148,0.0407796576619148,0.0006594805546208,0.17003774017929,-0.2151677020788857,-0.052420785449478,-0.1396391744078826,0.1763824098597445,-0.1976562760660707,0.0,0.0,0.622496485710144,-3.7177748680114746,-8.975767135620117,21.038856506347656,0.4560024440288543,2.654386520385742,-0.2371241301298141,0.0,0.0
1730046239.3018038,0.3318944147564643,-0.6827176802403714,0.4534744140805911,-2.1876771520702927,0.3513237442766592,1.6137944055727025,1.5015156265593146,0.0407796576619148,0.0407796576619148,0.0002139252937499,0.1590836060850143,-0.2293730304015654,-0.061261065304827,-0.1178943166463216,0.1783464626824147,-0.1643552416056461,0.0,0.0,0.773253321647644,-4.098634243011475,-8.825010299682617,21.264991760253903,0.527413547039032,2.644315719604492,-0.2169825285673141,0.0,0.0
1730046239.335105,0.3320007890308211,-0.6773737893102678,0.4461277320002806,-2.1897309611099685,0.3470923657038368,1.6199864380730178,1.4963006340898208,0.0407796576619148,0.0407796576619148,0.0035937555375065,0.1634286129113872,-0.2204008980143841,-0.055009519601776,-0.1243270188596627,0.1946298273589893,-0.1550652839347456,0.0,0.0,0.436034083366394,-3.757447719573975,-8.598875045776367,21.229286193847656,0.536568820476532,2.644315719604492,-0.1968409270048141,0.0,0.0
1730046239.3684385,0.3321719769892302,-0.6718210907819787,0.4390029529160327,-2.191624867392429,0.3428192815341132,1.6262118780488732,1.4906445504786676,0.0407793298363685,0.0407793298363685,0.0123031154676352,0.1676935843967253,-0.2226660575623607,-0.0598715868809156,-0.1282088487294641,0.1870775123808612,-0.1905082630133809,0.0,0.0,0.324950098991394,-4.665956020355225,-8.674253463745117,21.71329498291016,0.4193813502788543,2.693754196166992,-0.2581812441349029,0.0,0.0
1730046239.401767,0.3322554308873503,-0.6660924168560464,0.4316697231011119,-2.1934971687308327,0.3381087728135925,1.6322149507816293,1.484124153343216,0.0407793298363685,0.0407793298363685,0.0043593923044901,0.1657745268396352,-0.2218416984479586,-0.0560729746221942,-0.128967658889709,0.190259484407362,-0.1874593230339235,0.0,0.0,0.547118067741394,-4.896058559417725,-8.071226119995117,22.010841369628903,0.536568820476532,2.774320602416992,-0.1556421965360641,0.0,0.0
1730046239.4351048,0.3323311394816403,-0.6603857588328229,0.4244007483933758,-2.1951420423013643,0.3335528960763156,1.638511631476427,1.479004650503272,0.0407793298363685,0.0407793298363685,-0.0023576266527633,0.1720688042026327,-0.2273483040611033,-0.0499714633120626,-0.123162028605517,0.1928826748159896,-0.1513553302578962,0.0,0.0,0.737547755241394,-5.348329067230225,-7.920468807220459,21.71329498291016,0.527413547039032,2.764249801635742,-0.2069117277860641,0.0,0.0
1730046239.4684386,0.3323889589554228,-0.6547454441420218,0.4173019262214544,-2.196809105626861,0.3295679090431552,1.6450866362743026,1.473589189744409,0.0407793298363685,0.0407793298363685,0.0028813470974732,0.1683233045487675,-0.2120385794386618,-0.052210491061133,-0.1358453714287029,0.1779449350594024,-0.1635761602594109,0.0,0.0,0.511412501335144,-5.578431606292725,-7.845090389251709,21.637916564941406,0.4468471705913543,2.644315719604492,-0.2581812441349029,0.0,0.0
1730046239.5018198,0.3326577437169432,-0.6491101078888551,0.4099606534959558,-2.1983262428750745,0.3250310712319684,1.6510718100935282,1.46678010839813,0.040778998285532,0.040778998285532,0.0113997119754962,0.1738802737753015,-0.2239624602947444,-0.04426338482346,-0.1241924230820777,0.1886652262203553,-0.212784820741301,0.0,0.0,0.400328516960144,-5.427674770355225,-7.845090389251709,21.71329498291016,0.554879367351532,2.734037399291992,-0.1867701262235641,0.0,0.0
1730046239.5351045,0.3328688464414305,-0.6437523717930973,0.4027630043265985,-2.2000784487623464,0.3206672668386883,1.657167846990711,1.4609797863887537,0.040778998285532,0.040778998285532,0.0070900150819544,0.1615754826108136,-0.2198464875053186,-0.0605655702134311,-0.1378203517002618,0.1867387896248898,-0.1654143831828115,0.0,0.0,0.511412501335144,-5.919618129730225,-7.543576717376709,21.93546295166016,0.500863254070282,2.734037399291992,-0.2682520449161529,0.0,0.0
1730046239.5684018,0.3330100271105005,-0.6384121249832972,0.3954761132599969,-2.202041639140425,0.3163529741214698,1.663433645006463,1.4555048938632495,0.040778998285532,0.040778998285532,0.0037492332413183,0.164201246789325,-0.2169794638934689,-0.0564638010660261,-0.1438806303547913,0.1947079606180853,-0.1676916568521177,0.0,0.0,0.586790919303894,-6.260804653167725,-7.357114315032959,21.82437896728516,0.4285366237163543,2.713895797729492,-0.2169825285673141,0.0,0.0
1730046239.6018648,0.3331460774643708,-0.6326650877610169,0.3881724241680562,-2.204004397139035,0.3118650110473319,1.6696633507685938,1.4494310193187514,0.040778998285532,0.040778998285532,0.0050821372503203,0.1711273305130279,-0.2210835350346871,-0.0574623996700336,-0.1158548420828974,0.178089469934066,-0.1813567846046385,0.0,0.0,0.471739649772644,-6.717042446136475,-7.242063045501709,21.788673400878903,0.500863254070282,2.713895797729492,-0.2783228456974029,0.0,0.0
1730046239.6351025,0.3332477655128913,-0.627214804501424,0.3810218651866525,-2.205905104466605,0.3075882458615002,1.675883190480075,1.4432365897494002,0.040778998285532,0.040778998285532,0.0005634280864874,0.1604684633709032,-0.2164737947463261,-0.0541697092693975,-0.1347705570997554,0.1907129192149531,-0.1648117915568571,0.0,0.0,0.622496485710144,-6.641664028167725,-6.754086971282959,21.899757385253903,0.4825527369976043,2.664457321166992,-0.1666285246610641,0.0,0.0
1730046239.6685188,0.3334019602094369,-0.6214891406792161,0.3734854540271822,-2.2074802617467912,0.3030746541023841,1.68245438966539,1.4380242185114618,0.040778998285532,0.040778998285532,0.0067801708882387,0.1676617581710331,-0.2163154256616288,-0.0420236904752602,-0.1267294554409707,0.201006561891522,-0.1653855200779717,0.0,0.0,0.360655665397644,-7.248658657073975,-6.940549373626709,21.788673400878903,0.4019863307476043,2.644315719604492,-0.2169825285673141,0.0,0.0
1730046239.7017674,0.3334796492340728,-0.615909807085386,0.3662523657300336,-2.2090771038338355,0.2986235506631051,1.688657919691564,1.43221294532872,0.0407793298363685,0.0407793298363685,0.002678770897587,0.1670314970974662,-0.2126114987690248,-0.0502666415413444,-0.1300929886055321,0.1830416322836128,-0.1854316903175623,0.0,0.0,0.697874903678894,-7.815980434417725,-6.527951717376709,22.272682189941406,0.500863254070282,2.693754196166992,-0.2581812441349029,0.0,0.0
1730046239.7351038,0.3336452567265069,-0.610382217304872,0.3591819345014926,-2.210882723882432,0.2939380324187141,1.6945097456058538,1.425880133707388,0.0407793298363685,0.0407793298363685,0.0073439902337591,0.1606245584314581,-0.2122524785640117,-0.0523799196756726,-0.1292778688278273,0.1846715772984357,-0.18783577109667,0.0,0.0,0.586790919303894,-7.474793910980225,-6.639035701751709,22.086219787597656,0.536568820476532,2.664457321166992,-0.1968409270048141,0.0,0.0
1730046239.768437,0.3337957354234086,-0.6047299842076552,0.3520292161622581,-2.212734962080301,0.2901039671970432,1.7009442940545392,1.4202695136494867,0.0407793298363685,0.0407793298363685,0.0094977024978816,0.1705674148092212,-0.220591635478855,-0.0570512426256296,-0.1267754440620088,0.1969601146684865,-0.1518140906259531,0.0,0.0,0.471739649772644,-8.272218704223633,-6.301816463470459,21.975135803222656,0.3928310573101043,2.644315719604492,-0.1968409270048141,0.0,0.0
1730046239.801787,0.3340087413247321,-0.5991653002332433,0.3444521345867276,-2.214611452622385,0.2855915545527315,1.7072775510983422,1.4147527392187187,0.0407793298363685,0.0407793298363685,0.0044553140100579,0.1628846223813085,-0.2229297409152229,-0.0522620555787739,-0.1211828644960053,0.1790770683489267,-0.1741982124161868,0.0,0.0,0.586790919303894,-7.815980434417725,-6.075681209564209,21.93546295166016,0.4019863307476043,2.644315719604492,-0.2783228456974029,0.0,0.0
1730046239.8351045,0.3342696564699566,-0.5937277769679371,0.3373126763255529,-2.2164881247902666,0.2809437488309205,1.7133413954145298,1.4085261747662972,0.040778998285532,0.040778998285532,0.0079260812681312,0.172599755710226,-0.2106465652956888,-0.0590287289098969,-0.1293397140362728,0.1883468923825522,-0.1968751353206514,0.0,0.0,0.586790919303894,-8.724489212036133,-6.000302791595459,22.272682189941406,0.4468471705913543,2.703824996948242,-0.1968409270048141,0.0,0.0
1730046239.8684444,0.3344877977670729,-0.5882614160664367,0.3302306585405545,-2.218605711177568,0.2765226329644294,1.7198187162478806,1.402813620726721,0.040778998285532,0.040778998285532,0.0055005031295274,0.1669320899798875,-0.2141704542617596,-0.0562108263022082,-0.1413749854491165,0.2029412196835928,-0.1528818968386443,0.0,0.0,0.471739649772644,-8.803834915161133,-5.924924373626709,22.534523010253903,0.4468471705913543,2.673612594604492,-0.2270533293485641,0.0,0.0
1730046239.901756,0.3345845998841298,-0.5823464854537828,0.3228533507807931,-2.220400914310851,0.2723174025902063,1.7260363683522475,1.397425600808921,0.040778998285532,0.040778998285532,0.0014146081266588,0.1771364182221242,-0.2184977471356161,-0.0448139596823523,-0.1112117700867386,0.1686133346731345,-0.1657678813103765,0.0,0.0,0.622496485710144,-9.220399856567385,-5.623410701751709,22.23697662353516,0.4102260768413543,2.734037399291992,-0.2371241301298141,0.0,0.0
1730046239.9351382,0.3346949305791317,-0.5766671067532297,0.3156110883916647,-2.2220085120929127,0.2678332136897312,1.7318856305165578,1.3915173779583792,0.040778998285532,0.040778998285532,0.0030972955651839,0.1701484716953227,-0.213331492049224,-0.0456477281030052,-0.1312105709215794,0.1865545519165978,-0.2018037093236113,0.0,0.0,0.662169337272644,-9.672670364379885,-5.583737850189209,22.45914459228516,0.4560024440288543,2.703824996948242,-0.2783228456974029,0.0,0.0
1730046239.968488,0.3348921488998838,-0.5710972069173372,0.3082982305981484,-2.223689757397142,0.2633980966033379,1.7382814897448569,1.3847716164040935,0.040778998285532,0.040778998285532,0.0081058677954456,0.1636815644126121,-0.2163798774503309,-0.0429645421671642,-0.1297059749231285,0.1870185046186201,-0.1839032049084259,0.0,0.0,0.360655665397644,-9.256105422973633,-5.659116268157959,22.34806060791016,0.4102260768413543,2.803617477416992,-0.1968409270048141,0.0,0.0
1730046240.0017676,0.3351161951561081,-0.5656314753696219,0.30115557005122,-2.2253726776513933,0.259019467287516,1.7446315879394267,1.3794180256738,0.040778998285532,0.040778998285532,0.0057252554766074,0.1635168639717533,-0.2221158910411751,-0.0512494830786591,-0.1392877482851346,0.1792512957814718,-0.1697341005386068,0.0,0.0,0.586790919303894,-10.093202590942385,-4.945004940032959,22.34806060791016,0.4560024440288543,2.624174118041992,-0.2682520449161529,0.0,0.0
1730046240.0351057,0.3352267062411354,-0.5602994775250218,0.2938558210209563,-2.227362756944887,0.2544327098995598,1.7506992928309275,1.3738314958249955,0.040778998285532,0.040778998285532,0.0001660663867483,0.1613242677675803,-0.2274497096983863,-0.0638180699278258,-0.1329383914094072,0.1812661801897671,-0.1736735693187586,0.0,0.0,0.737547755241394,-10.243959426879885,-5.056088924407959,22.87174224853516,0.4733974635601043,2.754179000854492,-0.3195215761661529,0.0,0.0
1730046240.0684383,0.3353563346138819,-0.5547390657310306,0.2866857734451787,-2.2291975366542167,0.2503728355193541,1.7569706453478156,1.367320525481851,0.040778998285532,0.040778998285532,0.0009462765166743,0.1665583752773423,-0.211004835163287,-0.051555136324723,-0.1362754059718461,0.1913426768115471,-0.1968589239911933,0.0,0.0,0.662169337272644,-10.811281204223633,-4.829953670501709,22.534523010253903,0.3836757838726043,2.673612594604492,-0.2883936464786529,0.0,0.0
1730046240.1017675,0.3356141966978317,-0.549068823560797,0.2793287217487299,-2.2310810772530574,0.2457750924041974,1.763488792718676,1.3617408249047604,0.040778998285532,0.040778998285532,0.0059774833206773,0.1581272065360376,-0.2210671086854854,-0.0568692321986976,-0.1224338353044296,0.1835777649859533,-0.1581035142841172,0.0,0.0,0.324950098991394,-10.434389114379885,-5.171140193939209,22.685279846191406,0.4376918971538543,2.673612594604492,-0.1666285246610641,0.0,0.0
1730046240.1351025,0.3357296168114232,-0.5435708230306296,0.2721288829358409,-2.232703425674041,0.2413049118670776,1.7694152419140188,1.3561467962738754,0.040778998285532,0.040778998285532,0.0031212881195871,0.1659952760856089,-0.2214691002294093,-0.0480829085498265,-0.1306241400721258,0.1773073634393539,-0.1742118569859281,0.0,0.0,0.400328516960144,-10.545473098754885,-4.528439998626709,22.645606994628903,0.4285366237163543,2.723966598510742,-0.2270533293485641,0.0,0.0
1730046240.1685326,0.3358016487402681,-0.5378152666793276,0.2646022487049413,-2.234383053969878,0.2367635430200715,1.775741379289803,1.3496326893949322,0.040778998285532,0.040778998285532,0.0010571494416929,0.1735389539987133,-0.222552997385921,-0.0521953175974505,-0.1443964160104063,0.1983811003843897,-0.1972733043097246,0.0,0.0,0.471739649772644,-11.342897415161133,-4.568112850189209,22.609901428222656,0.3745205104351043,2.713895797729492,-0.2984644472599029,0.0,0.0
1730046240.2017176,0.335883656197365,-0.5322516343751607,0.257484129056663,-2.236270300816813,0.2326936180724863,1.782194255889442,1.3437424163951068,0.040778998285532,0.040778998285532,0.0052490279829105,0.1697606715345166,-0.2184869218391966,-0.0540016736687821,-0.1150254052562632,0.1834805603002801,-0.1601776126830845,0.0,0.0,0.436034083366394,-11.457948684692385,-4.528439998626709,22.720985412597656,0.3562099635601043,2.614103317260742,-0.2371241301298141,0.0,0.0
1730046240.2351034,0.3360030522472608,-0.5266171587134184,0.250350840343796,-2.238059704211975,0.2284184813254038,1.7881820533087152,1.338583531280254,0.040778998285532,0.040778998285532,0.0003558079531634,0.1692313785598511,-0.2142410176986482,-0.0585207644563815,-0.1300657580588258,0.1845542774003343,-0.1481797600670806,0.0,0.0,0.697874903678894,-12.176027297973633,-4.040463924407959,22.534523010253903,0.4102260768413543,2.614103317260742,-0.2371241301298141,0.0,0.0
1730046240.2684898,0.3361142606294424,-0.5211015562497191,0.2428448236890076,-2.240089680164365,0.223747464161828,1.7947070532335003,1.332548629862453,0.040778998285532,0.040778998285532,0.0062164735417505,0.157113309400471,-0.2304415319760373,-0.0589604454374945,-0.1412800220412142,0.1891978717758784,-0.1953701414314854,0.0,0.0,0.360655665397644,-11.569032669067385,-4.191220760345459,22.685279846191406,0.3836757838726043,2.654386520385742,-0.2682520449161529,0.0,0.0
1730046240.301824,0.336238459757233,-0.5156397546710719,0.2355498560353695,-2.241984108370922,0.2195169787203235,1.8012203460694096,1.3263635772484166,0.040778998285532,0.040778998285532,0.0062721790789825,0.1666159823732652,-0.2171089232705785,-0.0535456988991008,-0.12835655446268,0.1850927740837362,-0.1774473267084738,0.0,0.0,0.586790919303894,-12.215700149536133,-3.850034475326538,22.756690979003903,0.3562099635601043,2.644315719604492,-0.2169825285673141,0.0,0.0
1730046240.3351047,0.3363813434309223,-0.5101774735434689,0.2284437355473507,-2.2439978187173764,0.2150316551662725,1.8071423105093332,1.321266873743095,0.0407793298363685,0.0407793298363685,0.0038607183960721,0.1614732606496556,-0.2110922107937554,-0.0644574111553276,-0.1203306018830249,0.1695213563148702,-0.1612500585004546,0.0,0.0,0.662169337272644,-12.671937942504885,-3.850034475326538,23.244667053222656,0.3745205104351043,2.723966598510742,-0.2783228456974029,0.0,0.0
1730046240.3684587,0.3364615487235969,-0.5046814028647792,0.2214956232154592,-2.245827597315805,0.2111104487236329,1.8128723224457584,1.31596734992644,0.0407793298363685,0.0407793298363685,0.0054485931785185,0.1735034722057419,-0.2255349154094136,-0.0517035701256279,-0.1412694530124147,0.1867393095836796,-0.1710261935658028,0.0,0.0,0.586790919303894,-12.671937942504885,-3.548520803451538,23.018531799316406,0.3653652369976043,2.713895797729492,-0.2270533293485641,0.0,0.0
1730046240.401767,0.3365729327379708,-0.4986324739816138,0.2137630252696462,-2.247461065482301,0.2063171813242328,1.819419776511622,1.3087605721182407,0.0407793298363685,0.0407793298363685,0.0012075995405028,0.1647934264618525,-0.214050253345007,-0.0490864965259842,-0.1248316397163472,0.1852432595740695,-0.2098391245609051,0.0,0.0,0.622496485710144,-13.088502883911133,-3.437436819076538,22.907447814941406,0.3562099635601043,2.693754196166992,-0.2682520449161529,0.0,0.0
1730046240.4351048,0.3367343333819934,-0.4931683511529626,0.2066583212914972,-2.248985420592788,0.201685981693854,1.8256250405930008,1.3030667798968651,0.0407793298363685,0.0407793298363685,0.0031357424187583,0.1624527191793429,-0.215950729064378,-0.0465088467541731,-0.1218393914664416,0.1810630537373695,-0.1581695840649566,0.0,0.0,0.471739649772644,-12.783021926879885,-3.437436819076538,22.98282623291016,0.4102260768413543,2.703824996948242,-0.2984644472599029,0.0,0.0
1730046240.4683852,0.3369503597979275,-0.4876791552771857,0.1995489397284086,-2.250537081718391,0.1973262207375734,1.8317137823519127,1.2976074790164027,0.0407793298363685,0.0407793298363685,0.0100984733412424,0.1665892755536163,-0.2162604523862089,-0.0503181650697449,-0.1392065491513538,0.1920039608716307,-0.1655693068632319,0.0,0.0,0.436034083366394,-13.770875930786133,-3.322385549545288,23.133583068847656,0.3562099635601043,2.693754196166992,-0.2270533293485641,0.0,0.0
1730046240.5017688,0.3370374844153116,-0.482112043137906,0.1921765256847411,-2.2525512257418066,0.1930616447487811,1.838421237282883,1.29126718472702,0.0407793298363685,0.0407793298363685,0.0078863142342788,0.1645289122686338,-0.2216167041539313,-0.0596420188095902,-0.1189197900522791,0.1922640512016001,-0.20419004894221,0.0,0.0,0.436034083366394,-13.695497512817385,-3.286679983139038,23.169288635253903,0.3113491237163543,2.723966598510742,-0.2682520449161529,0.0,0.0
1730046240.5351045,0.3371556139775907,-0.4765801476137465,0.1849371580137802,-2.2544724116606942,0.1885607410637795,1.8446341251694447,1.2852825610380287,0.0407793298363685,0.0407793298363685,0.002345474247131,0.1668253423844606,-0.2179209810421459,-0.0556996455410545,-0.1280729867368085,0.1829467951811905,-0.152860485264624,0.0,0.0,0.511412501335144,-13.810548782348633,-3.020871877670288,22.720985412597656,0.4019863307476043,2.604032516479492,-0.2581812441349029,0.0,0.0
1730046240.568401,0.3373250471535134,-0.470940085310235,0.1776690713225513,-2.256361200292872,0.1840238906365841,1.85060100023646,1.2798405175785288,0.0407793298363685,0.0407793298363685,0.0066882707795268,0.1601481313621538,-0.2132159690771702,-0.0508532831900361,-0.1383966087582865,0.1772840709295273,-0.1726412030015067,0.0,0.0,0.547118067741394,-13.961305618286133,-2.985166311264038,22.57022857666016,0.3296596705913543,2.604032516479492,-0.2371241301298141,0.0,0.0
1730046240.601779,0.337486318909,-0.4655277205586099,0.1705339428244631,-2.2582063665422867,0.179596863524434,1.8569690421263825,1.2737519494055431,0.0407793298363685,0.0407793298363685,0.0006706642252736,0.1676609170230064,-0.2163816844359436,-0.0476147336732441,-0.1483954660838111,0.1914815500057975,-0.1935069649193417,0.0,0.0,0.622496485710144,-14.036684036254885,-2.493222951889038,22.832069396972656,0.3562099635601043,2.664457321166992,-0.2984644472599029,0.0,0.0
1730046240.6351,0.3375580669870921,-0.4599115457128782,0.1632875118335157,-2.259750308621152,0.1752363557331214,1.8630564217893224,1.2674415606200349,0.0407793298363685,0.0407793298363685,0.0029857688121623,0.1608065125851859,-0.2198563805165453,-0.0514719357336008,-0.1118176050820198,0.1698253070434021,-0.1753901469736634,0.0,0.0,0.586790919303894,-15.060243606567385,-2.568601369857788,22.947120666503903,0.3021938502788543,2.654386520385742,-0.2682520449161529,0.0,0.0
1730046240.6684363,0.3376110966534658,-0.4543470811674101,0.1561176913594537,-2.261467668411353,0.1710231671260212,1.8690589237208424,1.2622258987975852,0.040778998285532,0.040778998285532,0.0032028165150467,0.1642093259590446,-0.2128051467540554,-0.0594526324757812,-0.1447489424021631,0.1890358697506863,-0.153051813763705,0.0,0.0,0.697874903678894,-14.794435501098633,-2.191709280014038,22.947120666503903,0.3479702174663543,2.664457321166992,-0.2371241301298141,0.0,0.0
1730046240.7018309,0.3378563854586994,-0.4485932270545743,0.148725141027868,-2.263255895594676,0.1666628740345445,1.8757170561667729,1.2566466128316818,0.040778998285532,0.040778998285532,0.0087218476562136,0.1680503656031782,-0.2151943612922291,-0.0530831239475411,-0.1282949695681104,0.2008483180698425,-0.1783606356066462,0.0,0.0,0.547118067741394,-15.401430130004885,-2.457517385482788,23.058204650878903,0.2756435573101043,2.744108200073242,-0.2371241301298141,0.0,0.0
1730046240.735113,0.3379885359457922,-0.4431864781148323,0.1415091038801179,-2.265079010009775,0.162141888215957,1.882142771693582,1.25028177523592,0.040778998285532,0.040778998285532,0.0076569920040117,0.1614560341480649,-0.2230511124576573,-0.0544571022767836,-0.1310697937045257,0.1802548549106877,-0.1835827912515119,0.0,0.0,0.586790919303894,-14.984865188598633,-2.156003713607788,22.685279846191406,0.2930385768413543,2.614103317260742,-0.2984644472599029,0.0,0.0
1730046240.768375,0.3380712978443572,-0.4378036950362816,0.1342175258516019,-2.2668722504254624,0.1574322450177102,1.8879815260703527,1.2447566081717882,0.040778998285532,0.040778998285532,0.0001552978376122,0.1614092499996446,-0.2167935551046295,-0.0597829305648262,-0.1443676160581203,0.1845093118813374,-0.1516016927604297,0.0,0.0,0.697874903678894,-15.135622024536133,-1.965574026107788,22.796363830566406,0.3388149440288543,2.624174118041992,-0.2270533293485641,0.0,0.0
1730046240.801879,0.3381819306952265,-0.4321833454446766,0.126902138257003,-2.268942895395263,0.1533768688438503,1.894434589859158,1.2392567130883756,0.040779985487461,0.040779985487461,0.0020487915642981,0.1692170404627673,-0.2178309396787556,-0.0660517728694175,-0.121818114292375,0.1888084242785959,-0.1736988528113118,0.0,0.0,0.662169337272644,-15.782289505004885,-2.040952444076538,23.244667053222656,0.3296596705913543,2.693754196166992,-0.2270533293485641,0.0,0.0
1730046240.835112,0.3384563740033126,-0.4265592639787372,0.1196650355181291,-2.2709459620564374,0.1489543906475181,1.900500836145512,1.2330896709136483,0.040779985487461,0.040779985487461,0.0019271715622726,0.1732900862637688,-0.2145973932378982,-0.0525719261892521,-0.1273436789096351,0.1781376218315063,-0.2095794059303369,0.0,0.0,0.622496485710144,-16.008424758911133,-1.854490041732788,23.133583068847656,0.2847988307476043,2.703824996948242,-0.2371241301298141,0.0,0.0
1730046240.8684194,0.3385197093297611,-0.4206876660309548,0.112292900426254,-2.2726897476925934,0.1442541883926263,1.9066301896715203,1.226545712180639,0.040779985487461,0.040779985487461,-0.0013122765813707,0.1653405773254419,-0.2190864969422326,-0.0520315457573272,-0.1396006447859367,0.1895431010744943,-0.1720888493513655,0.0,0.0,0.737547755241394,-16.841554641723633,-1.703733205795288,23.133583068847656,0.3479702174663543,2.634244918823242,-0.2169825285673141,0.0,0.0
1730046240.90177,0.3386319748005364,-0.4151925924708877,0.1050965856233574,-2.274262323310857,0.1399675719569353,1.9128392370447211,1.2212829307872173,0.040779985487461,0.040779985487461,0.0030094953711021,0.1673889612933712,-0.2134369744543752,-0.0448202164462938,-0.1383594159696474,0.1978723318283565,-0.1688730085714129,0.0,0.0,0.622496485710144,-16.198854446411133,-1.588681936264038,22.796363830566406,0.3021938502788543,2.664457321166992,-0.2481104582548141,0.0,0.0
1730046240.9351046,0.3388268249555406,-0.4096649116068796,0.0980446954075699,-2.275714798215355,0.1355904939849316,1.9192043577663096,1.215535591651963,0.040779985487461,0.040779985487461,0.0035308123884125,0.174112650678238,-0.2177039664781884,-0.0423038313888319,-0.1155872051714197,0.184756920549539,-0.1893872545257256,0.0,0.0,0.511412501335144,-16.579713821411133,-1.703733205795288,22.720985412597656,0.3388149440288543,2.624174118041992,-0.2783228456974029,0.0,0.0
1730046240.9684384,0.3389465954548633,-0.4042833503310144,0.0909026033125035,-2.277458799555877,0.1313576763110936,1.9251262229749,1.2089626364287278,0.040779985487461,0.040779985487461,0.0002605995663498,0.1628826415490847,-0.2071900039975866,-0.0553856961099512,-0.1474777116464888,0.169805472172481,-0.1926263803053254,0.0,0.0,0.808958888053894,-16.881227493286133,-1.061033010482788,22.720985412597656,0.3296596705913543,2.644315719604492,-0.2682520449161529,0.0,0.0
1730046241.0018334,0.33905628844317,-0.398704695328206,0.0833762853449901,-2.279447312253956,0.1269576404345649,1.9314828599590983,1.2036297846241946,0.0407796576619148,0.0407796576619148,0.0038119920611028,0.1621862915260381,-0.2170960917762985,-0.0577645273123245,-0.1438197277118312,0.2021732905633662,-0.1572991208009717,0.0,0.0,0.697874903678894,-16.881227493286133,-1.176084280014038,22.796363830566406,0.2390224635601043,2.683683395385742,-0.2682520449161529,0.0,0.0
1730046241.035104,0.3391631451960259,-0.3931641301096528,0.0762515371607015,-2.281299153132123,0.1224734162478986,1.9379605805009072,1.1978637154185192,0.0407796576619148,0.0407796576619148,0.0028045003129533,0.1624464456876153,-0.2093875449865609,-0.053360413657285,-0.1252314570060546,0.1961907400208498,-0.1791652405610869,0.0,0.0,0.547118067741394,-17.031984329223633,-1.326841115951538,22.98282623291016,0.2847988307476043,2.673612594604492,-0.2984644472599029,0.0,0.0
1730046241.0683784,0.3393971591726203,-0.3877645348599667,0.0690095799088737,-2.2831310833825174,0.1178420135683702,1.944023927965112,1.1913669134367797,0.0407796576619148,0.0407796576619148,0.002292739493146,0.1698675036576933,-0.2228570943486098,-0.0544749860145079,-0.1399779743120465,0.1807718172879107,-0.1885519004007392,0.0,0.0,0.400328516960144,-16.655092239379883,-1.402219533920288,22.87174224853516,0.3113491237163543,2.614103317260742,-0.2883936464786529,0.0,0.0
1730046241.1017988,0.339478329508391,-0.3820531295946484,0.0615491318972896,-2.284977230450119,0.1135645783385205,1.9502335877243908,1.1855069316517604,0.0407796576619148,0.0407796576619148,0.0020734333546495,0.1671525070676321,-0.2178039106203968,-0.0563550300221846,-0.1390882331770391,0.1884463353309824,-0.1568908748541057,0.0,0.0,0.586790919303894,-17.603273391723633,-1.176084280014038,23.244667053222656,0.2847988307476043,2.734037399291992,-0.3085352480411529,0.0,0.0
1730046241.1351144,0.3395210997062274,-0.3763796613486525,0.0543106521708759,-2.2867552169006093,0.1090333348211023,1.9567789533616808,1.1802192355657026,0.0407793298363685,0.0407793298363685,0.0021769457632282,0.1705030616865233,-0.2182965697515016,-0.0550519359761009,-0.1313440250640015,0.1962626167885094,-0.1648377660676102,0.0,0.0,0.622496485710144,-18.055543899536133,-0.8745705485343933,23.280372619628903,0.3205043971538543,2.693754196166992,-0.3085352480411529,0.0,0.0
1730046241.168452,0.339678743688449,-0.3704869431348882,0.0470194178400105,-2.288458003852617,0.1044657090878955,1.9629698478143396,1.1739835446256548,0.0407793298363685,0.0407793298363685,0.008298396450061,0.1755827494619257,-0.2118741567202274,-0.0506968498763423,-0.1326170250911171,0.1791284437187827,-0.1872318541851245,0.0,0.0,0.324950098991394,-18.285646438598636,-1.251462697982788,22.832069396972656,0.2664882838726043,2.683683395385742,-0.2581812441349029,0.0,0.0
1730046241.2017677,0.3397930113926392,-0.3650291508047745,0.039911863394836,-2.290149416599882,0.0998954063221584,1.9688377898790177,1.1680162139581434,0.0407793298363685,0.0407793298363685,0.0018020852538854,0.1601135818263583,-0.2180790515893517,-0.0498789571715283,-0.1498306771549366,0.1889255314445379,-0.1615866356686858,0.0,0.0,0.662169337272644,-17.829408645629883,-0.6087624430656433,22.720985412597656,0.3021938502788543,2.664457321166992,-0.2481104582548141,0.0,0.0
1730046241.2351136,0.339868448522971,-0.3596241097320357,0.0326639992231745,-2.291939949534715,0.0956907936898839,1.9751415475252316,1.1628830996375772,0.0407793298363685,0.0407793298363685,0.0075137400139342,0.1635528620536187,-0.2249846664748423,-0.0524788989123711,-0.115701025703279,0.1955579753282967,-0.1650670818024208,0.0,0.0,0.471739649772644,-18.285646438598636,-0.9499489665031432,23.09391021728516,0.2664882838726043,2.723966598510742,-0.2270533293485641,0.0,0.0
1730046241.2684212,0.3399520890387512,-0.3542363519078935,0.0254581161675443,-2.293945180270918,0.091198983363741,1.9813422923224449,1.1572991148040774,0.0407793298363685,0.0407793298363685,0.0035567665715711,0.157840494776111,-0.2217759955886067,-0.0655433303521106,-0.1418382196919015,0.1688149316072185,-0.1839019970926826,0.0,0.0,0.547118067741394,-18.852968215942383,-0.6841408610343933,22.832069396972656,0.2756435573101043,2.713895797729492,-0.3396631777286529,0.0,0.0
1730046241.301769,0.3401076798867132,-0.348581706396692,0.0181125029057586,-2.296136472421571,0.0869208992988315,1.9875407646961,1.1503807349674804,0.0407793298363685,0.0407793298363685,0.0044988236607779,0.1692451015887872,-0.2236780350519366,-0.0536515084037919,-0.1362311182630894,0.1808507518471443,-0.1877237845342886,0.0,0.0,0.436034083366394,-18.626832962036133,-0.7238137125968933,23.09391021728516,0.2756435573101043,2.713895797729492,-0.3195215761661529,0.0,0.0
1730046241.3351147,0.3401956236900871,-0.3429104951159761,0.0109510507142057,-2.2979097338232304,0.082524120823171,1.993765825225447,1.1449669951349817,0.0407793298363685,0.0407793298363685,0.0027934374384899,0.1740179951858075,-0.2184081813318638,-0.0430721554401265,-0.1211063146620141,0.1854663685500691,-0.1618112448074501,0.0,0.0,0.586790919303894,-19.344911575317383,-0.5333840250968933,22.609901428222656,0.2033168971538543,2.693754196166992,-0.2682520449161529,0.0,0.0
1730046241.3684373,0.3402380830827259,-0.3374143863117403,0.003755176006556,-2.299589288577995,0.0778819837552526,2.0000805390417966,1.1395085353564829,0.0407793298363685,0.0407793298363685,0.0013018282807565,0.1658863621444789,-0.2207364306821173,-0.0454706203496351,-0.1388588535920992,0.1863884040695714,-0.1703420799529598,0.0,0.0,0.662169337272644,-18.817262649536133,-0.3469216227531433,22.720985412597656,0.3745205104351043,2.654386520385742,-0.3396631777286529,0.0,0.0
1730046241.401729,0.3403700383827924,-0.331755585844233,-0.0035752340570998,-2.301127482487713,0.0739880625508108,2.006066950942591,1.132954740032227,0.0407793298363685,0.0407793298363685,0.004384049537804,0.1654714794132269,-0.2201247177756861,-0.0394752145811245,-0.1313012901839212,0.177201159168435,-0.2052794203410732,0.0,0.0,0.285277247428894,-19.384584426879883,-0.6484352946281433,22.383766174316406,0.2033168971538543,2.644315719604492,-0.2371241301298141,0.0,0.0
1730046241.4351146,0.3405489330007962,-0.326255249893571,-0.0107776393433488,-2.302855567617686,0.0695368282645098,2.0123676466067795,1.127202159094988,0.0407793298363685,0.0407793298363685,0.0024604264282124,0.1727639603776874,-0.2157310961379128,-0.0430549860218775,-0.1354143029758677,0.1951016300774191,-0.1465450851176373,0.0,0.0,0.586790919303894,-19.575014114379883,-0.1961648017168045,22.534523010253903,0.2307827174663543,2.683683395385742,-0.2682520449161529,0.0,0.0
1730046241.468455,0.3405957608340875,-0.3205277632900308,-0.018191714370321,-2.3048104225243886,0.0649749668059316,2.0189099274860203,1.1216317047671145,0.0407793298363685,0.0407793298363685,0.0040244929880383,0.167369568190269,-0.2224078355168642,-0.0528645134028733,-0.1335382061013445,0.1856952883039918,-0.17328395668201,0.0,0.0,0.511412501335144,-19.690065383911133,-0.3469216227531433,22.796363830566406,0.2481777369976043,2.683683395385742,-0.2883936464786529,0.0,0.0
1730046241.5017693,0.3406922071568365,-0.3150362642861883,-0.0254597061965511,-2.306629631741233,0.0604908076077455,2.02482514461848,1.1153775980963496,0.0407796576619148,0.0407796576619148,0.0039481271514522,0.1613626832335448,-0.2167344963104549,-0.0540669429307664,-0.1441698574839691,0.1746238317184586,-0.2012450192543272,0.0,0.0,0.662169337272644,-19.916200637817383,-0.1207863837480545,22.34806060791016,0.2307827174663543,2.624174118041992,-0.2270533293485641,0.0,0.0
1730046241.535124,0.3408588603504761,-0.3096463882490781,-0.0325905904509297,-2.308502544365412,0.0563082599494703,2.0311741606690026,1.109260476360456,0.0407796576619148,0.0407796576619148,0.0051663449198955,0.1655087462830495,-0.2227573023624079,-0.0561646205983462,-0.1154989661533311,0.2042146810831249,-0.1732738395192306,0.0,0.0,0.471739649772644,-19.535341262817383,-0.2318703681230545,22.161598205566406,0.1941616237163543,2.654386520385742,-0.2783228456974029,0.0,0.0
1730046241.5684392,0.3409432828318986,-0.3041136767210625,-0.0397452551207496,-2.310298317575866,0.0520723027836704,2.0376404475388648,1.104076313380406,0.0407796576619148,0.0407796576619148,-4.0359271918542544e-05,0.1631415111504533,-0.2151642490100234,-0.0563026824244083,-0.1339422807544738,0.1808374852215491,-0.159518645441514,0.0,0.0,0.773253321647644,-20.182008743286133,0.3314841389656067,22.57022857666016,0.2847988307476043,2.644315719604492,-0.3085352480411529,0.0,0.0
1730046241.6018476,0.3410127809566862,-0.2983069705792245,-0.0472434786128266,-2.3120456498706763,0.0473660812675589,2.04348225380869,1.0981816589267863,0.0407796576619148,0.0407796576619148,0.000366499765454,0.1688816279244747,-0.216087894383745,-0.0491278461414374,-0.1456762463202685,0.1736385928816051,-0.1945460182213867,0.0,0.0,0.737547755241394,-20.749330520629883,0.1807272881269455,22.645606994628903,0.2307827174663543,2.664457321166992,-0.3195215761661529,0.0,0.0
1730046241.635105,0.3410891238013259,-0.2926804760334657,-0.0543406027642257,-2.313741494137781,0.0428829414736098,2.0496109682052945,1.0918365743545793,0.0407793298363685,0.0407793298363685,-0.0002560433288148,0.1625277603317432,-0.2125994790909982,-0.0530068365917034,-0.1350399703456739,0.1926750883198433,-0.1881351911646098,0.0,0.0,0.773253321647644,-20.789003372192383,0.2957785725593567,22.423439025878903,0.1676113307476043,2.664457321166992,-0.2883936464786529,0.0,0.0
1730046241.668453,0.3413513406666014,-0.287001134399114,-0.0616502003402872,-2.31543977607914,0.0382770774950354,2.0562193285892616,1.086541404934034,0.0407793298363685,0.0407793298363685,0.0032881455912783,0.1590142844086924,-0.2181205893007255,-0.0555195222025452,-0.1340645907645898,0.2023789835609674,-0.1503295991160497,0.0,0.0,0.622496485710144,-20.558900833129883,0.0696433037519455,22.086219787597656,0.2216274440288543,2.573820114135742,-0.3085352480411529,0.0,0.0
1730046241.70177,0.3414615170692184,-0.2816044185047183,-0.0688325424531944,-2.317094043688129,0.0341342397406739,2.062232008499977,1.0810592180279828,0.0407793298363685,0.0407793298363685,0.002858033720791,0.1638065511692283,-0.2137768540456451,-0.0493986391751663,-0.1448014626769505,0.181808233498162,-0.1741630428099628,0.0,0.0,0.586790919303894,-20.142335891723636,0.1450217217206955,22.161598205566406,0.1767666041851043,2.673612594604492,-0.2883936464786529,0.0,0.0
1730046241.735104,0.3415859745632384,-0.2762293170045985,-0.0761650453339893,-2.3189684525951977,0.029754294326979,2.068499661051093,1.074395736451883,0.0407793298363685,0.0407793298363685,0.0007637786898997,0.1629140743246017,-0.2153598878224568,-0.0664081120272261,-0.1213058477500091,0.1935483373129657,-0.2135832686448251,0.0,0.0,0.662169337272644,-21.054811477661133,0.2957785725593567,22.34806060791016,0.1767666041851043,2.624174118041992,-0.2984644472599029,0.0,0.0
1730046241.768439,0.3417233268941995,-0.2707955764604034,-0.0832816969417002,-2.3210890471442025,0.0252681331756111,2.074728386351919,1.0684770326972517,0.0407793298363685,0.0407793298363685,0.0083530600954588,0.1687624110708788,-0.2164681157022967,-0.0613865732731183,-0.1378684383418315,0.1933858647141664,-0.1665178911806057,0.0,0.0,0.400328516960144,-21.165895462036133,0.1053488701581955,22.498817443847656,0.1767666041851043,2.644315719604492,-0.2581812441349029,0.0,0.0
1730046241.8017678,0.3418863727025079,-0.2650066733223443,-0.0906567300747728,-2.32310069493854,0.0204855014572201,2.080919065669101,1.0630357614877497,0.0407793298363685,0.0407793298363685,0.0028122941561181,0.1672086817392139,-0.2133302549930215,-0.0558341547451032,-0.1492245481364565,0.1782862126775601,-0.17081744091309,0.0,0.0,0.586790919303894,-21.320619583129883,0.4465354084968567,22.423439025878903,0.1767666041851043,2.654386520385742,-0.2682520449161529,0.0,0.0
1730046241.8351042,0.3419296292059331,-0.2594433117910314,-0.0978242403988184,-2.324777788489477,0.0164271355514155,2.086768596443523,1.0571970215735471,0.040778998285532,0.040778998285532,0.0019617309543444,0.1628867297919171,-0.2183544478679396,-0.0471014322395987,-0.1310613630943144,0.1740018018072506,-0.1874526677309703,0.0,0.0,0.622496485710144,-21.090517044067383,0.4068625569343567,22.34806060791016,0.1493007838726043,2.693754196166992,-0.3396631777286529,0.0,0.0
1730046241.868438,0.3420489731848495,-0.2539307081003485,-0.1050415640511912,-2.326349919066917,0.0119863201897221,2.09321710158978,1.050720915207349,0.040778998285532,0.040778998285532,0.0003593795686632,0.1660803227990678,-0.2152502718516514,-0.0444128112904446,-0.1288924904232423,0.1940540160895956,-0.1729596367715886,0.0,0.0,0.773253321647644,-21.280946731567383,0.6329978108406067,21.899757385253903,0.2124721705913543,2.583890914916992,-0.3085352480411529,0.0,0.0
1730046241.9017725,0.3422479570331116,-0.2482487850212585,-0.1123752635350305,-2.3280363374198534,0.0074639034856107,2.099527805235833,1.0454333639244835,0.040778998285532,0.040778998285532,0.0029420784668953,0.1659924509435893,-0.2162105090997423,-0.0532236951869192,-0.1414871275311189,0.1730366958973256,-0.1733147358066548,0.0,0.0,0.511412501335144,-22.193422317504883,0.3314841389656067,22.23697662353516,0.1767666041851043,2.673612594604492,-0.2481104582548141,0.0,0.0
1730046241.9351144,0.3423340868680773,-0.24267197877352,-0.119573619942264,-2.329754248010495,0.0031798077293703,2.1055628044980037,1.0396071870386403,0.040778998285532,0.040778998285532,0.0054049057991423,0.1716250740516142,-0.221430590832824,-0.0583211593003229,-0.134208539737917,0.1918368281425469,-0.1764991815730287,0.0,0.0,0.622496485710144,-21.546754837036133,0.4822409749031067,21.975135803222656,0.1493007838726043,2.654386520385742,-0.3195215761661529,0.0,0.0
1730046241.968443,0.3424402372793949,-0.237034270487505,-0.1270556562194858,-2.331622752479733,-0.0014631128290012,2.1125326963136253,1.0329956574901014,0.0407796576619148,0.0407796576619148,-8.660848439230584e-05,0.1589703638612129,-0.2241156895933014,-0.0567224538688263,-0.1148174550046284,0.2139630536134982,-0.1904403397517344,0.0,0.0,0.737547755241394,-22.002992630004883,0.6726706624031067,21.82437896728516,0.1941616237163543,2.573820114135742,-0.3195215761661529,0.0,0.0
1730046242.0017672,0.3425918399957994,-0.2317524397960843,-0.1341844351623538,-2.333446534285698,-0.0055013903225534,2.118705986512325,1.0273887381052556,0.0407796576619148,0.0407796576619148,0.0051371278662133,0.1620077349261382,-0.2141031647342917,-0.053124792422336,-0.1411549956418367,0.1647979941184215,-0.1501939525731655,0.0,0.0,0.324950098991394,-21.507081985473636,0.3314841389656067,21.71329498291016,0.1135952100157737,2.614103317260742,-0.2883936464786529,0.0,0.0
1730046242.0351143,0.3427794853773612,-0.2263475357410292,-0.1414033715187259,-2.3352310844534663,-0.0099539409586772,2.1247373114898926,1.0219869388604472,0.0407796576619148,0.0407796576619148,0.0026428204362042,0.1642420806004853,-0.2176058430502544,-0.05317528023225,-0.1257155453165127,0.1922046053981442,-0.1687231869705032,0.0,0.0,0.360655665397644,-22.002992630004883,0.3711569905281067,21.975135803222656,0.1309902369976043,2.654386520385742,-0.3396631777286529,0.0,0.0
1730046242.0684376,0.3428375908760118,-0.2207824209596608,-0.1486221056191609,-2.337146480404585,-0.0143713246822258,2.1306482742693813,1.0157536396111848,0.0407796576619148,0.0407796576619148,0.0048852463638092,0.1673175349123119,-0.2140457120039205,-0.0531854539453013,-0.1278879001133843,0.1833836905450141,-0.1954412002041693,0.0,0.0,0.586790919303894,-22.304506301879883,0.7083762288093567,22.383766174316406,0.1676113307476043,2.754179000854492,-0.3085352480411529,0.0,0.0
1730046242.101851,0.3429220708154276,-0.2149008212227524,-0.1560363422670884,-2.339005611857086,-0.0190679575157541,2.1370152871268533,1.0099394206265615,0.0407796576619148,0.0407796576619148,0.0024454342235544,0.1729075430099197,-0.2119995465140302,-0.0534194412570354,-0.1432813071468533,0.1935033207143221,-0.1586414122018576,0.0,0.0,0.471739649772644,-22.419557571411133,0.5576193928718567,21.82437896728516,0.1676113307476043,2.583890914916992,-0.2481104582548141,0.0,0.0
1730046242.135113,0.3431361067643657,-0.2093044076758043,-0.1631092406645797,-2.340697976321948,-0.0232178215860624,2.142988881884959,1.00480037981472,0.040778998285532,0.040778998285532,0.0088286862548772,0.1650554778394602,-0.2162908562211021,-0.0504918084885153,-0.1275344997257022,0.1871981988246966,-0.1568035038027325,0.0,0.0,0.471739649772644,-22.570314407348636,0.4068625569343567,21.864051818847656,0.0952846631407737,2.644315719604492,-0.3295923769474029,0.0,0.0
1730046242.1685214,0.3431576980069581,-0.20379364275119,-0.1702143484201426,-2.342383761437181,-0.0274130096097734,2.1491266797312174,0.9990099232602628,0.040778998285532,0.040778998285532,-0.0015862007009376,0.1651511674110337,-0.2003120465899719,-0.0504426255735525,-0.110688648837297,0.1762252406798682,-0.1758393006541739,0.0,0.0,1.070799708366394,-22.836122512817383,1.501833200454712,22.197303771972656,0.1309902369976043,2.693754196166992,-0.2984644472599029,0.0,0.0
1730046242.2017682,0.3431339142073887,-0.1989385163930795,-0.1764939276033768,-2.3440689840709723,-0.0309166703691154,2.1541149640426216,0.9935804363368532,0.040778998285532,0.040778998285532,0.0003610665940303,0.1382116744337853,-0.1757680101394414,-0.0529106270985765,-0.1092798084909996,0.1342302367889645,-0.1316810605481863,0.0,0.0,1.070799708366394,-23.935060501098636,1.426454782485962,22.498817443847656,0.1493007838726043,2.703824996948242,-0.3085352480411529,0.0,0.0
1730046242.2351124,0.343034968188336,-0.194975312478256,-0.1816142629332433,-2.3459319497990494,-0.0336560229043163,2.157753445233324,0.9899606402369506,0.040778998285532,0.040778998285532,-0.0012322095521197,0.1041728555969166,-0.1384650984887319,-0.060446963908323,-0.065610251983658,0.0894437028587081,-0.0971966456926241,0.0,0.0,1.296934962272644,-24.355592727661133,1.803346872329712,22.720985412597656,0.1401455104351043,2.774320602416992,-0.2984644472599029,0.0,0.0
1730046242.2684376,0.3429724788237002,-0.1918608610293901,-0.1853383493249326,-2.3474092040647005,-0.0356974012470533,2.16014909589234,0.9875582962416708,0.040778998285532,0.040778998285532,-0.0005683403317984,0.0857662099796651,-0.0986755425652842,-0.0358173968223603,-0.0537267393574642,0.0588063741439243,-0.0681969056575086,0.0,0.0,1.336607813835144,-24.391298294067383,1.839052438735962,22.720985412597656,0.0769741162657737,2.774320602416992,-0.2783228456974029,0.0,0.0
1730046242.3017695,0.3429699119267859,-0.1895439297571905,-0.1879287263530722,-2.348319603147432,-0.0373646135235622,2.161848999870773,0.9858255476699936,0.040778998285532,0.040778998285532,-8.289458214636576e-05,0.0556027101540554,-0.0629153973432076,-0.0189062631321661,-0.0369565297856958,0.0395302772897326,-0.0324674702622318,0.0,0.0,1.221556544303894,-24.732484817504883,1.763674020767212,22.832069396972656,0.0952846631407737,2.803617477416992,-0.3085352480411529,0.0,0.0
1730046242.3351147,0.342947665588673,-0.1884103171011408,-0.1893151622385505,-2.3487877123491754,-0.0380201606662653,2.1627310785615688,0.9849668111666298,0.040778998285532,0.040778998285532,-0.0011771693562482,0.0200913646102082,-0.0323741484285263,-0.0102778264841888,-0.0126337038016457,0.0175424568969176,-0.0179109649356314,0.0,0.0,1.447691798210144,-24.315919876098636,1.954103708267212,22.609901428222656,0.1044399365782737,2.764249801635742,-0.3195215761661529,0.0,0.0
1730046242.3684363,0.3429375823697478,-0.1882265763723294,-0.1896084817483177,-2.3488659371953737,-0.0381806307172791,2.162908323893302,0.9847002484287662,0.040778998285532,0.040778998285532,-0.0037562852444533,0.0071078489998743,0.0052419208550931,0.0062696152873443,0.0106012804092535,-0.0077015942733528,0.0081572014679479,0.0,0.0,0.2495716959238052,-22.986879348754883,0.7837546467781067,21.60221099853516,0.3296596705913543,2.504240036010742,-0.2069117277860641,0.0,0.0
1730046242.4017675,0.3428772272617702,-0.1882158693884674,-0.1895719600399679,-2.3488579868852284,-0.0380056568297448,2.162629400582966,0.985003185540838,0.040778998285532,0.040778998285532,-0.0002215049964494,0.0031890159448939,0.0028647122648045,-0.0007061052150302,0.0059132948920083,-0.010759100945092,0.0037899009398291,0.0,0.0,0.0988148599863052,-22.229127883911133,0.5576193928718567,21.415748596191406,0.3745205104351043,2.424589157104492,-0.0640894621610641,0.0,0.0
1730046242.435114,0.3428723919302247,-0.1880652511902563,-0.1895768992421252,-2.348907458400161,-0.0379858277142602,2.16224326233504,0.9854645729931204,0.040778998285532,0.040778998285532,-0.0013428077414393,0.0061200114479796,-0.000670454471495,0.0012944465221261,0.0003783338475735,-0.0115745400670486,0.0101264372490211,0.0,0.0,0.0631092935800552,-23.101930618286133,0.6726706624031067,21.899757385253903,0.3928310573101043,2.463956832885742,-0.1455713957548141,0.0,0.0
1730046242.4684377,0.3428665495154577,-0.1880319736545462,-0.1895705874109645,-2.3489352116126527,-0.0379569042662291,2.1620184105180478,0.9855857517890296,0.0407786704599857,0.0407786704599857,-0.0012821149723524,-0.0013979808442636,0.0005121775388555,-0.0010619683560416,0.0007229937278335,-0.0078979118349577,0.000534486045827,0.0,0.0,0.0988148599863052,-22.800416946411133,0.5972922444343567,21.93546295166016,0.3928310573101043,2.463956832885742,-0.1153589934110641,0.0,0.0
1730046242.5018396,0.3428524946153536,-0.1880315896688044,-0.1895776218440496,-2.34892556246776,-0.0379521016381701,2.162008786329571,0.9856051372124324,0.0407786704599857,0.0407786704599857,-0.0016431778938102,0.0001863985494403,0.002152171609845,-0.0003757695112876,0.0017591728446907,-0.0004558863612705,0.0008046602845422,0.0,0.0,0.2098988443613052,-22.836122512817383,0.7837546467781067,21.788673400878903,0.4019863307476043,2.443815231323242,-0.0741602629423141,0.0,0.0
1730046242.5351276,0.3428218587572796,-0.1880292263110014,-0.1895822255686036,-2.3489256332701567,-0.0379493322201622,2.1619979289501585,0.98563349917187,0.0407786704599857,0.0407786704599857,0.0004381755401723,-0.0002189817855914,0.0013356869893571,0.0022654496764687,-0.000255894266414,-0.0003035698044912,0.0026995426652932,0.0,0.0,0.2098988443613052,-22.836122512817383,0.7480490803718567,21.788673400878903,0.4102260768413543,2.424589157104492,-0.1556421965360641,0.0,0.0
1730046242.568391,0.3427514749118675,-0.1880262598761341,-0.1895880002577214,-2.3489228581348787,-0.0379452843761911,2.161992674426535,0.98563979971008,0.0407786704599857,0.0407786704599857,-0.0051240135813768,-0.0007045191416823,-0.002263914681912,0.0003318919260598,0.000271928171085,-0.0004559887657803,0.0009871394732688,0.0,0.0,0.2098988443613052,-22.836122512817383,0.7837546467781067,21.749000549316406,0.3836757838726043,2.424589157104492,-0.1254297941923141,0.0,0.0
1730046242.601732,0.3426965244262694,-0.1880262510911318,-0.1895993405212801,-2.348925651328424,-0.0379436222434829,2.1619890800251937,0.9856507670325588,0.0407793298363685,0.0407793298363685,-0.0020592789288315,0.0002759101133026,-0.0013875668463131,-0.0011722218291983,-9.761451080113468e-05,0.0001392439013999,-0.0007102027970021,0.0,0.0,0.324950098991394,-22.836122512817383,0.8591330647468567,21.788673400878903,0.4019863307476043,2.404447555541992,-0.0952173918485641,0.0,0.0
1730046242.6351123,0.3426950815835782,-0.18799220671881,-0.1895883818298145,-2.3489214123469297,-0.0378541105672511,2.1619633508520617,0.9856997889911993,0.0407793298363685,0.0407793298363685,-0.0002563219228442,0.004062894562317,0.003715660510197,0.0002260960977045,0.0042352588273269,-0.0001028095996443,0.0004134984659248,0.0,0.0,0.1741932779550552,-22.344179153442383,0.7480490803718567,21.673622131347656,0.4651577174663543,2.414518356323242,-0.1052881926298141,0.0,0.0
1730046242.6684396,0.3426957021814294,-0.1876343281421318,-0.1895800704971196,-2.3489210242569207,-0.0375666345138249,2.162197464412976,0.98569233109762,0.0407793298363685,0.0407793298363685,0.0011927089662553,0.014261548968052,-0.0005202332492638,-0.0048666919085148,0.0121595450634659,0.0275612021723922,-0.0031378010581415,0.0,0.0,0.2098988443613052,-21.697511672973636,0.7480490803718567,21.451454162597656,0.519173800945282,2.494169235229492,-0.0338770598173141,0.0,0.0
1730046242.701802,0.3426930109942168,-0.1865231987065918,-0.1895812829206132,-2.348933952790629,-0.0372113649887849,2.1634105551718834,0.9856996106651272,0.0407793298363685,0.0407793298363685,-0.0006066338912887,0.0434363854001462,-0.0003600373986429,-0.002940929577155,0.0251799585155718,0.0585627447749307,0.0014357914996123,0.0,0.0,0.2495716959238052,-21.431703567504883,0.7837546467781067,21.003150939941406,0.573189914226532,2.604032516479492,-0.1455713957548141,0.0,0.0
1730046242.735111,0.3426930109942391,-0.1844905476593324,-0.1895779496857594,-2.3491241615078,-0.0365544644942049,2.166111671209822,0.98567635811235,0.0407793298363685,0.0407793298363685,0.0011747407601208,0.0717426157328958,0.0010929520798488,-0.0130232037770131,0.0313258621476955,0.1103869155768154,-0.0016738824794181,0.0,0.0,0.2495716959238052,-21.245241165161133,0.8591330647468567,20.741310119628903,0.627206027507782,2.534452438354492,-0.0952173918485641,0.0,0.0
1730046242.7684052,0.3426855896513672,-0.1813534194356294,-0.1895905874750949,-2.34953237886769,-0.0353941667844497,2.170568417978207,0.9856233827719688,0.0407793298363685,0.0407793298363685,0.0001051628386296,0.1119656620231418,-0.0024765900053755,-0.0118805167900516,0.033610955382475,0.1439586839362717,-0.0012303792133111,0.0,0.0,0.400328516960144,-20.939760208129883,1.049562692642212,20.44376373291016,0.707772433757782,2.534452438354492,-0.1766993254423141,0.0,0.0
1730046242.8018656,0.3426884493604298,-0.1768696368879371,-0.1895822656110152,-2.350162434304764,-0.0338660907227022,2.1762693233448305,0.9853495828577964,0.0407793298363685,0.0407793298363685,-3.554122016327236e-05,0.1458994583204433,-0.0008039572422737,-0.0154763783604892,0.0378751322581213,0.1668783296858211,-0.0173597979721518,0.0,0.0,0.436034083366394,-20.939760208129883,1.009889841079712,20.217628479003903,0.807564914226532,2.494169235229492,-0.1455713957548141,0.0,0.0
1730046242.8351142,0.3427075717935795,-0.1714597838133021,-0.1895609358763073,-2.351232040538336,-0.0323177261090475,2.182575762433846,0.9849343325317662,0.0407793298363685,0.0407793298363685,0.0003301242507616,0.178553249712321,0.0068399833413377,-0.0476218349128456,0.0528058184997943,0.2052539060749582,-0.0167767124498387,0.0,0.0,0.436034083366394,-22.078371047973636,0.9741843342781068,20.44376373291016,0.878976047039032,2.484098434448242,-0.2481104582548141,0.0,0.0
1730046242.868437,0.3427356973731813,-0.165047306052253,-0.1894713083204635,-2.3529385655970105,-0.0305864810244643,2.190233390726985,0.9842170350390912,0.0407793298363685,0.0407793298363685,-6.631547801501988e-05,0.2141900853279093,0.00183297894865,-0.0564551157947075,0.0541887856571347,0.2460858019049548,-0.0249046396489894,0.0,0.0,0.547118067741394,-22.153749465942383,1.009889841079712,20.96744537353516,0.978768527507782,2.583890914916992,-0.2270533293485641,0.0,0.0
1730046242.901768,0.3428674638384203,-0.1575477039847,-0.1893212009204206,-2.3548082672158084,-0.0281232044632986,2.198723748680032,0.9831089660363256,0.0407796576619148,0.0407796576619148,0.0030114041449743,0.2242000527647035,0.0042748939626295,-0.0521746462682656,0.083939749644247,0.2349197327993831,-0.0419831160963568,0.0,0.0,0.471739649772644,-22.986879348754883,0.9741843342781068,20.852394104003903,1.0776455402374268,2.593961715698242,-0.2984644472599029,0.0,0.0
1730046242.9351146,0.3429781415869326,-0.1499514259661133,-0.1890615642367227,-2.356751655994124,-0.0255636766648291,2.2072013356343603,0.9815181667668684,0.0407796576619148,0.0407796576619148,0.0029786943184614,0.2358019684519,0.0056187983686811,-0.063843274360657,0.0707479396937534,0.2563945559341436,-0.0559761326111166,0.0,0.0,0.511412501335144,-23.026552200317383,0.9345114827156068,20.927772521972656,1.0419399738311768,2.563749313354492,-0.3085352480411529,0.0,0.0
1730046242.9684377,0.3431494863551595,-0.1421315412615315,-0.1888631121728411,-2.358978296213558,-0.0229459491475436,2.2159649564018005,0.9795199071021216,0.0407796576619148,0.0407796576619148,0.0084053230642595,0.2347354806721797,0.0065053949462703,-0.0733418796937674,0.0773469893906559,0.2521469818619593,-0.0599815973105061,0.0,0.0,0.547118067741394,-24.696779251098636,0.8988059163093567,21.340370178222656,1.0868008136749268,2.644315719604492,-0.3295923769474029,0.0,0.0
1730046243.001909,0.3432797365438193,-0.1339649178155592,-0.1886505192701175,-2.361448547096861,-0.0202279312413601,2.224336704939602,0.977137797747918,0.0407796576619148,0.0407796576619148,0.0066068541253626,0.2285164775631148,0.0059798903180865,-0.0702370125875885,0.0718335019071025,0.2623431722097088,-0.0773733045396924,0.0,0.0,0.511412501335144,-24.998292922973636,0.8988059163093567,21.415748596191406,1.0053188800811768,2.693754196166992,-0.2783228456974029,0.0,0.0
1730046243.0351057,0.3434627047706579,-0.1264735823949972,-0.1884484917832546,-2.363647428030706,-0.0180913053142414,2.2329156852267174,0.9748190030046208,0.0407796576619148,0.0407796576619148,0.0069834768700432,0.2210696496917178,-0.0008131452298608,-0.0548993794801792,0.0643566714860784,0.2559486607647414,-0.069907480136936,0.0,0.0,0.662169337272644,-24.542055130004883,0.9345114827156068,21.788673400878903,1.0776455402374268,2.754179000854492,-0.2581812441349029,0.0,0.0
1730046243.0684414,0.3436948901063058,-0.1191464704770327,-0.1882385275768481,-2.365267034789466,-0.0155000705117385,2.241121904996153,0.9730164495402944,0.0407796576619148,0.0407796576619148,0.00754510412448,0.2135439751269656,0.0111480391951511,-0.0511320027048098,0.0900916636179462,0.2377566148261414,-0.047029566292294,0.0,0.0,0.547118067741394,-25.569581985473636,0.7083762288093567,21.003150939941406,1.0236294269561768,2.644315719604492,-0.2371241301298141,0.0,0.0
1730046243.1017835,0.3439032175066256,-0.1117798835065549,-0.1879852176064829,-2.367129309563408,-0.0124799482743336,2.2500971867954704,0.9714432891275002,0.040778998285532,0.040778998285532,0.0055210521946838,0.2097657017462351,0.0090991395881668,-0.0593555860663561,0.0813884622761899,0.2727858607135273,-0.0447019948223603,0.0,0.0,0.547118067741394,-25.224428176879883,0.8234274983406067,21.415748596191406,1.0236294269561768,2.664457321166992,-0.3195215761661529,0.0,0.0
1730046243.1351051,0.3441408873251215,-0.1049488398797968,-0.187731268622835,-2.3687897751904297,-0.0099611464186614,2.258626416479148,0.9698932008818688,0.040778998285532,0.040778998285532,0.0070944673152341,0.2026214151414828,0.0135096735777636,-0.0514874711817665,0.0917180357073078,0.2448793291026152,-0.046178558241517,0.0,0.0,0.400328516960144,-25.303773880004883,0.5972922444343567,21.003150939941406,0.996163547039032,2.703824996948242,-0.2682520449161529,0.0,0.0
1730046243.1684794,0.3443528968555289,-0.0981037548551684,-0.1874472986189611,-2.370415263589793,-0.0070681079172657,2.2677928985748044,0.9680876630598628,0.040778998285532,0.040778998285532,0.0067307634433882,0.2034656995775093,0.0111933987759886,-0.0496177954467514,0.0898130976178686,0.2790624805319197,-0.063328383373586,0.0,0.0,0.511412501335144,-24.430971145629883,0.6726706624031067,20.780982971191406,1.0327847003936768,2.673612594604492,-0.3195215761661529,0.0,0.0
1730046243.2017813,0.3445775339476738,-0.0912972577992388,-0.1872145773433053,-2.3719324875053114,-0.0044428086862829,2.2766190227325978,0.965991384769454,0.040778998285532,0.040778998285532,0.0055838477944908,0.2005574335774743,0.0055628329426275,-0.0513318167818426,0.077160185804478,0.2525642787726406,-0.0514053479440671,0.0,0.0,0.400328516960144,-25.605287551879883,0.5576193928718567,20.705604553222656,0.951302707195282,2.573820114135742,-0.3497339785099029,0.0,0.0
1730046243.2351034,0.3447994602117366,-0.084332292199309,-0.1870336138519183,-2.373765794709171,-0.0016698198265123,2.284964416432857,0.9639244260390974,0.0407793298363685,0.0407793298363685,0.0058371001421919,0.2080118469078498,0.0087805675693274,-0.064798294858224,0.0875678234805162,0.2648413790194664,-0.0583644529035395,0.0,0.0,0.547118067741394,-25.149049758911133,0.6329978108406067,20.594520568847656,0.978768527507782,2.713895797729492,-0.2783228456974029,0.0,0.0
1730046243.2684712,0.3449849507305256,-0.077251762794839,-0.186849955946067,-2.3756868474509467,0.0006129918965047,2.2939710916208877,0.9615973818344892,0.0407793298363685,0.0407793298363685,0.0020484116900927,0.2057769256140192,0.0096615805449099,-0.0532183651321715,0.0578242526750459,0.2620661649375864,-0.0635103752593627,0.0,0.0,0.622496485710144,-25.490236282348636,0.7083762288093567,20.66593170166016,1.0327847003936768,2.604032516479492,-0.2883936464786529,0.0,0.0
1730046243.3018634,0.3452127674841602,-0.0702471456261081,-0.1866665411449338,-2.377118582484466,0.0029600367977934,2.3024315059899174,0.9590902191195309,0.0407793298363685,0.0407793298363685,0.0064320355907127,0.2083705468820159,0.0024804359038392,-0.0412406657607129,0.0781550568328633,0.2676181590904857,-0.0770596601405977,0.0,0.0,0.436034083366394,-25.264101028442383,0.5972922444343567,20.368385314941406,1.0144741535186768,2.664457321166992,-0.2270533293485641,0.0,0.0
1730046243.335104,0.3454534362250819,-0.0630591244586058,-0.1864273874298788,-2.378694374490679,0.0057912967468804,2.311472417642394,0.956512443829066,0.0407793298363685,0.0407793298363685,0.0087924549997521,0.2207991517987087,0.0095757677492179,-0.0526912618292614,0.0854975890042897,0.268440232276241,-0.0714235923538997,0.0,0.0,0.511412501335144,-26.061525344848636,0.6726706624031067,20.293006896972656,0.960457980632782,2.583890914916992,-0.2682520449161529,0.0,0.0
1730046243.3684466,0.3457480616596395,-0.0556043438638201,-0.1861865262233837,-2.380402999406267,0.008479716021245,2.3198770920383405,0.9543349686286916,0.0407793298363685,0.0407793298363685,0.0057134735974185,0.2227032464162606,0.0014361688223292,-0.039990435018974,0.0754199326760529,0.2377429924426012,-0.0636894197120747,0.0,0.0,0.547118067741394,-26.287660598754883,0.6329978108406067,20.146217346191406,0.951302707195282,2.654386520385742,-0.2581812441349029,0.0,0.0
1730046243.4018536,0.3460503372408248,-0.048674155807756,-0.1859267225204627,-2.3821438827571315,0.0111058405261564,2.328577470946295,0.9524106509047396,0.0407786704599857,0.0407786704599857,0.0084824606729626,0.2062977821810257,0.0088155824491714,-0.0516467682563879,0.0770607619486205,0.2700262861347604,-0.0528807071962899,0.0,0.0,0.586790919303894,-25.680665969848636,0.5972922444343567,19.92008209228516,0.978768527507782,2.563749313354492,-0.3085352480411529,0.0,0.0
1730046243.435112,0.3463360934418923,-0.0417700201689155,-0.1856820872781017,-2.3838245915463,0.0138463967606797,2.337227608703793,0.9505057652284504,0.0407786704599857,0.0407786704599857,0.0067338515145224,0.2096188974187348,0.0061128505189107,-0.0474664848780081,0.0750669534997838,0.2509354761021593,-0.0438806381907251,0.0,0.0,0.547118067741394,-26.402711868286133,0.6329978108406067,19.733619689941406,0.978768527507782,2.573820114135742,-0.2682520449161529,0.0,0.0
1730046243.4684386,0.3466107153843181,-0.0347033854797323,-0.1854790000232001,-2.385799537189627,0.0163637244803294,2.3459417371783293,0.9488919327164376,0.0407786704599857,0.0407786704599857,0.0042680261549699,0.218346208969347,0.0070727421391205,-0.0584581239806418,0.0776040736617504,0.2801915901618976,-0.0512621511895221,0.0,0.0,0.662169337272644,-26.517763137817383,0.6726706624031067,20.404090881347656,0.978768527507782,2.713895797729492,-0.2581812441349029,0.0,0.0
1730046243.5017729,0.3468776607415245,-0.0273920153785984,-0.185231420804109,-2.3878355852106443,0.0191825454133895,2.35485171140098,0.9471265816746252,0.0407786704599857,0.0407786704599857,0.0072180840613304,0.2083921363727907,0.0054548925751795,-0.0551573633366211,0.076074339681546,0.2470007720206894,-0.05025377430209,0.0,0.0,0.622496485710144,-26.858949661254883,0.5972922444343567,20.44376373291016,0.942147433757782,2.693754196166992,-0.2783228456974029,0.0,0.0
1730046243.5351057,0.3472170113380697,-0.0204446592924643,-0.1850130339326543,-2.389435703117317,0.0214132555217107,2.363167343624325,0.945197238526006,0.0407786704599857,0.0407786704599857,0.0119855287748052,0.2136503220654981,0.0054607887898802,-0.0448142605941599,0.0725987849267365,0.2627878948863832,-0.059675844234114,0.0,0.0,0.697874903678894,-25.946474075317383,0.5972922444343567,19.80899810791016,0.951302707195282,2.644315719604492,-0.2984644472599029,0.0,0.0
1730046243.5683768,0.34759894483435,-0.0131737676786936,-0.1847799001913228,-2.3908745457824327,0.0239769369641998,2.372272198441033,0.94292245764173,0.0407793298363685,0.0407793298363685,0.0116257050481335,0.2155336230443243,0.0055405573681346,-0.0511025398538774,0.0872390057066489,0.2731514035577123,-0.0747450286135919,0.0,0.0,0.471739649772644,-27.235841751098636,0.4822409749031067,19.471778869628903,0.987923800945282,2.534452438354492,-0.2984644472599029,0.0,0.0
1730046243.6017828,0.3479998983509466,-0.0060009155563321,-0.1845784771364464,-2.3925373931501244,0.0268353431383874,2.380601120574553,0.9403926157034258,0.0407793298363685,0.0407793298363685,0.0167635219715674,0.2149442577515228,0.0083766036412352,-0.059989127902337,0.0853053666882741,0.2673638124814817,-0.0777929255979165,0.0,0.0,0.511412501335144,-27.235841751098636,0.5219138264656067,19.436073303222656,0.915597140789032,2.703824996948242,-0.2783228456974029,0.0,0.0
1730046243.6351037,0.3483589724235534,0.0009765345142808,-0.1843688414131729,-2.394305635656007,0.0295013989736684,2.389447431410217,0.9381326161023374,0.0407793298363685,0.0407793298363685,0.0092657555965578,0.2055607302950897,0.0075702300437281,-0.0526120797226119,0.0764406906856568,0.2660124261811858,-0.0778725423903054,0.0,0.0,0.586790919303894,-27.386598587036133,0.4822409749031067,19.324989318847656,0.960457980632782,2.604032516479492,-0.2581812441349029,0.0,0.0
1730046243.6683838,0.3486784378403836,0.0078393090525971,-0.1841387355426893,-2.3959969446853147,0.0323050464816091,2.397923327570861,0.9358384387399784,0.0407793298363685,0.0407793298363685,0.0088939025721453,0.2073797531683522,0.0028435896868377,-0.0439260060305845,0.0760732978056525,0.2456780440187005,-0.0680581160098649,0.0,0.0,0.547118067741394,-26.934328079223636,0.4822409749031067,19.098854064941406,0.906441867351532,2.573820114135742,-0.2581812441349029,0.0,0.0
1730046243.7017913,0.3489496783538713,0.0150147590007961,-0.1838936012574935,-2.397964336795248,0.0348425269493598,2.4069171328147667,0.9338051770698036,0.0407793298363685,0.0407793298363685,0.0093747899694414,0.2143345197496426,0.0066918538634463,-0.0656427858788854,0.0734135932432993,0.2733863304820135,-0.0586360640285235,0.0,0.0,0.511412501335144,-27.957887649536133,0.3314841389656067,19.471778869628903,0.906441867351532,2.614103317260742,-0.3085352480411529,0.0,0.0
1730046243.735113,0.3491663892085309,0.0221516906818102,-0.1836692221280725,-2.400022536191684,0.0375747438154317,2.4155389472954987,0.9320667774403356,0.0407793298363685,0.0407793298363685,0.0063603986232811,0.2152900864389464,0.0086559821946792,-0.0564047359104872,0.0865880754487323,0.2420246457244459,-0.0513818182251638,0.0,0.0,0.586790919303894,-27.652406692504883,0.4465354084968567,19.436073303222656,0.897286593914032,2.634244918823242,-0.2883936464786529,0.0,0.0
1730046243.7684271,0.3494049532729691,0.029166090699868,-0.1834499418874445,-2.401856126960417,0.0399897331519955,2.424118770822706,0.930446701831636,0.0407793298363685,0.0407793298363685,0.0120656065559256,0.2117966096948521,0.0103576261992106,-0.0520654529361969,0.0666801673230996,0.2784741769033536,-0.039918521703772,0.0,0.0,0.586790919303894,-27.541322708129883,0.4068625569343567,19.324989318847656,0.897286593914032,2.683683395385742,-0.2984644472599029,0.0,0.0
1730046243.801768,0.3496627627895851,0.0364081920172146,-0.1832166613705363,-2.403380354378997,0.0425084876730707,2.4330137743169904,0.9284519384943832,0.0407793298363685,0.0407793298363685,0.0031323681588268,0.2072713277007278,0.0073368162609574,-0.0407186308261235,0.0844126877563001,0.2384169534208591,-0.0642610532255435,0.0,0.0,0.436034083366394,-28.299074172973636,0.2957785725593567,18.876686096191406,0.897286593914032,2.634244918823242,-0.2682520449161529,0.0,0.0
1730046243.835105,0.3499544204161793,0.0435807224158612,-0.1829978185443194,-2.404984399989913,0.0452003446455661,2.441424550988297,0.9265623674158184,0.0407793298363685,0.0407793298363685,0.0044212323790203,0.2192000535964116,0.0110681299995521,-0.0499857284966293,0.0897801481984669,0.2612934088390488,-0.0487820589468997,0.0,0.0,0.436034083366394,-28.334779739379883,0.2561057209968567,19.098854064941406,0.870736300945282,2.673612594604492,-0.2481104582548141,0.0,0.0
1730046243.8684409,0.3502493939829768,0.0507283778742304,-0.1828025246545561,-2.406696033662753,0.047575391189301,2.4501616102986827,0.9246435328537072,0.0407793298363685,0.0407793298363685,0.0055565683082531,0.2121967575333706,0.0107989088066477,-0.0541266561990435,0.0771024574404711,0.2594698643350734,-0.0691662006974436,0.0,0.0,0.586790919303894,-28.525209426879883,0.2957785725593567,19.098854064941406,0.878976047039032,2.634244918823242,-0.2481104582548141,0.0,0.0
1730046243.901776,0.3505257903571081,0.0578241579092129,-0.1825765369785102,-2.408286213610318,0.0503834725934882,2.4588811667532444,0.9223437914881488,0.0407793298363685,0.0407793298363685,0.0115201995161213,0.1998536162976989,0.0061849865017338,-0.045481908528741,0.0941403279983123,0.2685779087649714,-0.0836247769219559,0.0,0.0,0.547118067741394,-27.465944290161133,0.3711569905281067,18.53946685791016,0.852425754070282,2.604032516479492,-0.2883936464786529,0.0,0.0
1730046243.935103,0.3508109440784569,0.0647169186398294,-0.1823821672898148,-2.409974956877576,0.0533084924801293,2.4679061835127203,0.9196944239960454,0.040778998285532,0.040778998285532,0.0088306342243506,0.2080888892418637,0.0047807829852757,-0.0530704265539488,0.0641402487661017,0.2695235047173819,-0.0826669022046143,0.0,0.0,0.622496485710144,-28.906068801879883,0.2204001396894455,18.575172424316406,0.861581027507782,2.614103317260742,-0.2883936464786529,0.0,0.0
1730046243.968512,0.351118969545744,0.0719446508541483,-0.1822032269932162,-2.411986097617907,0.0560490226025067,2.4764447528581983,0.9168394615104668,0.040778998285532,0.040778998285532,0.0104883859523492,0.217196892653889,-0.0004133581886342,-0.0592963530425674,0.0913688874448824,0.2516598544819307,-0.0724230445075693,0.0,0.0,0.471739649772644,-28.259401321411133,0.1807272881269455,18.725929260253903,0.852425754070282,2.634244918823242,-0.3085352480411529,0.0,0.0
1730046244.0018823,0.351411460328996,0.0788722104411398,-0.1819694212780901,-2.4139380855617274,0.0586090826580956,2.4849930437373,0.9147731976715644,0.040778998285532,0.040778998285532,0.0108193750496137,0.2087842144004691,0.009119238086083,-0.059395282543028,0.0716215463062782,0.2634538452857923,-0.0629273772862873,0.0,0.0,0.586790919303894,-28.564882278442383,0.2204001396894455,18.801307678222656,0.843270480632782,2.713895797729492,-0.3497339785099029,0.0,0.0
1730046244.0351064,0.3517231124034081,0.0858602541845829,-0.1817483066081828,-2.415441563253021,0.0609044832504339,2.493618006389956,0.9128011706905896,0.040778998285532,0.040778998285532,0.0107031430785952,0.219783579861861,0.0065328595082713,-0.0362268678760898,0.080336223488335,0.2532943601149593,-0.0670409274014755,0.0,0.0,0.471739649772644,-27.993593215942383,0.1450217217206955,18.166542053222656,0.815804660320282,2.624174118041992,-0.2481104582548141,0.0,0.0
1730046244.068441,0.3519932160181148,0.0929593096426198,-0.1815159662598118,-2.4169407011074693,0.0636037332666461,2.502345909182582,0.9109388649829951,0.0407793298363685,0.0407793298363685,0.007029562935795,0.2211193745568347,0.0089080617551342,-0.0518958288560242,0.0898146743921191,0.2679092185143486,-0.0520808532691547,0.0,0.0,0.511412501335144,-29.207582473754883,0.1053488701581955,18.241920471191406,0.815804660320282,2.703824996948242,-0.2883936464786529,0.0,0.0
1730046244.1018696,0.352234414756615,0.1003318267663315,-0.1813086488250953,-2.4187922483418487,0.0664503928708507,2.5113782912499008,0.9092198428787448,0.0407793298363685,0.0407793298363685,0.0069861052241303,0.2128258526919286,0.0065422949548563,-0.0508012858514388,0.0751584186257541,0.2396457991154426,-0.0635435054297749,0.0,0.0,0.471739649772644,-29.096498489379883,0.1807272881269455,18.01578521728516,0.878976047039032,2.624174118041992,-0.2581812441349029,0.0,0.0
1730046244.135105,0.352439261076949,0.1073134279668265,-0.1810861128854378,-2.4204271863205515,0.0691526411159069,2.5195998820997687,0.907221476706761,0.0407793298363685,0.0407793298363685,0.0069433085540538,0.2131742493468175,0.0068769028827219,-0.0453820938496057,0.0951847052617751,0.2649426919979564,-0.0552705855152785,0.0,0.0,0.586790919303894,-28.755311965942383,0.1807272881269455,17.980079650878906,0.770943820476532,2.644315719604492,-0.3598047792911529,0.0,0.0
1730046244.168438,0.3526838326101652,0.114203415434303,-0.1808774855637983,-2.422093421508322,0.0718044763339963,2.5284780512623364,0.905215903706575,0.0407793298363685,0.0407793298363685,0.0095327508337797,0.2083247997859078,0.0090530626159338,-0.0535446416719802,0.0736469491664794,0.2634468886393677,-0.0535468571496847,0.0,0.0,0.511412501335144,-29.096498489379883,0.0299704521894454,17.607154846191406,0.780099093914032,2.583890914916992,-0.3396631777286529,0.0,0.0
1730046244.2017698,0.3528970829558525,0.1214411799782778,-0.1806496554424784,-2.42397246963828,0.0745339076105112,2.537168813184617,0.9029845524163014,0.0407793298363685,0.0407793298363685,0.0005332182507771,0.2088935362364301,0.0120176254333264,-0.0590422325764836,0.0842627884390279,0.2568374123135938,-0.0765907160807074,0.0,0.0,0.586790919303894,-29.548768997192383,0.1053488701581955,17.678565979003906,0.807564914226532,2.683683395385742,-0.3295923769474029,0.0,0.0
1730046244.2351058,0.3530840478203884,0.1285400599488468,-0.1804507002193888,-2.426053546026908,0.0774049613939821,2.546006850597898,0.9005449348008505,0.0407793298363685,0.0407793298363685,0.0069707376637376,0.2147577324942799,0.0038474236666622,-0.0597202878586911,0.0869214656129205,0.2600000183722812,-0.0746881307362594,0.0,0.0,0.622496485710144,-29.739198684692383,0.1053488701581955,17.531776428222656,0.761788547039032,2.624174118041992,-0.2581812441349029,0.0,0.0
1730046244.2684405,0.3532650400197762,0.1354428321989985,-0.18026456654189,-2.427923310050404,0.0795157116183862,2.5543264034745627,0.8979109885229286,0.040778998285532,0.040778998285532,0.0074087337012774,0.210443858332198,0.0056183674261329,-0.0480359541637827,0.0690292966464601,0.2457041417455424,-0.0795296967787462,0.0,0.0,0.697874903678894,-28.906068801879883,0.2204001396894455,17.718238830566406,0.770943820476532,2.683683395385742,-0.2581812441349029,0.0,0.0
1730046244.301767,0.3534850731515269,0.1427244242032103,-0.1800603150934318,-2.429418011336907,0.081904094096965,2.5632412827634226,0.8955004591160751,0.040778998285532,0.040778998285532,0.006944405638929,0.2159700280919084,0.0080374755367744,-0.0480232727536739,0.0902795791724504,0.2753731812897377,-0.0636410179158921,0.0,0.0,0.622496485710144,-30.080385208129883,0.1053488701581955,17.381019592285156,0.770943820476532,2.703824996948242,-0.3295923769474029,0.0,0.0
1730046244.3351135,0.3536980187138582,0.1499482355485232,-0.1798234030412817,-2.4310002906422152,0.084692810656338,2.5717457881605714,0.8937129969452581,0.040778998285532,0.040778998285532,0.0111354418095069,0.2206542578508089,0.0066794483734475,-0.0536082995272717,0.0734707507405726,0.25541763254868,-0.0408892943472991,0.0,0.0,0.586790919303894,-29.969301223754883,0.0299704521894454,17.642860412597656,0.807564914226532,2.683683395385742,-0.3295923769474029,0.0,0.0
1730046244.3684633,0.3538759433195094,0.1572274220998007,-0.1795732206939624,-2.432727386399845,0.0874236204833111,2.5807834450213694,0.891986271549789,0.040778998285532,0.040778998285532,0.0085191616282626,0.2084811708497061,0.002566208286691,-0.053269652404168,0.0899619432204896,0.2781827975389192,-0.0471509572096575,0.0,0.0,0.662169337272644,-30.080385208129883,0.0696433037519455,17.456398010253906,0.770943820476532,2.634244918823242,-0.2682520449161529,0.0,0.0
1730046244.4018228,0.3541022612899212,0.1641597713012091,-0.1793720444802426,-2.434249639422001,0.0900422188833327,2.589642390285729,0.8903854899238087,0.040778998285532,0.040778998285532,0.0093611670631436,0.2040336488712413,0.0082096026255787,-0.0400222813287002,0.0779379091792165,0.2461733821729854,-0.0476729277189619,0.0,0.0,0.586790919303894,-29.473390579223636,-0.0454079657793045,16.448707580566406,0.789254367351532,2.634244918823242,-0.3295923769474029,0.0,0.0
1730046244.435114,0.3543535580411966,0.171060704917675,-0.1791741857542941,-2.435941854152696,0.0926304329932441,2.598052022171039,0.8882541889262314,0.040778998285532,0.040778998285532,0.0079497083838284,0.2073132658010397,0.0089763964726038,-0.0566123021315723,0.0795668465805841,0.2631732106354216,-0.0645353587587481,0.0,0.0,0.586790919303894,-30.762758255004883,-0.0057351142168045,17.119178771972656,0.807564914226532,2.693754196166992,-0.2984644472599029,0.0,0.0
1730046244.4684522,0.3545695551144112,0.1781103898513274,-0.1789164337722828,-2.43793463728154,0.0952768689784553,2.606728200360377,0.8862358341823227,0.040778998285532,0.040778998285532,0.0107014637607553,0.209882221172835,0.0135093659621158,-0.0669014105782406,0.0916675894488143,0.2572963943248569,-0.0650636716994492,0.0,0.0,0.622496485710144,-30.195436477661133,-0.0454079657793045,16.670875549316406,0.815804660320282,2.634244918823242,-0.2581812441349029,0.0,0.0
1730046244.501865,0.3548193337712482,0.1852328382428946,-0.1786813746466166,-2.439904413906589,0.0981322963178371,2.615276426058668,0.8840618270989276,0.040778998285532,0.040778998285532,0.0065277249607512,0.2124964681184596,0.0076160225592893,-0.0602756275506287,0.0803052208699669,0.2621229815206736,-0.0682141603176333,0.0,0.0,0.586790919303894,-30.155763626098636,-0.1207863837480545,16.897010803222656,0.770943820476532,2.713895797729492,-0.3085352480411529,0.0,0.0
1730046244.535106,0.3550643914025856,0.1921775212614747,-0.178447463691829,-2.441534453157971,0.1003206462612081,2.624204312595838,0.8816779327208968,0.040778998285532,0.040778998285532,0.005578952362956,0.2126086464158059,0.0065086178033236,-0.0409764735088639,0.0687791627043557,0.2703698036592573,-0.0834526466240579,0.0,0.0,0.697874903678894,-30.005006790161133,-0.0454079657793045,16.373329162597656,0.824959933757782,2.664457321166992,-0.3295923769474029,0.0,0.0
1730046244.568441,0.355233993893543,0.1993099466480237,-0.1782643516280161,-2.443069188365727,0.102790467084213,2.63277229113656,0.8791508804583062,0.0407796576619148,0.0407796576619148,0.0105395490895386,0.2200401487115041,0.0004450306769643,-0.0498925286839222,0.0844644992345281,0.2452042027657662,-0.0717899072054221,0.0,0.0,0.547118067741394,-30.612001419067383,-0.1207863837480545,16.262245178222656,0.824959933757782,2.644315719604492,-0.3295923769474029,0.0,0.0
1730046244.6018603,0.3553907952482389,0.2066283064390097,-0.1781163582616619,-2.4448659999320426,0.105657839638906,2.641643705485288,0.8767713255915028,0.0407796576619148,0.0407796576619148,0.0061845126360954,0.208679912856127,0.004545323332184,-0.0540969151446274,0.0865317272133798,0.2652873738794143,-0.0690907218512432,0.0,0.0,0.737547755241394,-30.536623001098636,-0.0454079657793045,16.409034729003906,0.789254367351532,2.723966598510742,-0.3396631777286529,0.0,0.0
1730046244.6351037,0.355593811460148,0.2135724081639615,-0.17793858121078,-2.4464325242395555,0.1083317959125215,2.650271114127007,0.8746403502948411,0.0407796576619148,0.0407796576619148,0.0069147402193605,0.2078558290524026,0.0052518731884903,-0.0447215819669878,0.0826502759408779,0.2552420897706871,-0.0548566828229424,0.0,0.0,0.848631739616394,-30.120058059692383,-0.0057351142168045,15.849647521972656,0.780099093914032,2.604032516479492,-0.3698755800724029,0.0,0.0
1730046244.66849,0.3558529456315927,0.220658516761831,-0.1776860720696563,-2.448136357019953,0.1112022581054467,2.6592293400738343,0.8726672362644156,0.0407796576619148,0.0407796576619148,0.0133358259872523,0.2141151802201771,0.0043409975491415,-0.0580722111376134,0.0824351004026106,0.2790305116157964,-0.0567454563713821,0.0,0.0,0.737547755241394,-30.877809524536133,-0.0811135321855545,15.738563537597656,0.770943820476532,2.654386520385742,-0.3396631777286529,0.0,0.0
1730046244.7017715,0.3561341772364094,0.2276826134885356,-0.1774099703437648,-2.450129229037759,0.1139026890136823,2.668028391322862,0.8709689936975644,0.0407796576619148,0.0407796576619148,0.003728898203325,0.2145143893299071,0.0081501440962417,-0.0579973673488417,0.0845318042485454,0.2453355300280467,-0.0405421307976567,0.0,0.0,0.808958888053894,-30.576295852661133,-0.1207863837480545,15.813941955566406,0.726082980632782,2.683683395385742,-0.2682520449161529,0.0,0.0
1730046244.7351143,0.3564724601544602,0.2347406270711116,-0.1771220300781934,-2.4521193405293342,0.1166059250463134,2.6762377351681845,0.8691620666605695,0.0407796576619148,0.0407796576619148,0.0124641751017988,0.2125940560601311,0.0157200479587332,-0.0625760228760589,0.0755875475191349,0.2617641602207604,-0.0570184821949456,0.0,0.0,0.547118067741394,-30.992860794067383,-0.3072487711906433,15.738563537597656,0.716927707195282,2.713895797729492,-0.3195215761661529,0.0,0.0
1730046244.7684972,0.3568387395112287,0.2419538428834582,-0.1768606106089351,-2.4538945746063265,0.1188457096852381,2.6852007164082585,0.8673439227589523,0.040778998285532,0.040778998285532,0.0134069212387733,0.213012442019185,0.0096120992476705,-0.0465925019058575,0.0610609907558008,0.2693613229370347,-0.0483704028651244,0.0,0.0,0.436034083366394,-30.005006790161133,-0.4223000407218933,15.441017150878906,0.735238254070282,2.664457321166992,-0.3497339785099029,0.0,0.0
1730046244.801767,0.357172380682265,0.2491293904228531,-0.1765362497003187,-2.455321984576279,0.1212205360333818,2.69361595382347,0.8653690524337421,0.040778998285532,0.040778998285532,0.0085676469346172,0.219444156797393,0.0084975048020588,-0.047451548147891,0.079747932630516,0.267171728675162,-0.0690358146869691,0.0,0.0,0.586790919303894,-31.560182571411133,-0.4580056071281433,15.401344299316406,0.726082980632782,2.734037399291992,-0.2883936464786529,0.0,0.0
1730046244.8351142,0.3575390859308761,0.2563928432439658,-0.1762238778497375,-2.4571009138047155,0.1240839061193826,2.702366237833431,0.8629815388596946,0.040778998285532,0.040778998285532,0.0074529126403084,0.2116524777560581,0.0122055186834549,-0.055259321127087,0.0746901009643867,0.2569772394304178,-0.0755935352320323,0.0,0.0,0.471739649772644,-31.294374465942383,-0.4580056071281433,15.103797912597656,0.672066867351532,2.693754196166992,-0.3195215761661529,0.0,0.0
1730046244.868428,0.3578183980895931,0.2634413643376733,-0.1759345394046819,-2.4587578424247454,0.126493673075839,2.710593784591024,0.8605300635218049,0.040778998285532,0.040778998285532,0.00645587601585,0.2054737114352181,0.0047394549387113,-0.0371658723908932,0.0647308746950743,0.2378352477259119,-0.065237651793953,0.0,0.0,0.436034083366394,-31.560182571411133,-0.5730568766593933,15.214881896972656,0.716927707195282,2.673612594604492,-0.3195215761661529,0.0,0.0
1730046244.9018102,0.3580426526879629,0.2702892697357519,-0.1756528591019241,-2.4602816542861743,0.129305955222861,2.718819563564513,0.858109279293835,0.040778998285532,0.040778998285532,0.0009539912713394,0.198353700044911,0.0045562330911928,-0.0504727233442259,0.0727882634999799,0.2462792625974781,-0.061236773320991,0.0,0.0,0.471739649772644,-31.901369094848636,-0.5730568766593933,15.028419494628906,0.707772433757782,2.634244918823242,-0.3295923769474029,0.0,0.0
1730046244.9351118,0.3582255446325991,0.2763837634148887,-0.1754979759678365,-2.461917905268068,0.131449916352197,2.7256798021964848,0.8562912153211596,0.040778998285532,0.040778998285532,-0.0001462002436894,0.1714299457958509,0.0108208668054143,-0.056071879721001,0.0573031632287828,0.184037164250328,-0.0431619173004494,0.0,0.0,0.622496485710144,-32.964599609375,-0.5730568766593933,15.401344299316406,0.672066867351532,2.744108200073242,-0.3085352480411529,0.0,0.0
1730046244.9684365,0.3583547979423944,0.2816449061937694,-0.1753652609408632,-2.463599462843264,0.1331998882193301,2.730944056828857,0.8550291096286325,0.040778998285532,0.040778998285532,0.0028431592879703,0.1480716133368817,0.0011508024874772,-0.0509862968628941,0.0550150341428361,0.1550263933461006,-0.035132320445842,0.0,0.0,0.511412501335144,-32.73846435546875,-0.5730568766593933,15.552101135253906,0.690377414226532,2.823759078979492,-0.2371241301298141,0.0,0.0
1730046245.0017664,0.3584687483704935,0.2860431717803937,-0.1752406461614283,-2.465053317912736,0.1348756237114574,2.735732260355858,0.8541046420536909,0.040778998285532,0.040778998285532,0.0050115273991841,0.1059406429431609,0.0019306522502806,-0.0389480970440264,0.0461693853304265,0.1411239205787743,-0.0292007826881862,0.0,0.0,0.622496485710144,-32.964599609375,-0.4976784586906433,15.401344299316406,0.672066867351532,2.754179000854492,-0.2270533293485641,0.0,0.0
1730046245.0351126,0.3585598087854973,0.2891294032776438,-0.1751355984005263,-2.4661870644123973,0.1359384309619143,2.7394094756532508,0.853402252125834,0.040778998285532,0.040778998285532,0.0008754701156577,0.078014901493262,0.0056649696388598,-0.0287302030245005,0.0274132468550755,0.101841381409536,-0.0197751031506675,0.0,0.0,0.511412501335144,-32.8138427734375,-0.5333840250968933,15.627479553222656,0.744393527507782,2.833829879760742,-0.3085352480411529,0.0,0.0
1730046245.0683928,0.3586276698728002,0.2912816104135811,-0.1750680605435049,-2.466656200912233,0.1365372963945681,2.7422628054900726,0.8529973538595551,0.0407793298363685,0.0407793298363685,0.0028818677040245,0.0524685740664142,0.0046182491886751,-0.0032302604445922,0.0144657071261341,0.0684216987450825,-0.0081902787427923,0.0,0.0,0.586790919303894,-32.583740234375,-0.5333840250968933,15.365638732910156,0.744393527507782,2.764249801635742,-0.2883936464786529,0.0,0.0
1730046245.1017623,0.3586713581531889,0.2926353271693692,-0.1750133951845175,-2.4667380788218263,0.1368831716168036,2.744056710338751,0.85276458448068,0.0407793298363685,0.0407793298363685,-0.0004793498705247,0.0300060603457697,0.0017152306437744,0.0015795692486318,0.0110998081568204,0.0427340596031431,-0.0024077564714974,0.0,0.0,0.622496485710144,-32.31793212890625,-0.5333840250968933,14.953041076660156,0.672066867351532,2.734037399291992,-0.2581812441349029,0.0,0.0
1730046245.1351132,0.3587205670149783,0.2931604350310242,-0.1749664955693471,-2.466742140128681,0.1370161894538326,2.7447758596796654,0.8526966930275212,0.0407793298363685,0.0407793298363685,0.001749676408547,0.0035494002098079,0.0006114598719106,0.0006979815747356,0.0021368178810422,0.0034617920077809,0.0008273047691263,0.0,0.0,0.586790919303894,-32.4329833984375,-0.6484352946281433,14.992713928222656,0.690377414226532,2.744108200073242,-0.2581812441349029,0.0,0.0
1730046245.1684096,0.3587064362339282,0.2932463169005062,-0.1749942642351141,-2.46668350534648,0.1368488124173055,2.7447130002373896,0.8527752665308079,0.0407793298363685,0.0407793298363685,-0.0062042433140911,0.0023882694864045,-0.0019620122869511,0.0048042418630027,-0.0039805862618081,-0.0066591615387279,0.0079254220092787,0.0,0.0,0.1384877115488052,-30.612001419067383,-0.8745705485343933,14.429359436035156,0.4917080104351043,2.404447555541992,-0.1254297941923141,0.0,0.0
1730046245.2018034,0.3585893892258663,0.2934005011636869,-0.1750842314577868,-2.4667038642338563,0.1368063060816407,2.744376744846103,0.8529443422055061,0.040778998285532,0.040778998285532,-0.0003921822785322,0.008064460792437,-0.0006870296195084,0.0005142069385533,-0.0012633447015867,-0.0083966911632388,0.0091198048200074,0.0,0.0,0.324950098991394,-31.445131301879883,-0.7595192790031433,14.766578674316406,0.4825527369976043,2.514310836791992,-0.1355005949735641,0.0,0.0
1730046245.2351022,0.3584696840540556,0.2935480520055322,-0.1751737744183383,-2.4667057977006634,0.1367629213934662,2.7442113743161896,0.8531266751508236,0.040778998285532,0.040778998285532,-0.0010733058440389,0.0088474098250314,-0.0032530228653159,0.0011494535352417,0.0005010883212566,-0.0004504571478247,0.005605408556531,0.0,0.0,0.324950098991394,-31.445131301879883,-0.7595192790031433,14.806251525878906,0.4733974635601043,2.494169235229492,-0.1355005949735641,0.0,0.0
1730046245.2684383,0.3584009304195875,0.2936256859648972,-0.1752260241835912,-2.466705659775472,0.1367637434138601,2.744162246526667,0.8532008076990366,0.040778998285532,0.040778998285532,0.0002442891249987,0.0021837921769188,0.0007590385224143,-1.111626046670598e-05,0.0002994869483721,-0.0004196336618672,-0.0013844610215826,0.0,0.0,0.2495716959238052,-31.369752883911133,-0.7595192790031433,14.806251525878906,0.4651577174663543,2.474027633666992,-0.0540186613798141,0.0,0.0
1730046245.301775,0.3583839163768368,0.2936520542392038,-0.1752442331181267,-2.466704854467379,0.1367543129477686,2.744138814759659,0.8532489848635327,0.040778998285532,0.040778998285532,-0.0002248379775272,0.0012905897988377,0.001115672856037,-0.0012115311437366,-0.0014331910993698,-0.0001968995323096,0.0003948990400638,0.0,0.0,0.2098988443613052,-31.334047317504883,-0.9102761149406432,14.806251525878906,0.500863254070282,2.453886032104492,-0.1052881926298141,0.0,0.0
1730046245.3350697,0.3583857388718657,0.2936524552487322,-0.1752530533913683,-2.4667038581582523,0.136753458237508,2.744132163003076,0.8532668238222922,0.040778998285532,0.040778998285532,0.0017937161728474,-8.002675684510052e-05,-0.0003900867161294,-0.0003457503265109,0.0001376871165071,-0.0004118103820737,0.0014162725653448,0.0,0.0,0.1384877115488052,-31.294374465942383,-0.8348976969718933,14.766578674316406,0.4733974635601043,2.474027633666992,-0.1254297941923141,0.0,0.0
1730046245.3685489,0.3583743762349914,0.2936605767409007,-0.1752589958530458,-2.4667027794708485,0.1367487763751096,2.744130376807608,0.85327788709727,0.040778998285532,0.040778998285532,0.000417462241666,0.0007138811117236,-0.0005365190724496,0.0009866317001388,-0.0006930205635275,0.0003728225458593,0.0045598742468188,0.0,0.0,0.2098988443613052,-31.334047317504883,-0.7991921305656433,14.730873107910156,0.4917080104351043,2.453886032104492,-0.0952173918485641,0.0,0.0
1730046245.4017885,0.3583707844691138,0.2936588460235817,-0.1752722196014232,-2.4667055677257186,0.1367510158388218,2.74412228954736,0.8532837792709982,0.040778998285532,0.040778998285532,-0.0002393282882099,0.000698975926981,-0.0011273881254704,-0.0006199963379948,-0.0002730993602201,6.066638319245897e-05,0.0006002084064319,0.0,0.0,0.2098988443613052,-31.294374465942383,-0.8348976969718933,14.806251525878906,0.4917080104351043,2.474027633666992,-0.1052881926298141,0.0,0.0
1730046245.435114,0.3583679721303153,0.2936617464189005,-0.1752701410122332,-2.466707833994743,0.1367476983420188,2.7441266456180147,0.8532887336668917,0.040778998285532,0.040778998285532,0.0002298834345125,-0.0007156068753566,0.0021251570675813,-0.0014875079052463,-0.0001461413853174,0.0005945736340267,0.0033187411805631,0.0,0.0,0.2098988443613052,-31.294374465942383,-0.9102761149406432,14.806251525878906,0.4917080104351043,2.434659957885742,-0.0640894621610641,0.0,0.0
1730046245.4684365,0.3583726680561115,0.2936677620402767,-0.1752710873753605,-2.4666985748902976,0.1367476963904234,2.7441197410239506,0.8532935661900951,0.040778998285532,0.040778998285532,0.0022072352263254,0.0013683677906645,-0.0005884997855536,0.0004460955728767,-7.091416153884093e-05,-8.536175177576954e-05,-0.0007937178941726,0.0,0.0,0.0988148599863052,-31.334047317504883,-0.9102761149406432,14.691200256347656,0.4917080104351043,2.453886032104492,-0.0640894621610641,0.0,0.0
1730046245.5017216,0.3583679835950083,0.2936652531958462,-0.1752786079153524,-2.46670251579245,0.1367480606282848,2.7441176810794405,0.8533032654131154,0.040778998285532,0.040778998285532,0.0011212588390038,-3.4016824730270155e-05,-0.0004837724954477,0.0006441834581171,0.0018676638821534,0.000601469419335,9.140099096888825e-05,0.0,0.0,0.1741932779550552,-31.294374465942383,-0.8348976969718933,14.730873107910156,0.4468471705913543,2.443815231323242,-0.1052881926298141,0.0,0.0
1730046245.5351136,0.3583626850025248,0.2936648763692481,-0.1752749662856818,-2.466702875263337,0.1367449327210585,2.744118622038099,0.8532997479398272,0.040778998285532,0.040778998285532,-0.0011584935765909,0.0002974462890602,-0.0012317415737718,-0.0002801011083234,0.0005393100860776,-0.0002400178639682,-0.0027614379859164,0.0,0.0,0.2495716959238052,-31.258668899536133,-0.8348976969718933,14.766578674316406,0.4733974635601043,2.463956832885742,-0.0338770598173141,0.0,0.0
1730046245.5683906,0.3583555567193313,0.2936659363905589,-0.1752818334341532,-2.466703116487814,0.1367405037650361,2.744118562130639,0.8533078713069359,0.040778998285532,0.040778998285532,-0.0016900963786677,-0.0006845006984974,0.0017974017164525,-1.2350976009215842e-05,0.0004297876531862,0.0004136571208893,-0.0014399755941132,0.0,0.0,0.285277247428894,-31.258668899536133,-0.8348976969718933,14.766578674316406,0.4733974635601043,2.453886032104492,-0.0640894621610641,0.0,0.0
1730046245.6024964,0.3583608516339694,0.2936712262121074,-0.1752897512352371,-2.466698346031543,0.1367344925012327,2.744116151546113,0.8533138778472745,0.040778998285532,0.040778998285532,0.0010502451786146,0.0019770772539157,-0.0007675278459491,0.0015202702246119,-5.640114520195986e-06,-6.20066434287302e-05,-0.0009713663687955,0.0,0.0,0.1741932779550552,-31.334047317504883,-0.7991921305656433,14.691200256347656,0.4825527369976043,2.453886032104492,-0.0741602629423141,0.0,0.0
1730046245.635103,0.3583583459801841,0.2936691223228451,-0.1752822030055382,-2.466700610868142,0.1367380733191965,2.744114794645118,0.8533138778663367,0.040778998285532,0.040778998285532,-0.0006240409449292,-0.0011632037032082,7.559985220804244e-05,-6.130189746123224e-05,3.764100856032954e-05,-0.0008232574200112,-0.0008909288325687,0.0,0.0,0.2098988443613052,-31.258668899536133,-0.9102761149406432,14.730873107910156,0.4917080104351043,2.484098434448242,-0.0741602629423141,0.0,0.0
1730046245.668435,0.358360851633967,0.2936716308928372,-0.1752906721192129,-2.4667085686565504,0.1367402424464758,2.744113853666517,0.8533221029573765,0.040778998285532,0.040778998285532,0.0007046644558301,-0.0001594484903329,-0.0014334554340009,-0.0009421827823119,-0.0006235748966985,-0.0001801344091847,0.0003165005435706,0.0,0.0,0.1741932779550552,-31.294374465942383,-0.7991921305656433,14.806251525878906,0.500863254070282,2.463956832885742,-0.1052881926298141,0.0,0.0
1730046245.7017748,0.3583583459801841,0.2936724564050133,-0.1752828294092662,-2.4667051002789067,0.1367376345278292,2.744114854906812,0.8533200169512437,0.040778998285532,0.040778998285532,0.0004206168141521,0.0009663384741634,0.0011069649579865,-0.001512385400343,-0.0004151799803553,0.0003108636448439,-0.0021989836918922,0.0,0.0,0.2098988443613052,-31.294374465942383,-0.9102761149406432,14.766578674316406,0.4917080104351043,2.453886032104492,-0.0439478605985641,0.0,0.0
1730046245.7351017,0.3583583459405554,0.2936746100349133,-0.175287554205509,-2.4667035560400032,0.1367358017576086,2.7441149726264285,0.8533244036814617,0.040778998285532,0.040778998285532,0.0003987280620765,0.0010273789117149,-4.693699859660249e-05,0.0001438798670808,4.020601046265607e-05,0.0002770443012244,-0.0019486540144751,0.0,0.0,0.2098988443613052,-31.294374465942383,-0.8745705485343933,14.766578674316406,0.4825527369976043,2.453886032104492,-0.0439478605985641,0.0,0.0
1730046245.7684343,0.3583583074082641,0.2936776336034138,-0.1752903411957418,-2.466703245323662,0.1367370484955733,2.744113735928923,0.8533324636425785,0.040778998285532,0.040778998285532,-0.0002398269027344,0.0008840480556702,-0.0013075796660311,0.0005018075978736,-0.0003250020044761,-0.0002813249374894,0.0008407768015661,0.0,0.0,0.2098988443613052,-31.334047317504883,-0.8348976969718933,14.730873107910156,0.4917080104351043,2.463956832885742,-0.1153589934110641,0.0,0.0
1730046245.8017662,0.3583561233087605,0.2936748582922106,-0.1752886217482921,-2.466703492247818,0.1367385546162635,2.744114901003081,0.8533394156743239,0.040778998285532,0.040778998285532,-0.0004959957613319,0.0008900245555919,0.0071786709761019,0.0009086680691918,0.0001199111867601,0.0005629311190081,0.0019463110268885,0.0,0.0,0.2098988443613052,-31.294374465942383,-0.8745705485343933,14.730873107910156,0.4733974635601043,2.443815231323242,-0.1455713957548141,0.0,0.0
1730046245.8351028,0.358355186934011,0.2936758732806825,-0.1752970740662439,-2.466703032295265,0.1367335302723658,2.744109491052874,0.8533311133772739,0.0368554182350635,0.0368554182350635,0.000529448961128,0.0003119508071721,-0.0013741520331122,0.0027688296434976,-0.0007301325968362,-0.0004706629979355,-0.0002442685373688,0.0,0.0,0.2098988443613052,-31.294374465942383,-0.7991921305656433,14.766578674316406,0.500863254070282,2.463956832885742,-0.0952173918485641,0.0,0.0
1730046245.868495,0.3582932543103246,0.2936680869919149,-0.1754334995829189,-2.466703621436034,0.1367275163215045,2.7441138536664926,0.8533305825309867,0.0368554182350635,0.0368554182350635,0.0005245728758614,7.500301175851937e-05,-0.0074752538406539,-0.0009978015227492,-0.0033608462830644,-0.0005118926087023,-0.0001816506233608,0.0,0.0,0.471739649772644,-31.183290481567383,-0.4580056071281433,14.766578674316406,0.500863254070282,2.463956832885742,-0.0851465910673141,0.0,0.0
1730046245.9017243,0.3581256753942524,0.293680822447903,-0.1756842941659661,-2.4667088919628832,0.1367274622940007,2.744106853805735,0.8533371203232141,0.0368554182350635,0.0368554182350635,-0.0028966834662016,0.000621543371039,-0.0098241438605313,-0.0004839635739001,3.477238829142513e-05,-0.0004400359179881,0.0001932450969457,0.0,0.0,0.586790919303894,-31.334047317504883,-0.4580056071281433,14.806251525878906,0.4917080104351043,2.484098434448242,-0.1153589934110641,0.0,0.0
1730046245.935102,0.357976780253199,0.2936868723231812,-0.17586851510255,-2.4667108745133475,0.1367283750412385,2.74410407850551,0.8533340717405848,0.0368554182350635,0.0368554182350635,-0.0052287134696641,-0.0002042303615151,-0.0077264820964549,-0.0006660257320984,0.0002525763231665,0.0004488395696524,0.0013814246229864,0.0,0.0,0.622496485710144,-31.334047317504883,-0.3826271891593933,14.877662658691406,0.4917080104351043,2.463956832885742,-0.1153589934110641,0.0,0.0
1730046245.9684372,0.3579510703861344,0.293679520609489,-0.1758332046042298,-2.466705926031429,0.1367326998200735,2.744097205123475,0.8533317608487834,0.0368554182350635,0.0368554182350635,0.0011582210182139,0.0007511543804217,0.007712637424684,-0.0009777431006178,-0.0001268777602772,0.0001651195261053,0.0018644635594747,0.0,0.0,0.2098988443613052,-31.258668899536133,-1.025327444076538,14.806251525878906,0.4825527369976043,2.484098434448242,-0.1052881926298141,0.0,0.0
1730046246.0017705,0.3580658885122914,0.2936227370057647,-0.1756535215534662,-2.4666902560482717,0.1367297256681528,2.7441095716508666,0.8533349397629498,0.0323050431907177,0.0323050431907177,0.004622018353265,-0.0034121188775604,0.0041162708743988,-0.0002534583332438,0.0001805047969572,0.0010480339761898,0.0011520569455576,0.0,0.0,0.0234364420175552,-30.536623001098636,-1.136411428451538,14.619789123535156,0.4825527369976043,2.414518356323242,-0.1052881926298141,0.0,0.0
1730046246.0351045,0.358110496883378,0.2936120776546266,-0.1756246328811106,-2.4666812071619844,0.1367271552965089,2.744107333713106,0.8533283021898062,0.0323050431907177,0.0323050431907177,0.0013472067813717,-0.0001687275172431,0.0001606633871549,0.0003360475040072,-0.0002859118779949,1.603265262513894e-05,-0.0004558559295735,0.0,0.0,0.0988148599863052,-30.536623001098636,-0.9102761149406432,14.544410705566406,0.500863254070282,2.434659957885742,-0.0741602629423141,0.0,0.0
1730046246.0684752,0.3581130026794054,0.2936092935946949,-0.1756248794615092,-2.4666783979766995,0.1367281373384587,2.7441068177979844,0.853330641872691,0.0323050431907177,0.0323050431907177,-0.0002249407750139,-0.0012397355315002,-0.0016630165794812,0.0012105270363861,0.0003133549510184,-0.0001708572618047,0.000439234801541,0.0,0.0,0.0631092935800552,-30.496950149536133,-0.9102761149406432,14.544410705566406,0.4917080104351043,2.443815231323242,-0.0952173918485641,0.0,0.0
1730046246.1017354,0.3581108927377802,0.2936172886309955,-0.1756185788838221,-2.466683636565518,0.1367272871475071,2.744104078523625,0.8533283022076567,0.0323050431907177,0.0323050431907177,-0.0013170943813839,0.0003565657846599,0.0009784851956262,-0.0010741884389836,0.0004119760902567,-0.0005444360705485,0.0006066268494818,0.0,0.0,0.1384877115488052,-30.612001419067383,-1.025327444076538,14.655494689941406,0.4917080104351043,2.463956832885742,-0.0741602629423141,0.0,0.0
1730046246.1351056,0.3581109018148035,0.2936177893177075,-0.1756161496367255,-2.466680162857536,0.1367271007984278,2.744105198224465,0.8533249845021921,0.0323050431907177,0.0323050431907177,-0.0014869415607192,0.0025073687897263,0.0009430837027435,0.0013494296693975,6.144301793409807e-05,-0.0002013911345144,-0.0018723092564259,0.0,0.0,0.1384877115488052,-30.651674270629883,-0.9856545329093932,14.580116271972656,0.500863254070282,2.453886032104492,-0.0439478605985641,0.0,0.0
1730046246.1684375,0.3581083961610208,0.2936148617022117,-0.1756223875656268,-2.4666783980348463,0.1367232333674043,2.7441073337131074,0.8533239440184781,0.0317399837076664,0.0317399837076664,-0.000516170823986,0.0002897573852611,-0.0005440163753264,0.0012300831579484,-0.0005205328716478,0.0005798473808358,-0.0018274746826388,0.0,0.0,0.1741932779550552,-30.576295852661133,-0.9102761149406432,14.544410705566406,0.500863254070282,2.434659957885742,-0.0338770598173141,0.0,0.0
1730046246.2017758,0.358107817950802,0.2936148616768585,-0.1756227161436445,-2.4666806655957028,0.1367300527779959,2.744106318043258,0.8533338658451428,0.0317399837076664,0.0317399837076664,0.0004133462840971,-3.4873328891700695e-05,-0.0001482730311394,0.0002458094623957,0.0009646138890871,-0.0002922413405115,0.0013011354256206,0.0,0.0,0.1384877115488052,-30.576295852661133,-0.9102761149406432,14.580116271972656,0.4733974635601043,2.443815231323242,-0.0952173918485641,0.0,0.0
1730046246.2351058,0.3581052335581919,0.2936173673199917,-0.1756248576587607,-2.4666780958334176,0.1367227075977848,2.7441063576686786,0.8533328798809262,0.0317399837076664,0.0317399837076664,-0.0001855174803052,0.0012342249323656,0.0006361469105468,-3.4466003112340475e-05,-0.0001343682162413,-0.0098422714915643,0.001703350863781,0.0,0.0,0.1741932779550552,-30.612001419067383,-0.9102761149406432,14.580116271972656,0.500863254070282,2.443815231323242,-0.1153589934110641,0.0,0.0
1730046246.2684183,0.358107712978309,0.2936148617140637,-0.1756273841394737,-2.466682866512649,0.1367221128651034,2.744104078505472,0.8533360587428083,0.0317399837076664,0.0317399837076664,0.0006951221096746,-0.0004439959124293,-0.0003213541576681,-0.0009744084356643,-0.0010360494250969,-0.0004818062569641,0.0016236033024369,0.0,0.0,0.1384877115488052,-30.576295852661133,-0.8745705485343933,14.619789123535156,0.519173800945282,2.463956832885742,-0.1153589934110641,0.0,0.0
1730046246.3018527,0.3581052073125912,0.2936120776544043,-0.1756227275875221,-2.466677075034524,0.1367227603949222,2.7441084465027497,0.8533317608485618,0.0317399837076664,0.0317399837076664,-0.0013243432979957,-0.0015646356201876,-0.0005168396396057,0.0005263897879951,0.0001826913807702,0.0005881740327568,0.0012093216600724,0.0,0.0,0.1741932779550552,-30.536623001098636,-0.9102761149406432,14.580116271972656,0.500863254070282,2.434659957885742,-0.1052881926298141,0.0,0.0
1730046246.3351057,0.3581077513089488,0.2936141440086367,-0.1756188917659578,-2.4666824542455004,0.1367227046392782,2.7441039428400846,0.8533317608486357,0.0317406393587589,0.0317406393587589,-0.0006638313432328,0.0006574512336557,-0.0003230021814611,-0.0012890552476511,-6.442658221083103e-05,-0.000352376142293,0.0014300387691142,0.0,0.0,0.1384877115488052,-30.576295852661133,-0.9499489665031432,14.655494689941406,0.500863254070282,2.463956832885742,-0.1052881926298141,0.0,0.0
1730046246.3684013,0.358115840613996,0.2936148529536561,-0.1756159145774396,-2.4666770708907246,0.13672799871064,2.744105196008263,0.8533271846673876,0.0317406393587589,0.0317406393587589,0.0016158582073617,-0.0002145834018385,0.0002274002238166,-0.0030817296521664,0.0001811874381494,-0.0001528791038271,-0.0007673850619677,0.0,0.0,0.0631092935800552,-30.576295852661133,-0.9856545329093932,14.580116271972656,0.4917080104351043,2.453886032104492,-0.0640894621610641,0.0,0.0
1730046246.401768,0.3581074134046868,0.2936148616062038,-0.1756216406691836,-2.4666737280451736,0.1367179257316619,2.744105961309431,0.8533238263323062,0.0317406393587589,0.0317406393587589,2.973515495519253e-05,2.3884511107196283e-05,0.0004328875357969,0.0018002256118746,-0.0003080403935779,0.0001959611054373,-0.0011393065531516,0.0,0.0,0.1741932779550552,-30.576295852661133,-0.9102761149406432,14.580116271972656,0.500863254070282,2.443815231323242,-0.0338770598173141,0.0,0.0
1730046246.4351065,0.3581052077567538,0.2936127094615414,-0.1756249235920651,-2.466682539769289,0.1367179198993583,2.7441051954907336,0.8533328219402414,0.0317406393587589,0.0317406393587589,5.650747982206143e-05,9.189417521646604e-05,-0.0006895673044878,-0.0008817687188248,-0.0003039768787678,-0.0004732146204617,0.0010074758669312,0.0,0.0,0.1741932779550552,-30.576295852661133,-0.8745705485343933,14.691200256347656,0.500863254070282,2.453886032104492,-0.1052881926298141,0.0,0.0
1730046246.468434,0.3581027016587589,0.2936173410743257,-0.1756238154982776,-2.4666771355180197,0.1367216312412469,2.7441059632485687,0.8533306811344988,0.0317406393587589,0.0317406393587589,-0.0010172266899332,7.301321866708096e-05,0.0003769429890459,0.001652935955837,-0.0009477229502867,0.0002376904489537,0.0009179398271925,0.0,0.0,0.2098988443613052,-30.612001419067383,-0.9102761149406432,14.580116271972656,0.510018527507782,2.443815231323242,-0.0952173918485641,0.0,0.0
1730046246.5017855,0.3581077129823092,0.2936171311209933,-0.1756249988267678,-2.466680107382329,0.1367222965942013,2.744106303378551,0.8533227073181229,0.0317406393587589,0.0317406393587589,3.3870067997704905e-05,0.0010530638392567,-0.0018995464183799,-0.0006982109652875,-6.389001277597186e-05,0.0003708276592327,-0.0020078712872103,0.0,0.0,0.1384877115488052,-30.612001419067383,-0.8745705485343933,14.655494689941406,0.4917080104351043,2.443815231323242,-0.023806257173419,0.0,0.0
1730046246.5351129,0.3581048275737423,0.2936098699822585,-0.1756212646140542,-2.466674107942873,0.1367179204663566,2.744104019945434,0.8533249845019706,0.0317406393587589,0.0317406393587589,-0.0023916706712773,-0.0012317312978052,0.0005181966360775,0.0072512722291015,-1.866063135808637e-05,-0.0001746707145627,-0.0009647346244191,0.0,0.0,0.2098988443613052,-30.536623001098636,-0.9499489665031432,14.619789123535156,0.500863254070282,2.453886032104492,-0.0439478605985641,0.0,0.0
1730046246.568437,0.3581127031197093,0.293617131048835,-0.1756167657571306,-2.466679055333973,0.1367141258127016,2.744106276730122,0.8533249452567788,0.0317406393587589,0.0317406393587589,0.0012378925880644,0.0007392859771218,0.0024441929704122,0.0001370020641686,0.0004006676626777,0.000307202264892,-0.0011684938030082,0.0,0.0,0.0988148599863052,-30.612001419067383,-0.9499489665031432,14.655494689941406,0.4917080104351043,2.443815231323242,-0.0439478605985641,0.0,0.0
1730046246.6017675,0.3581029768736263,0.2936099517430042,-0.1756188124002439,-2.4666814909504446,0.1367141389747708,2.74410409713705,0.8533328812799766,0.0317406393587589,0.0317406393587589,-0.0014827794887299,-0.0008653231800857,-0.0010482760517174,-0.0004829429670202,0.0002897377260077,-5.252441951814501e-05,0.0018627439355878,0.0,0.0,0.2098988443613052,-30.536623001098636,-0.9499489665031432,14.655494689941406,0.4917080104351043,2.453886032104492,-0.1153589934110641,0.0,0.0
1730046246.6351137,0.3581080546282242,0.2936142577370433,-0.1756247254916689,-2.4666766032175307,0.136709927324736,2.7441025303959745,0.8533227073001778,0.0317406393587589,0.0317406393587589,0.00029695440136,0.000827112403767,0.000778660595474,0.0006199798221275,-3.465927004845376e-05,-0.0005341152673144,-0.001570592475499,0.0,0.0,0.1384877115488052,-30.612001419067383,-0.9102761149406432,14.619789123535156,0.500863254070282,2.463956832885742,-0.023806257173419,0.0,0.0
1730046246.668388,0.3581076073503134,0.2936176833616785,-0.1756220600886112,-2.466681519894573,0.1367130048765046,2.7441030132696698,0.8533260642319348,0.0317406393587589,0.0317406393587589,-0.0010057747199847,0.0008051426160797,0.0007235037380866,-0.0008546082913124,-0.0001325436392409,0.0004057031208648,-0.0005965168384288,0.0,0.0,0.1741932779550552,-30.651674270629883,-0.9499489665031432,14.691200256347656,0.500863254070282,2.443815231323242,-0.0540186613798141,0.0,0.0
1730046246.7017713,0.3581079754271748,0.2936120173535411,-0.1756224796191012,-2.4666790881188803,0.1367158261032628,2.744103705908481,0.8533260656875297,0.0317406393587589,0.0317406393587589,0.000184187071309,3.070161277137272e-05,-0.0008288304422381,0.0003135647732102,-0.0015315764159135,-0.0003068914126071,-0.001333151326833,0.0,0.0,0.1384877115488052,-30.576295852661133,-0.9102761149406432,14.655494689941406,0.519173800945282,2.463956832885742,-0.0540186613798141,0.0,0.0
1730046246.7351117,0.3581126590486975,0.2936173644464198,-0.1756210683336704,-2.4666755816244748,0.1367141433573097,2.744100370262127,0.8533260048949325,0.0317406393587589,0.0317406393587589,0.0011105833130516,0.0007576973261283,0.000539282742399,0.0009269105666737,0.0001577636612567,0.0001414585626863,-0.001319819627949,0.0,0.0,0.0988148599863052,-30.612001419067383,-0.9499489665031432,14.619789123535156,0.4917080104351043,2.463956832885742,-0.0439478605985641,0.0,0.0
1730046246.7684388,0.3581079885298007,0.2936152411449613,-0.1756203465281507,-2.4666815110749245,0.1367131217334787,2.7441004919233856,0.853332879826451,0.0317406393587589,0.0317406393587589,0.0003064741292203,0.0007230559712014,6.472665226892116e-05,-0.0008621118679143,-0.0001525179315853,1.6101215756302266e-05,0.0018133421008657,0.0,0.0,0.1384877115488052,-30.612001419067383,-0.9499489665031432,14.691200256347656,0.500863254070282,2.463956832885742,-0.1153589934110641,0.0,0.0
1730046246.8017683,0.3581101931818027,0.2936152151026757,-0.175615707645602,-2.466678756992444,0.1367131726839049,2.7441047706098165,0.8533327032607709,0.031735386699438,0.031735386699438,-0.0004967205318495,0.0005670983063312,0.0050230211691072,0.0009460694504234,-0.0094958649440522,0.0008113220828536,0.0002783072492287,0.0,0.0,0.1384877115488052,-30.612001419067383,-0.9856545329093932,14.655494689941406,0.510018527507782,2.443815231323242,-0.0851465910673141,0.0,0.0
1730046246.8351142,0.3581366666096892,0.2936134547886577,-0.1756799526508263,-2.4666363236396176,0.1366386247386739,2.743838116794433,0.8533362494690288,0.031731117516756,0.031731117516756,0.0008777975856333,0.0014403351585487,-0.0009411694180257,0.0041625133867343,-0.0118844769662347,-0.0133737151945543,0.0013047129688977,0.0,0.0,0.0234364420175552,-30.687379837036133,-1.402219533920288,14.953041076660156,0.4376918971538543,2.304655075073242,-0.0741602629423141,0.0,0.0
1730046246.8685412,0.3586460194227189,0.2935540554976018,-0.1762200746580703,-2.466174612149726,0.1362505552542348,2.742521807535168,0.8534131837345443,0.031731117516756,0.031731117516756,0.0240757642735173,0.0007822390107439,-0.0318109378101181,0.0175297061090854,-0.0058510881841117,-0.0508093657430883,0.0105904218025924,0.0,0.0,0.285277247428894,-32.01641845703125,-1.287168264389038,15.365638732910156,0.3296596705913543,2.294584274291992,-0.0439478605985641,0.0,0.0
1730046246.901754,0.3598449996294119,0.2933750774746808,-0.1774631115677007,-2.4653131680374063,0.1355700669881041,2.73983208856838,0.8538395192620555,0.031731117516756,0.031731117516756,0.0429619314889736,-0.0060075196377724,-0.0483120552576108,0.0338453229693369,-0.0122650120271892,-0.101538441368729,0.0207784384720752,0.0,0.0,0.622496485710144,-33.6072998046875,-1.176084280014038,16.222572326660156,0.2930385768413543,2.304655075073242,0.027463274076581,0.0,0.0
1730046246.9351122,0.3619243329714415,0.2927817527033228,-0.179584212937764,-2.4641197537962105,0.1345706846846726,2.734813143574165,0.8546051020192297,0.031731117516756,0.031731117516756,0.0756488140309581,-0.0290512056146168,-0.0761010687752972,0.0425723293144485,-0.0480453244037629,-0.1803444427529981,0.0221429992888234,0.0,0.0,0.924010157585144,-34.8212890625,-1.061033010482788,17.043800354003906,0.2307827174663543,2.504240036010742,0.007321672514081,0.0,0.0
1730046246.9684367,0.3648430132733904,0.2913315589639588,-0.1823252115266714,-2.462443844696083,0.1329414501346818,2.727486775590607,0.8554435028618863,0.031731117516756,0.031731117516756,0.0928196896273951,-0.060575046418434,-0.08278571773976,0.0600720343407561,-0.0713739216419977,-0.2410672243540903,0.0361119591739732,0.0,0.0,1.185850977897644,-36.19000244140625,-1.100705862045288,18.01578521728516,0.1044399365782737,2.843900680541992,0.007321672514081,0.0,0.0
1730046247.0017662,0.3685201593986868,0.2885063175667995,-0.1854925440771186,-2.459915783450591,0.1305751375209687,2.718952565456141,0.8563456370189925,0.0317291468381881,0.0317291468381881,0.1188596400320862,-0.1011935729454818,-0.0949984021487136,0.0916659065873899,-0.0647002484854215,-0.2626735444129031,0.0393922027779924,0.0,0.0,0.959715723991394,-36.9080810546875,-1.251462697982788,18.948097229003903,0.0952846631407737,2.803617477416992,0.0576756745576858,0.0,0.0
1730046247.035113,0.3729181653795317,0.284219039736605,-0.189107882781162,-2.4561324852047624,0.1281256885471892,2.7088347219701547,0.8576106632639416,0.0317291468381881,0.0317291468381881,0.1392979085347357,-0.1432659315879231,-0.1120602401474342,0.1303963877827208,-0.0680090229065955,-0.3109534967361294,0.0453051153470665,0.0,0.0,0.808958888053894,-36.074951171875,-1.326841115951538,18.388710021972656,-0.0310581102967262,2.823759078979492,0.0576756745576858,0.0,0.0
1730046247.068437,0.3775303281588987,0.2788191888256729,-0.1927725500450435,-2.4517439210040006,0.1252883289906708,2.7000549056269074,0.8590496350982745,0.0317291468381881,0.0317291468381881,0.1385767109515194,-0.1733751385572613,-0.1066529786202953,0.1335703903393104,-0.0820742563695873,-0.232823189989094,0.0408225238028455,0.0,0.0,0.848631739616394,-35.12677001953125,-1.251462697982788,17.718238830566406,-0.0310581102967262,2.644315719604492,0.1190160065889358,0.0,0.0
1730046247.1017685,0.3820062567706918,0.272752323948903,-0.1960824959459406,-2.446788741906556,0.1228811214020436,2.691608121675204,0.8604919372016315,0.0317291468381881,0.0317291468381881,0.1348678924255436,-0.1762786922461778,-0.093475368510411,0.156393024185117,-0.066340417004054,-0.2544043617071865,0.0435251158899361,0.0,0.0,0.697874903678894,-34.10321044921875,-1.477597951889038,17.904701232910156,-0.0667636767029762,2.583890914916992,0.1290868073701858,0.0,0.0
1730046247.1351137,0.3865248532006433,0.2670340081454639,-0.1995395919877134,-2.441377092020336,0.1202909674538917,2.6834646962475888,0.8623122655491493,0.0317291468381881,0.0317291468381881,0.136382892418691,-0.1695950275011637,-0.1061684208440258,0.1656121561021909,-0.0777873395836148,-0.2281675490740787,0.0504653364556541,0.0,0.0,0.848631739616394,-33.64697265625,-1.362546682357788,16.484413146972656,-0.1033847704529762,2.333951950073242,0.1089452058076858,0.0,0.0
1730046247.168456,0.3913048434181193,0.2608654858183102,-0.2033057979182773,-2.436235857822952,0.1173474227146077,2.6753388638502416,0.864185180096538,0.0317284911870956,0.0317284911870956,0.1391126214856833,-0.1862535047868688,-0.1125840725596457,0.1443157404403787,-0.0796392904322695,-0.2524388034712746,0.0651942407878202,0.0,0.0,0.697874903678894,-33.45654296875,-1.402219533920288,17.381019592285156,-0.0219028368592262,2.404447555541992,0.1190160065889358,0.0,0.0
1730046247.2018187,0.3957606143215031,0.254787591980678,-0.2068611259577873,-2.431310173647924,0.1150238081896642,2.6666146070563523,0.8664289606539937,0.0317284911870956,0.0317284911870956,0.130953844869898,-0.1772856418595147,-0.105903552828974,0.14497140698878,-0.0771205452186705,-0.2595614685882594,0.0703683607031789,0.0,0.0,0.586790919303894,-32.8138427734375,-1.588681936264038,17.119178771972656,-0.0850742235779762,2.434659957885742,0.1290868073701858,0.0,0.0
1730046247.2351005,0.4000807518707235,0.2492835768097699,-0.2103435911746022,-2.426676246772427,0.1122706839599553,2.658543514692133,0.868557767501077,0.0317284911870956,0.0317284911870956,0.137336094308661,-0.1650516093491206,-0.1015318351683818,0.1329453152339948,-0.0869752939755076,-0.2426530538082122,0.0634245885437632,0.0,0.0,0.586790919303894,-33.00030517578125,-1.628354787826538,16.746253967285156,-0.0576084032654762,2.284513473510742,0.1602147370576858,0.0,0.0
1730046247.2684183,0.4046942225511971,0.2442959385073399,-0.2140859031565192,-2.4225196217532208,0.1098041299088914,2.650004054659605,0.8705537146609369,0.0317284911870956,0.0317284911870956,0.1409434947706257,-0.1432890217944718,-0.1255394598502105,0.1313401633353696,-0.0755992140207024,-0.2704186302044302,0.0589964164817909,0.0,0.0,0.511412501335144,-32.84954833984375,-1.664060354232788,17.678565979003906,-0.0493686571717262,2.474027633666992,0.1190160065889358,0.0,0.0
1730046247.3018565,0.4091959483439875,0.2397063872939799,-0.2178145610922684,-2.4182408630671395,0.1069037573765819,2.6413056189877784,0.872352464191951,0.0317284911870956,0.0317284911870956,0.1323878515878375,-0.131087933404008,-0.1138877528739232,0.1314466152262044,-0.0848675482768131,-0.2545993649779635,0.0478710769535659,0.0,0.0,0.697874903678894,-33.53192138671875,-1.437925100326538,17.753944396972656,-0.0402133837342262,2.434659957885742,0.0677464753389358,0.0,0.0
1730046247.3351045,0.4134181168926855,0.235069729615919,-0.2214884298869249,-2.414133720624466,0.1039435986496445,2.63213684689857,0.8736652616031737,0.0317278355360031,0.0317278355360031,0.1334439237944538,-0.1432547536091969,-0.1130679033240018,0.1209846310685428,-0.0880701675153426,-0.2991742872314769,0.0438685344936833,0.0,0.0,0.959715723991394,-33.6866455078125,-1.251462697982788,17.678565979003906,-0.0402133837342262,2.434659957885742,0.1803563386201858,0.0,0.0
1730046247.3684382,0.4178264820032833,0.2300788672806891,-0.2252885634410748,-2.4103328014801915,0.1012298423657318,2.6234175372920374,0.8752615995466235,0.0317278355360031,0.0317278355360031,0.1309442198683199,-0.1451174693998779,-0.1137957861655309,0.1187148772112623,-0.0902451855362602,-0.254054171945258,0.0469494404132819,0.0,0.0,0.924010157585144,-33.64697265625,-1.287168264389038,18.837013244628903,-0.0310581102967262,2.593961715698242,0.0988744050264358,0.0,0.0
1730046247.4017766,0.4221889427394299,0.2251207107355467,-0.2290201513529637,-2.406035652916976,0.0983074557126103,2.6145393699294326,0.8768640472099817,0.0317278355360031,0.0317278355360031,0.1334073487198904,-0.1423047347293305,-0.1152210723497053,0.1333927537925105,-0.0798043281709865,-0.2555380490276552,0.0491003483861506,0.0,0.0,0.697874903678894,-34.10321044921875,-1.628354787826538,18.987770080566406,0.0138027295470237,2.534452438354492,0.1089452058076858,0.0,0.0
1730046247.4351056,0.4264061333535335,0.2203846818813855,-0.2326412099929871,-2.401875157651576,0.0959803427060658,2.605829498947509,0.8785843480679428,0.0317278355360031,0.0317278355360031,0.133739816860673,-0.1437215009007033,-0.1220350345784068,0.1252335940264063,-0.0799030706143008,-0.2450796111850092,0.0546264179720302,0.0,0.0,0.737547755241394,-33.3057861328125,-1.513303518295288,18.725929260253903,-0.0310581102967262,2.514310836791992,0.1602147370576858,0.0,0.0
1730046247.4684014,0.431081148653954,0.2156091184525067,-0.2364916635335117,-2.397637201837399,0.0930873475448285,2.5971358766413224,0.8804768508579575,0.0317278355360031,0.0317278355360031,0.140868834827829,-0.1358945033442962,-0.1186018312292136,0.1277968866885303,-0.0992910960126181,-0.2629600344917384,0.0536638211299917,0.0,0.0,0.959715723991394,-33.64697265625,-1.211789846420288,18.948097229003903,-0.0402133837342262,2.563749313354492,0.1391576081514358,0.0,0.0
1730046247.5018263,0.4354380089514034,0.2108352417699943,-0.2399613549403688,-2.393410994433512,0.0903672285286552,2.5882284885250844,0.8824762706845395,0.0317278355360031,0.0317278355360031,0.138349350910265,-0.1451491063376414,-0.1122730863547075,0.1328987222342201,-0.0770030143108879,-0.2734730334022929,0.0626659054736605,0.0,0.0,0.547118067741394,-33.9881591796875,-1.703733205795288,19.658241271972656,-0.0219028368592262,2.703824996948242,0.0988744050264358,0.0,0.0
1730046247.5351045,0.4399309637341645,0.2057243440774268,-0.2436522806654898,-2.389102014213919,0.0879402014527554,2.579861968787195,0.8846320714381873,0.0317278355360031,0.0317278355360031,0.1378951904783707,-0.1581705785876596,-0.1217727839733606,0.1304846158740996,-0.0925393931146612,-0.2504850251892817,0.0653815806633074,0.0,0.0,0.622496485710144,-33.19073486328125,-1.588681936264038,19.324989318847656,-0.0035922899842262,2.463956832885742,0.1702855378389358,0.0,0.0
1730046247.5684345,0.4443547671707016,0.2004767172525684,-0.2473930550319826,-2.3847009705749977,0.0851166665209323,2.571148331875925,0.8869114656461773,0.0317278355360031,0.0317278355360031,0.1304014992056792,-0.1564647033607475,-0.1132135425740123,0.1337886148663736,-0.0798197172742088,-0.2663163388548816,0.0755534254761962,0.0,0.0,0.848631739616394,-33.03997802734375,-1.362546682357788,19.209938049316406,-0.0310581102967262,2.554594039916992,0.0888036042451858,0.0,0.0
1730046247.6017702,0.4486743000674226,0.195189652629289,-0.2510103755360424,-2.380283733761288,0.0823782383811559,2.562668067729578,0.889177432985747,0.0317278355360031,0.0317278355360031,0.1260937736365963,-0.1496635034208487,-0.104154977555338,0.1340848087476953,-0.085808576419595,-0.2497272121808516,0.0553434635661247,0.0,0.0,0.662169337272644,-33.345458984375,-1.588681936264038,19.622535705566406,0.0046474561095237,2.524381637573242,0.1190160065889358,0.0,0.0
1730046247.6351008,0.4530738218193235,0.1904041227734498,-0.2547089038193016,-2.375721337835083,0.0793821975700329,2.553753565134708,0.8914647693633524,0.0317278355360031,0.0317278355360031,0.140875321340475,-0.1397200201767162,-0.1183868576716036,0.1378838091115748,-0.0949482629286847,-0.2861612165240882,0.0774124973447695,0.0,0.0,0.662169337272644,-33.07965087890625,-1.628354787826538,19.249610900878903,0.0504238232970237,2.384305953979492,0.1602147370576858,0.0,0.0
1730046247.6685042,0.4577451586965815,0.1853837948829732,-0.2585758114678438,-2.3714270954282206,0.0770685078510389,2.5449955695093798,0.893606371200173,0.031726848334074,0.031726848334074,0.13920959357254,-0.1532643350841335,-0.1109917888819313,0.1230218165249553,-0.067968687953394,-0.2462270057380326,0.0525591280080052,0.0,0.0,0.586790919303894,-33.64697265625,-1.588681936264038,19.69791412353516,-0.0035922899842262,2.453886032104492,0.0576756745576858,0.0,0.0
1730046247.7017684,0.4620512439938357,0.1802399721678488,-0.2619879812372526,-2.3673331085883214,0.074659319227048,2.536385206235506,0.8953797237027831,0.031726848334074,0.031726848334074,0.1332894735853892,-0.1590668365244372,-0.1041417193253965,0.1272207236603961,-0.0862213758893603,-0.2528672706693058,0.0396325443561317,0.0,0.0,0.773253321647644,-33.03997802734375,-1.437925100326538,20.146217346191406,0.0046474561095237,2.434659957885742,0.0787328034639358,0.0,0.0
1730046247.735101,0.4665442705211109,0.1752160154024953,-0.2656510933039686,-2.362832243157139,0.0717607981149144,2.527746762854277,0.8969922718140224,0.031726848334074,0.031726848334074,0.1441684503452319,-0.1465058365004338,-0.1132583046483621,0.1305219110537737,-0.0899302569542385,-0.2467458283508634,0.0518795656154433,0.0,0.0,0.622496485710144,-32.774169921875,-1.477597951889038,19.622535705566406,-0.0310581102967262,2.384305953979492,0.0988744050264358,0.0,0.0
1730046247.768531,0.4712740107536239,0.169954267896252,-0.2695888636116877,-2.3585936469207653,0.0690215643629787,2.5193366622271163,0.8987264219227523,0.031726848334074,0.031726848334074,0.1330680012326781,-0.1546046053149858,-0.1122188894535415,0.1216477858896158,-0.0786663865620492,-0.2657132365969132,0.0493371365831263,0.0,0.0,0.360655665397644,-33.03997802734375,-1.628354787826538,20.217628479003903,-0.0219028368592262,2.434659957885742,0.0988744050264358,0.0,0.0
1730046247.8017738,0.4755234425331927,0.1650579933706608,-0.2731665765495061,-2.354359798675623,0.0660887865536681,2.510277586843024,0.9007169361889813,0.031726848334074,0.031726848334074,0.1294354050858566,-0.1418210825739738,-0.1104943951451432,0.1364069045161424,-0.0778059555637777,-0.2629490083416212,0.0677690660582738,0.0,0.0,0.848631739616394,-32.84954833984375,-1.251462697982788,20.293006896972656,0.0138027295470237,2.524381637573242,0.1190160065889358,0.0,0.0
1730046247.8351014,0.4797621438095095,0.1604758821918106,-0.2766814489697961,-2.3500573567649203,0.0634954637434668,2.502028847071422,0.902841245389998,0.0317232385277748,0.0317232385277748,0.1289852322440481,-0.1387037667777287,-0.1154969844632312,0.1207529939519629,-0.0799941999859606,-0.2455921065177513,0.0656916002171432,0.0,0.0,0.808958888053894,-33.3057861328125,-1.326841115951538,20.257301330566406,-0.0127475634217262,2.364164352416992,0.0787328034639358,0.0,0.0
1730046247.8684373,0.4842918384813391,0.155521128126316,-0.2804655620671379,-2.3459817600333053,0.0605597957010449,2.49324489117791,0.9052325322132232,0.0317232385277748,0.0317232385277748,0.1390678960379243,-0.1546497073494187,-0.1169089771697247,0.1200614060897216,-0.0872271691967641,-0.268945839012663,0.0789823380664767,0.0,0.0,0.436034083366394,-33.07965087890625,-1.703733205795288,20.594520568847656,-0.0402133837342262,2.554594039916992,0.1290868073701858,0.0,0.0
1730046247.901895,0.4886400449152908,0.1502431216438563,-0.2841337754464249,-2.3417860111578355,0.0578292848998803,2.4845527488817645,0.9076164363351444,0.0317232385277748,0.0317232385277748,0.133193540142903,-0.1507970879276262,-0.1107974733246106,0.1227977236046921,-0.0614187497407656,-0.2459870532702151,0.0634519113262779,0.0,0.0,0.737547755241394,-33.07965087890625,-1.287168264389038,21.114234924316406,-0.0035922899842262,2.463956832885742,0.1391576081514358,0.0,0.0
1730046247.9351034,0.4930397108933804,0.1453366231644983,-0.287966567740157,-2.337187541165768,0.05555693026183,2.475655860611057,0.909763006755098,0.0317232385277748,0.0317232385277748,0.1376646224675333,-0.1495953711824662,-0.1181147129928934,0.1360837763423052,-0.0728385970560635,-0.2796914559983655,0.0656332389811873,0.0,0.0,0.959715723991394,-33.00030517578125,-1.176084280014038,20.705604553222656,-0.0035922899842262,2.384305953979492,0.0888036042451858,0.0,0.0
1730046247.9684975,0.4975103522241658,0.1402186932809677,-0.2917610806185685,-2.332866417919857,0.0526895267484672,2.466873078883472,0.9117199809582872,0.0317189693450927,0.0317189693450927,0.1337357860837336,-0.1485202197466893,-0.1110136251636478,0.1315880253956134,-0.0880008824323617,-0.2499209033566044,0.0502179766075081,0.0,0.0,0.586790919303894,-32.35760498046875,-1.437925100326538,21.114234924316406,-0.0219028368592262,2.583890914916992,0.1290868073701858,0.0,0.0
1730046248.0017707,0.5018232832766828,0.1355451819583885,-0.2954048077544339,-2.3286163248042167,0.0499986110537341,2.458494385517012,0.9132465653492496,0.0317189693450927,0.0317189693450927,0.1321860210479568,-0.1430916555679025,-0.1090593751593061,0.1434975622720074,-0.0849544496590948,-0.2628512146231036,0.051948733750856,0.0,0.0,0.586790919303894,-32.50836181640625,-1.402219533920288,21.153907775878903,0.0321132764220237,2.534452438354492,0.0787328034639358,0.0,0.0
1730046248.035103,0.506124378727927,0.1307253684113326,-0.2989960173433317,-2.3243577188327333,0.0468601209678947,2.4498601869976677,0.9148158604204,0.0317189693450927,0.0317189693450927,0.1302260889285305,-0.1497490883625893,-0.1074965714832826,0.1210650156692758,-0.0907936448415787,-0.2570877162349665,0.0451872565911294,0.0,0.0,1.035094141960144,-32.9249267578125,-1.061033010482788,21.673622131347656,0.0504238232970237,2.624174118041992,0.1290868073701858,0.0,0.0
1730046248.0684912,0.5107343218696839,0.1253361044913034,-0.3027633527449005,-2.3202659724095662,0.0441156949077429,2.44116299633343,0.9164724665015682,0.0317189693450927,0.0317189693450927,0.1322433351477343,-0.1579663259791722,-0.1031231797459103,0.1234805558664783,-0.0823028810577113,-0.2701708208180093,0.0462645118563869,0.0,0.0,0.622496485710144,-32.35760498046875,-1.287168264389038,21.526832580566406,0.0504238232970237,2.463956832885742,0.1089452058076858,0.0,0.0
1730046248.101714,0.5150615184140059,0.1201785509138324,-0.3062962979976711,-2.3159863170191395,0.0414772818751159,2.43204493007477,0.9182262133989264,0.0317189693450927,0.0317189693450927,0.1323876892056761,-0.1573303951266519,-0.1115109550013471,0.1240805670252262,-0.0837172769669547,-0.2746930122063756,0.049654118062012,0.0,0.0,0.547118067741394,-32.774169921875,-1.513303518295288,21.415748596191406,-0.0127475634217262,2.524381637573242,0.0988744050264358,0.0,0.0
1730046248.135104,0.5194670944090471,0.1152639173573196,-0.3100005100803506,-2.311632218161725,0.0387849385824895,2.4237467437932216,0.9199062532683622,0.0317189693450927,0.0317189693450927,0.139626369924796,-0.1413192998002389,-0.1152233038480713,0.1330891720424669,-0.0775398490422461,-0.2531042210311857,0.0575363600587174,0.0,0.0,0.848631739616394,-32.16717529296875,-1.211789846420288,21.749000549316406,0.0504238232970237,2.593961715698242,0.1089452058076858,0.0,0.0
1730046248.1684394,0.5239522123769709,0.1104839883116463,-0.3137176477299782,-2.3073057317422214,0.0364522066798323,2.4152119098622262,0.9219606829177076,0.0317140445113182,0.0317140445113182,0.1284303408260722,-0.1411551278477973,-0.0987334925314687,0.1293641789067675,-0.0746613168426335,-0.2603042741827323,0.0597640959038792,0.0,0.0,0.511412501335144,-32.2425537109375,-1.402219533920288,21.749000549316406,0.0046474561095237,2.474027633666992,0.0988744050264358,0.0,0.0
1730046248.2017682,0.5283828162783653,0.105439183025102,-0.3172472452161842,-2.3030791327745272,0.033574512244985,2.406510955802996,0.9246419725579612,0.0317140445113182,0.0317140445113182,0.132020551597624,-0.1491208291318952,-0.1055741715326385,0.126033833662879,-0.0874378156409569,-0.2506416778646587,0.0820479376970205,0.0,0.0,0.547118067741394,-32.583740234375,-1.402219533920288,21.864051818847656,0.0952846631407737,2.404447555541992,0.1089452058076858,0.0,0.0
1730046248.235102,0.5329246986692909,0.1003552760608635,-0.3208771805998452,-2.2987712772273023,0.0308937406478238,2.3976981907015547,0.9271885951219452,0.0317140445113182,0.0317140445113182,0.1371027659719512,-0.1581666430684492,-0.1162810817737828,0.1315151273686384,-0.0859225728958807,-0.2741344013717205,0.0760409703031298,0.0,0.0,0.547118067741394,-31.750612258911133,-1.287168264389038,21.899757385253903,0.0412685498595237,2.254301071166992,0.0677464753389358,0.0,0.0
1730046248.2685518,0.5375725057279456,0.0950641814855193,-0.3247082020435628,-2.294420123142466,0.0280685100634007,2.388720710863033,0.929468128478184,0.0317140445113182,0.0317140445113182,0.1265870357717851,-0.1556781715154531,-0.0983633424697437,0.1237882859540903,-0.0938987427552074,-0.2413716062043087,0.0673411481646515,0.0,0.0,0.400328516960144,-31.790285110473636,-1.326841115951538,21.562538146972656,0.0046474561095237,2.453886032104492,0.0888036042451858,0.0,0.0
1730046248.3017762,0.5417720038633203,0.0900717433977899,-0.3282178861648721,-2.2903259590408838,0.0252925275396435,2.3802786502936617,0.9316383472097708,0.0317140445113182,0.0317140445113182,0.1302437110577425,-0.1465430232834298,-0.1140147109802506,0.1263555716508588,-0.0858150605282469,-0.2614406206989749,0.0654802070619814,0.0,0.0,0.737547755241394,-31.941041946411133,-1.061033010482788,22.57022857666016,0.0321132764220237,2.554594039916992,0.0888036042451858,0.0,0.0
1730046248.335106,0.5461837210322342,0.0854654312405336,-0.3319937153191939,-2.285771254931097,0.0225616334789022,2.371338505889575,0.9333496353583156,0.0317137166857719,0.0317137166857719,0.1343393355857136,-0.1402495760338114,-0.1192618501320026,0.1436113382244063,-0.0898480059910655,-0.2532708513740939,0.0466602574217568,0.0,0.0,0.848631739616394,-31.865663528442383,-0.9499489665031432,22.312355041503903,0.0229580029845237,2.504240036010742,0.1501439362764358,0.0,0.0
1730046248.368436,0.5504957932799461,0.0806795853424943,-0.3357461432652108,-2.2814910099310763,0.0197865658230815,2.3631013871661963,0.9351090878955512,0.0317137166857719,0.0317137166857719,0.1282803527617493,-0.1568659174963416,-0.1075124149885679,0.1244214981788315,-0.0743276884243177,-0.2659650787294845,0.0476555405223442,0.0,0.0,0.547118067741394,-32.2822265625,-1.136411428451538,22.383766174316406,0.0952846631407737,2.384305953979492,0.0787328034639358,0.0,0.0
1730046248.4017737,0.554886868984619,0.0753302078207443,-0.3394455251089232,-2.2771980710070525,0.0174058176393596,2.353821429558792,0.936878118565395,0.0317137166857719,0.0317137166857719,0.1259275236282984,-0.1539147617543766,-0.1061673994224276,0.12181681478834,-0.0753551454098468,-0.2758542160072606,0.0531157215640621,0.0,0.0,0.586790919303894,-31.369752883911133,-1.061033010482788,22.312355041503903,0.0412685498595237,2.434659957885742,0.1089452058076858,0.0,0.0
1730046248.4351091,0.5593187291145538,0.0702315244785306,-0.3430687321998222,-2.2727525004465443,0.014607631349173,2.345506869187444,0.9386946860149212,0.0317137166857719,0.0317137166857719,0.134259124146724,-0.1428930542482203,-0.1138045313914608,0.1332370352060916,-0.0884100211389172,-0.2476855719900682,0.0595878498234507,0.0,0.0,0.848631739616394,-31.369752883911133,-0.8348976969718933,22.34806060791016,0.0046474561095237,2.394376754760742,0.1391576081514358,0.0,0.0
1730046248.468438,0.5638821394299559,0.0650838354762585,-0.3467635010789429,-2.268629031616495,0.0118616479878308,2.3369576085223644,0.9408367434253332,0.0317137166857719,0.0317137166857719,0.1290531658483325,-0.1549315536130752,-0.1032356498752412,0.1210825103573797,-0.0773517758045632,-0.2591318064794377,0.0613198792222536,0.0,0.0,0.436034083366394,-31.334047317504883,-1.211789846420288,22.383766174316406,0.0678188428282737,2.333951950073242,0.0988744050264358,0.0,0.0
1730046248.5017748,0.5683946941765279,0.0599980502243638,-0.3505743538568702,-2.2645083804074075,0.0091966440771099,2.328162033206004,0.9430727048247484,0.0317137166857719,0.0317137166857719,0.1184654261892418,-0.1407920912389019,-0.1058527308878151,0.1281894424899146,-0.0850190511577852,-0.2495412005189955,0.06877054488731,0.0,0.0,0.586790919303894,-31.068239212036133,-1.025327444076538,23.058204650878903,0.0595790967345237,2.443815231323242,0.1190160065889358,0.0,0.0
1730046248.535106,0.572713808431176,0.0553576603677111,-0.3542631491096624,-2.260067648064857,0.0064140729487798,2.319333562470204,0.9453358836681012,0.031711746007204,0.031711746007204,0.1330771293906484,-0.1439566784979754,-0.1085479660235221,0.137235757841268,-0.0834063888737818,-0.2792158741302616,0.0807829828371791,0.0,0.0,1.110472559928894,-31.560182571411133,-0.4580056071281433,22.645606994628903,0.0952846631407737,2.324796676635742,0.0888036042451858,0.0,0.0
1730046248.5684376,0.5769099107411874,0.0504554339852174,-0.3577894887245014,-2.2559775805359714,0.0038704351336584,2.310881683521011,0.9476023860067464,0.031711746007204,0.031711746007204,0.1245667011138881,-0.1636408767170753,-0.099580341840583,0.1102340172830991,-0.0850533913354825,-0.2503121914752472,0.0637704801835498,0.0,0.0,0.697874903678894,-31.143617630004883,-0.9102761149406432,22.87174224853516,0.0504238232970237,2.384305953979492,0.0988744050264358,0.0,0.0
1730046248.601762,0.5814162316897211,0.0449851291022759,-0.3615629380705646,-2.251471597859264,0.0006489714949902,2.301848858340793,0.949772430625996,0.031711746007204,0.031711746007204,0.1192525028705335,-0.1469674381288802,-0.0992329846690742,0.132227011327725,-0.0830301916033954,-0.2548220755486245,0.064529006010638,0.0,0.0,0.848631739616394,-31.183290481567383,-0.7238137125968933,23.018531799316406,0.0861293897032737,2.494169235229492,0.0787328034639358,0.0,0.0
1730046248.6351044,0.585897065448455,0.0400306208730105,-0.3653095093413492,-2.247031055855123,-0.0016868225020945,2.293138010086812,0.9513275249031188,0.031711746007204,0.031711746007204,0.1289000521049997,-0.1518466029123986,-0.1071404349393436,0.1338608340385221,-0.0668929765146966,-0.2490640808612634,0.0414117360042451,0.0,0.0,0.697874903678894,-30.992860794067383,-0.6841408610343933,23.169288635253903,0.0229580029845237,2.484098434448242,0.1602147370576858,0.0,0.0
1730046248.6684394,0.5903621913451889,0.0351360046659462,-0.3688631276524169,-2.242923046308536,-0.004107621992152,2.284819943821764,0.9527678687762186,0.0317114181816577,0.0317114181816577,0.129615538607191,-0.1494538905201397,-0.1040822965084244,0.1191033512229745,-0.0800829405208295,-0.2489644543246078,0.048719246665682,0.0,0.0,0.324950098991394,-30.346193313598636,-1.025327444076538,23.133583068847656,0.0229580029845237,2.414518356323242,0.1190160065889358,0.0,0.0
1730046248.701775,0.5948894832256544,0.0302950079879797,-0.3725221873046139,-2.238510299133397,-0.007145719183926,2.2755399627177,0.9542921130907828,0.0317114181816577,0.0317114181816577,0.1287120409375551,-0.1470579436743234,-0.1089218198890033,0.1308426034204599,-0.0820504252887284,-0.2610252784427546,0.0527652362321751,0.0,0.0,0.697874903678894,-30.496950149536133,-0.6087624430656433,23.355751037597656,0.1218349561095237,2.414518356323242,0.0888036042451858,0.0,0.0
1730046248.7351034,0.5993882106287118,0.0253916429176523,-0.3763027751564449,-2.234236036968672,-0.0098616409446792,2.2672014768291486,0.9557215783002816,0.0317114181816577,0.0317114181816577,0.1303605480593452,-0.1499239308653304,-0.1191252966007641,0.1320712244378816,-0.0882471293220734,-0.2488164950048346,0.0528880938318451,0.0,0.0,0.622496485710144,-30.651674270629883,-0.6087624430656433,23.391456604003903,0.1401455104351043,2.443815231323242,0.1190160065889358,0.0,0.0
1730046248.768437,0.6036708487484437,0.0202198896552898,-0.3799227450380803,-2.2298880216276844,-0.0127523603215467,2.25863072460844,0.9575320143761604,0.0317114181816577,0.0317114181816577,0.1283938208162596,-0.156694212980264,-0.1083013962932853,0.1340133196501975,-0.0862043329220214,-0.2680895292376875,0.0483847496524062,0.0,0.0,0.662169337272644,-30.195436477661133,-0.4976784586906433,23.320045471191406,0.0678188428282737,2.534452438354492,0.1391576081514358,0.0,0.0
1730046248.8017757,0.607998595313269,0.0148631970160573,-0.3835943179363145,-2.225502130993084,-0.0154480444729029,2.250019896277891,0.9594323528152404,0.0317114181816577,0.0317114181816577,0.127595503034714,-0.1586877019773729,-0.1046917358257661,0.1238739439427839,-0.0795681254790576,-0.2519457797466094,0.0608142958084381,0.0,0.0,0.622496485710144,-30.576295852661133,-0.6087624430656433,23.581886291503903,0.0861293897032737,2.434659957885742,0.2206395417451858,0.0,0.0
1730046248.8351028,0.6125047469051151,0.0099183972825943,-0.3874649042012045,-2.2210853869251896,-0.0183141281951035,2.2411938759585253,0.9613407942445974,0.0317107625305652,0.0317107625305652,0.1310867484726545,-0.1508683778850151,-0.1139314308329124,0.1364471666163693,-0.093691692318273,-0.2753940101125079,0.0625060793158505,0.0,0.0,0.884337306022644,-29.628114700317383,-0.2318703681230545,23.169288635253903,0.0952846631407737,2.254301071166992,0.1602147370576858,0.0,0.0
1730046248.8684282,0.6169270796270875,0.0050929614170145,-0.3911441573017811,-2.216860545111186,-0.0207975425640682,2.2323715709383416,0.9635514365884932,0.0317107625305652,0.0317107625305652,0.1314345767269219,-0.1472877710696109,-0.1056250852950952,0.1187796702113317,-0.0767794773911327,-0.2508423693290327,0.0674209756992266,0.0,0.0,0.697874903678894,-29.628114700317383,-0.3826271891593933,23.391456604003903,0.1135952100157737,2.254301071166992,0.1190160065889358,0.0,0.0
1730046248.901871,0.6213774825446362,1.6764669479038454e-05,-0.3947639127860092,-2.212736156164747,-0.023292162967612,2.2236709558451304,0.9658131554565326,0.0317107625305652,0.0317107625305652,0.1343319794973633,-0.1528626626961294,-0.1072547969595292,0.1250329353760946,-0.0792037969146494,-0.2602093775329037,0.0621198595170825,0.0,0.0,0.547118067741394,-30.044679641723636,-0.3469216227531433,24.216651916503903,0.0595790967345237,2.583890914916992,0.1391576081514358,0.0,0.0
1730046248.9351015,0.6260059114210834,-0.0050119533035574,-0.3985350491896622,-2.208371401816208,-0.0262373655073408,2.2148093909292075,0.9679282788487812,0.0317107625305652,0.0317107625305652,0.1441018118867891,-0.1509196893177955,-0.1089432510553725,0.124997492003866,-0.0812876291021433,-0.2664297967088457,0.0543747483249849,0.0,0.0,0.697874903678894,-29.282960891723636,-0.1961648017168045,23.804054260253903,0.0769741162657737,2.544523239135742,0.1602147370576858,0.0,0.0
1730046248.9685044,0.6305365353780251,-0.0101960370535747,-0.402329670607025,-2.203807057504668,-0.0287656629715412,2.2062635703818088,0.970180802308838,0.0317114181816577,0.0317114181816577,0.1292817291419123,-0.154113385599112,-0.1083143824384565,0.1258072107762112,-0.0779932109093556,-0.2524726408382458,0.0694695780159349,0.0,0.0,0.622496485710144,-29.473390579223636,-0.1961648017168045,23.50650787353516,0.0504238232970237,2.354093551635742,0.1702855378389358,0.0,0.0
1730046249.001787,0.6347250216819472,-0.0152632882480915,-0.4058151094466934,-2.199603319466984,-0.0319240413446184,2.1974325480254944,0.9720035329067694,0.0317114181816577,0.0317114181816577,0.1317395112895297,-0.1457794568418738,-0.1077300562936534,0.1290815161090973,-0.0944120771269751,-0.2679270918121232,0.0537628504998766,0.0,0.0,0.547118067741394,-29.322633743286133,-0.3072487711906433,23.879432678222656,0.0952846631407737,2.424589157104492,0.1391576081514358,0.0,0.0
1730046249.0351024,0.6391747814278341,-0.0200206352741009,-0.4095048713979362,-2.1953186001213347,-0.0345160414838008,2.188991795349658,0.9737236048583878,0.0317114181816577,0.0317114181816577,0.1328311164383445,-0.1422940822081942,-0.1228639671368856,0.1219947148475849,-0.0781839575065398,-0.2463150904679342,0.0391073580204995,0.0,0.0,0.848631739616394,-29.056825637817383,0.1053488701581955,23.915138244628903,0.0138027295470237,2.443815231323242,0.1391576081514358,0.0,0.0
1730046249.0684395,0.6436086828994088,-0.0248173512545304,-0.4130779178839788,-2.191132837750683,-0.0372856899215887,2.180342181160464,0.9752504655205928,0.0317114181816577,0.0317114181816577,0.1247070969857826,-0.1507781239877589,-0.0985124740580282,0.1226116837775198,-0.0881540210150234,-0.2629802810503102,0.0455483089757663,0.0,0.0,0.547118067741394,-29.398012161254883,-0.0811135321855545,23.804054260253903,0.0678188428282737,2.404447555541992,0.1190160065889358,0.0,0.0
1730046249.1017776,0.6481564601826485,-0.0302017471213903,-0.4168806380876584,-2.1871339688222204,-0.0400566569094864,2.171486759040174,0.976921804317508,0.0317114181816577,0.0317114181816577,0.1348323697775225,-0.1557421943342793,-0.1086182036487117,0.1194868400003419,-0.0758658369615769,-0.2536161971372897,0.0492680480118294,0.0,0.0,0.662169337272644,-28.715639114379883,0.1450217217206955,24.549903869628903,0.1309902369976043,2.504240036010742,0.1391576081514358,0.0,0.0
1730046249.1351025,0.65250849411594,-0.035224356974293,-0.4205093809936426,-2.182623247325277,-0.0424300885549592,2.1626109140741194,0.9788494568196102,0.0317114181816577,0.0317114181816577,0.1354021347968315,-0.1486935523537552,-0.1095523079117602,0.1470889519663418,-0.0742635040632898,-0.2688445830348357,0.0675359599164126,0.0,0.0,0.547118067741394,-28.600587844848636,0.1053488701581955,24.36344146728516,0.1135952100157737,2.443815231323242,0.1290868073701858,0.0,0.0
1730046249.1684358,0.6569217036180858,-0.0403080609151252,-0.4241797268863443,-2.178197629175841,-0.0453420786337546,2.153963033545076,0.9809852114337392,0.0317114181816577,0.0317114181816577,0.1366297546433644,-0.1523860149701644,-0.114114574107374,0.134573589617243,-0.0841741777584552,-0.2419227197749516,0.0607128984141636,0.0,0.0,0.471739649772644,-28.449831008911133,0.0299704521894454,23.692970275878903,0.1493007838726043,2.384305953979492,0.2206395417451858,0.0,0.0
1730046249.2017689,0.6614127766641545,-0.0453807180753598,-0.4279167079120128,-2.173930280491451,-0.0480487908660274,2.145317164027546,0.9835354687412492,0.0317110903561115,0.0317110903561115,0.1313988211176913,-0.1414189725353456,-0.114740972141085,0.1288488989086275,-0.0747776316027867,-0.2644208958032179,0.0689806900899255,0.0,0.0,0.848631739616394,-28.334779739379883,0.3711569905281067,24.25235748291016,0.1218349561095237,2.453886032104492,0.1391576081514358,0.0,0.0
1730046249.2351077,0.6658180163385204,-0.0500987835120681,-0.4315723359853511,-2.169523510015001,-0.0509099632610027,2.13660819964408,0.9859007360693708,0.0317110903561115,0.0317110903561115,0.1304059414314385,-0.1413159917871213,-0.1089837427277166,0.1276387712146475,-0.0964071392691972,-0.2607327495193423,0.0671951228826521,0.0,0.0,0.808958888053894,-28.755311965942383,0.4068625569343567,24.47452545166016,0.1401455104351043,2.514310836791992,0.1290868073701858,0.0,0.0
1730046249.2684374,0.6701327372339151,-0.0551565670115509,-0.4351285466541128,-2.165428789607419,-0.0534551107797511,2.1281457877749683,0.9879524847906151,0.0317110903561115,0.0317110903561115,0.133223189868704,-0.160485605561046,-0.1149545071663069,0.1202762832664971,-0.0810846646487599,-0.2561435440905842,0.0677550637811828,0.0,0.0,0.737547755241394,-27.918214797973636,0.4068625569343567,24.36344146728516,0.1044399365782737,2.384305953979492,0.1290868073701858,0.0,0.0
1730046249.3017828,0.6746828110981019,-0.0604998758188581,-0.4390271817805913,-2.1610763965176223,-0.0563869102302824,2.118853799088372,0.9900439965918384,0.0317110903561115,0.0317110903561115,0.1302225126952033,-0.1540800673908543,-0.1143434916230199,0.1303028816784648,-0.0880302688545169,-0.2739993906853076,0.0530168790233235,0.0,0.0,0.848631739616394,-27.918214797973636,0.5972922444343567,24.700660705566406,0.1135952100157737,2.504240036010742,0.1702855378389358,0.0,0.0
1730046249.335103,0.6791679031498152,-0.0655003210478951,-0.4429170147878064,-2.1566928764282944,-0.0591041621723722,2.110578141828586,0.9915138308576,0.031711746007204,0.031711746007204,0.1356140402719799,-0.1537188146350921,-0.123959714929555,0.1321756018916946,-0.0773675398374622,-0.2362882172617816,0.040419523564239,0.0,0.0,0.808958888053894,-27.993593215942383,0.6726706624031067,24.66495513916016,0.1401455104351043,2.414518356323242,0.1391576081514358,0.0,0.0
1730046249.3684509,0.6835322725870808,-0.0704435768033615,-0.4465210280173969,-2.152105191800437,-0.0616134940468822,2.1016200288836955,0.9930563296548158,0.031711746007204,0.031711746007204,0.1322001757184496,-0.1478545161266873,-0.1102340585696025,0.1318512943541593,-0.0694315886142056,-0.2637870958454952,0.0416521955322276,0.0,0.0,0.697874903678894,-27.350893020629883,0.5576193928718567,23.954811096191406,0.0412685498595237,2.374235153198242,0.1501439362764358,0.0,0.0
1730046249.4018097,0.6879452718435781,-0.0752478191809462,-0.4500495515812485,-2.147918246601132,-0.0644872207334302,2.093126441045317,0.9944976160086326,0.031711746007204,0.031711746007204,0.1352530094572607,-0.1490820539803304,-0.1061932464032018,0.1232518835445394,-0.0832908666961539,-0.2583842267661229,0.0425014939930453,0.0,0.0,0.737547755241394,-27.616701126098636,0.7083762288093567,24.549903869628903,0.1401455104351043,2.463956832885742,0.1904271394014358,0.0,0.0
1730046249.4351037,0.6926286735006539,-0.080232753079988,-0.453869821032098,-2.143663349558921,-0.0671065754974629,2.0844546490028644,0.996076869930294,0.031711746007204,0.031711746007204,0.1406777031498171,-0.1542573122817343,-0.1126379522607448,0.1271311326168262,-0.0818436562753805,-0.2771407116571452,0.0467496743222432,0.0,0.0,0.848631739616394,-27.235841751098636,0.9741843342781068,24.625282287597656,0.1493007838726043,2.354093551635742,0.1702855378389358,0.0,0.0
1730046249.4684656,0.6969481036452274,-0.0855726122429812,-0.4574450541350864,-2.1392678352058594,-0.0697783431831708,2.0754104454419444,0.9978375986564734,0.0317107625305652,0.0317107625305652,0.1180408960462536,-0.1598480206900068,-0.0988484928826489,0.1214087285098485,-0.0859994885871889,-0.2485930360614167,0.0538077696458866,0.0,0.0,1.070799708366394,-26.704225540161133,1.085268259048462,24.36344146728516,0.1401455104351043,2.364164352416992,0.1290868073701858,0.0,0.0
1730046249.5017896,0.7012922197189824,-0.0907934816899153,-0.4611626192292389,-2.135194775808952,-0.0725573456680891,2.0671382820730604,0.9998255201837948,0.0317107625305652,0.0317107625305652,0.1327508672885368,-0.1577041519118104,-0.1151291315851292,0.1299083031087071,-0.0839478429913,-0.2523738724157949,0.0631728076117625,0.0,0.0,0.924010157585144,-27.311220169067383,1.160646677017212,24.88712310791016,0.1493007838726043,2.434659957885742,0.1391576081514358,0.0,0.0
1730046249.535102,0.705704410609902,-0.0956818466858143,-0.4649698838515475,-2.1308557684071703,-0.0752564496932719,2.0582507244839663,1.0020450458355137,0.0317107625305652,0.0317107625305652,0.1284363441258242,-0.143419780870501,-0.1152461710737551,0.138800428012978,-0.092216220870982,-0.2715497330958968,0.0716351634592764,0.0,0.0,0.848631739616394,-26.517763137817383,1.124941110610962,25.184669494628903,0.1135952100157737,2.593961715698242,0.1290868073701858,0.0,0.0
1730046249.568441,0.7099638423060295,-0.1003287612975551,-0.4686308309498754,-2.1263401373209425,-0.0782498624925581,2.049848331905561,1.0045164885238822,0.0317107625305652,0.0317107625305652,0.1269498295222767,-0.1376106184594444,-0.1062549253459902,0.132546777388594,-0.0821030392796396,-0.2648073404655374,0.0759989720983907,0.0,0.0,0.697874903678894,-26.517763137817383,1.085268259048462,24.625282287597656,0.1676113307476043,2.374235153198242,0.1290868073701858,0.0,0.0
1730046249.6018298,0.7143949895639522,-0.1054720293018263,-0.4722473134284708,-2.121979481103646,-0.0806850168252056,2.040761697863233,1.007063500449931,0.0317107625305652,0.0317107625305652,0.1357996627893759,-0.1531052101260366,-0.1136836533789969,0.124044889043094,-0.0642111507593254,-0.271640103625465,0.0792327119966216,0.0,0.0,0.884337306022644,-26.553468704223636,1.426454782485962,24.77603912353516,0.0595790967345237,2.524381637573242,0.1089452058076858,0.0,0.0
1730046249.635106,0.7190932825670718,-0.1106416854290877,-0.4759919734361599,-2.117714062611989,-0.0832809862990268,2.0322876699234853,1.0093235341796385,0.0317107625305652,0.0317107625305652,0.1388158739561278,-0.1504757932217379,-0.1131697451530737,0.1352364174269241,-0.0822018785027789,-0.2410266987028569,0.0687743775705839,0.0,0.0,0.773253321647644,-25.756044387817383,1.275697946548462,24.811744689941406,0.1309902369976043,2.434659957885742,0.1501439362764358,0.0,0.0
1730046249.6684062,0.7236781101931737,-0.1157956354709255,-0.4797000980198637,-2.1131838299052625,-0.0860993608412193,2.0234866966143463,1.0112281995006915,0.0317107625305652,0.0317107625305652,0.1277615444000749,-0.1550341001800483,-0.1203192350422143,0.1279625122321435,-0.0877177401323842,-0.2668807741266953,0.0507830748105518,0.0,0.0,0.773253321647644,-26.021852493286133,1.311403512954712,24.625282287597656,0.1584560573101043,2.333951950073242,0.1290868073701858,0.0,0.0
1730046249.7017756,0.7280037677262545,-0.1208676080638453,-0.4833683832228815,-2.1092257173148545,-0.0887938519848462,2.014865222036108,1.013000693473744,0.0317107625305652,0.0317107625305652,0.1314574540165395,-0.1506863203819906,-0.1043091009801199,0.1205393726629598,-0.0900772062329401,-0.2569678958974032,0.0487389960034613,0.0,0.0,0.959715723991394,-25.644960403442383,1.612917184829712,25.073585510253903,0.1676113307476043,2.463956832885742,0.1602147370576858,0.0,0.0
1730046249.735113,0.7324670801265774,-0.1256009734612325,-0.4871821192305846,-2.104880283112984,-0.091649844644005,2.0060626169689324,1.0145301186528088,0.0317107625305652,0.0317107625305652,0.1298606044243453,-0.1362251790590918,-0.10669579428865,0.1393833663036921,-0.0812249378837824,-0.2787026909684561,0.0515681438846352,0.0,0.0,0.737547755241394,-25.605287551879883,1.501833200454712,25.037879943847656,0.1309902369976043,2.504240036010742,0.1391576081514358,0.0,0.0
1730046249.7685144,0.7368909162041769,-0.1305510950527686,-0.4909232023008392,-2.10032368418468,-0.0943787227243366,1.997040169061114,1.016371527142592,0.0317107625305652,0.0317107625305652,0.1311491634421753,-0.1485360007122869,-0.1109739336039867,0.119212706835293,-0.0898527728379125,-0.2423591696452791,0.0561939582668273,0.0,0.0,0.586790919303894,-25.529909133911133,1.501833200454712,24.736366271972656,0.1584560573101043,2.354093551635742,0.1602147370576858,0.0,0.0
1730046249.801768,0.741218626341364,-0.1358137832557481,-0.4945461376506875,-2.0962584321617617,-0.0973101500737667,1.9886414858862305,1.0182464860393752,0.0317107625305652,0.0317107625305652,0.1356688810774597,-0.1557646162443637,-0.11318527004384,0.1314887263737835,-0.0875125839113112,-0.2610958170693059,0.0637629403525355,0.0,0.0,0.808958888053894,-24.962587356567383,1.803346872329712,25.148963928222656,0.1676113307476043,2.494169235229492,0.2206395417451858,0.0,0.0
1730046249.8351138,0.7456639578766491,-0.1408893807700467,-0.4982136246170751,-2.091762249544824,-0.0998070607396717,1.9797976283547356,1.0204010086988553,0.031710434705019,0.031710434705019,0.1367436717269234,-0.1508028094404565,-0.1125019028095306,0.1369989184405613,-0.0769522005947941,-0.2664518208364699,0.0659786758069038,0.0,0.0,0.737547755241394,-24.883241653442383,1.839052438735962,25.037879943847656,0.1309902369976043,2.544523239135742,0.1803563386201858,0.0,0.0
1730046249.868477,0.7501189797025748,-0.1460899732438997,-0.5018776682669891,-2.0874268532046245,-0.1021694014520869,1.971217012413082,1.0227557709622437,0.031710434705019,0.031710434705019,0.1349359759135384,-0.1502413040651244,-0.1142455713305802,0.1305634127817329,-0.0721025855375292,-0.261483023790715,0.0705999974098067,0.0,0.0,0.773253321647644,-24.506349563598636,1.878725290298462,24.700660705566406,0.0952846631407737,2.354093551635742,0.1702855378389358,0.0,0.0
1730046249.9017694,0.7545509908532478,-0.151003914033291,-0.5055780930755308,-2.0832888438741146,-0.1051774709058811,1.962384880015929,1.0251068437109043,0.031710434705019,0.031710434705019,0.1379239388041718,-0.1442307816447991,-0.1147823207956741,0.1291409880785377,-0.0924548791188761,-0.282110702515898,0.0671752165130415,0.0,0.0,0.808958888053894,-24.391298294067383,2.029482126235962,24.811744689941406,0.2033168971538543,2.563749313354492,0.1904271394014358,0.0,0.0
1730046249.9351125,0.7589373117870384,-0.1557868204061926,-0.5093661717881104,-2.079016145299038,-0.1077332740664493,1.9540531566321824,1.027260234488429,0.031710434705019,0.031710434705019,0.1270009412320665,-0.1479942924552401,-0.1044596572018927,0.1231865856861788,-0.0853921391872978,-0.2397002853961281,0.0566236540011773,0.0,0.0,0.773253321647644,-24.772157669067383,2.215944528579712,25.371131896972656,0.1135952100157737,2.434659957885742,0.2416966706514358,0.0,0.0
1730046249.9684377,0.7631186595243669,-0.1607925758653407,-0.5128914034980453,-2.074618272464353,-0.1107425282929611,1.945428403889726,1.0291903611050537,0.0317087918519973,0.0317087918519973,0.1243793059997488,-0.1544645928430623,-0.1087197256615986,0.1365453429303993,-0.0848640995153143,-0.2654665111810532,0.0466728957515176,0.0,0.0,0.586790919303894,-23.859682083129883,1.989809274673462,24.922828674316406,0.1044399365782737,2.354093551635742,0.2004979401826858,0.0,0.0
1730046250.0018158,0.7676707753511739,-0.166208956391548,-0.5166488114887483,-2.0702262616949523,-0.113466496271304,1.9366557478092736,1.0307313937669638,0.0317087918519973,0.0317087918519973,0.142934924739341,-0.1495387491077244,-0.1231102254327129,0.1299182883679405,-0.0762424815775102,-0.2468580582160843,0.0401607375262609,0.0,0.0,0.662169337272644,-23.633546829223636,2.180238962173462,25.073585510253903,0.0952846631407737,2.424589157104492,0.2105687409639358,0.0,0.0
1730046250.035112,0.7722124851953425,-0.1713032996215976,-0.5204598633586546,-2.065845965129125,-0.116341449565517,1.9279901238550072,1.0323518617866,0.0317087918519973,0.0317087918519973,0.1331149160711184,-0.14586458207953,-0.1115132431740002,0.1333115934887529,-0.0949294834438059,-0.2796377996320711,0.0556198249436941,0.0,0.0,0.511412501335144,-23.784303665161133,2.255617380142212,25.446510314941406,0.1401455104351043,2.484098434448242,0.1602147370576858,0.0,0.0
1730046250.0684311,0.7764967316245375,-0.1761244594333161,-0.5239307306923408,-2.061448089058495,-0.1190283974839772,1.9190851417192056,1.0338329375373283,0.0317087918519973,0.0317087918519973,0.131843949763463,-0.1459177804503161,-0.1042096240726319,0.1237995817443196,-0.0735723651202147,-0.2408318829276132,0.052710033230354,0.0,0.0,0.662169337272644,-22.986879348754883,2.366701364517212,24.77603912353516,0.1850063502788543,2.374235153198242,0.1803563386201858,0.0,0.0
1730046250.1017077,0.7811112142533979,-0.181128310557575,-0.5276941567062954,-2.0572708269939315,-0.1214610373110624,1.91045669300495,1.0356439645425246,0.0317087918519973,0.0317087918519973,0.141739390579061,-0.1504560994682166,-0.1145982963421194,0.1215011166216606,-0.0911848778701666,-0.2599199908570369,0.055415305001443,0.0,0.0,0.511412501335144,-23.443117141723636,2.330995798110962,25.260047912597656,0.0861293897032737,2.434659957885742,0.1803563386201858,0.0,0.0
1730046250.1351151,0.785739173132963,-0.1861343467175525,-0.5314897087526712,-2.053088978055067,-0.1243674031192455,1.90164102073597,1.0374598500575791,0.0317087918519973,0.0317087918519973,0.1350486933378932,-0.1555524305410628,-0.1060555203471109,0.1271126370722833,-0.0855645793448869,-0.2706706139743016,0.0483559678033332,0.0,0.0,0.471739649772644,-22.951173782348636,2.442079782485962,25.486183166503903,0.1850063502788543,2.504240036010742,0.1904271394014358,0.0,0.0
1730046250.1684816,0.7900760031337476,-0.1913369346825491,-0.5351723728222753,-2.0485856692221427,-0.1269620793216047,1.8930007103403352,1.0394441020241545,0.031710434705019,0.031710434705019,0.126527807678918,-0.1520626515852413,-0.1040299043512856,0.1378403408039743,-0.0853393526808518,-0.2595969625421931,0.057107357396125,0.0,0.0,0.662169337272644,-22.534608840942383,2.707887887954712,24.736366271972656,0.1401455104351043,2.384305953979492,0.261838287115097,0.0,0.0
1730046250.201768,0.7944360548902332,-0.1964991986611947,-0.5387883047522498,-2.044380140753055,-0.129852581429626,1.8842589055154484,1.0415095629446858,0.031710434705019,0.031710434705019,0.1380863317320127,-0.156946295441685,-0.1132119032116323,0.1305981686002545,-0.0888277046887466,-0.2786480998721174,0.0717104902056674,0.0,0.0,0.697874903678894,-22.875795364379883,2.934023141860962,25.41080474853516,0.2033168971538543,2.504240036010742,0.2206395417451858,0.0,0.0
1730046250.2351146,0.798961379783858,-0.2014262256514782,-0.5425867948012114,-2.040120316357352,-0.1324983271808638,1.875703148401117,1.0438115102089625,0.031710434705019,0.031710434705019,0.1311880099029887,-0.1495980524061495,-0.1112091974553188,0.1292110992734684,-0.0818026721125478,-0.255019004089102,0.0728517106021191,0.0,0.0,0.2495716959238052,-21.963319778442383,2.517458200454712,25.74405670166016,0.1135952100157737,2.573820114135742,0.1904271394014358,0.0,0.0
1730046250.2685254,0.8033648438976011,-0.2062217763979869,-0.5463725964988498,-2.035529496866472,-0.13541628556046,1.8669165659695064,1.0461962633868287,0.031710434705019,0.031710434705019,0.1341285183141194,-0.1439934627139598,-0.1158025134956184,0.1283668929564567,-0.1002620273311824,-0.2671374357543443,0.0586451741008978,0.0,0.0,0.360655665397644,-22.038698196411133,2.783266305923462,25.073585510253903,0.1676113307476043,2.384305953979492,0.1702855378389358,0.0,0.0
1730046250.301767,0.8077307176383062,-0.2113502313062175,-0.5500405498329375,-2.031565609829445,-0.1380524634863108,1.8584057079258756,1.048434441473563,0.031710434705019,0.031710434705019,0.1330585183311377,-0.1645327754402188,-0.1093109835791593,0.1144361116285979,-0.0713032436021615,-0.2452271980226424,0.0754366074327159,0.0,0.0,0.808958888053894,-21.887941360473636,3.271242380142212,25.41080474853516,0.1850063502788543,2.424589157104492,0.1803563386201858,0.0,0.0
1730046250.3351142,0.8121227371497558,-0.2164760068725321,-0.5537518502273925,-2.0272138991561777,-0.1405073324394366,1.8497257846397264,1.0503606812150557,0.0317084640264511,0.0317084640264511,0.129896372425675,-0.153189225651941,-0.1125393141511326,0.1386993337801597,-0.0844641930272885,-0.272365136482916,0.0492194461365875,0.0,0.0,0.471739649772644,-21.507081985473636,3.045107126235962,24.99820709228516,0.1493007838726043,2.384305953979492,0.1602147370576858,0.0,0.0
1730046250.3684375,0.8163213231117812,-0.2213194786709787,-0.55722906403527,-2.0227717589205265,-0.1433320885615128,1.8412331734307523,1.0520269649134832,0.0317084640264511,0.0317084640264511,0.125630200439255,-0.1511584086675739,-0.1087656621016858,0.1253976465279158,-0.0872121091720227,-0.2439534575235618,0.0392327943193667,0.0,0.0,0.400328516960144,-21.661806106567383,2.934023141860962,25.184669494628903,0.1850063502788543,2.434659957885742,0.1602147370576858,0.0,0.0
1730046250.401768,0.821016812410963,-0.2267261268230029,-0.5611704096017188,-2.0183975565753185,-0.1461354816387265,1.832479978407008,1.0535903073413124,0.0317084640264511,0.0317084640264511,0.1306771227541358,-0.1505526732016156,-0.1092264234243743,0.1358224778072856,-0.0736238227404574,-0.2627371574591274,0.047823957131662,0.0,0.0,0.697874903678894,-20.749330520629883,3.537050485610962,25.52188873291016,0.1493007838726043,2.494169235229492,0.1501439362764358,0.0,0.0
1730046250.4351237,0.8253773728799965,-0.2314923210248606,-0.5647994169346904,-2.014071303918316,-0.1489168831281777,1.8236120241205889,1.055234921613171,0.0317084640264511,0.0317084640264511,0.1283049507961568,-0.1390309538798634,-0.1066674429661538,0.1307169079959685,-0.0937297243454597,-0.2652166742695646,0.0495554143427503,0.0,0.0,0.400328516960144,-20.713624954223636,3.271242380142212,25.486183166503903,0.1584560573101043,2.514310836791992,0.2004979401826858,0.0,0.0
1730046250.4684374,0.8297214222927196,-0.2363619672811099,-0.5683907056988338,-2.0097567489917463,-0.1516577469965631,1.815151987837888,1.0570417620568622,0.0317084640264511,0.0317084640264511,0.1358451402767268,-0.1523611535614231,-0.1099119863627242,0.1252117674034815,-0.0800579016457952,-0.252235039796205,0.054274403791688,0.0,0.0,0.2495716959238052,-20.749330520629883,3.346620798110962,25.486183166503903,0.1676113307476043,2.414518356323242,0.2004979401826858,0.0,0.0
1730046250.501768,0.8343026312834658,-0.2418052926379424,-0.5722443813002728,-2.005524533533247,-0.1544134938389058,1.8060138724481447,1.0593317257114552,0.0317084640264511,0.0317084640264511,0.137553493295092,-0.15671376804283,-0.1204107312755961,0.1281382898900948,-0.0892473541938514,-0.2744801413728156,0.0592575428569998,0.0,0.0,0.622496485710144,-19.840822219848636,3.763185739517212,25.037879943847656,0.1767666041851043,2.484098434448242,0.2105687409639358,0.0,0.0
1730046250.5351036,0.8387341524842835,-0.2469486392102992,-0.5758990614345489,-2.001168648557784,-0.1573111429421184,1.7975689637209256,1.061775349839857,0.031710434705019,0.031710434705019,0.127305476481051,-0.1505340434992424,-0.1069783644753001,0.1298933170849389,-0.0804630438034487,-0.2421261918453038,0.0749463318645242,0.0,0.0,0.436034083366394,-20.217714309692383,3.763185739517212,25.335426330566406,0.2307827174663543,2.424589157104492,0.2416966706514358,0.0,0.0
1730046250.568462,0.8431600080066414,-0.2520039995731515,-0.5794762923084643,-1.996552450888099,-0.1596292297497372,1.7886999895006237,1.064284873657838,0.031710434705019,0.031710434705019,0.1281632967788781,-0.1484689017795372,-0.1004599739088286,0.1360158801797347,-0.0711619079659025,-0.2683870511503213,0.0724451784867496,0.0,0.0,0.360655665397644,-19.725770950317383,3.687807321548462,25.29972076416016,0.0952846631407737,2.474027633666992,0.1702855378389358,0.0,0.0
1730046250.601768,0.8476540167888418,-0.2568968577979136,-0.5830733521234602,-1.9923029578362617,-0.1622665896914023,1.7801091709197303,1.066497812417338,0.031710434705019,0.031710434705019,0.1351501551631165,-0.1535861290036811,-0.1041407044284803,0.1311521347289641,-0.0850410444402756,-0.2522495988503471,0.0648531421807958,0.0,0.0,0.547118067741394,-19.309206008911133,3.949648141860962,24.922828674316406,0.1676113307476043,2.404447555541992,0.1803563386201858,0.0,0.0
1730046250.63512,0.8521607764392407,-0.2617422318238517,-0.586813005967272,-1.9880668439064428,-0.1651719036692706,1.7716025627176162,1.0685820808971904,0.031710434705019,0.031710434705019,0.122002819271774,-0.150018560169607,-0.0991137900418513,0.1337083744358022,-0.0778470806631408,-0.2646855690729612,0.0579754864877084,0.0,0.0,0.360655665397644,-19.765443801879883,3.949648141860962,25.41080474853516,0.2307827174663543,2.344022750854492,0.1290868073701858,0.0,0.0
1730046250.6684363,0.8564406952061107,-0.2668163635023747,-0.5904313595017187,-1.983812408312196,-0.1678856156830132,1.7626784620088831,1.0699706990192668,0.031710434705019,0.031710434705019,0.1252064860973618,-0.1614376272191011,-0.107889242870333,0.1275052308979817,-0.0849356169477578,-0.2496665254886396,0.0463572561643982,0.0,0.0,0.662169337272644,-18.587160110473636,4.175783634185791,24.99820709228516,0.2033168971538543,2.474027633666992,0.1904271394014358,0.0,0.0
1730046250.701737,0.8609699100908565,-0.2721761893984541,-0.594244649228032,-1.979549281587834,-0.1707612454979545,1.7541256364478384,1.071630044083292,0.031710434705019,0.031710434705019,0.1395013749106279,-0.1525172548758006,-0.1194705386811519,0.1303366830149457,-0.0793490235909086,-0.25980548350017,0.0538480639697987,0.0,0.0,0.547118067741394,-18.817262649536133,4.251162052154541,25.037879943847656,0.2216274440288543,2.463956832885742,0.251767486333847,0.0,0.0
1730046250.735114,0.8652983960063692,-0.2771851890746015,-0.598029546667471,-1.9751999132984503,-0.1733683775328755,1.7451647713168652,1.0731125619820805,0.031710434705019,0.031710434705019,0.122094747952999,-0.1459259732905829,-0.1121163996141995,0.1343158856664722,-0.083342966863879,-0.269894863967157,0.0472461416177391,0.0,0.0,0.586790919303894,-18.587160110473636,4.628054141998291,25.037879943847656,0.1401455104351043,2.474027633666992,0.2004979401826858,0.0,0.0
1730046250.768519,0.8696464591447871,-0.2821005335026448,-0.6017464743423871,-1.9706714672280805,-0.1764550182308036,1.7365207329280985,1.0747975216925671,0.031710434705019,0.031710434705019,0.1291482519537146,-0.1481485696345212,-0.1067787686037377,0.131288242296825,-0.0820114958297675,-0.2643225959383455,0.046662074359488,0.0,0.0,0.547118067741394,-18.134889602661133,4.477297306060791,24.851417541503903,0.1850063502788543,2.414518356323242,0.2206395417451858,0.0,0.0
1730046250.801824,0.874160562289322,-0.2869759993944039,-0.6054331143089347,-1.9663918798111708,-0.1789619238629125,1.7279471117014726,1.0763590677474475,0.031710434705019,0.031710434705019,0.1372945472817322,-0.1510044875297654,-0.106477884700631,0.1220594036188345,-0.0755941812080655,-0.2679091199526473,0.0473631018159483,0.0,0.0,0.511412501335144,-18.436403274536133,4.703432559967041,25.037879943847656,0.2307827174663543,2.354093551635742,0.1501439362764358,0.0,0.0
1730046250.835115,0.8786794288997315,-0.2921235705291714,-0.6090850751505312,-1.9622619875140623,-0.1814886110342969,1.7193581671620997,1.0782504145461722,0.031710434705019,0.031710434705019,0.1270533900959176,-0.1538704615604688,-0.1058640242487732,0.133606875421166,-0.086305716103604,-0.2497846280241969,0.0618728677831715,0.0,0.0,0.511412501335144,-17.412843704223633,4.743105411529541,25.371131896972656,0.2033168971538543,2.484098434448242,0.1904271394014358,0.0,0.0
1730046250.8684711,0.8831346957745945,-0.2972980700825789,-0.6129399216961317,-1.9576442987677505,-0.1842772834139928,1.7105145565193525,1.080627645196027,0.031710434705019,0.031710434705019,0.1268587290983998,-0.1511795140805398,-0.1115962773836075,0.1317598721755261,-0.0847649130892167,-0.261972795676491,0.0806364338729526,0.0,0.0,0.622496485710144,-17.107362747192383,4.969240665435791,24.514198303222656,0.2033168971538543,2.304655075073242,0.1904271394014358,0.0,0.0
1730046250.9018526,0.8875293721498919,-0.3025400574780843,-0.6166668013246008,-1.9536024661990363,-0.1871003806446624,1.7018505491086475,1.0832310996059913,0.031710434705019,0.031710434705019,0.1365032354836938,-0.1588057102483213,-0.1190825697973061,0.1176004269837929,-0.0937349411555493,-0.2561987744039863,0.0775645443275517,0.0,0.0,0.808958888053894,-16.996278762817383,5.457216739654541,25.073585510253903,0.1850063502788543,2.494169235229492,0.1702855378389358,0.0,0.0
1730046250.935105,0.8918236864137925,-0.3074105593755379,-0.6202325756526842,-1.9494044043678795,-0.19003071110137,1.6932267761604327,1.0856384038102045,0.031710434705019,0.031710434705019,0.1256949161570784,-0.1359357722648758,-0.1103695496435182,0.1446153054143652,-0.0812434295939105,-0.262389357268408,0.0643706196444087,0.0,0.0,0.622496485710144,-16.881227493286133,5.191408634185791,25.037879943847656,0.2307827174663543,2.474027633666992,0.2206395417451858,0.0,0.0
1730046250.968444,0.8961689880670589,-0.3120702716930351,-0.6237901162625603,-1.9448769940271096,-0.1927196264000149,1.6842655642400854,1.0878177417181576,0.0317091196775436,0.0317091196775436,0.1294296947523539,-0.1437437681169807,-0.1077680189582412,0.1273205047466496,-0.0832740020304314,-0.2494398884561413,0.0706356687368069,0.0,0.0,0.547118067741394,-16.920900344848633,5.342165470123291,25.10929107666016,0.2124721705913543,2.504240036010742,0.2105687409639358,0.0,0.0
1730046251.0018623,0.9008092942269138,-0.3173374476686431,-0.6275230576694245,-1.940613582136352,-0.1956608249171965,1.6757759528941776,1.0898710988507312,0.0317091196775436,0.0317091196775436,0.1377824983344446,-0.1590297437806133,-0.1053116401693227,0.1296878866262926,-0.0908138522010942,-0.2486006289685467,0.0566343175723241,0.0,0.0,0.586790919303894,-16.234560012817383,5.457216739654541,25.10929107666016,0.1584560573101043,2.424589157104492,0.2004979401826858,0.0,0.0
1730046251.0351017,0.9051949633894434,-0.322471440914387,-0.6311022414801142,-1.936284021498641,-0.1981661758377146,1.6668528604970805,1.091626351980723,0.0317091196775436,0.0317091196775436,0.1251088279700706,-0.152345733128588,-0.102557203699835,0.1427738491402128,-0.0623942031907252,-0.2680535517531943,0.0554908200058053,0.0,0.0,0.511412501335144,-16.048097610473633,5.532595157623291,24.700660705566406,0.2481777369976043,2.434659957885742,0.1501439362764358,0.0,0.0
1730046251.0684366,0.909525902777708,-0.3274765634012679,-0.6347672906252627,-1.931905951135937,-0.2007390992486157,1.6586081044412169,1.0931676700458357,0.0317091196775436,0.0317091196775436,0.1238299345372482,-0.1519849948352806,-0.1042351861432441,0.1227823636055689,-0.0818074708042211,-0.2431787330791691,0.0452438344433134,0.0,0.0,0.586790919303894,-15.742616653442385,5.643679141998291,24.625282287597656,0.2216274440288543,2.364164352416992,0.1702855378389358,0.0,0.0
1730046251.1017685,0.9134388343863408,-0.3323805459867693,-0.6382285594785183,-1.9279762552527948,-0.2031480781515254,1.6509873492641531,1.0948541991427083,0.0317091196775436,0.0317091196775436,0.1006029519241314,-0.1325994592091078,-0.0983290882786086,0.1125535732051574,-0.0585699181541038,-0.2099807309343296,0.038420757004085,0.0,0.0,0.737547755241394,-14.227113723754885,5.869814395904541,24.176979064941406,0.2124721705913543,2.364164352416992,0.1602147370576858,0.0,0.0
1730046251.135104,0.9161333325749826,-0.3363874414634163,-0.6407682029603292,-1.924633510754723,-0.2047782315789425,1.6450764811600536,1.096265396539994,0.0317091196775436,0.0317091196775436,0.0693772183063284,-0.1120145021879495,-0.0632042931826369,0.0965318926110079,-0.0412031626389705,-0.1407132496072971,0.0411769221504125,0.0,0.0,0.924010157585144,-13.354310989379885,6.020571231842041,23.692970275878903,0.2481777369976043,2.404447555541992,0.2105687409639358,0.0,0.0
1730046251.1683831,0.9180431335809088,-0.3397069747521112,-0.6427577563672007,-1.9218374218024523,-0.2062180634659073,1.641034113225852,1.0975759210631164,0.0317097753286361,0.0317097753286361,0.0467858150469028,-0.090905991715967,-0.0504743522388119,0.0695769287762877,-0.0430128649770486,-0.1005510041379,0.0262815113756434,0.0,0.0,1.070799708366394,-13.203554153442385,6.361757755279541,23.72867584228516,0.2390224635601043,2.284513473510742,0.1904271394014358,0.0,0.0
1730046251.2017708,0.9192104200942224,-0.3421473631528444,-0.6442337095299044,-1.9198324112323988,-0.2071590030755648,1.6383737514067391,1.0982967777937402,0.0317097753286361,0.0317097753286361,0.0250623501791433,-0.06102756890871,-0.0376769351199557,0.0473612454766483,-0.0278969588008132,-0.0655688730100754,0.0178870090448716,0.0,0.0,1.372313380241394,-12.330751419067385,6.623598575592041,23.058204650878903,0.2124721705913543,2.344022750854492,0.1290868073701858,0.0,0.0
1730046251.2351046,0.9196226295755588,-0.3436974411253272,-0.6451179085675219,-1.918770703993812,-0.2076093423532608,1.6370702349731054,1.098832105505541,0.0317097753286361,0.0317097753286361,0.0030723532766051,-0.032085521086673,-0.0253158668570028,0.0201467655010596,-0.006829067127337,-0.0254777622556142,0.0116130710629526,0.0,0.0,1.598448634147644,-12.330751419067385,6.814028263092041,22.947120666503903,0.2481777369976043,2.304655075073242,0.1290868073701858,0.0,0.0
1730046251.2683778,0.919617988672793,-0.3440752736287644,-0.6455209950297983,-1.918495693194754,-0.2077305531456126,1.6368154939730597,1.0989957922609028,0.0317097753286361,0.0317097753286361,-0.0002691266428516,-0.001545289599476,-0.0097136202031103,-0.0003257374983072,-0.0025882541010841,-0.0018668088060869,-0.0011592957216798,0.0,0.0,1.523070216178894,-12.596559524536133,6.964785099029541,23.133583068847656,0.3205043971538543,2.354093551635742,0.1803563386201858,0.0,0.0
1730046251.301768,0.9192954600800346,-0.3437514496412773,-0.6455992971357194,-1.9190412456552577,-0.2074460451720371,1.636811716005168,1.098958401707477,0.0317084640264511,0.0317084640264511,-0.010109114218312,0.01634139243484,-0.0029580681400368,-0.0291285855370249,0.0075145139540975,-0.0008659299284314,-0.0044069347230928,0.0,0.0,0.662169337272644,-13.770875930786133,6.397463321685791,23.61759185791016,0.536568820476532,2.434659957885742,0.0476048737764358,0.0,0.0
1730046251.3351066,0.919153712982092,-0.3432313425118257,-0.6456700012824693,-1.920032920762131,-0.2074166941930283,1.6367978652322197,1.098890679267027,0.0317084640264511,0.0317084640264511,-0.0032161548641471,0.016283884258589,-0.0016831578987691,-0.0362737209718829,0.0008190398394791,0.0002168613156995,-0.0004580216446862,0.0,0.0,0.511412501335144,-14.262819290161133,6.361757755279541,24.176979064941406,0.590584933757782,2.484098434448242,0.0476048737764358,0.0,0.0
1730046251.3684368,0.9191349718903512,-0.342535349909626,-0.6457069497923162,-1.920801017334542,-0.2074063852088007,1.636789916742328,1.0988619488826588,0.0317084640264511,0.0317084640264511,-0.0005569110927125,0.0229620998375273,-0.0013919634845674,-0.0227459214896089,-0.0006211687400478,-0.0001994565067921,0.0002295832475688,0.0,0.0,0.285277247428894,-14.945192337036133,6.211000919342041,24.288063049316406,0.627206027507782,2.474027633666992,0.0476048737764358,0.0,0.0
1730046251.4017706,0.9191798857949396,-0.3418372488899892,-0.6456811703146723,-1.9213697953534423,-0.2073917127991655,1.6367800289458427,1.098834397519105,0.0317084640264511,0.0317084640264511,0.0034020256336773,0.0180357227129372,0.0008212082795681,-0.0104456797894695,0.0022680425020355,-0.0006017928836937,0.0007146607305,0.0,0.0,-0.0519419759511947,-15.211000442504885,5.869814395904541,24.438819885253903,0.590584933757782,2.474027633666992,0.0476048737764358,0.0,0.0
1730046251.4351025,0.9191740391523252,-0.3414584991092062,-0.6456960128511726,-1.9216416074186804,-0.207384866592347,1.636776245728599,1.0988223846627512,0.0317084640264511,0.0317084640264511,0.0008420904935493,0.0124233421290199,-0.0017337535819029,-0.0064924154003743,0.0019051091875619,-0.0005764382685613,-0.0003209134778115,0.0,0.0,0.1384877115488052,-15.024538040161133,6.095949649810791,24.403114318847656,0.564034640789032,2.463956832885742,0.0576756745576858,0.0,0.0
1730046251.46844,0.9191682883368414,-0.3413969293208939,-0.6456948117382787,-1.9217033118379427,-0.207380594961933,1.6367607163324158,1.0988128459855162,0.0317094475030899,0.0317094475030899,-0.0004166577929801,0.0001618421304444,-0.0005873732070934,-0.0007936928584768,0.000906942561746,-3.062644634525854e-05,-0.0005384510527175,0.0,0.0,0.1741932779550552,-14.758729934692385,6.020571231842041,24.25235748291016,0.564034640789032,2.474027633666992,0.0576756745576858,0.0,0.0
1730046251.5018466,0.9191566209825784,-0.3414432874025562,-0.6456922923879949,-1.9216505816043377,-0.2073822212887373,1.6367650527261473,1.098799792686607,0.0317094475030899,0.0317094475030899,-0.0007576855254062,-0.002586317897207,0.000634735080713,0.0027345640126141,0.0003728114053092,-0.0001728876262923,-0.0014005411406482,0.0,0.0,0.2495716959238052,-14.262819290161133,6.020571231842041,23.692970275878903,0.582345187664032,2.434659957885742,0.0988744050264358,0.0,0.0
1730046251.535103,0.9191449535230596,-0.3414458474941197,-0.6457028845839442,-1.9216639096170267,-0.2073807069408943,1.636764073265923,1.0988062545285318,0.0317094475030899,0.0317094475030899,-0.0012823155659903,-0.0005377844616631,-0.0014957149839288,0.0012977785341457,0.0004721350698468,8.122935737504735e-06,0.0021215367045847,0.0,0.0,0.324950098991394,-14.377870559692385,6.135622501373291,23.879432678222656,0.582345187664032,2.443815231323242,0.017392473295331,0.0,0.0
1730046251.5684354,0.91881785765271,-0.3413669079000315,-0.6456112351320751,-1.9221354873295364,-0.2072056986567884,1.6367663159625188,1.0987514862987822,0.0317094475030899,0.0317094475030899,-0.0178557676649162,0.0014773253966211,0.0062210201486148,-0.0268918755503758,0.0115281346161984,-0.0023878825320811,-0.0006199858190349,0.0,0.0,-0.1630259603261947,-13.770875930786133,5.869814395904541,23.320045471191406,0.644601047039032,2.463956832885742,0.027463274076581,0.0,0.0
1730046251.6017685,0.9170936251447576,-0.341337727595136,-0.6445718711396803,-1.9236721555814316,-0.2068939863516643,1.636784227592117,1.0984128318037043,0.0317094475030899,0.0317094475030899,-0.0694933323306899,0.0008012475261564,0.0455210007915131,-0.0552387390550346,0.0145671072026934,0.0018723038737445,-0.0079740720618208,0.0,0.0,-0.3494883775711059,-14.643678665161133,6.286379337310791,23.320045471191406,0.707772433757782,2.333951950073242,-0.0027491282671689,0.0,0.0
1730046251.6351027,0.9139341733595346,-0.3415808233562419,-0.6424869775129619,-1.9262313663761856,-0.2064139843534778,1.6367785407523543,1.0977395880632064,0.0317094475030899,0.0317094475030899,-0.1120736127910316,-0.0111520488273298,0.0784772898630174,-0.0868363575630479,0.016094754882194,0.0006816813230855,-0.0228398902583773,0.0,0.0,-0.575623631477356,-15.441102981567385,6.472841739654541,23.72867584228516,0.843270480632782,2.314725875854492,-0.0137354563921689,0.0,0.0
1730046251.6684504,0.908966343571841,-0.3426303918168475,-0.6389243680151099,-1.9297600327018511,-0.2054012379958291,1.6366965602080783,1.096761110569476,0.0317094475030899,0.0317094475030899,-0.1690051731122375,-0.0465660563684764,0.1181885562791061,-0.1161878628272534,0.0300407339554566,-0.0050698488238261,-0.0375097917697732,0.0,0.0,-1.135010838508606,-16.464662551879883,6.135622501373291,23.990516662597656,0.789254367351532,2.254301071166992,-0.0640894621610641,0.0,0.0
1730046251.7017703,0.9025145914591556,-0.3444485536341233,-0.6343925918662175,-1.9334903413451092,-0.20418798434166,1.636392686187509,1.0951269234918268,0.0317094475030899,0.0317094475030899,-0.2065763439630219,-0.0660881782512999,0.1345423700457149,-0.109849897859975,0.0355079929419595,-0.0075495779035209,-0.0551329021649722,0.0,0.0,-0.686707615852356,-16.766176223754883,6.472841739654541,24.625282287597656,0.924752414226532,2.333951950073242,-0.1254297941923141,0.0,0.0
1730046251.735105,0.8953695074969023,-0.3471697058774212,-0.6293995668953615,-1.9371990925747664,-0.2029729468339159,1.635882689935226,1.0933320316763349,0.0317094475030899,0.0317094475030899,-0.225778455999059,-0.0883747792145481,0.1581873759869449,-0.1122410731216193,0.0367893922874981,-0.0176197064685247,-0.0540915544464191,0.0,0.0,-0.722413182258606,-16.655092239379883,6.512514591217041,24.851417541503903,0.969613254070282,2.474027633666992,-0.1766993254423141,0.0,0.0
1730046251.7684352,0.8881381487829393,-0.350616340939086,-0.6242526762513074,-1.940686915827863,-0.201809749172313,1.6354360220516602,1.0915828106537735,0.0317094475030899,0.0317094475030899,-0.2102272926575153,-0.1164306294168749,0.1493209459237665,-0.1011771273604232,0.0415262161806551,-0.0140019481535997,-0.0436342441964641,0.0,0.0,-0.575623631477356,-16.234560012817383,6.135622501373291,24.514198303222656,1.0419399738311768,2.414518356323242,-0.2069117277860641,0.0,0.0
1730046251.8017728,0.8806959801449703,-0.3547709957879192,-0.6190178970906018,-1.944062241363852,-0.2004541102510379,1.6349452282921473,1.090098254504545,0.0317094475030899,0.0317094475030899,-0.2236942750059453,-0.1242114793303552,0.1534898650433166,-0.0995183810136623,0.0448387903877999,-0.0209108514355597,-0.0495789309811175,0.0,0.0,-0.651002049446106,-15.972719192504885,6.361757755279541,24.700660705566406,1.1316616535186768,2.484098434448242,-0.1666285246610641,0.0,0.0
1730046251.8351026,0.8732036813745698,-0.358736921052362,-0.6141553483798341,-1.946828654694615,-0.1990175850122239,1.634371381639171,1.0884797115063172,0.0317094475030899,0.0317094475030899,-0.2278458594873887,-0.1169218219410036,0.14844734295591,-0.0795800115746292,0.0447783226328533,-0.0207109689679221,-0.0415380633028616,0.0,0.0,0.0234364420175552,-15.099916458129885,6.774355411529541,23.542213439941406,1.2039883136749268,2.344022750854492,-0.1766993254423141,0.0,0.0
1730046251.8684828,0.8654022305801826,-0.3627773303427041,-0.6090380698622291,-1.949690221531649,-0.1974889592541986,1.6340281865072936,1.086894144228851,0.0317094475030899,0.0317094475030899,-0.2345133262435368,-0.1160413631509102,0.1516811199557898,-0.0838446824952281,0.0447441611359027,-0.0127300365048419,-0.0542290733698169,0.0,0.0,-0.0122691243886947,-14.758729934692385,6.849733829498291,23.50650787353516,1.2305386066436768,2.344022750854492,-0.1666285246610641,0.0,0.0
1730046251.901709,0.8580112511772359,-0.3668629031065433,-0.604160459326113,-1.952721817479831,-0.1963274555445794,1.6336957894340656,1.0850355160928389,0.0317094475030899,0.0317094475030899,-0.2242598275284417,-0.1251704112275712,0.1477700581057959,-0.0998182613709365,0.0349694299757784,-0.0078105190022726,-0.0524874882432564,0.0,0.0,0.0988148599863052,-14.528627395629885,7.151247501373291,23.431129455566406,1.2580044269561768,2.314725875854492,-0.2069117277860641,0.0,0.0
1730046251.9351008,0.8505331512597935,-0.3710369250314801,-0.5993775259125949,-1.9560220031630315,-0.1951307114056394,1.633327141942004,1.083062372711646,0.0317094475030899,0.0317094475030899,-0.2245351701900204,-0.126073319260053,0.1445419306849762,-0.1003662345215746,0.044384903491253,-0.0175524882647403,-0.0665022090405302,0.0,0.0,0.1384877115488052,-13.810548782348633,6.814028263092041,23.355751037597656,1.1591274738311768,2.333951950073242,-0.1254297941923141,0.0,0.0
1730046251.9684012,0.8432006475419009,-0.3747857213624257,-0.5946290500375453,-1.9590689224463615,-0.1938893909110098,1.632786582944092,1.0806871515356031,0.0317087918519973,0.0317087918519973,-0.2247030788296313,-0.1032425858785262,0.149067295368464,-0.0939068812699077,0.0415528980589312,-0.0140849656497703,-0.0715344130015412,0.0,0.0,0.0988148599863052,-14.417543411254885,7.266298770904541,23.542213439941406,1.2488491535186768,2.364164352416992,-0.1968409270048141,0.0,0.0
1730046252.0017643,0.8355787263069644,-0.3782601523461041,-0.5894713244460759,-1.9623183125976575,-0.1920878651028048,1.6322235497585127,1.0778322821557074,0.0317087918519973,0.0317087918519973,-0.2130067448758701,-0.1069117099983007,0.151143333902094,-0.1021080976728865,0.0602351420255787,-0.0242006347209158,-0.0841422645203493,0.0,0.0,0.285277247428894,-14.604005813598633,7.266298770904541,23.61759185791016,1.2488491535186768,2.294584274291992,-0.2069117277860641,0.0,0.0
1730046252.0351036,0.8284885163406134,-0.3817001633111306,-0.5843732472965779,-1.965732613166849,-0.1903099776770363,1.631649778854412,1.0746683307661091,0.0317087918519973,0.0317087918519973,-0.2171577677488503,-0.09969351521596,0.1610690166150711,-0.1038666609316032,0.0500019697912619,-0.0193818838018595,-0.0976831438851708,0.0,0.0,-0.2384043782949447,-14.528627395629885,6.814028263092041,23.954811096191406,1.1856777667999268,2.404447555541992,-0.1355005949735641,0.0,0.0
1730046252.0684454,0.8214545860196599,-0.3849874451462635,-0.579379542148926,-1.9691915915451836,-0.1888885632686754,1.6309923634263297,1.072283962991884,0.0317087918519973,0.0317087918519973,-0.2105649340571446,-0.0975869183713607,0.1516608166001818,-0.0969437004224686,0.0353652919860594,-0.015997615975353,-0.0700766956098082,0.0,0.0,0.324950098991394,-14.453248977661133,7.302004337310791,23.61759185791016,1.3303310871124268,2.384305953979492,-0.1666285246610641,0.0,0.0
1730046252.1017144,0.8143357147626588,-0.3880032619278223,-0.5740692501213683,-1.972509856715533,-0.1874270298456818,1.6304725117143712,1.0701260457122836,0.031710434705019,0.031710434705019,-0.2206430925664921,-0.0871193310285307,0.1625919832415426,-0.0949923906130151,0.0432379420948738,-0.0186888507138534,-0.0687556939438029,0.0,0.0,-0.3494883775711059,-14.643678665161133,6.738649845123291,23.804054260253903,1.2305386066436768,2.394376754760742,-0.1455713957548141,0.0,0.0
1730046252.1351008,0.8072355769376256,-0.3911761002528738,-0.5685864781442572,-1.9758855217071372,-0.1857430572382636,1.6300376763229878,1.068001137168073,0.031710434705019,0.031710434705019,-0.2048488317692433,-0.1046363849995227,0.1541023240047075,-0.0997881892359476,0.0534321031138752,-0.0081050163769849,-0.055282114742352,0.0,0.0,-0.535950779914856,-15.099916458129885,6.548220157623291,23.768348693847656,1.2039883136749268,2.274442672729492,-0.1968409270048141,0.0,0.0
1730046252.1684363,0.8001049997312516,-0.3946305659219007,-0.563413287200101,-1.9794469900026324,-0.1839822574871207,1.6296322919009674,1.0661297064539228,0.031710434705019,0.031710434705019,-0.2205856024840616,-0.1152645216395044,0.1531182049609157,-0.1098303289669713,0.0490131557374254,-0.0220423342040463,-0.0700899750421707,0.0,0.0,-0.1233531087636947,-14.568300247192385,6.814028263092041,23.804054260253903,1.2488491535186768,2.404447555541992,-0.1766993254423141,0.0,0.0
1730046252.2017276,0.7928729957100593,-0.3984293582999175,-0.55828972384068,-1.9830046822848504,-0.1824772214220595,1.6291386163460866,1.064000886101515,0.031710434705019,0.031710434705019,-0.2230879802771231,-0.1048681620961222,0.1506038286461483,-0.0925872927050214,0.0408431360485514,-0.0225354071804508,-0.0519107308035641,0.0,0.0,-0.575623631477356,-14.417543411254885,6.472841739654541,24.101600646972656,1.2039883136749268,2.453886032104492,-0.2371241301298141,0.0,0.0
1730046252.2351053,0.7856138087220278,-0.4017666424456316,-0.5531413044272908,-1.986166568993163,-0.1808952398970805,1.628713252516406,1.0617651509838697,0.031710434705019,0.031710434705019,-0.2237544130560668,-0.102955357714207,0.1605966869287497,-0.0925759985328365,0.039334939359627,-0.0210897201055412,-0.0693652093936015,0.0,0.0,-0.1987315267324447,-14.492921829223633,6.587893009185791,23.83975982666016,1.2580044269561768,2.333951950073242,-0.2069117277860641,0.0,0.0
1730046252.2684324,0.7786108439836263,-0.4052633750496973,-0.548047574640531,-1.98928524984292,-0.1792363689580821,1.628228923531835,1.0592492364877202,0.0317091196775436,0.0317091196775436,-0.2102794878580923,-0.1081511962655689,0.1491022954552597,-0.095026404332502,0.0487354057818537,-0.0184735922763005,-0.0813959206380569,0.0,0.0,-0.611329197883606,-14.679384231567385,6.512514591217041,23.692970275878903,1.2488491535186768,2.324796676635742,-0.1556421965360641,0.0,0.0
1730046252.301782,0.7711784887663736,-0.4089897318162471,-0.5427937849305402,-1.992715636922896,-0.1776439724591071,1.6278869227579231,1.0563239748167876,0.0317091196775436,0.0317091196775436,-0.2112009143166574,-0.111380159515742,0.1477379140258583,-0.0993588767919158,0.0351176480842532,-0.006807869210884,-0.0839080916434354,0.0,0.0,-0.1233531087636947,-14.151735305786133,6.738649845123291,23.581886291503903,1.3120205402374268,2.314725875854492,-0.1968409270048141,0.0,0.0
1730046252.3351023,0.7640040563380281,-0.4124777071242805,-0.5378240429251593,-1.9960358221118168,-0.1762215482403048,1.627489782820184,1.053354310745935,0.0317091196775436,0.0317091196775436,-0.2284041405271931,-0.1013734918787144,0.1632729617855493,-0.1019727699791585,0.0405123200960332,-0.0125139849056484,-0.0785009724437797,0.0,0.0,-0.4605723619461059,-14.417543411254885,6.698976993560791,23.879432678222656,1.2580044269561768,2.364164352416992,-0.1666285246610641,0.0,0.0
1730046252.3684368,0.7567631543128267,-0.4157190529927448,-0.5327415063108492,-1.999239965214836,-0.1749425465860843,1.6269579239665986,1.0511441470938565,0.0317091196775436,0.0317091196775436,-0.2134997826075664,-0.1001270914018647,0.1517437702896891,-0.0930852563512446,0.038591092194974,-0.0147263175859131,-0.0586651829033199,0.0,0.0,-0.2384043782949447,-14.568300247192385,6.623598575592041,23.72867584228516,1.3211758136749268,2.364164352416992,-0.1556421965360641,0.0,0.0
1730046252.4017675,0.7493092085435863,-0.4192837585694154,-0.5276211841897118,-2.002618119959958,-0.1733066824451781,1.6265489311644643,1.0491361278231786,0.0317091196775436,0.0317091196775436,-0.2262092045857152,-0.1098160599908976,0.1496139793152988,-0.1020897002677293,0.0574922982564941,-0.0073915265339185,-0.0649735347890085,0.0,0.0,-0.0876475423574447,-14.604005813598633,6.964785099029541,23.692970275878903,1.2763149738311768,2.354093551635742,-0.1153589934110641,0.0,0.0
1730046252.435102,0.7420916344802698,-0.4231159368092011,-0.5227438676399392,-2.0060120796238263,-0.1714230680685322,1.6261089456018831,1.047253018025,0.0317091196775436,0.0317091196775436,-0.2178316776733129,-0.120576737545067,0.1480064293786137,-0.0947402490813398,0.0614089774828003,-0.0124269192797254,-0.0632342317673107,0.0,0.0,-0.1630259603261947,-13.810548782348633,7.040163516998291,23.50650787353516,1.2213833332061768,2.324796676635742,-0.1968409270048141,0.0,0.0
1730046252.468439,0.7348545315597205,-0.4267689369076651,-0.5175788942113688,-2.0093468554371,-0.1698387548732753,1.6256846344659572,1.0447660118390076,0.0317097753286361,0.0317097753286361,-0.2190908734054566,-0.1050803335648122,0.1648403896026983,-0.0936543335887845,0.0476802304215442,-0.0081192284328211,-0.0738036514598954,0.0,0.0,-0.0519419759511947,-14.112062454223633,6.814028263092041,23.879432678222656,1.2580044269561768,2.414518356323242,-0.2169825285673141,0.0,0.0
1730046252.5017688,0.7275943228945785,-0.4302568179476727,-0.512326380768008,-2.0126108341804123,-0.1682937873759502,1.6252376348982955,1.0425071599013649,0.0317097753286361,0.0317097753286361,-0.2137828270966999,-0.102881315331987,0.1498721446807608,-0.0888061297431076,0.0412510462054228,-0.0089054335676896,-0.0706488639323428,0.0,0.0,-0.2384043782949447,-14.302492141723633,6.738649845123291,23.83975982666016,1.2305386066436768,2.443815231323242,-0.1556421965360641,0.0,0.0
1730046252.535112,0.7203364839552755,-0.4336275668119283,-0.5072844791492209,-2.015851506036162,-0.1667137127270315,1.6248258663778392,1.04002247958155,0.0317097753286361,0.0317097753286361,-0.2195081036443434,-0.1017558927477166,0.1470252218940854,-0.094231077344027,0.0472926981570141,-0.0128802188367159,-0.0741438559248263,0.0,0.0,-0.1630259603261947,-14.262819290161133,6.698976993560791,23.466835021972656,1.3028652667999268,2.314725875854492,-0.2169825285673141,0.0,0.0
1730046252.568437,0.7133370227368369,-0.4371009681120126,-0.502413491965925,-2.0191612741465184,-0.1651611400397072,1.6244090763651513,1.0371751773384892,0.0317097753286361,0.0317097753286361,-0.2132892495033653,-0.1037990602893957,0.1507597676538465,-0.1000956198891288,0.0546317295133385,-0.0087814770015549,-0.0892211107420054,0.0,0.0,-0.4248667955398559,-14.112062454223633,6.925112247467041,23.581886291503903,1.2671597003936768,2.333951950073242,-0.2371241301298141,0.0,0.0
1730046252.6018915,0.7057240392469818,-0.4403787636410298,-0.4969684066646538,-2.022599685176892,-0.1634923710713184,1.623977055211855,1.0343470313757654,0.0317097753286361,0.0317097753286361,-0.2137596047678261,-0.0984313159295428,0.1589653206952912,-0.094539178905786,0.0478427078067176,-0.0192081030750652,-0.0721305332414247,0.0,0.0,-0.2741099596023559,-13.921632766723633,6.663271427154541,23.83975982666016,1.3120205402374268,2.394376754760742,-0.1766993254423141,0.0,0.0
1730046252.6351123,0.698771358577169,-0.4436363937005448,-0.49186791928936,-2.025774772556088,-0.161882890046933,1.623576454038335,1.031909404005992,0.0317091196775436,0.0317091196775436,-0.2129310420345794,-0.10892118594891,0.1532386317624003,-0.0947328453564359,0.0438571160821058,-0.0107837211231214,-0.0696848544536794,0.0,0.0,-0.535950779914856,-14.528627395629885,6.361757755279541,23.954811096191406,1.2580044269561768,2.404447555541992,-0.1968409270048141,0.0,0.0
1730046252.6684024,0.6915983441557131,-0.4472047786976934,-0.4868686565841159,-2.029121396092484,-0.160232916795421,1.623159866831983,1.029645293356184,0.0317091196775436,0.0317091196775436,-0.2107956312785521,-0.1116507816772572,0.144707575886994,-0.0978013689185679,0.0490132890959714,-0.0104767112738376,-0.0726504828174954,0.0,0.0,0.2495716959238052,-13.961305618286133,7.040163516998291,23.692970275878903,1.4292080402374268,2.333951950073242,-0.2069117277860641,0.0,0.0
1730046252.7018206,0.6841086324595297,-0.4511240395285146,-0.4816043285546496,-2.032670798235707,-0.1585437762876319,1.6227666217774093,1.0277155000189258,0.0317091196775436,0.0317091196775436,-0.2227570467280083,-0.1103178032840305,0.1548624509114622,-0.1038358322930175,0.0498836558980578,-0.0103789751486113,-0.0562382231945401,0.0,0.0,-0.3494883775711059,-13.469362258911133,6.512514591217041,23.653297424316406,1.2213833332061768,2.404447555541992,-0.1556421965360641,0.0,0.0
1730046252.735113,0.6770065281768941,-0.4547057813528343,-0.476513716968678,-2.036019540278579,-0.1572226123357689,1.6223311990390192,1.0256729934540318,0.0317091196775436,0.0317091196775436,-0.2071677756038035,-0.104549357437524,0.1494020664461477,-0.1030415312262718,0.0323126101103049,-0.019783660603068,-0.0589465316971039,0.0,0.0,-0.2741099596023559,-13.770875930786133,6.738649845123291,24.176979064941406,1.2845547199249268,2.563749313354492,-0.1666285246610641,0.0,0.0
1730046252.7685242,0.6695333381945527,-0.4582674016428256,-0.4714065010525642,-2.039303589812359,-0.1560118562049746,1.6218010656981665,1.0236060268832596,0.0317091196775436,0.0317091196775436,-0.222598253754775,-0.1067044683873384,0.1461680902031887,-0.1020264433632062,0.0441278558508486,-0.0145621385427124,-0.0679150104233515,0.0,0.0,-0.0876475423574447,-14.036684036254885,6.889406681060791,23.804054260253903,1.3477261066436768,2.424589157104492,-0.1666285246610641,0.0,0.0
1730046252.8018467,0.6624478787004492,-0.4617340521532679,-0.4665636667459948,-2.042486931702523,-0.154603277003815,1.6212880952510926,1.021158957362228,0.0317091196775436,0.0317091196775436,-0.2112766894476579,-0.1072190669887913,0.1505861540476256,-0.1021117376354317,0.0491013536470998,-0.0066367831138726,-0.0797246170199971,0.0,0.0,-0.2741099596023559,-13.505067825317385,6.587893009185791,23.391456604003903,1.3120205402374268,2.374235153198242,-0.2270533293485641,0.0,0.0
1730046252.835112,0.655093759399112,-0.4650323967736216,-0.4613695587658623,-2.0457511792588505,-0.1527439263138399,1.6209026214675195,1.0184478114134576,0.0317091196775436,0.0317091196775436,-0.2195372905188823,-0.099529184095281,0.1631136382684852,-0.0987719803002594,0.0649052026446921,-0.0129898713970861,-0.0730271525840259,0.0,0.0,-0.0876475423574447,-13.810548782348633,6.698976993560791,23.431129455566406,1.2671597003936768,2.394376754760742,-0.2069117277860641,0.0,0.0
1730046252.868417,0.6478043436520255,-0.4684252132232425,-0.4560853488504584,-2.04918914589645,-0.1509822602756442,1.6204265996968723,1.0157740723003248,0.031707476824522,0.031707476824522,-0.2173281099344797,-0.0973622139236982,0.1637903108997571,-0.0997084189254059,0.0473770353416531,-0.0231135881555483,-0.0802540110096137,0.0,0.0,-0.4605723619461059,-13.961305618286133,6.397463321685791,24.14127349853516,1.2305386066436768,2.463956832885742,-0.1455713957548141,0.0,0.0
1730046252.901769,0.6405985108944712,-0.4718162384648908,-0.4511106117816864,-2.0523877134571045,-0.1494862054426787,1.6198950684932818,1.013212261604988,0.031707476824522,0.031707476824522,-0.2186452685626105,-0.1064333621919461,0.1475086371306814,-0.1013530655956302,0.0460828618079811,-0.0173649431411071,-0.0785077449593444,0.0,0.0,-0.1233531087636947,-13.846254348754885,6.814028263092041,24.026222229003903,1.3303310871124268,2.394376754760742,-0.1766993254423141,0.0,0.0
1730046252.935114,0.6334532857992595,-0.4755721015624377,-0.4460880853869586,-2.055615843288669,-0.1480766881997619,1.6193852848410597,1.0111893348898908,0.031707476824522,0.031707476824522,-0.2224486567191199,-0.1202632319497881,0.1511719546687981,-0.0981268086403488,0.0455325087812335,-0.0189795528136823,-0.0544486312118542,0.0,0.0,-0.1987315267324447,-13.278932571411133,6.623598575592041,23.542213439941406,1.3303310871124268,2.394376754760742,-0.2481104582548141,0.0,0.0
1730046252.9684377,0.626246864968421,-0.4792398797216648,-0.440833647784631,-2.058876944262176,-0.146338371425273,1.618963502296091,1.0092683477601136,0.031707476824522,0.031707476824522,-0.2083004103690401,-0.1065676210329569,0.1569722615866695,-0.0989082515765815,0.0449366719362589,-0.0135594193220873,-0.0529397248949369,0.0,0.0,-0.3891612291336059,-13.390016555786133,6.060244083404541,23.391456604003903,1.2845547199249268,2.384305953979492,-0.1968409270048141,0.0,0.0
1730046253.0017295,0.6190239406106512,-0.482927106064348,-0.4355845904427222,-2.062373403005868,-0.1446768281755256,1.6185126510191952,1.0073547644443024,0.031707476824522,0.031707476824522,-0.2268693742690961,-0.1070316445913181,0.1551782332362627,-0.0995529047322317,0.041644656211996,-0.0208586944102444,-0.0667850724678399,0.0,0.0,-0.4248667955398559,-13.429689407348633,6.286379337310791,23.954811096191406,1.2845547199249268,2.463956832885742,-0.1666285246610641,0.0,0.0
1730046253.0351138,0.6118141065776881,-0.4863267681162229,-0.4305856815802084,-2.0656459967974,-0.1432788895626394,1.6179023006149675,1.0053261127218156,0.0317078083753585,0.0317078083753585,-0.207631133319583,-0.1015097104314496,0.1394915118312854,-0.0999717074014517,0.0404332465248668,-0.0150671087992668,-0.0493271874616885,0.0,0.0,0.0631092935800552,-13.429689407348633,6.774355411529541,23.954811096191406,1.4017422199249268,2.494169235229492,-0.2481104582548141,0.0,0.0
1730046253.0685124,0.6043644924514514,-0.4896808835370383,-0.4253472716039351,-2.068915439707745,-0.1417599646732749,1.6172687028473824,1.0030239934168053,0.0317078083753585,0.0317078083753585,-0.2235388721884987,-0.0980936189351024,0.1546179086585402,-0.0900244436974854,0.0404789552608352,-0.0152238040295907,-0.0793131467995022,0.0,0.0,-0.1987315267324447,-13.239259719848633,6.322084903717041,23.133583068847656,1.3660366535186768,2.374235153198242,-0.2371241301298141,0.0,0.0
1730046253.1018493,0.5972299444528673,-0.4929699970826799,-0.4202862447470496,-2.072309165750005,-0.1399684231941281,1.6168604569050196,1.0003732606494429,0.0317078083753585,0.0317078083753585,-0.2158289935638375,-0.0955943247143916,0.1550217569102732,-0.1094038998515009,0.0498366351002397,-0.0134034404586347,-0.0958458134271511,0.0,0.0,-0.2741099596023559,-13.203554153442385,6.512514591217041,23.244667053222656,1.2763149738311768,2.294584274291992,-0.1766993254423141,0.0,0.0
1730046253.135111,0.5900409596848725,-0.4962897290073773,-0.4152544547105931,-2.0757118005356405,-0.138314939383187,1.616366716634489,0.9972950848339236,0.0317078083753585,0.0317078083753585,-0.218822076685987,-0.0986622783766977,0.1478603296319728,-0.0912393864101414,0.0425922654657512,-0.0214064160607933,-0.1077477871326986,0.0,0.0,-0.3494883775711059,-13.695497512817385,6.171328067779541,23.83975982666016,1.3120205402374268,2.424589157104492,-0.2481104582548141,0.0,0.0
1730046253.1684449,0.5828593521072178,-0.4999852334937422,-0.4101826434744553,-2.079098602795728,-0.1370008589553696,1.6158479820551672,0.9944476329805788,0.0317078083753585,0.0317078083753585,-0.213193999224008,-0.110846728227054,0.1459416169248045,-0.1019044848514079,0.0417778050128988,-0.0094712077669595,-0.0687030604949171,0.0,0.0,-0.722413182258606,-13.163881301879885,6.135622501373291,23.879432678222656,1.2488491535186768,2.404447555541992,-0.2481104582548141,0.0,0.0
1730046253.2017465,0.5754721205730268,-0.5035969749462298,-0.4049828464961462,-2.08226496134036,-0.135497843518677,1.6152501085870925,0.9921513286609224,0.0317094475030899,0.0317094475030899,-0.2175750597910616,-0.1070074108582547,0.1578639425328324,-0.0910486474977209,0.0421675608355655,-0.0163043257700248,-0.0668493474368412,0.0,0.0,-0.3494883775711059,-12.671937942504885,6.060244083404541,23.355751037597656,1.2937099933624268,2.404447555541992,-0.2270533293485641,0.0,0.0
1730046253.2351034,0.568370148296841,-0.5072878288425291,-0.4000144729400227,-2.085621823696489,-0.1339113759867117,1.614833771354894,0.9900455815241344,0.0317094475030899,0.0317094475030899,-0.2233568775921351,-0.114495248528872,0.1544935143355477,-0.1029055504140132,0.0510212222179744,-0.0225438584721506,-0.0636148224064529,0.0,0.0,-0.535950779914856,-12.707643508911133,6.060244083404541,23.83975982666016,1.2488491535186768,2.463956832885742,-0.2581812441349029,0.0,0.0
1730046253.268416,0.5607845908464356,-0.5110073979093956,-0.3948800813309454,-2.0891083299381497,-0.1320333710822095,1.6141525890482682,0.988117673248568,0.0317094475030899,0.0317094475030899,-0.2178274750282126,-0.1125749151146646,0.147960812656276,-0.1000226672453749,0.046196903252233,-0.0209690395272986,-0.0640642208571199,0.0,0.0,-0.0876475423574447,-13.163881301879885,6.512514591217041,23.61759185791016,1.3568813800811768,2.374235153198242,-0.2169825285673141,0.0,0.0
1730046253.3017478,0.5536495169859368,-0.5144285255659624,-0.389796407749186,-2.092336007351608,-0.1303899137313653,1.613391970021656,0.9859753510681254,0.0317094475030899,0.0317094475030899,-0.2178365209708602,-0.0998806239871399,0.1572702868748144,-0.0918417200437082,0.0539866273033109,-0.0241143011066363,-0.0674076150921224,0.0,0.0,-0.762086033821106,-12.973451614379885,5.643679141998291,23.879432678222656,1.2213833332061768,2.443815231323242,-0.2270533293485641,0.0,0.0
1730046253.3351045,0.5465743025603714,-0.5176312666571473,-0.3845346696498919,-2.095447214119384,-0.1289509011733182,1.6127897052462656,0.9837200584101043,0.0317094475030899,0.0317094475030899,-0.2042119694844615,-0.0974784632514987,0.1495041645524671,-0.0938840623127657,0.0391771534133371,-0.00153479569195,-0.0690178969530643,0.0,0.0,-0.722413182258606,-12.937746047973633,5.643679141998291,23.244667053222656,1.3211758136749268,2.314725875854492,-0.2581812441349029,0.0,0.0
1730046253.3684475,0.5393057699181666,-0.5209555917484114,-0.3793383806654405,-2.098834105057366,-0.1273393180942253,1.612283233259608,0.9812927969039764,0.0317078083753585,0.0317078083753585,-0.2231687512226462,-0.0975405968209302,0.1555066827458785,-0.1037768162108064,0.0485755674712312,-0.0087438836851879,-0.0803021495323371,0.0,0.0,-0.3137828111648559,-12.937746047973633,5.945192813873291,23.542213439941406,1.3477261066436768,2.374235153198242,-0.2169825285673141,0.0,0.0
1730046253.401757,0.5322660846974474,-0.5244819148007817,-0.3744562040266221,-2.102247302964842,-0.1257956406093504,1.6117754344767763,0.9786245248750608,0.0317078083753585,0.0317078083753585,-0.2064610344293705,-0.1083658903638234,0.1517757000920706,-0.0982847164820323,0.0446745569927193,-0.0150630472127862,-0.0743828399930572,0.0,0.0,-0.535950779914856,-12.898073196411133,5.909487247467041,24.14127349853516,1.2845547199249268,2.434659957885742,-0.2883936464786529,0.0,0.0
1730046253.4351044,0.5247729477767379,-0.5281812726708159,-0.369186280197849,-2.1055169824996898,-0.124221659691595,1.611135386189755,0.9755162091554462,0.0317078083753585,0.0317078083753585,-0.2212915948655367,-0.1122470509245112,0.1559864484607558,-0.09356769494391,0.0359924157528051,-0.0149189770328861,-0.0891051623617931,0.0,0.0,-0.1987315267324447,-12.406129837036133,6.060244083404541,23.72867584228516,1.2937099933624268,2.424589157104492,-0.2984644472599029,0.0,0.0
1730046253.4684367,0.5176694127050823,-0.5318071104095947,-0.3640107084685258,-2.1085993331349213,-0.1228788646316467,1.6106691129271975,0.9730963873580956,0.0317078083753585,0.0317078083753585,-0.208373621981709,-0.1119451204423088,0.1523087326766543,-0.0910726943934505,0.0433899564135467,-0.0093588304595401,-0.0585000869057551,0.0,0.0,-0.4605723619461059,-12.406129837036133,5.457216739654541,23.09391021728516,1.3303310871124268,2.314725875854492,-0.2069117277860641,0.0,0.0
1730046253.501771,0.510239096610216,-0.5355867323754655,-0.3587233538427866,-2.112085226930379,-0.1211600551004233,1.6103311690508564,0.9711888847549462,0.0317087918519973,0.0317087918519973,-0.2169893148567719,-0.112971815082709,0.1518123861002085,-0.0983908245426918,0.0491895612884189,-0.0173809365810062,-0.0596307688638603,0.0,0.0,-0.2741099596023559,-12.255373001098633,5.834108829498291,23.50650787353516,1.2763149738311768,2.453886032104492,-0.2682520449161529,0.0,0.0
1730046253.5351005,0.5031948124690272,-0.5391111338624417,-0.3537949158425263,-2.115550286981816,-0.1194807931455013,1.6099166122569497,0.9694195315520208,0.0317087918519973,0.0317087918519973,-0.2168336089046347,-0.0976711200449349,0.1558457959703638,-0.100666424574538,0.0577990248817638,-0.0167221354883562,-0.0526127094693735,0.0,0.0,-0.686707615852356,-12.441835403442385,5.683351993560791,23.692970275878903,1.2937099933624268,2.424589157104492,-0.2481104582548141,0.0,0.0
1730046253.5683715,0.4957134424350989,-0.5424080912873059,-0.3484862759724996,-2.1188343393323907,-0.1179678825109109,1.609416065537681,0.9670550459547828,0.0317087918519973,0.0317087918519973,-0.2071284345987041,-0.0974712972356517,0.1496641795131529,-0.0936193499092164,0.032841499470189,-0.0096588390696217,-0.0753198166872387,0.0,0.0,-0.535950779914856,-12.406129837036133,5.417543888092041,23.804054260253903,1.2580044269561768,2.494169235229492,-0.2581812441349029,0.0,0.0
1730046253.6017685,0.4885478490886281,-0.5455784182556924,-0.3434199489956019,-2.1220448093852915,-0.1166593242793624,1.6090804994832577,0.964855870309371,0.0317087918519973,0.0317087918519973,-0.2243806339667869,-0.0961911065593292,0.1596158338569964,-0.0928207672272029,0.0428022597447292,-0.0040576838985799,-0.0658377215861927,0.0,0.0,-0.535950779914856,-12.176027297973633,5.492922306060791,23.466835021972656,1.2671597003936768,2.414518356323242,-0.2682520449161529,0.0,0.0
1730046253.6351032,0.4813725029030314,-0.5490121218773314,-0.3384216967961811,-2.1255177630731312,-0.1152994548449173,1.6087564951032387,0.962459979842568,0.0317087918519973,0.0317087918519973,-0.2030875248829085,-0.107974743722963,0.1495074252667497,-0.1034661486076704,0.0484212289858679,-0.0034347197247273,-0.0737690412700324,0.0,0.0,-0.0519419759511947,-12.596559524536133,5.909487247467041,23.391456604003903,1.3751919269561768,2.394376754760742,-0.2069117277860641,0.0,0.0
1730046253.6684904,0.4740795836426588,-0.5527166422973643,-0.333158110420243,-2.1290172302656667,-0.1135413411058414,1.6082817378214944,0.9596267799238964,0.0317091196775436,0.0317091196775436,-0.222762317516807,-0.1134440902415045,0.1546952718966418,-0.0949394722403291,0.0612935481212185,-0.0199217858862512,-0.0819650404465863,0.0,0.0,-0.651002049446106,-12.064943313598633,5.417543888092041,23.72867584228516,1.2763149738311768,2.434659957885742,-0.1766993254423141,0.0,0.0
1730046253.701869,0.4670044323794715,-0.5561735616078471,-0.3280259960570206,-2.1320185545152714,-0.1118376593059255,1.6079039146795084,0.9567676131017296,0.0317091196775436,0.0317091196775436,-0.2110061354728641,-0.1048163966815187,0.1503952177290904,-0.09162656410891,0.0476883313232647,-0.00464227240781,-0.0859006938257386,0.0,0.0,-0.3891612291336059,-11.914186477661133,5.492922306060791,23.244667053222656,1.1948330402374268,2.333951950073242,-0.1968409270048141,0.0,0.0
1730046253.7351048,0.4597159700845434,-0.5597201545168128,-0.3229403787191092,-2.1351831304555526,-0.1102934189655809,1.6075872115637193,0.9543911983274364,0.0317091196775436,0.0317091196775436,-0.2189096467370824,-0.1071564840154756,0.1445717907719582,-0.1041716287124759,0.0497970003823914,-0.0045302399940347,-0.0714595717030577,0.0,0.0,-0.2741099596023559,-11.834840774536133,5.040651798248291,23.244667053222656,1.3120205402374268,2.374235153198242,-0.2883936464786529,0.0,0.0
1730046253.7684436,0.4525772405120221,-0.5635072221709293,-0.3180317053349373,-2.138737725069704,-0.1089252531742923,1.6073103703617857,0.9522587525236166,0.0317091196775436,0.0317091196775436,-0.210544174441793,-0.1130962222767811,0.1429543368712459,-0.1173019934975398,0.0478935207162069,-0.0159853200920185,-0.0617374942967955,0.0,0.0,-0.4248667955398559,-11.759462356567385,5.457216739654541,23.804054260253903,1.2488491535186768,2.494169235229492,-0.2682520449161529,0.0,0.0
1730046253.8018374,0.4449592456473888,-0.5670510880667217,-0.3126632086053945,-2.1422402970288097,-0.1071630581067645,1.606747959628481,0.9501395121934773,0.0317091196775436,0.0317091196775436,-0.2168298112773,-0.0978018988413035,0.1525257483036761,-0.0927341091210818,0.0574427136499029,-0.0168019517613096,-0.0610493755620258,0.0,0.0,-0.3137828111648559,-11.874513626098633,5.040651798248291,23.692970275878903,1.2671597003936768,2.474027633666992,-0.2984644472599029,0.0,0.0
1730046253.8351038,0.4379828025288602,-0.5702833641433345,-0.307536213722595,-2.145361133911944,-0.1053833100196107,1.6061932054729928,0.9481720459607348,0.0317091196775436,0.0317091196775436,-0.2142390050970951,-0.1002474516023696,0.1517315610025669,-0.0933342579114375,0.0491496035373912,-0.0100445737131836,-0.0614844685454891,0.0,0.0,-0.4248667955398559,-12.025270462036133,5.231081485748291,23.768348693847656,1.3211758136749268,2.494169235229492,-0.2883936464786529,0.0,0.0
1730046253.8684387,0.4306909841128747,-0.5735202182352869,-0.3024873043271983,-2.1486078604820675,-0.1038952649196735,1.6058184145858505,0.9460808333791584,0.0317091196775436,0.0317091196775436,-0.2147928793137524,-0.1002604404571602,0.1483008424066298,-0.097361336579836,0.0365250749389817,-0.004307824286885,-0.0618402082691876,0.0,0.0,-0.0122691243886947,-11.874513626098633,5.266787052154541,23.653297424316406,1.3120205402374268,2.394376754760742,-0.2371241301298141,0.0,0.0
1730046253.901772,0.4233135568236393,-0.5772274758485989,-0.2973319874908996,-2.152210388015426,-0.1023920451230873,1.6053928766116268,0.9438112551485632,0.0317091196775436,0.0317091196775436,-0.2197491310299849,-0.1122125823574821,0.1529092717025278,-0.1067137742107118,0.0564893626934694,-0.0189584712182657,-0.0741398346640181,0.0,0.0,-0.651002049446106,-11.723756790161133,4.703432559967041,23.50650787353516,1.2845547199249268,2.404447555541992,-0.2682520449161529,0.0,0.0
1730046253.935104,0.4161268322234774,-0.5808188556005573,-0.2922557068633362,-2.15544887376086,-0.1005614444549258,1.6048319106911553,0.941120584149758,0.0317091196775436,0.0317091196775436,-0.2126253975179396,-0.1011324561407841,0.1466868503533933,-0.0867106935056691,0.0481393139623268,-0.0234051661411505,-0.081490760568072,0.0,0.0,-0.2384043782949447,-11.608705520629885,5.191408634185791,23.879432678222656,1.3568813800811768,2.573820114135742,-0.2270533293485641,0.0,0.0
1730046253.9684775,0.4086888629503666,-0.584421876344564,-0.286970758909473,-2.1585714857296447,-0.0990048690978947,1.604426942795989,0.9384921196909708,0.0317091196775436,0.0317091196775436,-0.2208448170340357,-0.1073414134000106,0.1473817667629999,-0.0955763090468856,0.0423291146536496,-0.0141944988129337,-0.0765970983893535,0.0,0.0,-0.2741099596023559,-11.493654251098633,4.929567813873291,23.320045471191406,1.3660366535186768,2.304655075073242,-0.3085352480411529,0.0,0.0
1730046254.0017698,0.4016487017746367,-0.58805568906948,-0.2819578559596178,-2.161819057275119,-0.0977689053219884,1.6040733110826098,0.9359300029217242,0.0317091196775436,0.0317091196775436,-0.21189686866958,-0.110472245264333,0.1556677621295441,-0.0945994905384527,0.0388114292916565,-0.010030853349547,-0.0777854303483664,0.0,0.0,-0.3494883775711059,-11.457948684692385,5.004946231842041,23.431129455566406,1.3303310871124268,2.424589157104492,-0.2783228456974029,0.0,0.0
1730046254.035103,0.3943920349418743,-0.5916829626312621,-0.2767595529913486,-2.165361716723306,-0.0964191301002657,1.603760692976314,0.9336273641396328,0.0317087918519973,0.0317087918519973,-0.2256519393666179,-0.1034258218143552,0.1680984912659351,-0.1175098685918352,0.0442725584438068,-0.0090207749865893,-0.0638269245525642,0.0,0.0,-0.2741099596023559,-11.382570266723633,5.040651798248291,23.768348693847656,1.3751919269561768,2.474027633666992,-0.2682520449161529,0.0,0.0
1730046254.068498,0.3870581574171733,-0.5951305495497372,-0.2715375750304769,-2.1687725603361665,-0.094876070958883,1.603207499724226,0.9316560751744464,0.0317087918519973,0.0317087918519973,-0.2217922658867029,-0.0988325105458938,0.1485662758194212,-0.0982339517204246,0.0476739774966046,-0.0137705688431052,-0.0538896034441343,0.0,0.0,-0.4248667955398559,-11.152467727661133,4.667726993560791,23.72867584228516,1.3211758136749268,2.414518356323242,-0.2371241301298141,0.0,0.0
1730046254.1017756,0.3797952991226341,-0.5981991898467188,-0.2665883864275272,-2.1718640332610373,-0.0929210167791019,1.6027913015364574,0.9297082286714408,0.0317087918519973,0.0317087918519973,-0.2154447957862976,-0.0937319517716357,0.1491204674850087,-0.0881723085476654,0.055827999649691,-0.0150632350819869,-0.0567767019515175,0.0,0.0,-0.3137828111648559,-11.077089309692385,4.854189395904541,23.692970275878903,1.3568813800811768,2.463956832885742,-0.2984644472599029,0.0,0.0
1730046254.1351018,0.3726776751195203,-0.6015792069477766,-0.261687969660636,-2.175208582379533,-0.0913033997851768,1.6024072742157769,0.9274756655531984,0.0317087918519973,0.0317087918519973,-0.216794659804238,-0.1103192296112883,0.148826676816532,-0.1087002420130712,0.0561666479922645,-0.0093838125616086,-0.0617045606187805,0.0,0.0,-0.722413182258606,-11.267518997192385,4.592348575592041,23.879432678222656,1.2763149738311768,2.463956832885742,-0.2984644472599029,0.0,0.0
1730046254.168426,0.365521703430456,-0.60523954638674,-0.2565310947581159,-2.1787009600079754,-0.0897346655973272,1.601884773234534,0.925394137633767,0.0317087918519973,0.0317087918519973,-0.2097046315444308,-0.1182951572243768,0.1579287786144617,-0.1012784065896439,0.0490738505733098,-0.0131619043699616,-0.0710085494178323,0.0,0.0,-0.4248667955398559,-10.811281204223633,4.290834903717041,23.61759185791016,1.2937099933624268,2.424589157104492,-0.2682520449161529,0.0,0.0
1730046254.2017684,0.3582291488070869,-0.6089588785839845,-0.2512174252179661,-2.181996873005158,-0.0880625373498279,1.6013179732794498,0.922978447267635,0.0317087918519973,0.0317087918519973,-0.2202750431935523,-0.1038242586037467,0.1566601844326424,-0.0941954077348785,0.0537632318308971,-0.0105920022634776,-0.0751306851450761,0.0,0.0,-0.651002049446106,-10.850954055786133,4.326540470123291,23.653297424316406,1.2937099933624268,2.404447555541992,-0.2984644472599029,0.0,0.0
1730046254.2351122,0.3511273605590377,-0.6123504248194376,-0.2463011701306804,-2.1849993762539768,-0.0864967991817455,1.6009042398414666,0.920088063801934,0.0317087918519973,0.0317087918519973,-0.2131690509565312,-0.111097689098441,0.1468744195006579,-0.0992313350058941,0.0549123741428677,-0.0172836570453616,-0.0927501049250654,0.0,0.0,-0.1987315267324447,-10.700197219848633,4.516970157623291,23.72867584228516,1.3303310871124268,2.434659957885742,-0.2883936464786529,0.0,0.0
1730046254.2684371,0.343771163588465,-0.616153261668595,-0.2410907383262847,-2.188458517202953,-0.0849370440374123,1.6005160636959288,0.9169571212527295,0.0317087918519973,0.0317087918519973,-0.2291313403091305,-0.1142877139564654,0.1606968528630432,-0.103654929910154,0.0405415432881787,-0.0144381932447953,-0.0833063657479964,0.0,0.0,-0.611329197883606,-10.660524368286133,4.290834903717041,23.653297424316406,1.2305386066436768,2.404447555541992,-0.2984644472599029,0.0,0.0
1730046254.3018398,0.3363604751758881,-0.6198837359085057,-0.2357393069358933,-2.1921001508240905,-0.0832940848951261,1.5998958876541467,0.914522596787156,0.0317087918519973,0.0317087918519973,-0.218419254204164,-0.1009927321306117,0.1672771948159214,-0.1018680949045073,0.0446434907559874,-0.0186251237435922,-0.0695364632721218,0.0,0.0,-0.4605723619461059,-10.359010696411133,4.064699649810791,23.692970275878903,1.2845547199249268,2.463956832885742,-0.2682520449161529,0.0,0.0
1730046254.3351169,0.3296088693142084,-0.6229157850523668,-0.2309503168893992,-2.19512846131414,-0.0817433118480617,1.5993914620140042,0.9124142935423049,0.0317087918519973,0.0317087918519973,-0.2216360220586405,-0.0939160715526452,0.1569440862134577,-0.0892661508087094,0.0577992165389027,-0.0103002572833684,-0.0636721450718598,0.0,0.0,-0.4248667955398559,-10.585145950317385,3.874269723892212,23.50650787353516,1.3211758136749268,2.443815231323242,-0.2682520449161529,0.0,0.0
1730046254.368435,0.3221216189398634,-0.6262590256652959,-0.2257409085658054,-2.198452689756031,-0.0800926003878283,1.5988840035959069,0.9101860730623405,0.0317087918519973,0.0317087918519973,-0.2187329446240605,-0.0992241418879627,0.156183857944652,-0.1000888568628924,0.0452329762780799,-0.0151673683162519,-0.0563251394397432,0.0,0.0,-0.575623631477356,-10.660524368286133,4.140078067779541,23.542213439941406,1.2213833332061768,2.424589157104492,-0.2169825285673141,0.0,0.0
1730046254.401772,0.3146096911984029,-0.6298738600502923,-0.220378509062923,-2.201946970150205,-0.0787796930494838,1.5985754637873573,0.9080487149721992,0.0317091196775436,0.0317091196775436,-0.2170937252283807,-0.1156266229173004,0.1552570642941321,-0.1040939687944121,0.037081569284964,-0.0178175938206841,-0.0647495672311515,0.0,0.0,-0.4605723619461059,-10.434389114379885,3.913942575454712,23.653297424316406,1.2937099933624268,2.474027633666992,-0.2371241301298141,0.0,0.0
1730046254.4351048,0.3076198510951906,-0.6335991366273488,-0.2153735532868056,-2.205353545512274,-0.0775949071535095,1.5981117895354755,0.9058137647672604,0.0317091196775436,0.0317091196775436,-0.2157002174206081,-0.1105287586192185,0.1550202115231772,-0.1018022475317136,0.0514853519671331,-0.0136714209005542,-0.068461610000156,0.0,0.0,-0.535950779914856,-9.978151321411133,4.025026798248291,23.653297424316406,1.3477261066436768,2.453886032104492,-0.3497339785099029,0.0,0.0
1730046254.4684,0.2999898572844318,-0.6371282526947469,-0.2101395310009155,-2.208547158585467,-0.0761373434511712,1.597591615423726,0.9034202276806674,0.0317091196775436,0.0317091196775436,-0.2210007929278161,-0.1001680630242602,0.1525756800908413,-0.086611354374638,0.0444855056370111,-0.0201450151050218,-0.0773787848517983,0.0,0.0,-0.1987315267324447,-9.978151321411133,3.989320993423462,23.431129455566406,1.3568813800811768,2.394376754760742,-0.2581812441349029,0.0,0.0
1730046254.5018125,0.2930052664871906,-0.640583598177318,-0.2051624248122588,-2.211707085430271,-0.0745148438275861,1.5971734474808692,0.9006370802867284,0.0317091196775436,0.0317091196775436,-0.2167621019508121,-0.1020825441856602,0.1578487578341446,-0.0993302165600621,0.0584757546728126,-0.0144184138133665,-0.0814685063400335,0.0,0.0,-0.762086033821106,-10.168581008911133,3.421999216079712,23.542213439941406,1.3385708332061768,2.414518356323242,-0.3085352480411529,0.0,0.0
1730046254.535102,0.2857290342686394,-0.6441281859329143,-0.1999145539905533,-2.215108015570213,-0.072608936405144,1.5967377324833254,0.8977714654268234,0.0317081362009048,0.0317081362009048,-0.2148932876416822,-0.1037442840470994,0.1515881189230475,-0.110448562450948,0.0559273912393752,-0.0176381599587358,-0.0911980135513546,0.0,0.0,-0.2741099596023559,-10.013856887817385,3.687807321548462,23.581886291503903,1.3120205402374268,2.424589157104492,-0.3195215761661529,0.0,0.0
1730046254.5684433,0.2785073230024176,-0.6476341524715011,-0.194716986486388,-2.218606697569912,-0.0710520027052052,1.596330323410632,0.8951570892913521,0.0317081362009048,0.0317081362009048,-0.2185101764895425,-0.1083852390699689,0.1583016933093463,-0.1041469246192862,0.0472570559508798,-0.019695097314366,-0.0724148671627365,0.0,0.0,-0.535950779914856,-9.561586380004885,3.310915231704712,23.804054260253903,1.3211758136749268,2.494169235229492,-0.2371241301298141,0.0,0.0
1730046254.6018546,0.2711796713965858,-0.6509008881244579,-0.1896877788218535,-2.2219356978571865,-0.0695984506742915,1.5958361388753404,0.8932124419560908,0.0317081362009048,0.0317081362009048,-0.2048294959139279,-0.092823699725336,0.1465988044011673,-0.0894085240390335,0.0338353551603479,-0.0137497550735597,-0.0531116031624265,0.0,0.0,-0.3137828111648559,-9.827394485473633,3.612428903579712,24.065895080566406,1.4200527667999268,2.524381637573242,-0.2581812441349029,0.0,0.0
1730046254.6351027,0.2639184459411559,-0.6541670251519907,-0.1846416127905051,-2.2251466092991063,-0.067832302778949,1.595293777446916,0.8913243612063881,0.0317081362009048,0.0317081362009048,-0.2182243109737544,-0.1017521904747769,0.1569455916877104,-0.0965439474813546,0.0538403420912959,-0.0121087861770151,-0.0602780623976522,0.0,0.0,-0.4248667955398559,-10.013856887817385,3.461672067642212,23.954811096191406,1.3211758136749268,2.514310836791992,-0.3085352480411529,0.0,0.0
1730046254.6684382,0.2569061492329292,-0.6578546689228664,-0.179547881268453,-2.2285348093737887,-0.0662054248282592,1.5947630580169925,0.8891385720627335,0.0317084640264511,0.0317084640264511,-0.2036455941221608,-0.1195923708240028,0.1491634536161877,-0.0967962630093615,0.0526673658420491,-0.0136846395949453,-0.0769574506972475,0.0,0.0,-0.611329197883606,-9.371156692504885,2.894350290298462,23.320045471191406,1.2131435871124268,2.394376754760742,-0.2984644472599029,0.0,0.0
1730046254.7017698,0.2494217080318037,-0.6616301232733692,-0.1742480552924563,-2.2318656096514817,-0.0647508964169865,1.5941961093862438,0.8868464701043903,0.0317084640264511,0.0317084640264511,-0.2128250774317614,-0.1038716710266222,0.1479738721867866,-0.0988895389205402,0.0436530444408496,-0.0101760364619566,-0.0674711570051336,0.0,0.0,-0.2384043782949447,-9.446535110473633,3.120485544204712,23.466835021972656,1.3120205402374268,2.443815231323242,-0.2984644472599029,0.0,0.0
1730046254.7351048,0.2423070030539316,-0.6650857240195088,-0.1692108530036027,-2.2348994540387896,-0.0634249981945611,1.5936191987637236,0.8845921759619022,0.0317084640264511,0.0317084640264511,-0.2219170087935131,-0.101705521444956,0.1528888721397595,-0.0885494897598913,0.0461929169940276,-0.0174556643694694,-0.0677651851456862,0.0,0.0,-0.3891612291336059,-9.446535110473633,3.310915231704712,23.431129455566406,1.2937099933624268,2.443815231323242,-0.3497339785099029,0.0,0.0
1730046254.768481,0.2347822911991438,-0.6687328331872358,-0.1639268402148412,-2.238264270294341,-0.0615893072707066,1.5932007730803146,0.8818653378125341,0.0317084640264511,0.0317084640264511,-0.2201049925603651,-0.1155008591378377,0.1585284118105761,-0.1069534006043597,0.0507389856384762,-0.0071397682480214,-0.087955531494708,0.0,0.0,-0.2741099596023559,-9.486207962036133,3.120485544204712,23.692970275878903,1.3028652667999268,2.453886032104492,-0.3085352480411529,0.0,0.0
1730046254.801849,0.2276285840370694,-0.672367601513632,-0.1588304062282755,-2.2417306542695075,-0.0598553975222877,1.5927496836298665,0.8791245775647437,0.0317084640264511,0.0317084640264511,-0.2239011634623801,-0.1055618513115726,0.1606270086008908,-0.1026308996627661,0.0521893267966322,-0.0089381844658485,-0.0819755845102835,0.0,0.0,-0.3891612291336059,-8.954591751098633,3.160158395767212,23.355751037597656,1.2580044269561768,2.394376754760742,-0.3195215761661529,0.0,0.0
1730046254.8351042,0.2204034716494359,-0.6757788312499488,-0.15376414929011,-2.245202333596002,-0.0586046398026465,1.5922409777525273,0.8766228376319034,0.0317084640264511,0.0317084640264511,-0.2087426171567784,-0.0996640192572186,0.1409183871490379,-0.0989468854829131,0.0415422265534665,-0.0230520869347264,-0.0710815231248104,0.0,0.0,-0.0122691243886947,-9.180727005004885,2.743593454360962,24.026222229003903,1.3660366535186768,2.524381637573242,-0.3085352480411529,0.0,0.0
1730046254.8684366,0.2133527189061616,-0.6789545799778748,-0.1486917599466432,-2.2484459717714227,-0.0570625759435383,1.5916305397975636,0.8741686799969929,0.0317084640264511,0.0317084640264511,-0.2215565717039972,-0.0963522620219539,0.1557398782625084,-0.0897251487654912,0.0485750522017075,-0.0198696063790976,-0.0624580874009302,0.0,0.0,-0.722413182258606,-9.521913528442385,2.481752634048462,23.768348693847656,1.2213833332061768,2.414518356323242,-0.2783228456974029,0.0,0.0
1730046254.9018571,0.2059845234586731,-0.6824351279802576,-0.1434277191134965,-2.2518279847047773,-0.0554472773213447,1.5911037659619025,0.871950335716222,0.0317084640264511,0.0317084640264511,-0.2104182378458188,-0.1077567113363529,0.1497024135757902,-0.1052069280269853,0.0511806796059394,-0.0188776420492627,-0.0630022959054871,0.0,0.0,-0.1630259603261947,-9.220399856567385,2.818971872329712,23.320045471191406,1.3660366535186768,2.394376754760742,-0.2270533293485641,0.0,0.0
1730046254.935102,0.1988015002540731,-0.6861124912050713,-0.138417149123109,-2.2551791457479453,-0.0536661894123068,1.5907178612580384,0.8700779121136957,0.0317084640264511,0.0317084640264511,-0.2159416524236662,-0.1046775505061209,0.1539108549566944,-0.0959128778923078,0.0552952906691657,-0.0127863067972629,-0.0588714989385155,0.0,0.0,-0.0876475423574447,-8.498353958129883,2.707887887954712,23.355751037597656,1.3303310871124268,2.384305953979492,-0.3598047792911529,0.0,0.0
1730046254.9684355,0.1916365359082538,-0.689669994158246,-0.1334506962234004,-2.2583849276347188,-0.0520638624508031,1.5901977531699487,0.8679989401652297,0.0317084640264511,0.0317084640264511,-0.2165664473990708,-0.099585916484648,0.1546264400193876,-0.0877630670671048,0.0535665349762103,-0.0185433428785018,-0.0540375133828475,0.0,0.0,-0.3137828111648559,-8.649110794067383,2.783266305923462,24.065895080566406,1.3211758136749268,2.554594039916992,-0.3497339785099029,0.0,0.0
1730046255.0017686,0.1841311848990104,-0.6931759104917683,-0.1280443258749675,-2.2615799602429854,-0.0503836955221337,1.5897136002915235,0.8657379938461907,0.0317084640264511,0.0317084640264511,-0.2179814211434527,-0.1041920898244009,0.1600136582694378,-0.0948388225490632,0.0456232766763562,-0.0117522738212018,-0.0709996916369874,0.0,0.0,-0.3494883775711059,-8.764162063598633,2.065187692642212,23.50650787353516,1.3211758136749268,2.404447555541992,-0.2581812441349029,0.0,0.0
1730046255.0351012,0.1771230363013672,-0.6966832406805993,-0.1229248326283907,-2.2648271734075527,-0.0488991453877198,1.5893860528758508,0.8631467413933712,0.0317084640264511,0.0317084640264511,-0.2151988074531508,-0.1129988974270361,0.146776018913251,-0.0973886668129264,0.0460391127356091,-0.0064362846093284,-0.0878131142857946,0.0,0.0,-0.611329197883606,-8.498353958129883,2.215944528579712,23.466835021972656,1.2845547199249268,2.374235153198242,-0.2984644472599029,0.0,0.0
1730046255.068484,0.1695608410427319,-0.7003393097478138,-0.1176981415204999,-2.26837054512572,-0.0470753868186458,1.5889294195499677,0.8602623326887567,0.0317084640264511,0.0317084640264511,-0.2173791266772891,-0.1025671147219422,0.1448662843334546,-0.1025454121513708,0.0561356907179045,-0.0114581869640993,-0.0816266059713821,0.0,0.0,-0.2741099596023559,-8.232545852661133,2.366701364517212,23.879432678222656,1.2039883136749268,2.504240036010742,-0.3085352480411529,0.0,0.0
1730046255.1017077,0.1624950945747757,-0.7036763656371012,-0.1127118937104396,-2.271776610957853,-0.0456909212124252,1.588410983318655,0.8574914530670801,0.0317084640264511,0.0317084640264511,-0.2182185105352884,-0.1011519926232052,0.1556061366512994,-0.0996208012751598,0.0486641489222627,-0.0189188430467225,-0.0785495418093419,0.0,0.0,-0.535950779914856,-8.422975540161133,1.954103708267212,24.101600646972656,1.2671597003936768,2.484098434448242,-0.2270533293485641,0.0,0.0
1730046255.1351027,0.1552496875501111,-0.7070355460980398,-0.1076124857817092,-2.275079428799844,-0.0443040196915965,1.5879651863195323,0.8550815087822662,0.0317084640264511,0.0317084640264511,-0.2143155798652956,-0.1023086165606057,0.1506711365902248,-0.0982390141721117,0.0428744687787963,-0.0137418461060843,-0.0648378196276025,0.0,0.0,-0.0876475423574447,-8.422975540161133,2.255617380142212,24.101600646972656,1.2845547199249268,2.494169235229492,-0.2984644472599029,0.0,0.0
1730046255.168522,0.1478516221702172,-0.7107731717695698,-0.1023344608999502,-2.278422921778912,-0.0427541585353569,1.5874838322564293,0.8530325487147702,0.0317084640264511,0.0317084640264511,-0.2236791601906022,-0.1226014749235449,0.1584158248435664,-0.10243092768012,0.0569537909665138,-0.0054343424864099,-0.0561811420353313,0.0,0.0,-0.535950779914856,-7.700929164886475,1.652590036392212,23.280372619628903,1.2039883136749268,2.434659957885742,-0.2883936464786529,0.0,0.0
1730046255.201727,0.1406815082282073,-0.7143991051931255,-0.0973440359139832,-2.281631446641021,-0.0409841288949946,1.587073870122382,0.8512216131990833,0.0317084640264511,0.0317084640264511,-0.2130499319408974,-0.1072182760563879,0.1579913734621111,-0.1046357513257652,0.0471274846864554,-0.0071642523875494,-0.0570432378598566,0.0,0.0,-0.1987315267324447,-7.776307582855225,2.140566110610962,23.391456604003903,1.2937099933624268,2.404447555541992,-0.2481104582548141,0.0,0.0
1730046255.235102,0.1337109694633005,-0.717762651233152,-0.0924109350970914,-2.2847561026759253,-0.0394921381234755,1.586699305350889,0.8489568365996546,0.0317084640264511,0.0317084640264511,-0.2204650194726874,-0.105634537459867,0.1503126066174817,-0.0929504790579733,0.0333094632984416,-0.0101987069913159,-0.0760286021630915,0.0,0.0,-0.651002049446106,-7.966737270355225,1.763674020767212,24.176979064941406,1.1856777667999268,2.544523239135742,-0.2581812441349029,0.0,0.0
1730046255.2684393,0.1263558358892945,-0.7213383629167666,-0.0871351627679009,-2.2881566725317546,-0.038224350125826,1.5863354249815602,0.846920338426763,0.0317091196775436,0.0317091196775436,-0.2107603380288251,-0.1141305884788865,0.1557870026206703,-0.1048048995008876,0.0388248709616319,-0.0048427570600926,-0.0686521444045668,0.0,0.0,-0.500245213508606,-8.006410598754883,1.351076364517212,24.25235748291016,1.2039883136749268,2.563749313354492,-0.2883936464786529,0.0,0.0
1730046255.301771,0.1188513029367812,-0.7249415511923394,-0.0819483209727947,-2.291568959572712,-0.0366883133682709,1.585935131298128,0.8444002261934453,0.0317091196775436,0.0317091196775436,-0.228075205397829,-0.1102636966483916,0.1454666500753357,-0.0951543422578558,0.0468654231219801,-0.0045560004775248,-0.0802485021071207,0.0,0.0,0.0234364420175552,-7.474793910980225,1.878725290298462,23.466835021972656,1.3028652667999268,2.374235153198242,-0.2984644472599029,0.0,0.0
1730046255.335104,0.1117258221748414,-0.72836350794985,-0.0769105029470311,-2.2950298517609355,-0.0350647121179066,1.585596406997096,0.8414706918379175,0.0317091196775436,0.0317091196775436,-0.2195317890399996,-0.1053389971142221,0.1518412533119485,-0.1154007102831563,0.0590227283191108,-0.0060921483168577,-0.0928917033297828,0.0,0.0,-0.611329197883606,-7.625550746917725,1.462160348892212,23.990516662597656,1.2845547199249268,2.474027633666992,-0.3085352480411529,0.0,0.0
1730046255.3684404,0.1046187718889046,-0.7316773707636814,-0.0716692667373864,-2.298425073014862,-0.0332556836353841,1.5851077180773068,0.8384237733168857,0.0317091196775436,0.0317091196775436,-0.2156230826336135,-0.1008814312630096,0.1617706031465396,-0.0937729795104347,0.0533940444732904,-0.0115474127680916,-0.082950286577495,0.0,0.0,-0.4605723619461059,-7.966737270355225,1.236025094985962,23.72867584228516,1.2213833332061768,2.404447555541992,-0.3195215761661529,0.0,0.0
1730046255.401865,0.0973362302325384,-0.7352715075846249,-0.0664321932200564,-2.30187107706894,-0.0317235349202137,1.5846695475011865,0.8359295017067716,0.0317091196775436,0.0317091196775436,-0.2197452062857777,-0.10807107041525,0.1527820606459249,-0.1010423996910119,0.0460857257049881,-0.0122549872233051,-0.0716019817355958,0.0,0.0,-0.988221287727356,-7.665223598480225,1.124941110610962,24.327735900878903,1.2213833332061768,2.494169235229492,-0.2481104582548141,0.0,0.0
1730046255.4351032,0.0899841541727463,-0.738896815603916,-0.0613826538580748,-2.305064216952204,-0.030396057959479,1.5842049029133394,0.8336909401666417,0.0317091196775436,0.0317091196775436,-0.2114581834831987,-0.1065349913134105,0.1455221692238611,-0.0972136936407259,0.0421915469981652,-0.0082548659896178,-0.0660567482781854,0.0,0.0,-0.2384043782949447,-7.018556118011475,1.009889841079712,23.542213439941406,1.3303310871124268,2.434659957885742,-0.2682520449161529,0.0,0.0
1730046255.468524,0.0826160838136185,-0.7425880038976744,-0.0562472762220882,-2.308347537064828,-0.0288015547662211,1.583848303956124,0.8315683548951235,0.0317081362009048,0.0317081362009048,-0.2205424938101111,-0.1118324206391666,0.1510477998421379,-0.1006483445128276,0.0515919230026175,-0.004174747934205,-0.0597483432480926,0.0,0.0,-0.797791600227356,-7.058228969573975,0.8591330647468567,23.653297424316406,1.2039883136749268,2.504240036010742,-0.2783228456974029,0.0,0.0
1730046255.5018485,0.0753216315252219,-0.7461228720197517,-0.0510376091329069,-2.311625353973614,-0.0269770880838233,1.583355917211605,0.8294364031900805,0.0317081362009048,0.0317081362009048,-0.2111235509066742,-0.1064253164955448,0.1630866853864581,-0.0975249543649717,0.0404814609059092,-0.0170650019967294,-0.0722232947438078,0.0,0.0,-0.535950779914856,-7.284364223480225,0.8234274983406067,24.25235748291016,1.3211758136749268,2.494169235229492,-0.3295923769474029,0.0,0.0
1730046255.5351028,0.0682208410752803,-0.7495115115688843,-0.0459596808059093,-2.314725846298995,-0.0254485366329771,1.582823283253019,0.8272999056428497,0.0317081362009048,0.0317081362009048,-0.2189536317264107,-0.0978223906569981,0.1551433932417043,-0.0953342763824828,0.0433072157503397,-0.0116548960251953,-0.0738626136415127,0.0,0.0,-0.611329197883606,-7.058228969573975,1.009889841079712,23.879432678222656,1.2213833332061768,2.463956832885742,-0.2682520449161529,0.0,0.0
1730046255.568454,0.0610789277160104,-0.7529435387196203,-0.0410646548468014,-2.317950785229947,-0.0239525799432914,1.5824310654980944,0.8249264741712102,0.0317081362009048,0.0317081362009048,-0.2104062362335328,-0.1080838783873025,0.1510948512056445,-0.094612563327128,0.0548787424070093,-0.0092193715683881,-0.077071751017877,0.0,0.0,-0.535950779914856,-6.677369594573975,0.9741843342781068,23.466835021972656,1.1948330402374268,2.434659957885742,-0.2270533293485641,0.0,0.0
1730046255.6018164,0.0535589836145596,-0.7563989371262435,-0.035782033400395,-2.3213868191440943,-0.0220968779648425,1.5819556418698872,0.8219813127027704,0.0317081362009048,0.0317081362009048,-0.2138855788620035,-0.105914313857128,0.1546637263221024,-0.093424450063891,0.0491598960604293,-0.0172775737004279,-0.0770937655208357,0.0,0.0,-0.611329197883606,-6.943177700042725,0.4465354084968567,23.692970275878903,1.2213833332061768,2.443815231323242,-0.3195215761661529,0.0,0.0
1730046255.635103,0.046538280944571,-0.7599287998185318,-0.0307798829196157,-2.324946351567394,-0.0205471694563174,1.5814505526670697,0.8189658375204,0.0317081362009048,0.0317081362009048,-0.221089592770626,-0.1079184846663777,0.1479875485627377,-0.1063983964540603,0.0383407566169248,-0.0191878917726932,-0.0807293102129254,0.0,0.0,-0.651002049446106,-6.641664028167725,0.6726706624031067,24.101600646972656,1.2213833332061768,2.484098434448242,-0.3195215761661529,0.0,0.0
1730046255.6684391,0.0392414261873972,-0.7635634035971003,-0.0256387601562392,-2.328199988097793,-0.0192178697348627,1.5807929477814788,0.8163954722702204,0.0317081362009048,0.0317081362009048,-0.2178911101511855,-0.1098770508570219,0.1601164444060075,-0.093491775914234,0.0283320611433028,-0.0205123808068516,-0.0686946490928237,0.0,0.0,-0.3891612291336059,-6.336183071136475,0.4465354084968567,24.026222229003903,1.2131435871124268,2.494169235229492,-0.2481104582548141,0.0,0.0
1730046255.7017715,0.0319767234174663,-0.767185279703626,-0.0203449990631516,-2.3314048235637137,-0.0177344313887015,1.5802491051100385,0.8145224641309473,0.0317081362009048,0.0317081362009048,-0.2144332971059788,-0.1077651278260527,0.1638460018337199,-0.099860268065122,0.0482386808794272,-0.012798341996205,-0.052029775854335,0.0,0.0,-0.686707615852356,-6.260804653167725,0.2204001396894455,23.50650787353516,1.2039883136749268,2.463956832885742,-0.2984644472599029,0.0,0.0
1730046255.7351034,0.0247083420566776,-0.7706652558700356,-0.0151513049405478,-2.334674557171117,-0.0161830815227085,1.579938869433359,0.8127536579182421,0.0317081362009048,0.0317081362009048,-0.2274586686077569,-0.1084168415268018,0.1562328867345902,-0.0959050135174368,0.0495353221574706,-0.0116401396912963,-0.0457967659428579,0.0,0.0,-0.2384043782949447,-6.451234340667725,0.3711569905281067,23.280372619628903,1.1948330402374268,2.364164352416992,-0.3195215761661529,0.0,0.0
1730046255.7683997,0.0172403474175858,-0.7743502534169836,-0.009884751826427,-2.338310410103963,-0.0143487871696768,1.579475510545604,0.8104702948101262,0.0317081362009048,0.0317081362009048,-0.2203226381241357,-0.1065052529467971,0.1491154582051516,-0.1049136924039107,0.0548772885005799,-0.0185851073306575,-0.0730769883012691,0.0,0.0,-0.575623631477356,-6.411561489105225,-0.0454079657793045,24.14127349853516,1.1765224933624268,2.484098434448242,-0.2682520449161529,0.0,0.0
1730046255.8017707,0.0100238644828358,-0.7777727292048837,-0.004944702213651,-2.341472454216061,-0.0125578826777116,1.5788428695648409,0.8082053238017393,0.0317081362009048,0.0317081362009048,-0.2050954946958099,-0.0993050655614127,0.1440311413807476,-0.0932622109973005,0.0447588062701693,-0.0124494112963202,-0.0663882712555497,0.0,0.0,-0.0519419759511947,-6.034669399261475,0.2957785725593567,23.542213439941406,1.2845547199249268,2.443815231323242,-0.2481104582548141,0.0,0.0
1730046255.835103,0.0032899647033124,-0.7809466022002596,-0.0002141102359654,-2.344477796747341,-0.0112601297991744,1.5784590634851343,0.8059905465956809,0.0317081362009048,0.0317081362009048,-0.1872717921472368,-0.0888750822517751,0.1354136622433331,-0.083592275124149,0.0293783301028783,-0.0147973734537611,-0.0659617206149381,0.0,0.0,-0.3137828111648559,-5.614137172698975,-0.3469216227531433,23.804054260253903,1.2039883136749268,2.524381637573242,-0.2984644472599029,0.0,0.0
1730046255.86844,-0.0017588588073154,-0.7836534949880359,0.0034808552509208,-2.347107718499238,-0.0103651366483584,1.5780042851659266,0.8040253381725075,0.0317081362009048,0.0317081362009048,-0.1265089064018106,-0.0739659635983061,0.0893103281028272,-0.0639308149577542,0.0263640217918348,-0.0206452342126846,-0.050610780057563,0.0,0.0,0.1741932779550552,-5.427674770355225,-0.4580056071281433,24.216651916503903,1.1948330402374268,2.604032516479492,-0.2270533293485641,0.0,0.0
1730046255.901822,-0.0050901802911963,-0.7857127329618876,0.006022398464325,-2.349000176484187,-0.0096428166462894,1.5774846787388423,0.8025013255136623,0.0317081362009048,0.0317081362009048,-0.0848362167352735,-0.0449979916094084,0.0623626759682682,-0.040509039536053,0.0112238059056491,-0.0175128396144875,-0.0346842373322089,0.0,0.0,-0.0519419759511947,-5.197572231292725,-0.4223000407218933,23.915138244628903,1.2488491535186768,2.573820114135742,-0.2984644472599029,0.0,0.0
1730046255.9351032,-0.0070185307241675,-0.7868703774417052,0.0074303987130689,-2.349820344411416,-0.0091652624153679,1.577107935767085,0.8015795459343923,0.0317081362009048,0.0317081362009048,-0.0430729155568296,-0.0251683267694393,0.0314088643787542,-0.0078694497250151,0.0109760545287509,-0.0086403947137617,-0.0211454459982902,0.0,0.0,-0.2741099596023559,-5.272950649261475,-0.8348976969718933,24.065895080566406,1.2039883136749268,2.604032516479492,-0.3195215761661529,0.0,0.0
1730046255.9684386,-0.0074720936807008,-0.7872322084306875,0.0077948279449338,-2.349916635735652,-0.0090261303690305,1.5770038305008776,0.8012270368314819,0.0317081362009048,0.0317081362009048,0.0020648136517355,-0.0024002279879904,-0.0036794786163032,0.0060504430283315,-0.008788372502768,0.0017835533539959,0.002425286547865,0.0,0.0,-0.3137828111648559,-4.058961391448975,-0.6841408610343933,22.197303771972656,0.861581027507782,2.434659957885742,-0.1968409270048141,0.0,0.0
1730046256.0017707,-0.0074272261900901,-0.7870454180127123,0.0077007569505409,-2.350438755948439,-0.0092192770889537,1.5770047571111918,0.8013364424426512,0.0317081362009048,0.0317081362009048,-0.0082376545297008,0.0106463171211492,-0.0090683346457905,-0.0197146040738959,-0.0073172467599667,0.0011749174879422,0.004698277761994,0.0,0.0,-0.0876475423574447,-4.896058559417725,-0.3826271891593933,23.018531799316406,0.942147433757782,2.443815231323242,-0.1867701262235641,0.0,0.0
1730046256.035107,-0.0074187796105425,-0.7864310918847384,0.0075961869868963,-2.351126580669631,-0.0093104064119901,1.576962971182392,0.801420318641187,0.0317081362009048,0.0317081362009048,-0.0011517697092993,0.0224012000291121,-0.002816901868322,-0.0175562822587451,0.0005816237641472,-0.0010112048937955,-0.0013507234210513,0.0,0.0,-0.1630259603261947,-5.427674770355225,-0.3826271891593933,23.581886291503903,0.915597140789032,2.514310836791992,-0.1052881926298141,0.0,0.0
1730046256.0684366,-0.0074236947009961,-0.7857065690344394,0.0074988484154069,-2.3517715267328647,-0.0093194186608729,1.5769410242202029,0.8014782046277092,0.0317081362009048,0.0317081362009048,-0.0009074803386196,0.0190637006531315,0.0018531465240353,-0.013392366414835,-4.051208983005416e-05,0.0002975222273111,-0.0009543597137611,0.0,0.0,-0.1233531087636947,-5.768861293792725,-0.4580056071281433,24.026222229003903,0.924752414226532,2.514310836791992,-0.1153589934110641,0.0,0.0
1730046256.1017692,-0.0074219754377945,-0.7851080281181009,0.0074502311189187,-2.3522700001007104,-0.00932672115401,1.5769166414066178,0.80151023810793,0.0317081362009048,0.0317081362009048,0.0017557086665153,0.0155943446275938,-0.0008538102064735,-0.0127425791365038,0.0001846800940579,-0.0007229224627881,0.0015166954715607,0.0,0.0,-0.1630259603261947,-6.070374965667725,-0.4976784586906433,24.101600646972656,0.932992160320282,2.514310836791992,-0.1766993254423141,0.0,0.0
1730046256.1351051,-0.0074135165369084,-0.7847512831566481,0.0074601568588099,-2.352510120230308,-0.0093290590229548,1.5768835280689713,0.8015176702610503,0.0317081362009048,0.0317081362009048,0.0011194550201428,0.0074097683599174,-0.0066156806552841,-0.0041848696852743,5.984510175794888e-06,-0.0018959960805274,-0.0012832110058303,0.0,0.0,-0.2384043782949447,-5.879945278167725,-0.6087624430656433,24.101600646972656,0.924752414226532,2.524381637573242,-0.1153589934110641,0.0,0.0
1730046256.1684256,-0.0074162739507461,-0.7847046985418135,0.0074611581861265,-2.3525496719537635,-0.0093263380593348,1.576865279530737,0.8015284616527868,0.0317081362009048,0.0317081362009048,0.0001710747359113,-0.0004416985925159,-0.000986428098122,-0.0038932136603498,1.182944024407642e-05,2.910585702974396e-05,-0.000698922915985,0.0,0.0,-0.1987315267324447,-5.693482875823975,-0.5730568766593933,23.990516662597656,0.924752414226532,2.514310836791992,-0.1254297941923141,0.0,0.0
1730046256.201707,-0.0074162739507461,-0.7847723164277461,0.0074569688267086,-2.352535224711968,-0.0093249131282888,1.5768624129825166,0.801531097615641,0.0317078083753585,0.0317078083753585,0.0006122836253284,-0.0005386622618946,0.0024311460455083,0.0004795795835382,0.0006100260347,-0.0002723313361778,-0.0014235974970421,0.0,0.0,-0.1987315267324447,-5.122193813323975,-0.6087624430656433,23.768348693847656,0.915597140789032,2.484098434448242,-0.1052881926298141,0.0,0.0
1730046256.2351034,-0.0074089353703122,-0.7845950028696569,0.0074239915155103,-2.3527343333325588,-0.0093456634149,1.5768488694059482,0.8015460462162309,0.0317078083753585,0.0317078083753585,0.0010273663872146,0.0153685140455399,-0.0025688341819911,-0.0116661379064765,9.696547921177004e-06,-0.0041616308191705,-0.001061178035713,0.0,0.0,-0.1987315267324447,-4.364442348480225,-0.6087624430656433,23.72867584228516,0.888131320476532,2.644315719604492,-0.1254297941923141,0.0,0.0
1730046256.2684383,-0.0074144618120826,-0.7837303884463469,0.007356318475683,-2.3528197026552724,-0.0093643517436412,1.5768648522302349,0.8015574541096311,0.0317078083753585,0.0317078083753585,0.000191751342434,0.0376495718148648,-0.0008489889580613,0.0002345733244682,0.0001893323822268,0.000404363381655,0.0014402320716979,0.0,0.0,-0.1233531087636947,-4.098634243011475,-0.5333840250968933,23.391456604003903,0.888131320476532,2.544523239135742,-0.1666285246610641,0.0,0.0
1730046256.3017693,-0.0074151681005378,-0.7819552176370428,0.007329485024677,-2.352745021959729,-0.0093727276285147,1.5768842446461893,0.8015665197221805,0.0317078083753585,0.0317078083753585,-0.0003628911906733,0.0667013182098629,0.0002539926097948,0.0041140878212931,-0.0002438493134564,-0.0007875650946492,0.0003443769948104,0.0,0.0,-0.1233531087636947,-3.947877407073975,-0.6087624430656433,23.990516662597656,0.915597140789032,2.664457321166992,-0.1666285246610641,0.0,0.0
1730046256.3351088,-0.0074055845520037,-0.7792472046091755,0.0073394254614748,-2.3522364913834357,-0.0093707656820799,1.5769773153028916,0.801560941191158,0.0317081362009048,0.0317081362009048,-0.0016939546806304,0.0938367642359485,0.0011648492110835,0.0268030367186123,-4.010788913427058e-05,0.000614671453955,-0.0011776410269029,0.0,0.0,-0.1233531087636947,-4.364442348480225,-0.7238137125968933,24.327735900878903,0.906441867351532,2.723966598510742,-0.1153589934110641,0.0,0.0
1730046256.3685153,-0.0073970989502577,-0.7753314357023805,0.007334772898294,-2.3509024787129555,-0.0093746625194677,1.577528990572931,0.8015642918489966,0.0317081362009048,0.0317081362009048,-1.4194915335381137e-06,0.1272466805789669,0.0003058239605639,0.0491783633394607,-0.0006530184917254,0.0222648078440957,-0.0014766985996799,0.0,0.0,-0.1987315267324447,-5.086488246917725,-0.6841408610343933,24.88712310791016,0.932992160320282,2.803617477416992,-0.1052881926298141,0.0,0.0
1730046256.40177,-0.0073970200407903,-0.7706765648915213,0.0073328605145619,-2.3488985231515778,-0.0093758461687659,1.578566429146769,0.8015687619298906,0.0317081362009048,0.0317081362009048,0.0013159808506938,0.1556080610245221,0.0002159558800443,0.0692532558334121,-0.0004809030735081,0.0349916697313323,0.0005896037629521,0.0,0.0,-0.1987315267324447,-5.046815395355225,-0.6484352946281433,24.700660705566406,0.932992160320282,2.833829879760742,-0.1455713957548141,0.0,0.0
1730046256.435103,-0.0073964087706255,-0.7650743108531213,0.0073082442876321,-2.3461449898583555,-0.0093727293172545,1.5798496779441882,0.8015725845942645,0.0317081362009048,0.0317081362009048,0.0012627379837763,0.1765487638192512,-0.0028222571888942,0.0880776106589738,4.348113402870265e-05,0.0490064770354356,0.0026741580476321,0.0,0.0,-0.1630259603261947,-5.312623500823975,-0.4223000407218933,24.438819885253903,0.915597140789032,2.903409957885742,-0.1766993254423141,0.0,0.0
1730046256.4683888,-0.0073988318579521,-0.7588396660487824,0.0072865588983194,-2.3427670486387373,-0.0093727298557482,1.581693990443962,0.8015702037051504,0.0317078083753585,0.0317078083753585,-0.0008599076469741,0.1900544792311928,-0.0005176344415489,0.1164823711723499,0.0008141710986647,0.0622505465565361,-0.0003038795339745,0.0,0.0,-0.0876475423574447,-5.388001918792725,-0.5333840250968933,25.037879943847656,0.915597140789032,3.023344039916992,-0.1556421965360641,0.0,0.0
1730046256.5017865,-0.0073922664932925,-0.7517795864891461,0.0072841318937185,-2.338205997424359,-0.0093755770720493,1.584005822982239,0.8015709887792584,0.0317078083753585,0.0317078083753585,0.0001764778364256,0.2189416607994741,-0.0017094345718468,0.1441679336610741,9.897392380174384e-05,0.0734528917621074,0.0003003120384249,0.0,0.0,-0.1630259603261947,-5.729188442230225,-0.5730568766593933,24.327735900878903,0.951302707195282,2.903409957885742,-0.1666285246610641,0.0,0.0
1730046256.535112,-0.0073897009573981,-0.7443301200448162,0.0072843381093537,-2.333663060817008,-0.0093697251265567,1.5870052018978973,0.8015709706260361,0.0317078083753585,0.0317078083753585,0.0016351847829979,0.222159253580688,-0.0003719537541797,0.1232931584340483,-0.0002886948914976,0.0775711357379742,0.0008244092420218,0.0,0.0,-0.1630259603261947,-6.601991176605225,-0.5730568766593933,24.625282287597656,0.960457980632782,2.843900680541992,-0.1666285246610641,0.0,0.0
1730046256.568472,-0.007381200619153,-0.7364474769064464,0.007292465031079,-2.329173454478408,-0.0093681278547118,1.5897175126846508,0.8015677573334726,0.0317078083753585,0.0317078083753585,0.0016578943041078,0.2157790626009678,0.001199064874809,0.1379737276689099,-0.0001083564060785,0.0763427440766199,0.0007802612630181,0.0,0.0,-0.1987315267324447,-7.018556118011475,-0.7238137125968933,24.736366271972656,0.960457980632782,2.913480758666992,-0.1766993254423141,0.0,0.0
1730046256.6017702,-0.007367991167094,-0.7289963687960508,0.0072730208195698,-2.3248023212572813,-0.0093653673381269,1.5923641561668638,0.8015654213522321,0.0317078083753585,0.0317078083753585,0.0023946398288416,0.2191819364482105,-0.0010661216293372,0.1368059925538366,-0.0003582389354085,0.0822466284572063,0.0004290054993876,0.0,0.0,-0.0519419759511947,-6.828126430511475,-0.4580056071281433,24.403114318847656,0.978768527507782,2.903409957885742,-0.1556421965360641,0.0,0.0
1730046256.6351128,-0.0073661967040924,-0.7215672551082964,0.0072567962907142,-2.3207952527687072,-0.0093652755461311,1.5953556321503122,0.8015594688350405,0.0317081362009048,0.0317081362009048,-0.0004152877724664,0.2189581284198115,-0.0012140263975146,0.1143062844048624,-0.0007032466976441,0.0842804097806273,-0.0011060488955716,0.0,0.0,-0.0519419759511947,-7.966737270355225,-0.4580056071281433,24.66495513916016,0.987923800945282,2.813688278198242,-0.1052881926298141,0.0,0.0
1730046256.6684382,-0.0073709075757473,-0.7139988744128097,0.0072228080581904,-2.316920014698299,-0.0093662486412119,1.5980828028155367,0.8015688712352765,0.0317081362009048,0.0317081362009048,-0.0015882460609444,0.2256400290098011,-0.0003770486300461,0.118803013810953,-0.0002584295771059,0.0721817176804399,0.0020154273113504,0.0,0.0,0.0234364420175552,-7.891358852386475,-0.4580056071281433,25.260047912597656,0.987923800945282,3.033414840698242,-0.1867701262235641,0.0,0.0
1730046256.701785,-0.0073576474978835,-0.7064403134883376,0.0072175496228604,-2.31251590624456,-0.0093615911034221,1.6008886814851289,0.8015574088259735,0.0317081362009048,0.0317081362009048,0.0016535141208256,0.2143719538393104,0.0083390784256593,0.1345630196736225,2.2367435816892616e-05,0.0842451557490555,-0.0015787682801247,0.0,0.0,-0.1233531087636947,-7.815980434417725,-0.5333840250968933,24.922828674316406,0.987923800945282,2.913480758666992,-0.1153589934110641,0.0,0.0
1730046256.7351117,-0.0073417871440414,-0.6994837573182462,0.0072204853000176,-2.308068175075247,-0.0093474376803289,1.60393339126628,0.8015641088461306,0.0317081362009048,0.0317081362009048,0.0005778667969057,0.2060378316892459,0.0007783471797771,0.1232266704654011,0.0038689439418606,0.0988571055276431,0.0013156077317691,0.0,0.0,-0.1233531087636947,-7.931031703948975,-0.6087624430656433,24.47452545166016,0.978768527507782,2.803617477416992,-0.1867701262235641,0.0,0.0
1730046256.768438,-0.0073387753022823,-0.692399340389298,0.0072154851206746,-2.3037997570200464,-0.009348165525668,1.6067455831894732,0.801562988300324,0.0317081362009048,0.0317081362009048,-0.0022939331620623,0.2105505964849816,-0.0005215249589647,0.1277633246863198,0.002121910074855,0.0818300150079942,0.0014189472263874,0.0,0.0,0.0631092935800552,-8.232545852661133,-0.5730568766593933,24.549903869628903,0.996163547039032,2.813688278198242,-0.1766993254423141,0.0,0.0
1730046256.8017666,-0.0073232079047066,-0.6848920894229034,0.0072100898999832,-2.299326984998755,-0.009345319648473,1.6093775644135515,0.8015561726540327,0.0317081362009048,0.0317081362009048,-0.0005429739482529,0.2226018981844016,-0.0001150915174112,0.1273091231856356,0.0089796348526946,0.0737175701317883,-0.0012973201856729,0.0,0.0,0.0234364420175552,-8.688783645629883,-0.5333840250968933,24.327735900878903,1.0236294269561768,2.783475875854492,-0.1153589934110641,0.0,0.0
1730046256.835114,-0.0073200119129356,-0.6779677819506937,0.0071956695997945,-2.295171501146412,-0.009342613464929,1.6120625001044009,0.8015651719302702,0.0317081362009048,0.0317081362009048,-0.0005522742771285,0.205019211948717,0.0002165212319122,0.1238015881476085,-0.0013566952070371,0.0788657369529678,0.0016922459430136,0.0,0.0,0.0234364420175552,-8.157167434692383,-0.4223000407218933,24.327735900878903,1.0327847003936768,2.833829879760742,-0.1968409270048141,0.0,0.0
1730046256.8684378,-0.0073136601607024,-0.6709420790214738,0.0071864311085267,-2.290938487546036,-0.0093346176939834,1.6147933240233057,0.8015590591172358,0.0317081362009048,0.0317081362009048,-0.0003020931334297,0.2223530767926954,0.0010809378235285,0.1322846156262724,-0.0005294549334487,0.0796829699247056,-0.0007957921542642,0.0,0.0,0.0234364420175552,-9.145021438598633,-0.5333840250968933,24.922828674316406,1.0327847003936768,2.943693161010742,-0.1556421965360641,0.0,0.0
1730046256.9017663,-0.0072941073433045,-0.6632825464327977,0.0071887555331444,-2.286489669902571,-0.009325023939981,1.6178597941097843,0.8015571008970339,0.0317081362009048,0.0317081362009048,0.0015489925616278,0.2221048039058185,0.000717585650092,0.1278442279627445,-0.000187545112342,0.0879379933899796,0.0007847526629487,0.0,0.0,-0.0876475423574447,-9.105348587036133,-0.6087624430656433,24.77603912353516,1.0327847003936768,2.884183883666992,-0.1666285246610641,0.0,0.0
1730046256.9351137,-0.0072855498699197,-0.6559817449410767,0.0071890870421278,-2.282216691054996,-0.0093080891717579,1.620982332541462,0.8015558399607746,0.0317081362009048,0.0317081362009048,-8.139769291665826e-05,0.2154694887208543,0.0006998907542205,0.1220384562026645,9.28286095464818e-05,0.0976287248104298,-0.0007777618713692,0.0,0.0,-0.0122691243886947,-9.371156692504885,-0.5730568766593933,24.625282287597656,1.0236294269561768,2.793546676635742,-0.1556421965360641,0.0,0.0
1730046256.968475,-0.0072546939975493,-0.6487874086197718,0.0071872216384166,-2.277797698569954,-0.0092966035789356,1.624020193290293,0.801545518479067,0.0317081362009048,0.0317081362009048,0.0020683113825418,0.2141596684867923,-0.0004155434655722,0.1310260084322404,0.004766150833474,0.0884220739569966,-0.002006971107158,0.0,0.0,-0.0876475423574447,-9.105348587036133,-0.5333840250968933,24.736366271972656,1.0501797199249268,2.943693161010742,-0.1052881926298141,0.0,0.0
1730046257.0017686,-0.0072408115783274,-0.6415696014974462,0.0071712049170506,-2.2733112051503865,-0.0092806856307214,1.6265738539620538,0.8015544557415679,0.0317081362009048,0.0317081362009048,0.0005640471751188,0.2176426138615419,-0.004388422409363,0.1270667064888206,0.0007427783724898,0.0792473885685276,0.0016386305423383,0.0,0.0,-0.0122691243886947,-10.128908157348633,-0.3469216227531433,24.589576721191406,1.0501797199249268,2.793546676635742,-0.1867701262235641,0.0,0.0
1730046257.035112,-0.0072400803333312,-0.6342868398964018,0.0071690391226209,-2.2692635440362343,-0.0092771256491602,1.629335681275729,0.8015544512718916,0.0317081362009048,0.0317081362009048,-0.0009146108798867,0.2147403475796875,-0.0017594132657479,0.1198119764133568,-0.0001933148942914,0.0826436120028923,0.0015224431248507,0.0,0.0,0.0988148599863052,-10.093202590942385,-0.4223000407218933,24.549903869628903,1.0776455402374268,2.764249801635742,-0.1867701262235641,0.0,0.0
1730046257.068497,-0.0072210734165288,-0.6269938206269288,0.0071731956123747,-2.265182786773937,-0.0092556328722846,1.6319813983117477,0.8015496778812568,0.0317081362009048,0.0317081362009048,-0.0003895147349853,0.2098363214544704,0.001860611651635,0.1337505849035094,0.0005423829363357,0.0803306803074884,0.0008437764921491,0.0,0.0,0.0234364420175552,-10.128908157348633,-0.5730568766593933,25.037879943847656,1.0684902667999268,2.943693161010742,-0.1766993254423141,0.0,0.0
1730046257.1017685,-0.0071900937620434,-0.6198360490416606,0.0071650253440573,-2.2607297649971176,-0.0092411342047041,1.6346959118089146,0.8015496829003096,0.0317081362009048,0.0317081362009048,0.0044605250173688,0.218524147981255,-0.0008713679573484,0.1332142292777973,-5.0353954775272445e-05,0.0945394963503575,0.0006290559293482,0.0,0.0,0.0234364420175552,-10.850954055786133,-0.4580056071281433,24.514198303222656,1.0684902667999268,2.774320602416992,-0.1867701262235641,0.0,0.0
1730046257.1351123,-0.0071848052049022,-0.6125531523090268,0.0071654631010158,-2.256440884281005,-0.0092078021183407,1.6377634072216658,0.8015482102231506,0.0317081362009048,0.0317081362009048,-0.0017116692099244,0.2147809234889906,-0.0049716903678015,0.1117100157528963,4.672798734331116e-06,0.0927618074704919,0.0005828696982173,0.0,0.0,0.0988148599863052,-11.192140579223633,-0.4976784586906433,24.77603912353516,1.1408169269561768,2.744108200073242,-0.1766993254423141,0.0,0.0
1730046257.1685505,-0.0071577529624043,-0.6051233236208546,0.0071616534872126,-2.252292599567604,-0.0091924585211513,1.6410166779408255,0.8015403374303972,0.0317081362009048,0.0317081362009048,0.0017161230698037,0.2176225871640967,-0.0009421505576082,0.1244813263389036,0.0026390573980136,0.0884659712718203,0.0002706020950692,0.0,0.0,-0.0122691243886947,-11.457948684692385,-0.4976784586906433,25.224342346191406,1.1051113605499268,2.953763961791992,-0.1455713957548141,0.0,0.0
1730046257.2017684,-0.0071310663392932,-0.5980341057023054,0.0071584420972869,-2.24784332026555,-0.0091674667514581,1.6438882326080269,0.8015389693131452,0.0317081362009048,0.0317081362009048,0.0005656968202009,0.2160708604895376,-0.0011365020200673,0.142938357873721,0.0015256539836823,0.0838156036394641,8.526154497519904e-05,0.0,0.0,0.0631092935800552,-10.850954055786133,-0.4223000407218933,24.288063049316406,1.0959560871124268,2.774320602416992,-0.1666285246610641,0.0,0.0
1730046257.2351198,-0.0071263707314187,-0.5908613754422347,0.0071494236886138,-2.243485064762749,-0.0091386758740125,1.6466532605581856,0.8015379082014163,0.0317081362009048,0.0317081362009048,-0.0005110926812732,0.2156441903548058,0.0009623818032846,0.1197625161322524,0.0003422343485249,0.0855383915793952,1.287750832229185e-05,0.0,0.0,0.0988148599863052,-12.064943313598633,-0.4580056071281433,24.66495513916016,1.1051113605499268,2.744108200073242,-0.1666285246610641,0.0,0.0
1730046257.268445,-0.0071178530361507,-0.5835112362203071,0.0071403314907769,-2.2394616675200627,-0.0091200800031103,1.6492634103491874,0.8015367624856462,0.0317081362009048,0.0317081362009048,0.001407650375495,0.2285664057758617,0.0010669982374304,0.1239591755605235,0.0050095384808294,0.0789655794776538,0.0011667409325525,0.0,0.0,0.0234364420175552,-11.949892044067385,-0.4580056071281433,25.184669494628903,1.1408169269561768,2.884183883666992,-0.1867701262235641,0.0,0.0
1730046257.301768,-0.0071024090150597,-0.5760143161827828,0.0071416504405413,-2.2350363918624523,-0.0090922620764493,1.651844507373471,0.8015273836106064,0.0317081362009048,0.0317081362009048,0.0016040579553901,0.2188407678651264,0.0002580226215928,0.13000253697708,-0.0003098585477443,0.0727843596117446,-0.0027785532171859,0.0,0.0,0.0631092935800552,-12.330751419067385,-0.4976784586906433,24.962501525878903,1.1408169269561768,2.864042282104492,-0.1153589934110641,0.0,0.0
1730046257.3351004,-0.0070831948770127,-0.5689980215694076,0.0071368067622807,-2.230588126132748,-0.0090555505351727,1.6546665486155825,0.8015283123640489,0.0317081362009048,0.0317081362009048,-0.0014953097884904,0.2129248188376559,-0.0008306054642538,0.1281245387094564,0.0003284097376865,0.0890263809821199,9.5200411985653e-05,0.0,0.0,0.1384877115488052,-12.140321731567385,-0.4976784586906433,24.403114318847656,1.1225063800811768,2.793546676635742,-0.1666285246610641,0.0,0.0
1730046257.3684354,-0.0070572143739158,-0.5618629088853617,0.0071342593897193,-2.2263919935640155,-0.0090174251508684,1.6575742154078688,0.8015246639939716,0.0317081362009048,0.0317081362009048,0.0011588495110693,0.2158664383080903,-0.0062424888331156,0.1161745792127481,0.0024856418283666,0.0880682262926993,0.0009955591409999,0.0,0.0,0.0988148599863052,-13.163881301879885,-0.4580056071281433,24.851417541503903,1.1591274738311768,2.803617477416992,-0.1766993254423141,0.0,0.0
1730046257.4017692,-0.007038406610762,-0.5543086498769074,0.0071342331309762,-2.2220349932594576,-0.0090006085630824,1.660319743443821,0.8015141974767155,0.0317087918519973,0.0317087918519973,0.000523333684099,0.2208078030539716,0.0005632313014436,0.1298645226945253,-0.0009880438028015,0.0762493703792443,-0.0019449591138766,0.0,0.0,0.0631092935800552,-13.163881301879885,-0.4580056071281433,24.851417541503903,1.1856777667999268,2.754179000854492,-0.1254297941923141,0.0,0.0
1730046257.435102,-0.0070193272017229,-0.5472147451615993,0.0071281502613329,-2.217853937368881,-0.0089346935856224,1.6633100190400596,0.8015086132985206,0.0317087918519973,0.0317087918519973,0.0001611378347232,0.20802027614455,0.0001471865394478,0.122648166640633,0.0028974060868673,0.0935105960592747,-0.0016498511108016,0.0,0.0,0.0631092935800552,-12.671937942504885,-0.3826271891593933,24.700660705566406,1.1948330402374268,2.813688278198242,-0.1153589934110641,0.0,0.0
1730046257.4683802,-0.006999330397509,-0.5399001139849803,0.007126881828085,-2.213462580384713,-0.008890017874028,1.666111012688248,0.8015168514662473,0.0317087918519973,0.0317087918519973,-0.0001270506819201,0.2171812328152358,0.0007147944790579,0.1300134723424726,0.0008261020528381,0.0826338419280445,0.0014735540115939,0.0,0.0,0.0988148599863052,-13.810548782348633,-0.4580056071281433,24.66495513916016,1.1856777667999268,2.693754196166992,-0.1968409270048141,0.0,0.0
1730046257.5017688,-0.0069701701701848,-0.5324931942097894,0.0071193818557456,-2.20924936100668,-0.008835068047592,1.6687605707054498,0.8014997746053083,0.0317087918519973,0.0317087918519973,0.0002340024013385,0.2249313944504527,-0.0005562919872922,0.1238446212744693,0.0016407207185138,0.079632361573101,-0.0009315627940828,0.0,0.0,0.1384877115488052,-14.076356887817385,-0.3826271891593933,24.99820709228516,1.1673672199249268,2.813688278198242,-0.1254297941923141,0.0,0.0
1730046257.535101,-0.0069474853685228,-0.5252201490431362,0.0071205540838048,-2.20505688587102,-0.0088074116735259,1.671515355760284,0.801500701446759,0.0317087918519973,0.0317087918519973,-0.0003801459346789,0.2120973245814643,-0.0011795547555853,0.117621957931156,0.005526130527308,0.0900075517422625,8.260417042327675e-05,0.0,0.0,0.2098988443613052,-14.227113723754885,-0.3826271891593933,24.700660705566406,1.1673672199249268,2.713895797729492,-0.1766993254423141,0.0,0.0
1730046257.568437,-0.0069081242303416,-0.5182550331327397,0.0071232970796376,-2.200891690357267,-0.008753425678841,1.674429154339674,0.8014933565715614,0.0317081362009048,0.0317081362009048,0.0013487007845428,0.214697588259786,-0.0028087628322748,0.1336718396847676,-6.585999394905271e-06,0.0810093634510894,-2.5536688471320963e-05,0.0,0.0,0.0234364420175552,-13.695497512817385,-0.3826271891593933,24.88712310791016,1.2039883136749268,2.843900680541992,-0.1867701262235641,0.0,0.0
1730046257.601768,-0.0068995149628806,-0.5107964396401345,0.0071235540098316,-2.1963599450205598,-0.0086754579815628,1.6773058782364911,0.8014794614963959,0.0317081362009048,0.0317081362009048,-0.0013120223340618,0.2184732699684456,0.0013123760816521,0.1312471497891977,0.0004062191452404,0.0873742142456459,-0.0022636171351515,0.0,0.0,0.1741932779550552,-14.945192337036133,-0.4580056071281433,25.037879943847656,1.1948330402374268,2.853971481323242,-0.1153589934110641,0.0,0.0
1730046257.635103,-0.006886356079657,-0.5033662987872336,0.007120742943191,-2.192219483968895,-0.0086077711153064,1.6803368356188115,0.8014837465983712,0.0317081362009048,0.0317081362009048,5.146599001202624e-05,0.225606392424242,0.0002233258571642,0.1243723404926959,-0.0002200319345072,0.0876582413451372,0.0004985116977131,0.0,0.0,0.1384877115488052,-14.758729934692385,-0.4223000407218933,25.037879943847656,1.2305386066436768,2.823759078979492,-0.1968409270048141,0.0,0.0
1730046257.6683931,-0.0068609222276433,-0.4960991899009181,0.0071229571393751,-2.188108651427913,-0.0085255358982088,1.6833981331086985,0.8014730313340332,0.0317081362009048,0.0317081362009048,0.0009843620373345,0.2068492857171035,0.0001409136992565,0.130238980687611,0.0019408600100192,0.0828998935651002,0.0008243635441991,0.0,0.0,0.0234364420175552,-14.528627395629885,-0.4976784586906433,24.851417541503903,1.2131435871124268,2.764249801635742,-0.1867701262235641,0.0,0.0
1730046257.701842,-0.0068077016679751,-0.4890247177147226,0.0071147659958892,-2.1837199810664343,-0.0084758541766736,1.685938108030671,0.8014657402192843,0.0317081362009048,0.0317081362009048,0.0008261380727709,0.2154765061314414,-0.0017812448580934,0.1404257594076313,0.0014914569649434,0.0724999364456567,0.0020444749602806,0.0,0.0,0.0988148599863052,-15.250673294067385,-0.3826271891593933,25.224342346191406,1.1948330402374268,2.913480758666992,-0.2069117277860641,0.0,0.0
1730046257.735104,-0.0067721512843317,-0.481684830013442,0.0071027312896954,-2.179290440151243,-0.0084055139009633,1.688645071358556,0.8014481427417085,0.0317068211734294,0.0317068211734294,0.0007478839602929,0.2201588294910892,0.0046499503574111,0.1239897229855379,0.0016565606433085,0.0845264326495185,-0.0016833569841337,0.0,0.0,0.1384877115488052,-15.742616653442385,-0.3072487711906433,24.88712310791016,1.2131435871124268,2.713895797729492,-0.1355005949735641,0.0,0.0
1730046257.7685523,-0.0067579727768248,-0.4742493334619716,0.0070969903994429,-2.175133280071192,-0.0083395297278895,1.6912883937096743,0.801437441651718,0.0317068211734294,0.0317068211734294,-0.0010916062667583,0.2145519113862699,-0.0002222088760201,0.1205110589797255,0.0018835462876338,0.0775875383918736,-0.00129084642859,0.0,0.0,0.2098988443613052,-15.857667922973633,-0.3469216227531433,25.184669494628903,1.2039883136749268,2.823759078979492,-0.1254297941923141,0.0,0.0
1730046257.8017063,-0.006721253580013,-0.4672675012807103,0.0071008585826181,-2.170926531853969,-0.0082868924669583,1.6939310154634153,0.8014335872834666,0.0317068211734294,0.0317068211734294,0.0019702933965444,0.2081920646222096,-0.0029545868275224,0.133258926443662,0.0018761051798779,0.0759770188642425,-0.0045772299638697,0.0,0.0,0.1384877115488052,-15.516481399536133,-0.4223000407218933,25.597267150878903,1.1948330402374268,2.963834762573242,-0.1766993254423141,0.0,0.0
1730046257.8351178,-0.0066922611413416,-0.4600265103926431,0.0070902755898742,-2.166474881974961,-0.0082281843579705,1.696936804743446,0.8014260527152456,0.0317068211734294,0.0317068211734294,0.0004635685244073,0.2192234893511386,-0.000431736520246,0.1303447545124255,0.0016299967756474,0.0980123565004506,0.0027361461339598,0.0,0.0,0.1741932779550552,-16.730470657348633,-0.3469216227531433,24.962501525878903,1.2213833332061768,2.803617477416992,-0.2371241301298141,0.0,0.0
1730046257.8684363,-0.0066606171505102,-0.4527144456209572,0.0070912775496604,-2.162522246895957,-0.0081379960851874,1.70003096308245,0.8014081542710348,0.0317068211734294,0.0317068211734294,0.0028928507040432,0.2171298050558317,0.0015873943605304,0.1155691166154123,-8.783945301251301e-05,0.0829103321031437,0.0013258653268627,0.0,0.0,0.0988148599863052,-16.274232864379883,-0.4223000407218933,25.63297271728516,1.2213833332061768,2.943693161010742,-0.2169825285673141,0.0,0.0
1730046257.9018078,-0.0066258220639673,-0.4452241551905068,0.0070859345790543,-2.158135813714627,-0.0080924976328666,1.702731958798112,0.8013889770831274,0.0317068211734294,0.0317068211734294,0.0007417659282019,0.2170176427056287,0.0003134456354152,0.1332532988120855,-1.9655503172900492e-05,0.0720891188624602,0.0011954300313818,0.0,0.0,0.0988148599863052,-16.766176223754883,-0.4223000407218933,25.260047912597656,1.2131435871124268,2.833829879760742,-0.2069117277860641,0.0,0.0
1730046257.935116,-0.0065646596346452,-0.4380749263657405,0.0070792961517443,-2.153503322141761,-0.0080158647353996,1.7053050123401488,0.8013643572792545,0.0317068211734294,0.0317068211734294,0.0029427210595037,0.2143151222743227,0.0010554337188029,0.1442289695227958,0.0007691528742848,0.0758808186714423,-0.0027838315664745,0.0,0.0,0.1384877115488052,-16.579713821411133,-0.3826271891593933,24.700660705566406,1.1673672199249268,2.864042282104492,-0.1867701262235641,0.0,0.0
1730046257.9684243,-0.0065352113952132,-0.4310086972025528,0.0070702716952429,-2.149322651110491,-0.0079131578362578,1.7082218523311772,0.8013518138990553,0.0317068211734294,0.0317068211734294,0.0017844434964273,0.2235339342451981,-0.0008907257328058,0.1223249199382049,0.0015209287535715,0.0750191903508673,0.0015644325239384,0.0,0.0,0.1741932779550552,-17.373170852661133,-0.3826271891593933,25.371131896972656,1.1948330402374268,2.833829879760742,-0.2169825285673141,0.0,0.0
1730046258.001749,-0.0065185263253007,-0.4234573151077825,0.0070590338988754,-2.1450778087406155,-0.0078397623134721,1.710873128328796,0.8013222447791393,0.0317081362009048,0.0317081362009048,-0.0010306239478908,0.221788086937935,0.0049298219954093,0.1294146187535937,0.0017134921025607,0.0713913288096528,-0.0010374075886232,0.0,0.0,0.2098988443613052,-17.527894973754883,-0.2715432047843933,25.557594299316406,1.2213833332061768,2.994047164916992,-0.1666285246610641,0.0,0.0
1730046258.035126,-0.0064872613661865,-0.4162769416469945,0.0070518605358277,-2.1408423619501256,-0.0077707121487579,1.7137450973793706,0.8013014201361481,0.0317081362009048,0.0317081362009048,0.001083708449982,0.2107011143190761,-0.0001538761449738,0.1322978991509092,0.0015436158828072,0.0903610149552946,0.001605393460752,0.0,0.0,0.1741932779550552,-17.412843704223633,-0.3469216227531433,24.851417541503903,1.1948330402374268,2.853971481323242,-0.2371241301298141,0.0,0.0
1730046258.0684147,-0.0064447109879422,-0.4091883952218398,0.0070404509082038,-2.136637005884884,-0.007696348923574,1.7167307815542991,0.8012572084725076,0.0317081362009048,0.0317081362009048,0.0024343701672278,0.2134855717834267,-0.0014399893467565,0.1208395207467909,0.0030164639690564,0.0869173833192214,0.0004538525629358,0.0,0.0,0.2098988443613052,-18.055543899536133,-0.2715432047843933,25.184669494628903,1.2396938800811768,2.853971481323242,-0.2270533293485641,0.0,0.0
1730046258.1017718,-0.0064087645531633,-0.4016155587723495,0.0070448198146378,-2.1323765170568505,-0.0076417123893128,1.7199105792586848,0.8012062232762652,0.0317081362009048,0.0317081362009048,0.000636841847475,0.223342690671657,0.000191861155273,0.12940129952926,0.00482015682421,0.088349664018337,-9.84764051395417e-05,0.0,0.0,0.1384877115488052,-18.511781692504883,-0.3469216227531433,25.486183166503903,1.2396938800811768,2.864042282104492,-0.1867701262235641,0.0,0.0
1730046258.1351006,-0.0063814179404194,-0.3942452187200574,0.0070395632620943,-2.127961104087108,-0.0075782091608419,1.722670090595461,0.8011854406680164,0.0317081362009048,0.0317081362009048,-0.000128307397862,0.2147934158014052,-0.0008136672099902,0.1272662274055271,-0.0007113677856792,0.0807830941059512,0.0002898304670034,0.0,0.0,0.2495716959238052,-18.968019485473636,-0.3072487711906433,24.962501525878903,1.2396938800811768,2.803617477416992,-0.1968409270048141,0.0,0.0
1730046258.16855,-0.0063201701050021,-0.3870556690171421,0.0070380704243007,-2.1234726306466785,-0.0074626399179442,1.7254118333272672,0.8011706051212452,0.0317081362009048,0.0317081362009048,-0.0003112703613849,0.212818758891811,0.0048796834601742,0.1392370699639921,0.0023233757535276,0.0745008956860197,0.0014804358428654,0.0,0.0,0.285277247428894,-18.055543899536133,-0.2715432047843933,24.88712310791016,1.2213833332061768,2.853971481323242,-0.2270533293485641,0.0,0.0
1730046258.2017694,-0.0062544630142194,-0.3799278955247474,0.00702673186404,-2.1190335603480626,-0.0073962172791231,1.727940932027949,0.8011402046395906,0.0317081362009048,0.0317081362009048,0.0011834149423871,0.2217221287766669,-0.0001067918477431,0.1339839409876519,0.0004124850372361,0.0786777160853961,0.0003238677782073,0.0,0.0,0.1384877115488052,-19.610719680786133,-0.3072487711906433,25.672645568847656,1.2305386066436768,2.903409957885742,-0.1968409270048141,0.0,0.0
1730046258.235114,-0.006241937434139,-0.3725387085845488,0.0070232499312849,-2.114785128142057,-0.0073384286146577,1.730532413293974,0.8011041124481144,0.0317081362009048,0.0317081362009048,-0.0019128595567538,0.2208960874051142,7.968014675403317e-05,0.1232873042990543,0.0021577686265975,0.0814765733360341,-0.0001810599736658,0.0,0.0,0.324950098991394,-19.194154739379883,-0.2715432047843933,24.962501525878903,1.2131435871124268,2.853971481323242,-0.2169825285673141,0.0,0.0
1730046258.2684608,-0.0062092243531966,-0.3652848882264041,0.007020347672247,-2.110738910846874,-0.0072879564095312,1.7334145491871495,0.8010824140563858,0.0317078083753585,0.0317078083753585,0.0010234516769335,0.2109341385704307,0.0048967847708126,0.116687959800194,0.0007797971551384,0.0808938410628783,0.0018626156539058,0.0,0.0,0.1741932779550552,-19.344911575317383,-0.3072487711906433,25.557594299316406,1.2213833332061768,2.943693161010742,-0.2371241301298141,0.0,0.0
1730046258.301799,-0.0061571709271208,-0.3582057878258775,0.007015437510915,-2.1064360897566683,-0.0072050685883912,1.7360151078006285,0.801035865377981,0.0317078083753585,0.0317078083753585,0.004712219443367,0.2171727229790293,-0.0003520149578108,0.1353592703139101,0.0022053237141325,0.0805801846136744,-2.470740265243324e-05,0.0,0.0,0.285277247428894,-19.690065383911133,-0.2715432047843933,25.335426330566406,1.2039883136749268,2.953763961791992,-0.2069117277860641,0.0,0.0
1730046258.3351026,-0.00610787129204,-0.3508863585483624,0.0070125081355479,-2.102025794208179,-0.0070950004854947,1.7389550884032952,0.8009799799353858,0.0317078083753585,0.0317078083753585,-0.000969335544103,0.224985395065026,-0.0015482936752617,0.1319373502388776,0.0055223552682729,0.09450083797828,-0.0013499925383642,0.0,0.0,0.324950098991394,-20.673952102661133,-0.2715432047843933,25.41080474853516,1.2039883136749268,2.853971481323242,-0.1766993254423141,0.0,0.0
1730046258.3684232,-0.0060841180176641,-0.3436474702707773,0.0070016731520304,-2.097975346828284,-0.0070226381066723,1.7419626162766495,0.8009405893615767,0.0317078083753585,0.0317078083753585,0.0014258898360255,0.2115416681886355,-0.0026420049298547,0.1255955720146535,0.0061411954371738,0.090351431003979,0.0003117135014324,0.0,0.0,0.2495716959238052,-20.523195266723636,-0.1207863837480545,25.335426330566406,1.2305386066436768,2.853971481323242,-0.2270533293485641,0.0,0.0
1730046258.4017985,-0.0060442304943605,-0.3363799347599607,0.007008334718802,-2.093586572174889,-0.0069658695144809,1.744646840276376,0.8008850902921005,0.0317078083753585,0.0317078083753585,0.0029056901900405,0.2096436016579345,-0.0002732989661215,0.1407593714853892,0.0024019389397661,0.0676754444423944,-0.0005840799640756,0.0,0.0,0.1741932779550552,-20.217714309692383,-0.2715432047843933,25.260047912597656,1.2131435871124268,2.983976364135742,-0.1968409270048141,0.0,0.0
1730046258.435104,-0.006028230143647,-0.3291706108562788,0.0070004967050327,-2.0889986143436983,-0.0068823435059148,1.747236029096103,0.8008141811456184,0.0317078083753585,0.0317078083753585,0.0021773549148457,0.2266672214827792,-0.002525801024755,0.1328961322909093,0.0031898664921553,0.078633266196864,-0.0014563819254586,0.0,0.0,0.285277247428894,-21.320619583129883,-0.1207863837480545,25.037879943847656,1.1948330402374268,2.884183883666992,-0.1766993254423141,0.0,0.0
1730046258.468438,-0.0060025587479562,-0.3219040045942256,0.0069991982677812,-2.085012137222091,-0.0068294438325289,1.7500750102864366,0.8007462537220008,0.0317081362009048,0.0317081362009048,0.0005132208331026,0.2183617173907319,0.0010453053691649,0.1178450287748278,0.000118636266253,0.0812174093184265,-0.0073955562350813,0.0,0.0,0.285277247428894,-21.280946731567383,-0.2318703681230545,25.52188873291016,1.2213833332061768,2.943693161010742,-0.1867701262235641,0.0,0.0
1730046258.5017686,-0.0059620583626255,-0.3145044590383785,0.006999616468129,-2.080948331059159,-0.00677138035387,1.7529465963999349,0.8006658979409299,0.0317081362009048,0.0317081362009048,-0.0007558115790146,0.2101234424082877,-0.0003619950412309,0.1277959877914277,0.0007286807547727,0.0750178701822236,-0.0054994781546744,0.0,0.0,0.2495716959238052,-21.661806106567383,-0.2715432047843933,25.783729553222656,1.2305386066436768,2.973905563354492,-0.2371241301298141,0.0,0.0
1730046258.5351014,-0.005903613590431,-0.3072699380083245,0.0069905954923771,-2.076339191986308,-0.0066893384770593,1.7557353068376715,0.8006138371659828,0.0317081362009048,0.0317081362009048,0.0004509211186013,0.2164967937122896,-0.0029199446792828,0.1395918130032843,0.0028942732445909,0.0869877644458817,-3.9660827287513406e-05,0.0,0.0,0.285277247428894,-21.471376419067383,-0.1564919501543045,24.851417541503903,1.2488491535186768,2.833829879760742,-0.2481104582548141,0.0,0.0
1730046258.5685313,-0.0058822069286088,-0.2999137544950811,0.0069865187756889,-2.071937524757636,-0.0065276176639068,1.7590352921957972,0.8005503968088464,0.0317081362009048,0.0317081362009048,0.0042625319213323,0.2120329239026097,-0.0006917056001071,0.121837490636056,0.002180596494019,0.0916640818113731,-0.0014771772614199,0.0,0.0,0.2098988443613052,-22.609987258911133,-0.1961648017168045,25.41080474853516,1.1948330402374268,2.853971481323242,-0.2481104582548141,0.0,0.0
1730046258.6018114,-0.0058631243324647,-0.2926113186815201,0.0069851523329661,-2.0678663679078197,-0.0064819460213132,1.7618206573318098,0.8004593521607428,0.0317081362009048,0.0317081362009048,0.0009373732357736,0.2214015489552966,-0.0026045296155539,0.1330098273514076,-0.0002886522473773,0.0735845293178138,-0.0006678896036115,0.0,0.0,0.2098988443613052,-22.379884719848636,-0.2715432047843933,25.486183166503903,1.2396938800811768,2.913480758666992,-0.2371241301298141,0.0,0.0
1730046258.635105,-0.0058344017702266,-0.2854552842528863,0.0069712775708054,-2.06350106092287,-0.006413283151217,1.7643923997014663,0.8003851714457642,0.0317081362009048,0.0317081362009048,0.0022975017783141,0.2089008668485299,-0.0003460405662653,0.1337241057241164,0.0007214030525822,0.0768704248153167,-0.0004521767065752,0.0,0.0,0.2098988443613052,-22.038698196411133,-0.1961648017168045,24.922828674316406,1.2396938800811768,2.893339157104492,-0.2169825285673141,0.0,0.0
1730046258.668435,-0.0058193755413617,-0.2783979579221014,0.0069645381600568,-2.059176419663637,-0.0063206490056687,1.7670359577181003,0.8003063444467726,0.0317081362009048,0.0317081362009048,0.0010178692208972,0.2136189664053268,0.000875032712167,0.1254392973571575,-0.0002268409705307,0.0844009648992931,-0.0039110736304831,0.0,0.0,0.360655665397644,-22.721071243286133,-0.1961648017168045,25.10929107666016,1.2580044269561768,2.803617477416992,-0.2069117277860641,0.0,0.0
1730046258.7017725,-0.0057898838021395,-0.2709384613069559,0.0069571232737081,-2.0549505561417,-0.00623219420411,1.7697249207620285,0.8002142885876496,0.0317081362009048,0.0317081362009048,0.0016558632230141,0.2236378440771955,0.0018313672285247,0.1192192025490385,0.0028936462197779,0.0768929615187778,-0.0077859788194084,0.0,0.0,0.2098988443613052,-23.252687454223636,-0.2715432047843933,25.708351135253903,1.2763149738311768,2.943693161010742,-0.2270533293485641,0.0,0.0
1730046258.7351005,-0.005776327455683,-0.2635651532816292,0.0069426069981431,-2.050651007261113,-0.0061446504825583,1.7723164310291386,0.8001473501797008,0.0317081362009048,0.0317081362009048,-0.0015703219370683,0.2210331531286632,-0.003013108505428,0.127219692674278,0.0038829072576101,0.0822472663690287,-0.0046865063029205,0.0,0.0,0.324950098991394,-23.558168411254883,-0.0811135321855545,25.41080474853516,1.1856777667999268,2.913480758666992,-0.2481104582548141,0.0,0.0
1730046258.768434,-0.0057321104858635,-0.2565296835059407,0.0069433122995044,-2.046363793136853,-0.006060928571224,1.7754112006874665,0.8000599795092194,0.0317081362009048,0.0317081362009048,0.0030621360058827,0.2066040013447601,-0.0001965798211083,0.1273263866040603,0.0050423633468787,0.1052558735979969,-0.0027000177134384,0.0,0.0,0.2495716959238052,-22.721071243286133,-0.1961648017168045,24.88712310791016,1.2305386066436768,2.884183883666992,-0.1766993254423141,0.0,0.0
1730046258.8017676,-0.0057081204342526,-0.249189544347844,0.0069369204177479,-2.0419247470158988,-0.0059796919190663,1.778546578512721,0.7999259082518717,0.0317081362009048,0.0317081362009048,-6.679326333067645e-05,0.2181394921187867,0.0001483415144628,0.1240596322647776,-0.0005566799593745,0.0926853786741248,-0.0075747499419308,0.0,0.0,0.324950098991394,-24.240541458129883,-0.1961648017168045,25.224342346191406,1.2488491535186768,2.793546676635742,-0.1766993254423141,0.0,0.0
1730046258.835103,-0.0056671084357196,-0.2417820150809514,0.0069203830564845,-2.037706471877756,-0.0058918981902527,1.7813586990475925,0.7998375255288822,0.0317081362009048,0.0317081362009048,-0.0007966845045875,0.2200270248631464,-0.0021996018216821,0.1262931002257451,0.0005281816762482,0.081193927843767,-0.0080142275596301,0.0,0.0,0.360655665397644,-24.050111770629883,-0.0811135321855545,25.224342346191406,1.2396938800811768,2.813688278198242,-0.2169825285673141,0.0,0.0
1730046258.8683715,-0.005642228717444,-0.2344689683004551,0.0069188194238859,-2.033550602338695,-0.0057968762564808,1.784062658302256,0.7997630206535912,0.0317081362009048,0.0317081362009048,0.0001829051599464,0.2122813129512269,0.0001414783107542,0.1274338033867483,0.0019588197578266,0.0747052707076118,-0.0017132279825806,0.0,0.0,0.2495716959238052,-24.165163040161133,-0.1961648017168045,25.260047912597656,1.2131435871124268,2.893339157104492,-0.2783228456974029,0.0,0.0
1730046258.9017532,-0.0055881463200853,-0.227427810253302,0.0069121780257552,-2.029287583560803,-0.0057491746749361,1.786578226544654,0.7996785884223592,0.0317081362009048,0.0317081362009048,0.003265175495579,0.2131154238575716,0.0046802015230286,0.1319927114621738,-0.0006726973879961,0.0669272001279511,-0.0031859825425118,0.0,0.0,0.324950098991394,-24.165163040161133,-0.1207863837480545,25.52188873291016,1.2488491535186768,2.994047164916992,-0.2581812441349029,0.0,0.0
1730046258.935114,-0.0055498213190367,-0.2200900896957927,0.0069131490551361,-2.0247115470032444,-0.0056656948607238,1.789291472530996,0.7996051277102677,0.0317081362009048,0.0317081362009048,0.0002447455157674,0.2239076177201507,0.0010104775442323,0.138089738248576,0.0004675913014105,0.0892457882027568,-0.0044523498930401,0.0,0.0,0.285277247428894,-25.303773880004883,-0.2318703681230545,25.10929107666016,1.2305386066436768,2.843900680541992,-0.1968409270048141,0.0,0.0
1730046258.9684367,-0.0055256387736887,-0.2127903498336042,0.0069042874921859,-2.0205931989473256,-0.0055564773668054,1.7923058788766928,0.7995436085262697,0.0317081362009048,0.0317081362009048,0.0005065483265446,0.2157561673002037,0.0041317461513417,0.1197395884105485,0.005414927375407,0.0912986328050024,-0.0009825224652996,0.0,0.0,0.360655665397644,-25.037965774536133,-0.1207863837480545,25.224342346191406,1.2131435871124268,2.864042282104492,-0.2069117277860641,0.0,0.0
1730046259.0017667,-0.0054753888738695,-0.2055017349859725,0.0069070852276273,-2.016234116759545,-0.0055148433273538,1.7952570994070296,0.7994635452540867,0.0317078083753585,0.0317078083753585,0.0034291406960555,0.2130193631040533,0.0053270964068967,0.1281357753576948,0.0048555791390088,0.0897150122711067,0.0013355606485994,0.0,0.0,0.1741932779550552,-24.696779251098636,-0.2318703681230545,25.260047912597656,1.2213833332061768,2.963834762573242,-0.2581812441349029,0.0,0.0
1730046259.0351007,-0.0054485706509678,-0.1982990817391093,0.0068961522926499,-2.0116695593918306,-0.005434307742891,1.798329199334041,0.7994030150737409,0.0317078083753585,0.0317078083753585,-0.0008282443261097,0.2208862878322814,-0.002723078733772,0.1333657168529359,0.0051052403632619,0.1021685597102823,-0.0034023898295519,0.0,0.0,0.360655665397644,-25.946474075317383,-0.1207863837480545,25.148963928222656,1.2396938800811768,2.843900680541992,-0.2783228456974029,0.0,0.0
1730046259.068478,-0.0054262147828169,-0.1908018605089628,0.0068841685917938,-2.0075091610860007,-0.0052953590282083,1.8014343099031584,0.7993081978638031,0.0317078083753585,0.0317078083753585,0.0004301020069658,0.2205213373720013,0.0033297592891372,0.1200346684953198,0.0048988924595898,0.075355019287696,-0.0024570194461379,0.0,0.0,0.360655665397644,-25.756044387817383,-0.0057351142168045,25.10929107666016,1.2305386066436768,2.833829879760742,-0.2270533293485641,0.0,0.0
1730046259.101828,-0.0054049349770221,-0.183630722624624,0.0068826107137571,-2.003557313607441,-0.0052489965746987,1.8039569483584497,0.7992035618356715,0.0317078083753585,0.0317078083753585,-0.0006578137972799,0.2201351002708355,-0.0005220394112209,0.1241830937829978,0.0007869809728067,0.0756153815992585,-0.0019176233943595,0.0,0.0,0.360655665397644,-26.021852493286133,-0.1207863837480545,25.335426330566406,1.2305386066436768,2.913480758666992,-0.2481104582548141,0.0,0.0
1730046259.135101,-0.0053484708554766,-0.1764506636132837,0.0068826546633742,-1.9990601700924084,-0.0051717605741048,1.8063998110078705,0.799083620380118,0.0317078083753585,0.0317078083753585,0.0013486955489576,0.2176109974175171,0.0056800988712069,0.1413183065190864,9.233830207397436e-05,0.0762748181335082,-0.0011970909218756,0.0,0.0,0.324950098991394,-25.644960403442383,-0.0811135321855545,25.148963928222656,1.2305386066436768,2.963834762573242,-0.2371241301298141,0.0,0.0
1730046259.1683748,-0.0053186523170139,-0.1693084775789739,0.0068742100906395,-1.9946478821776188,-0.0050720098812605,1.8092635504659,0.7989768029062865,0.0317078083753585,0.0317078083753585,0.0003325390113199,0.2148782131100149,-0.0062289156430686,0.1217306824872245,0.0013551179926974,0.0904181467601193,-0.0036052477887608,0.0,0.0,0.360655665397644,-26.858949661254883,-0.1207863837480545,24.922828674316406,1.2039883136749268,2.803617477416992,-0.2682520449161529,0.0,0.0
1730046259.2017753,-0.0052784926278942,-0.1618251091177913,0.0068716479072816,-1.990536399325432,-0.0050229365378313,1.8120930988741384,0.7988519107119784,0.0317078083753585,0.0317078083753585,0.003796692932134,0.2173171450727519,0.0043043885956061,0.1304268125675895,0.0054211858678285,0.0819245394874967,-0.006548661470604,0.0,0.0,0.436034083366394,-26.779603958129883,-0.0454079657793045,25.371131896972656,1.2396938800811768,2.963834762573242,-0.2371241301298141,0.0,0.0
1730046259.2351005,-0.0052270872563955,-0.1546384349616257,0.0068698455446473,-1.9862444326413828,-0.0049165328039462,1.8147986380263608,0.7987262338111206,0.0317078083753585,0.0317078083753585,-0.0001741578694012,0.2138962611744395,-0.0010964032950501,0.1300669924461125,0.0024234782694306,0.0885119931841687,-0.009894751686642,0.0,0.0,0.285277247428894,-26.934328079223636,-0.1207863837480545,25.037879943847656,1.2039883136749268,2.833829879760742,-0.1666285246610641,0.0,0.0
1730046259.2684302,-0.005180818788143,-0.1473060359988378,0.006860646242764,-1.9817557943422648,-0.0048135319793147,1.817875324404109,0.7985969633831381,0.0317081362009048,0.0317081362009048,0.0014379653422757,0.2143943653292397,-0.0010671396384863,0.128009960690497,0.0043337283262104,0.0949015591573449,-0.0102149381160402,0.0,0.0,0.324950098991394,-27.311220169067383,-0.0454079657793045,24.736366271972656,1.2213833332061768,2.783475875854492,-0.1666285246610641,0.0,0.0
1730046259.3017676,-0.0051567294664111,-0.1401004845891079,0.0068574824718783,-1.9777658172053196,-0.0047590014171424,1.820828835371586,0.7984060022044435,0.0317081362009048,0.0317081362009048,0.0037368834878649,0.2232247912988431,-9.400228244686712e-05,0.1250634928826152,4.415356262190537e-05,0.0828021429018257,-0.0129340928625592,0.0,0.0,0.285277247428894,-27.918214797973636,-0.0811135321855545,25.557594299316406,1.2396938800811768,2.943693161010742,-0.1968409270048141,0.0,0.0
1730046259.335101,-0.0051397624797556,-0.1327382303262172,0.0068539321186222,-1.9734792100987757,-0.0046950225092598,1.823276077741731,0.7982879895823318,0.0317081362009048,0.0317081362009048,0.000977845451776,0.2196043016082218,-0.0005904670799265,0.1365243723983635,0.0071957211339728,0.0741766468390008,-0.0068535936208275,0.0,0.0,0.360655665397644,-28.259401321411133,-0.0454079657793045,25.371131896972656,1.2488491535186768,2.933622360229492,-0.2371241301298141,0.0,0.0
1730046259.3684535,-0.0051151706403887,-0.125416703610735,0.0068563249229954,-1.9689295372412003,-0.0045662667979099,1.8260525555735256,0.7981640816586597,0.0317081362009048,0.0317081362009048,0.0006368425611172,0.211338486162631,0.0002599061168383,0.1339908014409237,0.00329967066247,0.0758008554521571,-0.0051405825433358,0.0,0.0,0.285277247428894,-27.465944290161133,-0.1207863837480545,24.66495513916016,1.2488491535186768,2.853971481323242,-0.1968409270048141,0.0,0.0
1730046259.4017673,-0.0050849471599102,-0.1184111238911273,0.0068481620162184,-1.964631406992823,-0.0044614590170694,1.82896185855403,0.7980216327234765,0.0317081362009048,0.0317081362009048,-0.0016976543589084,0.2150727820065252,2.638383879782877e-05,0.1236213387037888,-0.0002614123286217,0.083998879839293,-0.0035979256543517,0.0,0.0,0.400328516960144,-28.755311965942383,-0.0811135321855545,24.99820709228516,1.2213833332061768,2.833829879760742,-0.1867701262235641,0.0,0.0
1730046259.435109,-0.0050288937857296,-0.1110737266598226,0.0068386249941149,-1.96044436188317,-0.0043752933663907,1.8319359337543744,0.7978984216029733,0.0317081362009048,0.0317081362009048,-0.0002241709476278,0.2256705050276828,-0.0003584989154583,0.1356803096966653,0.0047369915753374,0.0837338461622188,-0.0078019196451089,0.0,0.0,0.324950098991394,-28.906068801879883,-0.0811135321855545,25.672645568847656,1.2213833332061768,2.953763961791992,-0.2169825285673141,0.0,0.0
1730046259.4683888,-0.0049965767655119,-0.1038556513322651,0.0068359311897588,-1.956307974900668,-0.0043108390205653,1.834860123810848,0.7977832599351692,0.0317081362009048,0.0317081362009048,0.0015924135829882,0.2143359172559943,0.0010026769014886,0.1204593638370362,0.0041854576916538,0.0971555923200935,-0.0061279859205055,0.0,0.0,0.324950098991394,-29.132204055786133,-0.0811135321855545,25.073585510253903,1.2845547199249268,2.823759078979492,-0.2270533293485641,0.0,0.0
1730046259.501756,-0.0049620768056271,-0.096586396171733,0.0068298040909912,-1.9520391522802016,-0.0042162077491474,1.8377715766643912,0.7976915278469495,0.0317081362009048,0.0317081362009048,-0.0015213308250924,0.2167836881426559,-0.0011895706274466,0.1360868056094651,-0.0005240825324231,0.0867708526346415,7.993175658443019e-05,0.0,0.0,0.436034083366394,-29.021120071411133,-0.0057351142168045,25.371131896972656,1.2580044269561768,2.953763961791992,-0.2581812441349029,0.0,0.0
1730046259.5351012,-0.0049223506899709,-0.0892802360878255,0.0068312272630957,-1.9475844908644788,-0.0041177475474603,1.8406363560335708,0.7975066437809262,0.0317081362009048,0.0317081362009048,0.0006222508358125,0.2208908360589191,0.0017592703708441,0.1296784042554354,0.0012858289172469,0.0834253151806074,-0.0003083722465903,0.0,0.0,0.324950098991394,-30.235109329223636,-0.0811135321855545,25.446510314941406,1.2488491535186768,2.884183883666992,-0.2481104582548141,0.0,0.0
1730046259.5685055,-0.0049048754798932,-0.0816757549760696,0.0068174046380415,-1.9432365008127632,-0.0040313956366661,1.843406917189968,0.7974217789864427,0.0317081362009048,0.0317081362009048,0.00046011005699,0.2183646766573533,0.0002567087647362,0.1241371059263211,0.0020510803372269,0.0786313547212788,0.0012999466728223,0.0,0.0,0.400328516960144,-29.929628372192383,0.0299704521894454,25.037879943847656,1.2305386066436768,2.864042282104492,-0.2481104582548141,0.0,0.0
1730046259.6017685,-0.0048617673256706,-0.074671927505831,0.0068078402145415,-1.939143488804472,-0.0039521294314308,1.8460191313344307,0.7973577949978916,0.031707476824522,0.031707476824522,0.0011982380750789,0.2060183758268712,0.0034991353721583,0.1255072756928112,-0.0001960660821981,0.0757318161820401,0.0013258443927784,0.0,0.0,0.324950098991394,-29.513063430786133,-0.0811135321855545,25.148963928222656,1.2396938800811768,2.943693161010742,-0.2481104582548141,0.0,0.0
1730046259.635115,-0.0048102021376714,-0.0675396697465871,0.0067857818048884,-1.934564266574912,-0.0038598993195309,1.8485887121981348,0.7972717912352943,0.031707476824522,0.031707476824522,0.0020290391364494,0.2209608571433483,-0.0008127858158329,0.145007514008718,0.0037444405087765,0.0778524722124896,-0.0048811825268925,0.0,0.0,0.400328516960144,-30.461244583129883,-0.0057351142168045,25.148963928222656,1.2671597003936768,2.833829879760742,-0.1968409270048141,0.0,0.0
1730046259.668434,-0.0047824095416439,-0.0602737127870503,0.0067712072142967,-1.9304501656335151,-0.0037229180274579,1.851515624250959,0.7971948601039799,0.031707476824522,0.031707476824522,5.375675811704345e-05,0.2176003388377179,-0.0004759814060496,0.1158199414803051,0.0026659887788138,0.0855691730749112,-0.0001637986005718,0.0,0.0,0.324950098991394,-30.421571731567383,0.0299704521894454,25.10929107666016,1.2039883136749268,2.843900680541992,-0.2371241301298141,0.0,0.0
1730046259.701769,-0.0047646188558644,-0.0528450465373897,0.006762966174494,-1.926430122739225,-0.0036356964350246,1.85455191933669,0.7971217077848821,0.031707476824522,0.031707476824522,0.0014366500937109,0.212053028073713,0.00023880725487,0.1181741565925432,0.0030460143802335,0.0881774987005229,0.0005899895753956,0.0,0.0,0.400328516960144,-31.068239212036133,-0.0057351142168045,25.63297271728516,1.2488491535186768,2.893339157104492,-0.2371241301298141,0.0,0.0
1730046259.735114,-0.0047242108862906,-0.0456498543045528,0.0067588028256472,-1.922017503716052,-0.0035579052823077,1.8573892492965345,0.7970227590902901,0.031707476824522,0.031707476824522,-0.0003898748569793,0.2151392469473773,0.0015248823751485,0.1463197717283655,0.0009799234621753,0.0832504342898456,-0.0069289756978849,0.0,0.0,0.324950098991394,-30.385866165161133,-0.0811135321855545,25.10929107666016,1.2305386066436768,2.893339157104492,-0.1666285246610641,0.0,0.0
1730046259.7684383,-0.0046918216162245,-0.0384100720917759,0.0067442051771074,-1.917449872400572,-0.0034205885397881,1.8603122238491503,0.796972770784877,0.031707476824522,0.031707476824522,-0.0005083159153221,0.215233678886636,0.0003994283537634,0.128450001142416,0.0019125264432477,0.0825504546005014,-0.0087667002110254,0.0,0.0,0.400328516960144,-31.825990676879883,0.0299704521894454,25.073585510253903,1.2305386066436768,2.754179000854492,-0.1766993254423141,0.0,0.0
1730046259.8017669,-0.0046601899345879,-0.0309263619323759,0.0067371613002297,-1.9132687327447857,-0.0032982675423227,1.8631341988060504,0.7969181431032327,0.0317081362009048,0.0317081362009048,0.0011090293192967,0.2158504770953291,0.0010689029366283,0.1143555786293177,-0.0001423546570032,0.0691110645324484,-0.0016021536178601,0.0,0.0,0.324950098991394,-31.484804153442383,-0.0057351142168045,25.52188873291016,1.2396938800811768,2.923551559448242,-0.2069117277860641,0.0,0.0
1730046259.8351002,-0.0046297880297403,-0.0237497363444292,0.0067377889872107,-1.9089751349731336,-0.0032342777863152,1.8656561977639747,0.7968447556862673,0.0317081362009048,0.0317081362009048,0.0005736572615185,0.2150222563777461,-0.0002090421942973,0.133095831107997,-0.0034498974646747,0.0676468518302225,0.0014217840104657,0.0,0.0,0.285277247428894,-31.524477005004883,-0.0454079657793045,25.859107971191406,1.2763149738311768,3.003202438354492,-0.2883936464786529,0.0,0.0
1730046259.868428,-0.0045853080399525,-0.0164390817189073,0.0067197536081713,-1.90432196972837,-0.0031054861071673,1.8684565774798936,0.7967683580925042,0.0317081362009048,0.0317081362009048,0.0005110239388899,0.2088764208771559,-7.496254866551636e-05,0.1380317831233311,0.0002907188913251,0.0969860876471025,-0.0024762940882683,0.0,0.0,0.400328516960144,-31.675233840942383,0.1053488701581955,24.625282287597656,1.2131435871124268,2.793546676635742,-0.2481104582548141,0.0,0.0
1730046259.9018466,-0.0045613281646511,-0.0093313822323077,0.0067126576720008,-1.9003894084755848,-0.003018393981819,1.871497304112833,0.7966603995018335,0.0317081362009048,0.0317081362009048,0.0006814196646973,0.222381507701677,-0.0010474556084449,0.1239917326020447,-0.0002342491348879,0.0805983703481446,-0.0034284619362803,0.0,0.0,0.360655665397644,-32.2425537109375,0.0696433037519455,25.41080474853516,1.2213833332061768,2.864042282104492,-0.2270533293485641,0.0,0.0
1730046259.9351022,-0.0045293678437412,-0.0019857960052245,0.00671470551403,-1.896266788589936,-0.0029406187483992,1.8743562823329312,0.7966012316526025,0.0317081362009048,0.0317081362009048,0.0006505054664169,0.2163331062763719,0.0004759343336303,0.1333190305392896,0.0020997527621256,0.0942780167436656,-0.0005351008957047,0.0,0.0,0.360655665397644,-32.774169921875,0.0299704521894454,25.446510314941406,1.2213833332061768,2.893339157104492,-0.2169825285673141,0.0,0.0
1730046259.9685507,-0.0044882277291079,0.0054309207497759,0.0066997959339595,-1.8917395715093208,-0.0028800764686385,1.8774888670136864,0.7965441798613957,0.0317081362009048,0.0317081362009048,-1.2581093984856915e-06,0.2217679127533797,-0.0022090830241454,0.1399008900060113,0.0014902484032407,0.0937391949392324,-0.0043151215262562,0.0,0.0,0.285277247428894,-32.20684814453125,0.0696433037519455,25.10929107666016,1.1948330402374268,2.893339157104492,-0.1766993254423141,0.0,0.0
1730046260.001838,-0.0044575824312565,0.012458831209742,0.0066966389105976,-1.8874260111369527,-0.0028234509213925,1.8805055095886327,0.796469179910018,0.0317081362009048,0.0317081362009048,-0.0009376399724934,0.2121902533997281,0.0008968974760529,0.1281180118183577,0.000409362707476,0.0864298583162654,-0.0019739028689316,0.0,0.0,0.400328516960144,-33.03997802734375,0.0299704521894454,25.148963928222656,1.2039883136749268,2.803617477416992,-0.1766993254423141,0.0,0.0
1730046260.0351012,-0.0044361627110004,0.0197515583822988,0.006692239136303,-1.883238909163996,-0.0027566547024032,1.883045877159454,0.796377265560868,0.0317081362009048,0.0317081362009048,-0.0016205815210428,0.2253287755548514,-0.0002889217643924,0.1338147914763486,-0.0059520613584325,0.072934194554396,-0.0056596021214215,0.0,0.0,0.400328516960144,-33.07965087890625,0.1053488701581955,25.63297271728516,1.2488491535186768,2.933622360229492,-0.2371241301298141,0.0,0.0
1730046260.0683825,-0.0044196435310848,0.0270145236623024,0.0066831095549304,-1.8789738682392467,-0.0026855769271886,1.8855921083916265,0.7963307060124706,0.0317081362009048,0.0317081362009048,0.0032666987276208,0.2151798834297023,0.0002079109257574,0.1249613817449352,0.0052652369628974,0.0842508214574625,-0.0032007106808724,0.0,0.0,0.360655665397644,-33.45654296875,0.1450217217206955,25.52188873291016,1.2131435871124268,2.933622360229492,-0.2270533293485641,0.0,0.0
1730046260.101801,-0.0044063300657568,0.0342749908172319,0.0066800194017366,-1.8746232544783357,-0.0026018193589718,1.8883341645448937,0.7962800759312846,0.0317081362009048,0.0317081362009048,-0.0010553325891815,0.209409072918911,-0.0013129751188008,0.1311969663781764,0.0004456904947325,0.0880007847149531,-0.005429851285936,0.0,0.0,0.400328516960144,-32.84954833984375,0.1807272881269455,25.148963928222656,1.2213833332061768,2.874113082885742,-0.2169825285673141,0.0,0.0
1730046260.1351032,-0.0043748766411206,0.0414900082440707,0.0066789203678766,-1.8702340154322692,-0.0025079906953747,1.891091160619388,0.7961983650246094,0.0317081362009048,0.0317081362009048,-9.96472359492768e-05,0.2179233847796558,6.01111286368701e-05,0.1322122203892325,0.0003006491959119,0.090076499205263,-0.0055508515115564,0.0,0.0,0.360655665397644,-34.329345703125,0.1053488701581955,25.41080474853516,1.2488491535186768,2.893339157104492,-0.1666285246610641,0.0,0.0
1730046260.1684086,-0.0043499126549251,0.0489125656036796,0.006680712909229,-1.865987230507959,-0.0023645941515914,1.8939554898073627,0.7960843878685016,0.0317081362009048,0.0317081362009048,0.0028013345777383,0.2238316744104984,0.0016401697958092,0.122056046752976,0.0023964309800158,0.0871679142688508,-0.0023695763704505,0.0,0.0,0.400328516960144,-34.40472412109375,0.0696433037519455,25.446510314941406,1.2131435871124268,2.853971481323242,-0.1666285246610641,0.0,0.0
1730046260.2017684,-0.0043082325177754,0.0562066076942524,0.0066764593857058,-1.861829118921779,-0.0022927329483842,1.8969915812340208,0.7959620727150584,0.0317081362009048,0.0317081362009048,0.0044038280767526,0.2129903986070387,-0.0001450133103901,0.1291778002781597,0.0025044812704524,0.082120891757539,-0.0061765455707046,0.0,0.0,0.2098988443613052,-33.87310791015625,-0.0057351142168045,25.557594299316406,1.2039883136749268,3.023344039916992,-0.1867701262235641,0.0,0.0
1730046260.2351005,-0.0042703881428621,0.0632639805449703,0.0066594506471667,-1.857417603607045,-0.0022267958229765,1.899862632199219,0.7958984539520372,0.0317081362009048,0.0317081362009048,0.0006044587418067,0.2173484900992604,-0.0006329055044416,0.1393197459708753,0.0024363831561349,0.0799930032441668,-0.0011680258586596,0.0,0.0,0.360655665397644,-34.710205078125,0.1807272881269455,25.52188873291016,1.2305386066436768,2.884183883666992,-0.1867701262235641,0.0,0.0
1730046260.2685218,-0.0042539976637181,0.0708000199632143,0.006654808895354,-1.8529588475130847,-0.0021281564810473,1.9025598482514992,0.795809875219537,0.0317081362009048,0.0317081362009048,0.0001610147071581,0.2292672848731368,-0.0062149641312538,0.1247784376002363,0.0016514902954803,0.084600133618213,-0.0010197070407628,0.0,0.0,0.400328516960144,-34.6705322265625,0.1807272881269455,25.148963928222656,1.2039883136749268,2.913480758666992,-0.2371241301298141,0.0,0.0
1730046260.3017378,-0.0042494014635956,0.0779570077199652,0.0066350103955976,-1.8490990558432452,-0.0020494561947402,1.9052513803652869,0.7957267781711896,0.0317081362009048,0.0317081362009048,-0.0001665011447914,0.2104012503601372,-0.0008017005595346,0.1197112022818378,0.0050760069926253,0.0770276201574456,0.0004088677172018,0.0,0.0,0.436034083366394,-35.08709716796875,0.2204001396894455,25.486183166503903,1.2131435871124268,2.933622360229492,-0.2371241301298141,0.0,0.0
1730046260.335102,-0.0042181479946496,0.0850733254889795,0.0066341439186809,-1.844777318189405,-0.0019718625853058,1.9078363357934045,0.7956535009361291,0.0317081362009048,0.0317081362009048,-0.0011980443914844,0.2207765808786266,-0.0003273329255203,0.1410879966835663,-0.0003658497878068,0.0764915593474512,0.001598798083113,0.0,0.0,0.400328516960144,-34.55548095703125,0.1450217217206955,25.224342346191406,1.2396938800811768,3.003202438354492,-0.2581812441349029,0.0,0.0
1730046260.3684444,-0.0041804989894144,0.0925324927696221,0.0066285040345043,-1.840020507971972,-0.0018562817745462,1.911020507871417,0.7954762957440937,0.0317081362009048,0.0317081362009048,-0.0007720959775395,0.2193635383424544,-0.0005200611177063,0.1352596680841345,0.0003814895155173,0.0983667796299557,-0.0054994372847856,0.0,0.0,0.400328516960144,-35.99957275390625,0.1807272881269455,25.371131896972656,1.2131435871124268,2.874113082885742,-0.1666285246610641,0.0,0.0
1730046260.4018145,-0.0041486356364532,0.0997575768947472,0.0066303096797621,-1.8360142443309864,-0.0017940123753541,1.9141030120885396,0.7954228503094354,0.0317081362009048,0.0317081362009048,-0.0006823701749364,0.2137365640617207,-0.001105432759229,0.1173955256638126,0.0043316520068573,0.0911144184996342,-0.0033323591150453,0.0,0.0,0.360655665397644,-35.884521484375,0.1053488701581955,25.52188873291016,1.2039883136749268,3.003202438354492,-0.2069117277860641,0.0,0.0
1730046260.4351003,-0.0041011576222558,0.1069411143652119,0.0066203591239104,-1.8319477464238296,-0.001754526754803,1.916912639293088,0.7953213826211507,0.0317081362009048,0.0317081362009048,0.0018559304745102,0.2155944116701993,0.000504550854932,0.1300621774026628,0.0036223332106701,0.0895483736173069,-0.0022678104354071,0.0,0.0,0.285277247428894,-35.95989990234375,0.1450217217206955,25.371131896972656,1.2396938800811768,2.864042282104492,-0.1968409270048141,0.0,0.0
1730046260.468452,-0.0040519922953764,0.1141427757347527,0.0066124107224691,-1.8273137065564529,-0.0016904849735356,1.9196334628087304,0.7952382806704715,0.0317081362009048,0.0317081362009048,0.0019393923057184,0.2137033392588799,-0.0040479433663067,0.1391248301594476,0.0012196337130393,0.083544113958379,0.0005824719037816,0.0,0.0,0.400328516960144,-36.34075927734375,0.2204001396894455,25.073585510253903,1.2213833332061768,2.884183883666992,-0.2270533293485641,0.0,0.0
1730046260.5018525,-0.0040406692739165,0.1215016118279594,0.0066062180618365,-1.8231150128566893,-0.0016327043139618,1.9225735176477192,0.7951446489919983,0.0317078083753585,0.0317078083753585,-0.0010232450909433,0.216315885259599,-0.0005596081900217,0.1130189188442031,0.0015920231364277,0.0834928984567277,-0.0025380144663479,0.0,0.0,0.471739649772644,-36.9080810546875,0.2204001396894455,25.446510314941406,1.1856777667999268,2.953763961791992,-0.2069117277860641,0.0,0.0
1730046260.535102,-0.0040239093639145,0.1287944859515562,0.006597586375411,-1.819039975380982,-0.0016025941151394,1.9249347799421357,0.7950203122317344,0.0317078083753585,0.0317078083753585,-0.0004200671824744,0.2241808574157873,-0.0008888112417533,0.1302655338651595,0.000603038330475,0.0716567903859534,-0.0015873151130619,0.0,0.0,0.400328516960144,-37.32464599609375,0.2561057209968567,25.708351135253903,1.2213833332061768,2.963834762573242,-0.1766993254423141,0.0,0.0
1730046260.568438,-0.0039884899205405,0.1359936012295702,0.0065930835181423,-1.8145620920293977,-0.0015430622710387,1.927421585638784,0.7949178785479588,0.0317078083753585,0.0317078083753585,0.0006151783440795,0.2121053278461049,0.0004661981689089,0.1369116240859091,0.0022277825587804,0.0809280388990157,-0.0078454255657048,0.0,0.0,0.360655665397644,-36.49151611328125,0.1450217217206955,25.037879943847656,1.2305386066436768,2.874113082885742,-0.1666285246610641,0.0,0.0
1730046260.6018612,-0.0039533389595229,0.1432056260607467,0.0065837595672093,-1.8100319482184557,-0.0014626659308223,1.9306211356065643,0.7948116250750749,0.0317078083753585,0.0317078083753585,0.0046896434816933,0.2133798991122122,0.0005280188059015,0.1199349300678383,0.0009339675369913,0.0978192251764432,-0.0037629624181537,0.0,0.0,0.360655665397644,-37.51507568359375,0.2204001396894455,25.335426330566406,1.2131435871124268,2.874113082885742,-0.1968409270048141,0.0,0.0
1730046260.6351016,-0.0039197829359757,0.1503979589169205,0.0065774952060572,-1.805925493916204,-0.0013915389105198,1.93365074073201,0.7947036345747184,0.0317078083753585,0.0317078083753585,0.0026903842809253,0.2225582203695027,-0.0055070832255605,0.1218446902593424,-0.0002942616962873,0.0892569898178183,-0.0067889204761227,0.0,0.0,0.400328516960144,-37.630126953125,0.2204001396894455,25.783729553222656,1.2488491535186768,2.963834762573242,-0.2069117277860641,0.0,0.0
1730046260.668377,-0.0038812096604039,0.1579341038885128,0.0065653627300207,-1.8014553507940951,-0.0013338148922549,1.936510457860938,0.794609029634538,0.0317078083753585,0.0317078083753585,0.0015730322145525,0.2189534937584817,1.041993054059435e-05,0.1289797658610242,0.0006532252938383,0.0928788665524447,-0.0014307096521406,0.0,0.0,0.471739649772644,-38.010986328125,0.2561057209968567,25.335426330566406,1.2131435871124268,2.933622360229492,-0.2581812441349029,0.0,0.0
1730046260.7017682,-0.0038359197155259,0.164968231940181,0.0065656284944282,-1.7972806274119053,-0.0012706480564142,1.9393095936414115,0.7944635988996458,0.0317078083753585,0.0317078083753585,0.000981218199821,0.2111723930058549,-0.000817784527122,0.1214714067739986,0.001829352830868,0.0854472444521445,-0.002454555947639,0.0,0.0,0.360655665397644,-37.2889404296875,0.2204001396894455,24.851417541503903,1.1948330402374268,2.833829879760742,-0.2371241301298141,0.0,0.0
1730046260.735101,-0.0038124039042157,0.1721285014156917,0.0065607462182886,-1.7929529085314675,-0.0012145532990763,1.9419173844624416,0.7943342686416511,0.0317078083753585,0.0317078083753585,-0.0001256295160339,0.21782882003339,-0.0006911813250325,0.1301679042104996,0.0029273252273961,0.084689797746433,-0.0025528069366298,0.0,0.0,0.360655665397644,-38.8441162109375,0.1807272881269455,25.29972076416016,1.2039883136749268,2.874113082885742,-0.2481104582548141,0.0,0.0
1730046260.768438,-0.0037761090396656,0.1795328239878156,0.0065327896733403,-1.7886891956438742,-0.001175068616318,1.944584835836361,0.7942294132880376,0.0317078083753585,0.0317078083753585,0.0005205386162532,0.2201294238098191,-0.0007292843081619,0.1256716614052818,8.183022609634398e-05,0.07339390631773,-0.0017572021727269,0.0,0.0,0.436034083366394,-38.6536865234375,0.2957785725593567,25.335426330566406,1.2131435871124268,2.943693161010742,-0.1766993254423141,0.0,0.0
1730046260.8017905,-0.0037435402653135,0.1869016395344561,0.0065231537897429,-1.7844386978792195,-0.0011197808746782,1.947551850173835,0.7941215547117098,0.0317078083753585,0.0317078083753585,0.0019333922868979,0.205776872172363,0.0006056916044928,0.1202934666983573,0.0036770778649456,0.0867454639237738,0.0002924982805415,0.0,0.0,0.324950098991394,-38.010986328125,0.2204001396894455,25.073585510253903,1.1856777667999268,2.903409957885742,-0.2481104582548141,0.0,0.0
1730046260.8351026,-0.003705076320903,0.1939339294021426,0.0065146678082594,-1.7801196973212063,-0.001058732369522,1.950433233609889,0.7940585172125221,0.0317078083753585,0.0317078083753585,0.0025572108089274,0.2116385954173254,0.000774113693969,0.1315442600706555,0.0009390907313053,0.0922483099734585,0.0005297563324895,0.0,0.0,0.471739649772644,-38.8441162109375,0.2957785725593567,24.811744689941406,1.2396938800811768,2.793546676635742,-0.2270533293485641,0.0,0.0
1730046260.8683977,-0.0036507970840179,0.2014383795004798,0.0065029647782967,-1.7756468421085938,-0.0009885085647916,1.9536532761768617,0.7939857364171625,0.0317078083753585,0.0317078083753585,-0.0002295435487609,0.2189775568030441,-0.0015517453397748,0.1183806871150278,0.0001362575669655,0.092964391441204,-0.0025737025229257,0.0,0.0,0.471739649772644,-39.45111083984375,0.3711569905281067,25.29972076416016,1.2213833332061768,2.864042282104492,-0.1867701262235641,0.0,0.0
1730046260.9017706,-0.0036149585600211,0.2087469565278481,0.0065039561545702,-1.7716812224349652,-0.0009216766533861,1.9567398054655525,0.7939194622338382,0.0317078083753585,0.0317078083753585,0.0022990778591547,0.2187790067421023,-0.0022926228364507,0.1191740954886048,0.0019857221177057,0.0976915217683592,-0.0010937331471998,0.0,0.0,0.400328516960144,-39.79229736328125,0.2204001396894455,25.486183166503903,1.2131435871124268,2.943693161010742,-0.1968409270048141,0.0,0.0
1730046260.9351034,-0.0035797394437221,0.2158849105095985,0.0065017950319759,-1.767487793017669,-0.0008813924164471,1.9592978032580488,0.7938481131919672,0.0317078083753585,0.0317078083753585,-0.0006750390126894,0.221666258867112,0.0011518316045869,0.1426555369292177,0.0031138575396983,0.0743298121917039,-0.0064582860660274,0.0,0.0,0.400328516960144,-38.8441162109375,0.2204001396894455,25.148963928222656,1.2305386066436768,2.953763961791992,-0.2270533293485641,0.0,0.0
1730046260.9684358,-0.0035438852369794,0.2230992266392605,0.0064929348729413,-1.7628961795404736,-0.0008261804242907,1.961889693112938,0.79378321719393,0.0317078083753585,0.0317078083753585,-0.0006054521859861,0.2159616075991663,-0.0024246668889856,0.132040225097758,0.0046293928558797,0.0777398637180775,-0.0038363583844349,0.0,0.0,0.436034083366394,-40.09381103515625,0.3314841389656067,24.811744689941406,1.2213833332061768,2.783475875854492,-0.2169825285673141,0.0,0.0
1730046261.0017722,-0.0035165211157665,0.2306208723467326,0.0064897650726948,-1.7586396339630224,-0.0007371872618118,1.964788601084248,0.7937070949949455,0.0317078083753585,0.0317078083753585,0.0002214166591129,0.2163150726441006,0.0002589435681848,0.1193843388512479,0.0029253027485751,0.0834935681586604,0.0005234339914152,0.0,0.0,0.471739649772644,-39.94305419921875,0.3314841389656067,25.224342346191406,1.2305386066436768,2.864042282104492,-0.2270533293485641,0.0,0.0
1730046261.0351086,-0.0034800570199588,0.2377467321623618,0.0064805888771943,-1.7546311182256815,-0.0006688876313882,1.9674659069920577,0.7936237825284588,0.0317078083753585,0.0317078083753585,-0.00010895569393,0.2119014359568248,0.0001441865132932,0.1219649965552956,0.0009841317582908,0.0743844875724576,-0.0102001294478232,0.0,0.0,0.436034083366394,-40.359619140625,0.3711569905281067,25.184669494628903,1.2305386066436768,2.874113082885742,-0.1666285246610641,0.0,0.0
1730046261.0684884,-0.0034274379099586,0.2450756425330081,0.0064771584533322,-1.7498720750539,-0.0005872645650794,1.970173868773099,0.7935651106586801,0.0317078083753585,0.0317078083753585,-9.24424264060021e-05,0.2141979563225842,-0.0012102781876615,0.1406030950319199,0.0004165899536419,0.0914857493344695,-0.0070921236276239,0.0,0.0,0.471739649772644,-40.2088623046875,0.3711569905281067,24.514198303222656,1.2131435871124268,2.783475875854492,-0.1968409270048141,0.0,0.0
1730046261.101731,-0.0033808811869119,0.2521838139020569,0.0064713127870835,-1.7457310486237825,-0.0005094541369312,1.9732610277244889,0.7935132468741641,0.0317078083753585,0.0317078083753585,9.397452861360854e-05,0.2236427898772771,-0.0026427801574737,0.1139676843903652,0.0046854127531301,0.0936292984424023,-0.0037352920289445,0.0,0.0,0.400328516960144,-40.5897216796875,0.3314841389656067,24.88712310791016,1.2131435871124268,2.783475875854492,-0.2371241301298141,0.0,0.0
1730046261.1351056,-0.0033364674906355,0.2594813086885464,0.006464265618138,-1.7417394570846043,-0.0004693540369834,1.9759869136620587,0.7934307235104155,0.0317078083753585,0.0317078083753585,0.0004591423692575,0.2253741436436072,-0.0007159524430322,0.1244106294364401,0.0049910335079638,0.0683785305196427,-0.0019489260956854,0.0,0.0,0.400328516960144,-41.232421875,0.3711569905281067,25.557594299316406,1.2039883136749268,3.053556442260742,-0.2270533293485641,0.0,0.0
1730046261.1685576,-0.0032787576394738,0.2669373862513517,0.0064551326173228,-1.7372070613591677,-0.000419831107513,1.978800079795261,0.7933392899031796,0.0317078083753585,0.0317078083753585,0.0026045883139515,0.2207223279709368,0.0004575913016447,0.1337691797637655,0.0051148132729599,0.0768217773735916,-0.0017421194410639,0.0,0.0,0.436034083366394,-40.47467041015625,0.3711569905281067,24.962501525878903,1.2580044269561768,2.864042282104492,-0.1666285246610641,0.0,0.0
1730046261.2018251,-0.0032416856951066,0.274020746315748,0.0064471909941077,-1.7326428137294498,-0.0003670694018019,1.9815519821938232,0.7932393116697607,0.0317078083753585,0.0317078083753585,5.604597838429289e-05,0.2149337388496199,0.006068829748183,0.1266096930093344,0.004212161498489,0.1006516712646483,-0.0008659022961776,0.0,0.0,0.471739649772644,-41.232421875,0.4068625569343567,24.549903869628903,1.2305386066436768,2.803617477416992,-0.1968409270048141,0.0,0.0
1730046261.2351043,-0.0032066857403906,0.2811681863150668,0.0064486401498642,-1.7286041827111942,-0.000298938307938,1.984172418151275,0.793109871311007,0.0317078083753585,0.0317078083753585,-0.0008102554790922,0.2224934859375758,0.0007922940280377,0.1156345928088394,0.0006467918021295,0.0837127876252146,-0.0098887008510019,0.0,0.0,0.471739649772644,-41.30780029296875,0.3711569905281067,25.29972076416016,1.2213833332061768,2.953763961791992,-0.1968409270048141,0.0,0.0
1730046261.2684512,-0.0031828378841206,0.2886824295711058,0.0064454434375119,-1.7241946814504785,-0.000226486881243,1.9869506697625223,0.7930617494508141,0.0317078083753585,0.0317078083753585,-0.0021467197683633,0.2161200298386415,-0.0038534286768346,0.1234155917812168,0.0012986755729615,0.0932711115148473,-0.0003413532092625,0.0,0.0,0.436034083366394,-41.83941650390625,0.3711569905281067,25.037879943847656,1.2131435871124268,2.843900680541992,-0.1968409270048141,0.0,0.0
1730046261.3017757,-0.0031443866196553,0.2957308028117865,0.0064422427850122,-1.719991219463259,-0.0001741075816111,1.9900064422513744,0.7930016793672546,0.0317078083753585,0.0317078083753585,0.0001440423498178,0.2095151150613904,-5.459619717264231e-05,0.1327754418702782,0.0039233116165229,0.090710362707576,-0.0038969636458931,0.0,0.0,0.400328516960144,-41.00628662109375,0.3711569905281067,24.549903869628903,1.1765224933624268,2.833829879760742,-0.2169825285673141,0.0,0.0
1730046261.335115,-0.00311006137228,0.302785476663574,0.0064417480321028,-1.715809902936303,-9.903080673087352e-05,1.9929923924576165,0.7929392038119041,0.0317081362009048,0.0317081362009048,0.0007871234100118,0.2183542089435855,0.000729129233583,0.1237652694787547,0.0044722642072163,0.0895537647618293,0.0001446148621614,0.0,0.0,0.400328516960144,-42.4464111328125,0.3314841389656067,25.073585510253903,1.2213833332061768,2.864042282104492,-0.2581812441349029,0.0,0.0
1730046261.368371,-0.0030698397114506,0.3104400146072544,0.0064301353474145,-1.711327913141368,-3.267072938520726e-05,1.9958401693936856,0.7928674508730803,0.0317081362009048,0.0317081362009048,0.0004792688434639,0.2225785352198039,-0.0003571884759973,0.1265956248064433,0.0008029507351388,0.0784761286432792,-0.0027040373630605,0.0,0.0,0.436034083366394,-42.86297607421875,0.4068625569343567,25.29972076416016,1.1948330402374268,2.963834762573242,-0.2581812441349029,0.0,0.0
1730046261.4017675,-0.0030481225279084,0.3176831757302359,0.0064224781937864,-1.7070527262711692,4.139740667771075e-05,1.9986196397164424,0.7927893235662669,0.0317081362009048,0.0317081362009048,0.0007002464098047,0.2146634263308258,0.0012592814075551,0.1299532434717066,0.0002708258967042,0.0825755048050382,-0.0054583300190845,0.0,0.0,0.400328516960144,-42.06951904296875,0.3711569905281067,24.514198303222656,1.2039883136749268,2.803617477416992,-0.2069117277860641,0.0,0.0
1730046261.4351122,-0.0030151365828853,0.3246778662487949,0.0064145551297305,-1.7027785182273565,0.0001242920032778,2.001280325208004,0.7927299246744598,0.0317081362009048,0.0317081362009048,0.0001181826443598,0.2168707267113319,-0.0044041231828761,0.1340902684904088,0.0037047159410007,0.0882834954958219,-0.0030669528420836,0.0,0.0,0.471739649772644,-42.52178955078125,0.4465354084968567,24.625282287597656,1.1673672199249268,2.884183883666992,-0.1867701262235641,0.0,0.0
1730046261.4684992,-0.0029892181029388,0.331933213150294,0.0064163543911387,-1.6984847307977626,0.000167633292224,2.003898928231931,0.7926528620308879,0.0317081362009048,0.0317081362009048,-0.0005422789238626,0.2088648263030641,0.0013460514059785,0.1227521444451355,0.0001976913681786,0.0752869084757236,-0.0027542866625833,0.0,0.0,0.471739649772644,-43.54534912109375,0.3711569905281067,24.77603912353516,1.2039883136749268,2.764249801635742,-0.2169825285673141,0.0,0.0
1730046261.5018587,-0.0029799726905086,0.3385622707519042,0.006401823434129,-1.695168522239204,0.0002145451988027,2.006292219659098,0.7925982248479606,0.0317078083753585,0.0317078083753585,-7.366755053757982e-05,0.1900839733733148,0.0002459596762833,0.0876585641381539,-0.0003671112456916,0.0759028711872585,-0.006523862680463,0.0,0.0,0.471739649772644,-44.45782470703125,0.4465354084968567,24.99820709228516,1.2039883136749268,2.813688278198242,-0.1666285246610641,0.0,0.0
1730046261.5351017,-0.0029643773633559,0.3442097508016739,0.0063983523391889,-1.6927294863968427,0.0002562196130256,2.0084080597887604,0.7925330160398365,0.0317078083753585,0.0317078083753585,0.0003325600654115,0.1613096514531227,-0.0008079119340499,0.0743213140883414,-0.0007676465775588,0.0545706625056542,-0.0044746012250565,0.0,0.0,0.436034083366394,-44.1920166015625,0.4465354084968567,25.52188873291016,1.2305386066436768,2.933622360229492,-0.2169825285673141,0.0,0.0
1730046261.568381,-0.0029483584872344,0.3493359678585394,0.0063947297188155,-1.6902143512966763,0.0003037101397508,2.010048644351172,0.7924858984420065,0.0317078083753585,0.0317078083753585,0.0005549105615471,0.1392504552887847,0.0014764545770145,0.0742171113102188,0.0033506792733852,0.0502508044415655,0.0016828610805701,0.0,0.0,0.436034083366394,-45.0648193359375,0.4465354084968567,25.29972076416016,1.2213833332061768,2.874113082885742,-0.2682520449161529,0.0,0.0
1730046261.60184,-0.0029412766394116,0.3534551148952417,0.0063848679461184,-1.6883161775886677,0.0003253954028239,2.011454966424278,0.79244502314762,0.0317078083753585,0.0317078083753585,8.413027762911243e-05,0.1099259203309811,-0.0024565420784622,0.0481666794089149,0.0003026823637521,0.0395704912361941,0.0017346637061839,0.0,0.0,0.471739649772644,-45.63214111328125,0.5219138264656067,25.783729553222656,1.2131435871124268,2.913480758666992,-0.2581812441349029,0.0,0.0
1730046261.6351032,-0.0029355784369337,0.3564864115044934,0.0063581609679455,-1.687085476298836,0.0003506319276692,2.012349309341697,0.7924009980939891,0.0317078083753585,0.0317078083753585,0.0011044772167081,0.0785255548514038,0.0006132251538369,0.0286166161876705,-0.0003361298340172,0.0247063361866092,-0.0003969194107363,0.0,0.0,0.436034083366394,-45.786865234375,0.5219138264656067,25.970191955566406,1.2305386066436768,2.973905563354492,-0.2069117277860641,0.0,0.0
1730046261.668445,-0.0029288487768338,0.3585158505741661,0.0063492238626838,-1.6862051048232782,0.0003641045973245,2.0129727471594885,0.7923782000107237,0.0317078083753585,0.0317078083753585,-0.0006811479395435,0.0451986093245717,0.0012167039163854,0.0276255119287967,-5.405284362083136e-05,0.0173415849132308,0.001340261196301,0.0,0.0,0.471739649772644,-45.86224365234375,0.4822409749031067,25.783729553222656,1.2131435871124268,2.923551559448242,-0.2481104582548141,0.0,0.0
1730046261.7017126,-0.0029036569629526,0.3595737958067708,0.0063361021991819,-1.6856304124604455,0.0003806786821666,2.013521030171647,0.7923423798844696,0.0317078083753585,0.0317078083753585,0.0004566931228916,0.0149342652509435,-0.0012629405800952,0.0058927093492851,0.0002980018016092,0.0117454497779993,-0.0021953686642487,0.0,0.0,0.436034083366394,-45.596435546875,0.5219138264656067,25.783729553222656,1.1948330402374268,2.853971481323242,-0.1556421965360641,0.0,0.0
1730046261.7351022,-0.0029014415030553,0.3596899887900273,0.0063326700862383,-1.6853594323081145,0.000392331574908,2.013755253083577,0.7923295185753462,0.0317078083753585,0.0317078083753585,-0.0063901649518281,-0.0037247623961838,-0.0017727387939416,-0.0024473833246321,0.0042798238945075,0.000169744318882,-0.0016369103075394,0.0,0.0,0.511412501335144,-44.7236328125,0.5219138264656067,24.99820709228516,1.0501797199249268,2.703824996948242,-0.1455713957548141,0.0,0.0
1730046261.768436,-0.0029362214744445,0.3598526507844646,0.0063417941220139,-1.6855395813263785,0.0001750110376995,2.013511485143218,0.7926265462842061,0.0317078083753585,0.0317078083753585,0.0006377948549124,0.0072461694968261,0.0002758441619202,-0.0059377219909681,-0.0011459775064885,-0.0063402398116091,0.0131594209642978,0.0,0.0,0.400328516960144,-41.121337890625,0.5219138264656067,23.133583068847656,0.761788547039032,2.514310836791992,-0.1556421965360641,0.0,0.0
1730046261.8017678,-0.0029459019811673,0.3604881549237294,0.0063409118181931,-1.6862083293868884,0.0001046733364888,2.0132261889900342,0.7928893636497714,0.0317078083753585,0.0317078083753585,0.0009587680161487,0.028400341064115,0.0032889943626558,-0.0259212486594246,0.0009242427882466,-0.0113270123576337,0.0016020527390706,0.0,0.0,0.324950098991394,-42.2559814453125,0.4822409749031067,23.954811096191406,0.789254367351532,2.583890914916992,-0.0952173918485641,0.0,0.0
1730046261.8351042,-0.0029384784714917,0.3613528644826545,0.0063421783245912,-1.6870715657990127,6.264491342620177e-05,2.0128127957205955,0.7930214938195895,0.0317078083753585,0.0317078083753585,0.0011712685715644,0.0331651987044349,0.0009854209114638,-0.0254376446317747,0.0002555244247964,-0.0118820721118638,0.0059749680868081,0.0,0.0,0.2495716959238052,-43.3192138671875,0.5219138264656067,24.327735900878903,0.861581027507782,2.644315719604492,-0.1052881926298141,0.0,0.0
1730046261.868436,-0.0029137678523936,0.3624239738749711,0.0063601636518521,-1.6876780754923753,5.117076622916349e-05,2.0123855827509978,0.7930583200835246,0.0317078083753585,0.0317078083753585,-0.0003595534727567,0.0303431527507734,-0.0005969152191671,-0.0103126401331809,0.0005395042389626,-0.0061975949998241,0.0008494749825874,0.0,0.0,0.1741932779550552,-44.1920166015625,0.4465354084968567,24.549903869628903,0.834115207195282,2.644315719604492,-0.0851465910673141,0.0,0.0
1730046261.901769,-0.0029164143448173,0.3634631345586915,0.0063691903252286,-1.688133910417375,4.58752624016564e-05,2.012255741132704,0.7930761602349204,0.0317078083753585,0.0317078083753585,-0.000850587441184,0.0275705613603848,0.0001050861351814,-0.012721052287616,0.0001571178573411,-0.000814132951792,0.0009738903514356,0.0,0.0,0.2495716959238052,-44.45782470703125,0.4068625569343567,24.589576721191406,0.824959933757782,2.614103317260742,-0.1153589934110641,0.0,0.0
1730046261.9351025,-0.0029483448284882,0.3641909098158349,0.0063506101025724,-1.6884958214328198,3.573293633970021e-05,2.0122096503316063,0.7930889960277627,0.0317078083753585,0.0317078083753585,-0.0013171046297141,0.0150626694118822,-0.0013130150836995,-0.015233863662011,-4.570229852605685e-05,0.0002670681618931,0.0024585086383861,0.0,0.0,0.436034083366394,-44.533203125,0.5972922444343567,24.625282287597656,0.843270480632782,2.583890914916992,-0.1355005949735641,0.0,0.0
1730046261.968412,-0.0029833201595167,0.3645961943287126,0.0063325794685779,-1.6887028370720532,3.093928916721861e-05,2.012141570698333,0.7930980674518147,0.0317078083753585,0.0317078083753585,-0.0014441599757284,0.0111870696850324,-0.0010568053011812,0.0004014511687706,0.0004290607021113,-0.0013573159469453,-0.0010594274943531,0.0,0.0,0.586790919303894,-44.7236328125,0.6726706624031067,24.625282287597656,0.843270480632782,2.634244918823242,-0.0540186613798141,0.0,0.0
1730046262.001788,-0.0030105182550025,0.3648241672532905,0.0063354256969503,-1.6890812051475748,4.28656914896127e-07,2.0121202323971588,0.7931598600693541,0.0317078083753585,0.0317078083753585,-0.0003333607805753,0.0035043157866779,0.0011878496283984,-0.0182190224902475,-0.000765157220336,-0.0009343600680174,-0.0011814446043012,0.0,0.0,0.471739649772644,-42.22027587890625,0.5576193928718567,23.954811096191406,0.815804660320282,2.654386520385742,-0.0640894621610641,0.0,0.0
1730046262.0351014,-0.0030009479183722,0.3653709969386624,0.0063302099698154,-1.6896734367260444,-1.781758174298505e-05,2.012692742984022,0.7931923161784611,0.0317087918519973,0.0317087918519973,0.0004900275971687,0.0172044964369643,0.0015187423635966,-0.01587117518102,-0.00027470450365,0.0394294382526409,0.0017145709360091,0.0,0.0,0.360655665397644,-41.99017333984375,0.6329978108406067,23.50650787353516,0.807564914226532,2.664457321166992,-0.1254297941923141,0.0,0.0
1730046262.068549,-0.0029705193209043,0.366541423787304,0.0063443539266671,-1.6905461367528485,-2.6539711026769097e-05,2.014645453660308,0.7931948465953269,0.0317087918519973,0.0317087918519973,-0.0005663323365588,0.0417804420048195,0.0011585300475761,-0.0239512070725845,-0.0032316777138572,0.0760469359553078,0.0004714430002224,0.0,0.0,0.2495716959238052,-41.4625244140625,0.4465354084968567,22.832069396972656,0.770943820476532,2.723966598510742,-0.1052881926298141,0.0,0.0
1730046262.1017344,-0.0029513448719547,0.3685025692798135,0.0063520202827072,-1.6915798749990842,-3.393176698068304e-05,2.0181138185883034,0.793192667979358,0.0317087918519973,0.0317087918519973,-0.0014137525348759,0.0705914733470477,-0.0001120985862143,-0.0328010650695364,5.4652007302974426e-05,0.1312221136260039,0.0008584631200926,0.0,0.0,0.2495716959238052,-40.77618408203125,0.3711569905281067,22.609901428222656,0.780099093914032,2.693754196166992,-0.0952173918485641,0.0,0.0
1730046262.1351073,-0.0029294123495494,0.3715252348417521,0.0063527449724818,-1.6928034015371416,-4.05837209101355e-05,2.023373785481318,0.7931847479299673,0.0317087918519973,0.0317087918519973,0.0014849134180384,0.1094430648392497,-0.0011901978435046,-0.0407570988664838,-0.0016040223387483,0.1795203484330305,-0.0023431235041263,0.0,0.0,0.2098988443613052,-40.32391357421875,0.3711569905281067,22.312355041503903,0.753548800945282,2.703824996948242,-0.0540186613798141,0.0,0.0
1730046262.1684463,-0.0029352470861425,0.375660572708815,0.006340428041501,-1.694389427545162,-4.252152108621632e-05,2.03040862693305,0.7931865436181018,0.0317078083753585,0.0317078083753585,0.0006558744679425,0.139519763246321,0.0003442163527065,-0.0587792694624633,5.232916583785173e-05,0.229504862096358,0.0007814732169816,0.0,0.0,0.2495716959238052,-40.66510009765625,0.4068625569343567,22.197303771972656,0.770943820476532,2.644315719604492,-0.1153589934110641,0.0,0.0
1730046262.2018871,-0.0029453173500391,0.3811043597472188,0.0063146596247281,-1.696522480904857,-5.5841558689690766e-05,2.0392771531559464,0.7931842695524295,0.0317078083753585,0.0317078083753585,-0.000175680875735,0.1764370394156066,-0.0006031850655757,-0.0658265531091933,0.0004393748238786,0.2507729795082816,0.0016915749326937,0.0,0.0,0.360655665397644,-41.83941650390625,0.3711569905281067,22.423439025878903,0.761788547039032,2.614103317260742,-0.1254297941923141,0.0,0.0
1730046262.235101,-0.0029377823996201,0.3873808348622892,0.0062267903235393,-1.6989778583276012,-6.493577927787526e-05,2.0477102959496745,0.7931712087783215,0.0317078083753585,0.0317078083753585,0.0013044102168476,0.199275706205725,-0.0071811353856391,-0.0855385464601039,-0.0044873486048557,0.2601722676206635,-0.0013251335280263,0.0,0.0,0.285277247428894,-42.59716796875,0.3711569905281067,22.832069396972656,0.761788547039032,2.723966598510742,-0.0640894621610641,0.0,0.0
1730046262.2684052,-0.002946263506556,0.3940634500229337,0.0061203708190108,-1.701970212853952,-6.8329314717241e-05,2.056475927685168,0.7931686475963617,0.0317078083753585,0.0317078083753585,0.0001477991355714,0.1958224193655416,-0.0049609775117782,-0.1013804122431096,0.0008095265153561,0.2657692071296736,-0.0004677965230406,0.0,0.0,0.360655665397644,-43.7000732421875,0.4822409749031067,22.907447814941406,0.744393527507782,2.654386520385742,-0.0851465910673141,0.0,0.0
1730046262.3018277,-0.0029348593924652,0.4008405359318692,0.0059928348179466,-1.705314507003834,-8.85016085980804e-05,2.0649157038204238,0.793157075612513,0.0317078083753585,0.0317078083753585,9.072579741332162e-05,0.1994836812660302,-0.002529697353049,-0.0982754120265422,0.0001279052010409,0.2451351443512968,-0.0018578558486381,0.0,0.0,0.285277247428894,-43.850830078125,0.3314841389656067,23.466835021972656,0.753548800945282,2.813688278198242,-0.0640894621610641,0.0,0.0
1730046262.335102,-0.0029342104040633,0.4074852668331717,0.0058789503457743,-1.7085013477235762,-0.0001052770625027,2.0733846610741256,0.7931539307885752,0.031707476824522,0.031707476824522,0.0001813747896639,0.2027674825336135,-0.0028384922091058,-0.0920105002116463,-0.0001042059305969,0.2542381772579332,0.0010311510507768,0.0,0.0,0.324950098991394,-45.67181396484375,0.4068625569343567,24.176979064941406,0.761788547039032,2.943693161010742,-0.1254297941923141,0.0,0.0
1730046262.3683946,-0.002928856742295,0.4143320597876126,0.0057241287700118,-1.7116856564836662,-0.0001381980487155,2.0817844129135,0.7931418047516887,0.031707476824522,0.031707476824522,0.0002662573467408,0.1986140283488544,-0.0027336142624863,-0.0871216021389908,-0.0006292657754439,0.2365582191958074,0.001107122018345,0.0,0.0,0.324950098991394,-46.27880859375,0.3711569905281067,24.25235748291016,0.770943820476532,2.884183883666992,-0.1455713957548141,0.0,0.0
1730046262.4017687,-0.0029330694817433,0.4204895146303393,0.0055864445266325,-1.7146687546587946,-0.0001574756876756,2.0899576983681887,0.7931216108245505,0.031707476824522,0.031707476824522,-0.0005290268955173,0.1717460321337248,-0.0063431904821186,-0.0910766926202748,-0.0033945942427026,0.2655646553909343,0.0009663410766997,0.0,0.0,0.400328516960144,-46.4295654296875,0.4822409749031067,24.625282287597656,0.761788547039032,2.983976364135742,-0.1355005949735641,0.0,0.0
1730046262.435102,-0.0029249591881638,0.4261258375654277,0.0054481724891785,-1.7173333018896726,-0.0001693301787034,2.098562905044532,0.7930964581020591,0.031707476824522,0.031707476824522,-0.000571606992131,0.1690321145697441,-0.001762683515892,-0.0733493129342061,-0.0004288649276823,0.2531785598243253,0.0003043887756718,0.0,0.0,0.360655665397644,-45.7471923828125,0.3314841389656067,23.804054260253903,0.761788547039032,2.864042282104492,-0.1254297941923141,0.0,0.0
1730046262.4683862,-0.0029171036450146,0.4313914713723908,0.0052650499198836,-1.719866585125883,-0.0001718086014035,2.1070606802377823,0.7930571261841364,0.031707476824522,0.031707476824522,0.0011803524150923,0.1525107642169364,-0.0062353773722454,-0.0830673749396424,0.000239419840022,0.2676676436069373,-0.001677081844376,0.0,0.0,0.400328516960144,-45.9376220703125,0.4822409749031067,23.915138244628903,0.726082980632782,2.933622360229492,-0.1455713957548141,0.0,0.0
1730046262.5018191,-0.0029221018603946,0.4366383109572797,0.005047539951721,-1.7224822038855827,-0.0001918887472172,2.116254219467401,0.7930154099395558,0.031707476824522,0.031707476824522,-0.0005387383672256,0.1537462548586871,-0.0100542601463353,-0.0658332492569165,0.0002539144214554,0.2570675094609512,-0.0002753392552439,0.0,0.0,0.471739649772644,-46.01300048828125,0.4465354084968567,23.83975982666016,0.735238254070282,2.833829879760742,-0.1153589934110641,0.0,0.0
1730046262.535102,-0.0029221018430222,0.4417239795863924,0.0048723478416915,-1.7246423721649284,-0.0002061339817059,2.12450882711928,0.7929635001517994,0.0317078083753585,0.0317078083753585,-8.933304143372813e-05,0.1506127618275161,0.0003786961009218,-0.0626088884393068,2.6022587571575077e-05,0.2635021944854593,-0.0034244481872991,0.0,0.0,0.471739649772644,-45.786865234375,0.5576193928718567,23.581886291503903,0.735238254070282,2.874113082885742,-0.1355005949735641,0.0,0.0
1730046262.5683713,-0.0029153375445668,0.4467935089071775,0.0047447820489404,-1.7268549870550831,-0.0002101035677004,2.1334481977081188,0.7929133266659191,0.0317078083753585,0.0317078083753585,-0.0023084943780438,0.1437885842632741,-0.004480608189132,-0.0595870990798571,0.0002637533494948,0.272097136617203,0.000182998984635,0.0,0.0,0.511412501335144,-45.3663330078125,0.4465354084968567,23.431129455566406,0.726082980632782,2.874113082885742,-0.1556421965360641,0.0,0.0
1730046262.6017685,-0.0028770027179823,0.4515867760406579,0.0046541370017596,-1.7289258861432346,-0.000210567311492,2.142192555165504,0.7928421338653905,0.0317078083753585,0.0317078083753585,0.0011796584041753,0.1485064197342998,0.0006564028842594,-0.0633219075586621,1.0043941768252146e-06,0.2614694754990233,-0.0038972459384705,0.0,0.0,0.324950098991394,-44.3824462890625,0.3314841389656067,22.832069396972656,0.716927707195282,2.813688278198242,-0.1455713957548141,0.0,0.0
1730046262.6351027,-0.0028311638291029,0.4565149060759341,0.0044892256122204,-1.7310687155193227,-0.0002119491833904,2.151241631520393,0.7927485364158035,0.0317078083753585,0.0317078083753585,0.0004598704456019,0.1534613817232547,-0.0075491648343715,-0.0665489930577332,-0.0046721460926915,0.2787559425631961,-0.0062786790356931,0.0,0.0,0.400328516960144,-44.98944091796875,0.3711569905281067,22.720985412597656,0.699532687664032,2.734037399291992,-0.0952173918485641,0.0,0.0
1730046262.668421,-0.0028127052379988,0.4615975346640599,0.0043491600646049,-1.733520395934198,-0.0002214817558374,2.159936711259271,0.7926900097956208,0.0317084640264511,0.0317084640264511,0.0020791591218264,0.1528373459806025,-0.006300202762555,-0.0781891572846596,9.222849871091916e-05,0.2468788786366554,-0.0008508348160182,0.0,0.0,0.324950098991394,-45.29095458984375,0.4822409749031067,23.09391021728516,0.699532687664032,2.793546676635742,-0.1766993254423141,0.0,0.0
1730046262.701815,-0.0027851679232542,0.4672418360905588,0.0041619549431116,-1.735869886135387,-0.0002304415409889,2.1684738864929898,0.792635211965897,0.0317084640264511,0.0317084640264511,0.0008189501018486,0.1648200223496179,-0.0052088254709266,-0.067251078736284,-0.0006881584600172,0.2683484055719439,0.0006250238213235,0.0,0.0,0.324950098991394,-45.89794921875,0.2957785725593567,23.244667053222656,0.707772433757782,2.943693161010742,-0.1968409270048141,0.0,0.0
1730046262.735103,-0.0027765937793479,0.4726979045399824,0.0040243750283745,-1.7383197879144787,-0.0002359171339405,2.177284988500131,0.792509290436216,0.0317084640264511,0.0317084640264511,0.0006881879311424,0.1605096412983487,-0.0061205715583014,-0.0770026396407704,-0.0006688444747721,0.2522154092709097,0.0014816040457082,0.0,0.0,0.400328516960144,-45.786865234375,0.3314841389656067,22.947120666503903,0.699532687664032,2.853971481323242,-0.2270533293485641,0.0,0.0
1730046262.7685385,-0.002767264815797,0.478254935843792,0.0039059444110411,-1.7407452994082329,-0.0002386636644446,2.186029042094052,0.7923836406900086,0.0317084640264511,0.0317084640264511,-0.0001659144004425,0.162141954999669,-0.0010110395000145,-0.0776124188254168,-0.0001612222101992,0.2735824924390274,-0.0052784544258808,0.0,0.0,0.436034083366394,-45.10052490234375,0.2561057209968567,22.57022857666016,0.681222140789032,2.813688278198242,-0.1766993254423141,0.0,0.0
1730046262.801854,-0.0027467119017711,0.4837112365466509,0.0037555896501633,-1.743234694331063,-0.0002457540364064,2.1951206965121144,0.7923089364527292,0.0317084640264511,0.0317084640264511,-0.0001511180096717,0.1680636960585443,-0.0020775536834531,-0.0792917508626327,0.0007195981550839,0.2723839120951745,-0.0042419113567415,0.0,0.0,0.511412501335144,-45.9376220703125,0.4465354084968567,22.609901428222656,0.662911593914032,2.754179000854492,-0.2371241301298141,0.0,0.0
1730046262.8351011,-0.0027140383389556,0.4891014988386682,0.0035903664258304,-1.746041365009031,-0.0002596164493759,2.203410808498912,0.7922208137168044,0.0317078083753585,0.0317078083753585,-0.0007264167361358,0.1600271623575978,-0.00642760174005,-0.0915083377800335,-0.0012720277628986,0.255565668844108,-0.0014195784601327,0.0,0.0,0.360655665397644,-45.97332763671875,0.2957785725593567,22.87174224853516,0.707772433757782,2.903409957885742,-0.2069117277860641,0.0,0.0
1730046262.8685088,-0.0026831471907512,0.4948775819904433,0.0034472861301561,-1.7488092590535076,-0.0002654044225337,2.2120706699586066,0.7920170833696892,0.0317078083753585,0.0317078083753585,0.0015448754650445,0.1736855306012083,-0.0054592011269086,-0.0773428224570483,-0.0012288339091198,0.2627976430923213,-0.0140395418207964,0.0,0.0,0.436034083366394,-46.69537353515625,0.4465354084968567,23.169288635253903,0.662911593914032,2.913480758666992,-0.2481104582548141,0.0,0.0
1730046262.9018495,-0.0026672601824044,0.5004774730339366,0.0033319293026451,-1.75118177686458,-0.0002781869034121,2.220439747497966,0.7918635191545107,0.0317078083753585,0.0317078083753585,0.0021041005192713,0.1679817008995831,-0.0066039030701246,-0.0710608837480433,-0.000253002840108,0.2532458944678899,-0.0012596832665485,0.0,0.0,0.436034083366394,-46.1280517578125,0.3314841389656067,23.058204650878903,0.662911593914032,2.963834762573242,-0.2270533293485641,0.0,0.0
1730046262.9351065,-0.0026473825771123,0.5059240610983639,0.003188022183293,-1.7534381346834338,-0.0002888992125643,2.229228158691475,0.7917060611072029,0.0317078083753585,0.0317078083753585,-0.0003507449657124,0.1709955493490197,-0.0060278489578926,-0.0651577141483743,9.097370700196672e-05,0.2668360961204749,-0.0004347053968833,0.0,0.0,0.471739649772644,-45.9376220703125,0.4068625569343567,22.609901428222656,0.662911593914032,2.913480758666992,-0.2270533293485641,0.0,0.0
1730046262.968443,-0.0026344240543935,0.5112514454389012,0.0030765031825942,-1.7558959674983787,-0.0002987827463075,2.238018915341409,0.7914283062938746,0.031707476824522,0.031707476824522,0.0015181261412699,0.1630462243922292,-0.0005365036836719,-0.0745213546565704,0.0001126435303743,0.2452587770982928,-0.0050810949991395,0.0,0.0,0.511412501335144,-46.73504638671875,0.4068625569343567,22.756690979003903,0.662911593914032,2.884183883666992,-0.2270533293485641,0.0,0.0
1730046263.0017686,-0.0025799363790927,0.5167302374868962,0.0029349931992597,-1.7585948472989423,-0.000322553516745,2.246659844457476,0.7911490793611463,0.031707476824522,0.031707476824522,0.0023957487735762,0.1631034696465623,-0.0045829420947608,-0.0724682380944591,-0.0035278790252221,0.2707568885909425,-0.0025033062009585,0.0,0.0,0.360655665397644,-46.46923828125,0.2957785725593567,22.645606994628903,0.618050754070282,2.933622360229492,-0.2883936464786529,0.0,0.0
1730046263.0351024,-0.002534432467822,0.5222130116061467,0.0028258000921681,-1.761143561107973,-0.000331498307949,2.2554464788608515,0.7908041789016379,0.031707476824522,0.031707476824522,-0.0008934660831661,0.1681440363521711,-0.0027424723267719,-0.0604689410467839,0.0002911697217213,0.2558954706389088,-0.0132835137508667,0.0,0.0,0.547118067741394,-46.84613037109375,0.3314841389656067,22.685279846191406,0.653756320476532,2.874113082885742,-0.2371241301298141,0.0,0.0
1730046263.0685258,-0.0024991917845388,0.5277154058426838,0.0027101466069735,-1.7634713968654692,-0.0003381842314479,2.2639333789023404,0.7904947331106066,0.031707476824522,0.031707476824522,-0.001275920650109,0.1653607319578748,-0.000112037550667,-0.0678214741261291,0.0003495605489624,0.2641753022956071,-0.0117200718847639,0.0,0.0,0.547118067741394,-46.27880859375,0.3711569905281067,22.312355041503903,0.618050754070282,3.033414840698242,-0.2682520449161529,0.0,0.0
1730046263.1017687,-0.0024714426345357,0.5329611064910409,0.0025417424023879,-1.765679971243588,-0.0003483806433402,2.273028509511757,0.7901749265196385,0.031707476824522,0.031707476824522,-0.0007280933897889,0.1573848112263302,-0.0066186259986697,-0.0677274067372042,-7.885440580925614e-05,0.2629903005676515,-0.0149901119909981,0.0,0.0,0.511412501335144,-46.46923828125,0.4465354084968567,22.23697662353516,0.636361300945282,2.823759078979492,-0.2069117277860641,0.0,0.0
1730046263.1351018,-0.0024608336953811,0.5382188978046555,0.0024005298407574,-1.7679953538007245,-0.0003494606647432,2.2814527076591817,0.789833400188875,0.031707476824522,0.031707476824522,-0.0006938332048626,0.1581897526991318,-0.0027376488193992,-0.0739225566942921,0.0007701626377516,0.2554919413043913,-0.0063455977030823,0.0,0.0,0.547118067741394,-47.03656005859375,0.4465354084968567,22.050514221191406,0.599740207195282,2.903409957885742,-0.2682520449161529,0.0,0.0
1730046263.1683948,-0.0023745191009704,0.54340285877134,0.0022616498544241,-1.7707753338577736,-0.0003654799514268,2.290216534512625,0.7895325356156792,0.031707476824522,0.031707476824522,0.0024292009429247,0.1553740686472493,-0.0088101107637401,-0.0826706634390614,-0.0002084773714719,0.2622327993987436,-0.013853332133878,0.0,0.0,0.511412501335144,-46.4295654296875,0.4465354084968567,22.197303771972656,0.618050754070282,2.913480758666992,-0.2069117277860641,0.0,0.0
1730046263.201821,-0.0023076275374723,0.5489580888126023,0.0021855537239317,-1.773421563385137,-0.000373481900234,2.2989437579570797,0.7893434393866641,0.0317078083753585,0.0317078083753585,0.0045161263183376,0.1613815827794696,-0.0017295402192906,-0.0721573525661199,0.0003849041329144,0.2499027404350972,-0.0122841019413671,0.0,0.0,0.436034083366394,-46.84613037109375,0.2957785725593567,22.086219787597656,0.590584933757782,2.983976364135742,-0.2371241301298141,0.0,0.0
1730046263.2351055,-0.0022659565185737,0.5542564506579111,0.0020661132349728,-1.7759205777976028,-0.000386134271908,2.3075938162250047,0.7890979338328684,0.0317078083753585,0.0317078083753585,0.0014873753857071,0.1625486579744835,-0.0023602088815056,-0.0753166893783462,-0.0004676856878024,0.2584312373367949,-0.009027176859057,0.0,0.0,0.360655665397644,-46.31451416015625,0.2204001396894455,21.93546295166016,0.618050754070282,2.903409957885742,-0.2371241301298141,0.0,0.0
1730046263.2684412,-0.0022168772574173,0.5597229636309817,0.001855670990649,-1.7779688537738907,-0.0003906759539189,2.316252068551007,0.7887378442756879,0.0317078083753585,0.0317078083753585,0.0041405510524282,0.1642794893750599,-0.0083102158580332,-0.054337331486053,0.0044549668172922,0.2544316621813765,-0.0126257707816697,0.0,0.0,0.436034083366394,-46.961181640625,0.3711569905281067,21.864051818847656,0.582345187664032,2.923551559448242,-0.2682520449161529,0.0,0.0
1730046263.30177,-0.002221121249527,0.5653556297062632,0.0016945105843387,-1.780307637839014,-0.0004098506901975,2.324887476091752,0.7882841519263704,0.0317078083753585,0.0317078083753585,-0.0017705227902717,0.1600479773505516,-0.0053737697099512,-0.0771742420430149,-2.6647506108448035e-05,0.2664595191357083,-0.015131078601954,0.0,0.0,0.547118067741394,-47.1119384765625,0.4068625569343567,21.18961334228516,0.582345187664032,2.813688278198242,-0.1968409270048141,0.0,0.0
1730046263.3351014,-0.0021821771009992,0.5707578744567979,0.0016091219444742,-1.7830767629054158,-0.0004176339007606,2.333837318037328,0.7878037768023956,0.031707476824522,0.031707476824522,0.0018633163110928,0.1636463462945663,-0.0042324617416472,-0.0785909785756323,-0.0008274508961454,0.259118499365547,-0.017739126007557,0.0,0.0,0.400328516960144,-46.961181640625,0.3314841389656067,21.376075744628903,0.608895480632782,2.823759078979492,-0.2581812441349029,0.0,0.0
1730046263.3685102,-0.0021088112046461,0.5763647625751678,0.0015268797514179,-1.7857999702925056,-0.0004232145446751,2.342374382149664,0.7872986824614241,0.031707476824522,0.031707476824522,0.0014494452080895,0.1584534874032468,-0.0041594560442693,-0.0805960047470224,-3.974379186040848e-05,0.25970881635498,-0.0232731964824569,0.0,0.0,0.400328516960144,-47.56817626953125,0.2561057209968567,21.788673400878903,0.573189914226532,3.003202438354492,-0.1867701262235641,0.0,0.0
1730046263.401786,-0.0020880130169363,0.5817960394752094,0.001423939307105,-1.788215204543569,-0.000440127590336,2.3513130657296983,0.7869409104039609,0.031707476824522,0.031707476824522,0.0008890844451604,0.1650426219664557,-0.0091720444970697,-0.0612265315179456,0.0005122112324295,0.2618128639952617,-0.0176891997922089,0.0,0.0,0.471739649772644,-46.73504638671875,0.4068625569343567,21.526832580566406,0.564034640789032,2.943693161010742,-0.2783228456974029,0.0,0.0
1730046263.435102,-0.0020896833842725,0.5872707243931212,0.0012617812153614,-1.79029815181951,-0.0004501196402061,2.359718650836969,0.7865517536109286,0.031707476824522,0.031707476824522,-0.0009370592509303,0.1652032571915963,-0.0049281315885968,-0.0715617144570622,-0.0008399305520844,0.2637646460255807,-0.0103745349614297,0.0,0.0,0.586790919303894,-47.1119384765625,0.4068625569343567,21.30069732666016,0.599740207195282,2.813688278198242,-0.3085352480411529,0.0,0.0
1730046263.468439,-0.0020719773895495,0.5926197714853513,0.0011067371317636,-1.792733412051237,-0.0004557662645429,2.368266311818277,0.7860856791413302,0.0317078083753585,0.0317078083753585,0.002025636393695,0.1626486533964202,-0.0030463652373211,-0.0794745705796943,-0.0002375102899158,0.2617982225110273,-0.0110919194281094,0.0,0.0,0.511412501335144,-47.6832275390625,0.4465354084968567,21.526832580566406,0.564034640789032,2.963834762573242,-0.2169825285673141,0.0,0.0
1730046263.501825,-0.0019990049596148,0.5981312273415467,0.0009949128732096,-1.7953923001520466,-0.0004615640576145,2.376911667679244,0.7856081077439755,0.0317078083753585,0.0317078083753585,0.0039856847430298,0.1576921264069379,-0.0004996984255776,-0.0784408442986883,-0.0005239851418446,0.241977735517216,-0.0144587032750207,0.0,0.0,0.471739649772644,-47.9847412109375,0.4465354084968567,21.30069732666016,0.573189914226532,2.884183883666992,-0.2270533293485641,0.0,0.0
1730046263.5351017,-0.0019230003486278,0.6031557188637151,0.0009379812258154,-1.797977711755658,-0.0004771536981736,2.3843042347766974,0.7850970691070338,0.0317078083753585,0.0317078083753585,0.0002834479607633,0.1411224254568195,0.0014674472993246,-0.0816795571713978,0.0004344843526932,0.2103150163031496,-0.0144753321884023,0.0,0.0,0.436034083366394,-48.55206298828125,0.2204001396894455,21.637916564941406,0.545724093914032,2.943693161010742,-0.2883936464786529,0.0,0.0
1730046263.5684435,-0.001895151815797,0.6076235252874909,0.000860426401002,-1.8001678693403955,-0.0005026028108113,2.3899703329888955,0.7846112004851489,0.0317078083753585,0.0317078083753585,-0.0008150371345798,0.1293145915384133,-0.0013196247418406,-0.0586505494261173,9.97327272774434e-05,0.1471107422552951,-0.0129183955200611,0.0,0.0,0.547118067741394,-48.8575439453125,0.3711569905281067,21.93546295166016,0.564034640789032,3.013273239135742,-0.2682520449161529,0.0,0.0
1730046263.6017191,-0.0018955403366662,0.6116511033863763,0.0007320479793509,-1.8017183085827524,-0.000519068133372,2.3941342249544952,0.7841296113761609,0.0317078083753585,0.0317078083753585,-0.0010461993580804,0.107080483690045,-0.0054561620135418,-0.0395015540223287,-0.0010096246521529,0.1094947474171621,-0.0162893183776851,0.0,0.0,0.586790919303894,-50.14691162109375,0.4465354084968567,22.272682189941406,0.573189914226532,3.083768844604492,-0.2270533293485641,0.0,0.0
1730046263.635103,-0.0018916068039046,0.6146182680842417,0.0006190577997819,-1.8030433961170107,-0.0005269963005841,2.396744814065586,0.7838766769231098,0.0317078083753585,0.0317078083753585,0.0001998114599088,0.0757390856569237,-0.0033997560942851,-0.0372881251962322,0.0004768630586074,0.0624360888285192,-0.0009999746458259,0.0,0.0,0.511412501335144,-50.48809814453125,0.4465354084968567,22.45914459228516,0.554879367351532,3.143278121948242,-0.2581812441349029,0.0,0.0
1730046263.668517,-0.0018614545812993,0.6165593111407915,0.0005808668220979,-1.803936068758352,-0.0005404896508817,2.3980551154928222,0.7837310034493454,0.0317084640264511,0.0317084640264511,0.0018806269572477,0.0432755071345377,0.0001239002721663,-0.021594473587431,-0.0039050502655591,0.0219978147297202,-0.0003884961014194,0.0,0.0,0.324950098991394,-51.05938720703125,0.3314841389656067,22.796363830566406,0.554879367351532,3.203702926635742,-0.2481104582548141,0.0,0.0
1730046263.7017903,-0.0018277440907188,0.6172643840770787,0.0005800654600065,-1.804304752827433,-0.000549986989635,2.398344214814496,0.783568701511659,0.0317084640264511,0.0317084640264511,-0.0009039773644322,0.0117095215260716,0.0003189598459604,-0.0035361761210413,-0.0046332165757405,-0.0063917247898926,-0.0040131675587218,0.0,0.0,0.436034083366394,-50.75390625,0.2957785725593567,22.720985412597656,0.545724093914032,3.123136520385742,-0.2682520449161529,0.0,0.0
1730046263.735103,-0.0018687063813346,0.6175966892803436,0.0006172784173567,-1.8045262710296168,-0.0005458564379131,2.397832120730215,0.7836878704510194,0.0317084640264511,0.0317084640264511,-0.0006661608985418,0.0130057475987146,0.0021580719467637,-0.0045898713331477,-0.0021400940810933,-0.0278140335753551,0.0020373242745799,0.0,0.0,0.400328516960144,-44.75933837890625,0.4465354084968567,20.479469299316406,0.627206027507782,2.683683395385742,-0.0952173918485641,0.0,0.0
1730046263.768425,-0.0018973548493986,0.6185190702368568,0.0006075210232544,-1.804631704979922,-0.0005449486230961,2.3971124277482554,0.7839002629726626,0.0317084640264511,0.0317084640264511,0.0007083919779484,0.0366869848306614,0.0003896940084245,-0.0120135913612638,-0.0003283598093715,-0.0177036554191497,0.0069314004247636,0.0,0.0,0.400328516960144,-46.50494384765625,0.6329978108406067,20.479469299316406,0.590584933757782,2.624174118041992,-0.1254297941923141,0.0,0.0
1730046263.801768,-0.0019116921340322,0.6194791020764824,0.0006100661747086,-1.805037225262832,-0.0005469668371196,2.396681117054136,0.7839719739428302,0.0317078083753585,0.0317078083753585,0.0008991876009091,0.0289658479870605,-9.491725833097048e-05,-0.0223341420326693,-0.000300443220557,-0.0081023243245336,0.0054139785441102,0.0,0.0,0.285277247428894,-47.342041015625,0.6726706624031067,20.927772521972656,0.608895480632782,2.644315719604492,-0.1556421965360641,0.0,0.0
1730046263.835101,-0.0019033983368095,0.6204072355785192,0.0006504799209143,-1.805492478722246,-0.0005437009228079,2.396437853013695,0.7840118300307067,0.0317078083753585,0.0317078083753585,0.0058195158564859,0.0277118759463474,0.0007107841972519,-0.0164362912910344,-0.0001900792371991,3.562672764973807e-05,0.000606616649508,0.0,0.0,0.285277247428894,-47.7943115234375,0.5972922444343567,20.96744537353516,0.582345187664032,2.604032516479492,-0.1254297941923141,0.0,0.0
1730046263.8685255,-0.0018955385776502,0.6211792095562094,0.0006925513966555,-1.8059545339244327,-0.0005416753694658,2.3962334912937355,0.7840385639076615,0.0317078083753585,0.0317078083753585,-0.000262352968559,0.0202483712008221,-0.0010751599582293,-0.0170666022586431,-0.0004071466922979,-0.0072280681345604,0.0012101429350461,0.0,0.0,0.324950098991394,-47.9847412109375,0.4465354084968567,21.18961334228516,0.590584933757782,2.673612594604492,-0.1455713957548141,0.0,0.0
1730046263.9017725,-0.001909337200546,0.6216575089893288,0.0006973401440957,-1.8063406128244357,-0.0005430524012363,2.396174113443629,0.7840462758352198,0.0317078083753585,0.0317078083753585,-0.0002390844767876,0.0117667960761499,0.0032002386138741,-0.0124051538026283,0.0003266644509906,-0.0013381352657514,-0.001249542352958,0.0,0.0,0.400328516960144,-48.0244140625,0.4465354084968567,21.003150939941406,0.573189914226532,2.644315719604492,-0.0851465910673141,0.0,0.0
1730046263.9351044,-0.0019426314358308,0.6218669442096124,0.0006747077276271,-1.8066567144736876,-0.000539863683121,2.3960785399125504,0.7840614806463199,0.0317078083753585,0.0317078083753585,-0.0014075845198208,0.005818844609442,0.000256804980442,-0.0042358178335914,-0.0002184642656497,0.0001414484972628,0.0008283019617986,0.0,0.0,0.586790919303894,-47.90936279296875,0.7083762288093567,21.07852935791016,0.573189914226532,2.634244918823242,-0.1254297941923141,0.0,0.0
1730046263.9685063,-0.0019519608469875,0.6219239736099829,0.0006782459358882,-1.8067619010023577,-0.0005446344204249,2.3960509916156565,0.7840687659231224,0.0317078083753585,0.0317078083753585,0.0005723996964492,-0.0006736086719788,-0.0005119326372582,0.0023991311150382,-0.0001755222598888,-0.0003119866054405,-2.3530606048171287e-05,0.0,0.0,0.400328516960144,-47.6832275390625,0.6726706624031067,20.96744537353516,0.590584933757782,2.614103317260742,-0.1153589934110641,0.0,0.0
1730046264.0017157,-0.0019318336142898,0.6218862829564907,0.0006891353191924,-1.806752785029074,-0.0005459542116373,2.396054660725812,0.7840769508331984,0.0317078083753585,0.0317078083753585,0.0005148046084562,-0.0006505306061119,0.0008420123431278,0.0012639656009904,-0.0005539440102293,0.0004393825392344,0.0006865570732365,0.0,0.0,0.2495716959238052,-47.18731689453125,0.5219138264656067,20.741310119628903,0.599740207195282,2.544523239135742,-0.1455713957548141,0.0,0.0
1730046264.035102,-0.0019247138837455,0.621891162908096,0.0007010679647763,-1.8067543831554769,-0.000542039370108,2.39604930427689,0.7840840588857729,0.0317078083753585,0.0317078083753585,-1.3621264590563464e-05,0.0020613928504497,0.0014114063916283,-0.0010944848848008,0.0009929994160835,-0.0004084632572586,0.0017294407872507,0.0,0.0,0.285277247428894,-47.3023681640625,0.4822409749031067,20.852394104003903,0.564034640789032,2.593961715698242,-0.1666285246610641,0.0,0.0
1730046264.0684435,-0.0019392041581709,0.621886007063539,0.0006870647873002,-1.806752563781974,-0.0005407199186004,2.3960678496869914,0.7840788526187337,0.0317078083753585,0.0317078083753585,0.0002763049397541,-0.0022574846006232,0.0003240876766547,-0.0010938401864566,0.0001317361954751,0.0005543642354074,0.0004907747773071,0.0,0.0,0.400328516960144,-47.18731689453125,0.6329978108406067,20.780982971191406,0.582345187664032,2.494169235229492,-0.1052881926298141,0.0,0.0
1730046264.101769,-0.0019395105771492,0.621603961563813,0.0006903109922869,-1.806530231249696,-0.0005398128961976,2.396119673689532,0.7840833242130675,0.0317078083753585,0.0317078083753585,-3.900187707667307e-05,-0.0091204832193927,-0.0013036435299455,0.0092719698308813,-0.0016718090028899,-6.640692031384308e-05,-0.0026004436341466,0.0,0.0,0.360655665397644,-45.406005859375,0.5576193928718567,19.884376525878903,0.582345187664032,2.344022750854492,-0.0741602629423141,0.0,0.0
1730046264.1351025,-0.0018930854311658,0.621231165693624,0.0007032099435871,-1.8062809459356144,-0.0005488538829453,2.3962127954302237,0.7840995973470997,0.0317078083753585,0.0317078083753585,0.0079355705455879,-0.0195566424246958,-0.0004266214289461,0.0062143366556346,-0.0029763464316291,0.0030346941311448,0.0015986153959079,0.0,0.0,-0.0876475423574447,-45.10052490234375,0.4068625569343567,19.884376525878903,0.707772433757782,2.453886032104492,-0.1666285246610641,0.0,0.0
1730046264.1684363,-0.0019512534180234,0.6209838636953913,0.0006957800573998,-1.8059604535173135,-0.000530822944122,2.3962766872840704,0.7841023233383893,0.0317078083753585,0.0317078083753585,-0.0004189372237784,-0.0071906644107789,0.0023620477254912,0.0103982248956349,-0.001332571060977,0.0005834244887728,0.001702687445927,0.0,0.0,0.436034083366394,-45.33062744140625,0.7480490803718567,19.582862854003903,0.573189914226532,2.354093551635742,-0.1153589934110641,0.0,0.0
1730046264.2017684,-0.001954224296549,0.620818684161882,0.0007172882167381,-1.8056883393655292,-0.0005328664164308,2.396317435667347,0.7841128343403347,0.0375209487974643,0.0375209487974643,-0.0005897451694397,-0.0078277340102981,0.0005313130902637,0.0029129594254253,0.0003470795760121,-0.0003876365401164,0.0024255355339794,0.0,0.0,0.400328516960144,-45.33062744140625,0.4822409749031067,19.622535705566406,0.564034640789032,2.374235153198242,-0.1766993254423141,0.0,0.0
1730046264.235103,-0.00195950635205,0.6207084627840599,0.0007255342653466,-1.8055886954946747,-0.0005392802442051,2.396342174106133,0.7841083343123592,0.0375209487974643,0.0375209487974643,-0.0022320050799401,-0.0067014194554489,0.0017704270878497,-0.0004426763230951,-0.0001432568249772,0.0007228673934986,0.0019057745015744,0.0,0.0,0.511412501335144,-45.14019775390625,0.4068625569343567,19.769325256347656,0.582345187664032,2.324796676635742,-0.1254297941923141,0.0,0.0
1730046264.2683716,-0.0019655014772557,0.6206984877927622,0.000713791936158,-1.80556690172837,-0.0005340498400557,2.396342938913872,0.784105169703011,0.0375209487974643,0.0375209487974643,-0.0012082103665004,-0.0001710817338707,0.0022625487070301,-0.0010959679586604,0.000454286733812,-9.059504884454717e-06,-0.0012137069404983,0.0,0.0,0.547118067741394,-45.52105712890625,0.4465354084968567,19.769325256347656,0.564034640789032,2.394376754760742,-0.0851465910673141,0.0,0.0
1730046264.3017683,-0.0019045884960369,0.6206955988976103,0.0007331546358252,-1.8055516277216588,-0.0005370745799604,2.3963502275957524,0.7841143917445808,0.0375209487974643,0.0375209487974643,0.0018873690381639,-0.0015374280229906,0.0003721749118922,0.0012419869284608,-6.645026900929466e-06,-0.0015102349864965,0.0020339040531261,0.0,0.0,0.0234364420175552,-45.48138427734375,0.3314841389656067,19.582862854003903,0.573189914226532,2.384305953979492,-0.1666285246610641,0.0,0.0
1730046264.335103,-0.0019203753029321,0.6207015645603682,0.0007332885934647,-1.8055513235801184,-0.0005324723735889,2.3963582177745244,0.7841163960821733,0.039751973003149,0.039751973003149,-0.0030176309490995,-0.0013305042208138,0.0015957687189235,0.001823191950543,-0.0103127747077403,0.0011389979068324,0.0018591184932512,0.0,0.0,0.360655665397644,-45.52105712890625,0.5219138264656067,19.769325256347656,0.564034640789032,2.354093551635742,-0.1556421965360641,0.0,0.0
1730046264.3685272,-0.0019301837909103,0.6206984608145056,0.0007215086402473,-1.805540486390488,-0.0005392713463869,2.3963625458853848,0.7841143329969378,0.039751973003149,0.039751973003149,0.0001719442492318,0.0003205584981534,-0.0003706670135384,-9.931083685747378e-05,0.0001230133032433,0.0014219853126669,-0.000600896125125,0.0,0.0,0.400328516960144,-45.52105712890625,0.6329978108406067,19.80899810791016,0.573189914226532,2.324796676635742,-0.1052881926298141,0.0,0.0
1730046264.4017398,-0.0019565561737271,0.6207062561804788,0.0007141318838921,-1.8055461504085892,-0.0005391619493236,2.3963581778421874,0.7841106975521787,0.039751973003149,0.039751973003149,-0.0007186678911578,0.0013708246559959,0.0014420090553497,0.0042368383685852,-0.0002278979414684,0.0007142160203013,-0.0015010272261817,0.0,0.0,0.511412501335144,-45.63214111328125,0.7480490803718567,19.844703674316406,0.582345187664032,2.364164352416992,-0.0741602629423141,0.0,0.0
1730046264.435102,-0.001955156644105,0.620706259123918,0.0007137158969821,-1.8055446349035245,-0.0005392408408129,2.396353759258586,0.7841155690799154,0.039751973003149,0.039751973003149,0.0005868064767025,0.0006568950493364,-0.0027337286379855,-0.0007460567583463,-0.0001517186211948,-0.000787223432718,-0.0005216416106836,0.0,0.0,0.400328516960144,-45.63214111328125,0.7083762288093567,19.844703674316406,0.582345187664032,2.394376754760742,-0.1052881926298141,0.0,0.0
1730046264.4684412,-0.0019415199621737,0.6207009664669372,0.0007245455673787,-1.805531820065993,-0.0005382630620461,2.396363771877526,0.784119442593835,0.039751973003149,0.039751973003149,0.0017378477871121,0.001125898117514,-0.000150280333336,-0.0018455791177038,-0.0076532122577862,-0.0001330412210505,0.0005620368851356,0.0,0.0,0.285277247428894,-45.5567626953125,0.5576193928718567,19.733619689941406,0.573189914226532,2.333951950073242,-0.1355005949735641,0.0,0.0
1730046264.5017698,-0.0019085542699956,0.6207062561804787,0.0007329381962953,-1.8055309246062663,-0.0005355797322193,2.39635839279514,0.7841248550616786,0.039751973003149,0.039751973003149,6.7483982628858e-05,0.0008795686210439,-0.0015946526643473,0.0005342370658655,-0.0002275873209508,0.0001687705006201,0.0004936524355776,0.0,0.0,0.0988148599863052,-45.63214111328125,0.4822409749031067,19.733619689941406,0.590584933757782,2.354093551635742,-0.1455713957548141,0.0,0.0
1730046264.5351086,-0.0019204132909265,0.6207062561804787,0.0007310550578883,-1.805528942063875,-0.0005372457874011,2.3963651017285352,0.7841192766065581,0.0405675545334816,0.0405675545334816,-0.0020434280833373,0.0012141583838088,-0.006425981813285,0.0063036496058144,0.0008900209638549,0.0001704592629204,-0.0009824884285699,0.0,0.0,0.360655665397644,-45.63214111328125,0.5576193928718567,19.733619689941406,0.564034640789032,2.333951950073242,-0.0952173918485641,0.0,0.0
1730046264.5685668,-0.001924300647236,0.6206984608131543,0.0007286083814008,-1.8055311927804132,-0.0005382234472538,2.396358625261866,0.7841283316244361,0.0405675545334816,0.0405675545334816,-7.362283225406796e-05,-0.0009191495047605,-0.0016303217788279,-0.0003637815456525,0.0002617766192809,0.0001090523089714,0.0026718794915531,0.0,0.0,0.324950098991394,-45.52105712890625,0.5576193928718567,19.769325256347656,0.573189914226532,2.354093551635742,-0.1766993254423141,0.0,0.0
1730046264.6017325,-0.0019554947986957,0.6206984608131543,0.0007077057897843,-1.8055255311155949,-0.0005340005349337,2.396358250202061,0.7841215204126274,0.0405675545334816,0.0405675545334816,-0.0014450980966626,-0.0007722776426821,-0.0009734176787542,0.0047943597551612,0.0001330453005808,5.36547559330725e-05,-0.0002626898676137,0.0,0.0,0.511412501335144,-45.52105712890625,0.7083762288093567,19.733619689941406,0.573189914226532,2.354093551635742,-0.1153589934110641,0.0,0.0
1730046264.635121,-0.0019487769412187,0.6207037505267124,0.0007212309551141,-1.805524277943005,-0.0005382003800491,2.3963587010957466,0.7841206915758039,0.0405675545334816,0.0405675545334816,-0.0011568556102137,0.001159773774962,0.0004738917315607,0.0026255646455258,-0.0002857361171521,-0.0003784360441654,-0.0007644742443971,0.0,0.0,0.400328516960144,-45.596435546875,0.5576193928718567,19.80899810791016,0.582345187664032,2.364164352416992,-0.0952173918485641,0.0,0.0
1730046264.6684418,-0.0019455737429545,0.6206977588028936,0.0007239738271702,-1.805525268743795,-0.0005392798294721,2.3963606316168824,0.7841229310050235,0.0405675545334816,0.0405675545334816,-0.0007288801384539,-0.0008590895175027,0.0003714195804457,-0.0016517686023052,-0.0001683715124097,0.0009295054004025,0.0007488859409455,0.0,0.0,0.400328516960144,-45.52105712890625,0.5972922444343567,19.80899810791016,0.582345187664032,2.333951950073242,-0.1153589934110641,0.0,0.0
1730046264.7017884,-0.0019293120054398,0.6207009664669371,0.0007299574256531,-1.805524927326023,-0.0005400592982242,2.3963596976565995,0.7841208675347211,0.0405675545334816,0.0405675545334816,1.878831240894707e-05,-0.0003048050721962,0.0010469160211758,-0.0004605715664581,-0.0004186147993769,0.0002064915192962,-0.001204505429985,0.0,0.0,0.2495716959238052,-45.5567626953125,0.4822409749031067,19.80899810791016,0.590584933757782,2.354093551635742,-0.0952173918485641,0.0,0.0
1730046264.735112,-0.0019413088274355,0.6207062561804787,0.0007223327572315,-1.805521674607383,-0.0005392809641143,2.3963572143383414,0.7841262839209711,0.0405675545334816,0.0405675545334816,-0.0015126390390065,0.0014761592021328,-0.0005068139147541,6.773004317183373e-05,-0.0002289746250836,-0.0003251790422912,-0.0006010413442985,0.0,0.0,0.400328516960144,-45.63214111328125,0.6329978108406067,19.733619689941406,0.582345187664032,2.374235153198242,-0.1153589934110641,0.0,0.0
1730046264.7684426,-0.0019374956396947,0.6207472363350013,0.0007289241773278,-1.8054997627825309,-0.0005382630640836,2.39604000823203,0.7841348268799099,0.0407527349889278,0.0407527349889278,0.0007127168495303,0.0017724364165337,0.0007213193971672,0.0062321941114147,0.0004984262770814,-0.0317135683910585,0.0017141337873162,0.0,0.0,0.285277247428894,-45.215576171875,0.5576193928718567,19.69791412353516,0.573189914226532,2.254301071166992,-0.1455713957548141,0.0,0.0
1730046264.801772,-0.0019349899869575,0.6209449368541006,0.0007346170995937,-1.8047867882916493,-0.0005402352483921,2.393871627249248,0.7841418436618243,0.0407527349889278,0.0407527349889278,0.0003863248425722,0.0061485346215837,0.0024226865392259,0.0376353590870321,9.013278176367632e-05,-0.0879198531954784,0.002355414867943,0.0,0.0,0.2495716959238052,-46.770751953125,0.5219138264656067,21.229286193847656,0.590584933757782,2.344022750854492,-0.1556421965360641,0.0,0.0
1730046264.835112,-0.001945605933255,0.6211816477259119,0.0007290723687259,-1.802650547718173,-0.0005459870903823,2.390015363142451,0.7841408266287002,0.0407527349889278,0.0407527349889278,-0.0001430828532236,0.0061960136929,-0.0019536090182314,0.0811507101833435,0.0008232733444669,-0.1445375319992068,0.0004154811064835,0.0,0.0,0.324950098991394,-47.94903564453125,0.5972922444343567,21.864051818847656,0.599740207195282,2.404447555541992,-0.1153589934110641,0.0,0.0
1730046264.8684397,-0.0019650360122127,0.6211084387363166,0.0007314678432941,-1.7990478730008177,-0.0005432476199423,2.3840592304929578,0.7841397804866234,0.0407527349889278,0.0407527349889278,-0.0019166296923765,-0.0005869834068502,8.604514280303706e-05,0.1359556927754782,-7.629569351520056e-05,-0.2051855669821134,-0.0022335234161579,0.0,0.0,0.360655665397644,-47.453125,0.5972922444343567,21.673622131347656,0.618050754070282,2.364164352416992,-0.0640894621610641,0.0,0.0
1730046264.9017968,-0.0019616581403597,0.62075412273365,0.0007315192587093,-1.7935747587341158,-0.0005445695080677,2.375657794377996,0.7841476396498864,0.0407527349889278,0.0407527349889278,0.0014012480325203,-0.0181021444815718,0.0015378735337138,0.1917832798901141,-0.0034653111833826,-0.2728498151557647,0.0013677106238409,0.0,0.0,0.1741932779550552,-48.55206298828125,0.5576193928718567,21.788673400878903,0.590584933757782,2.344022750854492,-0.1666285246610641,0.0,0.0
1730046264.9351034,-0.0019679618559657,0.6197943998390752,0.0007315032696519,-1.787067348645102,-0.0005425839776593,2.3669899585258825,0.784148829611662,0.0407678373157978,0.0407678373157978,0.0006541140832309,-0.04706435863889,0.0017101334340965,0.1983675818303739,0.0004870810854311,-0.2614117164962161,0.0005920601130984,0.0,0.0,0.1741932779550552,-48.97259521484375,0.6726706624031067,21.749000549316406,0.608895480632782,2.314725875854492,-0.1455713957548141,0.0,0.0
1730046264.9683776,-0.0019769377581145,0.6177551867413313,0.0007443369292337,-1.780376315784904,-0.0005431995844475,2.3582173237135384,0.7841384751411935,0.0407678373157978,0.0407678373157978,-0.0008650625504808,-0.0721165529043994,0.0052774107245936,0.2066708580215698,-8.711976762358014e-05,-0.2744085702543326,-0.0011042845501847,0.0,0.0,0.2098988443613052,-48.21087646484375,0.5972922444343567,21.451454162597656,0.627206027507782,2.254301071166992,-0.0952173918485641,0.0,0.0
1730046265.0018563,-0.0020010626262069,0.6149147356761139,0.0007421560556061,-1.7730564546735923,-0.0005416693965733,2.349293409139637,0.7841464009835574,0.0407678373157978,0.0407678373157978,-0.0005407729935062,-0.0940566396601461,-0.001517431096176,0.2096764734119862,1.142819942877139e-05,-0.2305599021817978,0.0011458170593687,0.0,0.0,0.2495716959238052,-47.41741943359375,0.6726706624031067,21.003150939941406,0.618050754070282,2.224088668823242,-0.1666285246610641,0.0,0.0
1730046265.0351048,-0.0020750924838,0.6117993449946421,0.0007460653925285,-1.7660415264067308,-0.000539602682076,2.341239095471022,0.7841418277067973,0.0407678373157978,0.0407678373157978,-0.0021214834440476,-0.0941132723952501,-0.0007443840754635,0.2248366015080942,0.0004409471876347,-0.2604726604660276,-0.0002531070564188,0.0,0.0,0.285277247428894,-46.69537353515625,0.7083762288093567,20.96744537353516,0.627206027507782,2.204862594604492,-0.1254297941923141,0.0,0.0
1730046265.0684352,-0.002192288674205,0.6086250282736955,0.0007492315524038,-1.7585381041972483,-0.0005394712267303,2.332691751489589,0.7841385504965088,0.0407678373157978,0.0407678373157978,-0.0081318409303742,-0.0996267638663169,7.197335101424872e-06,0.215550131583832,-0.0002041703835201,-0.241864641836855,0.0001857542452164,0.0,0.0,0.2098988443613052,-46.1280517578125,0.6726706624031067,19.995460510253903,0.627206027507782,2.044645309448242,-0.1355005949735641,0.0,0.0
1730046265.1017678,-0.002279660313134,0.6050882969508765,0.0007456279794012,-1.7513338087377457,-0.0005424153998105,2.324456268422472,0.7841362935714425,0.0407711192965507,0.0407711192965507,-0.0024954269794301,-0.0990981052063243,0.0001536266600032,0.2146705940495092,-0.000111929055622,-0.2535674661038209,-0.0004415479550714,0.0,0.0,0.2495716959238052,-46.580322265625,0.6726706624031067,21.264991760253903,0.653756320476532,2.214933395385742,-0.1153589934110641,0.0,0.0
1730046265.1351044,-0.0022829037278285,0.6015782106053842,0.0007684167501616,-1.7444248094397314,-0.0005341953844907,2.315408384728445,0.7841427515171624,0.0407711192965507,0.0407711192965507,-5.2775945461232486e-05,-0.1099456065082141,-0.0009715391310516,0.1998095884168832,0.0009194166772347,-0.2665439069781996,0.0020483838771536,0.0,0.0,0.1384877115488052,-45.67181396484375,0.5576193928718567,20.55484771728516,0.608895480632782,2.164579391479492,-0.1766993254423141,0.0,0.0
1730046265.1684384,-0.0022950490020564,0.5982361826785946,0.0008069734326321,-1.7376369221618602,-0.000538010680518,2.3071574987702537,0.7841335787596209,0.0407711192965507,0.0407711192965507,-0.0017048282183423,-0.0884865532663325,0.0050622790565827,0.219752427337483,0.0010288774090817,-0.2504036080691773,-0.0016509324397999,0.0,0.0,0.2495716959238052,-45.48138427734375,0.6726706624031067,20.892066955566406,0.627206027507782,2.154508590698242,-0.0952173918485641,0.0,0.0
1730046265.201815,-0.0023432207931857,0.5951577792497075,0.0008291732279938,-1.730587272390714,-0.0005376801442567,2.2984836433468048,0.7841311124363332,0.0407711192965507,0.0407711192965507,-0.0019181729893435,-0.0938874422320439,0.0074375201442859,0.1949193425238601,-0.0003824592734619,-0.2690899685425703,-0.0002161329522783,0.0,0.0,0.2098988443613052,-45.14019775390625,0.5576193928718567,20.368385314941406,0.653756320476532,2.034574508666992,-0.1153589934110641,0.0,0.0
1730046265.235103,-0.0024232151204641,0.5924826134821827,0.0008301611298367,-1.7240166298452753,-0.0005386491687614,2.289883153550929,0.7841374511350868,0.0407711192965507,0.0407711192965507,-0.0044562335039123,-0.067568493626203,0.0058530128902535,0.1968811930059283,1.3174166001087298e-05,-0.2488717754520704,0.0016990426832415,0.0,0.0,0.1741932779550552,-46.20343017578125,0.6329978108406067,21.264991760253903,0.662911593914032,2.114225387573242,-0.1766993254423141,0.0,0.0
1730046265.2684357,-0.0024966185374551,0.5900399420061475,0.0008309779549688,-1.7177225444632616,-0.0005396615316605,2.281234937899461,0.7841285228701439,0.0407747328281402,0.0407747328281402,-0.0012368656985586,-0.0712161561738054,0.0006875334575919,0.1841255958433871,-0.0002120324907777,-0.2711753168909671,-0.0005551603772784,0.0,0.0,0.2098988443613052,-45.9376220703125,0.6329978108406067,21.003150939941406,0.672066867351532,2.114225387573242,-0.1355005949735641,0.0,0.0
1730046265.3017707,-0.0025336916762625,0.5878787444030199,0.0008480207248095,-1.710970232340105,-0.0005390833501363,2.271963228883561,0.7841248729676016,0.0407747328281402,0.0407747328281402,-0.0004174370181053,-0.0600059740622513,0.0028385940885923,0.1993218565156987,-5.809995098155135e-05,-0.2475195584440994,0.0003567784948619,0.0,0.0,0.1741932779550552,-46.1280517578125,0.6329978108406067,21.415748596191406,0.681222140789032,2.214933395385742,-0.1455713957548141,0.0,0.0
1730046265.3351045,-0.002553447529264,0.5859901109790372,0.0008684610644043,-1.704479447766641,-0.000536288734793,2.2637890518337658,0.7841249190618593,0.0407747328281402,0.0407747328281402,-0.0012614899558044,-0.0555369035490495,0.0020791876302102,0.1895337600822899,0.0006247145210372,-0.2569884283315111,0.0007215768968316,0.0,0.0,0.1384877115488052,-46.31451416015625,0.5576193928718567,21.673622131347656,0.672066867351532,2.105070114135742,-0.1556421965360641,0.0,0.0
1730046265.368438,-0.0025907487242779,0.5841038468521529,0.0008758882221642,-1.698031981263173,-0.0005379201093814,2.25481946659812,0.7841257770072669,0.0407747328281402,0.0407747328281402,-0.0018668747537771,-0.057963793444983,0.0008462398048385,0.1996722593528575,-0.0002587437365352,-0.2656419400212755,0.0011514592928796,0.0,0.0,0.0988148599863052,-46.69537353515625,0.6329978108406067,21.71329498291016,0.699532687664032,2.244230270385742,-0.1666285246610641,0.0,0.0
1730046265.4017167,-0.0026264190138479,0.5821069989039178,0.000893110871682,-1.691703829528079,-0.0005397340281598,2.24629876181514,0.7841200449913748,0.0407747328281402,0.0407747328281402,0.0002108936103173,-0.0624367142002376,0.0023613312487676,0.1854047564759237,-0.0004047142605039,-0.2535570108407683,-0.0002709144390611,0.0,0.0,0.0988148599863052,-46.69537353515625,0.6726706624031067,21.673622131347656,0.716927707195282,2.154508590698242,-0.1455713957548141,0.0,0.0
1730046265.4351027,-0.0026695960941071,0.5800892923410098,0.0008994269436916,-1.6852080980665374,-0.0005357840045603,2.237013610526964,0.7841186277798594,0.0407747328281402,0.0407747328281402,-0.0002973404575759,-0.0668011694971917,0.0001839499994995,0.1995891655039685,0.000559704752244,-0.277492308702385,-0.000407628103511,0.0,0.0,0.0631092935800552,-47.453125,0.7083762288093567,22.121925354003903,0.690377414226532,2.274442672729492,-0.1455713957548141,0.0,0.0
1730046265.4684954,-0.0027228672322232,0.5775806520973196,0.0009199173773793,-1.6787825547289956,-0.0005318772801238,2.228512529533564,0.7841036333160268,0.0407763719558715,0.0407763719558715,-0.0001950442111733,-0.0788904889417561,-0.0002812955105286,0.1817084352165158,0.0098687620896489,-0.2434877856018363,-0.0031867084463539,0.0,0.0,0.0988148599863052,-47.6038818359375,0.5972922444343567,22.272682189941406,0.716927707195282,2.164579391479492,-0.0741602629423141,0.0,0.0
1730046265.5017676,-0.0028059931989842,0.5748145107593082,0.000922047314268,-1.6723597266421366,-0.0005351051155706,2.219719472850283,0.7841012501453636,0.0407763719558715,0.0407763719558715,-0.0001397479308301,-0.0836048317052146,-0.0013483309927257,0.2050957291656961,0.0014485741581697,-0.2721370007823139,-0.0018053305454115,0.0,0.0,0.1384877115488052,-47.6832275390625,0.7083762288093567,22.720985412597656,0.707772433757782,2.234159469604492,-0.1052881926298141,0.0,0.0
1730046265.5351017,-0.002876918201562,0.5719834891566021,0.0009377153652538,-1.6658265982253193,-0.0005328144087075,2.211355912863783,0.7841023233383894,0.0407763719558715,0.0407763719558715,-0.0026337207218698,-0.0826979153649945,0.0011841582525117,0.1956380646315287,-0.0006067054429592,-0.2381382240544239,-0.0007647012741918,0.0,0.0,0.2098988443613052,-46.73504638671875,0.5576193928718567,22.197303771972656,0.735238254070282,2.105070114135742,-0.1153589934110641,0.0,0.0
1730046265.5684378,-0.0029147743881058,0.5691532067771122,0.00094517158271,-1.6589084155989886,-0.0005306206950455,2.202671443417523,0.7840941980332143,0.0407763719558715,0.0407763719558715,-0.0019641161598927,-0.0817989501091203,0.0024328044446049,0.2125874857951946,0.0008642418779512,-0.2859935828596001,-0.0041135324013633,0.0,0.0,0.0234364420175552,-46.65570068359375,0.5576193928718567,21.899757385253903,0.716927707195282,2.094999313354492,-0.0851465910673141,0.0,0.0
1730046265.601842,-0.0029449573625612,0.566187563133398,0.0009710227767485,-1.651917998750675,-0.0005307035883602,2.1939075925285825,0.7840971316413751,0.0407767035067081,0.0407767035067081,-0.0029939386554067,-0.0850450291662691,0.0005149399280041,0.1898584962471013,0.000463622417892,-0.2388295633755466,0.0015820443000943,0.0,0.0,0.0234364420175552,-46.8104248046875,0.5972922444343567,22.534523010253903,0.735238254070282,2.114225387573242,-0.1867701262235641,0.0,0.0
1730046265.6351018,-0.002970867378997,0.5634630035412368,0.0009937570028415,-1.6451117355314842,-0.0005194427495049,2.185714910210554,0.7840832034100466,0.0407767035067081,0.0407767035067081,-0.0017614842526816,-0.0787726634695873,0.0006097185602744,0.210736414467252,0.0019862639020888,-0.2557977214203824,-0.0017187515817286,0.0,0.0,-0.0122691243886947,-46.50494384765625,0.6726706624031067,22.23697662353516,0.753548800945282,2.094999313354492,-0.1153589934110641,0.0,0.0
1730046265.668405,-0.0030074216693322,0.5608994117099574,0.0010303900578744,-1.6385240323550572,-0.0005165942658821,2.177059225188438,0.7840797021113944,0.0407767035067081,0.0407767035067081,0.0004407247492334,-0.0730851034720436,0.0044352413174029,0.1935130800326526,-0.0006437288615573,-0.253254370976992,-0.000133567563774,0.0,0.0,0.0234364420175552,-45.97332763671875,0.5576193928718567,22.383766174316406,0.761788547039032,2.094999313354492,-0.1666285246610641,0.0,0.0
1730046265.7017715,-0.0030684044263831,0.5585555148103263,0.0010388464403824,-1.6315445629586955,-0.0005198942879622,2.168504107031832,0.7840767006642836,0.0407767035067081,0.0407767035067081,-0.0013441705350533,-0.0676219513672912,0.0002150729604977,0.2058123586082898,0.0003190269136799,-0.2625154547097562,0.0016836042584294,0.0,0.0,0.0234364420175552,-46.50494384765625,0.6329978108406067,22.45914459228516,0.753548800945282,2.074857711791992,-0.1867701262235641,0.0,0.0
1730046265.7351,-0.0031358134583289,0.5562985665767719,0.0010507498929999,-1.6249601631460349,-0.0005151597713739,2.1596231104956223,0.7840659851952987,0.0407767035067081,0.0407767035067081,-0.0018169707772818,-0.067847016083088,0.0010698398528962,0.1901215230146528,0.0003009385815688,-0.2824536838893893,0.0012145099641304,0.0,0.0,0.0631092935800552,-46.4295654296875,0.6329978108406067,22.832069396972656,0.753548800945282,2.184720993041992,-0.1766993254423141,0.0,0.0
1730046265.7684364,-0.0031756214544258,0.554035633798361,0.001066905595758,-1.618510740412069,-0.0005095536176759,2.1511394046455083,0.7840498127946158,0.0407767035067081,0.0407767035067081,-0.0017955110552161,-0.0681385314340288,0.0029439712751745,0.1987715680835355,5.153879062029949e-05,-0.2573253113202899,0.0001851091325861,0.0,0.0,-0.0122691243886947,-46.9215087890625,0.5972922444343567,22.57022857666016,0.789254367351532,2.044645309448242,-0.1556421965360641,0.0,0.0
1730046265.8018198,-0.003203474830872,0.5515475182838053,0.0011021012680953,-1.6122161554689078,-0.0005068245104487,2.1422941284185333,0.7840373930961293,0.0407767035067081,0.0407767035067081,-0.0005647881576162,-0.0760449793521822,-0.0005291454905776,0.1839793751639355,-0.0004939572614523,-0.2699817052673225,-0.0011717436607266,0.0,0.0,0.0234364420175552,-47.18731689453125,0.6329978108406067,22.947120666503903,0.807564914226532,2.074857711791992,-0.1766993254423141,0.0,0.0
1730046265.8351,-0.0032612267893142,0.5490570049518368,0.0011439061767801,-1.6057005107552091,-0.000503901394615,2.1335248806276508,0.7840208895758144,0.0407767035067081,0.0407767035067081,-0.0003984189463114,-0.0718930655525544,0.0015682072477506,0.2022002705472032,0.0004254531331526,-0.2502722336351908,-0.0018735044051062,0.0,0.0,-0.0519419759511947,-47.342041015625,0.5972922444343567,22.947120666503903,0.780099093914032,2.164579391479492,-0.1153589934110641,0.0,0.0
1730046265.8683808,-0.003355711474151,0.5464666506274632,0.0011615108537874,-1.5990928919399208,-0.0005056316383343,2.125072873522978,0.7840142959232694,0.0407767035067081,0.0407767035067081,-0.0043592355533585,-0.0787121658179424,-0.000889189436842,0.2026163687748755,0.0004922238699485,-0.2614522415662497,0.0001730136208044,0.0,0.0,0.0988148599863052,-46.8104248046875,0.6726706624031067,23.058204650878903,0.798409640789032,2.105070114135742,-0.1867701262235641,0.0,0.0
1730046265.9017954,-0.0034491124744959,0.5437065246881201,0.0011766686374823,-1.5921230153177697,-0.0005023421175284,2.1157975404402203,0.7839814404510458,0.0407767035067081,0.0407767035067081,-0.0039545907768523,-0.0760400249751057,0.0034332413604302,0.2061653054005662,-0.0005717529193708,-0.2578178854786873,-0.0028783259274157,0.0,0.0,-0.0122691243886947,-46.4295654296875,0.6726706624031067,22.383766174316406,0.807564914226532,2.044645309448242,-0.1052881926298141,0.0,0.0
1730046265.9351015,-0.0034988081861436,0.5410328782886774,0.0011832282436391,-1.5857173116816496,-0.0005029154728832,2.10774268167056,0.7839617248387288,0.0407767035067081,0.0407767035067081,-0.0024634010485347,-0.0816897778727655,-0.0036532447533046,0.1959786825275364,0.004148909194956,-0.2627198719114065,-1.676240420749411e-05,0.0,0.0,-0.0519419759511947,-46.69537353515625,0.6726706624031067,23.058204650878903,0.815804660320282,2.094999313354492,-0.1867701262235641,0.0,0.0
1730046265.9683845,-0.0035502593899688,0.5383888451352866,0.0012150130975548,-1.5788129920114384,-0.0004995993130182,2.0984985031140946,0.7839085550202919,0.0407767035067081,0.0407767035067081,-0.0023118509350214,-0.0803177986151169,-0.0008155199401325,0.2041129248164709,-0.0002475780410142,-0.2574484229299377,-0.0055719798659604,0.0,0.0,-0.1233531087636947,-46.84613037109375,0.6726706624031067,23.09391021728516,0.824959933757782,2.094999313354492,-0.1254297941923141,0.0,0.0
1730046266.0017662,-0.0036077946646936,0.5358727684643965,0.001234294965542,-1.5722270747622802,-0.000500143324069,2.090284735961764,0.7838886216948963,0.0407767035067081,0.0407767035067081,-0.000137882454337,-0.074131409990005,-0.0002890403810293,0.1969412030136521,-0.0003735741731915,-0.2584821935750406,4.151934846259078e-05,0.0,0.0,-0.0876475423574447,-46.4295654296875,0.6726706624031067,23.169288635253903,0.834115207195282,2.114225387573242,-0.1766993254423141,0.0,0.0
1730046266.0351098,-0.0036831766575393,0.5335587497217203,0.0012499218971937,-1.565346323721332,-0.0004948495332363,2.0813240704724283,0.7838637261557563,0.0407767035067081,0.0407767035067081,-0.0035084478567115,-0.0667703310384774,-0.0009048358549155,0.2047066606742835,2.031809040043016e-05,-0.2712739608142099,0.0016493081429058,0.0,0.0,-0.0519419759511947,-46.27880859375,0.6726706624031067,22.57022857666016,0.824959933757782,2.014432907104492,-0.1968409270048141,0.0,0.0
1730046266.0684383,-0.0037460189695643,0.5312512241926864,0.0012700894103127,-1.5589887643343816,-0.0004943321908314,2.072979071731997,0.783841858220196,0.0407767035067081,0.0407767035067081,-0.0003034851546395,-0.0656450822290361,0.0009970759009053,0.1877915086213138,0.0004172000039817,-0.2552205415202993,6.684275416124788e-05,0.0,0.0,-0.1987315267324447,-46.54461669921875,0.5576193928718567,23.169288635253903,0.824959933757782,2.154508590698242,-0.1867701262235641,0.0,0.0
1730046266.1018095,-0.0038090262806221,0.5290537461658849,0.0012778537165744,-1.5520190309123243,-0.0004901000425221,2.063984778130373,0.7838073197578178,0.0407770313322544,0.0407770313322544,-0.0012406764768495,-0.0687643443909573,-0.0005881046354453,0.2010424056018188,-0.0002207022355167,-0.2623639495176987,-0.0027027316801947,0.0,0.0,-0.1630259603261947,-46.88580322265625,0.6726706624031067,22.907447814941406,0.843270480632782,2.014432907104492,-0.1254297941923141,0.0,0.0
1730046266.1351025,-0.0038900330795188,0.5266971856171452,0.0012926479741552,-1.5456797461619385,-0.0004921759931454,2.0555034142904804,0.7837772745239847,0.0407770313322544,0.0407770313322544,-0.0003914651718499,-0.0744089003297889,5.635480730223556e-06,0.1818388716111963,-0.0001270440511383,-0.2553043997920714,-0.0012837468268741,0.0,0.0,-0.0122691243886947,-47.1119384765625,0.6726706624031067,23.653297424316406,0.852425754070282,2.174650192260742,-0.1666285246610641,0.0,0.0
1730046266.1684344,-0.0039710144981035,0.5241740304550626,0.0013102838529566,-1.5391706061137058,-0.0004888196619245,2.046703627169321,0.7837312189596201,0.0407770313322544,0.0407770313322544,0.0009000715602212,-0.080003017999501,0.0016851019928674,0.1955522771653543,0.0015785836300052,-0.2660407854821742,-0.0023632449210406,0.0,0.0,-0.0876475423574447,-46.84613037109375,0.6726706624031067,22.87174224853516,0.861581027507782,2.034574508666992,-0.1355005949735641,0.0,0.0
1730046266.2017682,-0.00406366658214,0.52131900521756,0.0013309712299586,-1.5326643572195204,-0.0004851270336326,2.0375336577880967,0.7837109459727041,0.0407770313322544,0.0407770313322544,-0.0042285582452534,-0.0813840521581722,-9.740633529491012e-05,0.1949727214603278,-0.0004633099164024,-0.2598133394250214,0.0008280532545142,0.0,0.0,-0.0876475423574447,-46.6199951171875,0.6726706624031067,23.542213439941406,0.861581027507782,2.224088668823242,-0.2169825285673141,0.0,0.0
1730046266.2351017,-0.0041371984625549,0.5187220318774536,0.0013340579585613,-1.5258655941550368,-0.0004830028722321,2.029343706626297,0.7836753284609097,0.0407770313322544,0.0407770313322544,-0.003351942453328,-0.0731542585075588,6.090770976969616e-05,0.2145617620735604,0.0005968468513589,-0.2555414430860206,-0.0040258455524472,0.0,0.0,-0.0122691243886947,-46.770751953125,0.7083762288093567,23.320045471191406,0.852425754070282,2.114225387573242,-0.2270533293485641,0.0,0.0
1730046266.2684057,-0.0042068509604945,0.5160890285920723,0.0013461477968949,-1.519470065981047,-0.0004743955057126,2.020841527929371,0.7836286738059097,0.0407770313322544,0.0407770313322544,-0.0046186020203016,-0.0805626120860641,0.0005770454101129,0.1922632329620809,0.0006860676531424,-0.2786045354764209,0.0014310880463388,0.0,0.0,0.0631092935800552,-46.27880859375,0.6726706624031067,23.542213439941406,0.861581027507782,2.264371871948242,-0.2481104582548141,0.0,0.0
1730046266.3018098,-0.0042601783579014,0.5133185301037996,0.0013589386265596,-1.5123683620398398,-0.0004715718478353,2.012036885114937,0.7835889022230158,0.0407770313322544,0.0407770313322544,0.0004776282270999,-0.075940438394103,0.0011489055655674,0.2050889351536129,-0.0040123711069626,-0.2471720332112495,-0.0001816781211315,0.0,0.0,-0.1630259603261947,-46.46923828125,0.6726706624031067,22.947120666503903,0.878976047039032,1.9952068328857424,-0.1968409270048141,0.0,0.0
1730046266.335103,-0.0043140708545202,0.5107256672577613,0.0013857262527142,-1.5058753747794558,-0.0004681373269073,2.003078217730163,0.7835620355861497,0.0407770313322544,0.0407770313322544,-0.0005413195787504,-0.0764440198253542,-0.0015099910310084,0.2005153814900727,-0.0044056088877238,-0.2837509896485214,0.0004007761470331,0.0,0.0,-0.0876475423574447,-46.31451416015625,0.7480490803718567,23.355751037597656,0.888131320476532,2.134366989135742,-0.2169825285673141,0.0,0.0
1730046266.3683715,-0.0043620892250613,0.5083077530447797,0.0014249484872734,-1.4989125576687965,-0.0004533662901523,1.9944173026744776,0.7835207142903678,0.0407770313322544,0.0407770313322544,-0.0024071138167503,-0.0675875547650638,0.0051524236946895,0.2106643706193817,-0.0002096383181831,-0.2445844361818221,-0.0030606168520707,0.0,0.0,-0.0876475423574447,-46.1280517578125,0.6726706624031067,22.947120666503903,0.897286593914032,2.014432907104492,-0.1867701262235641,0.0,0.0
1730046266.4017663,-0.0044035490043098,0.5060133985177125,0.0014376646853856,-1.4923671330009618,-0.0004518526564978,1.9859774109123345,0.7834632633269343,0.0407770313322544,0.0407770313322544,-0.0002966577488545,-0.0688379148798205,-0.0003183661175438,0.1992096803857547,-0.000748295529048,-0.2571110800277734,0.000901454595617,0.0,0.0,-0.1630259603261947,-46.20343017578125,0.6329978108406067,23.320045471191406,0.906441867351532,2.024503707885742,-0.2581812441349029,0.0,0.0
1730046266.4351032,-0.0044553794325056,0.5038520973198906,0.0014453445621928,-1.4857144733328926,-0.0004467010253421,1.97717475909964,0.783362427714662,0.0407770313322544,0.0407770313322544,-0.0008752038777754,-0.0638041597201735,-0.0001778858289181,0.1952052146317153,0.0006180600186719,-0.2539434934991415,-0.0025165766944672,0.0,0.0,-0.1233531087636947,-46.27880859375,0.6726706624031067,23.018531799316406,0.870736300945282,1.964994430541992,-0.1666285246610641,0.0,0.0
1730046266.468439,-0.0044912999332556,0.5015346184613855,0.0014632991523642,-1.4795049026633638,-0.0004448602477612,1.968660700952584,0.7832767087838283,0.0407770313322544,0.0407770313322544,0.0005405618571713,-0.074155427922251,0.001216040303625,0.1930512397418337,0.0001994827368619,-0.274575673998613,-0.0068795533515409,0.0,0.0,-0.1630259603261947,-46.8104248046875,0.5972922444343567,23.954811096191406,0.897286593914032,2.154508590698242,-0.1766993254423141,0.0,0.0
1730046266.501844,-0.0045375287108627,0.4991246988865766,0.0014874215968585,-1.4727017390915442,-0.0004386933388789,1.959307127625824,0.7832078700191527,0.0407770313322544,0.0407770313322544,-0.0020682877699152,-0.0763819105105302,0.0031228419215367,0.1968351674553835,0.0009226963005399,-0.2650878310857079,-0.003698900599672,0.0,0.0,-0.1987315267324447,-46.961181640625,0.5972922444343567,23.72867584228516,0.870736300945282,2.105070114135742,-0.2169825285673141,0.0,0.0
1730046266.5351028,-0.0045857101949695,0.4964326648237619,0.0015044737528983,-1.4664339982667132,-0.0004420831249084,1.9511321479657,0.7831445362634906,0.0407770313322544,0.0407770313322544,-0.000480894134402,-0.0849897790901976,-0.003500935605945,0.1992567920438358,-0.0037220920521571,-0.2602361085122137,0.000303029031181,0.0,0.0,-0.1630259603261947,-46.73504638671875,0.6329978108406067,23.768348693847656,0.915597140789032,2.074857711791992,-0.2371241301298141,0.0,0.0
1730046266.5684252,-0.0046645965357437,0.4937858919449437,0.0015193408121726,-1.4596576960050385,-0.000429801050017,1.9420967880058624,0.7830770061470387,0.0407770313322544,0.0407770313322544,-0.00223382185021,-0.0832545831165705,-0.00027048705242,0.1952228521274176,0.0006492702366289,-0.2621846380500439,-0.0009492171771147,0.0,0.0,-0.0122691243886947,-46.4295654296875,0.7083762288093567,23.466835021972656,0.888131320476532,2.105070114135742,-0.2481104582548141,0.0,0.0
1730046266.6017065,-0.0047561230775939,0.491006061132483,0.0015282094966461,-1.4529431793952148,-0.0004364254161065,1.933664153602446,0.7829843295022455,0.0407770313322544,0.0407770313322544,-0.0027098507885299,-0.0734328951736952,0.0001011844301028,0.2079722947166735,-0.000695936343239,-0.2491196965638376,-0.0007058313661426,0.0,0.0,-0.0122691243886947,-46.31451416015625,0.7083762288093567,23.768348693847656,0.951302707195282,2.105070114135742,-0.2581812441349029,0.0,0.0
1730046266.6351027,-0.0048233550708121,0.4884244758732252,0.0015366697439479,-1.445977605995424,-0.0004236704293514,1.924608073435528,0.782867062250152,0.0407770313322544,0.0407770313322544,-0.002838932631573,-0.0806117899024868,-1.1688436620341486e-05,0.2107669819764846,0.0008893714620194,-0.2786541270128878,-0.0043675170296948,0.0,0.0,-0.1630259603261947,-46.35418701171875,0.6329978108406067,23.355751037597656,0.897286593914032,2.044645309448242,-0.2783228456974029,0.0,0.0
1730046266.6684494,-0.0048798079166046,0.4855673223655779,0.0015449898614854,-1.4393726951626942,-0.0004178118647313,1.915970189681358,0.7827651058515811,0.0407770313322544,0.0407770313322544,-0.0016448196639111,-0.0834083192579592,-0.000418512754378,0.2025624241999931,-2.279823006387166e-05,-0.2494840760086494,-0.0055560057972206,0.0,0.0,-0.0876475423574447,-46.01300048828125,0.7083762288093567,23.581886291503903,0.942147433757782,2.074857711791992,-0.2270533293485641,0.0,0.0
1730046266.7017696,-0.0049234873889493,0.4831194201762294,0.0015814560950629,-1.4325974971235638,-0.0003997218499521,1.9073999971072448,0.7826221808827947,0.0407770313322544,0.0407770313322544,0.00028351190021,-0.0691091329146435,0.0044726024133355,0.1925772568119921,-0.000611612619015,-0.2462194441930804,-0.0083139985572288,0.0,0.0,-0.2384043782949447,-45.9376220703125,0.5972922444343567,23.320045471191406,0.951302707195282,2.024503707885742,-0.2169825285673141,0.0,0.0
1730046266.7351024,-0.0049947790160233,0.4807605543057681,0.0016086655004449,-1.4260648196793095,-0.000397098330728,1.8987276314330737,0.7824512674187658,0.0407770313322544,0.0407770313322544,-0.0011259376476911,-0.0690862175109964,-0.003189965254277,0.2012656156753881,-0.0001113994305173,-0.2554465108524827,-0.0045127934024933,0.0,0.0,-0.0876475423574447,-45.7471923828125,0.7083762288093567,23.72867584228516,0.942147433757782,2.124296188354492,-0.2481104582548141,0.0,0.0
1730046266.768438,-0.0050758186195999,0.4786016023843162,0.0016362636147009,-1.4193019709978705,-0.0003924228973291,1.8902780436389264,0.7823170113404939,0.0407770313322544,0.0407770313322544,-0.0046111908792314,-0.0658046627965933,0.0004581554852929,0.1915605176138712,-0.0001247611108,-0.2579446737639651,-0.0043104426470715,0.0,0.0,-0.0876475423574447,-46.01300048828125,0.6726706624031067,23.20499420166016,0.942147433757782,1.9750652313232424,-0.1766993254423141,0.0,0.0
1730046266.801772,-0.0051510252912434,0.476199935843268,0.0016432544035176,-1.4126663259371903,-0.0003919493545371,1.8811011221306573,0.7822295546464865,0.0407770313322544,0.0407770313322544,-0.0007599572165016,-0.0659058946708006,-0.0004260044563746,0.199913473946818,0.0003648528824069,-0.2678853283728118,-0.0042392108036507,0.0,0.0,-0.2741099596023559,-46.08837890625,0.6726706624031067,23.692970275878903,0.942147433757782,2.064786911010742,-0.2581812441349029,0.0,0.0
1730046266.8351028,-0.005184530761729,0.4738583531946477,0.001662057663926,-1.4062929116162366,-0.000387510784741,1.8728862709759024,0.7820489709470824,0.0407773591578006,0.0407773591578006,-0.001951325571691,-0.0730364691252767,0.0001931488876095,0.1845156612603537,0.0007342422890103,-0.2542181872035405,-0.0087342971227085,0.0,0.0,-0.1987315267324447,-46.31451416015625,0.6329978108406067,23.542213439941406,0.942147433757782,1.985136032104492,-0.2682520449161529,0.0,0.0
1730046266.8684387,-0.0052292443790669,0.4712679877562083,0.0016790544248784,-1.4000562123174352,-0.0003884799996705,1.8639270900293483,0.7817481009241329,0.0407773591578006,0.0407773591578006,-0.0030730185785978,-0.0786143851211006,0.000355398938508,0.193043396805172,0.0002507192791224,-0.2896637655365704,-0.0020281695931709,0.0,0.0,-0.1233531087636947,-46.4295654296875,0.6329978108406067,24.25235748291016,0.960457980632782,2.254301071166992,-0.2883936464786529,0.0,0.0
1730046266.901728,-0.005310742729843,0.4686300640747632,0.0016878430519361,-1.3931427038317423,-0.0003857688386756,1.8553401465861508,0.7815741052832484,0.0407773591578006,0.0407773591578006,-0.0068935568899235,-0.0792484582855715,-0.000527186898754,0.1970551184193283,-0.00019827697669,-0.2451108337827891,-0.0006469668928487,0.0,0.0,-0.1233531087636947,-45.97332763671875,0.6726706624031067,23.72867584228516,0.969613254070282,2.024503707885742,-0.2581812441349029,0.0,0.0
1730046266.9351025,-0.0054180333171349,0.4659201350981491,0.0016895108636327,-1.3864837349142318,-0.0003847515673655,1.846371067098185,0.7813500862568201,0.0407773591578006,0.0407773591578006,-0.0003156350909051,-0.0866434058007828,-0.0007114820414292,0.2060608676244893,0.005900005985461,-0.2854701608916093,-0.0058668928691757,0.0,0.0,-0.1630259603261947,-45.82257080078125,0.7083762288093567,23.50650787353516,0.960457980632782,2.034574508666992,-0.2169825285673141,0.0,0.0
1730046266.9685004,-0.0054975999747862,0.4632323042164794,0.0017003680633899,-1.3795504904620166,-0.0003719366141613,1.8376396117592588,0.7812217040249408,0.0407773591578006,0.0407773591578006,-0.0027525070599449,-0.0740963030509249,0.0006915737209292,0.1959216676116509,-0.0072530005492797,-0.2411561156405985,-0.0029454416436752,0.0,0.0,-0.2384043782949447,-45.86224365234375,0.6329978108406067,23.653297424316406,0.932992160320282,2.054716110229492,-0.2270533293485641,0.0,0.0
1730046267.0017917,-0.0055646708005901,0.4606017851512297,0.0017395786431534,-1.3730508682211695,-0.0003524496916542,1.8291595256271904,0.7810357181638115,0.0407773591578006,0.0407773591578006,-0.0020617635867698,-0.0793560789309987,-0.0004289123792676,0.2042882081319244,-0.0004786584536485,-0.2593078134693241,-0.0008794352070499,0.0,0.0,-0.1987315267324447,-45.7471923828125,0.7083762288093567,23.804054260253903,1.0053188800811768,2.044645309448242,-0.2783228456974029,0.0,0.0
1730046267.035103,-0.0056339306388481,0.4581453238647944,0.0017738627050968,-1.3662846325367697,-0.0003464020618473,1.8204425811559612,0.780878600028812,0.0407770313322544,0.0407770313322544,-0.0019990037360304,-0.0799776469517894,0.0017837257466179,0.1909315928304804,0.0003327646565988,-0.2458156106182414,-0.0006753620476964,0.0,0.0,-0.1630259603261947,-45.29095458984375,0.6329978108406067,23.133583068847656,0.960457980632782,2.004362106323242,-0.2169825285673141,0.0,0.0
1730046267.068386,-0.0057425991927367,0.4556354047635018,0.0017838752822486,-1.359512273301788,-0.0003455756756259,1.8116286692571129,0.7806764870986866,0.0407770313322544,0.0407770313322544,-0.0004679912278927,-0.0672612326552142,0.0003796059966868,0.2073613001702873,-0.0003296296881927,-0.2661900703321861,-0.0074684883137971,0.0,0.0,-0.1630259603261947,-45.3663330078125,0.6726706624031067,23.915138244628903,0.996163547039032,2.105070114135742,-0.2371241301298141,0.0,0.0
1730046267.1017673,-0.0058348540997987,0.4533888274932678,0.0018056279604279,-1.3528404070980886,-0.0003389167626216,1.8028710099959655,0.7805151984387594,0.0407770313322544,0.0407770313322544,-0.0031610780131768,-0.0679382943699303,0.0042324245201586,0.1877605970987364,0.0005983140754498,-0.2593583173826204,-0.006645322744167,0.0,0.0,-0.1233531087636947,-45.33062744140625,0.6329978108406067,23.692970275878903,0.969613254070282,2.105070114135742,-0.2069117277860641,0.0,0.0
1730046267.135194,-0.0059354581211558,0.4511546631742992,0.0018238976800649,-1.3463914254775369,-0.0003403085135287,1.7946715483942806,0.7803078461016493,0.0407770313322544,0.0407770313322544,4.7888805174806006e-05,-0.0640796309278048,0.002138374344405,0.2102393476597435,0.0005191300247322,-0.2490707733475783,-0.0126848236543983,0.0,0.0,-0.3137828111648559,-45.52105712890625,0.5576193928718567,23.83975982666016,0.996163547039032,2.064786911010742,-0.2783228456974029,0.0,0.0
1730046267.1684444,-0.006003237805429,0.4488769789213108,0.0018378532817887,-1.3398665565515422,-0.0003326739559859,1.7858764650497856,0.780134554794825,0.0407770313322544,0.0407770313322544,0.0019039512908298,-0.0745145494364128,0.0009721128898489,0.1829273314938748,-0.0003316828695909,-0.2690729071911856,-0.0068147815136869,0.0,0.0,-0.2741099596023559,-45.5567626953125,0.6329978108406067,23.581886291503903,0.996163547039032,2.054716110229492,-0.2481104582548141,0.0,0.0
1730046267.20177,-0.0060930941927462,0.4462349931055812,0.001844803004768,-1.3334020715758712,-0.0003320676490813,1.777094423287982,0.779994383088904,0.0407770313322544,0.0407770313322544,-0.0018002321547169,-0.078041835400471,0.0002121356896066,0.2066461697988515,-0.0002312654097447,-0.2655984705509461,-0.0068100387423122,0.0,0.0,-0.2384043782949447,-45.89794921875,0.7083762288093567,24.36344146728516,1.0327847003936768,2.164579391479492,-0.2682520449161529,0.0,0.0
1730046267.235102,-0.0061645625324033,0.4436447304032008,0.0018585397029261,-1.3268678668232796,-0.0003284354699119,1.7682211907814596,0.7798549359469422,0.0407770313322544,0.0407770313322544,-0.0011407293718852,-0.0814779118216045,0.0023967232933184,0.1934479534934114,0.0001094404328736,-0.2850935501241997,-0.0046730278744172,0.0,0.0,-0.1630259603261947,-45.44171142578125,0.6726706624031067,23.72867584228516,1.0144741535186768,2.054716110229492,-0.2581812441349029,0.0,0.0
1730046267.268481,-0.0062567339681443,0.4409233955466848,0.0018699456821648,-1.3204211237879433,-0.000325675733976,1.7596806047622595,0.7796934700934549,0.0407770313322544,0.0407770313322544,-0.0033894287454417,-0.0787877194983286,0.0007376718946562,0.2069963656567025,-0.0001677067501549,-0.252025010029527,-0.0011421455629769,0.0,0.0,-0.1987315267324447,-45.29095458984375,0.6726706624031067,24.14127349853516,1.0327847003936768,2.084928512573242,-0.2783228456974029,0.0,0.0
1730046267.3017702,-0.0063447781370578,0.4382576171079339,0.0018850293907651,-1.3133647753398854,-0.0003178439348591,1.750980788290614,0.7795649547531416,0.0407770313322544,0.0407770313322544,-0.0024438438382203,-0.0896987722326569,0.000733076793039,0.1974664258128597,-0.0009848831953379,-0.2567609008427253,-0.0038470945801411,0.0,0.0,-0.2741099596023559,-44.75933837890625,0.5972922444343567,23.244667053222656,1.0053188800811768,1.9952068328857424,-0.2581812441349029,0.0,0.0
1730046267.3351045,-0.006453485275331,0.4355577710272825,0.0018960738923857,-1.3067381190560383,-0.0002959043788892,1.7422686506740983,0.7794428828381378,0.0407770313322544,0.0407770313322544,-0.0086033353556347,-0.0778393213298809,0.0003021778431886,0.2049312311651205,0.0019206749000675,-0.2506081396526927,-0.000136520694374,0.0,0.0,-0.2741099596023559,-45.29095458984375,0.6726706624031067,24.026222229003903,1.0236294269561768,2.204862594604492,-0.2270533293485641,0.0,0.0
1730046267.3684976,-0.0065081818275025,0.4328295027150869,0.0019201844717925,-1.3000252705060522,-0.000285386228862,1.7335363356035045,0.7793254142866777,0.0407770313322544,0.0407770313322544,-0.0070262122488127,-0.0842735412774854,0.0013422707378416,0.19217007751521,0.0008343202686751,-0.2640998776824072,-0.0016818849383731,0.0,0.0,-0.1987315267324447,-44.6839599609375,0.5972922444343567,23.466835021972656,1.0053188800811768,2.044645309448242,-0.2069117277860641,0.0,0.0
1730046267.4017696,-0.0065732856497168,0.4303312059224338,0.0019326193725696,-1.2933638734320556,-0.0002756042655116,1.7245138163702125,0.7792199700160038,0.0407770313322544,0.0407770313322544,-0.0014579946371638,-0.0678484246308994,-0.0009218700829441,0.209720838875181,0.0003904867769207,-0.2708284382149256,-0.0041124279206469,0.0,0.0,-0.2741099596023559,-44.60858154296875,0.6329978108406067,24.026222229003903,1.0236294269561768,2.274442672729492,-0.2069117277860641,0.0,0.0
1730046267.4351034,-0.0066564965967408,0.4280774934190318,0.0019681075213053,-1.2864990860239367,-0.0002719239941498,1.7163914438551262,0.779045350747016,0.0407770313322544,0.0407770313322544,-0.00726731455045,-0.0703447746002816,0.0010304736726976,0.1981864647097982,9.64036773441451e-05,-0.2459497815854782,-0.0131212394452926,0.0,0.0,-0.2384043782949447,-44.231689453125,0.5972922444343567,23.09391021728516,1.0236294269561768,1.985136032104492,-0.2069117277860641,0.0,0.0
1730046267.468443,-0.0067714116513909,0.4258072219631985,0.0019846549883286,-1.2798231109239644,-0.0002691691912607,1.707556356040237,0.778840003224881,0.0407770313322544,0.0407770313322544,-0.0026400312396144,-0.0651075144907615,0.0002331763564308,0.2114865594793815,-0.0001887275650519,-0.2802167699637887,-0.0113225891947233,0.0,0.0,-0.2741099596023559,-44.60858154296875,0.6329978108406067,23.804054260253903,1.0419399738311768,2.164579391479492,-0.2169825285673141,0.0,0.0
1730046267.501768,-0.0068645143523347,0.4234079274784463,0.002009404821023,-1.2732867118127111,-0.0002629985554922,1.69887564813963,0.7785824082044058,0.0407773591578006,0.0407773591578006,-0.0007316813448319,-0.0760860831937,0.0035767279711128,0.17335652555495,0.0003185233629437,-0.2445001853959661,-0.0071970281827874,0.0,0.0,-0.3137828111648559,-44.5728759765625,0.6329978108406067,23.768348693847656,1.0327847003936768,2.024503707885742,-0.2682520449161529,0.0,0.0
1730046267.535102,-0.0069621076791412,0.4210736177606505,0.0020328009754463,-1.2667577990243362,-0.0002635490925879,1.689918687816006,0.778425192270464,0.0407773591578006,0.0407773591578006,-0.0050542206024038,-0.0691121851946827,0.0003594828861011,0.2056774637089359,-0.0007298970874021,-0.284867869755245,0.0008690862734076,0.0,0.0,-0.2741099596023559,-45.29095458984375,0.6329978108406067,24.065895080566406,1.0776455402374268,2.174650192260742,-0.2682520449161529,0.0,0.0
1730046267.568393,-0.0070662949256134,0.4183090721620294,0.0020707997694316,-1.260279795407342,-0.0002545156287918,1.6810973995427445,0.7782933753737912,0.0407773591578006,0.0407773591578006,-0.0051779512491266,-0.0872721653356249,0.0010375066570928,0.1852510079848701,0.0001495254187303,-0.2515045642282766,-0.0068068998536994,0.0,0.0,-0.1987315267324447,-44.45782470703125,0.6329978108406067,23.581886291503903,1.0501797199249268,2.044645309448242,-0.2371241301298141,0.0,0.0
1730046267.601792,-0.0071402385260811,0.4156198361505169,0.0020716109196084,-1.2537066065476554,-0.0002471927075956,1.672458269240153,0.7781642403511865,0.0407773591578006,0.0407773591578006,0.0001059054424864,-0.0765875158743666,0.0006971846960719,0.2084129680147033,-0.0003024556998572,-0.2675869838622917,-0.0090966830578067,0.0,0.0,-0.1987315267324447,-44.3824462890625,0.6726706624031067,23.879432678222656,1.0593349933624268,2.144437789916992,-0.1867701262235641,0.0,0.0
1730046267.6351032,-0.0072414044897643,0.4129625567282989,0.0020783589879075,-1.2471402581013376,-0.0002365289639329,1.6638655087130056,0.777998302755649,0.0407773591578006,0.0407773591578006,-0.0011645359289155,-0.0781900071552886,0.0004831591931732,0.1941124812949778,0.0004631557453156,-0.2510012134982123,-0.0007012068571299,0.0,0.0,-0.1630259603261947,-43.92620849609375,0.7083762288093567,23.692970275878903,1.0501797199249268,2.124296188354492,-0.2481104582548141,0.0,0.0
1730046267.6685252,-0.007343271129595,0.4102960361932748,0.0020929295710265,-1.2402605844943282,-0.0002318944965054,1.6552230546014426,0.7778705522417003,0.0407773591578006,0.0407773591578006,-0.0062396855405101,-0.0762231498767251,0.001825186921642,0.2157226022351798,0.0005650982460393,-0.2679382230145188,-0.0023247835532769,0.0,0.0,-0.1233531087636947,-44.11663818359375,0.6726706624031067,23.581886291503903,1.0501797199249268,2.074857711791992,-0.1867701262235641,0.0,0.0
1730046267.7017684,-0.0073910779219748,0.407714066869608,0.002115460897802,-1.2335441393142774,-0.000221216427594,1.6463811292954034,0.7777560561804079,0.0407770313322544,0.0407770313322544,-0.002330808276625,-0.0862636158595086,-6.145069345747779e-05,0.1900706359809582,0.0003997111201197,-0.2670688367692928,-0.0013448706031532,0.0,0.0,-0.2384043782949447,-43.8111572265625,0.6329978108406067,23.244667053222656,1.0501797199249268,2.124296188354492,-0.1867701262235641,0.0,0.0
1730046267.735102,-0.0074174111144293,0.4051886884078901,0.0021378477402073,-1.22686154516401,-0.0002210287596079,1.638108420946196,0.7776109890979312,0.0407770313322544,0.0407770313322544,0.0011687698126628,-0.0679995158326995,-0.0004371006751164,0.2051591903190864,-0.000956970367113,-0.2565455288801165,-0.0002859155197973,0.0,0.0,-0.3494883775711059,-43.92620849609375,0.6726706624031067,23.692970275878903,1.0868008136749268,2.054716110229492,-0.2270533293485641,0.0,0.0
1730046267.768437,-0.0074577661701667,0.4027628697771215,0.0021770165099843,-1.2203096863221046,-0.0002040343885931,1.629288807006428,0.777506347127233,0.0407770313322544,0.0407770313322544,-0.0037037056733708,-0.0764035659779218,-0.0009688498934037,0.1931556585501784,0.0005535369589258,-0.2633354152479679,-0.0058476306087887,0.0,0.0,-0.1987315267324447,-43.24383544921875,0.6726706624031067,23.320045471191406,1.0593349933624268,2.114225387573242,-0.1968409270048141,0.0,0.0
1730046267.8017693,-0.0075132884648466,0.4004167683171305,0.002195909276495,-1.2135006389492569,-0.0002029582177988,1.6204864499875105,0.7774079974064501,0.0407770313322544,0.0407770313322544,0.000216316663479,-0.062451312363069,3.987774395649473e-05,0.2039028631796192,0.0009377254849691,-0.249342470491456,-0.0049365819227232,0.0,0.0,-0.3137828111648559,-43.62469482421875,0.6329978108406067,23.542213439941406,1.0501797199249268,2.164579391479492,-0.2169825285673141,0.0,0.0
1730046267.835101,-0.0076142787347956,0.3981608431744649,0.0022245311823709,-1.2068899133445803,-0.000198476398969,1.6117642109406691,0.7773324005394086,0.0407770313322544,0.0407770313322544,-0.0018761106734275,-0.0718032898051738,-0.0004072795841437,0.1926087614569504,-0.0005267475859917,-0.2773064221250391,-0.0001433289849649,0.0,0.0,-0.2384043782949447,-43.5096435546875,0.7083762288093567,23.431129455566406,1.0959560871124268,2.114225387573242,-0.2169825285673141,0.0,0.0
1730046267.8684385,-0.0076974158683401,0.3957830733047222,0.0022587241312642,-1.2004002704222116,-0.0001969237397189,1.603072621978518,0.7771804400015179,0.0407770313322544,0.0407770313322544,-0.0007605937685974,-0.0714983757428445,0.0033202045891797,0.190220923711433,-0.0003523688886134,-0.2495810953244089,-0.0009743547388757,0.0,0.0,-0.2741099596023559,-43.88653564453125,0.6726706624031067,23.542213439941406,1.0868008136749268,2.114225387573242,-0.2682520449161529,0.0,0.0
1730046267.901798,-0.0077489254223173,0.3931516900117607,0.0022813503894628,-1.1939129115897016,-0.0001844525358521,1.594374751691659,0.7770749965787145,0.0407770313322544,0.0407770313322544,-0.000695196810999,-0.0796950332332937,-0.0012447922455346,0.1918328019047863,0.0025547466357512,-0.2604293777514498,-0.0054273733085809,0.0,0.0,-0.3137828111648559,-43.54534912109375,0.6726706624031067,23.542213439941406,1.0959560871124268,2.164579391479492,-0.2270533293485641,0.0,0.0
1730046267.9351013,-0.0078259384335329,0.3905109439526946,0.0023064321477556,-1.187343748316093,-0.0001768260667019,1.5855161450057855,0.777009750638634,0.0407770313322544,0.0407770313322544,-0.0052799640185048,-0.0752981380340032,0.0011502633565495,0.2055512319250827,0.0007640821416249,-0.2511281604779488,-0.0074062993267148,0.0,0.0,-0.3494883775711059,-43.28350830078125,0.5576193928718567,23.355751037597656,1.0593349933624268,2.144437789916992,-0.2581812441349029,0.0,0.0
1730046267.9684825,-0.007914771831906,0.387763610109077,0.0023030416598526,-1.1804768259605112,-0.0001698875611544,1.5769151880148904,0.7769115147678014,0.0407770313322544,0.0407770313322544,-0.0028043840926867,-0.0794010551954206,-0.0008382740574934,0.2012250325753929,-0.0004141383494527,-0.2625111960394698,-0.0022168514665816,0.0,0.0,-0.1987315267324447,-43.16845703125,0.7480490803718567,23.391456604003903,1.0959560871124268,2.154508590698242,-0.2371241301298141,0.0,0.0
1730046268.0018122,-0.008040161314118,0.3850948239924635,0.0023150596549725,-1.173647366425082,-0.0001658946363222,1.5679350731898305,0.7768450949224797,0.0407770313322544,0.0407770313322544,-0.0028706311162235,-0.0790059868847575,0.0012508711345502,0.207463624944691,-0.00055168583806,-0.2706006617804572,-0.0042551842419227,0.0,0.0,-0.2741099596023559,-42.90264892578125,0.6329978108406067,22.907447814941406,1.1051113605499268,2.194791793823242,-0.2481104582548141,0.0,0.0
1730046268.035102,-0.0081189492237127,0.3824129226920983,0.0023290435164011,-1.1672387194784497,-0.0001519220498624,1.5598751405431954,0.7767607729807708,0.0407770313322544,0.0407770313322544,-0.0014503912764456,-0.0766428381340994,0.0010717251556722,0.1982117397258552,0.0001058270346448,-0.2513699103850929,-0.0016330824764805,0.0,0.0,-0.1987315267324447,-42.78759765625,0.6726706624031067,23.058204650878903,1.1051113605499268,2.144437789916992,-0.2481104582548141,0.0,0.0
1730046268.068555,-0.008196326114648,0.3798025375028135,0.0023619707105711,-1.1603632021433,-0.0001457428174038,1.5506276582082563,0.7765721851429379,0.0407770313322544,0.0407770313322544,-0.0008138882558196,-0.0724698947968763,-0.0001285444849589,0.2058588118331434,0.0028492663123501,-0.2749203815306784,-0.004514609238575,0.0,0.0,-0.2384043782949447,-42.56146240234375,0.6329978108406067,23.169288635253903,1.0959560871124268,2.174650192260742,-0.1867701262235641,0.0,0.0
1730046268.101776,-0.0082652887379875,0.3773060356737581,0.0023815980422209,-1.1538275972120735,-0.0001371757686203,1.542296434740852,0.7764986707207461,0.0407770313322544,0.0407770313322544,-0.0037424480371922,-0.0711568440272242,-0.002108416127251,0.1925887049371248,0.0004903820188227,-0.2463631844872805,-0.0008458463059326,0.0,0.0,-0.2384043782949447,-42.06951904296875,0.6726706624031067,23.20499420166016,1.1051113605499268,2.214933395385742,-0.2682520449161529,0.0,0.0
1730046268.1351025,-0.0083558419976983,0.3750697428999193,0.0024135530954533,-1.1469018728099185,-0.0001298812588546,1.5335225267203891,0.7764288148780129,0.0407770313322544,0.0407770313322544,-0.0033642866308313,-0.0710931895585936,-0.0003171271486088,0.2096886463804778,0.0002309024033848,-0.2729703256416576,-0.0016659417062468,0.0,0.0,-0.1630259603261947,-42.295654296875,0.7480490803718567,22.423439025878903,1.0959560871124268,1.9347820281982424,-0.1968409270048141,0.0,0.0
1730046268.168496,-0.0084129599263537,0.3726162004955542,0.0024423171482021,-1.1404418101434954,-0.0001147807153017,1.5245663125726414,0.7763415122977768,0.0407770313322544,0.0407770313322544,-0.001913911861726,-0.0697121773305778,0.0039513901729681,0.1960795803058373,-0.0002315039801493,-0.25408042149509,-0.0020386300196036,0.0,0.0,-0.1987315267324447,-42.105224609375,0.6726706624031067,22.796363830566406,1.1225063800811768,2.174650192260742,-0.1867701262235641,0.0,0.0
1730046268.2018538,-0.0084649053976313,0.3704208141563407,0.0024698980425113,-1.1337695047031866,-9.654144469160037e-05,1.5159267834153831,0.7762553014801777,0.0407770313322544,0.0407770313322544,-0.0003158532549404,-0.0652737635973655,-0.0002060243868604,0.1943250400289561,-0.0007864476119996,-0.2555045277238776,-0.0002600638154739,0.0,0.0,-0.2384043782949447,-42.4464111328125,0.7480490803718567,22.645606994628903,1.1133511066436768,2.114225387573242,-0.2270533293485641,0.0,0.0
1730046268.235103,-0.0085245076466476,0.3677437854203207,0.002487028894318,-1.1282040981703625,-8.223975808574458e-05,1.5085311439132671,0.7761413695132627,0.0407770313322544,0.0407770313322544,-0.0022874435725551,-0.0861617802816903,0.000269570082294,0.1436850595857798,0.0005178166681781,-0.1956984129203199,-0.0018357857989459,0.0,0.0,-0.1630259603261947,-41.49822998046875,0.6726706624031067,22.685279846191406,1.0959560871124268,2.194791793823242,-0.2371241301298141,0.0,0.0
1730046268.2684476,-0.0085858551795499,0.3647821696955443,0.0024955722557836,-1.123410948322169,-7.097508823525405e-05,1.503282554201812,0.7760686141097037,0.0407770313322544,0.0407770313322544,-0.0003833099242058,-0.0826805613620278,-9.798829433673336e-05,0.1353768562561162,-0.000143131794901,-0.1390458765594332,-0.0072082823183227,0.0,0.0,-0.2384043782949447,-40.09381103515625,0.6726706624031067,21.975135803222656,1.1133511066436768,2.124296188354492,-0.1867701262235641,0.0,0.0
1730046268.3017695,-0.0086599335548031,0.3622028301223617,0.0025133183584492,-1.119761395535918,-5.364398701524727e-05,1.4998572014423048,0.7760292262912288,0.0407770313322544,0.0407770313322544,-0.0030214304491546,-0.0737915438900545,0.0006925585215342,0.0848808544954615,0.0001659003773627,-0.0798106612319457,-0.0022222875239455,0.0,0.0,-0.1233531087636947,-38.4632568359375,0.6726706624031067,21.003150939941406,1.0868008136749268,1.9549236297607424,-0.1968409270048141,0.0,0.0
1730046268.3351028,-0.0087157839833143,0.3599081207255745,0.0025160683411561,-1.1178266557138463,-3.229046943364695e-05,1.4982972226164388,0.7760074309106872,0.0407773591578006,0.0407773591578006,-0.0001203487028059,-0.0592120595757305,-0.0001810831151097,0.043364265533651,-0.0002939041494178,-0.0220408064742515,0.0008183343154017,0.0,0.0,-0.1630259603261947,-37.2889404296875,0.6726706624031067,20.479469299316406,1.0959560871124268,1.985136032104492,-0.2581812441349029,0.0,0.0
1730046268.3684046,-0.0087279894161985,0.3583731037135808,0.0025398711034361,-1.117300685042366,-1.68292454881379e-05,1.4981420436435338,0.7759818331672684,0.0407773591578006,0.0407773591578006,-0.0022245136851999,-0.0323952086796255,-0.0049548922718923,0.0062625609128158,-0.0003570283106029,0.0006703976149685,-0.0015746573297171,0.0,0.0,-0.1630259603261947,-37.13818359375,0.6329978108406067,20.44376373291016,1.0959560871124268,1.9952068328857424,-0.1968409270048141,0.0,0.0
1730046268.4018493,-0.0086841673473687,0.3579725444463139,0.0025557136933276,-1.1173045670968005,-8.858421056878247e-05,1.4981449403748583,0.7759957699861513,0.0407773591578006,0.0407773591578006,0.0013804963039327,-0.0047097470385414,-0.0003570275566865,-0.003831712905542,-0.0105832317236617,-0.0008236478775335,-0.0015683448956021,0.0,0.0,-0.2741099596023559,-39.1456298828125,0.4822409749031067,21.264991760253903,0.969613254070282,2.184720993041992,-0.1254297941923141,0.0,0.0
1730046268.4351037,-0.0086531320162512,0.3582681733933762,0.0025466866537973,-1.1175500045834392,-0.0001641723382959,1.49816115787871,0.7761431370553267,0.0407773591578006,0.0407773591578006,0.0002194846284684,0.0115137430306099,0.0025735720089919,-0.0102022771039476,0.0002479673543677,-0.0004161645139636,0.0051270576317456,0.0,0.0,-0.3494883775711059,-40.85552978515625,0.4465354084968567,21.93546295166016,0.888131320476532,2.254301071166992,-0.0952173918485641,0.0,0.0
1730046268.4684396,-0.00865517960767,0.3587477894174071,0.0025283343600669,-1.1178878267278105,-0.0001953946877861,1.4981625845978157,0.7763823276131443,0.0407773591578006,0.0407773591578006,-0.0002616418669978,0.0174375913233362,0.0002167664823763,-0.0126844548628946,0.000371527664613,-0.0010091779568826,0.0075761701438301,0.0,0.0,-0.1987315267324447,-41.19671630859375,0.5219138264656067,22.197303771972656,0.897286593914032,2.284513473510742,-0.1455713957548141,0.0,0.0
1730046268.5017722,-0.0086697344615535,0.3593294494302534,0.0025066946388254,-1.1181459410375432,-0.0002120354082013,1.4981637210449794,0.7764468292055468,0.0407773591578006,0.0407773591578006,-0.0002533444263573,0.0190031543735167,0.0002499136847939,-0.0056797114626908,-0.0036649565893388,-3.608110552756112e-06,-0.001414231495866,0.0,0.0,-0.0519419759511947,-41.68865966796875,0.6329978108406067,22.312355041503903,0.906441867351532,2.274442672729492,-0.0741602629423141,0.0,0.0
1730046268.535102,-0.0086962570923787,0.3598164185113499,0.0024720476245446,-1.1184111806733703,-0.0002273842380215,1.4981652237421648,0.7764862645477715,0.0407773591578006,0.0407773591578006,-0.0004625553649843,0.0157634611801845,-7.429453076529362e-05,-0.0062266881732846,-0.0003957140274861,0.0004250577647449,0.0006396326286756,0.0,0.0,0.0988148599863052,-41.72833251953125,0.7083762288093567,22.45914459228516,0.924752414226532,2.264371871948242,-0.1254297941923141,0.0,0.0
1730046268.5685084,-0.0087218727297457,0.3601866503641716,0.0024249716997455,-1.118567849893073,-0.0002380783138583,1.498160352465789,0.7765064018015807,0.0407773591578006,0.0407773591578006,0.0006106655797128,0.0133293881246324,-0.0009599241393157,-0.0008750158208633,-0.0004284452713046,0.0004176814981118,0.0006813015823577,0.0,0.0,0.0988148599863052,-41.87908935546875,0.7480490803718567,22.645606994628903,0.924752414226532,2.304655075073242,-0.1355005949735641,0.0,0.0
1730046268.6017692,-0.0087087775889444,0.3603068224132706,0.0024077805102531,-1.1186565890575022,-0.0002453851732327,1.4981614699893775,0.7765082358072394,0.0407773591578006,0.0407773591578006,0.0014401297234082,0.0040505337945662,0.0031358689720603,-0.0004143809859221,-0.0001385699933475,-0.000242334770046,-0.0019146265886093,0.0,0.0,-0.0876475423574447,-41.68865966796875,0.5576193928718567,22.423439025878903,0.915597140789032,2.294584274291992,-0.0640894621610641,0.0,0.0
1730046268.635103,-0.0086684275219231,0.3602877055306566,0.002424715363431,-1.11865433782722,-0.000244526299893,1.4981618251581486,0.7765263418443615,0.0407773591578006,0.0407773591578006,0.0004745012111499,0.0007655238163871,0.0013128842377797,0.0026125471359678,-0.0002328250406862,-0.0003193853036945,0.0015500808042784,0.0,0.0,-0.3494883775711059,-41.30780029296875,0.3314841389656067,22.161598205566406,0.906441867351532,2.294584274291992,-0.1455713957548141,0.0,0.0
1730046268.6685083,-0.0086300408060746,0.3602406861501375,0.0024349736855673,-1.1186398983776535,-0.0002425377374364,1.4981695365959633,0.7765192074609696,0.0407773591578006,0.0407773591578006,0.0002786585918998,-0.0006498678307858,0.0012849971579117,-0.0004371947827388,-1.2410577178942916e-05,0.0003207917552857,-0.0015182071385786,0.0,0.0,-0.3494883775711059,-40.77618408203125,0.3314841389656067,22.086219787597656,0.888131320476532,2.264371871948242,-0.0640894621610641,0.0,0.0
1730046268.701772,-0.0086342443876982,0.360261767956253,0.0024233897807978,-1.1186502844799515,-0.0002431555826418,1.498166900480023,0.7765240571717354,0.0407773591578006,0.0407773591578006,0.0002070497938284,7.215423749082253e-05,-0.0020366455010134,0.0001696598902274,-0.0002992535127839,2.8084051681553183e-05,-0.001802597612382,0.0,0.0,-0.2384043782949447,-41.0816650390625,0.5219138264656067,22.197303771972656,0.897286593914032,2.274442672729492,-0.0640894621610641,0.0,0.0
1730046268.735103,-0.0086653024246933,0.3602759097247079,0.002398950661025,-1.1186619900759032,-0.0002475992413887,1.4981642245186924,0.7765362885445347,0.0407773591578006,0.0407773591578006,0.0005526080356197,-0.0018744699803486,-0.0021369133548335,-0.0005377287453225,-0.0008532431569853,0.0002356130046848,0.0002901559038263,0.0,0.0,-0.0122691243886947,-41.232421875,0.7480490803718567,22.312355041503903,0.932992160320282,2.274442672729492,-0.1153589934110641,0.0,0.0
1730046268.7684429,-0.0086845238011609,0.3602731759422685,0.0024004995324403,-1.118652707869132,-0.0002467054920305,1.4981642241777275,0.776542373617878,0.0407773591578006,0.0407773591578006,-0.0016974968739774,0.0007641752481152,0.0010199233486158,0.0011237693889724,0.0005073560565566,0.0001892590652124,0.0025205845747704,0.0,0.0,0.0234364420175552,-41.19671630859375,0.5972922444343567,22.197303771972656,0.897286593914032,2.274442672729492,-0.1556421965360641,0.0,0.0
1730046268.801752,-0.0086736238906778,0.3602734055264938,0.0024078024153608,-1.1186534512554147,-0.0002459564481065,1.4981674150574724,0.7765432730783075,0.0407773591578006,0.0407773591578006,0.0001700268195932,-0.0015222093019511,0.0003669167535631,-0.0006234570863379,-0.0001888761073334,0.0001979323689551,-0.0002304913712194,0.0,0.0,-0.0876475423574447,-41.19671630859375,0.5219138264656067,22.23697662353516,0.915597140789032,2.274442672729492,-0.1254297941923141,0.0,0.0
1730046268.8351698,-0.0086700542089834,0.3602840024903919,0.0024028067811126,-1.1186533212736676,-0.0002456049534914,1.4981681210043545,0.7765449041731073,0.0407773591578006,0.0407773591578006,0.0006166460921112,-0.0001335355320893,0.0018017638898201,0.0023573452810912,-0.0001177987104117,-3.816579187000395e-05,0.0014646899805274,0.0,0.0,-0.1233531087636947,-41.34747314453125,0.5576193928718567,22.197303771972656,0.906441867351532,2.274442672729492,-0.1355005949735641,0.0,0.0
1730046268.8685176,-0.0086729430464676,0.360262556370765,0.0024078832733356,-1.118653450691729,-0.0002457020250995,1.4981651796465147,0.7765460233386446,0.0407773591578006,0.0407773591578006,-0.0011828503410053,-0.0012663296000662,-0.0001285048262111,-0.0003569099266632,-0.0002551644637358,0.0003140537485451,0.001798415395817,0.0,0.0,-0.0519419759511947,-41.0419921875,0.5219138264656067,22.23697662353516,0.915597140789032,2.274442672729492,-0.1455713957548141,0.0,0.0
1730046268.9018526,-0.0086626331500481,0.3602539976912103,0.0024169404393175,-1.1186503263747054,-0.0002445313541346,1.4981641651789506,0.7765429165742183,0.0407773591578006,0.0407773591578006,0.0008906033612839,-0.0005448239998588,0.0019514347925515,-0.0007976021051282,-3.9661376050089e-05,-0.0001799300536049,-0.0012130412252135,0.0,0.0,-0.1987315267324447,-41.00628662109375,0.4068625569343567,22.197303771972656,0.906441867351532,2.284513473510742,-0.0741602629423141,0.0,0.0
1730046268.9350688,-0.0086534272279489,0.3602701956020064,0.0024194524362881,-1.1186480211955911,-0.000242865130778,1.4981673513449223,0.7765463752398887,0.0407773591578006,0.0407773591578006,0.0009252387566072,0.0010398347127363,0.0004582051537053,0.0004280157345511,0.0004520213387744,-5.5404533381357365e-05,-0.0003668260324276,0.0,0.0,-0.2384043782949447,-41.19671630859375,0.4068625569343567,22.161598205566406,0.888131320476532,2.284513473510742,-0.1052881926298141,0.0,0.0
1730046268.9684086,-0.0086562020342175,0.3602790521692591,0.0024141675680687,-1.1186554050025137,-0.0002460608650312,1.4981673556690218,0.7765540634443361,0.0407773591578006,0.0407773591578006,0.0007257864254577,-1.2050052059195591e-06,-0.0026893503439724,-0.0002402923934237,0.0005726958295428,-0.0001367466904276,0.0012929494546668,0.0,0.0,-0.1987315267324447,-41.30780029296875,0.5219138264656067,22.23697662353516,0.888131320476532,2.284513473510742,-0.1355005949735641,0.0,0.0
1730046269.0018446,-0.008671868685336,0.3602712685936377,0.0024080572860503,-1.118653567725746,-0.0002508496141903,1.4981673573387746,0.7765519833948802,0.0407776869833469,0.0407776869833469,-0.0025734042694296,-0.0061881139039233,0.0008825459094226,0.0030800144655501,-0.0010190966775541,-0.0003849157919752,0.0016920710294213,0.0,0.0,-0.0519419759511947,-41.19671630859375,0.5576193928718567,22.197303771972656,0.932992160320282,2.284513473510742,-0.1556421965360641,0.0,0.0
1730046269.035113,-0.0086798635732199,0.3602734114160624,0.0023971624431843,-1.1186483147871376,-0.0002503242484634,1.4981674166246994,0.7765442728091299,0.0407776869833469,0.0407776869833469,0.0002738328099716,-0.0001147578122273,-0.0014260299824543,0.0009640465812398,-0.0003761562860971,4.2668314120292696e-05,-0.0019582413149344,0.0,0.0,-0.0122691243886947,-41.19671630859375,0.6329978108406067,22.161598205566406,0.915597140789032,2.274442672729492,-0.0540186613798141,0.0,0.0
1730046269.0684392,-0.0086792995309804,0.3602734143606445,0.0024006732884722,-1.118650916495892,-0.0002493006164697,1.4981684763166638,0.7765534367560128,0.0407776869833469,0.0407776869833469,0.0004609089835671,-0.0006957526095963,0.0035499576736734,0.001299225398771,-0.0001209987811529,-0.0057411809164533,0.0006075011235927,0.0,0.0,-0.0519419759511947,-41.19671630859375,0.5219138264656067,22.161598205566406,0.906441867351532,2.274442672729492,-0.1254297941923141,0.0,0.0
1730046269.1017675,-0.0086679623125582,0.3602706303010906,0.002404314942381,-1.1186481860433717,-0.0002503330229707,1.4981681187432296,0.7765545601436528,0.0407776869833469,0.0407776869833469,0.00216402080058,0.0001840376845502,-0.0015761488692027,0.0006164849394847,-0.0005559065951567,0.0002649595735336,0.0008417526852801,0.0,0.0,-0.1233531087636947,-41.15704345703125,0.4822409749031067,22.161598205566406,0.915597140789032,2.274442672729492,-0.1355005949735641,0.0,0.0
1730046269.1351116,-0.0086407939496805,0.3602627114142751,0.0024214381586868,-1.1188826282102995,-0.0002490787939716,1.4981744758633857,0.7766199751178599,0.0407776869833469,0.0407776869833469,0.0019937376337277,0.0003558715046807,0.0006597120573462,-0.013870401984527,-0.0026379435980592,-0.0011562546209139,0.0094690258620431,0.0,0.0,-0.2384043782949447,-40.359619140625,0.4068625569343567,21.864051818847656,0.932992160320282,2.274442672729492,-0.1153589934110641,0.0,0.0
1730046269.1684835,-0.0086252610442686,0.3601963477315987,0.002533334348215,-1.1196617662580566,-0.0002355382615782,1.4981807298163334,0.7771384973947456,0.0407776869833469,0.0407776869833469,0.0053153434232876,-0.0020554619399394,0.0037819500482649,-0.037222924048238,-0.0002692171320165,-0.0002082705190207,0.0169450457377602,0.0,0.0,0.2495716959238052,-40.8912353515625,0.8234274983406067,21.749000549316406,0.978768527507782,2.254301071166992,-0.0851465910673141,0.0,0.0
1730046269.201736,-0.0085957074741269,0.3597571148263755,0.0029551441701286,-1.1213753917917746,-0.0001816918299818,1.4981803707174493,0.7779109557416647,0.0407776869833469,0.0407776869833469,0.0015119565893687,-0.0172776936116779,0.0132032549605538,-0.0645922646744009,0.0016031188481831,-8.244167761644477e-05,0.0281994173257188,0.0,0.0,0.662169337272644,-41.87908935546875,1.200319528579712,22.121925354003903,1.0959560871124268,2.254301071166992,-0.0741602629423141,0.0,0.0
1730046269.2351112,-0.0085049953945453,0.3587172312490669,0.0038582251079277,-1.1239173861922656,5.239554160031888e-05,1.4981661822772008,0.7791614169622089,0.0407776869833469,0.0407776869833469,0.0038868313090645,-0.0388091667691339,0.0351947495749402,-0.0803251448485675,0.0183865796661255,-0.0010427278991914,0.0432984776780088,0.0,0.0,1.221556544303894,-42.97802734375,1.577211618423462,22.645606994628903,1.2488491535186768,2.324796676635742,0.0576756745576858,0.0,0.0
1730046269.268438,-0.0082167207481407,0.3568010435354148,0.0052450764611719,-1.127422045457556,0.0006191699214528,1.4981695938409785,0.7811387341447984,0.0407776869833469,0.0407776869833469,0.0056735581704092,-0.0712064998732452,0.0656719242497316,-0.1192142655678465,0.0280073777583244,-0.0018693800695523,0.0639801591853975,0.0,0.0,1.745238184928894,-43.7000732421875,1.989809274673462,22.832069396972656,1.3935024738311768,2.264371871948242,0.0677464753389358,0.0,0.0
1730046269.301768,-0.0076794060543724,0.3537547958107856,0.0072938459582083,-1.1318971901947998,0.0019181438036506,1.4981504031047377,0.7839252472424523,0.0407776869833469,0.0407776869833469,0.019917834526959,-0.1025600901500418,0.0731456411742984,-0.144008850496392,0.0472838567119607,-0.0007748587729086,0.0929397053033098,0.0,0.0,1.935667872428894,-44.231689453125,2.065187692642212,23.169288635253903,1.3843472003936768,2.264371871948242,0.1391576081514358,0.0,0.0
1730046269.3351142,-0.0068313942148733,0.3499240333073052,0.0098802640129814,-1.1364738261828211,0.0040576263333965,1.4981154761456974,0.7876527293193234,0.0407773591578006,0.0407773591578006,0.0284545568099279,-0.1265544380795089,0.0898119552823444,-0.1448665336036264,0.072303747068981,-0.0017064832403328,0.1295029024431276,0.0,0.0,2.197508811950684,-44.3824462890625,2.442079782485962,23.244667053222656,1.4383633136749268,2.244230270385742,0.1602147370576858,0.0,0.0
1730046269.3684323,-0.0054214831208934,0.3445528959294305,0.0130530854876941,-1.1420100035691931,0.0069241184587486,1.498050758200953,0.7924590052219498,0.0407773591578006,0.0407773591578006,0.0451066197374836,-0.180831008212367,0.1067618343151615,-0.1844714035478475,0.0779496946888223,-0.0006028585610532,0.1441587859190213,0.0,0.0,2.459349632263184,-44.41815185546875,2.592836618423462,23.244667053222656,1.3935024738311768,2.184720993041992,0.1702855378389358,0.0,0.0
1730046269.401773,-0.0035772600097015,0.3378323610927644,0.0166470984802645,-1.147992619448971,0.0095670677588062,1.4977225906757012,0.7967747254501835,0.0407773591578006,0.0407773591578006,0.0618143597339547,-0.2240648740431076,0.1166049728216539,-0.1804796762791155,0.0900785436866162,-0.0137357638659054,0.1294842647540355,0.0,0.0,2.3442983627319336,-43.88653564453125,2.406374216079712,23.320045471191406,1.4292080402374268,2.234159469604492,0.1501439362764358,0.0,0.0
1730046269.435113,-0.0012308718786249,0.329762055003733,0.0210133583304846,-1.1539321267911498,0.0128006060442778,1.497391006954916,0.8015018384180835,0.0407773591578006,0.0407773591578006,0.0725917236717281,-0.242267202445478,0.1272962844593022,-0.1776370883622043,0.0911036350144942,-0.0047024315448349,0.1505421409652301,0.0,0.0,1.669859766960144,-42.97802734375,1.954103708267212,22.534523010253903,1.2937099933624268,2.044645309448242,0.1190160065889358,0.0,0.0
1730046269.468488,0.0013814692253819,0.3214514689301455,0.0258394940097856,-1.159705765092132,0.0157537879243316,1.4970874546297277,0.8069134898577716,0.0407780148088932,0.0407780148088932,0.0802387971870385,-0.2399743173934546,0.1383068546958983,-0.1596219036096508,0.0963681896220129,-0.0159198488396267,0.1736860411308428,0.0,0.0,0.959715723991394,-41.64898681640625,1.501833200454712,22.947120666503903,1.3028652667999268,2.274442672729492,0.1089452058076858,0.0,0.0
1730046269.5017116,0.0041943356189283,0.3130246745367978,0.0305030972297778,-1.1648974874840945,0.0192624412417743,1.496847196225094,0.8126717446899748,0.0407780148088932,0.0407780148088932,0.0859942657675359,-0.2736120499254199,0.1359130179982566,-0.1680538983972839,0.0936355948433211,-0.0075724056954232,0.1716896960577709,0.0,0.0,0.360655665397644,-40.96661376953125,1.049562692642212,22.161598205566406,1.1948330402374268,2.134366989135742,0.1089452058076858,0.0,0.0
1730046269.535136,0.0069355809341226,0.304045843198117,0.0352480426073956,-1.170420670766681,0.0220731575323571,1.4965529118472434,0.8177692798083942,0.0407780148088932,0.0407780148088932,0.0844696705234399,-0.2701856547214144,0.1273942461596102,-0.1636013649072651,0.0815707246047853,-0.0130915889294278,0.1381032855947441,0.0,0.0,-0.1630259603261947,-39.60186767578125,0.7480490803718567,21.788673400878903,1.2671597003936768,2.105070114135742,0.1501439362764358,0.0,0.0
1730046269.5684907,0.0097021304329535,0.2955826716122436,0.0400125085294348,-1.1757728106064869,0.0253346923387856,1.4962059944517505,0.8228103718460813,0.0407780148088932,0.0407780148088932,0.0767657467225894,-0.2337000186659804,0.1363287370837618,-0.1497016158062038,0.1018732350696375,-0.0121708939095502,0.1666698544036322,0.0,0.0,-0.1987315267324447,-38.53863525390625,0.7083762288093567,21.451454162597656,1.2039883136749268,2.124296188354492,0.1391576081514358,0.0,0.0
1730046269.601804,0.0123667389231012,0.2875202168967009,0.0442333613996246,-1.1812563405594816,0.0283969179786658,1.4959333818891445,0.8288012033099638,0.0407780148088932,0.0407780148088932,0.0760716151509905,-0.2575421424703091,0.1222990510449399,-0.1848587616181869,0.0779061630481748,-0.0103990274610188,0.1867108388283466,0.0,0.0,-0.500245213508606,-38.23712158203125,0.5576193928718567,21.415748596191406,1.2213833332061768,2.105070114135742,0.0888036042451858,0.0,0.0
1730046269.635114,0.0144871558515498,0.2794034629581022,0.0485597686669089,-1.186843737807986,0.0313635817804795,1.4954404950070397,0.8342729823125385,0.0407780148088932,0.0407780148088932,0.0614331654037909,-0.2381635202572861,0.1226538698666123,-0.1572283546144356,0.0922334649208424,-0.0169809062580657,0.1448995412430929,0.0,0.0,-0.1987315267324447,-37.630126953125,0.7837546467781067,21.18961334228516,1.2763149738311768,2.134366989135742,0.0787328034639358,0.0,0.0
1730046269.6684124,0.0164145085721602,0.2719802658079287,0.0526668849741366,-1.1924001718152053,0.0341258685566256,1.4950027726635742,0.8389403910580873,0.0407773591578006,0.0407773591578006,0.058064667816233,-0.2221549079120616,0.1150081026919986,-0.1679210766811967,0.082416759585272,-0.0120129622232693,0.1443477657078472,0.0,0.0,0.285277247428894,-36.83270263671875,1.009889841079712,20.519142150878903,1.2305386066436768,1.9952068328857424,0.1602147370576858,0.0,0.0
1730046269.701768,0.0182613207741153,0.2649833376783304,0.0564037739803087,-1.198556179994777,0.0369588427043373,1.4946877854947127,0.8440010076727815,0.0407773591578006,0.0407773591578006,0.0575609208329722,-0.2051741553727636,0.115911339770345,-0.1807250274815268,0.0855702568292999,-0.0155701835161315,0.1561287479013815,0.0,0.0,0.0988148599863052,-37.70550537109375,1.009889841079712,21.376075744628903,1.3120205402374268,2.084928512573242,0.1803563386201858,0.0,0.0
1730046269.735114,0.0200564370884074,0.2579105466426038,0.0602666073069996,-1.2048750607394727,0.0398569212806255,1.4941190535620386,0.850521395429372,0.0407773591578006,0.0407773591578006,0.0502399982489839,-0.2038130207657822,0.1120690941750249,-0.1851957436294849,0.0730460809870289,-0.0258415311579963,0.1819431841074084,0.0,0.0,0.622496485710144,-37.32464599609375,1.311403512954712,21.264991760253903,1.2845547199249268,2.054716110229492,0.1904271394014358,0.0,0.0
1730046269.7684383,0.0218154617640579,0.2510139872988324,0.0639606128819142,-1.2111697558302228,0.0423451094771649,1.4935456054080951,0.8560518058132137,0.0407773591578006,0.0407773591578006,0.0512606517267818,-0.2029352748638283,0.1105770036478397,-0.1887573630639978,0.0731123823488613,-0.0168393654684906,0.1477227839510997,0.0,0.0,0.697874903678894,-38.1220703125,1.501833200454712,21.82437896728516,1.3660366535186768,2.114225387573242,0.1391576081514358,0.0,0.0
1730046269.8018196,0.0236310764021221,0.2444630191456086,0.0678091071725088,-1.217383903133104,0.0454878264620799,1.492863963043319,0.8612865726680591,0.0407773591578006,0.0407773591578006,0.0533370729465579,-0.187324567135055,0.1103154910126975,-0.189076487778878,0.0890826982131952,-0.0210551439261783,0.1628790761022016,0.0,0.0,1.035094141960144,-37.7808837890625,1.652590036392212,22.050514221191406,1.3751919269561768,2.224088668823242,0.1501439362764358,0.0,0.0
1730046269.8351133,0.025503987298519,0.2379443106962757,0.0716495650343883,-1.2236928384152004,0.0481102832161861,1.4923739504539788,0.8671148262337195,0.0407773591578006,0.0407773591578006,0.0553614395558443,-0.2092803116031587,0.1246125404469257,-0.1967091633970077,0.0871901339228203,-0.0175043010778131,0.1857791381206876,0.0,0.0,1.070799708366394,-38.57830810546875,1.727968454360962,22.121925354003903,1.4108974933624268,2.134366989135742,0.0677464753389358,0.0,0.0
1730046269.8683794,0.0273663225335946,0.2308995703213853,0.075844144213634,-1.2300274119719932,0.0511528152939854,1.4917522099585483,0.8731385266105585,0.0407776869833469,0.0407776869833469,0.0571801687802648,-0.2100955268699326,0.1212920594304481,-0.180859900405899,0.0983856403044017,-0.0196183554246319,0.1538815566990076,0.0,0.0,0.808958888053894,-38.010986328125,1.501833200454712,22.23697662353516,1.3843472003936768,2.194791793823242,0.1602147370576858,0.0,0.0
1730046269.9017673,0.0291506318107876,0.2242971958668502,0.0797221395405693,-1.2356374881588097,0.0540432137676066,1.4914024795011764,0.8774119928455265,0.0407776869833469,0.0407776869833469,0.0605403151883856,-0.2188222113238592,0.1216877731444087,-0.1892880411437542,0.0929492907661504,-0.02103219850205,0.1326926024797006,0.0,0.0,0.697874903678894,-38.2728271484375,1.501833200454712,22.010841369628903,1.3660366535186768,2.164579391479492,0.1190160065889358,0.0,0.0
1730046269.9351237,0.031315900425518,0.2170393172121379,0.0840450073044185,-1.2418696200839112,0.0574181644897754,1.4909051217556823,0.8828514880443669,0.0407776869833469,0.0407776869833469,0.0619104294520045,-0.2053355767350804,0.12693183682094,-0.1655099727894573,0.0975692507551574,-0.0130030864654701,0.1596324257363006,0.0,0.0,0.586790919303894,-37.439697265625,1.311403512954712,21.673622131347656,1.3120205402374268,2.084928512573242,0.1501439362764358,0.0,0.0
1730046269.9685063,0.0335314720927563,0.2096215354627035,0.0881492871482091,-1.2481662344416755,0.0601855624249663,1.490540457245174,0.8887650837922532,0.0407776869833469,0.0407776869833469,0.069349111262745,-0.2319302475490919,0.1212558063989059,-0.1978866113653564,0.077749598990092,-0.0135834290564979,0.1713824111356094,0.0,0.0,0.848631739616394,-37.55474853515625,1.688295602798462,22.197303771972656,1.4292080402374268,2.174650192260742,0.1190160065889358,0.0,0.0
1730046270.0017676,0.0356735267207649,0.2020624096771374,0.092279218811292,-1.2540461729988168,0.0630726957715261,1.490009001968416,0.8942806190353516,0.0407770313322544,0.0407770313322544,0.0639194686982989,-0.233685163860286,0.1255608688763576,-0.171784134398889,0.0928361407116517,-0.0096705920147255,0.1570178787302862,0.0,0.0,0.697874903678894,-36.68194580078125,1.612917184829712,21.788673400878903,1.4649136066436768,2.124296188354492,0.1290868073701858,0.0,0.0
1730046270.0351148,0.0380174067646783,0.1946918020192801,0.096272054807127,-1.2597505846146446,0.0662841127468005,1.4896390061338904,0.8988585477075338,0.0407770313322544,0.0407770313322544,0.0739295624643767,-0.2139617794040049,0.1201191300534581,-0.1813551150564283,0.0925321278892428,-0.0100098827929519,0.1449141386264881,0.0,0.0,0.471739649772644,-36.4161376953125,1.351076364517212,21.788673400878903,1.3568813800811768,2.154508590698242,0.1290868073701858,0.0,0.0
1730046270.068437,0.0400386016505322,0.1875671431577097,0.1005077049965675,-1.2654309028117905,0.0691096619735526,1.48913589832499,0.9045235628513406,0.0407770313322544,0.0407770313322544,0.0545663436220021,-0.2095946577442661,0.1234368298594489,-0.1584227063544227,0.0887553759275458,-0.0226848214984953,0.1791906365181373,0.0,0.0,0.324950098991394,-36.074951171875,1.160646677017212,21.864051818847656,1.4108974933624268,2.224088668823242,0.1803563386201858,0.0,0.0
1730046270.1017663,0.0421119927541232,0.1798011927683002,0.1048628640675992,-1.2713665604341586,0.0720228053852069,1.4887820998282142,0.9106406627791308,0.0407770313322544,0.0407770313322544,0.0623368107429721,-0.2334504477339604,0.1216674618515968,-0.1800008691406383,0.088395735300836,-0.0160884913797667,0.1690059778086227,0.0,0.0,0.547118067741394,-35.08709716796875,1.351076364517212,21.376075744628903,1.3751919269561768,2.164579391479492,0.1089452058076858,0.0,0.0
1730046270.135114,0.0441635436103703,0.1720289767264263,0.1088418137293202,-1.2772118685814773,0.0749609037972603,1.4884144570365054,0.9155164375190163,0.0407770313322544,0.0407770313322544,0.0609751518324355,-0.2301146066839081,0.117831962020903,-0.1819023141280462,0.0932188909148687,-0.0146783585415643,0.1385611273440526,0.0,0.0,0.285277247428894,-35.50762939453125,1.085268259048462,21.864051818847656,1.4475185871124268,2.214933395385742,0.1904271394014358,0.0,0.0
1730046270.1683793,0.0463278278572522,0.1647002253463009,0.1129681180269061,-1.2829331386775151,0.0781353848964085,1.487984438441326,0.92041592540693,0.0407770313322544,0.0407770313322544,0.0649278379788415,-0.2141422237463769,0.1198650576760092,-0.1627031252081765,0.0727220597798536,-0.0105467903996964,0.1540551177338653,0.0,0.0,0.547118067741394,-34.74591064453125,1.275697946548462,21.114234924316406,1.3843472003936768,2.144437789916992,0.1501439362764358,0.0,0.0
1730046270.2017672,0.0484299292379769,0.1576342077364334,0.1167595652511328,-1.2888311022818146,0.0804308271084388,1.487701366619883,0.9259506534762876,0.0407773591578006,0.0407773591578006,0.0702108582807397,-0.2289684288142097,0.1167098356379324,-0.1886584818059461,0.0677623546466062,-0.0170383500993245,0.1937651944872264,0.0,0.0,0.586790919303894,-35.12677001953125,1.351076364517212,21.415748596191406,1.4200527667999268,2.074857711791992,0.1602147370576858,0.0,0.0
1730046270.2351134,0.0505762442773396,0.1500169032614167,0.1209174802120564,-1.2947848420089278,0.0833493742090798,1.4872245508253537,0.9321010502307486,0.0407773591578006,0.0407773591578006,0.0680652148765351,-0.2225978642542268,0.1214663357953432,-0.1673310703807206,0.1046890595162016,-0.0145516632858614,0.1718909499257015,0.0,0.0,0.400328516960144,-34.29364013671875,1.160646677017212,21.038856506347656,1.3935024738311768,2.124296188354492,0.1290868073701858,0.0,0.0
1730046270.268438,0.0525998831178898,0.1426897883834398,0.1249499041042267,-1.300813951177529,0.0865184579923759,1.4869175987083996,0.9369990466868672,0.0407773591578006,0.0407773591578006,0.0570328026595639,-0.2168324380032965,0.1265416049555275,-0.1850051687253465,0.0903630348750305,-0.0093075831457149,0.1442759863712518,0.0,0.0,0.547118067741394,-34.25396728515625,1.351076364517212,21.415748596191406,1.4017422199249268,2.194791793823242,0.1602147370576858,0.0,0.0
1730046270.30173,0.0544358952054239,0.1359012208664801,0.129125353954639,-1.3067242998572737,0.0893773720483757,1.4864749638641497,0.9423588280568076,0.0407773591578006,0.0407773591578006,0.056631308486742,-0.2084065408382709,0.1310449191824864,-0.1742103826814341,0.0965128440831031,-0.015374676119472,0.1738004213918301,0.0,0.0,0.586790919303894,-33.83740234375,1.236025094985962,21.18961334228516,1.4475185871124268,2.074857711791992,0.1501439362764358,0.0,0.0
1730046270.3351142,0.0564906767021146,0.1286834269228068,0.1333013028848461,-1.3129796585369558,0.0922822554885486,1.4861023713054815,0.9485704542449608,0.0407773591578006,0.0407773591578006,0.0648714724394587,-0.2212128907025039,0.1147384501976474,-0.1924422717709627,0.0813698956605586,-0.0085386772977529,0.1803288745604008,0.0,0.0,0.360655665397644,-33.87310791015625,1.124941110610962,21.93546295166016,1.4649136066436768,2.294584274291992,0.1501439362764358,0.0,0.0
1730046270.368438,0.0584913990042333,0.1214547532459034,0.1373353324869459,-1.3188087782077331,0.0950740929916197,1.485584168730124,0.9536042650098892,0.0407773591578006,0.0407773591578006,0.0609460880812688,-0.2123364085615418,0.1187869553626262,-0.1627046098191349,0.0867799810221247,-0.010851939674259,0.1294127090845615,0.0,0.0,0.471739649772644,-33.42083740234375,1.085268259048462,21.18961334228516,1.4923794269561768,2.134366989135742,0.251767486333847,0.0,0.0
1730046270.4017332,0.0605169968685506,0.1143196512983664,0.141294520718034,-1.3248661258920025,0.0982828026813941,1.4852696632568283,0.958304614854115,0.0407773591578006,0.0407773591578006,0.0587361803395743,-0.2131197370985774,0.1245779734983582,-0.1863812964446189,0.0824103430756416,-0.0096269031946589,0.1525396529333336,0.0,0.0,0.662169337272644,-32.583740234375,1.236025094985962,21.153907775878903,1.4557583332061768,2.144437789916992,0.1904271394014358,0.0,0.0
1730046270.435114,0.0625559715094237,0.1071633229872523,0.1455042205704833,-1.3310066891923522,0.1007961417891001,1.484843856352051,0.9637419657165296,0.0407773591578006,0.0407773591578006,0.0659768800420561,-0.213203900963989,0.1222607414717123,-0.1744572510139944,0.0767379271762752,-0.0221421159485899,0.1675872047134678,0.0,0.0,0.547118067741394,-33.42083740234375,1.275697946548462,21.899757385253903,1.5555508136749268,2.294584274291992,0.2206395417451858,0.0,0.0
1730046270.468451,0.0648267728500375,0.0997393055550116,0.1495037070327936,-1.3370678546637826,0.1039667280211112,1.484435195850621,0.9696729984050688,0.0407776869833469,0.0407776869833469,0.0668600141646016,-0.2234058148114378,0.1172868052641737,-0.1802204238462013,0.0894241705087402,-0.0155129815991391,0.1709389875085034,0.0,0.0,0.471739649772644,-32.54803466796875,1.124941110610962,20.892066955566406,1.4923794269561768,2.034574508666992,0.1602147370576858,0.0,0.0
1730046270.5017667,0.0666657818807676,0.0923706121043508,0.1536038605709866,-1.3429875777537204,0.1070095432164438,1.4840370751778913,0.9748418557081424,0.0407776869833469,0.0407776869833469,0.056534857963669,-0.2164144477039655,0.1271324324898944,-0.1707264959608808,0.0878934353937246,-0.0121572510245583,0.1408636243873467,0.0,0.0,0.622496485710144,-33.03997802734375,1.200319528579712,21.60221099853516,1.4649136066436768,2.174650192260742,0.1602147370576858,0.0,0.0
1730046270.535114,0.0684953923405937,0.0854437984461568,0.1577802790196567,-1.348750342496835,0.1101039638351951,1.483505166793119,0.9796063487210372,0.0407776869833469,0.0407776869833469,0.0590028513579282,-0.211092960715486,0.1208492566356767,-0.1816009691111592,0.0951033881960232,-0.0153942478702177,0.1635287088862333,0.0,0.0,0.622496485710144,-32.20684814453125,1.200319528579712,20.892066955566406,1.4475185871124268,2.054716110229492,0.2206395417451858,0.0,0.0
1730046270.5684426,0.0705904314783751,0.0781719200991616,0.1616305834926128,-1.3549231394581869,0.1128223897632439,1.4830981139768045,0.985669794938936,0.0407776869833469,0.0407776869833469,0.0614026511683082,-0.2186399409076862,0.1187980125844473,-0.1829080622690777,0.083069663491265,-0.0138957647286204,0.1869653902435711,0.0,0.0,0.400328516960144,-32.583740234375,0.9345114827156068,21.749000549316406,1.5189297199249268,2.184720993041992,0.1803563386201858,0.0,0.0
1730046270.601731,0.07276580376731,0.07052283235059,0.1657795095461565,-1.360882500989441,0.1157058194394642,1.4824867937212671,0.9915945817260526,0.0407776869833469,0.0407776869833469,0.0702604341213106,-0.2187893879514477,0.1139283390419271,-0.168233754618439,0.0911364054003064,-0.0168568376281473,0.1564632999206471,0.0,0.0,0.586790919303894,-31.445131301879883,1.160646677017212,21.526832580566406,1.5463955402374268,2.284513473510742,0.1702855378389358,0.0,0.0
1730046270.6351144,0.0748598422624139,0.0631329423924206,0.1698274925451786,-1.3668336798294158,0.1185471661275295,1.4820640347779237,0.9960998954074648,0.0407776869833469,0.0407776869833469,0.0615066096163717,-0.21756531456587,0.1178513825503354,-0.1817511624371445,0.0712527666056066,-0.0141169591039324,0.1378773142479222,0.0,0.0,0.662169337272644,-31.143617630004883,1.085268259048462,21.415748596191406,1.5555508136749268,2.174650192260742,0.1702855378389358,0.0,0.0
1730046270.668511,0.077082888567752,0.0559534058058768,0.1739401363804259,-1.3726641669374375,0.1214382500549627,1.481512429571858,1.0013123587845645,0.0407776869833469,0.0407776869833469,0.0663342149369488,-0.213023864238266,0.119561108041079,-0.1716981479994309,0.1040192412095476,-0.0120490627483788,0.1680684884529133,0.0,0.0,0.511412501335144,-31.143617630004883,0.9345114827156068,21.038856506347656,1.5015347003936768,2.084928512573242,0.261838287115097,0.0,0.0
1730046270.7017922,0.0790700848991682,0.0485839849059872,0.1780267861456483,-1.37865956063601,0.1244650352554028,1.4810657423473086,1.0074621434524818,0.0407776869833469,0.0407776869833469,0.0604279728913111,-0.2202739347993069,0.1257119651285726,-0.1803334098016268,0.0923703202224653,-0.0200714738366945,0.1858927272872255,0.0,0.0,0.436034083366394,-30.651674270629883,0.8591330647468567,21.264991760253903,1.4740688800811768,2.204862594604492,0.1391576081514358,0.0,0.0
1730046270.7351136,0.0809964170280768,0.0411329869693846,0.1821540350227997,-1.3845213265314262,0.1272156339572658,1.4805004062075475,1.013007812549222,0.0407776869833469,0.0407776869833469,0.0598455545589545,-0.2221736999097031,0.1271552720518354,-0.171641465303266,0.085440325095979,-0.0205817708161867,0.1550278962765922,0.0,0.0,0.511412501335144,-30.461244583129883,0.8591330647468567,21.340370178222656,1.5280849933624268,2.134366989135742,0.1602147370576858,0.0,0.0
1730046270.7684813,0.0830529791174042,0.033964864521221,0.1863436208940568,-1.390597292411708,0.130597363390011,1.4799619741815524,1.0179920646539475,0.0407783426344394,0.0407783426344394,0.0599100992930878,-0.2054002529889979,0.1195244154846593,-0.1793251925926887,0.096903597497186,-0.0172080279005,0.1587127004275819,0.0,0.0,0.285277247428894,-29.854249954223636,0.5219138264656067,21.264991760253903,1.4832241535186768,2.204862594604492,0.1501439362764358,0.0,0.0
1730046270.8017669,0.0850085994921916,0.0269246992279896,0.1904001343226632,-1.396574045874645,0.1334674101202384,1.479375258466171,1.0238145848604194,0.0407783426344394,0.0407783426344394,0.0578216246732166,-0.2149906653444058,0.1184908115745456,-0.1777968967438995,0.0902208831047721,-0.0243002571158493,0.1933819806525963,0.0,0.0,0.471739649772644,-30.762758255004883,0.6329978108406067,21.526832580566406,1.5106899738311768,2.184720993041992,0.2206395417451858,0.0,0.0
1730046270.835116,0.0871570893911532,0.0195666892418165,0.1943175463593983,-1.4024845326426136,0.1366494996377013,1.4788743957084216,1.0297387746229918,0.0407783426344394,0.0407783426344394,0.0587831902317306,-0.2285644443059545,0.1217577988182333,-0.179151168508513,0.0964378880543829,-0.0126604124505054,0.161232845416562,0.0,0.0,0.662169337272644,-29.247255325317383,0.8591330647468567,20.705604553222656,1.4200527667999268,2.064786911010742,0.2316258698701858,0.0,0.0
1730046270.8684378,0.0892245562467225,0.0121177357912174,0.1983727188423174,-1.4085107830531327,0.1390312023831447,1.4784364165755184,1.034375844652081,0.0407783426344394,0.0407783426344394,0.0661097573345809,-0.2123751063491137,0.1279207798042308,-0.1757082421355279,0.0751395100994666,-0.0190660532129277,0.1440276032116537,0.0,0.0,0.586790919303894,-29.929628372192383,0.7083762288093567,21.562538146972656,1.5555508136749268,2.194791793823242,0.2004979401826858,0.0,0.0
1730046270.9017675,0.0914443290335607,0.0050423424542683,0.2024718536203654,-1.4145357862569747,0.1420880241193835,1.4778885387195149,1.039494102045842,0.0407783426344394,0.0407783426344394,0.0557221851136916,-0.211826802428549,0.125823466726322,-0.1812888050255177,0.0980409593257287,-0.0210882203197678,0.158229109387966,0.0,0.0,0.622496485710144,-29.282960891723636,0.7837546467781067,20.741310119628903,1.5189297199249268,2.034574508666992,0.2004979401826858,0.0,0.0
1730046270.9351203,0.0932922522088827,-0.0021435485825962,0.2064876859561797,-1.4206930512551268,0.1452543780484926,1.477408069044141,1.0452130849500416,0.0407783426344394,0.0407783426344394,0.0626421951749835,-0.2175464728922791,0.1195595681979034,-0.1845007930042894,0.0818771442465693,-0.0206873504283456,0.1686851643855229,0.0,0.0,0.511412501335144,-29.247255325317383,0.6329978108406067,21.673622131347656,1.5463955402374268,2.164579391479492,0.1904271394014358,0.0,0.0
1730046270.9684372,0.0952442958882282,-0.0093803926168332,0.2105888067130255,-1.426317331127846,0.1480105802108599,1.476788215131726,1.050981248746938,0.0407776869833469,0.0407776869833469,0.065376634109792,-0.2197768522803529,0.1247673190217203,-0.1749448499571785,0.0856760434967501,-0.0126007557614799,0.1691414295694529,0.0,0.0,0.662169337272644,-28.600587844848636,0.7480490803718567,21.30069732666016,1.5555508136749268,2.184720993041992,0.2206395417451858,0.0,0.0
1730046271.0017664,0.0973581426720993,-0.01681068744504,0.2146441045018757,-1.4325141973685118,0.1511455028157182,1.4764053534628538,1.0557116688394532,0.0407776869833469,0.0407776869833469,0.0622239857948395,-0.212499057018372,0.1182022811735302,-0.1887446754211845,0.0830858253193541,-0.0102683836245829,0.1367650578710695,0.0,0.0,0.436034083366394,-28.108644485473636,0.3711569905281067,21.30069732666016,1.5555508136749268,2.164579391479492,0.2105687409639358,0.0,0.0
1730046271.0351207,0.0994797529997904,-0.0237376792566544,0.2187038997395066,-1.438338422748456,0.1540564524054616,1.475755572622872,1.0613816431159997,0.0407776869833469,0.0407776869833469,0.0710379873566024,-0.2123507537593469,0.1181829964767414,-0.1692965783547454,0.0994396753585291,-0.0173618389067867,0.1846678853449576,0.0,0.0,0.622496485710144,-28.600587844848636,0.5972922444343567,21.788673400878903,1.5821011066436768,2.214933395385742,0.2416966706514358,0.0,0.0
1730046271.0684354,0.101693086195161,-0.0310607812343099,0.2226771495832532,-1.4444386134897498,0.1568886332819382,1.4752808401075026,1.067413509515628,0.0407776869833469,0.0407776869833469,0.0671973894620165,-0.234089557822423,0.1252695009208285,-0.1891517588723258,0.0749453010593502,-0.0230594021022017,0.1745315236376952,0.0,0.0,0.737547755241394,-27.350893020629883,0.5972922444343567,21.526832580566406,1.5821011066436768,2.264371871948242,0.1803563386201858,0.0,0.0
1730046271.101785,0.1038853232739784,-0.0386772330974359,0.2268387631339555,-1.450325882980192,0.159391565601123,1.474714152571278,1.0724850728597568,0.0407776869833469,0.0407776869833469,0.0612387738472542,-0.2212732240304972,0.126531316278945,-0.1679647882481004,0.081137118931326,-0.0110415607801577,0.1438101376104099,0.0,0.0,0.511412501335144,-27.993593215942383,0.2561057209968567,20.927772521972656,1.5189297199249268,2.094999313354492,0.1904271394014358,0.0,0.0
1730046271.1351192,0.1057201993110691,-0.0457775515149715,0.230989589591469,-1.4562785454662273,0.1624709741706426,1.4742368501771608,1.0771312334813763,0.0407776869833469,0.0407776869833469,0.0519085666262505,-0.2173173008649967,0.128070060953462,-0.1818417783521858,0.1012989979962279,-0.0110740185602425,0.1465777492025575,0.0,0.0,0.547118067741394,-27.085084915161133,0.1807272881269455,20.96744537353516,1.5106899738311768,2.094999313354492,0.251767486333847,0.0,0.0
1730046271.1684797,0.1075861431059879,-0.052975661217767,0.2350662357874585,-1.462338965786256,0.1654160168155193,1.4737299922321172,1.082830663031231,0.0407776869833469,0.0407776869833469,0.058286749887968,-0.2256944065284954,0.1260068898625778,-0.1838923691557422,0.0812093730805137,-0.0129125250551454,0.1843857963836556,0.0,0.0,0.662169337272644,-27.235841751098636,0.2957785725593567,21.451454162597656,1.5729458332061768,2.174650192260742,0.1904271394014358,0.0,0.0
1730046271.201862,0.1096628286911757,-0.060522719740334,0.2392893955623477,-1.4684233182887838,0.1684691074547906,1.473233610052598,1.0890502896011485,0.0407776869833469,0.0407776869833469,0.0609727179963983,-0.2288081731464767,0.1196812803822568,-0.1733534389502153,0.1063129746613961,-0.0120765718097442,0.1750109760799297,0.0,0.0,0.285277247428894,-26.327333450317383,-0.1564919501543045,20.96744537353516,1.5015347003936768,2.084928512573242,0.1391576081514358,0.0,0.0
1730046271.235113,0.1117543405320921,-0.0677856925074015,0.2433675947426008,-1.4743291525965403,0.1712987524850331,1.4726765193475508,1.0940684552779,0.0407776869833469,0.0407776869833469,0.0667450712409156,-0.2068730500435775,0.1141726163064938,-0.1766338837351822,0.0901131202383236,-0.025300684477915,0.1467259899706224,0.0,0.0,0.436034083366394,-26.363039016723636,-0.1207863837480545,21.82437896728516,1.6095669269561768,2.304655075073242,0.2316258698701858,0.0,0.0
1730046271.2684278,0.113855829373776,-0.0746317783879656,0.2473854493642805,-1.4800014349397812,0.1743653644874924,1.472163038887808,1.0995134771024264,0.0407773591578006,0.0407773591578006,0.0604971681211687,-0.2100587998061985,0.1259077524254696,-0.1740593026585672,0.0984595101136231,-0.0091748933002436,0.1755820735093166,0.0,0.0,0.511412501335144,-25.831422805786133,-0.0454079657793045,20.741310119628903,1.5015347003936768,2.105070114135742,0.1702855378389358,0.0,0.0
1730046271.3018465,0.1159911325519482,-0.0822002628598003,0.2514515995280732,-1.486323647489389,0.1773374444300048,1.4718118715709128,1.105693454483109,0.0407773591578006,0.0407773591578006,0.071150532341108,-0.2221527699873844,0.1137925251010652,-0.1815482576332207,0.0776633064999066,-0.0174889282519395,0.1823035968834316,0.0,0.0,0.511412501335144,-25.339479446411133,-0.0811135321855545,21.487159729003903,1.5555508136749268,2.274442672729492,0.1702855378389358,0.0,0.0
1730046271.335114,0.118059936163506,-0.08953888784209,0.2554814894378869,-1.4920369164833829,0.179925174331819,1.4713889474985251,1.1107860805942449,0.0407773591578006,0.0407773591578006,0.0570376477750934,-0.2169477776628454,0.1248022170540483,-0.1702974755216521,0.0828713745728298,-0.0144167418532697,0.1373258171687029,0.0,0.0,0.547118067741394,-25.569581985473636,-0.1207863837480545,21.153907775878903,1.5912563800811768,2.184720993041992,0.2206395417451858,0.0,0.0
1730046271.3684318,0.1199507131198696,-0.0969181733662589,0.259668162276712,-1.4982925807019478,0.1832183297808236,1.471053746281459,1.1157043563751847,0.0407773591578006,0.0407773591578006,0.0513256972377887,-0.2080339294777758,0.1225133152002352,-0.1790835600715668,0.0950264148482172,-0.0073412841329566,0.1510627446042098,0.0,0.0,0.511412501335144,-24.581727981567383,-0.2318703681230545,20.780982971191406,1.5280849933624268,2.134366989135742,0.2004979401826858,0.0,0.0
1730046271.4017673,0.1219476114572665,-0.1038850366678671,0.2637476164695873,-1.5040321562223762,0.1861112947688564,1.4706116046471236,1.1210279398222267,0.0407773591578006,0.0407773591578006,0.0642742283618596,-0.216642071343547,0.1201162685739727,-0.1794240677321779,0.0816634675837425,-0.0141304473172605,0.1672070668194139,0.0,0.0,0.511412501335144,-25.149049758911133,-0.4223000407218933,20.96744537353516,1.5372402667999268,2.154508590698242,0.1904271394014358,0.0,0.0
1730046271.4351203,0.1240200994564039,-0.1113358196991983,0.267723638611379,-1.5101747840232715,0.1892928654351893,1.470265604534284,1.1267633036605118,0.0407780148088932,0.0407780148088932,0.0668847310787817,-0.226777969293398,0.1186722948205677,-0.1820725756329388,0.0851448547019739,-0.002108304413893,0.1831040564835647,0.0,0.0,0.436034083366394,-23.899354934692383,-0.3826271891593933,20.927772521972656,1.5015347003936768,2.154508590698242,0.1904271394014358,0.0,0.0
1730046271.468437,0.126147406511084,-0.1186711793523351,0.2717557122944806,-1.515989648193809,0.1920107179129293,1.4697623038773235,1.1320060619323336,0.0407780148088932,0.0407780148088932,0.0634860793012075,-0.2150202886554644,0.120778711478541,-0.1727293617415959,0.0892519018142173,-0.0121000906408726,0.1364156785489393,0.0,0.0,0.622496485710144,-24.506349563598636,-0.3469216227531433,21.264991760253903,1.5821011066436768,2.154508590698242,0.2105687409639358,0.0,0.0
1730046271.501875,0.1282868125541074,-0.1257173705465049,0.27594178979897,-1.5220262124877877,0.1951764054444444,1.469372789816199,1.137059822017883,0.0407780148088932,0.0407780148088932,0.062215879604709,-0.2070396100386995,0.121043173135506,-0.1777807814119697,0.0891296982529171,-0.0101577316715205,0.166104235813886,0.0,0.0,0.662169337272644,-23.669252395629883,-0.3826271891593933,20.96744537353516,1.5189297199249268,2.194791793823242,0.1803563386201858,0.0,0.0
1730046271.535121,0.1303783881979816,-0.1328415231810106,0.2798377842124995,-1.5280053978390904,0.1977029161873286,1.468903277589216,1.1430088006463297,0.0407780148088932,0.0407780148088932,0.0627070417640658,-0.219354192548807,0.1172779745454102,-0.172756451813595,0.0719622569249256,-0.0174906798530631,0.1896802395794706,0.0,0.0,0.436034083366394,-23.558168411254883,-0.7595192790031433,21.07852935791016,1.5912563800811768,2.214933395385742,0.2004979401826858,0.0,0.0
1730046271.568438,0.1322284246341087,-0.1402472865303795,0.283954371295194,-1.5338119905841372,0.2004389775845682,1.468490517631027,1.1486438032360349,0.0407780148088932,0.0407780148088932,0.0608542236067861,-0.2286529552550003,0.1172512549851636,-0.1768179879288345,0.0980271120171967,-0.0029961659548683,0.1494931887639341,0.0,0.0,0.511412501335144,-22.986879348754883,-0.6484352946281433,20.519142150878903,1.5463955402374268,2.054716110229492,0.281979888677597,0.0,0.0
1730046271.601719,0.1341545399887725,-0.1477888552681526,0.2881760394040636,-1.540007228934696,0.2034926234658605,1.468172111652419,1.153433304141566,0.0407780148088932,0.0407780148088932,0.0626739632022504,-0.2109242892257451,0.1238153371514859,-0.1812251362477329,0.0823346131728689,-0.0144057019573969,0.1409543642525484,0.0,0.0,0.511412501335144,-22.645692825317383,-0.8745705485343933,21.415748596191406,1.6187222003936768,2.274442672729492,0.2206395417451858,0.0,0.0
1730046271.635115,0.1362048139028994,-0.1546551622847044,0.2922663313018643,-1.5457447635249846,0.2062905713120558,1.4677436699155886,1.158582647337888,0.0407780148088932,0.0407780148088932,0.0611972204422985,-0.2089989296810419,0.1236682769533129,-0.175340904261175,0.1023200682684508,-0.0118351963081918,0.1744457250329731,0.0,0.0,0.511412501335144,-22.685365676879883,-1.025327444076538,20.293006896972656,1.5463955402374268,1.9952068328857424,0.2316258698701858,0.0,0.0
1730046271.6685262,0.1383174150325353,-0.1622681321494941,0.2963806666757186,-1.552111223177013,0.2096621081939378,1.4673568530390448,1.1650325388293816,0.0407780148088932,0.0407780148088932,0.070339284034819,-0.2268202284839235,0.1165285872257801,-0.1786742752335193,0.0937731265059109,-0.0185596088664035,0.1736724896706503,0.0,0.0,0.547118067741394,-21.963319778442383,-1.025327444076538,21.153907775878903,1.5912563800811768,2.254301071166992,0.2206395417451858,0.0,0.0
1730046271.7018125,0.1404338174609046,-0.1695837301540821,0.3003786641468334,-1.557727407531703,0.2126777609115679,1.46688770291681,1.1704779077723686,0.0407780148088932,0.0407780148088932,0.066713735038845,-0.2177601007860792,0.1202993753065431,-0.1689224469789275,0.0946752390458576,-0.0137724740942087,0.1438681357290577,0.0,0.0,0.471739649772644,-22.078371047973636,-1.061033010482788,20.594520568847656,1.5372402667999268,2.164579391479492,0.2206395417451858,0.0,0.0
1730046271.7351148,0.1425583062266109,-0.1767351519920269,0.3043074769406477,-1.5638228036441653,0.2156047609854695,1.4665949039292383,1.1754987883032784,0.0407776869833469,0.0407776869833469,0.0703776706439742,-0.2102946375373608,0.1170748977896599,-0.1862154409787718,0.076926576287819,-0.0186595954282359,0.1698577574291222,0.0,0.0,0.586790919303894,-21.586427688598636,-1.100705862045288,21.038856506347656,1.5555508136749268,2.194791793823242,0.1904271394014358,0.0,0.0
1730046271.7684455,0.1445738499051775,-0.1839942084140331,0.3084968791890854,-1.569908579265502,0.2182544764541037,1.4661008111717766,1.1814486416576715,0.0407776869833469,0.0407776869833469,0.0547470287538694,-0.21655108470875,0.1229614419108276,-0.1815049990014627,0.086070411856409,-0.0192003286697045,0.1867328902009339,0.0,0.0,0.511412501335144,-22.038698196411133,-1.326841115951538,21.562538146972656,1.5912563800811768,2.234159469604492,0.2004979401826858,0.0,0.0
1730046271.8017666,0.1463998648192449,-0.191401246949091,0.3125601142972355,-1.575900415496213,0.2213488653968206,1.465629267063587,1.187224508409807,0.0407776869833469,0.0407776869833469,0.0545733639282762,-0.2282868625536962,0.1250679029828026,-0.1806935163811782,0.1052083234410874,-0.0140199536418718,0.1510803641346995,0.0,0.0,0.697874903678894,-20.673952102661133,-1.176084280014038,20.780982971191406,1.5647060871124268,2.184720993041992,0.251767486333847,0.0,0.0
1730046271.835114,0.1484493163604179,-0.1986989852732747,0.3166124675531221,-1.5816627421006904,0.2243202967673431,1.4650940011399567,1.191814272996565,0.0407776869833469,0.0407776869833469,0.0612781280505254,-0.2108424608543626,0.1203028142990928,-0.1678912314163067,0.0838841341825631,-0.008600791330251,0.1374313717532754,0.0,0.0,0.324950098991394,-21.054811477661133,-1.628354787826538,20.519142150878903,1.5280849933624268,2.084928512573242,0.2105687409639358,0.0,0.0
1730046271.868376,0.1506201285966996,-0.2059220595399918,0.3208149936190465,-1.5877893915105472,0.2273435245522092,1.464703210745677,1.1970845315451033,0.0407776869833469,0.0407776869833469,0.0688532658859117,-0.2149674665559187,0.1239970550416461,-0.1823723243135655,0.0935445529534768,-0.0029043109871797,0.1632724672292315,0.0,0.0,0.586790919303894,-20.673952102661133,-1.437925100326538,20.780982971191406,1.5555508136749268,2.105070114135742,0.2316258698701858,0.0,0.0
1730046271.901768,0.1528204763902121,-0.21314339435246,0.3247509639093802,-1.5937870354447463,0.2301388209498551,1.4642857384736252,1.202814019482639,0.0407776869833469,0.0407776869833469,0.0653846885413912,-0.2197350193290333,0.1232054632450545,-0.1723284132076288,0.0863680431071294,-0.0153208083211882,0.1704212986731236,0.0,0.0,0.737547755241394,-20.106630325317383,-1.513303518295288,21.003150939941406,1.6095669269561768,2.144437789916992,0.271909087896347,0.0,0.0
1730046271.9351144,0.1549954041402312,-0.2203774522902779,0.3288301407959664,-1.599577962308521,0.2331967008358962,1.463886360720277,1.2084381596864409,0.0407776869833469,0.0407776869833469,0.0672996404272416,-0.2198266933527997,0.1220898487918514,-0.1841612044327714,0.1003394866980224,-0.011117196812465,0.1608168897888731,0.0,0.0,0.400328516960144,-19.916200637817383,-1.703733205795288,20.519142150878903,1.5280849933624268,2.144437789916992,0.1602147370576858,0.0,0.0
1730046271.9684398,0.1570400760528811,-0.2275154088673515,0.3328783828112567,-1.6055644411054235,0.235917395184508,1.4634307175652046,1.2130490731435155,0.0407776869833469,0.0407776869833469,0.0592619434727513,-0.2069464330780724,0.1206287705945333,-0.1771313528787067,0.0669311368145843,-0.0202877950257246,0.1480391803057766,0.0,0.0,0.360655665397644,-19.610719680786133,-2.116330862045288,21.526832580566406,1.6095669269561768,2.274442672729492,0.271909087896347,0.0,0.0
1730046272.0017676,0.1590039590451299,-0.2346959877477874,0.3371568357007523,-1.611549328966467,0.2384812858341621,1.462832129034412,1.2188898107752368,0.0407776869833469,0.0407776869833469,0.0553996248829196,-0.2161380779358583,0.122206056914679,-0.184755504166157,0.077593316065512,-0.0099863682128418,0.1802170543032305,0.0,0.0,0.324950098991394,-19.690065383911133,-2.116330862045288,20.66593170166016,1.5821011066436768,2.144437789916992,0.261838287115097,0.0,0.0
1730046272.0351236,0.1608363041130578,-0.2421719044814012,0.3413136964790023,-1.6177028789834005,0.2416969550076594,1.4623543034696382,1.2249377186248775,0.0407776869833469,0.0407776869833469,0.0576014176554638,-0.2225225371179684,0.1234937176153713,-0.1775014483852113,0.1009439659290296,-0.0233470431347527,0.175401600792759,0.0,0.0,0.586790919303894,-18.702211380004883,-2.156003713607788,21.229286193847656,1.5821011066436768,2.284513473510742,0.2416966706514358,0.0,0.0
1730046272.068437,0.1629243405225117,-0.2495239758623239,0.3453947176996882,-1.6234468818220098,0.2444786219754895,1.461835630005536,1.2298045374757045,0.0407776869833469,0.0407776869833469,0.066571013434269,-0.2181661467340216,0.1173986482518888,-0.1793538016444412,0.0858306332785817,-0.0125086352999943,0.1412258835025337,0.0,0.0,0.471739649772644,-19.158449172973636,-2.417844533920288,20.780982971191406,1.5647060871124268,2.084928512573242,0.251767486333847,0.0,0.0
1730046272.1017678,0.1650604933365773,-0.2568662851636721,0.3495035600333137,-1.6297180585799809,0.2476654126918862,1.461351947989777,1.2346993447884187,0.0407776869833469,0.0407776869833469,0.0629726316818592,-0.2122359333884018,0.1146675426654246,-0.1818617845207183,0.087982148123092,-0.0155152261987784,0.1566203263725049,0.0,0.0,0.662169337272644,-18.361024856567383,-2.306760549545288,21.003150939941406,1.5729458332061768,2.154508590698242,0.1904271394014358,0.0,0.0
1730046272.1351209,0.1670317222687844,-0.2639335929882546,0.3535277301948079,-1.6354355794546478,0.2504232268966672,1.4607556465575624,1.2404455010608757,0.0407776869833469,0.0407776869833469,0.0596234648106176,-0.2240796654299147,0.1213455159186821,-0.1771695897545182,0.0858835808639051,-0.0122107131414171,0.1880630677417464,0.0,0.0,0.924010157585144,-18.361024856567383,-2.191709280014038,20.96744537353516,1.6278774738311768,2.184720993041992,0.281979888677597,0.0,0.0
1730046272.1684375,0.1691605750776288,-0.2713703135364391,0.3574424528737484,-1.6413590711690096,0.2535281253639848,1.4604072495802176,1.2464383397413648,0.0407776869833469,0.0407776869833469,0.0632717355617902,-0.2287129754204046,0.1134156142343626,-0.1862913404232662,0.0998356533271746,-0.0070192841090426,0.1643842881454267,0.0,0.0,0.737547755241394,-17.488222122192383,-2.382138967514038,20.519142150878903,1.6095669269561768,2.114225387573242,0.1904271394014358,0.0,0.0
1730046272.2017677,0.171154715454529,-0.2787833521669924,0.3616065977056236,-1.647373569067216,0.2564938264695551,1.4599201335619632,1.251576160177566,0.0407776869833469,0.0407776869833469,0.0551151886694111,-0.2164253128950107,0.1259607617728637,-0.1724781727050792,0.0821549854302841,-0.0097114283254671,0.1485709737900989,0.0,0.0,0.547118067741394,-17.488222122192383,-2.719358205795288,20.96744537353516,1.5555508136749268,2.204862594604492,0.2206395417451858,0.0,0.0
1730046272.23512,0.1730370088219334,-0.2856949004397729,0.3657139514808584,-1.6533869365216018,0.2591782983523871,1.459484707910563,1.2569639557152952,0.0407773591578006,0.0407773591578006,0.0603157548706089,-0.2152658917385093,0.1244573549736259,-0.1914732604209677,0.0941746896100533,-0.0165327497215608,0.1710087106542645,0.0,0.0,0.924010157585144,-17.186708450317383,-2.417844533920288,21.340370178222656,1.6361172199249268,2.284513473510742,0.251767486333847,0.0,0.0
1730046272.2684362,0.1750322953030552,-0.2929543069162124,0.3697278231085652,-1.6593408748260357,0.262231719788947,1.458834468785124,1.2630375105611298,0.0407773591578006,0.0407773591578006,0.0610470600659837,-0.2211258180931687,0.131493028849909,-0.1755217920953904,0.0883058778754407,-0.0213319481654654,0.1782528700951727,0.0,0.0,0.285277247428894,-16.349611282348633,-3.362058401107788,20.519142150878903,1.5647060871124268,2.124296188354492,0.281979888677597,0.0,0.0
1730046272.301747,0.1773007332015599,-0.3005405388646125,0.3739007983430369,-1.6652788278763253,0.2653910621627356,1.4583257092518802,1.2682266553386117,0.0407773591578006,0.0407773591578006,0.0668411890898958,-0.225687991273918,0.1285975160874339,-0.1847980329840459,0.0925097984669332,-0.0169699866520876,0.1395299204975307,0.0,0.0,0.586790919303894,-16.615419387817383,-2.945493459701538,20.293006896972656,1.5280849933624268,2.084928512573242,0.2004979401826858,0.0,0.0
1730046272.335114,0.1794543781092771,-0.3077256232917478,0.3778269261647008,-1.6713108572139457,0.2684105765903919,1.4578682385971375,1.2729733086071728,0.0407773591578006,0.0407773591578006,0.0557467709603978,-0.2092955093654518,0.1259181746839368,-0.1683419340278203,0.074508036421854,-0.0148665932415383,0.1553515850685581,0.0,0.0,0.662169337272644,-16.083803176879883,-3.020871877670288,21.003150939941406,1.6187222003936768,2.244230270385742,0.2105687409639358,0.0,0.0
1730046272.3684373,0.1814953644370815,-0.314703527181298,0.381895042542462,-1.67719843553932,0.2711303612847483,1.4572537894471924,1.2784391513546445,0.0407780148088932,0.0407780148088932,0.0584615155220463,-0.2175288708410577,0.1280908673558338,-0.1819054574356416,0.0819740933910261,-0.0137246289711053,0.1660492954593654,0.0,0.0,0.586790919303894,-16.389284133911133,-3.247007131576538,20.106544494628903,1.5821011066436768,1.9952068328857424,0.323178619146347,0.0,0.0
1730046272.401767,0.1835277927774201,-0.3223192963675592,0.3860077543753306,-1.683446904665943,0.2742669682894,1.4566257483256575,1.2844423457939196,0.0407780148088932,0.0407780148088932,0.0537417485623308,-0.2209241296757125,0.13022688057897,-0.1675576207825024,0.0779024650521814,-0.0307322605928942,0.1720089600492764,0.0,0.0,0.662169337272644,-15.476808547973633,-3.322385549545288,21.264991760253903,1.6187222003936768,2.294584274291992,0.2105687409639358,0.0,0.0
1730046272.435114,0.1853551970954189,-0.3295479131553951,0.3901442239796081,-1.689123842922427,0.2767428788848861,1.4560413103035514,1.28947559356042,0.0407780148088932,0.0407780148088932,0.0544158097418872,-0.2182230506576482,0.1273345861166089,-0.1767788434907058,0.0774721929656946,-0.0136280742327126,0.1303370791833611,0.0,0.0,0.547118067741394,-15.365724563598633,-3.588193655014038,20.66593170166016,1.5729458332061768,2.154508590698242,0.2004979401826858,0.0,0.0
1730046272.4684372,0.1872696069212002,-0.3366285826187317,0.3942331119866208,-1.6951926479918895,0.2796311329305222,1.4556408260063256,1.294534208122945,0.0407780148088932,0.0407780148088932,0.0530337105197848,-0.2102889526921066,0.1256125613042855,-0.1834597316491291,0.0989174677630494,-0.0178535247799561,0.1655564015662448,0.0,0.0,0.547118067741394,-14.679384231567385,-3.889707326889038,20.741310119628903,1.6544277667999268,2.154508590698242,0.2416966706514358,0.0,0.0
1730046272.501767,0.1893223987999042,-0.3440017755572453,0.3984408238638821,-1.7012952781433703,0.2825841554214228,1.4549622219321598,1.3007678037091686,0.0407780148088932,0.0407780148088932,0.0622350824728675,-0.2210401568582792,0.1255937664345117,-0.1817948033224679,0.0765291806675665,-0.0211037646547542,0.1896406522771217,0.0,0.0,0.471739649772644,-14.338197708129885,-4.076169490814209,20.816688537597656,1.6095669269561768,2.244230270385742,0.251767486333847,0.0,0.0
1730046272.535114,0.1915600037725216,-0.3514249279720447,0.4023737429806626,-1.7072169485826212,0.2854951482847171,1.4544585382521276,1.3061836496498127,0.0407780148088932,0.0407780148088932,0.0713366035454442,-0.2224804747840017,0.1129000217394065,-0.1704640542152793,0.1008465632847177,-0.0211197174326231,0.1410771231281091,0.0,0.0,0.622496485710144,-14.151735305786133,-3.850034475326538,20.404090881347656,1.6278774738311768,2.124296188354492,0.2316258698701858,0.0,0.0
1730046272.5685203,0.1936651063706182,-0.3587707786939687,0.4064865713774155,-1.7131438046118803,0.2887470301666831,1.453930892274495,1.31097118181352,0.0407780148088932,0.0407780148088932,0.0629004464346527,-0.2040080845663728,0.1156924076838297,-0.1720903136228071,0.0790917090950405,-0.0119003472757063,0.1465473145337945,0.0,0.0,0.808958888053894,-13.810548782348633,-3.814328908920288,20.217628479003903,1.6544277667999268,2.094999313354492,0.2206395417451858,0.0,0.0
1730046272.6017716,0.1957307199573449,-0.3656359811540987,0.4103754861684076,-1.718917124588083,0.2917438097801445,1.453575206808751,1.316075021886346,0.0407780148088932,0.0407780148088932,0.0650242788316655,-0.2260529043432287,0.1183047600558758,-0.181150526220346,0.1091049175961919,-0.0102269159228847,0.1693688031652275,0.0,0.0,0.547118067741394,-13.846254348754885,-4.191220760345459,20.519142150878903,1.5647060871124268,2.084928512573242,0.271909087896347,0.0,0.0
1730046272.635114,0.1976527437154187,-0.3732326903647102,0.4145804291900682,-1.7250735737599496,0.2946727827020924,1.45305386817905,1.3224156942850216,0.0407780148088932,0.0407780148088932,0.0538084574263093,-0.2233904654261463,0.1267769825616769,-0.1771155018494351,0.073270404060101,-0.0259556675057002,0.1728717926856671,0.0,0.0,0.511412501335144,-13.013124465942385,-4.417356014251709,20.55484771728516,1.6095669269561768,2.194791793823242,0.2206395417451858,0.0,0.0
1730046272.6684372,0.1996544804119939,-0.3804358088834393,0.4187273035082639,-1.7308588918933028,0.2972811538846759,1.45268985488622,1.327801682001004,0.0407780148088932,0.0407780148088932,0.065452558086231,-0.2187235694468872,0.1230665692141095,-0.1868142717249867,0.0868963919611695,-0.0077516846485725,0.1534422679664415,0.0,0.0,0.547118067741394,-13.314638137817385,-4.603818416595459,20.780982971191406,1.6187222003936768,2.194791793823242,0.271909087896347,0.0,0.0
1730046272.7018783,0.2016810707500311,-0.3877137499958358,0.4229050913245859,-1.7370871572110749,0.3005358434769131,1.4521339536289617,1.333052689485541,0.0407780148088932,0.0407780148088932,0.0587256654382325,-0.2124099779597343,0.1189857572046659,-0.173943966127344,0.1002048177374537,-0.0197789790643534,0.1664157681706354,0.0,0.0,0.471739649772644,-12.783021926879885,-4.905332088470459,20.927772521972656,1.6004116535186768,2.254301071166992,0.2416966706514358,0.0,0.0
1730046272.7351143,0.2038340615657952,-0.3947620059023459,0.4269209641042039,-1.7429812010519323,0.3034313703546922,1.4517569300771551,1.3389366323384484,0.0407780148088932,0.0407780148088932,0.0632411014695168,-0.2148593934266325,0.1201117624136779,-0.1759552773252223,0.0874135510076864,-0.0058997420874317,0.1959229511104081,0.0,0.0,0.884337306022644,-12.707643508911133,-4.492734432220459,20.293006896972656,1.5647060871124268,2.105070114135742,0.2416966706514358,0.0,0.0
1730046272.7684371,0.2060832308301935,-0.402243951035975,0.430837770792688,-1.7489544312238918,0.3062961964591283,1.4513798412109409,1.3446553047487524,0.0407780148088932,0.0407780148088932,0.0663562380954068,-0.2175285122059652,0.1227522613123025,-0.1732838363808986,0.0941916254270884,-0.0208166378108227,0.149702512762196,0.0,0.0,0.662169337272644,-11.949892044067385,-4.794248104095459,20.630226135253903,1.6278774738311768,2.204862594604492,0.281979888677597,0.0,0.0
1730046272.8018336,0.208249184055819,-0.4096229741739179,0.4350621122631906,-1.7549617100850072,0.3092365215149482,1.4510074725232192,1.349549655992998,0.0407780148088932,0.0407780148088932,0.0621121779083694,-0.2070714758484632,0.1191658577350768,-0.1799671200057317,0.0902375336483676,-0.0115397226190078,0.1435461409062516,0.0,0.0,0.471739649772644,-11.759462356567385,-4.980710506439209,19.995460510253903,1.5555508136749268,2.094999313354492,0.2416966706514358,0.0,0.0
1730046272.8351142,0.2102084244775107,-0.4166475930570307,0.4390465875783744,-1.7610082064884114,0.3124921369610561,1.4506519610851076,1.3546628769234217,0.0407776869833469,0.0407776869833469,0.0548894196293796,-0.2092290709951001,0.1161305463437751,-0.1790555887211716,0.1010228582480513,-0.0124514510724354,0.1604078864488117,0.0,0.0,0.586790919303894,-11.684083938598633,-5.131467342376709,20.519142150878903,1.5647060871124268,2.164579391479492,0.313107818365097,0.0,0.0
1730046272.868543,0.212068568930117,-0.4241184149278566,0.4432667643777395,-1.7669894191333284,0.3150119053086632,1.4502004484446738,1.360555639321188,0.0407776869833469,0.0407776869833469,0.0574843909277712,-0.2231806468748698,0.118945387972176,-0.1761359127331888,0.0679566439261036,-0.011475049220748,0.1667867382561496,0.0,0.0,0.737547755241394,-10.811281204223633,-5.282224178314209,20.404090881347656,1.6187222003936768,2.214933395385742,0.2316258698701858,0.0,0.0
1730046272.901806,0.214064898374648,-0.4315901268000455,0.4473629719373779,-1.7729648675776692,0.3176284236545025,1.449868686077069,1.3660815166945257,0.0407776869833469,0.0407776869833469,0.0579304914234531,-0.229908844175589,0.1178503348519971,-0.1819999789557733,0.0837052775208082,-0.0079073440718429,0.1523800526415785,0.0,0.0,0.586790919303894,-10.811281204223633,-5.397275447845459,20.33267974853516,1.6278774738311768,2.124296188354492,0.261838287115097,0.0,0.0
1730046272.935104,0.2160499772469737,-0.4386428272016914,0.4514753282685361,-1.7789333856500191,0.3207613934762728,1.449360411817063,1.3707014570480078,0.0407776869833469,0.0407776869833469,0.0564027299623555,-0.2084085039769763,0.1243643276087656,-0.1812801041587364,0.0904690538824636,-0.0227298430212271,0.1550457004997502,0.0,0.0,0.436034083366394,-10.660524368286133,-5.960629940032959,20.816688537597656,1.5372402667999268,2.224088668823242,0.261838287115097,0.0,0.0
1730046272.9684424,0.2182118723419901,-0.4456150480290607,0.4554326669004931,-1.784884245800181,0.3235780103743269,1.4489109754333376,1.376425233988673,0.0407776869833469,0.0407776869833469,0.0543302216776428,-0.2175781982116085,0.1237861766578866,-0.1845868119446074,0.0874295229117746,-0.0113688146298476,0.1853337159356305,0.0,0.0,0.773253321647644,-10.850954055786133,-5.472653865814209,20.44376373291016,1.5821011066436768,2.144437789916992,0.2105687409639358,0.0,0.0
1730046273.0017817,0.2202429246194363,-0.4531726111129617,0.4595956621599361,-1.7907981154143868,0.3266531293362379,1.4483224838200035,1.382470459711082,0.0407776869833469,0.0407776869833469,0.0662503307297043,-0.2182722836359854,0.1229056393764183,-0.1645482675123827,0.0840152430998752,-0.0174395494038034,0.1706864068756216,0.0,0.0,0.622496485710144,-10.053529739379885,-5.698789119720459,19.658241271972656,1.5106899738311768,2.034574508666992,0.261838287115097,0.0,0.0
1730046273.0351088,0.2224450809618523,-0.4604636081923043,0.4635112985028268,-1.79656193193458,0.3295159882300709,1.4480087018912908,1.3872685217574336,0.0407776869833469,0.0407776869833469,0.0581793926343434,-0.2214487746833256,0.1169767178375167,-0.1850076378623913,0.0930184497819425,-0.0067768800031232,0.1374109243475449,0.0,0.0,0.471739649772644,-10.013856887817385,-6.000302791595459,19.884376525878903,1.5372402667999268,2.074857711791992,0.251767486333847,0.0,0.0
1730046273.068395,0.2242804877190083,-0.4675916474854683,0.4675545510332617,-1.8025907719051464,0.332561304858001,1.4476080893688037,1.3921901288214773,0.0407776869833469,0.0407776869833469,0.0577004535525723,-0.2144263718614954,0.1186924660955671,-0.1764903321050814,0.0939396139770543,-0.0224770865472649,0.1524109919387258,0.0,0.0,0.586790919303894,-9.636964797973633,-6.111386775970459,20.519142150878903,1.5555508136749268,2.194791793823242,0.292050689458847,0.0,0.0
1730046273.1017685,0.2262382312523323,-0.4748730070856112,0.4718699973740001,-1.8087231082289807,0.3352405661106041,1.4472425959367723,1.3983883696446124,0.0407776869833469,0.0407776869833469,0.0604064224929603,-0.2273051467003086,0.1260287495424912,-0.1815618390158672,0.07031387530153,-0.0066183960501838,0.1866801136279477,0.0,0.0,0.471739649772644,-9.029970169067385,-6.377194881439209,19.995460510253903,1.5647060871124268,2.114225387573242,0.2416966706514358,0.0,0.0
1730046273.1351018,0.2283662146551641,-0.4822372342738991,0.4759491357449354,-1.814642383560987,0.33807710132733,1.446732636457439,1.4040982357597596,0.0407776869833469,0.0407776869833469,0.0630379286817536,-0.2194447191125586,0.1276263958729012,-0.1686477862163453,0.0945112091474603,-0.0179505257633915,0.1533452561696128,0.0,0.0,0.737547755241394,-8.803834915161133,-6.639035701751709,20.66593170166016,1.6727383136749268,2.254301071166992,0.2105687409639358,0.0,0.0
1730046273.1684391,0.2305349022278768,-0.4893762671226688,0.4800010857221572,-1.8205356012473584,0.3412276027529863,1.446323144982227,1.4091192060549098,0.0407776869833469,0.0407776869833469,0.0699191771992887,-0.209596302645349,0.1187379294117502,-0.1800079158863657,0.0900234009928583,-0.0113581272452064,0.158496114115126,0.0,0.0,0.436034083366394,-8.422975540161133,-6.639035701751709,20.070838928222656,1.4923794269561768,2.154508590698242,0.292050689458847,0.0,0.0
1730046273.2018752,0.2327519250487456,-0.4966543208781656,0.4840541479354566,-1.8267378043666025,0.344345459511695,1.445954407527562,1.4147768902184923,0.0407776869833469,0.0407776869833469,0.0601992305518762,-0.215195481964155,0.1162878135992573,-0.1778222173700003,0.0924992452811664,-0.0060285920924739,0.1778115639023707,0.0,0.0,0.586790919303894,-8.613405227661133,-6.714414119720459,20.519142150878903,1.5555508136749268,2.194791793823242,0.292050689458847,0.0,0.0
1730046273.2351024,0.2347882221315866,-0.5039317884023492,0.4881240430089535,-1.8326125539932363,0.3472298611986453,1.445430877575641,1.420773905178448,0.0407776869833469,0.0407776869833469,0.061922125646867,-0.2123506573890261,0.1309025193436549,-0.171872324751973,0.0819581739522893,-0.0152670225964078,0.1683199823346583,0.0,0.0,0.586790919303894,-7.625550746917725,-6.789792537689209,19.769325256347656,1.5463955402374268,2.134366989135742,0.261838287115097,0.0,0.0
1730046273.2684429,0.2367804843681278,-0.5113181943944125,0.4921702431899482,-1.8385429891033624,0.3501268701625576,1.445068205800394,1.4256766097533182,0.0407776869833469,0.0407776869833469,0.0571778607118455,-0.2215784401405575,0.1264763741039099,-0.1848644578380369,0.0864626037495576,-0.0108242692194293,0.1320038579887514,0.0,0.0,0.737547755241394,-7.931031703948975,-6.714414119720459,19.92008209228516,1.5821011066436768,2.064786911010742,0.333249419927597,0.0,0.0
1730046273.301832,0.2386771375041859,-0.5186002050632309,0.496356177864697,-1.8445296829854276,0.3531591407483114,1.444509527548328,1.430691172687912,0.0407776869833469,0.0407776869833469,0.0557576064210839,-0.2073561332494771,0.1185597946864136,-0.1708541145863749,0.0784201044843353,-0.0117015342599038,0.1528965812518435,0.0,0.0,0.547118067741394,-7.399415493011475,-7.357114315032959,20.293006896972656,1.5555508136749268,2.174650192260742,0.2416966706514358,0.0,0.0
1730046273.3351035,0.2406337945649433,-0.5257637147023826,0.5004782173936594,-1.8504914072224052,0.3557432196277946,1.4441291387508266,1.4362823820593098,0.0407780148088932,0.0407780148088932,0.0639491133866775,-0.2249736878131929,0.117520325863721,-0.1867345920608431,0.0770350599940716,-0.0156650722773074,0.1788150665981634,0.0,0.0,0.2495716959238052,-7.169312953948975,-7.809384822845459,20.181922912597656,1.5463955402374268,2.124296188354492,0.251767486333847,0.0,0.0
1730046273.36841,0.2426031881894553,-0.5331428603267053,0.5046452520165438,-1.8563612698183505,0.3587195297895872,1.4435868189266092,1.442059458620451,0.0407780148088932,0.0407780148088932,0.0665318488903296,-0.2187870843183371,0.1300018421851855,-0.1653521894185866,0.0880612178011923,-0.0250054667778091,0.1751165271185361,0.0,0.0,0.737547755241394,-6.792420864105225,-7.432492733001709,19.844703674316406,1.5729458332061768,2.114225387573242,0.2316258698701858,0.0,0.0
1730046273.4018762,0.244873940234734,-0.5404489042458186,0.5087176566050604,-1.8624732042839285,0.3617461019275385,1.4431530459505786,1.447180137593637,0.0407780148088932,0.0407780148088932,0.0633653499960682,-0.2160946725830459,0.1144727112481125,-0.1819578129068188,0.0848411766393487,-0.0197092113440213,0.1347715293124635,0.0,0.0,0.547118067741394,-6.411561489105225,-7.392819881439209,20.257301330566406,1.5463955402374268,2.264371871948242,0.2316258698701858,0.0,0.0
1730046273.4351046,0.2469677120586425,-0.5473972159257169,0.5127129139428004,-1.8684397018374768,0.3646483904793607,1.4427085719978403,1.4524619264669767,0.0407780148088932,0.0407780148088932,0.0636912738670284,-0.2061254544977569,0.1203647601018597,-0.1703383667699356,0.0955708656827219,-0.0148933236034246,0.1811505658303314,0.0,0.0,0.662169337272644,-6.260804653167725,-7.734006404876709,20.070838928222656,1.5912563800811768,2.105070114135742,0.2105687409639358,0.0,0.0
1730046273.4684384,0.2489938881400241,-0.5546393244875795,0.516699706442722,-1.874329545085336,0.3677763072817612,1.442261744416677,1.4584560526840016,0.0407780148088932,0.0407780148088932,0.0552441825621078,-0.2268910497149202,0.1247355789585958,-0.1809996626031557,0.0905294630577933,-0.0107715434670208,0.1751995393041805,0.0,0.0,0.471739649772644,-5.463380336761475,-7.845090389251709,19.622535705566406,1.5729458332061768,2.084928512573242,0.302121490240097,0.0,0.0
1730046273.5018146,0.250945678665006,-0.5623112602721109,0.5207912459129465,-1.880383899396784,0.3710718073159245,1.4417835140256312,1.463816504232203,0.0407783426344394,0.0407783426344394,0.0503293271042744,-0.2195903224522113,0.1200960424734722,-0.1748935936401422,0.095402524647749,-0.0130903310319483,0.1489939992366442,0.0,0.0,0.848631739616394,-5.804566860198975,-7.920468807220459,20.293006896972656,1.5647060871124268,2.164579391479492,0.313107818365097,0.0,0.0
1730046273.5351024,0.2529251229161262,-0.5693620999294711,0.5249357707855198,-1.886282245224967,0.3738208512817623,1.4413172844622064,1.4683974866942868,0.0407783426344394,0.0407783426344394,0.0630246140900889,-0.2111419940878544,0.1210311473575874,-0.1797993017882071,0.0730220412177191,-0.0086434687229535,0.1395335754880688,0.0,0.0,0.737547755241394,-5.161866664886475,-8.146604537963867,19.28531646728516,1.4923794269561768,2.004362106323242,0.261838287115097,0.0,0.0
1730046273.5684383,0.2549375145577198,-0.5764316932957396,0.5289895785834678,-1.89233235742083,0.3765200746225641,1.4408762371431068,1.4736906300211354,0.0407783426344394,0.0407783426344394,0.0606520343459639,-0.2192671841010399,0.1191014918250308,-0.1795670061422545,0.0989683647690024,-0.0176590902806427,0.1803967051234261,0.0,0.0,0.662169337272644,-5.237245082855225,-8.749631881713867,20.479469299316406,1.4923794269561768,2.234159469604492,0.313107818365097,0.0,0.0
1730046273.6017704,0.2571550064163936,-0.5839715508330094,0.5331458803500865,-1.89833445557943,0.3795727025210098,1.440323014481008,1.4800631482009672,0.0407783426344394,0.0407783426344394,0.0766491585989632,-0.2177714470566492,0.1136848835498132,-0.1747889522845175,0.0910328381914244,-0.0137379276201813,0.1758729383959212,0.0,0.0,0.586790919303894,-4.400147914886475,-8.523496627807617,19.69791412353516,1.5189297199249268,2.144437789916992,0.281979888677597,0.0,0.0
1730046273.6351032,0.2594307829694109,-0.5912694217463451,0.537028805257552,-1.904217423751756,0.3824677679434137,1.4398657518325717,1.4852759793788757,0.0407783426344394,0.0407783426344394,0.064090048128515,-0.2172209595611106,0.1174638189887266,-0.1845368560854198,0.0860999936219526,-0.0106286225304285,0.14811146996702,0.0,0.0,0.622496485710144,-4.665956020355225,-8.674253463745117,19.844703674316406,1.5189297199249268,2.105070114135742,0.271909087896347,0.0,0.0
1730046273.6685026,0.2615708248554463,-0.5984520513696641,0.5412320274553053,-1.9103503827448685,0.3855042469972504,1.4393670928545688,1.4904987753446797,0.0407780148088932,0.0407780148088932,0.0554759466014377,-0.2048462127764251,0.1192036291094526,-0.1809168391908296,0.0845067133259582,-0.0164071290992785,0.1660156199358781,0.0,0.0,0.471739649772644,-4.058961391448975,-9.015439987182615,20.146217346191406,1.5189297199249268,2.184720993041992,0.292050689458847,0.0,0.0
1730046273.7017682,0.2634244929983144,-0.6056649565521884,0.5452366461526501,-1.9163151807517416,0.3885411387380424,1.438924093235834,1.4964607050470409,0.0407780148088932,0.0407780148088932,0.0524363302689625,-0.2256216163524171,0.1226224194654324,-0.1856465243972187,0.0829616815864746,-0.0180368449293082,0.1765833098412992,0.0,0.0,0.773253321647644,-3.3765883445739746,-8.900388717651367,20.03116607666016,1.6004116535186768,2.194791793823242,0.333249419927597,0.0,0.0
1730046273.735102,0.2653447680718262,-0.6129875750289164,0.5493232506946594,-1.9219691574054485,0.3915411690739894,1.438399361583348,1.502122268943914,0.0407780148088932,0.0407780148088932,0.0606318293728909,-0.2157171091422889,0.1245571791407463,-0.1690911672402297,0.0879991588091552,-0.0132680384379011,0.1446605834992976,0.0,0.0,0.324950098991394,-3.5313124656677246,-9.241575241088867,19.17423248291016,1.4475185871124268,2.064786911010742,0.343320220708847,0.0,0.0
1730046273.7684388,0.2673459362899045,-0.6202546107784912,0.5534261770457043,-1.927845573093524,0.3940596394376299,1.4379823096738724,1.506718658400786,0.0407780148088932,0.0407780148088932,0.0619055817348499,-0.2204748009388656,0.1152653121204352,-0.1906912117024413,0.0813184601803697,-0.0056101073253244,0.1442455262087998,0.0,0.0,0.436034083366394,-2.8846449851989746,-9.693845748901367,19.547157287597656,1.4740688800811768,2.134366989135742,0.333249419927597,0.0,0.0
1730046273.8018792,0.2695327883786955,-0.6275960619350218,0.557640246530813,-1.9341178684602287,0.3967312659235065,1.4374976763942762,1.5119446834327896,0.0407780148088932,0.0407780148088932,0.0701298160652503,-0.216601493969102,0.1177785906595091,-0.1902707075512227,0.0900975716284396,-0.0158830141260547,0.1653008085428276,0.0,0.0,0.511412501335144,-3.1861586570739746,-9.618467330932615,19.622535705566406,1.5015347003936768,2.054716110229492,0.343320220708847,0.0,0.0
1730046273.8351033,0.2715650160713956,-0.6348629037217254,0.561665286658305,-1.9400744596973176,0.3998999110866417,1.436968667532576,1.5176848685243154,0.0407780148088932,0.0407780148088932,0.0615641776885673,-0.2254902277769513,0.1259958904752588,-0.177413636543772,0.0971595959737378,-0.0123748554764381,0.1745813763157514,0.0,0.0,0.360655665397644,-2.2776503562927246,-9.618467330932615,19.733619689941406,1.4649136066436768,2.224088668823242,0.261838287115097,0.0,0.0
1730046273.8684373,0.2737780134476132,-0.6420596524665536,0.5656793535256373,-1.9459073576593304,0.4028093530793757,1.4364680007628932,1.5232688739035003,0.0407786704599857,0.0407786704599857,0.0597248828122295,-0.2197678301781048,0.1229351451265904,-0.173079917024439,0.0956779202072761,-0.0145910766853958,0.1544241179060875,0.0,0.0,0.586790919303894,-2.7695937156677246,-9.729551315307615,19.995460510253903,1.4832241535186768,2.194791793823242,0.281979888677597,0.0,0.0
1730046273.9017591,0.2757703185333799,-0.6492656998426313,0.569805330822988,-1.951949248905544,0.4061044614091522,1.4359301074241162,1.5281436472733836,0.0407786704599857,0.0407786704599857,0.0591494179756672,-0.2049588261217179,0.1217097561998206,-0.1803076098400896,0.0924425898671936,-0.0208991563745146,0.1459467102369147,0.0,0.0,0.547118067741394,-2.2022719383239746,-9.804929733276367,19.209938049316406,1.4200527667999268,2.114225387573242,0.363461822271347,0.0,0.0
1730046273.935103,0.2776072795652408,-0.6565116362989006,0.5737723733199279,-1.958012761193784,0.4089533752040904,1.4354621566173853,1.5339270902597586,0.0407786704599857,0.0407786704599857,0.0542736208289597,-0.2185844766022701,0.1206213053125635,-0.180140005178744,0.0804700659211163,-0.0189685440451352,0.182532680866473,0.0,0.0,0.848631739616394,-2.1268935203552246,-9.919981002807615,20.33267974853516,1.5912563800811768,2.184720993041992,0.292050689458847,0.0,0.0
1730046273.9685178,0.2795732952359749,-0.6640174299878346,0.5781008988207399,-1.9640253446247145,0.4120229505371134,1.4348724541452351,1.5399766291258403,0.0407786704599857,0.0407786704599857,0.0579946746007649,-0.2142291502507419,0.1278875473284051,-0.175319590575739,0.0832574333108546,-0.0105018866721529,0.1646682626549959,0.0,0.0,0.511412501335144,-1.4048476219177246,-10.070737838745115,18.876686096191406,1.4557583332061768,2.044645309448242,0.251767486333847,0.0,0.0
1730046274.0017686,0.2817219853734464,-0.6712678032380768,0.582149908854393,-1.9700548919509304,0.4145547088009352,1.4344655626600362,1.5447706159587382,0.0407786704599857,0.0407786704599857,0.0617712577185277,-0.2110021236615849,0.1226484944547543,-0.1873189045866007,0.0716535258173054,-0.0117789132401054,0.1364034613698921,0.0,0.0,0.773253321647644,-1.5952773094177246,-10.634092330932615,19.511451721191406,1.4832241535186768,2.105070114135742,0.281979888677597,0.0,0.0
1730046274.0351026,0.2838736509351325,-0.6782714652695684,0.5861597690106142,-1.975915030940883,0.4174878354352314,1.43383061543331,1.5496253682557175,0.0407786704599857,0.0407786704599857,0.0597650493972415,-0.2089615762034198,0.125568192926908,-0.1731539686509524,0.0912846709423264,-0.0194519877929503,0.1619050169207259,0.0,0.0,0.737547755241394,-1.2897963523864746,-10.483335494995115,19.471778869628903,1.4832241535186768,2.194791793823242,0.261838287115097,0.0,0.0
1730046274.0683973,0.2859294144817347,-0.6856878905024183,0.5900872861706048,-1.981933725123934,0.4206429548982601,1.433448138065172,1.5556027264787191,0.0407786704599857,0.0407786704599857,0.0661228960887577,-0.233156390786929,0.1221892399010552,-0.1850375834315135,0.0843848615256413,-0.0170730518272241,0.1894518239011153,0.0,0.0,0.737547755241394,-0.3812881112098694,-10.407957077026367,19.209938049316406,1.5555508136749268,2.114225387573242,0.251767486333847,0.0,0.0
1730046274.101769,0.2881612331914204,-0.6931246064730386,0.5942290609841443,-1.9878894753355407,0.4235856127876091,1.4328805357608865,1.5616336768781949,0.0407786704599857,0.0407786704599857,0.0616595601760397,-0.2193124206590041,0.1227840805302893,-0.1743776665849672,0.087812986506582,-0.0159425434397856,0.1745812539820343,0.0,0.0,0.360655665397644,-0.9129043221473694,-11.161741256713867,19.436073303222656,1.4200527667999268,2.124296188354492,0.261838287115097,0.0,0.0
1730046274.1351037,0.2900156466682754,-0.7001511608243232,0.5982766049816485,-1.9938299299577735,0.4266171392974898,1.4325394784771248,1.5665577174559226,0.0407786704599857,0.0407786704599857,0.055272686797656,-0.21597236838395,0.1185501600814341,-0.1841762527323109,0.0900252797799088,-0.0046775654872315,0.1579622038588106,0.0,0.0,0.622496485710144,-0.3416152596473694,-10.935606002807615,19.209938049316406,1.4649136066436768,2.074857711791992,0.292050689458847,0.0,0.0
1730046274.1685278,0.2919322934364789,-0.7073931156882508,0.6024970716079732,-1.9999331593080865,0.4296361349651007,1.4321096856499291,1.572307090016589,0.0407786704599857,0.0407786704599857,0.0620999785794346,-0.215296973968865,0.1170938409683686,-0.1765844080684532,0.085416631712267,-0.0097947270644588,0.1758820129395637,0.0,0.0,0.400328516960144,-0.6470962166786194,-11.276792526245115,18.987770080566406,1.3303310871124268,2.034574508666992,0.271909087896347,0.0,0.0
1730046274.2017128,0.2938182044059433,-0.7147964281224967,0.6066479852701377,-2.0057417660080046,0.4324494823616997,1.4317489409690844,1.578306047715138,0.0407783426344394,0.0407783426344394,0.0636273999670872,-0.2144312902304393,0.1192225455282578,-0.1744955832337067,0.0742338229229147,-0.0112308396755496,0.1735999812740007,0.0,0.0,0.324950098991394,0.6422714591026306,-11.804441452026367,18.725929260253903,1.4557583332061768,2.004362106323242,0.323178619146347,0.0,0.0
1730046274.235102,0.2961136707399798,-0.7220647586919041,0.6106690755943776,-2.0116597333434023,0.4349787079437298,1.431259960316017,1.5831810401550666,0.0407783426344394,0.0407783426344394,0.0698759299900268,-0.2093387373446143,0.1151750241402708,-0.1735413308426275,0.0800998482544844,-0.0157846903747748,0.1416650575619998,0.0,0.0,0.622496485710144,-0.3059096932411194,-11.614011764526367,19.844703674316406,1.5555508136749268,2.124296188354492,0.302121490240097,0.0,0.0
1730046274.2684374,0.2981674499144869,-0.7290768140411055,0.6146616450242606,-2.017613340088488,0.43791981929099,1.4307540821621418,1.5880728802507271,0.0407783426344394,0.0407783426344394,0.0655719940249586,-0.2107583389662963,0.1170295269312139,-0.1736498244584948,0.0853573039877928,-0.0136358734018265,0.1559730270298214,0.0,0.0,0.547118067741394,0.5272201895713806,-11.502927780151367,18.65055084228516,1.4017422199249268,2.024503707885742,0.333249419927597,0.0,0.0
1730046274.3017752,0.3003581789278572,-0.7365671045478743,0.6187874212544929,-2.0238794372906104,0.4408552188523315,1.4303190001736197,1.5938061196219389,0.0407783426344394,0.0407783426344394,0.0594881660536531,-0.2230632021394435,0.1218067254420229,-0.169486933163614,0.0795440441661649,-0.0156505530589462,0.1707406043253433,0.0,0.0,0.662169337272644,1.0985093116760254,-11.729063034057615,19.547157287597656,1.5280849933624268,2.184720993041992,0.281979888677597,0.0,0.0
1730046274.335104,0.3023534284322394,-0.7438675791603274,0.6228345476394849,-2.029585091502177,0.4441066372552686,1.4297973233246923,1.59960306794888,0.0407783426344394,0.0407783426344394,0.0628435259796343,-0.2131818717712242,0.119521650230249,-0.1790720438049614,0.1008529455407029,-0.0128953793346659,0.1698950324993206,0.0,0.0,0.622496485710144,1.2889389991760254,-11.653684616088867,18.801307678222656,1.4383633136749268,2.054716110229492,0.261838287115097,0.0,0.0
1730046274.3685014,0.3044064771531672,-0.7512270134703414,0.6269696393685291,-2.0356974021902707,0.4472592912553654,1.4295066562214729,1.6046217840618042,0.0407783426344394,0.0407783426344394,0.0592573768295643,-0.2135996081800761,0.1263323081539994,-0.1868885253310356,0.0968604050425548,-0.0096419032940099,0.1350661877512091,0.0,0.0,0.697874903678894,1.4396958351135254,-11.990903854370115,19.098854064941406,1.4292080402374268,2.084928512573242,0.343320220708847,0.0,0.0
1730046274.4017696,0.3062512895635689,-0.7581611293824224,0.631199104194731,-2.041598911204461,0.4504126226781203,1.429081932926677,1.609979207295957,0.0407783426344394,0.0407783426344394,0.0601069535719055,-0.2101888503937119,0.1269113149913642,-0.1717859888485511,0.099516246651067,-0.0145161949243862,0.179162790813549,0.0,0.0,0.471739649772644,1.4793686866760254,-12.558225631713867,19.06314849853516,1.3660366535186768,2.214933395385742,0.281979888677597,0.0,0.0
1730046274.4351044,0.3082971382264891,-0.7655766224328994,0.6352054715623565,-2.0476698278123844,0.4529409365637235,1.4287337688560324,1.6160017664213926,0.0407783426344394,0.0407783426344394,0.0677625973939038,-0.227806948211756,0.1221296192469225,-0.182731470797897,0.0707743449674993,-0.009489861898018,0.1704778169859925,0.0,0.0,0.547118067741394,2.4632554054260254,-12.633604049682615,18.614845275878903,1.4292080402374268,2.044645309448242,0.281979888677597,0.0,0.0
1730046274.4684372,0.3106316471486648,-0.7727350041958897,0.6391697960191541,-2.0533829072200787,0.4554834666565938,1.4282923875693556,1.6213039688598545,0.0407786704599857,0.0407786704599857,0.0690426459913332,-0.211146178266646,0.1248130937185808,-0.1664808233257222,0.0976731817582281,-0.0065772042358949,0.1525227828714238,0.0,0.0,0.697874903678894,1.4793686866760254,-12.407468795776367,18.575172424316406,1.4108974933624268,2.064786911010742,0.281979888677597,0.0,0.0
1730046274.5017705,0.3128278523677141,-0.7801027646276447,0.6432415505018965,-2.0595683391145654,0.458735143537862,1.4279827937164895,1.6261461527048484,0.0407786704599857,0.0407786704599857,0.0647495387766632,-0.216548002674621,0.1226245269186634,-0.1913660665474788,0.0932627402903428,-0.0085521221969871,0.1466039458570757,0.0,0.0,0.547118067741394,2.5783066749572754,-12.558225631713867,18.614845275878903,1.4017422199249268,2.084928512573242,0.281979888677597,0.0,0.0
1730046274.5351045,0.3148055161142372,-0.7873213713449699,0.6472618862943332,-2.065527615073153,0.4614753586143512,1.4274413093951994,1.6316446493799852,0.0407786704599857,0.0407786704599857,0.0593220303199076,-0.222973807030589,0.1260601658115344,-0.1831215923215603,0.0910760950398952,-0.0184487120589764,0.1835403295103855,0.0,0.0,0.400328516960144,2.4632554054260254,-13.196958541870115,18.948097229003903,1.4200527667999268,2.134366989135742,0.292050689458847,0.0,0.0
1730046274.568437,0.3166364598643489,-0.7946452835442607,0.6513518044045105,-2.071347683556163,0.4645429814012133,1.4270397059468112,1.637746636882064,0.0407786704599857,0.0407786704599857,0.0628139183674529,-0.2152561061969806,0.1201063565651604,-0.1766709655188155,0.0888695170852954,-0.0122898779890436,0.1749375491036953,0.0,0.0,0.360655665397644,3.2210068702697754,-12.895444869995115,18.912391662597656,1.4649136066436768,2.164579391479492,0.2416966706514358,0.0,0.0
1730046274.60177,0.3186241400197768,-0.8019951898624559,0.6555717795660164,-2.0773604240230634,0.4677096839139347,1.42662886078313,1.642995337394093,0.0407786704599857,0.0407786704599857,0.0547138450173333,-0.2112309080628738,0.1298692980965256,-0.1740855726998285,0.0878732164381497,-0.0105207334288132,0.139334079634282,0.0,0.0,0.662169337272644,2.9194931983947754,-13.196958541870115,18.801307678222656,1.4832241535186768,2.124296188354492,0.302121490240097,0.0,0.0
1730046274.6351025,0.320539974312204,-0.8090210577537367,0.659699373538505,-2.0832731929777624,0.4707037875700431,1.4261943170241829,1.6481857652100411,0.0407786704599857,0.0407786704599857,0.0684213928099757,-0.2142446889545915,0.1197133200942162,-0.1803879760448143,0.0820713138048296,-0.0040136841770877,0.16527658214586,0.0,0.0,0.285277247428894,3.5621933937072754,-13.649229049682615,17.980079650878906,1.3211758136749268,2.004362106323242,0.313107818365097,0.0,0.0
1730046274.6684382,0.3226987308091001,-0.8164206920595668,0.6636895074798852,-2.0893440740366835,0.4730650773183811,1.425723927976902,1.6541723388817855,0.0407786704599857,0.0407786704599857,0.0625629329490609,-0.2212955304430491,0.1173303089359059,-0.1768876216660891,0.0687316317496851,-0.0180620949382875,0.1832777845207308,0.0,0.0,0.471739649772644,4.244566440582275,-13.764280319213867,19.023475646972656,1.4740688800811768,2.244230270385742,0.302121490240097,0.0,0.0
1730046274.7017689,0.3249137716783182,-0.8238021964889697,0.6678435416636561,-2.0952696953272767,0.4759677380811278,1.4252096607765803,1.6596527891771615,0.0407786704599857,0.0407786704599857,0.0703647504920777,-0.208757996073443,0.1211304618015879,-0.1783848475541077,0.1031758145564177,-0.0051789352530903,0.132246351070771,0.0,0.0,0.471739649772644,3.6018662452697754,-13.462766647338867,17.642860412597656,1.3120205402374268,1.964994430541992,0.353391021490097,0.0,0.0
1730046274.735102,0.3270922937553356,-0.8309224557949786,0.6718258290019943,-2.1013451900323084,0.4790489635466329,1.4247997817821392,1.6643920567372532,0.0407786704599857,0.0407786704599857,0.0598024863799182,-0.2192376489361763,0.1173482256397566,-0.1866788562138986,0.089949344979439,-0.0148229936981055,0.1498745937634299,0.0,0.0,0.436034083366394,4.208860874176025,-13.724607467651367,18.65055084228516,1.4292080402374268,2.154508590698242,0.313107818365097,0.0,0.0
1730046274.7684395,0.3288815829006589,-0.8380162834666646,0.6758331848294705,-2.1070727370245166,0.4818581096570925,1.4242086856673848,1.6695910735941235,0.0407783426344394,0.0407783426344394,0.0521722620191089,-0.2173611875029146,0.1187211250347195,-0.1755881688553148,0.0963836627777511,-0.0155938429068087,0.1590720383515856,0.0,0.0,0.586790919303894,4.474668979644775,-13.875364303588867,18.388710021972656,1.4292080402374268,2.105070114135742,0.363461822271347,0.0,0.0
1730046274.8018167,0.3308072710572702,-0.8452317428713799,0.6798566358648029,-2.112642768131579,0.484582332903797,1.4236959763537114,1.6750139342141737,0.0407783426344394,0.0407783426344394,0.0611570728416681,-0.1975048271780957,0.1234215636603765,-0.1610884701560653,0.0775789096187512,-0.0150504805342318,0.1445470533922907,0.0,0.0,0.0988148599863052,5.879087924957275,-14.438718795776367,18.202247619628903,1.4292080402374268,2.124296188354492,0.292050689458847,0.0,0.0
1730046274.8351018,0.3327259123256811,-0.8510295694196002,0.6836082459017264,-2.1171232744456088,0.4868171443279763,1.423014844855518,1.679343290229213,0.0407783426344394,0.0407783426344394,0.0529228017526158,-0.1636431060760607,0.1090898044517287,-0.1224429639960751,0.0793344673752547,-0.0204343504985014,0.121055155213825,0.0,0.0,-0.1233531087636947,5.347471714019775,-15.307554244995115,18.353004455566406,1.3211758136749268,2.184720993041992,0.281979888677597,0.0,0.0
1730046274.8685372,0.3344349271183837,-0.8560730196924351,0.6867795138024864,-2.121027774121995,0.4890489957133792,1.4225253555396196,1.6823368724190555,0.0407783426344394,0.0407783426344394,0.052938986484274,-0.1346002009544765,0.0826279004169579,-0.1061264357378912,0.0670122980170698,-0.0110304097120993,0.0794282073842775,0.0,0.0,-0.0519419759511947,5.954466342926025,-15.494016647338867,17.753944396972656,1.3211758136749268,2.134366989135742,0.333249419927597,0.0,0.0
1730046274.9018364,0.3359688750000918,-0.8601163432776944,0.6890939037259919,-2.1240475452390597,0.4906072401733272,1.422142876107649,1.6849395314125148,0.0407783426344394,0.0407783426344394,0.0424647112071916,-0.1085885764034359,0.0618912120996335,-0.0831207734600179,0.0245677291174045,-0.0157235663850601,0.0808743017056523,0.0,0.0,-0.4605723619461059,6.255980014801025,-15.533689498901367,17.793617248535156,1.3211758136749268,2.184720993041992,0.333249419927597,0.0,0.0
1730046274.935102,0.3370243924327712,-0.8631840239098957,0.6908029038467054,-2.126230169586178,0.4915455004785478,1.4219264949148287,1.6873714884309643,0.0407783426344394,0.0407783426344394,0.0235879268805745,-0.0868316214916579,0.0406461466771964,-0.060362621964785,0.026690650849917,-0.0036569351164804,0.0634995572444641,0.0,0.0,-0.2384043782949447,6.105223178863525,-15.267881393432615,17.904701232910156,1.3028652667999268,2.204862594604492,0.271909087896347,0.0,0.0
1730046274.96847,0.3377578690963481,-0.8655451449776663,0.6919719320276955,-2.127921084096596,0.4921060045002999,1.4216906373251088,1.6893858631090706,0.0407783426344394,0.0407783426344394,0.0140184994084193,-0.0638007592893858,0.0245670246091421,-0.0407544775378288,0.0098843688161647,-0.0057858327844372,0.0568713527594397,0.0,0.0,-0.0519419759511947,6.144896030426025,-15.156797409057615,17.829322814941406,1.3843472003936768,2.154508590698242,0.292050689458847,0.0,0.0
1730046275.0017676,0.3381508765554236,-0.8668507850965448,0.6926188893373073,-2.128898686727652,0.4924804361956455,1.4216154470121551,1.6906860988645045,0.0407783426344394,0.0407783426344394,0.0125681046315866,-0.0279693758993154,0.0120080921333894,-0.0246273154662686,0.0135731914821978,-0.0027395451539044,0.03423169461552,0.0,0.0,-0.3137828111648559,6.220274448394775,-15.267881393432615,17.753944396972656,1.3303310871124268,2.184720993041992,0.313107818365097,0.0,0.0
1730046275.035103,0.3382705723550563,-0.8672620452819217,0.6928509654807384,-2.1291889383794245,0.4926383466939834,1.4215476674362584,1.6913286951299338,0.0407783426344394,0.0407783426344394,0.0019900002643381,-0.0043001651359401,-0.0016282937307698,-0.0014032509992721,-0.0009585609455698,-0.0012133664205063,0.0113207003424319,0.0,0.0,-0.1233531087636947,6.105223178863525,-15.156797409057615,17.793617248535156,1.3751919269561768,2.174650192260742,0.2316258698701858,0.0,0.0
1730046275.0684743,0.3382080372293527,-0.8671980397781165,0.6928298180616558,-2.1291880371089653,0.49226967632381,1.4215657932839634,1.691243828071592,0.0407783426344394,0.0407783426344394,-0.0068256155328615,0.0020428321311541,-0.0008689040248525,-0.0026778357339361,-0.0067750076883136,-0.0006726140878222,-0.0077020611641208,0.0,0.0,0.471739649772644,5.422850131988525,-14.438718795776367,18.051490783691406,0.942147433757782,2.214933395385742,0.2316258698701858,0.0,0.0
1730046275.101768,0.338110714303277,-0.867125013006104,0.6928205792820953,-2.1291943830810074,0.4920879799076524,1.4215911052195611,1.6910288695683715,0.0407786704599857,0.0407786704599857,-0.0032951739538758,0.0015947309429533,0.0022567688924457,0.0005351209710835,0.001715699088422,-6.749123191680903e-05,-0.0059969547544996,0.0,0.0,0.360655665397644,5.272093296051025,-14.589475631713867,18.12686920166016,0.870736300945282,2.214933395385742,0.1391576081514358,0.0,0.0
1730046275.135103,0.3380623462121845,-0.8670978861975778,0.6928204984478191,-2.129199934584806,0.4920512008299773,1.4216007204352306,1.6908944266082029,0.0407786704599857,0.0407786704599857,-0.0015362839299534,-0.0006028774187482,0.0006429987443031,-0.0009570427831991,-0.0006685890699836,-0.0001467400471625,-0.000157191845767,0.0,0.0,0.400328516960144,5.347471714019775,-14.514097213745115,18.166542053222656,0.924752414226532,2.214933395385742,0.1190160065889358,0.0,0.0
1730046275.1684334,0.3380683042166525,-0.8670926819832475,0.6927992893434587,-2.1291925439403427,0.492046210968267,1.421605171736532,1.690825448708162,0.0407786704599857,0.0407786704599857,0.0001234244527243,-0.001479170674848,0.001368873549627,0.0005592564680693,0.0084877849508119,0.0003129490801888,-0.0059770303238878,0.0,0.0,0.285277247428894,5.458555698394775,-14.363340377807615,18.091163635253903,0.924752414226532,2.214933395385742,0.1803563386201858,0.0,0.0
1730046275.2017677,0.3380746469432185,-0.8671009269462427,0.692808677925428,-2.1291955820909347,0.4920327143873613,1.4216087525685626,1.6907973043381537,0.0407786704599857,0.0407786704599857,0.0001144339098056,0.0005781403420253,0.0008344093486095,-4.8512501612098286e-05,0.0004217802212004,0.0002492478983124,-0.0026370604913404,0.0,0.0,0.2098988443613052,5.498228549957275,-14.514097213745115,18.091163635253903,0.878976047039032,2.224088668823242,0.2105687409639358,0.0,0.0
1730046275.2351022,0.3380718628847807,-0.8671009154997348,0.6928155791720175,-2.129197124110837,0.4920306957756429,1.4216092690833566,1.6907829925638191,0.0407786704599857,0.0407786704599857,0.0002749203007446,-0.000326106087607,-0.0022887564576924,-0.0003439064089337,-0.0004522041523514,0.0002865160966777,-0.0025083652278518,0.0,0.0,0.2495716959238052,5.498228549957275,-14.553770065307615,18.12686920166016,0.906441867351532,2.224088668823242,0.2105687409639358,0.0,0.0
1730046275.2684343,0.3380693225648702,-0.8670959876426355,0.6928094780882196,-2.129196009828655,0.4920327211889274,1.4216082680633044,1.6907714554730295,0.040778998285532,0.040778998285532,-0.0004473642588984,0.000221464443416,-0.0005037644994956,0.0051995923585542,-0.0004294393684975,0.0014704962507292,-0.0013637514188244,0.0,0.0,0.285277247428894,5.458555698394775,-14.478391647338867,18.091163635253903,0.906441867351532,2.234159469604492,0.1904271394014358,0.0,0.0
1730046275.3017676,0.3380661981872078,-0.867089740974716,0.6928123263066851,-2.129197447478905,0.4920355476162263,1.421611364285067,1.6907729723920495,0.040778998285532,0.040778998285532,-0.0001917391637049,0.0056822836456228,-0.0053914313916523,-9.063153794583234e-05,0.0002737765491734,0.0004230627077881,0.0014805692919316,0.0,0.0,0.285277247428894,5.383177280426025,-14.514097213745115,18.12686920166016,0.888131320476532,2.214933395385742,0.1290868073701858,0.0,0.0
1730046275.3351018,0.3380687035117065,-0.8670900679945249,0.6928020208936503,-2.129194033067912,0.4920324783362393,1.4216128009609366,1.690766965831345,0.040778998285532,0.040778998285532,0.0064099473986567,-0.0002229280239702,-0.0014482993749558,-0.0003534346593992,-0.0003345585874113,-6.06821994120478e-06,0.000643362657154,0.0,0.0,0.2495716959238052,5.422850131988525,-14.403013229370115,18.091163635253903,0.906441867351532,2.234159469604492,0.1391576081514358,0.0,0.0
1730046275.3684354,0.3380714882209238,-0.8670922534213938,0.6928034678904592,-2.12919442661265,0.4920301174388994,1.4216140507592094,1.6907633208231727,0.040778998285532,0.040778998285532,0.0005244746182854,0.0006330143711026,8.148497490592574e-05,-0.0005444574836886,0.000159439169442,8.215739005334354e-05,0.0003244586472328,0.0,0.0,0.2098988443613052,5.422850131988525,-14.438718795776367,18.12686920166016,0.897286593914032,2.224088668823242,0.1290868073701858,0.0,0.0
1730046275.4017684,0.3380634141300747,-0.8670921927374474,0.6928064196085711,-2.129197104080418,0.4920256861271908,1.4216150814208146,1.6907511433141074,0.040778998285532,0.040778998285532,-0.0012304354412706,-0.0002250669748835,0.0001171444794538,-0.0006645380055255,-0.0001336920443674,0.0004422420117276,-0.0019534950328814,0.0,0.0,0.324950098991394,5.458555698394775,-14.438718795776367,18.12686920166016,0.897286593914032,2.214933395385742,0.2004979401826858,0.0,0.0
1730046275.435102,0.3380661717305829,-0.8670896780065864,0.6928088382380222,-2.1291939266658138,0.4920274519584428,1.4216174513586135,1.6907494945178427,0.0407786704599857,0.0407786704599857,0.000187610135447,-8.260497119480021e-05,0.0019010815278473,-0.0001135937957314,0.0006417511227642,-0.0003965884481184,-0.0019716712045314,0.0,0.0,0.285277247428894,5.422850131988525,-14.553770065307615,18.091163635253903,0.888131320476532,2.234159469604492,0.2105687409639358,0.0,0.0
1730046275.468439,0.3380657236567649,-0.8670921057484647,0.6928110182421909,-2.1291897688587818,0.4920243190598168,1.4216189383400808,1.6907469641023138,0.0407786704599857,0.0407786704599857,0.000506136463184,-0.0008493073075579,0.0002888947661023,-5.310107631218784e-05,-5.670452141245841e-05,0.0014215130047981,-0.001236508141958,0.0,0.0,0.2495716959238052,5.458555698394775,-14.514097213745115,18.051490783691406,0.906441867351532,2.224088668823242,0.1904271394014358,0.0,0.0
1730046275.501767,0.3380683828893243,-0.8670894699910762,0.6928062628699804,-2.129191171782746,0.4920296195986561,1.4216209982766044,1.690739957777005,0.0407786704599857,0.0407786704599857,0.0003679787908256,0.0009649171910577,0.0002933029469574,0.0028181768219946,3.571162762239657e-06,-2.0405701167958617e-05,-0.0024847157565743,0.0,0.0,0.2495716959238052,5.422850131988525,-14.478391647338867,18.051490783691406,0.897286593914032,2.234159469604492,0.2105687409639358,0.0,0.0
1730046275.535102,0.33806584281162,-0.8670919015035472,0.6928066077488115,-2.129187327631364,0.4920253358245318,1.4216167020180173,1.6907444336861372,0.0407786704599857,0.0407786704599857,0.0012201220433542,-0.0005707221332431,0.000554545643815,-0.0014661961477962,0.000182942741301,-0.0005102288673449,-0.0005406552804081,0.0,0.0,0.2495716959238052,5.458555698394775,-14.478391647338867,17.980079650878906,0.897286593914032,2.244230270385742,0.1702855378389358,0.0,0.0
1730046275.5685167,0.3380654950053086,-0.8670946558087717,0.6928042534982882,-2.1291898115022256,0.4920263530924644,1.4216204089474331,1.6907407310091191,0.0407786704599857,0.0407786704599857,0.0003659771875942,-0.0015495859534625,-0.00370658034059,0.0035176642405941,0.000683071409571,-0.0002196338726252,-0.0004079719956721,0.0,0.0,0.2495716959238052,5.498228549957275,-14.478391647338867,18.091163635253903,0.888131320476532,2.244230270385742,0.1702855378389358,0.0,0.0
1730046275.601768,0.3380601955277834,-0.867091871638047,0.6928063742169094,-2.12918689514612,0.4920243190537535,1.4216237066518214,1.690746480907003,0.0407786704599857,0.0407786704599857,-0.00072082324394,-0.0007633235341107,0.0012822693076018,0.0086867469152394,-0.0002368020194374,0.0001838855894318,0.0019641199404809,0.0,0.0,0.324950098991394,5.458555698394775,-14.478391647338867,18.01578521728516,0.906441867351532,2.224088668823242,0.1089452058076858,0.0,0.0
1730046275.6351018,0.3380654969635573,-0.8670893659842642,0.6928033748762962,-2.1291944344039107,0.4920241318478793,1.4216247239642672,1.6907431440672878,0.0407786704599857,0.0407786704599857,0.0003995787434538,0.0007773115864819,-0.0021927801462389,-0.0007912302170226,0.000314040194609,0.0006642633629748,0.001419006998495,0.0,0.0,0.2495716959238052,5.422850131988525,-14.403013229370115,18.12686920166016,0.897286593914032,2.214933395385742,0.1290868073701858,0.0,0.0
1730046275.6684382,0.3380714878968519,-0.8670946557017687,0.6928093598646916,-2.129189071914236,0.4920206743794488,1.4216237067116655,1.6907405935575577,0.0407786704599857,0.0407786704599857,0.0011354797543138,-0.0010214561803006,-6.358288929620113e-05,0.0008039110452536,0.000114575993423,-0.0028491148474708,0.0020494806707662,0.0,0.0,0.2098988443613052,5.498228549957275,-14.478391647338867,18.051490783691406,0.897286593914032,2.224088668823242,0.1190160065889358,0.0,0.0
1730046275.701767,0.3380685847921942,-0.8670894555411287,0.6928070457844033,-2.129194280886097,0.4920242240025921,1.4216227583574963,1.690734612018054,0.0407786704599857,0.0407786704599857,0.0002708168998612,0.0012767806508479,-0.0002299902608159,0.0004298871403916,9.88861964331189e-05,-0.0002778308444612,0.0013564699887919,0.0,0.0,0.2495716959238052,5.422850131988525,-14.478391647338867,18.12686920166016,0.897286593914032,2.234159469604492,0.1290868073701858,0.0,0.0
1730046275.7351184,0.3380640435869922,-0.8670946566607829,0.6928059568166486,-2.129194357837464,0.4920195220809808,1.4216293177414132,1.6907355867674216,0.0407786704599857,0.0407786704599857,-0.0001368574466299,-0.0011476559375549,-0.0009596703747936,-0.0003282899930829,-9.744695798268207e-05,0.0007927955250524,0.0016676674599255,0.0,0.0,0.285277247428894,5.498228549957275,-14.438718795776367,18.12686920166016,0.906441867351532,2.214933395385742,0.1190160065889358,0.0,0.0
1730046275.7684371,0.3380630063530573,-0.8670893659842642,0.6928066121903479,-2.1291897820972627,0.4920209574093083,1.4216262370736068,1.6907355867673954,0.0407786704599857,0.0407786704599857,-0.0005325502207115,0.0001927739688196,0.0011002618840187,-0.0028760835542346,-7.610375941312067e-05,-0.0007916416925847,0.0014079352127037,0.0,0.0,0.285277247428894,5.422850131988525,-14.514097213745115,18.051490783691406,0.906441867351532,2.244230270385742,0.1190160065889358,0.0,0.0
1730046275.8017669,0.3380608536000533,-0.867091765674212,0.6928033365362801,-2.1291919277502043,0.4920241328248957,1.4216284750832449,1.690726417358803,0.0407786704599857,0.0407786704599857,0.0002143727778007,-0.0007006749555364,0.0002018516149962,0.0014203347657941,0.0002867521004166,0.0002096193155573,-0.0003701005980328,0.0,0.0,0.285277247428894,5.458555698394775,-14.478391647338867,18.051490783691406,0.897286593914032,2.224088668823242,0.1602147370576858,0.0,0.0
1730046275.8351018,0.338065802100956,-0.8670918716380468,0.6928136860864204,-2.1291943565918325,0.4920242108662969,1.4216319672541944,1.6907265988170703,0.0407786704599857,0.0407786704599857,0.001163470199271,-0.0003069660256855,0.0020146116107645,-0.0012561190811199,-9.848894976373776e-06,7.754320151391393e-05,0.0001056188269599,0.0,0.0,0.2098988443613052,5.458555698394775,-14.553770065307615,18.12686920166016,0.897286593914032,2.234159469604492,0.1602147370576858,0.0,0.0
1730046275.868372,0.3380654851877898,-0.8670946556978059,0.6928039104642714,-2.129191970912622,0.492021561257384,1.4216299453431127,1.6907330565137455,0.0407786704599857,0.0407786704599857,0.000223629227359,-0.0072156636401259,-0.0003055114069047,-0.0029985395247407,0.0005609210671053,0.0002737980118134,0.0028862212218252,0.0,0.0,0.2495716959238052,5.498228549957275,-14.478391647338867,18.091163635253903,0.888131320476532,2.224088668823242,0.0988744050264358,0.0,0.0
1730046275.9017737,0.3380654851877898,-0.8670897258708277,0.6928094414598036,-2.129196220370153,0.4920242562257396,1.4216328726118554,1.6907285804400842,0.0407786704599857,0.0407786704599857,0.000296404437703,0.0002389867767599,-0.000771696245674,-0.0011288461885171,0.000422189392004,6.22364970832278e-06,0.0010364450467708,0.0,0.0,0.2495716959238052,5.458555698394775,-14.478391647338867,18.12686920166016,0.897286593914032,2.224088668823242,0.1391576081514358,0.0,0.0
1730046275.935102,0.3380654851877898,-0.8670872168981126,0.6928083963849916,-2.129191001841524,0.4920220623917121,1.4216332433830428,1.690725887378159,0.0407786704599857,0.0407786704599857,0.000692722950854,-0.0001331175498504,0.0002170886912282,0.0038416791636031,-0.0001615506213796,-4.737900683873389e-05,0.0002836986632943,0.0,0.0,0.2495716959238052,5.422850131988525,-14.478391647338867,18.091163635253903,0.915597140789032,2.224088668823242,0.1602147370576858,0.0,0.0
1730046275.968446,0.3380682566107461,-0.8670887717241148,0.6928056094235526,-2.1291876889668013,0.4920199947766042,1.4216328476950864,1.6907295424265376,0.0407786704599857,0.0407786704599857,0.0014730006796527,-0.000409563248834,-0.0002079082311665,0.0015852324544014,-0.0001684747736483,0.0004657825764226,0.0014519333038158,0.0,0.0,0.2098988443613052,5.458555698394775,-14.438718795776367,18.051490783691406,0.906441867351532,2.214933395385742,0.1290868073701858,0.0,0.0
1730046276.001896,0.3380654851397794,-0.8670897215101837,0.6928087570979494,-2.1291918505020058,0.4920219637250314,1.4216332042089457,1.6907214121238223,0.0407786704599857,0.0407786704599857,0.0006595330454377,2.422353804718612e-05,-0.0012801645948511,-0.003324089435437,-0.0001079871650969,0.0001891254080995,-0.0016479330273338,0.0,0.0,0.2495716959238052,5.458555698394775,-14.514097213745115,18.091163635253903,0.897286593914032,2.224088668823242,0.1904271394014358,0.0,0.0
1730046276.0351014,0.3380629795350526,-0.8670893306614923,0.6928042612755774,-2.129192575588098,0.4920230892868449,1.421632124476741,1.690718473027279,0.0407786704599857,0.0407786704599857,-0.0001509553495537,0.0007562932908263,0.0036247366226303,0.0008193337625232,-0.0003110793545964,-0.0004320538935287,-0.000869351374939,0.0,0.0,0.285277247428894,5.422850131988525,-14.438718795776367,18.091163635253903,0.906441867351532,2.234159469604492,0.1904271394014358,0.0,0.0
1730046276.068474,0.3380652130105062,-0.8670841972663086,0.6928056918949941,-2.1291922997308474,0.4920221240863004,1.421634220815552,1.6907260500242325,0.0407786704599857,0.0407786704599857,0.0002908189801089,0.0012155129812551,-0.0013424868779276,-0.0033375273935433,-0.0008140727859613,0.0004284173975862,0.0017362913333993,0.0,0.0,0.2495716959238052,5.383177280426025,-14.438718795776367,18.12686920166016,0.924752414226532,2.214933395385742,0.1190160065889358,0.0,0.0
1730046276.1018074,0.338065485187788,-0.8670896454029188,0.6928066502286916,-2.1291917413399277,0.4920226211677246,1.421633247924494,1.690723812068502,0.0407786704599857,0.0407786704599857,0.0012086642047909,-0.0003443587578614,0.001080942771073,-0.0030547585218697,0.0005601358622962,0.0002188849978503,0.000123951333782,0.0,0.0,0.2495716959238052,5.458555698394775,-14.514097213745115,18.091163635253903,0.888131320476532,2.224088668823242,0.1391576081514358,0.0,0.0
1730046276.135116,0.3380629795337191,-0.867089369386967,0.6928013219842057,-2.1291890494328203,0.4920198802603985,1.4216332434548271,1.690716996476054,0.0407786704599857,0.0407786704599857,0.0001937875148575,-0.0012269895627084,-0.0008533224983972,6.261386787191934e-05,7.754727920840082e-05,-4.0390110049230536e-05,-0.0022682439456973,0.0,0.0,0.285277247428894,5.458555698394775,-14.438718795776367,18.091163635253903,0.906441867351532,2.224088668823242,0.2004979401826858,0.0,0.0
1730046276.1684394,0.3380682692475485,-0.8670864631932248,0.6928008578699412,-2.129192288943885,0.4920182582004464,1.421633243454827,1.6907203534096478,0.0407786704599857,0.0407786704599857,0.0013043098999397,0.0010470701221166,-0.0014110378726646,-0.0007808968692339,0.0003346357509546,1.9652611191425667e-05,-0.0052021737681388,0.0,0.0,0.2098988443613052,5.383177280426025,-14.403013229370115,18.12686920166016,0.888131320476532,2.224088668823242,0.1702855378389358,0.0,0.0
1730046276.2017672,0.3380622446523864,-0.8670858578016388,0.6928034066799222,-2.1291893068080485,0.4920195203946642,1.421633144908481,1.690716996476054,0.0407786704599857,0.0407786704599857,-0.0006534193543088,0.0011237476901897,-0.0019806785428914,0.0006636606639151,-0.0004633300349852,-0.0012439891562107,-0.001639048329177,0.0,0.0,0.285277247428894,5.383177280426025,-14.438718795776367,18.051490783691406,0.906441867351532,2.254301071166992,0.2004979401826858,0.0,0.0
1730046276.2351182,0.3380633592887865,-0.8670908344068502,0.6928087565983152,-2.129189068227645,0.49202049786284,1.421632137888008,1.6907238324043965,0.0407793298363685,0.0407793298363685,0.0015498582951753,6.884754453281051e-05,0.0010666621052591,-0.000278950301175,-0.0001376569054596,-0.0001728169364788,0.0014246872314651,0.0,0.0,0.2495716959238052,5.458555698394775,-14.514097213745115,18.051490783691406,0.897286593914032,2.234159469604492,0.1089452058076858,0.0,0.0
1730046276.268437,0.3380629795350526,-0.8670861768205024,0.6928059655258808,-2.1291866952135377,0.4920227190143612,1.4216321265186709,1.690724760794879,0.0407793298363685,0.0407793298363685,-0.0003649693926028,-0.0002051117102496,-0.0008929758984211,0.0008587797653973,-0.0005987093131024,-0.0006407321976453,0.0007791341353794,0.0,0.0,0.285277247428894,5.422850131988525,-14.438718795776367,18.051490783691406,0.906441867351532,2.234159469604492,0.1290868073701858,0.0,0.0
1730046276.301809,0.3380629795350526,-0.8670943876860122,0.6928005792197579,-2.129194128350629,0.4920177141511705,1.421634261204069,1.6907087696074543,0.0407793298363685,0.0407793298363685,-0.0007034277868815,-0.0017396324081849,-0.0011354106970703,-0.0076347510560317,1.940193861456481e-05,0.0002513881665816,-0.0034938079969715,0.0,0.0,0.285277247428894,5.498228549957275,-14.438718795776367,18.12686920166016,0.897286593914032,2.214933395385742,0.2316258698701858,0.0,0.0
1730046276.3351026,0.3380629532880526,-0.8670861512595303,0.692802422201273,-2.1291894700061857,0.4920225848323412,1.421634343176873,1.6907178229937951,0.0407793298363685,0.0407793298363685,-0.0001889804283459,-0.0002501857063882,-0.0010432741605058,-0.0013317876203604,0.0006817174919328,-1.4747667456546262e-05,-0.0004227120664133,0.0,0.0,0.285277247428894,5.422850131988525,-14.438718795776367,18.091163635253903,0.878976047039032,2.224088668823242,0.1501439362764358,0.0,0.0
1730046276.3683765,0.3380601187572254,-0.8670863857888633,0.692802677439504,-2.129193437802264,0.4920215139618539,1.421633284180756,1.6907212816526491,0.0407793298363685,0.0407793298363685,-0.0003670225718843,0.0001245644654897,-0.000692557935038,-0.0010204663154316,0.0004468191144962,-0.0002439792011172,0.0026052313210077,0.0,0.0,0.285277247428894,5.422850131988525,-14.438718795776367,18.12686920166016,0.888131320476532,2.224088668823242,0.1190160065889358,0.0,0.0
1730046276.4017687,0.3380629792108122,-0.8670886529872291,0.6928086753284045,-2.129191106037124,0.4920158705067373,1.42163432958391,1.6907098724111729,0.0407793298363685,0.0407793298363685,-5.402454442548816e-05,-0.0009187067758548,0.0007852917893993,0.0054250999979854,-3.580006410591853e-05,-0.0001579058751522,-0.0023790711850487,0.0,0.0,0.285277247428894,5.458555698394775,-14.514097213745115,18.051490783691406,0.906441867351532,2.224088668823242,0.2206395417451858,0.0,0.0
1730046276.4351032,0.3380707747933189,-0.8670888917330091,0.6928061427031673,-2.1291888636030785,0.4920205224584242,1.42163534733549,1.690716703962095,0.0407793298363685,0.0407793298363685,0.0029827745735279,-5.759925320863726e-07,0.0002437332558506,-0.0012524029432296,-0.000118149987535,0.0004057905104829,-0.0007464723195355,0.0,0.0,0.1741932779550552,5.458555698394775,-14.478391647338867,18.01578521728516,0.897286593914032,2.214933395385742,0.1602147370576858,0.0,0.0
1730046276.4684403,0.3380608536360556,-0.8670894742081271,0.6928033785460097,-2.1291863140422818,0.4920199717682809,1.421633245113061,1.6907111091265994,0.0407793298363685,0.0407793298363685,-0.0006741227987904,-0.0003771503660077,-0.0015512425221547,0.0007737135215974,0.0002138547128352,6.37076649152983e-05,-0.0023036815360072,0.0,0.0,0.285277247428894,5.458555698394775,-14.438718795776367,18.051490783691406,0.888131320476532,2.224088668823242,0.2105687409639358,0.0,0.0
1730046276.501843,0.3380629707850155,-0.8670861473334464,0.6928034297130337,-2.1291883777473792,0.4920148532778097,1.4216332836838994,1.6907178186271623,0.0407793298363685,0.0407793298363685,-0.0008552390722325,0.0005954454422235,-0.0004770555721178,0.0007123721079311,-0.0007069392535956,0.0001644992147181,0.0005595487632463,0.0,0.0,0.285277247428894,5.422850131988525,-14.478391647338867,18.051490783691406,0.915597140789032,2.224088668823242,0.1501439362764358,0.0,0.0
1730046276.535103,0.3380629756465917,-0.8670861473334464,0.6928009607849583,-2.129186113974669,0.4920167923519006,1.4216333835053128,1.690716690916033,0.0407793298363685,0.0407793298363685,7.3281477661825e-05,-5.699229026448624e-05,-0.0017916680306058,0.0069711811349138,0.0002851396548759,-4.700951647934596e-05,0.0002874573967851,0.0,0.0,0.285277247428894,5.422850131988525,-14.403013229370115,17.980079650878906,0.888131320476532,2.224088668823242,0.1602147370576858,0.0,0.0
1730046276.5684395,0.3380628920477191,-0.867088655930685,0.6928031531366639,-2.129190632473707,0.4920168682168341,1.421633577201409,1.690715863326963,0.0407783426344394,0.0407783426344394,-0.0001115777236089,-0.0008333454881701,-0.0006957715599371,0.0002704258681763,0.0002466339828811,-0.0001208673124457,0.0006423842699998,0.0,0.0,0.285277247428894,5.458555698394775,-14.438718795776367,18.166542053222656,0.897286593914032,2.234159469604492,0.1391576081514358,0.0,0.0
1730046276.601864,0.3380624144443478,-0.8670861473348088,0.6928003105471817,-2.129193373868332,0.4920157707501643,1.4216355278550403,1.6907099901245852,0.0407783426344394,0.0407783426344394,-0.0003364435391249,0.0005639779408011,-0.0012522626912697,-0.0009703151992296,0.0001460405729731,0.0005023615558452,-0.0027592387716003,0.0,0.0,0.2495716959238052,5.422850131988525,-14.438718795776367,18.166542053222656,0.897286593914032,2.214933395385742,0.2206395417451858,0.0,0.0
1730046276.6351042,0.3380629444883827,-0.8670886529876778,0.6928038296690419,-2.129188670008988,0.4920169866226626,1.4216369651293086,1.6907141271085593,0.0407783426344394,0.0407783426344394,-0.0008534457583668,5.355984166218186e-06,-0.0007194830762847,0.0009892655512616,2.4090820585255505e-05,-0.0002852505516528,-0.000356909408897,0.0,0.0,0.285277247428894,5.458555698394775,-14.478391647338867,18.091163635253903,0.897286593914032,2.234159469604492,0.1702855378389358,0.0,0.0
1730046276.668438,0.3380633490828111,-0.8670915165198477,0.6928058692525279,-2.129193039463851,0.4920171920694859,1.421637755418051,1.6907197917799497,0.0407783426344394,0.0407783426344394,0.0002541182127438,-0.0013688881958541,-0.0005049047469048,0.002704038085919,0.0002138573527947,0.0002806249461839,0.0014837297579828,0.0,0.0,0.2495716959238052,5.498228549957275,-14.514097213745115,18.166542053222656,0.888131320476532,2.224088668823242,0.1290868073701858,0.0,0.0
1730046276.7017694,0.3380651722053996,-0.8670833632736875,0.6928026330498972,-2.129194271731036,0.492015262406016,1.4216337865101976,1.690719757053735,0.0407786704599857,0.0407786704599857,0.0016029803187895,0.0016932893533944,-0.0002769422703832,-0.0042809344975321,-0.0002659188469537,0.0003127071236821,0.0013302403921502,0.0,0.0,0.2098988443613052,5.383177280426025,-14.478391647338867,18.166542053222656,0.906441867351532,2.224088668823242,0.1290868073701858,0.0,0.0
1730046276.735103,0.3380624104485377,-0.8670888914058077,0.6928005762106116,-2.1291890337800967,0.4920183185769028,1.4216380772311992,1.6907153350174091,0.0407786704599857,0.0407786704599857,-0.0001103911032031,-0.000462107862364,-0.0007067666581283,-0.0003888063343142,0.0004863400590106,-0.0001265195793957,0.0008494782920318,0.0,0.0,0.2495716959238052,5.458555698394775,-14.438718795776367,18.12686920166016,0.888131320476532,2.224088668823242,0.1391576081514358,0.0,0.0
1730046276.768439,0.3380644583184343,-0.8670860678605851,0.6928055195469385,-2.1291913331504646,0.4920230806863824,1.4216381176060218,1.690718116530457,0.0407786704599857,0.0407786704599857,0.0002206266486549,0.0001548555117325,0.0003793192799698,-0.0024661687326685,0.0009717568459055,0.0002713064645153,0.0018131234870071,0.0,0.0,0.2495716959238052,5.422850131988525,-14.478391647338867,18.12686920166016,0.870736300945282,2.224088668823242,0.1089452058076858,0.0,0.0
1730046276.801875,0.3380629793909721,-0.8670861473334464,0.6928059442218547,-2.129191034517184,0.4920148849438329,1.4216369717756498,1.690710761687424,0.0407786704599857,0.0407786704599857,-0.0002503303057398,0.0004664794892164,0.0006367220159374,0.0009466426106725,-0.0003786199753217,-0.0001872937149431,-0.0014066824167018,0.0,0.0,0.285277247428894,5.422850131988525,-14.514097213745115,18.091163635253903,0.906441867351532,2.234159469604492,0.1803563386201858,0.0,0.0
1730046276.835102,0.3380644236944577,-0.867083895590508,0.6928045388907332,-2.1291897826307093,0.4920210663454102,1.421639148282171,1.6907120534536988,0.0407786704599857,0.0407786704599857,0.0009980972171715,0.0015927931385573,-0.0007475299825911,-0.0003070874183447,0.0006147129615804,0.0005072824358743,-0.000422601384802,0.0,0.0,0.2495716959238052,5.422850131988525,-14.438718795776367,18.091163635253903,0.888131320476532,2.214933395385742,0.1602147370576858,0.0,0.0
1730046276.8685446,0.3380654851873445,-0.8670861473334464,0.6928064566997216,-2.1291887525419813,0.4920193439685098,1.4216343205451738,1.690716513442574,0.0407786704599857,0.0407786704599857,0.0002233166805001,0.0011010095885716,-0.0037927594112359,0.0032693503572482,-5.505359679292314e-06,0.0004358532206959,0.0025043365703189,0.0,0.0,0.2495716959238052,5.422850131988525,-14.514097213745115,18.091163635253903,0.906441867351532,2.214933395385742,0.1190160065889358,0.0,0.0
1730046276.9017863,0.3380629707858825,-0.8670861473320948,0.6928034295705296,-2.129187677858993,0.4920159441166928,1.4216381309802903,1.6907085917929288,0.0407786704599857,0.0407786704599857,-0.0004806067426636,0.0004222979527478,-6.563161070640211e-05,0.0021674969828542,-0.0004286416623705,-8.274088677901717e-05,-0.0009889349260933,0.0,0.0,0.285277247428894,5.422850131988525,-14.478391647338867,18.091163635253903,0.906441867351532,2.224088668823242,0.1904271394014358,0.0,0.0
1730046276.9351044,0.3380629006780451,-0.8670861473294087,0.6928040372562788,-2.129193324496696,0.4920157310535867,1.4216370120517028,1.6907119356443483,0.0407786704599857,0.0407786704599857,-7.995157648546084e-05,0.0006209684749404,0.0004219047802454,-0.0001909548011369,-9.580939970963516e-05,-0.0001258920374519,-0.0004749911937961,0.0,0.0,0.285277247428894,5.422850131988525,-14.478391647338867,18.12686920166016,0.897286593914032,2.234159469604492,0.1602147370576858,0.0,0.0
