timestamp,_header,_orientation,_orientation_covariance,_angular_velocity,_angular_velocity_covariance,_linear_acceleration,_linear_acceleration_covariance,_check_fields,time,orientation,angular_velocity,linear_acceleration
15884638443,"std_msgs.msg.Header(stamp=builtin_interfaces.msg.Time(sec=1730346432, nanosec=227526276), frame_id='RU_myo')","geometry_msgs.msg.Quaternion(x=0.6238472088205261, y=0.5837466691282176, z=-0.49445125121368577, w=0.15991387213675556)",[0. 0. 0. 0. 0. 0. 0. 0. 0.],"geometry_msgs.msg.Vector3(x=24.3125, y=32.0625, z=-32.875)",[0. 0. 0. 0. 0. 0. 0. 0. 0.],"geometry_msgs.msg.Vector3(x=0.9423828125, y=0.6962890625, z=-0.11474609375)",[0. 0. 0. 0. 0. 0. 0. 0. 0.],False,15.884638443,"[0.6238472088205261, 0.5837466691282176, -0.49445125121368577, 0.15991387213675556]","[24.3125, 32.0625, -32.875]","[0.9423828125, 0.6962890625, -0.11474609375]"
15900070785,"std_msgs.msg.Header(stamp=builtin_interfaces.msg.Time(sec=1730346432, nanosec=242927018), frame_id='RU_myo')","geometry_msgs.msg.Quaternion(x=0.6264431767240505, y=0.5885379625814376, z=-0.48416128595685165, w=0.16364553802954102)",[0. 0. 0. 0. 0. 0. 0. 0. 0.],"geometry_msgs.msg.Vector3(x=37.3125, y=39.625, z=-38.375)",[0. 0. 0. 0. 0. 0. 0. 0. 0.],"geometry_msgs.msg.Vector3(x=0.94873046875, y=0.666015625, z=0.03271484375)",[0. 0. 0. 0. 0. 0. 0. 0. 0.],False,15.900070785,"[0.6264431767240505, 0.5885379625814376, -0.48416128595685165, 0.16364553802954102]","[37.3125, 39.625, -38.375]","[0.94873046875, 0.666015625, 0.03271484375]"
15926881209,"std_msgs.msg.Header(stamp=builtin_interfaces.msg.Time(sec=1730346432, nanosec=269736106), frame_id='RU_myo')","geometry_msgs.msg.Quaternion(x=0.6303219566922585, y=0.5937612079696225, z=-0.47120030073247177, w=0.1676667391336917)",[0. 0. 0. 0. 0. 0. 0. 0. 0.],"geometry_msgs.msg.Vector3(x=42.375, y=48.5, z=-44.0)",[0. 0. 0. 0. 0. 0. 0. 0. 0.],"geometry_msgs.msg.Vector3(x=0.8857421875, y=0.72900390625, z=0.13818359375)",[0. 0. 0. 0. 0. 0. 0. 0. 0.],False,15.926881209,"[0.6303219566922585, 0.5937612079696225, -0.47120030073247177, 0.1676667391336917]","[42.375, 48.5, -44.0]","[0.8857421875, 0.72900390625, 0.13818359375]"
15941743286,"std_msgs.msg.Header(stamp=builtin_interfaces.msg.Time(sec=1730346432, nanosec=284645525), frame_id='RU_myo')","geometry_msgs.msg.Quaternion(x=0.6365488695722967, y=0.5984011043519798, z=-0.4546603250018255, w=0.17322137231241522)",[0. 0. 0. 0. 0. 0. 0. 0. 0.],"geometry_msgs.msg.Vector3(x=37.4375, y=76.4375, z=-54.1875)",[0. 0. 0. 0. 0. 0. 0. 0. 0.],"geometry_msgs.msg.Vector3(x=0.89892578125, y=0.70654296875, z=0.1142578125)",[0. 0. 0. 0. 0. 0. 0. 0. 0.],False,15.941743286,"[0.6365488695722967, 0.5984011043519798, -0.4546603250018255, 0.17322137231241522]","[37.4375, 76.4375, -54.1875]","[0.89892578125, 0.70654296875, 0.1142578125]"
15959521477,"std_msgs.msg.Header(stamp=builtin_interfaces.msg.Time(sec=1730346432, nanosec=302402765), frame_id='RU_myo')","geometry_msgs.msg.Quaternion(x=0.642400104945996, y=0.6055956143728429, z=-0.4334140755554886, w=0.18090963525510043)",[0. 0. 0. 0. 0. 0. 0. 0. 0.],"geometry_msgs.msg.Vector3(x=50.5, y=108.1875, z=-69.5)",[0. 0. 0. 0. 0. 0. 0. 0. 0.],"geometry_msgs.msg.Vector3(x=0.87109375, y=0.67724609375, z=0.16015625)",[0. 0. 0. 0. 0. 0. 0. 0. 0.],False,15.959521477,"[0.642400104945996, 0.6055956143728429, -0.4334140755554886, 0.18090963525510043]","[50.5, 108.1875, -69.5]","[0.87109375, 0.67724609375, 0.16015625]"
15979305889,"std_msgs.msg.Header(stamp=builtin_interfaces.msg.Time(sec=1730346432, nanosec=322163226), frame_id='RU_myo')","geometry_msgs.msg.Quaternion(x=0.6488836168632413, y=0.6134821966976237, z=-0.40797084894308194, w=0.19013004106189413)",[0. 0. 0. 0. 0. 0. 0. 0. 0.],"geometry_msgs.msg.Vector3(x=59.625, y=128.75, z=-81.0625)",[0. 0. 0. 0. 0. 0. 0. 0. 0.],"geometry_msgs.msg.Vector3(x=0.89111328125, y=0.74462890625, z=0.2421875)",[0. 0. 0. 0. 0. 0. 0. 0. 0.],False,15.979305889,"[0.6488836168632413, 0.6134821966976237, -0.40797084894308194, 0.19013004106189413]","[59.625, 128.75, -81.0625]","[0.89111328125, 0.74462890625, 0.2421875]"
16001759004,"std_msgs.msg.Header(stamp=builtin_interfaces.msg.Time(sec=1730346432, nanosec=344663709), frame_id='RU_myo')","geometry_msgs.msg.Quaternion(x=0.6599938923344091, y=0.6174510510362418, z=-0.3799557920819104, w=0.196966641132261)",[0. 0. 0. 0. 0. 0. 0. 0. 0.],"geometry_msgs.msg.Vector3(x=25.4375, y=145.875, z=-94.875)",[0. 0. 0. 0. 0. 0. 0. 0. 0.],"geometry_msgs.msg.Vector3(x=0.9677734375, y=0.85205078125, z=0.2431640625)",[0. 0. 0. 0. 0. 0. 0. 0. 0.],False,16.001759004,"[0.6599938923344091, 0.6174510510362418, -0.3799557920819104, 0.196966641132261]","[25.4375, 145.875, -94.875]","[0.9677734375, 0.85205078125, 0.2431640625]"
16019660427,"std_msgs.msg.Header(stamp=builtin_interfaces.msg.Time(sec=1730346432, nanosec=362535431), frame_id='RU_myo')","geometry_msgs.msg.Quaternion(x=0.6783049112356836, y=0.614521177568691, z=-0.3496203123871138, w=0.2000795013975138)",[0. 0. 0. 0. 0. 0. 0. 0. 0.],"geometry_msgs.msg.Vector3(x=-31.125, y=165.125, z=-109.5)",[0. 0. 0. 0. 0. 0. 0. 0. 0.],"geometry_msgs.msg.Vector3(x=0.89013671875, y=0.87890625, z=0.314453125)",[0. 0. 0. 0. 0. 0. 0. 0. 0.],False,16.019660427,"[0.6783049112356836, 0.614521177568691, -0.3496203123871138, 0.2000795013975138]","[-31.125, 165.125, -109.5]","[0.89013671875, 0.87890625, 0.314453125]"
16039257797,"std_msgs.msg.Header(stamp=builtin_interfaces.msg.Time(sec=1730346432, nanosec=382152922), frame_id='RU_myo')","geometry_msgs.msg.Quaternion(x=0.7032802733827412, y=0.6033610052411384, z=-0.3174588354334002, w=0.2014255252701828)",[0. 0. 0. 0. 0. 0. 0. 0. 0.],"geometry_msgs.msg.Vector3(x=-88.9375, y=189.4375, z=-115.1875)",[0. 0. 0. 0. 0. 0. 0. 0. 0.],"geometry_msgs.msg.Vector3(x=0.86279296875, y=0.8505859375, z=0.32861328125)",[0. 0. 0. 0. 0. 0. 0. 0. 0.],False,16.039257797,"[0.7032802733827412, 0.6033610052411384, -0.3174588354334002, 0.2014255252701828]","[-88.9375, 189.4375, -115.1875]","[0.86279296875, 0.8505859375, 0.32861328125]"
16061746086,"std_msgs.msg.Header(stamp=builtin_interfaces.msg.Time(sec=1730346432, nanosec=404619936), frame_id='RU_myo')","geometry_msgs.msg.Quaternion(x=0.7325948153021252, y=0.5849405195001054, z=-0.28285655508332347, w=0.20283390861931028)",[0. 0. 0. 0. 0. 0. 0. 0. 0.],"geometry_msgs.msg.Vector3(x=-131.375, y=218.0, z=-116.625)",[0. 0. 0. 0. 0. 0. 0. 0. 0.],"geometry_msgs.msg.Vector3(x=0.88232421875, y=0.80419921875, z=0.31494140625)",[0. 0. 0. 0. 0. 0. 0. 0. 0.],False,16.061746086,"[0.7325948153021252, 0.5849405195001054, -0.28285655508332347, 0.20283390861931028]","[-131.375, 218.0, -116.625]","[0.88232421875, 0.80419921875, 0.31494140625]"
16087229223,"std_msgs.msg.Header(stamp=builtin_interfaces.msg.Time(sec=1730346432, nanosec=430085001), frame_id='RU_myo')","geometry_msgs.msg.Quaternion(x=0.7636852762515, y=0.5600073856783497, z=-0.24847848142741819, w=0.20355581811850643)",[0. 0. 0. 0. 0. 0. 0. 0. 0.],"geometry_msgs.msg.Vector3(x=-167.25, y=226.375, z=-110.625)",[0. 0. 0. 0. 0. 0. 0. 0. 0.],"geometry_msgs.msg.Vector3(x=0.83056640625, y=0.8154296875, z=0.3427734375)",[0. 0. 0. 0. 0. 0. 0. 0. 0.],False,16.087229223,"[0.7636852762515, 0.5600073856783497, -0.24847848142741819, 0.20355581811850643]","[-167.25, 226.375, -110.625]","[0.83056640625, 0.8154296875, 0.3427734375]"
16100823049,"std_msgs.msg.Header(stamp=builtin_interfaces.msg.Time(sec=1730346432, nanosec=443725856), frame_id='RU_myo')","geometry_msgs.msg.Quaternion(x=0.7945750509678734, y=0.528943569802396, z=-0.21600868838341558, w=0.20544934871392395)",[0. 0. 0. 0. 0. 0. 0. 0. 0.],"geometry_msgs.msg.Vector3(x=-194.375, y=229.1875, z=-90.75)",[0. 0. 0. 0. 0. 0. 0. 0. 0.],"geometry_msgs.msg.Vector3(x=0.794921875, y=0.7666015625, z=0.39306640625)",[0. 0. 0. 0. 0. 0. 0. 0. 0.],False,16.100823049,"[0.7945750509678734, 0.528943569802396, -0.21600868838341558, 0.20544934871392395]","[-194.375, 229.1875, -90.75]","[0.794921875, 0.7666015625, 0.39306640625]"
16121672691,"std_msgs.msg.Header(stamp=builtin_interfaces.msg.Time(sec=1730346432, nanosec=464540040), frame_id='RU_myo')","geometry_msgs.msg.Quaternion(x=0.8228230168591266, y=0.4948779037678065, z=-0.1843890166850695, w=0.20990196238992187)",[0. 0. 0. 0. 0. 0. 0. 0. 0.],"geometry_msgs.msg.Vector3(x=-197.8125, y=235.25, z=-71.3125)",[0. 0. 0. 0. 0. 0. 0. 0. 0.],"geometry_msgs.msg.Vector3(x=0.81103515625, y=0.63916015625, z=0.42626953125)",[0. 0. 0. 0. 0. 0. 0. 0. 0.],False,16.121672691,"[0.8228230168591266, 0.4948779037678065, -0.1843890166850695, 0.20990196238992187]","[-197.8125, 235.25, -71.3125]","[0.81103515625, 0.63916015625, 0.42626953125]"
16139627372,"std_msgs.msg.Header(stamp=builtin_interfaces.msg.Time(sec=1730346432, nanosec=482516398), frame_id='RU_myo')","geometry_msgs.msg.Quaternion(x=0.846786710589685, y=0.46090149583094586, z=-0.15204683169313815, w=0.21772422667580238)",[0. 0. 0. 0. 0. 0. 0. 0. 0.],"geometry_msgs.msg.Vector3(x=-180.5, y=244.875, z=-54.3125)",[0. 0. 0. 0. 0. 0. 0. 0. 0.],"geometry_msgs.msg.Vector3(x=0.82861328125, y=0.5439453125, z=0.47607421875)",[0. 0. 0. 0. 0. 0. 0. 0. 0.],False,16.139627372,"[0.846786710589685, 0.46090149583094586, -0.15204683169313815, 0.21772422667580238]","[-180.5, 244.875, -54.3125]","[0.82861328125, 0.5439453125, 0.47607421875]"
16159290786,"std_msgs.msg.Header(stamp=builtin_interfaces.msg.Time(sec=1730346432, nanosec=502166024), frame_id='RU_myo')","geometry_msgs.msg.Quaternion(x=0.8652766365050688, y=0.42989160206724036, z=-0.11908540616685873, w=0.2287099010288158)",[0. 0. 0. 0. 0. 0. 0. 0. 0.],"geometry_msgs.msg.Vector3(x=-147.5625, y=248.1875, z=-36.0)",[0. 0. 0. 0. 0. 0. 0. 0. 0.],"geometry_msgs.msg.Vector3(x=0.77294921875, y=0.4677734375, z=0.52587890625)",[0. 0. 0. 0. 0. 0. 0. 0. 0.],False,16.159290786,"[0.8652766365050688, 0.42989160206724036, -0.11908540616685873, 0.2287099010288158]","[-147.5625, 248.1875, -36.0]","[0.77294921875, 0.4677734375, 0.52587890625]"
16181603109,"std_msgs.msg.Header(stamp=builtin_interfaces.msg.Time(sec=1730346432, nanosec=524476010), frame_id='RU_myo')","geometry_msgs.msg.Quaternion(x=0.8778038772373193, y=0.40401806991404055, z=-0.0852716790557357, w=0.2428137002746719)",[0. 0. 0. 0. 0. 0. 0. 0. 0.],"geometry_msgs.msg.Vector3(x=-104.0625, y=249.5, z=-18.0625)",[0. 0. 0. 0. 0. 0. 0. 0. 0.],"geometry_msgs.msg.Vector3(x=0.7021484375, y=0.40771484375, z=0.54248046875)",[0. 0. 0. 0. 0. 0. 0. 0. 0.],False,16.181603109,"[0.8778038772373193, 0.40401806991404055, -0.0852716790557357, 0.2428137002746719]","[-104.0625, 249.5, -18.0625]","[0.7021484375, 0.40771484375, 0.54248046875]"
16205599202,"std_msgs.msg.Header(stamp=builtin_interfaces.msg.Time(sec=1730346432, nanosec=548558143), frame_id='RU_myo')","geometry_msgs.msg.Quaternion(x=0.8840270024020255, y=0.38607131051528076, z=-0.052432451499229434, w=0.2582557651842139)",[0. 0. 0. 0. 0. 0. 0. 0. 0.],"geometry_msgs.msg.Vector3(x=-50.25, y=233.75, z=-3.125)",[0. 0. 0. 0. 0. 0. 0. 0. 0.],"geometry_msgs.msg.Vector3(x=0.6240234375, y=0.41943359375, z=0.5693359375)",[0. 0. 0. 0. 0. 0. 0. 0. 0.],False,16.205599202,"[0.8840270024020255, 0.38607131051528076, -0.052432451499229434, 0.2582557651842139]","[-50.25, 233.75, -3.125]","[0.6240234375, 0.41943359375, 0.5693359375]"
16219273427,"std_msgs.msg.Header(stamp=builtin_interfaces.msg.Time(sec=1730346432, nanosec=562100235), frame_id='RU_myo')","geometry_msgs.msg.Quaternion(x=0.884820839963605, y=0.3755727530557438, z=-0.018861040255846714, w=0.2751026162883532)",[0. 0. 0. 0. 0. 0. 0. 0. 0.],"geometry_msgs.msg.Vector3(x=0.875, y=227.875, z=8.125)",[0. 0. 0. 0. 0. 0. 0. 0. 0.],"geometry_msgs.msg.Vector3(x=0.58154296875, y=0.43408203125, z=0.5830078125)",[0. 0. 0. 0. 0. 0. 0. 0. 0.],False,16.219273427,"[0.884820839963605, 0.3755727530557438, -0.018861040255846714, 0.2751026162883532]","[0.875, 227.875, 8.125]","[0.58154296875, 0.43408203125, 0.5830078125]"
16241731639,"std_msgs.msg.Header(stamp=builtin_interfaces.msg.Time(sec=1730346432, nanosec=584616692), frame_id='RU_myo')","geometry_msgs.msg.Quaternion(x=0.8812259433411406, y=0.3717910383660655, z=0.01379490636524886, w=0.29158525533979557)",[0. 0. 0. 0. 0. 0. 0. 0. 0.],"geometry_msgs.msg.Vector3(x=41.5625, y=211.0625, z=15.625)",[0. 0. 0. 0. 0. 0. 0. 0. 0.],"geometry_msgs.msg.Vector3(x=0.48046875, y=0.50634765625, z=0.54248046875)",[0. 0. 0. 0. 0. 0. 0. 0. 0.],False,16.241731639,"[0.8812259433411406, 0.3717910383660655, 0.01379490636524886, 0.29158525533979557]","[41.5625, 211.0625, 15.625]","[0.48046875, 0.50634765625, 0.54248046875]"
16259632071,"std_msgs.msg.Header(stamp=builtin_interfaces.msg.Time(sec=1730346432, nanosec=602531397), frame_id='RU_myo')","geometry_msgs.msg.Quaternion(x=0.8745492625413444, y=0.3720862859053626, z=0.04559521908978114, w=0.30763039385876434)",[0. 0. 0. 0. 0. 0. 0. 0. 0.],"geometry_msgs.msg.Vector3(x=64.125, y=199.0, z=21.25)",[0. 0. 0. 0. 0. 0. 0. 0. 0.],"geometry_msgs.msg.Vector3(x=0.41455078125, y=0.6162109375, z=0.373046875)",[0. 0. 0. 0. 0. 0. 0. 0. 0.],False,16.259632071,"[0.8745492625413444, 0.3720862859053626, 0.04559521908978114, 0.30763039385876434]","[64.125, 199.0, 21.25]","[0.41455078125, 0.6162109375, 0.373046875]"
16279400438,"std_msgs.msg.Header(stamp=builtin_interfaces.msg.Time(sec=1730346432, nanosec=622179321), frame_id='RU_myo')","geometry_msgs.msg.Quaternion(x=0.8669132278879691, y=0.372449800504991, z=0.07770052376972363, w=0.32203296418622296)",[0. 0. 0. 0. 0. 0. 0. 0. 0.],"geometry_msgs.msg.Vector3(x=67.125, y=196.875, z=14.4375)",[0. 0. 0. 0. 0. 0. 0. 0. 0.],"geometry_msgs.msg.Vector3(x=0.3544921875, y=0.638671875, z=0.349609375)",[0. 0. 0. 0. 0. 0. 0. 0. 0.],False,16.279400438,"[0.8669132278879691, 0.372449800504991, 0.07770052376972363, 0.32203296418622296]","[67.125, 196.875, 14.4375]","[0.3544921875, 0.638671875, 0.349609375]"
16301634128,"std_msgs.msg.Header(stamp=builtin_interfaces.msg.Time(sec=1730346432, nanosec=644516633), frame_id='RU_myo')","geometry_msgs.msg.Quaternion(x=0.8595202048013142, y=0.36988300249225703, z=0.10992727516312788, w=0.33515306380940324)",[0. 0. 0. 0. 0. 0. 0. 0. 0.],"geometry_msgs.msg.Vector3(x=54.6875, y=199.4375, z=5.875)",[0. 0. 0. 0. 0. 0. 0. 0. 0.],"geometry_msgs.msg.Vector3(x=0.29736328125, y=0.587890625, z=0.42578125)",[0. 0. 0. 0. 0. 0. 0. 0. 0.],False,16.301634128,"[0.8595202048013142, 0.36988300249225703, 0.10992727516312788, 0.33515306380940324]","[54.6875, 199.4375, 5.875]","[0.29736328125, 0.587890625, 0.42578125]"
16319612269,"std_msgs.msg.Header(stamp=builtin_interfaces.msg.Time(sec=1730346432, nanosec=662432922), frame_id='RU_myo')","geometry_msgs.msg.Quaternion(x=0.8505778045880155, y=0.37056748128122297, z=0.13843634451421738, w=0.3464570950011895)",[0. 0. 0. 0. 0. 0. 0. 0. 0.],"geometry_msgs.msg.Vector3(x=68.8125, y=170.75, z=10.75)",[0. 0. 0. 0. 0. 0. 0. 0. 0.],"geometry_msgs.msg.Vector3(x=0.18603515625, y=0.640625, z=0.50537109375)",[0. 0. 0. 0. 0. 0. 0. 0. 0.],False,16.319612269,"[0.8505778045880155, 0.37056748128122297, 0.13843634451421738, 0.3464570950011895]","[68.8125, 170.75, 10.75]","[0.18603515625, 0.640625, 0.50537109375]"
16340804898,"std_msgs.msg.Header(stamp=builtin_interfaces.msg.Time(sec=1730346432, nanosec=683641958), frame_id='RU_myo')","geometry_msgs.msg.Quaternion(x=0.840465323075764, y=0.3732010302335116, z=0.16352724239378108, w=0.3572084443779048)",[0. 0. 0. 0. 0. 0. 0. 0. 0.],"geometry_msgs.msg.Vector3(x=71.4375, y=149.25, z=19.6875)",[0. 0. 0. 0. 0. 0. 0. 0. 0.],"geometry_msgs.msg.Vector3(x=0.115234375, y=0.6640625, z=0.28564453125)",[0. 0. 0. 0. 0. 0. 0. 0. 0.],False,16.340804898,"[0.840465323075764, 0.3732010302335116, 0.16352724239378108, 0.3572084443779048]","[71.4375, 149.25, 19.6875]","[0.115234375, 0.6640625, 0.28564453125]"
16361801899,"std_msgs.msg.Header(stamp=builtin_interfaces.msg.Time(sec=1730346432, nanosec=704632806), frame_id='RU_myo')","geometry_msgs.msg.Quaternion(x=0.8319708013537355, y=0.3721589123883877, z=0.18495022216447676, w=0.36758093659223734)",[0. 0. 0. 0. 0. 0. 0. 0. 0.],"geometry_msgs.msg.Vector3(x=43.25, y=136.875, z=18.5)",[0. 0. 0. 0. 0. 0. 0. 0. 0.],"geometry_msgs.msg.Vector3(x=0.1142578125, y=0.68603515625, z=0.2890625)",[0. 0. 0. 0. 0. 0. 0. 0. 0.],False,16.361801899,"[0.8319708013537355, 0.3721589123883877, 0.18495022216447676, 0.36758093659223734]","[43.25, 136.875, 18.5]","[0.1142578125, 0.68603515625, 0.2890625]"
16379549226,"std_msgs.msg.Header(stamp=builtin_interfaces.msg.Time(sec=1730346432, nanosec=722469235), frame_id='RU_myo')","geometry_msgs.msg.Quaternion(x=0.8223238101180645, y=0.3721576803956235, z=0.20576407095516597, w=0.3780785094916339)",[0. 0. 0. 0. 0. 0. 0. 0. 0.],"geometry_msgs.msg.Vector3(x=51.3125, y=133.125, z=24.25)",[0. 0. 0. 0. 0. 0. 0. 0. 0.],"geometry_msgs.msg.Vector3(x=0.083984375, y=0.60986328125, z=0.37060546875)",[0. 0. 0. 0. 0. 0. 0. 0. 0.],False,16.379549226,"[0.8223238101180645, 0.3721576803956235, 0.20576407095516597, 0.3780785094916339]","[51.3125, 133.125, 24.25]","[0.083984375, 0.60986328125, 0.37060546875]"
16400685338,"std_msgs.msg.Header(stamp=builtin_interfaces.msg.Time(sec=1730346432, nanosec=743608370), frame_id='RU_myo')","geometry_msgs.msg.Quaternion(x=0.809057830724241, y=0.37855727394581234, z=0.22852602928944232, w=0.3871636228052705)",[0. 0. 0. 0. 0. 0. 0. 0. 0.],"geometry_msgs.msg.Vector3(x=95.0, y=129.75, z=29.0625)",[0. 0. 0. 0. 0. 0. 0. 0. 0.],"geometry_msgs.msg.Vector3(x=0.068359375, y=0.5888671875, z=0.31982421875)",[0. 0. 0. 0. 0. 0. 0. 0. 0.],False,16.400685338,"[0.809057830724241, 0.37855727394581234, 0.22852602928944232, 0.3871636228052705]","[95.0, 129.75, 29.0625]","[0.068359375, 0.5888671875, 0.31982421875]"
16421768479,"std_msgs.msg.Header(stamp=builtin_interfaces.msg.Time(sec=1730346432, nanosec=764651645), frame_id='RU_myo')","geometry_msgs.msg.Quaternion(x=0.794490195715766, y=0.38808917212360483, z=0.2505671675947464, w=0.3941931226131236)",[0. 0. 0. 0. 0. 0. 0. 0. 0.],"geometry_msgs.msg.Vector3(x=112.625, y=115.625, z=28.875)",[0. 0. 0. 0. 0. 0. 0. 0. 0.],"geometry_msgs.msg.Vector3(x=-0.021484375, y=0.732421875, z=0.29443359375)",[0. 0. 0. 0. 0. 0. 0. 0. 0.],False,16.421768479,"[0.794490195715766, 0.38808917212360483, 0.2505671675947464, 0.3941931226131236]","[112.625, 115.625, 28.875]","[-0.021484375, 0.732421875, 0.29443359375]"
16439698715,"std_msgs.msg.Header(stamp=builtin_interfaces.msg.Time(sec=1730346432, nanosec=782483427), frame_id='RU_myo')","geometry_msgs.msg.Quaternion(x=0.7801939289325226, y=0.3977267752248722, z=0.2711329551179992, w=0.39949689132086996)",[0. 0. 0. 0. 0. 0. 0. 0. 0.],"geometry_msgs.msg.Vector3(x=111.9375, y=103.6875, z=24.375)",[0. 0. 0. 0. 0. 0. 0. 0. 0.],"geometry_msgs.msg.Vector3(x=-0.0986328125, y=0.7861328125, z=0.32373046875)",[0. 0. 0. 0. 0. 0. 0. 0. 0.],False,16.439698715,"[0.7801939289325226, 0.3977267752248722, 0.2711329551179992, 0.39949689132086996]","[111.9375, 103.6875, 24.375]","[-0.0986328125, 0.7861328125, 0.32373046875]"
16462050110,"std_msgs.msg.Header(stamp=builtin_interfaces.msg.Time(sec=1730346432, nanosec=804836313), frame_id='RU_myo')","geometry_msgs.msg.Quaternion(x=0.7666497260472587, y=0.4091443561858897, z=0.2883481931407046, w=0.4021248722292468)",[0. 0. 0. 0. 0. 0. 0. 0. 0.],"geometry_msgs.msg.Vector3(x=114.625, y=77.5625, z=21.625)",[0. 0. 0. 0. 0. 0. 0. 0. 0.],"geometry_msgs.msg.Vector3(x=-0.12451171875, y=0.85693359375, z=0.32080078125)",[0. 0. 0. 0. 0. 0. 0. 0. 0.],False,16.46205011,"[0.7666497260472587, 0.4091443561858897, 0.2883481931407046, 0.4021248722292468]","[114.625, 77.5625, 21.625]","[-0.12451171875, 0.85693359375, 0.32080078125]"
16481660593,"std_msgs.msg.Header(stamp=builtin_interfaces.msg.Time(sec=1730346432, nanosec=824592768), frame_id='RU_myo')","geometry_msgs.msg.Quaternion(x=0.754634681608883, y=0.4205640181416488, z=0.3020858237711205, w=0.4029845642628687)",[0. 0. 0. 0. 0. 0. 0. 0. 0.],"geometry_msgs.msg.Vector3(x=88.875, y=52.5, z=19.1875)",[0. 0. 0. 0. 0. 0. 0. 0. 0.],"geometry_msgs.msg.Vector3(x=-0.15380859375, y=1.00732421875, z=0.21826171875)",[0. 0. 0. 0. 0. 0. 0. 0. 0.],False,16.481660593,"[0.754634681608883, 0.4205640181416488, 0.3020858237711205, 0.4029845642628687]","[88.875, 52.5, 19.1875]","[-0.15380859375, 1.00732421875, 0.21826171875]"
16499499639,"std_msgs.msg.Header(stamp=builtin_interfaces.msg.Time(sec=1730346432, nanosec=842459108), frame_id='RU_myo')","geometry_msgs.msg.Quaternion(x=0.7483208447420139, y=0.42421124559192463, z=0.3103151039696899, w=0.404679217017908)",[0. 0. 0. 0. 0. 0. 0. 0. 0.],"geometry_msgs.msg.Vector3(x=23.6875, y=38.125, z=9.625)",[0. 0. 0. 0. 0. 0. 0. 0. 0.],"geometry_msgs.msg.Vector3(x=-0.162109375, y=1.0615234375, z=0.15869140625)",[0. 0. 0. 0. 0. 0. 0. 0. 0.],False,16.499499639,"[0.7483208447420139, 0.42421124559192463, 0.3103151039696899, 0.404679217017908]","[23.6875, 38.125, 9.625]","[-0.162109375, 1.0615234375, 0.15869140625]"
16520549701,"std_msgs.msg.Header(stamp=builtin_interfaces.msg.Time(sec=1730346432, nanosec=863507603), frame_id='RU_myo')","geometry_msgs.msg.Quaternion(x=0.7463295731010465, y=0.4233087093690814, z=0.3134376672833789, w=0.40688909252405137)",[0. 0. 0. 0. 0. 0. 0. 0. 0.],"geometry_msgs.msg.Vector3(x=-9.1875, y=24.1875, z=2.125)",[0. 0. 0. 0. 0. 0. 0. 0. 0.],"geometry_msgs.msg.Vector3(x=-0.0986328125, y=1.03369140625, z=0.3046875)",[0. 0. 0. 0. 0. 0. 0. 0. 0.],False,16.520549701,"[0.7463295731010465, 0.4233087093690814, 0.3134376672833789, 0.40688909252405137]","[-9.1875, 24.1875, 2.125]","[-0.0986328125, 1.03369140625, 0.3046875]"
16544587970,"std_msgs.msg.Header(stamp=builtin_interfaces.msg.Time(sec=1730346432, nanosec=887475842), frame_id='RU_myo')","geometry_msgs.msg.Quaternion(x=0.7457129062347634, y=0.42202333090833705, z=0.3138623036636779, w=0.40902203361538425)",[0. 0. 0. 0. 0. 0. 0. 0. 0.],"geometry_msgs.msg.Vector3(x=-8.4375, y=12.875, z=2.625)",[0. 0. 0. 0. 0. 0. 0. 0. 0.],"geometry_msgs.msg.Vector3(x=-0.048828125, y=0.86865234375, z=0.4130859375)",[0. 0. 0. 0. 0. 0. 0. 0. 0.],False,16.54458797,"[0.7457129062347634, 0.42202333090833705, 0.3138623036636779, 0.40902203361538425]","[-8.4375, 12.875, 2.625]","[-0.048828125, 0.86865234375, 0.4130859375]"
16559754260,"std_msgs.msg.Header(stamp=builtin_interfaces.msg.Time(sec=1730346432, nanosec=902639469), frame_id='RU_myo')","geometry_msgs.msg.Quaternion(x=0.7451582876789979, y=0.4210437310296304, z=0.31306658400275067, w=0.4116437985015696)",[0. 0. 0. 0. 0. 0. 0. 0. 0.],"geometry_msgs.msg.Vector3(x=-11.125, y=7.4375, z=10.0625)",[0. 0. 0. 0. 0. 0. 0. 0. 0.],"geometry_msgs.msg.Vector3(x=-0.06591796875, y=0.7919921875, z=0.373046875)",[0. 0. 0. 0. 0. 0. 0. 0. 0.],False,16.55975426,"[0.7451582876789979, 0.4210437310296304, 0.31306658400275067, 0.4116437985015696]","[-11.125, 7.4375, 10.0625]","[-0.06591796875, 0.7919921875, 0.373046875]"
16580760215,"std_msgs.msg.Header(stamp=builtin_interfaces.msg.Time(sec=1730346432, nanosec=923690892), frame_id='RU_myo')","geometry_msgs.msg.Quaternion(x=0.7432645662666404, y=0.42195844186591813, z=0.31416463189409527, w=0.4132909894219777)",[0. 0. 0. 0. 0. 0. 0. 0. 0.],"geometry_msgs.msg.Vector3(x=3.0625, y=8.875, z=10.9375)",[0. 0. 0. 0. 0. 0. 0. 0. 0.],"geometry_msgs.msg.Vector3(x=-0.11328125, y=0.81396484375, z=0.33056640625)",[0. 0. 0. 0. 0. 0. 0. 0. 0.],False,16.580760215,"[0.7432645662666404, 0.42195844186591813, 0.31416463189409527, 0.4132909894219777]","[3.0625, 8.875, 10.9375]","[-0.11328125, 0.81396484375, 0.33056640625]"
16601840448,"std_msgs.msg.Header(stamp=builtin_interfaces.msg.Time(sec=1730346432, nanosec=944666033), frame_id='RU_myo')","geometry_msgs.msg.Quaternion(x=0.7397176105772679, y=0.42622725263314315, z=0.31684743926946096, w=0.4132261922277501)",[0. 0. 0. 0. 0. 0. 0. 0. 0.],"geometry_msgs.msg.Vector3(x=31.3125, y=7.5625, z=8.5625)",[0. 0. 0. 0. 0. 0. 0. 0. 0.],"geometry_msgs.msg.Vector3(x=-0.1005859375, y=0.83447265625, z=0.376953125)",[0. 0. 0. 0. 0. 0. 0. 0. 0.],False,16.601840448,"[0.7397176105772679, 0.42622725263314315, 0.31684743926946096, 0.4132261922277501]","[31.3125, 7.5625, 8.5625]","[-0.1005859375, 0.83447265625, 0.376953125]"
16619702448,"std_msgs.msg.Header(stamp=builtin_interfaces.msg.Time(sec=1730346432, nanosec=962548956), frame_id='RU_myo')","geometry_msgs.msg.Quaternion(x=0.7347833306907376, y=0.4329471809760261, z=0.32014774625958786, w=0.41249923150091417)",[0. 0. 0. 0. 0. 0. 0. 0. 0.],"geometry_msgs.msg.Vector3(x=54.1875, y=7.0625, z=10.5625)",[0. 0. 0. 0. 0. 0. 0. 0. 0.],"geometry_msgs.msg.Vector3(x=-0.06787109375, y=0.81884765625, z=0.45556640625)",[0. 0. 0. 0. 0. 0. 0. 0. 0.],False,16.619702448,"[0.7347833306907376, 0.4329471809760261, 0.32014774625958786, 0.41249923150091417]","[54.1875, 7.0625, 10.5625]","[-0.06787109375, 0.81884765625, 0.45556640625]"
16639968667,"std_msgs.msg.Header(stamp=builtin_interfaces.msg.Time(sec=1730346432, nanosec=982744586), frame_id='RU_myo')","geometry_msgs.msg.Quaternion(x=0.7290589811351208, y=0.44070712021061387, z=0.3241822043543726, w=0.41128595235167814)",[0. 0. 0. 0. 0. 0. 0. 0. 0.],"geometry_msgs.msg.Vector3(x=59.0, y=7.1875, z=10.375)",[0. 0. 0. 0. 0. 0. 0. 0. 0.],"geometry_msgs.msg.Vector3(x=-0.07421875, y=0.89208984375, z=0.40087890625)",[0. 0. 0. 0. 0. 0. 0. 0. 0.],False,16.639968667,"[0.7290589811351208, 0.44070712021061387, 0.3241822043543726, 0.41128595235167814]","[59.0, 7.1875, 10.375]","[-0.07421875, 0.89208984375, 0.40087890625]"
16662371178,"std_msgs.msg.Header(stamp=builtin_interfaces.msg.Time(sec=1730346433, nanosec=5202476), frame_id='RU_myo')","geometry_msgs.msg.Quaternion(x=0.7251348086987041, y=0.4459456996929909, z=0.3275924678691873, w=0.4098720741087372)",[0. 0. 0. 0. 0. 0. 0. 0. 0.],"geometry_msgs.msg.Vector3(x=37.6875, y=4.375, z=5.625)",[0. 0. 0. 0. 0. 0. 0. 0. 0.],"geometry_msgs.msg.Vector3(x=-0.134765625, y=0.970703125, z=0.33740234375)",[0. 0. 0. 0. 0. 0. 0. 0. 0.],False,16.662371178,"[0.7251348086987041, 0.4459456996929909, 0.3275924678691873, 0.4098720741087372]","[37.6875, 4.375, 5.625]","[-0.134765625, 0.970703125, 0.33740234375]"
16678892493,"std_msgs.msg.Header(stamp=builtin_interfaces.msg.Time(sec=1730346433, nanosec=21747674), frame_id='RU_myo')","geometry_msgs.msg.Quaternion(x=0.7228879355402734, y=0.44906582299837805, z=0.32912368052293794, w=0.4092071873564125)",[0. 0. 0. 0. 0. 0. 0. 0. 0.],"geometry_msgs.msg.Vector3(x=21.625, y=1.0625, z=5.1875)",[0. 0. 0. 0. 0. 0. 0. 0. 0.],"geometry_msgs.msg.Vector3(x=-0.1220703125, y=0.91748046875, z=0.34912109375)",[0. 0. 0. 0. 0. 0. 0. 0. 0.],False,16.678892493,"[0.7228879355402734, 0.44906582299837805, 0.32912368052293794, 0.4092071873564125]","[21.625, 1.0625, 5.1875]","[-0.1220703125, 0.91748046875, 0.34912109375]"
16701419018,"std_msgs.msg.Header(stamp=builtin_interfaces.msg.Time(sec=1730346433, nanosec=44212191), frame_id='RU_myo')","geometry_msgs.msg.Quaternion(x=0.7212192012235855, y=0.45137237585040746, z=0.32850387110573265, w=0.4101110200593493)",[0. 0. 0. 0. 0. 0. 0. 0. 0.],"geometry_msgs.msg.Vector3(x=16.75, y=-1.0625, z=11.75)",[0. 0. 0. 0. 0. 0. 0. 0. 0.],"geometry_msgs.msg.Vector3(x=-0.06201171875, y=0.81005859375, z=0.42431640625)",[0. 0. 0. 0. 0. 0. 0. 0. 0.],False,16.701419018,"[0.7212192012235855, 0.45137237585040746, 0.32850387110573265, 0.4101110200593493]","[16.75, -1.0625, 11.75]","[-0.06201171875, 0.81005859375, 0.42431640625]"
16722422728,"std_msgs.msg.Header(stamp=builtin_interfaces.msg.Time(sec=1730346433, nanosec=65204797), frame_id='RU_myo')","geometry_msgs.msg.Quaternion(x=0.7200518646264275, y=0.4531376657613459, z=0.32734069254823517, w=0.41114430449466943)",[0. 0. 0. 0. 0. 0. 0. 0. 0.],"geometry_msgs.msg.Vector3(x=9.1875, y=-2.875, z=11.375)",[0. 0. 0. 0. 0. 0. 0. 0. 0.],"geometry_msgs.msg.Vector3(x=-0.0673828125, y=0.89990234375, z=0.42431640625)",[0. 0. 0. 0. 0. 0. 0. 0. 0.],False,16.722422728,"[0.7200518646264275, 0.4531376657613459, 0.32734069254823517, 0.41114430449466943]","[9.1875, -2.875, 11.375]","[-0.0673828125, 0.89990234375, 0.42431640625]"
16738763059,"std_msgs.msg.Header(stamp=builtin_interfaces.msg.Time(sec=1730346433, nanosec=81587040), frame_id='RU_myo')","geometry_msgs.msg.Quaternion(x=0.7200112572192222, y=0.452967407580862, z=0.32619024742111935, w=0.4123157038416282)",[0. 0. 0. 0. 0. 0. 0. 0. 0.],"geometry_msgs.msg.Vector3(x=-9.4375, y=-2.875, z=9.8125)",[0. 0. 0. 0. 0. 0. 0. 0. 0.],"geometry_msgs.msg.Vector3(x=-0.13916015625, y=0.97705078125, z=0.33837890625)",[0. 0. 0. 0. 0. 0. 0. 0. 0.],False,16.738763059,"[0.7200112572192222, 0.452967407580862, 0.32619024742111935, 0.4123157038416282]","[-9.4375, -2.875, 9.8125]","[-0.13916015625, 0.97705078125, 0.33837890625]"
16768797461,"std_msgs.msg.Header(stamp=builtin_interfaces.msg.Time(sec=1730346433, nanosec=111692554), frame_id='RU_myo')","geometry_msgs.msg.Quaternion(x=0.7200740852347159, y=0.4526023007557361, z=0.3245430118837827, w=0.4139037358630676)",[0. 0. 0. 0. 0. 0. 0. 0. 0.],"geometry_msgs.msg.Vector3(x=-14.25, y=-2.8125, z=10.9375)",[0. 0. 0. 0. 0. 0. 0. 0. 0.],"geometry_msgs.msg.Vector3(x=-0.10791015625, y=0.9306640625, z=0.2919921875)",[0. 0. 0. 0. 0. 0. 0. 0. 0.],False,16.768797461,"[0.7200740852347159, 0.4526023007557361, 0.3245430118837827, 0.4139037358630676]","[-14.25, -2.8125, 10.9375]","[-0.10791015625, 0.9306640625, 0.2919921875]"
16782645328,"std_msgs.msg.Header(stamp=builtin_interfaces.msg.Time(sec=1730346433, nanosec=125393231), frame_id='RU_myo')","geometry_msgs.msg.Quaternion(x=0.720431049467066, y=0.45180298467806684, z=0.32252458403659895, w=0.4157295499381672)",[0. 0. 0. 0. 0. 0. 0. 0. 0.],"geometry_msgs.msg.Vector3(x=-12.0, y=-1.5, z=8.25)",[0. 0. 0. 0. 0. 0. 0. 0. 0.],"geometry_msgs.msg.Vector3(x=-0.060546875, y=0.94677734375, z=0.40625)",[0. 0. 0. 0. 0. 0. 0. 0. 0.],False,16.782645328,"[0.720431049467066, 0.45180298467806684, 0.32252458403659895, 0.4157295499381672]","[-12.0, -1.5, 8.25]","[-0.060546875, 0.94677734375, 0.40625]"
16798638983,"std_msgs.msg.Header(stamp=builtin_interfaces.msg.Time(sec=1730346433, nanosec=141608306), frame_id='RU_myo')","geometry_msgs.msg.Quaternion(x=0.7211687778785585, y=0.4507075967715003, z=0.32106202045207094, w=0.4167702425183917)",[0. 0. 0. 0. 0. 0. 0. 0. 0.],"geometry_msgs.msg.Vector3(x=-5.6875, y=-0.1875, z=1.25)",[0. 0. 0. 0. 0. 0. 0. 0. 0.],"geometry_msgs.msg.Vector3(x=-0.04833984375, y=1.01904296875, z=0.52294921875)",[0. 0. 0. 0. 0. 0. 0. 0. 0.],False,16.798638983,"[0.7211687778785585, 0.4507075967715003, 0.32106202045207094, 0.4167702425183917]","[-5.6875, -0.1875, 1.25]","[-0.04833984375, 1.01904296875, 0.52294921875]"
16821502839,"std_msgs.msg.Header(stamp=builtin_interfaces.msg.Time(sec=1730346433, nanosec=164273946), frame_id='RU_myo')","geometry_msgs.msg.Quaternion(x=0.7222085833781513, y=0.44887778246813087, z=0.31953701267618506, w=0.41811433368326034)",[0. 0. 0. 0. 0. 0. 0. 0. 0.],"geometry_msgs.msg.Vector3(x=-15.5, y=1.5, z=-0.3125)",[0. 0. 0. 0. 0. 0. 0. 0. 0.],"geometry_msgs.msg.Vector3(x=-0.0322265625, y=0.99658203125, z=0.44287109375)",[0. 0. 0. 0. 0. 0. 0. 0. 0.],False,16.821502839,"[0.7222085833781513, 0.44887778246813087, 0.31953701267618506, 0.41811433368326034]","[-15.5, 1.5, -0.3125]","[-0.0322265625, 0.99658203125, 0.44287109375]"
16842597485,"std_msgs.msg.Header(stamp=builtin_interfaces.msg.Time(sec=1730346433, nanosec=185345424), frame_id='RU_myo')","geometry_msgs.msg.Quaternion(x=0.7231767931404346, y=0.446247935064966, z=0.31831254019474736, w=0.4201847606329129)",[0. 0. 0. 0. 0. 0. 0. 0. 0.],"geometry_msgs.msg.Vector3(x=-19.75, y=6.0625, z=1.375)",[0. 0. 0. 0. 0. 0. 0. 0. 0.],"geometry_msgs.msg.Vector3(x=-0.0390625, y=0.92724609375, z=0.41357421875)",[0. 0. 0. 0. 0. 0. 0. 0. 0.],False,16.842597485,"[0.7231767931404346, 0.446247935064966, 0.31831254019474736, 0.4201847606329129]","[-19.75, 6.0625, 1.375]","[-0.0390625, 0.92724609375, 0.41357421875]"
16859038762,"std_msgs.msg.Header(stamp=builtin_interfaces.msg.Time(sec=1730346433, nanosec=201758853), frame_id='RU_myo')","geometry_msgs.msg.Quaternion(x=0.7231264455143449, y=0.4450337565835307, z=0.31898867259711033, w=0.4210455154180764)",[0. 0. 0. 0. 0. 0. 0. 0. 0.],"geometry_msgs.msg.Vector3(x=2.9375, y=9.0, z=-0.625)",[0. 0. 0. 0. 0. 0. 0. 0. 0.],"geometry_msgs.msg.Vector3(x=-0.07373046875, y=0.82080078125, z=0.47900390625)",[0. 0. 0. 0. 0. 0. 0. 0. 0.],False,16.859038762,"[0.7231264455143449, 0.4450337565835307, 0.31898867259711033, 0.4210455154180764]","[2.9375, 9.0, -0.625]","[-0.07373046875, 0.82080078125, 0.47900390625]"
16881507470,"std_msgs.msg.Header(stamp=builtin_interfaces.msg.Time(sec=1730346433, nanosec=224245575), frame_id='RU_myo')","geometry_msgs.msg.Quaternion(x=0.7210008722165746, y=0.44705472300323335, z=0.3216791903641507, w=0.4205024558669135)",[0. 0. 0. 0. 0. 0. 0. 0. 0.],"geometry_msgs.msg.Vector3(x=26.5, y=9.0, z=0.0625)",[0. 0. 0. 0. 0. 0. 0. 0. 0.],"geometry_msgs.msg.Vector3(x=-0.08154296875, y=0.79296875, z=0.419921875)",[0. 0. 0. 0. 0. 0. 0. 0. 0.],False,16.88150747,"[0.7210008722165746, 0.44705472300323335, 0.3216791903641507, 0.4205024558669135]","[26.5, 9.0, 0.0625]","[-0.08154296875, 0.79296875, 0.419921875]"
16902498490,"std_msgs.msg.Header(stamp=builtin_interfaces.msg.Time(sec=1730346433, nanosec=245284655), frame_id='RU_myo')","geometry_msgs.msg.Quaternion(x=0.7173229480101293, y=0.4514397994794857, z=0.32496829264856436, w=0.4195777692836648)",[0. 0. 0. 0. 0. 0. 0. 0. 0.],"geometry_msgs.msg.Vector3(x=37.1875, y=7.625, z=4.6875)",[0. 0. 0. 0. 0. 0. 0. 0. 0.],"geometry_msgs.msg.Vector3(x=-0.08349609375, y=0.87744140625, z=0.3662109375)",[0. 0. 0. 0. 0. 0. 0. 0. 0.],False,16.90249849,"[0.7173229480101293, 0.4514397994794857, 0.32496829264856436, 0.4195777692836648]","[37.1875, 7.625, 4.6875]","[-0.08349609375, 0.87744140625, 0.3662109375]"
16918935466,"std_msgs.msg.Header(stamp=builtin_interfaces.msg.Time(sec=1730346433, nanosec=261718246), frame_id='RU_myo')","geometry_msgs.msg.Quaternion(x=0.7133027907430538, y=0.455717836358689, z=0.3284513363844235, w=0.4190943831286846)",[0. 0. 0. 0. 0. 0. 0. 0. 0.],"geometry_msgs.msg.Vector3(x=37.6875, y=9.6875, z=7.8125)",[0. 0. 0. 0. 0. 0. 0. 0. 0.],"geometry_msgs.msg.Vector3(x=-0.1064453125, y=0.90234375, z=0.3671875)",[0. 0. 0. 0. 0. 0. 0. 0. 0.],False,16.918935466,"[0.7133027907430538, 0.455717836358689, 0.3284513363844235, 0.4190943831286846]","[37.6875, 9.6875, 7.8125]","[-0.1064453125, 0.90234375, 0.3671875]"
16941455857,"std_msgs.msg.Header(stamp=builtin_interfaces.msg.Time(sec=1730346433, nanosec=284286432), frame_id='RU_myo')","geometry_msgs.msg.Quaternion(x=0.709621545846112, y=0.4590627598751599, z=0.3322269115809726, w=0.4187169967748433)",[0. 0. 0. 0. 0. 0. 0. 0. 0.],"geometry_msgs.msg.Vector3(x=35.375, y=13.0625, z=4.8125)",[0. 0. 0. 0. 0. 0. 0. 0. 0.],"geometry_msgs.msg.Vector3(x=-0.103515625, y=0.93017578125, z=0.392578125)",[0. 0. 0. 0. 0. 0. 0. 0. 0.],False,16.941455857,"[0.709621545846112, 0.4590627598751599, 0.3322269115809726, 0.4187169967748433]","[35.375, 13.0625, 4.8125]","[-0.103515625, 0.93017578125, 0.392578125]"
16962371966,"std_msgs.msg.Header(stamp=builtin_interfaces.msg.Time(sec=1730346433, nanosec=305286934), frame_id='RU_myo')","geometry_msgs.msg.Quaternion(x=0.7070136651744237, y=0.46078271245806135, z=0.33553087433858303, w=0.41860482739930915)",[0. 0. 0. 0. 0. 0. 0. 0. 0.],"geometry_msgs.msg.Vector3(x=22.75, y=14.0, z=0.4375)",[0. 0. 0. 0. 0. 0. 0. 0. 0.],"geometry_msgs.msg.Vector3(x=-0.08740234375, y=0.92333984375, z=0.3623046875)",[0. 0. 0. 0. 0. 0. 0. 0. 0.],False,16.962371966,"[0.7070136651744237, 0.46078271245806135, 0.33553087433858303, 0.41860482739930915]","[22.75, 14.0, 0.4375]","[-0.08740234375, 0.92333984375, 0.3623046875]"
16978895294,"std_msgs.msg.Header(stamp=builtin_interfaces.msg.Time(sec=1730346433, nanosec=321773902), frame_id='RU_myo')","geometry_msgs.msg.Quaternion(x=0.7046452637892573, y=0.4617672748237813, z=0.33852760160908013, w=0.419100344869806)",[0. 0. 0. 0. 0. 0. 0. 0. 0.],"geometry_msgs.msg.Vector3(x=12.3125, y=15.0625, z=1.8125)",[0. 0. 0. 0. 0. 0. 0. 0. 0.],"geometry_msgs.msg.Vector3(x=-0.0888671875, y=0.9033203125, z=0.2666015625)",[0. 0. 0. 0. 0. 0. 0. 0. 0.],False,16.978895294,"[0.7046452637892573, 0.4617672748237813, 0.33852760160908013, 0.419100344869806]","[12.3125, 15.0625, 1.8125]","[-0.0888671875, 0.9033203125, 0.2666015625]"
17001452425,"std_msgs.msg.Header(stamp=builtin_interfaces.msg.Time(sec=1730346433, nanosec=344295303), frame_id='RU_myo')","geometry_msgs.msg.Quaternion(x=0.7024307655200479, y=0.4626105988769937, z=0.34144922682648143, w=0.41951743582023715)",[0. 0. 0. 0. 0. 0. 0. 0. 0.],"geometry_msgs.msg.Vector3(x=9.5625, y=13.5, z=3.75)",[0. 0. 0. 0. 0. 0. 0. 0. 0.],"geometry_msgs.msg.Vector3(x=-0.1337890625, y=0.90478515625, z=0.24072265625)",[0. 0. 0. 0. 0. 0. 0. 0. 0.],False,17.001452425,"[0.7024307655200479, 0.4626105988769937, 0.34144922682648143, 0.41951743582023715]","[9.5625, 13.5, 3.75]","[-0.1337890625, 0.90478515625, 0.24072265625]"
17022389471,"std_msgs.msg.Header(stamp=builtin_interfaces.msg.Time(sec=1730346433, nanosec=365307643), frame_id='RU_myo')","geometry_msgs.msg.Quaternion(x=0.7002462320147819, y=0.46414507917018843, z=0.34383603773877847, w=0.419525135341492)",[0. 0. 0. 0. 0. 0. 0. 0. 0.],"geometry_msgs.msg.Vector3(x=14.6875, y=9.8125, z=2.1875)",[0. 0. 0. 0. 0. 0. 0. 0. 0.],"geometry_msgs.msg.Vector3(x=-0.0908203125, y=0.916015625, z=0.27685546875)",[0. 0. 0. 0. 0. 0. 0. 0. 0.],False,17.022389471,"[0.7002462320147819, 0.46414507917018843, 0.34383603773877847, 0.419525135341492]","[14.6875, 9.8125, 2.1875]","[-0.0908203125, 0.916015625, 0.27685546875]"
17038931529,"std_msgs.msg.Header(stamp=builtin_interfaces.msg.Time(sec=1730346433, nanosec=381782236), frame_id='RU_myo')","geometry_msgs.msg.Quaternion(x=0.6981208475545043, y=0.4657394480056718, z=0.34628307844510825, w=0.4192875843186054)",[0. 0. 0. 0. 0. 0. 0. 0. 0.],"geometry_msgs.msg.Vector3(x=14.75, y=9.625, z=-0.0625)",[0. 0. 0. 0. 0. 0. 0. 0. 0.],"geometry_msgs.msg.Vector3(x=-0.0810546875, y=0.9287109375, z=0.26708984375)",[0. 0. 0. 0. 0. 0. 0. 0. 0.],False,17.038931529,"[0.6981208475545043, 0.4657394480056718, 0.34628307844510825, 0.4192875843186054]","[14.75, 9.625, -0.0625]","[-0.0810546875, 0.9287109375, 0.26708984375]"
17061383288,"std_msgs.msg.Header(stamp=builtin_interfaces.msg.Time(sec=1730346433, nanosec=404329429), frame_id='RU_myo')","geometry_msgs.msg.Quaternion(x=0.6968776962235548, y=0.46664009701577264, z=0.34810313581176605, w=0.4188468732141572)",[0. 0. 0. 0. 0. 0. 0. 0. 0.],"geometry_msgs.msg.Vector3(x=8.1875, y=5.4375, z=-0.5625)",[0. 0. 0. 0. 0. 0. 0. 0. 0.],"geometry_msgs.msg.Vector3(x=-0.1064453125, y=0.89453125, z=0.24609375)",[0. 0. 0. 0. 0. 0. 0. 0. 0.],False,17.061383288,"[0.6968776962235548, 0.46664009701577264, 0.34810313581176605, 0.4188468732141572]","[8.1875, 5.4375, -0.5625]","[-0.1064453125, 0.89453125, 0.24609375]"
17075782079,"std_msgs.msg.Header(stamp=builtin_interfaces.msg.Time(sec=1730346433, nanosec=418610621), frame_id='RU_myo')","geometry_msgs.msg.Quaternion(x=0.6960291202162888, y=0.4681090347223291, z=0.34877754914635395, w=0.418056953815782)",[0. 0. 0. 0. 0. 0. 0. 0. 0.],"geometry_msgs.msg.Vector3(x=5.25, y=-2.0, z=0.4375)",[0. 0. 0. 0. 0. 0. 0. 0. 0.],"geometry_msgs.msg.Vector3(x=-0.103515625, y=0.9365234375, z=0.22509765625)",[0. 0. 0. 0. 0. 0. 0. 0. 0.],False,17.075782079,"[0.6960291202162888, 0.4681090347223291, 0.34877754914635395, 0.418056953815782]","[5.25, -2.0, 0.4375]","[-0.103515625, 0.9365234375, 0.22509765625]"
17098991487,"std_msgs.msg.Header(stamp=builtin_interfaces.msg.Time(sec=1730346433, nanosec=441778231), frame_id='RU_myo')","geometry_msgs.msg.Quaternion(x=0.6953981290715991, y=0.4699873250110869, z=0.3487672175471884, w=0.4170069356462008)",[0. 0. 0. 0. 0. 0. 0. 0. 0.],"geometry_msgs.msg.Vector3(x=6.8125, y=-6.625, z=0.8125)",[0. 0. 0. 0. 0. 0. 0. 0. 0.],"geometry_msgs.msg.Vector3(x=-0.09228515625, y=0.970703125, z=0.2568359375)",[0. 0. 0. 0. 0. 0. 0. 0. 0.],False,17.098991487,"[0.6953981290715991, 0.4699873250110869, 0.3487672175471884, 0.4170069356462008]","[6.8125, -6.625, 0.8125]","[-0.09228515625, 0.970703125, 0.2568359375]"
17121473147,"std_msgs.msg.Header(stamp=builtin_interfaces.msg.Time(sec=1730346433, nanosec=464290032), frame_id='RU_myo')","geometry_msgs.msg.Quaternion(x=0.6955399935247972, y=0.4709773225131492, z=0.34822778964975587, w=0.41610321508192566)",[0. 0. 0. 0. 0. 0. 0. 0. 0.],"geometry_msgs.msg.Vector3(x=2.1875, y=-6.8125, z=-2.375)",[0. 0. 0. 0. 0. 0. 0. 0. 0.],"geometry_msgs.msg.Vector3(x=-0.06982421875, y=0.97265625, z=0.296875)",[0. 0. 0. 0. 0. 0. 0. 0. 0.],False,17.121473147,"[0.6955399935247972, 0.4709773225131492, 0.34822778964975587, 0.41610321508192566]","[2.1875, -6.8125, -2.375]","[-0.06982421875, 0.97265625, 0.296875]"
17135979255,"std_msgs.msg.Header(stamp=builtin_interfaces.msg.Time(sec=1730346433, nanosec=478695916), frame_id='RU_myo')","geometry_msgs.msg.Quaternion(x=0.6962541170539354, y=0.47102595084642934, z=0.34791342747500936, w=0.41511565267676115)",[0. 0. 0. 0. 0. 0. 0. 0. 0.],"geometry_msgs.msg.Vector3(x=1.125, y=-5.0625, z=-5.5625)",[0. 0. 0. 0. 0. 0. 0. 0. 0.],"geometry_msgs.msg.Vector3(x=-0.08251953125, y=0.982421875, z=0.34912109375)",[0. 0. 0. 0. 0. 0. 0. 0. 0.],False,17.135979255,"[0.6962541170539354, 0.47102595084642934, 0.34791342747500936, 0.41511565267676115]","[1.125, -5.0625, -5.5625]","[-0.08251953125, 0.982421875, 0.34912109375]"
17158984811,"std_msgs.msg.Header(stamp=builtin_interfaces.msg.Time(sec=1730346433, nanosec=501837448), frame_id='RU_myo')","geometry_msgs.msg.Quaternion(x=0.6965552936093663, y=0.47084012748884085, z=0.3485828322645541, w=0.41425874322877404)",[0. 0. 0. 0. 0. 0. 0. 0. 0.],"geometry_msgs.msg.Vector3(x=8.6875, y=1.3125, z=-7.8125)",[0. 0. 0. 0. 0. 0. 0. 0. 0.],"geometry_msgs.msg.Vector3(x=-0.07470703125, y=0.935546875, z=0.41552734375)",[0. 0. 0. 0. 0. 0. 0. 0. 0.],False,17.158984811,"[0.6965552936093663, 0.47084012748884085, 0.3485828322645541, 0.41425874322877404]","[8.6875, 1.3125, -7.8125]","[-0.07470703125, 0.935546875, 0.41552734375]"
17181182194,"std_msgs.msg.Header(stamp=builtin_interfaces.msg.Time(sec=1730346433, nanosec=524209284), frame_id='RU_myo')","geometry_msgs.msg.Quaternion(x=0.6955928029488561, y=0.4714600570355356, z=0.35066520296079134, w=0.4134126056838015)",[0. 0. 0. 0. 0. 0. 0. 0. 0.],"geometry_msgs.msg.Vector3(x=19.8125, y=7.4375, z=-5.8125)",[0. 0. 0. 0. 0. 0. 0. 0. 0.],"geometry_msgs.msg.Vector3(x=-0.0830078125, y=0.8447265625, z=0.39990234375)",[0. 0. 0. 0. 0. 0. 0. 0. 0.],False,17.181182194,"[0.6955928029488561, 0.4714600570355356, 0.35066520296079134, 0.4134126056838015]","[19.8125, 7.4375, -5.8125]","[-0.0830078125, 0.8447265625, 0.39990234375]"
17202338052,"std_msgs.msg.Header(stamp=builtin_interfaces.msg.Time(sec=1730346433, nanosec=545276238), frame_id='RU_myo')","geometry_msgs.msg.Quaternion(x=0.6927181868438351, y=0.47432487707846, z=0.3542024529257886, w=0.4119442279503959)",[0. 0. 0. 0. 0. 0. 0. 0. 0.],"geometry_msgs.msg.Vector3(x=34.9375, y=9.0625, z=-1.75)",[0. 0. 0. 0. 0. 0. 0. 0. 0.],"geometry_msgs.msg.Vector3(x=-0.10595703125, y=0.8623046875, z=0.337890625)",[0. 0. 0. 0. 0. 0. 0. 0. 0.],False,17.202338052,"[0.6927181868438351, 0.47432487707846, 0.3542024529257886, 0.4119442279503959]","[34.9375, 9.0625, -1.75]","[-0.10595703125, 0.8623046875, 0.337890625]"
17218807036,"std_msgs.msg.Header(stamp=builtin_interfaces.msg.Time(sec=1730346433, nanosec=561759921), frame_id='RU_myo')","geometry_msgs.msg.Quaternion(x=0.6889022116328756, y=0.4781906721541686, z=0.35873456474981474, w=0.40994747947247845)",[0. 0. 0. 0. 0. 0. 0. 0. 0.],"geometry_msgs.msg.Vector3(x=40.3125, y=10.5625, z=-1.75)",[0. 0. 0. 0. 0. 0. 0. 0. 0.],"geometry_msgs.msg.Vector3(x=-0.134765625, y=0.9912109375, z=0.29345703125)",[0. 0. 0. 0. 0. 0. 0. 0. 0.],False,17.218807036,"[0.6889022116328756, 0.4781906721541686, 0.35873456474981474, 0.40994747947247845]","[40.3125, 10.5625, -1.75]","[-0.134765625, 0.9912109375, 0.29345703125]"
17241256848,"std_msgs.msg.Header(stamp=builtin_interfaces.msg.Time(sec=1730346433, nanosec=584212145), frame_id='RU_myo')","geometry_msgs.msg.Quaternion(x=0.6861312598674997, y=0.4809816144253979, z=0.3628115122010869, w=0.4077356832946266)",[0. 0. 0. 0. 0. 0. 0. 0. 0.],"geometry_msgs.msg.Vector3(x=33.4375, y=8.6875, z=-5.3125)",[0. 0. 0. 0. 0. 0. 0. 0. 0.],"geometry_msgs.msg.Vector3(x=-0.13525390625, y=0.95947265625, z=0.28662109375)",[0. 0. 0. 0. 0. 0. 0. 0. 0.],False,17.241256848,"[0.6861312598674997, 0.4809816144253979, 0.3628115122010869, 0.4077356832946266]","[33.4375, 8.6875, -5.3125]","[-0.13525390625, 0.95947265625, 0.28662109375]"
17262409831,"std_msgs.msg.Header(stamp=builtin_interfaces.msg.Time(sec=1730346433, nanosec=605255012), frame_id='RU_myo')","geometry_msgs.msg.Quaternion(x=0.6837043578866403, y=0.4834334893725731, z=0.3656881357109956, w=0.40634049731732563)",[0. 0. 0. 0. 0. 0. 0. 0. 0.],"geometry_msgs.msg.Vector3(x=22.5, y=6.5, z=-3.625)",[0. 0. 0. 0. 0. 0. 0. 0. 0.],"geometry_msgs.msg.Vector3(x=-0.09912109375, y=0.95068359375, z=0.21337890625)",[0. 0. 0. 0. 0. 0. 0. 0. 0.],False,17.262409831,"[0.6837043578866403, 0.4834334893725731, 0.3656881357109956, 0.40634049731732563]","[22.5, 6.5, -3.625]","[-0.09912109375, 0.95068359375, 0.21337890625]"
17278864030,"std_msgs.msg.Header(stamp=builtin_interfaces.msg.Time(sec=1730346433, nanosec=621694570), frame_id='RU_myo')","geometry_msgs.msg.Quaternion(x=0.6818039727649521, y=0.4850147150931342, z=0.3684915473215771, w=0.4051148583026846)",[0. 0. 0. 0. 0. 0. 0. 0. 0.],"geometry_msgs.msg.Vector3(x=17.9375, y=7.5625, z=-4.1875)",[0. 0. 0. 0. 0. 0. 0. 0. 0.],"geometry_msgs.msg.Vector3(x=-0.12548828125, y=1.03125, z=0.2353515625)",[0. 0. 0. 0. 0. 0. 0. 0. 0.],False,17.27886403,"[0.6818039727649521, 0.4850147150931342, 0.3684915473215771, 0.4051148583026846]","[17.9375, 7.5625, -4.1875]","[-0.12548828125, 1.03125, 0.2353515625]"
17301345527,"std_msgs.msg.Header(stamp=builtin_interfaces.msg.Time(sec=1730346433, nanosec=644286441), frame_id='RU_myo')","geometry_msgs.msg.Quaternion(x=0.6803171967528566, y=0.48634195439859695, z=0.3718977821474211, w=0.40290452321600634)",[0. 0. 0. 0. 0. 0. 0. 0. 0.],"geometry_msgs.msg.Vector3(x=26.125, y=7.0, z=-9.625)",[0. 0. 0. 0. 0. 0. 0. 0. 0.],"geometry_msgs.msg.Vector3(x=-0.146484375, y=0.94677734375, z=0.3125)",[0. 0. 0. 0. 0. 0. 0. 0. 0.],False,17.301345527,"[0.6803171967528566, 0.48634195439859695, 0.3718977821474211, 0.40290452321600634]","[26.125, 7.0, -9.625]","[-0.146484375, 0.94677734375, 0.3125]"
17322501408,"std_msgs.msg.Header(stamp=builtin_interfaces.msg.Time(sec=1730346433, nanosec=665299182), frame_id='RU_myo')","geometry_msgs.msg.Quaternion(x=0.6786966201255736, y=0.48776550871692226, z=0.37526997216764335, w=0.4007844237561396)",[0. 0. 0. 0. 0. 0. 0. 0. 0.],"geometry_msgs.msg.Vector3(x=29.25, y=7.3125, z=-7.8125)",[0. 0. 0. 0. 0. 0. 0. 0. 0.],"geometry_msgs.msg.Vector3(x=-0.150390625, y=0.8564453125, z=0.31689453125)",[0. 0. 0. 0. 0. 0. 0. 0. 0.],False,17.322501408,"[0.6786966201255736, 0.48776550871692226, 0.37526997216764335, 0.4007844237561396]","[29.25, 7.3125, -7.8125]","[-0.150390625, 0.8564453125, 0.31689453125]"
17346219502,"std_msgs.msg.Header(stamp=builtin_interfaces.msg.Time(sec=1730346433, nanosec=689146106), frame_id='RU_myo')","geometry_msgs.msg.Quaternion(x=0.676741871784605, y=0.49002288686631273, z=0.3783821469462223, w=0.3984030122790761)",[0. 0. 0. 0. 0. 0. 0. 0. 0.],"geometry_msgs.msg.Vector3(x=24.875, y=2.6875, z=-1.75)",[0. 0. 0. 0. 0. 0. 0. 0. 0.],"geometry_msgs.msg.Vector3(x=-0.22802734375, y=0.9873046875, z=0.212890625)",[0. 0. 0. 0. 0. 0. 0. 0. 0.],False,17.346219502,"[0.676741871784605, 0.49002288686631273, 0.3783821469462223, 0.3984030122790761]","[24.875, 2.6875, -1.75]","[-0.22802734375, 0.9873046875, 0.212890625]"
17368886836,"std_msgs.msg.Header(stamp=builtin_interfaces.msg.Time(sec=1730346433, nanosec=711761496), frame_id='RU_myo')","geometry_msgs.msg.Quaternion(x=0.6768734225021241, y=0.4900297444176258, z=0.38119528573593336, w=0.39547866393644715)",[0. 0. 0. 0. 0. 0. 0. 0. 0.],"geometry_msgs.msg.Vector3(x=6.75, y=-0.6875, z=-9.0625)",[0. 0. 0. 0. 0. 0. 0. 0. 0.],"geometry_msgs.msg.Vector3(x=-0.3134765625, y=1.19677734375, z=0.2060546875)",[0. 0. 0. 0. 0. 0. 0. 0. 0.],False,17.368886836,"[0.6768734225021241, 0.4900297444176258, 0.38119528573593336, 0.39547866393644715]","[6.75, -0.6875, -9.0625]","[-0.3134765625, 1.19677734375, 0.2060546875]"
17382453964,"std_msgs.msg.Header(stamp=builtin_interfaces.msg.Time(sec=1730346433, nanosec=725318810), frame_id='RU_myo')","geometry_msgs.msg.Quaternion(x=0.6805121712322352, y=0.48616731938871227, z=0.38295213582483123, w=0.3922909430899251)",[0. 0. 0. 0. 0. 0. 0. 0. 0.],"geometry_msgs.msg.Vector3(x=-18.9375, y=-3.9375, z=-27.3125)",[0. 0. 0. 0. 0. 0. 0. 0. 0.],"geometry_msgs.msg.Vector3(x=-0.265625, y=1.15087890625, z=0.2099609375)",[0. 0. 0. 0. 0. 0. 0. 0. 0.],False,17.382453964,"[0.6805121712322352, 0.48616731938871227, 0.38295213582483123, 0.3922909430899251]","[-18.9375, -3.9375, -27.3125]","[-0.265625, 1.15087890625, 0.2099609375]"
17398142141,"std_msgs.msg.Header(stamp=builtin_interfaces.msg.Time(sec=1730346433, nanosec=741002145), frame_id='RU_myo')","geometry_msgs.msg.Quaternion(x=0.6863045727161566, y=0.47950984731929264, z=0.3830707486985591, w=0.39027316239301896)",[0. 0. 0. 0. 0. 0. 0. 0. 0.],"geometry_msgs.msg.Vector3(x=-35.125, y=-1.9375, z=-37.625)",[0. 0. 0. 0. 0. 0. 0. 0. 0.],"geometry_msgs.msg.Vector3(x=-0.13720703125, y=1.03515625, z=0.30029296875)",[0. 0. 0. 0. 0. 0. 0. 0. 0.],False,17.398142141,"[0.6863045727161566, 0.47950984731929264, 0.3830707486985591, 0.39027316239301896]","[-35.125, -1.9375, -37.625]","[-0.13720703125, 1.03515625, 0.30029296875]"
17421324639,"std_msgs.msg.Header(stamp=builtin_interfaces.msg.Time(sec=1730346433, nanosec=764178054), frame_id='RU_myo')","geometry_msgs.msg.Quaternion(x=0.6918140145106246, y=0.47176905930409546, z=0.38344588310885336, w=0.38961080418398775)",[0. 0. 0. 0. 0. 0. 0. 0. 0.],"geometry_msgs.msg.Vector3(x=-38.125, y=6.875, z=-37.9375)",[0. 0. 0. 0. 0. 0. 0. 0. 0.],"geometry_msgs.msg.Vector3(x=-0.10595703125, y=1.03759765625, z=0.361328125)",[0. 0. 0. 0. 0. 0. 0. 0. 0.],False,17.421324639,"[0.6918140145106246, 0.47176905930409546, 0.38344588310885336, 0.38961080418398775]","[-38.125, 6.875, -37.9375]","[-0.10595703125, 1.03759765625, 0.361328125]"
17442448578,"std_msgs.msg.Header(stamp=builtin_interfaces.msg.Time(sec=1730346433, nanosec=785289094), frame_id='RU_myo')","geometry_msgs.msg.Quaternion(x=0.6965772421575414, y=0.4633471648455921, z=0.38594969349475416, w=0.38875748819675615)",[0. 0. 0. 0. 0. 0. 0. 0. 0.],"geometry_msgs.msg.Vector3(x=-31.75, y=17.5, z=-39.5)",[0. 0. 0. 0. 0. 0. 0. 0. 0.],"geometry_msgs.msg.Vector3(x=-0.17724609375, y=0.962890625, z=0.384765625)",[0. 0. 0. 0. 0. 0. 0. 0. 0.],False,17.442448578,"[0.6965772421575414, 0.4633471648455921, 0.38594969349475416, 0.38875748819675615]","[-31.75, 17.5, -39.5]","[-0.17724609375, 0.962890625, 0.384765625]"
17458192719,"std_msgs.msg.Header(stamp=builtin_interfaces.msg.Time(sec=1730346433, nanosec=801065224), frame_id='RU_myo')","geometry_msgs.msg.Quaternion(x=0.7001058467737966, y=0.4558317753885539, z=0.3900938506304563, w=0.38716402668580574)",[0. 0. 0. 0. 0. 0. 0. 0. 0.],"geometry_msgs.msg.Vector3(x=-18.6875, y=22.0, z=-39.75)",[0. 0. 0. 0. 0. 0. 0. 0. 0.],"geometry_msgs.msg.Vector3(x=-0.2197265625, y=0.90087890625, z=0.3876953125)",[0. 0. 0. 0. 0. 0. 0. 0. 0.],False,17.458192719,"[0.7001058467737966, 0.4558317753885539, 0.3900938506304563, 0.38716402668580574]","[-18.6875, 22.0, -39.75]","[-0.2197265625, 0.90087890625, 0.3876953125]"
17481282238,"std_msgs.msg.Header(stamp=builtin_interfaces.msg.Time(sec=1730346433, nanosec=824179310), frame_id='RU_myo')","geometry_msgs.msg.Quaternion(x=0.7023096527856293, y=0.4493658668353731, z=0.39540778122243236, w=0.38533641908879523)",[0. 0. 0. 0. 0. 0. 0. 0. 0.],"geometry_msgs.msg.Vector3(x=-12.875, y=25.8125, z=-38.125)",[0. 0. 0. 0. 0. 0. 0. 0. 0.],"geometry_msgs.msg.Vector3(x=-0.24365234375, y=0.93115234375, z=0.32373046875)",[0. 0. 0. 0. 0. 0. 0. 0. 0.],False,17.481282238,"[0.7023096527856293, 0.4493658668353731, 0.39540778122243236, 0.38533641908879523]","[-12.875, 25.8125, -38.125]","[-0.24365234375, 0.93115234375, 0.32373046875]"
17503913048,"std_msgs.msg.Header(stamp=builtin_interfaces.msg.Time(sec=1730346433, nanosec=846796819), frame_id='RU_myo')","geometry_msgs.msg.Quaternion(x=0.7040253568159233, y=0.4424726731020139, z=0.4012712585146419, w=0.38411926221975073)",[0. 0. 0. 0. 0. 0. 0. 0. 0.],"geometry_msgs.msg.Vector3(x=-14.625, y=31.75, z=-37.6875)",[0. 0. 0. 0. 0. 0. 0. 0. 0.],"geometry_msgs.msg.Vector3(x=-0.25830078125, y=0.95751953125, z=0.326171875)",[0. 0. 0. 0. 0. 0. 0. 0. 0.],False,17.503913048,"[0.7040253568159233, 0.4424726731020139, 0.4012712585146419, 0.38411926221975073]","[-14.625, 31.75, -37.6875]","[-0.25830078125, 0.95751953125, 0.326171875]"
17518204030,"std_msgs.msg.Header(stamp=builtin_interfaces.msg.Time(sec=1730346433, nanosec=861119948), frame_id='RU_myo')","geometry_msgs.msg.Quaternion(x=0.7057415310057517, y=0.4350302621932185, z=0.4076234167147907, w=0.38278024052387727)",[0. 0. 0. 0. 0. 0. 0. 0. 0.],"geometry_msgs.msg.Vector3(x=-11.9375, y=36.0, z=-42.625)",[0. 0. 0. 0. 0. 0. 0. 0. 0.],"geometry_msgs.msg.Vector3(x=-0.22265625, y=0.84912109375, z=0.34619140625)",[0. 0. 0. 0. 0. 0. 0. 0. 0.],False,17.51820403,"[0.7057415310057517, 0.4350302621932185, 0.4076234167147907, 0.38278024052387727]","[-11.9375, 36.0, -42.625]","[-0.22265625, 0.84912109375, 0.34619140625]"
17541490232,"std_msgs.msg.Header(stamp=builtin_interfaces.msg.Time(sec=1730346433, nanosec=884297577), frame_id='RU_myo')","geometry_msgs.msg.Quaternion(x=0.7064548909325157, y=0.4275108049154432, z=0.41469280533916636, w=0.3823426159323724)",[0. 0. 0. 0. 0. 0. 0. 0. 0.],"geometry_msgs.msg.Vector3(x=-10.4375, y=43.5, z=-37.6875)",[0. 0. 0. 0. 0. 0. 0. 0. 0.],"geometry_msgs.msg.Vector3(x=-0.25048828125, y=0.8466796875, z=0.34521484375)",[0. 0. 0. 0. 0. 0. 0. 0. 0.],False,17.541490232,"[0.7064548909325157, 0.4275108049154432, 0.41469280533916636, 0.3823426159323724]","[-10.4375, 43.5, -37.6875]","[-0.25048828125, 0.8466796875, 0.34521484375]"
17570112994,"std_msgs.msg.Header(stamp=builtin_interfaces.msg.Time(sec=1730346433, nanosec=912850604), frame_id='RU_myo')","geometry_msgs.msg.Quaternion(x=0.7064754253978976, y=0.42032052698202205, z=0.42160236419762215, w=0.3827199686577517)",[0. 0. 0. 0. 0. 0. 0. 0. 0.],"geometry_msgs.msg.Vector3(x=-11.5, y=44.9375, z=-30.875)",[0. 0. 0. 0. 0. 0. 0. 0. 0.],"geometry_msgs.msg.Vector3(x=-0.3017578125, y=0.912109375, z=0.34423828125)",[0. 0. 0. 0. 0. 0. 0. 0. 0.],False,17.570112994,"[0.7064754253978976, 0.42032052698202205, 0.42160236419762215, 0.3827199686577517]","[-11.5, 44.9375, -30.875]","[-0.3017578125, 0.912109375, 0.34423828125]"
17578207236,"std_msgs.msg.Header(stamp=builtin_interfaces.msg.Time(sec=1730346433, nanosec=921144866), frame_id='RU_myo')","geometry_msgs.msg.Quaternion(x=0.7071510782341763, y=0.4122046811666286, z=0.42776994011783404, w=0.3834547322802845)",[0. 0. 0. 0. 0. 0. 0. 0. 0.],"geometry_msgs.msg.Vector3(x=-24.0625, y=42.1875, z=-32.25)",[0. 0. 0. 0. 0. 0. 0. 0. 0.],"geometry_msgs.msg.Vector3(x=-0.314453125, y=0.962890625, z=0.2890625)",[0. 0. 0. 0. 0. 0. 0. 0. 0.],False,17.578207236,"[0.7071510782341763, 0.4122046811666286, 0.42776994011783404, 0.3834547322802845]","[-24.0625, 42.1875, -32.25]","[-0.314453125, 0.962890625, 0.2890625]"
17601329934,"std_msgs.msg.Header(stamp=builtin_interfaces.msg.Time(sec=1730346433, nanosec=944235682), frame_id='RU_myo')","geometry_msgs.msg.Quaternion(x=0.7090328454876192, y=0.4024933353258748, z=0.432890921160313, w=0.384547772604339)",[0. 0. 0. 0. 0. 0. 0. 0. 0.],"geometry_msgs.msg.Vector3(x=-36.125, y=40.4375, z=-37.6875)",[0. 0. 0. 0. 0. 0. 0. 0. 0.],"geometry_msgs.msg.Vector3(x=-0.25927734375, y=0.8681640625, z=0.2802734375)",[0. 0. 0. 0. 0. 0. 0. 0. 0.],False,17.601329934,"[0.7090328454876192, 0.4024933353258748, 0.432890921160313, 0.384547772604339]","[-36.125, 40.4375, -37.6875]","[-0.25927734375, 0.8681640625, 0.2802734375]"
17629951593,"std_msgs.msg.Header(stamp=builtin_interfaces.msg.Time(sec=1730346433, nanosec=972808513), frame_id='RU_myo')","geometry_msgs.msg.Quaternion(x=0.7107325620820367, y=0.3925997800851649, z=0.4376462100762799, w=0.38625177369075303)",[0. 0. 0. 0. 0. 0. 0. 0. 0.],"geometry_msgs.msg.Vector3(x=-36.3125, y=41.875, z=-33.875)",[0. 0. 0. 0. 0. 0. 0. 0. 0.],"geometry_msgs.msg.Vector3(x=-0.25927734375, y=0.79931640625, z=0.29443359375)",[0. 0. 0. 0. 0. 0. 0. 0. 0.],False,17.629951593,"[0.7107325620820367, 0.3925997800851649, 0.4376462100762799, 0.38625177369075303]","[-36.3125, 41.875, -33.875]","[-0.25927734375, 0.79931640625, 0.29443359375]"
17638010255,"std_msgs.msg.Header(stamp=builtin_interfaces.msg.Time(sec=1730346433, nanosec=981042693), frame_id='RU_myo')","geometry_msgs.msg.Quaternion(x=0.7109087660750407, y=0.3844779185632937, z=0.44270810340364647, w=0.3883233081282227)",[0. 0. 0. 0. 0. 0. 0. 0. 0.],"geometry_msgs.msg.Vector3(x=-25.625, y=43.125, z=-22.9375)",[0. 0. 0. 0. 0. 0. 0. 0. 0.],"geometry_msgs.msg.Vector3(x=-0.283203125, y=0.72216796875, z=0.28515625)",[0. 0. 0. 0. 0. 0. 0. 0. 0.],False,17.638010255,"[0.7109087660750407, 0.3844779185632937, 0.44270810340364647, 0.3883233081282227]","[-25.625, 43.125, -22.9375]","[-0.283203125, 0.72216796875, 0.28515625]"
17661377597,"std_msgs.msg.Header(stamp=builtin_interfaces.msg.Time(sec=1730346434, nanosec=4288569), frame_id='RU_myo')","geometry_msgs.msg.Quaternion(x=0.7097027947059414, y=0.37856512709781104, z=0.44808877749516784, w=0.3901625753642709)",[0. 0. 0. 0. 0. 0. 0. 0. 0.],"geometry_msgs.msg.Vector3(x=-10.4375, y=43.75, z=-16.6875)",[0. 0. 0. 0. 0. 0. 0. 0. 0.],"geometry_msgs.msg.Vector3(x=-0.28955078125, y=0.74755859375, z=0.32275390625)",[0. 0. 0. 0. 0. 0. 0. 0. 0.],False,17.661377597,"[0.7097027947059414, 0.37856512709781104, 0.44808877749516784, 0.3901625753642709]","[-10.4375, 43.75, -16.6875]","[-0.28955078125, 0.74755859375, 0.32275390625]"
17683913701,"std_msgs.msg.Header(stamp=builtin_interfaces.msg.Time(sec=1730346434, nanosec=26833180), frame_id='RU_myo')","geometry_msgs.msg.Quaternion(x=0.7076514536111931, y=0.37448819700721725, z=0.4539639317265973, w=0.391030381422695)",[0. 0. 0. 0. 0. 0. 0. 0. 0.],"geometry_msgs.msg.Vector3(x=-2.8125, y=40.25, z=-17.9375)",[0. 0. 0. 0. 0. 0. 0. 0. 0.],"geometry_msgs.msg.Vector3(x=-0.28857421875, y=0.84521484375, z=0.2666015625)",[0. 0. 0. 0. 0. 0. 0. 0. 0.],False,17.683913701,"[0.7076514536111931, 0.37448819700721725, 0.4539639317265973, 0.391030381422695]","[-2.8125, 40.25, -17.9375]","[-0.28857421875, 0.84521484375, 0.2666015625]"
17705091735,"std_msgs.msg.Header(stamp=builtin_interfaces.msg.Time(sec=1730346434, nanosec=47841683), frame_id='RU_myo')","geometry_msgs.msg.Quaternion(x=0.7061609003285759, y=0.36916424282022886, z=0.45889166295014555, w=0.3930305157935604)",[0. 0. 0. 0. 0. 0. 0. 0. 0.],"geometry_msgs.msg.Vector3(x=-16.5625, y=38.6875, z=-14.0625)",[0. 0. 0. 0. 0. 0. 0. 0. 0.],"geometry_msgs.msg.Vector3(x=-0.32666015625, y=0.84375, z=0.228515625)",[0. 0. 0. 0. 0. 0. 0. 0. 0.],False,17.705091735,"[0.7061609003285759, 0.36916424282022886, 0.45889166295014555, 0.3930305157935604]","[-16.5625, 38.6875, -14.0625]","[-0.32666015625, 0.84375, 0.228515625]"
17721489989,"std_msgs.msg.Header(stamp=builtin_interfaces.msg.Time(sec=1730346434, nanosec=64283215), frame_id='RU_myo')","geometry_msgs.msg.Quaternion(x=0.7045703829063189, y=0.3650728112416784, z=0.46255170767253617, w=0.3954090739380693)",[0. 0. 0. 0. 0. 0. 0. 0. 0.],"geometry_msgs.msg.Vector3(x=-11.5625, y=33.625, z=-6.1875)",[0. 0. 0. 0. 0. 0. 0. 0. 0.],"geometry_msgs.msg.Vector3(x=-0.314453125, y=0.798828125, z=0.2705078125)",[0. 0. 0. 0. 0. 0. 0. 0. 0.],False,17.721489989,"[0.7045703829063189, 0.3650728112416784, 0.46255170767253617, 0.3954090739380693]","[-11.5625, 33.625, -6.1875]","[-0.314453125, 0.798828125, 0.2705078125]"
17743981193,"std_msgs.msg.Header(stamp=builtin_interfaces.msg.Time(sec=1730346434, nanosec=86798913), frame_id='RU_myo')","geometry_msgs.msg.Quaternion(x=0.7023831974915112, y=0.3624534132879633, z=0.46567145334689664, w=0.3980395264484353)",[0. 0. 0. 0. 0. 0. 0. 0. 0.],"geometry_msgs.msg.Vector3(x=-4.375, y=31.6875, z=-1.4375)",[0. 0. 0. 0. 0. 0. 0. 0. 0.],"geometry_msgs.msg.Vector3(x=-0.26220703125, y=0.7734375, z=0.2958984375)",[0. 0. 0. 0. 0. 0. 0. 0. 0.],False,17.743981193,"[0.7023831974915112, 0.3624534132879633, 0.46567145334689664, 0.3980395264484353]","[-4.375, 31.6875, -1.4375]","[-0.26220703125, 0.7734375, 0.2958984375]"
17764928727,"std_msgs.msg.Header(stamp=builtin_interfaces.msg.Time(sec=1730346434, nanosec=107758560), frame_id='RU_myo')","geometry_msgs.msg.Quaternion(x=0.6996107985068997, y=0.360425908670672, z=0.4686452373875393, w=0.40125993625757794)",[0. 0. 0. 0. 0. 0. 0. 0. 0.],"geometry_msgs.msg.Vector3(x=-6.0625, y=31.0, z=4.1875)",[0. 0. 0. 0. 0. 0. 0. 0. 0.],"geometry_msgs.msg.Vector3(x=-0.2822265625, y=0.8037109375, z=0.24462890625)",[0. 0. 0. 0. 0. 0. 0. 0. 0.],False,17.764928727,"[0.6996107985068997, 0.360425908670672, 0.4686452373875393, 0.40125993625757794]","[-6.0625, 31.0, 4.1875]","[-0.2822265625, 0.8037109375, 0.24462890625]"
17781441399,"std_msgs.msg.Header(stamp=builtin_interfaces.msg.Time(sec=1730346434, nanosec=124292829), frame_id='RU_myo')","geometry_msgs.msg.Quaternion(x=0.6968856671998879, y=0.3586058767451468, z=0.4710402639731571, w=0.4048126254593725)",[0. 0. 0. 0. 0. 0. 0. 0. 0.],"geometry_msgs.msg.Vector3(x=-6.5, y=27.875, z=10.75)",[0. 0. 0. 0. 0. 0. 0. 0. 0.],"geometry_msgs.msg.Vector3(x=-0.32373046875, y=0.7744140625, z=0.24853515625)",[0. 0. 0. 0. 0. 0. 0. 0. 0.],False,17.781441399,"[0.6968856671998879, 0.3586058767451468, 0.4710402639731571, 0.4048126254593725]","[-6.5, 27.875, 10.75]","[-0.32373046875, 0.7744140625, 0.24853515625]"
17803979775,"std_msgs.msg.Header(stamp=builtin_interfaces.msg.Time(sec=1730346434, nanosec=146811110), frame_id='RU_myo')","geometry_msgs.msg.Quaternion(x=0.6932219442994227, y=0.35884932733435826, z=0.47335882522162753, w=0.40816898314081534)",[0. 0. 0. 0. 0. 0. 0. 0. 0.],"geometry_msgs.msg.Vector3(x=5.5625, y=26.0625, z=17.1875)",[0. 0. 0. 0. 0. 0. 0. 0. 0.],"geometry_msgs.msg.Vector3(x=-0.3046875, y=0.76123046875, z=0.26513671875)",[0. 0. 0. 0. 0. 0. 0. 0. 0.],False,17.803979775,"[0.6932219442994227, 0.35884932733435826, 0.47335882522162753, 0.40816898314081534]","[5.5625, 26.0625, 17.1875]","[-0.3046875, 0.76123046875, 0.26513671875]"
17825086942,"std_msgs.msg.Header(stamp=builtin_interfaces.msg.Time(sec=1730346434, nanosec=167886486), frame_id='RU_myo')","geometry_msgs.msg.Quaternion(x=0.6892008899858759, y=0.35934156756238167, z=0.4756224723027141, w=0.4118968741143114)",[0. 0. 0. 0. 0. 0. 0. 0. 0.],"geometry_msgs.msg.Vector3(x=4.0, y=26.0, z=20.75)",[0. 0. 0. 0. 0. 0. 0. 0. 0.],"geometry_msgs.msg.Vector3(x=-0.33447265625, y=0.83447265625, z=0.25048828125)",[0. 0. 0. 0. 0. 0. 0. 0. 0.],False,17.825086942,"[0.6892008899858759, 0.35934156756238167, 0.4756224723027141, 0.4118968741143114]","[4.0, 26.0, 20.75]","[-0.33447265625, 0.83447265625, 0.25048828125]"
17841294325,"std_msgs.msg.Header(stamp=builtin_interfaces.msg.Time(sec=1730346434, nanosec=184219087), frame_id='RU_myo')","geometry_msgs.msg.Quaternion(x=0.6854562162984842, y=0.36036807667197246, z=0.47713368146084156, w=0.41548534856133407)",[0. 0. 0. 0. 0. 0. 0. 0. 0.],"geometry_msgs.msg.Vector3(x=3.0625, y=20.875, z=20.4375)",[0. 0. 0. 0. 0. 0. 0. 0. 0.],"geometry_msgs.msg.Vector3(x=-0.298828125, y=0.84130859375, z=0.232421875)",[0. 0. 0. 0. 0. 0. 0. 0. 0.],False,17.841294325,"[0.6854562162984842, 0.36036807667197246, 0.47713368146084156, 0.41548534856133407]","[3.0625, 20.875, 20.4375]","[-0.298828125, 0.84130859375, 0.232421875]"
17865333171,"std_msgs.msg.Header(stamp=builtin_interfaces.msg.Time(sec=1730346434, nanosec=208257360), frame_id='RU_myo')","geometry_msgs.msg.Quaternion(x=0.6811894017436354, y=0.362873744925261, z=0.4778702353271435, w=0.41945641297332104)",[0. 0. 0. 0. 0. 0. 0. 0. 0.],"geometry_msgs.msg.Vector3(x=9.5625, y=17.6875, z=28.4375)",[0. 0. 0. 0. 0. 0. 0. 0. 0.],"geometry_msgs.msg.Vector3(x=-0.2666015625, y=0.7900390625, z=0.2470703125)",[0. 0. 0. 0. 0. 0. 0. 0. 0.],False,17.865333171,"[0.6811894017436354, 0.362873744925261, 0.4778702353271435, 0.41945641297332104]","[9.5625, 17.6875, 28.4375]","[-0.2666015625, 0.7900390625, 0.2470703125]"
17884908475,"std_msgs.msg.Header(stamp=builtin_interfaces.msg.Time(sec=1730346434, nanosec=227777782), frame_id='RU_myo')","geometry_msgs.msg.Quaternion(x=0.6767471982964197, y=0.36520054905812926, z=0.4783071205782217, w=0.42410386342234363)",[0. 0. 0. 0. 0. 0. 0. 0. 0.],"geometry_msgs.msg.Vector3(x=6.3125, y=17.375, z=35.1875)",[0. 0. 0. 0. 0. 0. 0. 0. 0.],"geometry_msgs.msg.Vector3(x=-0.3125, y=0.79443359375, z=0.23876953125)",[0. 0. 0. 0. 0. 0. 0. 0. 0.],False,17.884908475,"[0.6767471982964197, 0.36520054905812926, 0.4783071205782217, 0.42410386342234363]","[6.3125, 17.375, 35.1875]","[-0.3125, 0.79443359375, 0.23876953125]"
17901384747,"std_msgs.msg.Header(stamp=builtin_interfaces.msg.Time(sec=1730346434, nanosec=244157699), frame_id='RU_myo')","geometry_msgs.msg.Quaternion(x=0.6730059932812995, y=0.36708308031867726, z=0.4777451396166091, w=0.42903674285999044)",[0. 0. 0. 0. 0. 0. 0. 0. 0.],"geometry_msgs.msg.Vector3(x=-5.0, y=12.0, z=34.25)",[0. 0. 0. 0. 0. 0. 0. 0. 0.],"geometry_msgs.msg.Vector3(x=-0.3212890625, y=0.8994140625, z=0.185546875)",[0. 0. 0. 0. 0. 0. 0. 0. 0.],False,17.901384747,"[0.6730059932812995, 0.36708308031867726, 0.4777451396166091, 0.42903674285999044]","[-5.0, 12.0, 34.25]","[-0.3212890625, 0.8994140625, 0.185546875]"
17923925944,"std_msgs.msg.Header(stamp=builtin_interfaces.msg.Time(sec=1730346434, nanosec=266719816), frame_id='RU_myo')","geometry_msgs.msg.Quaternion(x=0.6698497953517849, y=0.36898505676157645, z=0.4762928697949679, w=0.43393130992854373)",[0. 0. 0. 0. 0. 0. 0. 0. 0.],"geometry_msgs.msg.Vector3(x=-5.75, y=7.9375, z=33.9375)",[0. 0. 0. 0. 0. 0. 0. 0. 0.],"geometry_msgs.msg.Vector3(x=-0.2890625, y=0.873046875, z=0.22412109375)",[0. 0. 0. 0. 0. 0. 0. 0. 0.],False,17.923925944,"[0.6698497953517849, 0.36898505676157645, 0.4762928697949679, 0.43393130992854373]","[-5.75, 7.9375, 33.9375]","[-0.2890625, 0.873046875, 0.22412109375]"
17945016259,"std_msgs.msg.Header(stamp=builtin_interfaces.msg.Time(sec=1730346434, nanosec=287822009), frame_id='RU_myo')","geometry_msgs.msg.Quaternion(x=0.6662823915491448, y=0.37189983617707395, z=0.47462549255094816, w=0.4387356019105215)",[0. 0. 0. 0. 0. 0. 0. 0. 0.],"geometry_msgs.msg.Vector3(x=2.375, y=6.875, z=37.375)",[0. 0. 0. 0. 0. 0. 0. 0. 0.],"geometry_msgs.msg.Vector3(x=-0.25146484375, y=0.79833984375, z=0.2529296875)",[0. 0. 0. 0. 0. 0. 0. 0. 0.],False,17.945016259,"[0.6662823915491448, 0.37189983617707395, 0.47462549255094816, 0.4387356019105215]","[2.375, 6.875, 37.375]","[-0.25146484375, 0.79833984375, 0.2529296875]"
17961603609,"std_msgs.msg.Header(stamp=builtin_interfaces.msg.Time(sec=1730346434, nanosec=304358475), frame_id='RU_myo')","geometry_msgs.msg.Quaternion(x=0.6629481249339529, y=0.37429314999493596, z=0.47262750495935896, w=0.44387798218577534)",[0. 0. 0. 0. 0. 0. 0. 0. 0.],"geometry_msgs.msg.Vector3(x=-8.25, y=4.8125, z=38.9375)",[0. 0. 0. 0. 0. 0. 0. 0. 0.],"geometry_msgs.msg.Vector3(x=-0.29443359375, y=0.921875, z=0.18896484375)",[0. 0. 0. 0. 0. 0. 0. 0. 0.],False,17.961603609,"[0.6629481249339529, 0.37429314999493596, 0.47262750495935896, 0.44387798218577534]","[-8.25, 4.8125, 38.9375]","[-0.29443359375, 0.921875, 0.18896484375]"
17984008490,"std_msgs.msg.Header(stamp=builtin_interfaces.msg.Time(sec=1730346434, nanosec=326822334), frame_id='RU_myo')","geometry_msgs.msg.Quaternion(x=0.6607029050288963, y=0.3762539455467588, z=0.46958494534250733, w=0.44877011804993033)",[0. 0. 0. 0. 0. 0. 0. 0. 0.],"geometry_msgs.msg.Vector3(x=-13.375, y=-1.625, z=35.875)",[0. 0. 0. 0. 0. 0. 0. 0. 0.],"geometry_msgs.msg.Vector3(x=-0.29541015625, y=0.9599609375, z=0.21630859375)",[0. 0. 0. 0. 0. 0. 0. 0. 0.],False,17.98400849,"[0.6607029050288963, 0.3762539455467588, 0.46958494534250733, 0.44877011804993033]","[-13.375, -1.625, 35.875]","[-0.29541015625, 0.9599609375, 0.21630859375]"
18005054310,"std_msgs.msg.Header(stamp=builtin_interfaces.msg.Time(sec=1730346434, nanosec=347787310), frame_id='RU_myo')","geometry_msgs.msg.Quaternion(x=0.6584164115429729, y=0.3789846573904069, z=0.4662689318417327, w=0.45326784760527644)",[0. 0. 0. 0. 0. 0. 0. 0. 0.],"geometry_msgs.msg.Vector3(x=-6.6875, y=-3.625, z=36.25)",[0. 0. 0. 0. 0. 0. 0. 0. 0.],"geometry_msgs.msg.Vector3(x=-0.23095703125, y=0.84375, z=0.23486328125)",[0. 0. 0. 0. 0. 0. 0. 0. 0.],False,18.00505431,"[0.6584164115429729, 0.3789846573904069, 0.4662689318417327, 0.45326784760527644]","[-6.6875, -3.625, 36.25]","[-0.23095703125, 0.84375, 0.23486328125]"
18021453483,"std_msgs.msg.Header(stamp=builtin_interfaces.msg.Time(sec=1730346434, nanosec=364293247), frame_id='RU_myo')","geometry_msgs.msg.Quaternion(x=0.6553680078595476, y=0.38234378329442176, z=0.46291431234113894, w=0.45827540309299464)",[0. 0. 0. 0. 0. 0. 0. 0. 0.],"geometry_msgs.msg.Vector3(x=-3.6875, y=-1.9375, z=40.0625)",[0. 0. 0. 0. 0. 0. 0. 0. 0.],"geometry_msgs.msg.Vector3(x=-0.19580078125, y=0.875, z=0.25)",[0. 0. 0. 0. 0. 0. 0. 0. 0.],False,18.021453483,"[0.6553680078595476, 0.38234378329442176, 0.46291431234113894, 0.45827540309299464]","[-3.6875, -1.9375, 40.0625]","[-0.19580078125, 0.875, 0.25]"
18043922271,"std_msgs.msg.Header(stamp=builtin_interfaces.msg.Time(sec=1730346434, nanosec=386730137), frame_id='RU_myo')","geometry_msgs.msg.Quaternion(x=0.6528082684619305, y=0.38509278781919776, z=0.4594378528950866, w=0.4631001713717314)",[0. 0. 0. 0. 0. 0. 0. 0. 0.],"geometry_msgs.msg.Vector3(x=-8.375, y=-2.875, z=37.375)",[0. 0. 0. 0. 0. 0. 0. 0. 0.],"geometry_msgs.msg.Vector3(x=-0.2109375, y=0.9423828125, z=0.2490234375)",[0. 0. 0. 0. 0. 0. 0. 0. 0.],False,18.043922271,"[0.6528082684619305, 0.38509278781919776, 0.4594378528950866, 0.4631001713717314]","[-8.375, -2.875, 37.375]","[-0.2109375, 0.9423828125, 0.2490234375]"
18065083939,"std_msgs.msg.Header(stamp=builtin_interfaces.msg.Time(sec=1730346434, nanosec=407919485), frame_id='RU_myo')","geometry_msgs.msg.Quaternion(x=0.6507297616866113, y=0.38771554696870414, z=0.4555291446831611, w=0.46767577469682164)",[0. 0. 0. 0. 0. 0. 0. 0. 0.],"geometry_msgs.msg.Vector3(x=-9.0625, y=-5.8125, z=36.9375)",[0. 0. 0. 0. 0. 0. 0. 0. 0.],"geometry_msgs.msg.Vector3(x=-0.20458984375, y=0.9052734375, z=0.2646484375)",[0. 0. 0. 0. 0. 0. 0. 0. 0.],False,18.065083939,"[0.6507297616866113, 0.38771554696870414, 0.4555291446831611, 0.46767577469682164]","[-9.0625, -5.8125, 36.9375]","[-0.20458984375, 0.9052734375, 0.2646484375]"
18081373640,"std_msgs.msg.Header(stamp=builtin_interfaces.msg.Time(sec=1730346434, nanosec=424244060), frame_id='RU_myo')","geometry_msgs.msg.Quaternion(x=0.6484210297705973, y=0.3910791243283646, z=0.4513860034974647, w=0.4720783436172268)",[0. 0. 0. 0. 0. 0. 0. 0. 0.],"geometry_msgs.msg.Vector3(x=-4.8125, y=-7.75, z=37.6875)",[0. 0. 0. 0. 0. 0. 0. 0. 0.],"geometry_msgs.msg.Vector3(x=-0.16064453125, y=0.87939453125, z=0.26904296875)",[0. 0. 0. 0. 0. 0. 0. 0. 0.],False,18.08137364,"[0.6484210297705973, 0.3910791243283646, 0.4513860034974647, 0.4720783436172268]","[-4.8125, -7.75, 37.6875]","[-0.16064453125, 0.87939453125, 0.26904296875]"
18103932658,"std_msgs.msg.Header(stamp=builtin_interfaces.msg.Time(sec=1730346434, nanosec=446740828), frame_id='RU_myo')","geometry_msgs.msg.Quaternion(x=0.645967698858109, y=0.3939408039714859, z=0.44753237910116744, w=0.4767086580442059)",[0. 0. 0. 0. 0. 0. 0. 0. 0.],"geometry_msgs.msg.Vector3(x=-8.4375, y=-5.5, z=37.875)",[0. 0. 0. 0. 0. 0. 0. 0. 0.],"geometry_msgs.msg.Vector3(x=-0.1767578125, y=0.94775390625, z=0.2607421875)",[0. 0. 0. 0. 0. 0. 0. 0. 0.],False,18.103932658,"[0.645967698858109, 0.3939408039714859, 0.44753237910116744, 0.4767086580442059]","[-8.4375, -5.5, 37.875]","[-0.1767578125, 0.94775390625, 0.2607421875]"
18124924322,"std_msgs.msg.Header(stamp=builtin_interfaces.msg.Time(sec=1730346434, nanosec=467743380), frame_id='RU_myo')","geometry_msgs.msg.Quaternion(x=0.6440118442554578, y=0.3963807143014826, z=0.4430137395134217, w=0.48152871190705204)",[0. 0. 0. 0. 0. 0. 0. 0. 0.],"geometry_msgs.msg.Vector3(x=-12.625, y=-7.0625, z=38.1875)",[0. 0. 0. 0. 0. 0. 0. 0. 0.],"geometry_msgs.msg.Vector3(x=-0.17919921875, y=0.99072265625, z=0.291015625)",[0. 0. 0. 0. 0. 0. 0. 0. 0.],False,18.124924322,"[0.6440118442554578, 0.3963807143014826, 0.4430137395134217, 0.48152871190705204]","[-12.625, -7.0625, 38.1875]","[-0.17919921875, 0.99072265625, 0.291015625]"
18147576945,"std_msgs.msg.Header(stamp=builtin_interfaces.msg.Time(sec=1730346434, nanosec=490363631), frame_id='RU_myo')","geometry_msgs.msg.Quaternion(x=0.6425800761321181, y=0.3987207235959908, z=0.4382753820298858, w=0.48582642974594165)",[0. 0. 0. 0. 0. 0. 0. 0. 0.],"geometry_msgs.msg.Vector3(x=-12.5625, y=-9.9375, z=33.625)",[0. 0. 0. 0. 0. 0. 0. 0. 0.],"geometry_msgs.msg.Vector3(x=-0.1298828125, y=0.93115234375, z=0.28662109375)",[0. 0. 0. 0. 0. 0. 0. 0. 0.],False,18.147576945,"[0.6425800761321181, 0.3987207235959908, 0.4382753820298858, 0.48582642974594165]","[-12.5625, -9.9375, 33.625]","[-0.1298828125, 0.93115234375, 0.28662109375]"
18165277212,"std_msgs.msg.Header(stamp=builtin_interfaces.msg.Time(sec=1730346434, nanosec=508135557), frame_id='RU_myo')","geometry_msgs.msg.Quaternion(x=0.6413999522338111, y=0.40060029372958716, z=0.4333173069002498, w=0.4902668839305263)",[0. 0. 0. 0. 0. 0. 0. 0. 0.],"geometry_msgs.msg.Vector3(x=-18.25, y=-10.3125, z=33.8125)",[0. 0. 0. 0. 0. 0. 0. 0. 0.],"geometry_msgs.msg.Vector3(x=-0.14697265625, y=0.98779296875, z=0.2744140625)",[0. 0. 0. 0. 0. 0. 0. 0. 0.],False,18.165277212,"[0.6413999522338111, 0.40060029372958716, 0.4333173069002498, 0.4902668839305263]","[-18.25, -10.3125, 33.8125]","[-0.14697265625, 0.98779296875, 0.2744140625]"
18185043352,"std_msgs.msg.Header(stamp=builtin_interfaces.msg.Time(sec=1730346434, nanosec=527820271), frame_id='RU_myo')","geometry_msgs.msg.Quaternion(x=0.6408315693154496, y=0.40193122049168833, z=0.4280552238888702, w=0.4945249428130082)",[0. 0. 0. 0. 0. 0. 0. 0. 0.],"geometry_msgs.msg.Vector3(x=-19.625, y=-11.5625, z=30.875)",[0. 0. 0. 0. 0. 0. 0. 0. 0.],"geometry_msgs.msg.Vector3(x=-0.1337890625, y=1.00146484375, z=0.32763671875)",[0. 0. 0. 0. 0. 0. 0. 0. 0.],False,18.185043352,"[0.6408315693154496, 0.40193122049168833, 0.4280552238888702, 0.4945249428130082]","[-19.625, -11.5625, 30.875]","[-0.1337890625, 1.00146484375, 0.32763671875]"
18201456383,"std_msgs.msg.Header(stamp=builtin_interfaces.msg.Time(sec=1730346434, nanosec=544298670), frame_id='RU_myo')","geometry_msgs.msg.Quaternion(x=0.6399991110606414, y=0.40389834219249066, z=0.4233699412796003, w=0.49802124436278244)",[0. 0. 0. 0. 0. 0. 0. 0. 0.],"geometry_msgs.msg.Vector3(x=-9.25, y=-11.125, z=28.125)",[0. 0. 0. 0. 0. 0. 0. 0. 0.],"geometry_msgs.msg.Vector3(x=-0.09716796875, y=0.9111328125, z=0.35888671875)",[0. 0. 0. 0. 0. 0. 0. 0. 0.],False,18.201456383,"[0.6399991110606414, 0.40389834219249066, 0.4233699412796003, 0.49802124436278244]","[-9.25, -11.125, 28.125]","[-0.09716796875, 0.9111328125, 0.35888671875]"
18223925953,"std_msgs.msg.Header(stamp=builtin_interfaces.msg.Time(sec=1730346434, nanosec=566788657), frame_id='RU_myo')","geometry_msgs.msg.Quaternion(x=0.6383341231715495, y=0.4065733022036423, z=0.41994059738193346, w=0.500876822981998)",[0. 0. 0. 0. 0. 0. 0. 0. 0.],"geometry_msgs.msg.Vector3(x=-1.0625, y=-9.0625, z=28.75)",[0. 0. 0. 0. 0. 0. 0. 0. 0.],"geometry_msgs.msg.Vector3(x=-0.109375, y=0.9052734375, z=0.33251953125)",[0. 0. 0. 0. 0. 0. 0. 0. 0.],False,18.223925953,"[0.6383341231715495, 0.4065733022036423, 0.41994059738193346, 0.500876822981998]","[-1.0625, -9.0625, 28.75]","[-0.109375, 0.9052734375, 0.33251953125]"
18245154855,"std_msgs.msg.Header(stamp=builtin_interfaces.msg.Time(sec=1730346434, nanosec=587921810), frame_id='RU_myo')","geometry_msgs.msg.Quaternion(x=0.6363947908814013, y=0.40932893416944915, z=0.41689779605984756, w=0.5036345117554615)",[0. 0. 0. 0. 0. 0. 0. 0. 0.],"geometry_msgs.msg.Vector3(x=-3.5625, y=-7.875, z=27.9375)",[0. 0. 0. 0. 0. 0. 0. 0. 0.],"geometry_msgs.msg.Vector3(x=-0.10986328125, y=1.02685546875, z=0.30322265625)",[0. 0. 0. 0. 0. 0. 0. 0. 0.],False,18.245154855,"[0.6363947908814013, 0.40932893416944915, 0.41689779605984756, 0.5036345117554615]","[-3.5625, -7.875, 27.9375]","[-0.10986328125, 1.02685546875, 0.30322265625]"
18260924978,"std_msgs.msg.Header(stamp=builtin_interfaces.msg.Time(sec=1730346434, nanosec=603663083), frame_id='RU_myo')","geometry_msgs.msg.Quaternion(x=0.6349924682829314, y=0.41128321169762494, z=0.41384686484266797, w=0.5063214961460075)",[0. 0. 0. 0. 0. 0. 0. 0. 0.],"geometry_msgs.msg.Vector3(x=-4.625, y=-6.125, z=22.75)",[0. 0. 0. 0. 0. 0. 0. 0. 0.],"geometry_msgs.msg.Vector3(x=-0.0791015625, y=1.06103515625, z=0.36181640625)",[0. 0. 0. 0. 0. 0. 0. 0. 0.],False,18.260924978,"[0.6349924682829314, 0.41128321169762494, 0.41384686484266797, 0.5063214961460075]","[-4.625, -6.125, 22.75]","[-0.0791015625, 1.06103515625, 0.36181640625]"
18284024597,"std_msgs.msg.Header(stamp=builtin_interfaces.msg.Time(sec=1730346434, nanosec=626816350), frame_id='RU_myo')","geometry_msgs.msg.Quaternion(x=0.6341881584146839, y=0.4124359370941308, z=0.41078790241875096, w=0.5088764847645062)",[0. 0. 0. 0. 0. 0. 0. 0. 0.],"geometry_msgs.msg.Vector3(x=-8.875, y=-5.8125, z=19.5625)",[0. 0. 0. 0. 0. 0. 0. 0. 0.],"geometry_msgs.msg.Vector3(x=-0.076171875, y=0.98046875, z=0.34130859375)",[0. 0. 0. 0. 0. 0. 0. 0. 0.],False,18.284024597,"[0.6341881584146839, 0.4124359370941308, 0.41078790241875096, 0.5088764847645062]","[-8.875, -5.8125, 19.5625]","[-0.076171875, 0.98046875, 0.34130859375]"
18304992731,"std_msgs.msg.Header(stamp=builtin_interfaces.msg.Time(sec=1730346434, nanosec=647818591), frame_id='RU_myo')","geometry_msgs.msg.Quaternion(x=0.6337018598508654, y=0.41347489873143534, z=0.40767623983278073, w=0.5111365222877235)",[0. 0. 0. 0. 0. 0. 0. 0. 0.],"geometry_msgs.msg.Vector3(x=-12.5625, y=-7.625, z=18.0)",[0. 0. 0. 0. 0. 0. 0. 0. 0.],"geometry_msgs.msg.Vector3(x=-0.0732421875, y=0.97216796875, z=0.28759765625)",[0. 0. 0. 0. 0. 0. 0. 0. 0.],False,18.304992731,"[0.6337018598508654, 0.41347489873143534, 0.40767623983278073, 0.5111365222877235]","[-12.5625, -7.625, 18.0]","[-0.0732421875, 0.97216796875, 0.28759765625]"
18320783319,"std_msgs.msg.Header(stamp=builtin_interfaces.msg.Time(sec=1730346434, nanosec=663575740), frame_id='RU_myo')","geometry_msgs.msg.Quaternion(x=0.6331538448422138, y=0.4147575798421713, z=0.4049913969466971, w=0.5129077179416873)",[0. 0. 0. 0. 0. 0. 0. 0. 0.],"geometry_msgs.msg.Vector3(x=-7.75, y=-7.6875, z=15.6875)",[0. 0. 0. 0. 0. 0. 0. 0. 0.],"geometry_msgs.msg.Vector3(x=-0.06591796875, y=0.974609375, z=0.31298828125)",[0. 0. 0. 0. 0. 0. 0. 0. 0.],False,18.320783319,"[0.6331538448422138, 0.4147575798421713, 0.4049913969466971, 0.5129077179416873]","[-7.75, -7.6875, 15.6875]","[-0.06591796875, 0.974609375, 0.31298828125]"
18344045763,"std_msgs.msg.Header(stamp=builtin_interfaces.msg.Time(sec=1730346434, nanosec=686785629), frame_id='RU_myo')","geometry_msgs.msg.Quaternion(x=0.6320639071652188, y=0.41689970892693806, z=0.40316582393300526, w=0.5139524962173966)",[0. 0. 0. 0. 0. 0. 0. 0. 0.],"geometry_msgs.msg.Vector3(x=3.25, y=-7.25, z=14.3125)",[0. 0. 0. 0. 0. 0. 0. 0. 0.],"geometry_msgs.msg.Vector3(x=-0.0517578125, y=0.94384765625, z=0.34033203125)",[0. 0. 0. 0. 0. 0. 0. 0. 0.],False,18.344045763,"[0.6320639071652188, 0.41689970892693806, 0.40316582393300526, 0.5139524962173966]","[3.25, -7.25, 14.3125]","[-0.0517578125, 0.94384765625, 0.34033203125]"
18365270348,"std_msgs.msg.Header(stamp=builtin_interfaces.msg.Time(sec=1730346434, nanosec=707955367), frame_id='RU_myo')","geometry_msgs.msg.Quaternion(x=0.6304876734093956, y=0.4199588724035862, z=0.40213503653994565, w=0.5142054565592747)",[0. 0. 0. 0. 0. 0. 0. 0. 0.],"geometry_msgs.msg.Vector3(x=11.5, y=-7.75, z=12.625)",[0. 0. 0. 0. 0. 0. 0. 0. 0.],"geometry_msgs.msg.Vector3(x=-0.03857421875, y=0.92138671875, z=0.32080078125)",[0. 0. 0. 0. 0. 0. 0. 0. 0.],False,18.365270348,"[0.6304876734093956, 0.4199588724035862, 0.40213503653994565, 0.5142054565592747]","[11.5, -7.75, 12.625]","[-0.03857421875, 0.92138671875, 0.32080078125]"
18380795478,"std_msgs.msg.Header(stamp=builtin_interfaces.msg.Time(sec=1730346434, nanosec=723562141), frame_id='RU_myo')","geometry_msgs.msg.Quaternion(x=0.6285157252105958, y=0.4232425015645598, z=0.401329600200026, w=0.5145564303705277)",[0. 0. 0. 0. 0. 0. 0. 0. 0.],"geometry_msgs.msg.Vector3(x=13.75, y=-6.0, z=13.4375)",[0. 0. 0. 0. 0. 0. 0. 0. 0.],"geometry_msgs.msg.Vector3(x=-0.0205078125, y=0.94775390625, z=0.32763671875)",[0. 0. 0. 0. 0. 0. 0. 0. 0.],False,18.380795478,"[0.6285157252105958, 0.4232425015645598, 0.401329600200026, 0.5145564303705277]","[13.75, -6.0, 13.4375]","[-0.0205078125, 0.94775390625, 0.32763671875]"
18404018163,"std_msgs.msg.Header(stamp=builtin_interfaces.msg.Time(sec=1730346434, nanosec=746773439), frame_id='RU_myo')","geometry_msgs.msg.Quaternion(x=0.6265607819867626, y=0.4261101625961607, z=0.40041293032958236, w=0.5152874935735265)",[0. 0. 0. 0. 0. 0. 0. 0. 0.],"geometry_msgs.msg.Vector3(x=12.0625, y=-4.3125, z=13.6875)",[0. 0. 0. 0. 0. 0. 0. 0. 0.],"geometry_msgs.msg.Vector3(x=-0.01513671875, y=0.95556640625, z=0.33837890625)",[0. 0. 0. 0. 0. 0. 0. 0. 0.],False,18.404018163,"[0.6265607819867626, 0.4261101625961607, 0.40041293032958236, 0.5152874935735265]","[12.0625, -4.3125, 13.6875]","[-0.01513671875, 0.95556640625, 0.33837890625]"
18432459820,"std_msgs.msg.Header(stamp=builtin_interfaces.msg.Time(sec=1730346434, nanosec=775286837), frame_id='RU_myo')","geometry_msgs.msg.Quaternion(x=0.6256981262915974, y=0.42787473078764005, z=0.39894283030356853, w=0.5160132630640099)",[0. 0. 0. 0. 0. 0. 0. 0. 0.],"geometry_msgs.msg.Vector3(x=-0.9375, y=-7.1875, z=12.6875)",[0. 0. 0. 0. 0. 0. 0. 0. 0.],"geometry_msgs.msg.Vector3(x=-0.0615234375, y=1.044921875, z=0.296875)",[0. 0. 0. 0. 0. 0. 0. 0. 0.],False,18.43245982,"[0.6256981262915974, 0.42787473078764005, 0.39894283030356853, 0.5160132630640099]","[-0.9375, -7.1875, 12.6875]","[-0.0615234375, 1.044921875, 0.296875]"
18440540930,"std_msgs.msg.Header(stamp=builtin_interfaces.msg.Time(sec=1730346434, nanosec=783471466), frame_id='RU_myo')","geometry_msgs.msg.Quaternion(x=0.6269850057956581, y=0.4276950871894642, z=0.3958331155164372, w=0.5169940614378139)",[0. 0. 0. 0. 0. 0. 0. 0. 0.],"geometry_msgs.msg.Vector3(x=-20.1875, y=-11.875, z=8.375)",[0. 0. 0. 0. 0. 0. 0. 0. 0.],"geometry_msgs.msg.Vector3(x=-0.08154296875, y=1.01318359375, z=0.27197265625)",[0. 0. 0. 0. 0. 0. 0. 0. 0.],False,18.44054093,"[0.6269850057956581, 0.4276950871894642, 0.3958331155164372, 0.5169940614378139]","[-20.1875, -11.875, 8.375]","[-0.08154296875, 1.01318359375, 0.27197265625]"
18464379566,"std_msgs.msg.Header(stamp=builtin_interfaces.msg.Time(sec=1730346434, nanosec=807152753), frame_id='RU_myo')","geometry_msgs.msg.Quaternion(x=0.628872974516231, y=0.42775325685817206, z=0.3918019628670957, w=0.5177230486117317)",[0. 0. 0. 0. 0. 0. 0. 0. 0.],"geometry_msgs.msg.Vector3(x=-18.0625, y=-16.3125, z=5.1875)",[0. 0. 0. 0. 0. 0. 0. 0. 0.],"geometry_msgs.msg.Vector3(x=-0.02099609375, y=0.91064453125, z=0.3134765625)",[0. 0. 0. 0. 0. 0. 0. 0. 0.],False,18.464379566,"[0.628872974516231, 0.42775325685817206, 0.3918019628670957, 0.5177230486117317]","[-18.0625, -16.3125, 5.1875]","[-0.02099609375, 0.91064453125, 0.3134765625]"
18485149873,"std_msgs.msg.Header(stamp=builtin_interfaces.msg.Time(sec=1730346434, nanosec=827865159), frame_id='RU_myo')","geometry_msgs.msg.Quaternion(x=0.6298009747906421, y=0.4286162478173957, z=0.3889408617334727, w=0.5180384641450068)",[0. 0. 0. 0. 0. 0. 0. 0. 0.],"geometry_msgs.msg.Vector3(x=-6.125, y=-13.75, z=6.0625)",[0. 0. 0. 0. 0. 0. 0. 0. 0.],"geometry_msgs.msg.Vector3(x=-0.02197265625, y=0.8935546875, z=0.34814453125)",[0. 0. 0. 0. 0. 0. 0. 0. 0.],False,18.485149873,"[0.6298009747906421, 0.4286162478173957, 0.3889408617334727, 0.5180384641450068]","[-6.125, -13.75, 6.0625]","[-0.02197265625, 0.8935546875, 0.34814453125]"
18500869406,"std_msgs.msg.Header(stamp=builtin_interfaces.msg.Time(sec=1730346434, nanosec=843598680), frame_id='RU_myo')","geometry_msgs.msg.Quaternion(x=0.6300996555006189, y=0.42934427751538823, z=0.3866784188313882, w=0.5187655693209106)",[0. 0. 0. 0. 0. 0. 0. 0. 0.],"geometry_msgs.msg.Vector3(x=-4.5625, y=-9.0625, z=8.8125)",[0. 0. 0. 0. 0. 0. 0. 0. 0.],"geometry_msgs.msg.Vector3(x=-0.0458984375, y=0.93310546875, z=0.35546875)",[0. 0. 0. 0. 0. 0. 0. 0. 0.],False,18.500869406,"[0.6300996555006189, 0.42934427751538823, 0.3866784188313882, 0.5187655693209106]","[-4.5625, -9.0625, 8.8125]","[-0.0458984375, 0.93310546875, 0.35546875]"
18531440171,"std_msgs.msg.Header(stamp=builtin_interfaces.msg.Time(sec=1730346434, nanosec=874204596), frame_id='RU_myo')","geometry_msgs.msg.Quaternion(x=0.6301797810935473, y=0.4300897653608228, z=0.38528620479101805, w=0.5190864837678735)",[0. 0. 0. 0. 0. 0. 0. 0. 0.],"geometry_msgs.msg.Vector3(x=-2.6875, y=-6.75, z=6.0625)",[0. 0. 0. 0. 0. 0. 0. 0. 0.],"geometry_msgs.msg.Vector3(x=-0.041015625, y=0.9951171875, z=0.34619140625)",[0. 0. 0. 0. 0. 0. 0. 0. 0.],False,18.531440171,"[0.6301797810935473, 0.4300897653608228, 0.38528620479101805, 0.5190864837678735]","[-2.6875, -6.75, 6.0625]","[-0.041015625, 0.9951171875, 0.34619140625]"
18546381066,"std_msgs.msg.Header(stamp=builtin_interfaces.msg.Time(sec=1730346434, nanosec=889182365), frame_id='RU_myo')","geometry_msgs.msg.Quaternion(x=0.6307711627715358, y=0.4305040653210414, z=0.38362654906319943, w=0.5192539463612789)",[0. 0. 0. 0. 0. 0. 0. 0. 0.],"geometry_msgs.msg.Vector3(x=-3.125, y=-7.875, z=3.625)",[0. 0. 0. 0. 0. 0. 0. 0. 0.],"geometry_msgs.msg.Vector3(x=-0.03369140625, y=0.9306640625, z=0.36474609375)",[0. 0. 0. 0. 0. 0. 0. 0. 0.],False,18.546381066,"[0.6307711627715358, 0.4305040653210414, 0.38362654906319943, 0.5192539463612789]","[-3.125, -7.875, 3.625]","[-0.03369140625, 0.9306640625, 0.36474609375]"
18561516704,"std_msgs.msg.Header(stamp=builtin_interfaces.msg.Time(sec=1730346434, nanosec=904288751), frame_id='RU_myo')","geometry_msgs.msg.Quaternion(x=0.6313551238342116, y=0.43091329991004773, z=0.38190148973614285, w=0.5194763591408521)",[0. 0. 0. 0. 0. 0. 0. 0. 0.],"geometry_msgs.msg.Vector3(x=-5.75, y=-7.9375, z=2.9375)",[0. 0. 0. 0. 0. 0. 0. 0. 0.],"geometry_msgs.msg.Vector3(x=-0.015625, y=0.91552734375, z=0.3251953125)",[0. 0. 0. 0. 0. 0. 0. 0. 0.],False,18.561516704,"[0.6313551238342116, 0.43091329991004773, 0.38190148973614285, 0.5194763591408521]","[-5.75, -7.9375, 2.9375]","[-0.015625, 0.91552734375, 0.3251953125]"
18583940349,"std_msgs.msg.Header(stamp=builtin_interfaces.msg.Time(sec=1730346434, nanosec=926682380), frame_id='RU_myo')","geometry_msgs.msg.Quaternion(x=0.6322396490801682, y=0.43001818186616964, z=0.37966119108695173, w=0.5207828428221659)",[0. 0. 0. 0. 0. 0. 0. 0. 0.],"geometry_msgs.msg.Vector3(x=-13.625, y=-4.125, z=5.4375)",[0. 0. 0. 0. 0. 0. 0. 0. 0.],"geometry_msgs.msg.Vector3(x=-0.03076171875, y=0.90185546875, z=0.34912109375)",[0. 0. 0. 0. 0. 0. 0. 0. 0.],False,18.583940349,"[0.6322396490801682, 0.43001818186616964, 0.37966119108695173, 0.5207828428221659]","[-13.625, -4.125, 5.4375]","[-0.03076171875, 0.90185546875, 0.34912109375]"
18612538249,"std_msgs.msg.Header(stamp=builtin_interfaces.msg.Time(sec=1730346434, nanosec=955332628), frame_id='RU_myo')","geometry_msgs.msg.Quaternion(x=0.6325390620756656, y=0.4292817932623908, z=0.37807072763646365, w=0.5221819623716413)",[0. 0. 0. 0. 0. 0. 0. 0. 0.],"geometry_msgs.msg.Vector3(x=-6.25, y=-0.625, z=6.3125)",[0. 0. 0. 0. 0. 0. 0. 0. 0.],"geometry_msgs.msg.Vector3(x=-0.025390625, y=0.927734375, z=0.41455078125)",[0. 0. 0. 0. 0. 0. 0. 0. 0.],False,18.612538249,"[0.6325390620756656, 0.4292817932623908, 0.37807072763646365, 0.5221819623716413]","[-6.25, -0.625, 6.3125]","[-0.025390625, 0.927734375, 0.41455078125]"
18628851516,"std_msgs.msg.Header(stamp=builtin_interfaces.msg.Time(sec=1730346434, nanosec=971688931), frame_id='RU_myo')","geometry_msgs.msg.Quaternion(x=0.6322481351402737, y=0.4289862805334856, z=0.3771026239521733, w=0.5234755751074519)",[0. 0. 0. 0. 0. 0. 0. 0. 0.],"geometry_msgs.msg.Vector3(x=-2.3125, y=1.6875, z=6.1875)",[0. 0. 0. 0. 0. 0. 0. 0. 0.],"geometry_msgs.msg.Vector3(x=-0.01220703125, y=0.91357421875, z=0.3994140625)",[0. 0. 0. 0. 0. 0. 0. 0. 0.],False,18.628851516,"[0.6322481351402737, 0.4289862805334856, 0.3771026239521733, 0.5234755751074519]","[-2.3125, 1.6875, 6.1875]","[-0.01220703125, 0.91357421875, 0.3994140625]"
18657553717,"std_msgs.msg.Header(stamp=builtin_interfaces.msg.Time(sec=1730346435, nanosec=330660), frame_id='RU_myo')","geometry_msgs.msg.Quaternion(x=0.6323109899480152, y=0.42843815411189484, z=0.37600499064386267, w=0.5246368335363636)",[0. 0. 0. 0. 0. 0. 0. 0. 0.],"geometry_msgs.msg.Vector3(x=-10.1875, y=0.375, z=5.1875)",[0. 0. 0. 0. 0. 0. 0. 0. 0.],"geometry_msgs.msg.Vector3(x=-0.021484375, y=0.95068359375, z=0.32080078125)",[0. 0. 0. 0. 0. 0. 0. 0. 0.],False,18.657553717,"[0.6323109899480152, 0.42843815411189484, 0.37600499064386267, 0.5246368335363636]","[-10.1875, 0.375, 5.1875]","[-0.021484375, 0.95068359375, 0.32080078125]"
18666378015,"std_msgs.msg.Header(stamp=builtin_interfaces.msg.Time(sec=1730346435, nanosec=9227921), frame_id='RU_myo')","geometry_msgs.msg.Quaternion(x=0.6328394952535564, y=0.42793573507163235, z=0.37434458182774516, w=0.5255961510058231)",[0. 0. 0. 0. 0. 0. 0. 0. 0.],"geometry_msgs.msg.Vector3(x=-14.0, y=-3.3125, z=4.6875)",[0. 0. 0. 0. 0. 0. 0. 0. 0.],"geometry_msgs.msg.Vector3(x=-0.021484375, y=0.94287109375, z=0.296875)",[0. 0. 0. 0. 0. 0. 0. 0. 0.],False,18.666378015,"[0.6328394952535564, 0.42793573507163235, 0.37434458182774516, 0.5255961510058231]","[-14.0, -3.3125, 4.6875]","[-0.021484375, 0.94287109375, 0.296875]"
18681550770,"std_msgs.msg.Header(stamp=builtin_interfaces.msg.Time(sec=1730346435, nanosec=24303373), frame_id='RU_myo')","geometry_msgs.msg.Quaternion(x=0.6327111613087105, y=0.4282977251498381, z=0.37269287583937744, w=0.5266285838097198)",[0. 0. 0. 0. 0. 0. 0. 0. 0.],"geometry_msgs.msg.Vector3(x=-2.625, y=-3.5625, z=7.75)",[0. 0. 0. 0. 0. 0. 0. 0. 0.],"geometry_msgs.msg.Vector3(x=-0.00146484375, y=0.82568359375, z=0.3583984375)",[0. 0. 0. 0. 0. 0. 0. 0. 0.],False,18.68155077,"[0.6327111613087105, 0.4282977251498381, 0.37269287583937744, 0.5266285838097198]","[-2.625, -3.5625, 7.75]","[-0.00146484375, 0.82568359375, 0.3583984375]"
18711328022,"std_msgs.msg.Header(stamp=builtin_interfaces.msg.Time(sec=1730346435, nanosec=54231021), frame_id='RU_myo')","geometry_msgs.msg.Quaternion(x=0.6307241626953926, y=0.4311240453999378, z=0.3727700049918477, w=0.5266513186621355)",[0. 0. 0. 0. 0. 0. 0. 0. 0.],"geometry_msgs.msg.Vector3(x=15.875, y=-3.3125, z=9.375)",[0. 0. 0. 0. 0. 0. 0. 0. 0.],"geometry_msgs.msg.Vector3(x=0.02197265625, y=0.8994140625, z=0.34423828125)",[0. 0. 0. 0. 0. 0. 0. 0. 0.],False,18.711328022,"[0.6307241626953926, 0.4311240453999378, 0.3727700049918477, 0.5266513186621355]","[15.875, -3.3125, 9.375]","[0.02197265625, 0.8994140625, 0.34423828125]"
18741384836,"std_msgs.msg.Header(stamp=builtin_interfaces.msg.Time(sec=1730346435, nanosec=84056073), frame_id='RU_myo')","geometry_msgs.msg.Quaternion(x=0.6287093564930987, y=0.4330159393167031, z=0.37380738826832394, w=0.5267729851005284)",[0. 0. 0. 0. 0. 0. 0. 0. 0.],"geometry_msgs.msg.Vector3(x=12.3125, y=3.6875, z=5.375)",[0. 0. 0. 0. 0. 0. 0. 0. 0.],"geometry_msgs.msg.Vector3(x=0.02392578125, y=1.0732421875, z=0.36376953125)",[0. 0. 0. 0. 0. 0. 0. 0. 0.],False,18.741384836,"[0.6287093564930987, 0.4330159393167031, 0.37380738826832394, 0.5267729851005284]","[12.3125, 3.6875, 5.375]","[0.02392578125, 1.0732421875, 0.36376953125]"
18743680902,"std_msgs.msg.Header(stamp=builtin_interfaces.msg.Time(sec=1730346435, nanosec=86541373), frame_id='RU_myo')","geometry_msgs.msg.Quaternion(x=0.6277953930169892, y=0.43320018514745473, z=0.3760668367892728, w=0.5261029161315925)",[0. 0. 0. 0. 0. 0. 0. 0. 0.],"geometry_msgs.msg.Vector3(x=8.9375, y=8.25, z=-5.875)",[0. 0. 0. 0. 0. 0. 0. 0. 0.],"geometry_msgs.msg.Vector3(x=-0.005859375, y=1.22900390625, z=0.41064453125)",[0. 0. 0. 0. 0. 0. 0. 0. 0.],False,18.743680902,"[0.6277953930169892, 0.43320018514745473, 0.3760668367892728, 0.5261029161315925]","[8.9375, 8.25, -5.875]","[-0.005859375, 1.22900390625, 0.41064453125]"
18763878697,"std_msgs.msg.Header(stamp=builtin_interfaces.msg.Time(sec=1730346435, nanosec=106642650), frame_id='RU_myo')","geometry_msgs.msg.Quaternion(x=0.630296759691915, y=0.42965900556569725, z=0.37466216453505463, w=0.5270174533391433)",[0. 0. 0. 0. 0. 0. 0. 0. 0.],"geometry_msgs.msg.Vector3(x=-24.1875, y=2.125, z=-7.8125)",[0. 0. 0. 0. 0. 0. 0. 0. 0.],"geometry_msgs.msg.Vector3(x=-0.02978515625, y=0.904296875, z=0.35302734375)",[0. 0. 0. 0. 0. 0. 0. 0. 0.],False,18.763878697,"[0.630296759691915, 0.42965900556569725, 0.37466216453505463, 0.5270174533391433]","[-24.1875, 2.125, -7.8125]","[-0.02978515625, 0.904296875, 0.35302734375]"
18786437727,"std_msgs.msg.Header(stamp=builtin_interfaces.msg.Time(sec=1730346435, nanosec=129283165), frame_id='RU_myo')","geometry_msgs.msg.Quaternion(x=0.6322455533631298, y=0.4276416631455964, z=0.37282832978779656, w=0.527624113078866)",[0. 0. 0. 0. 0. 0. 0. 0. 0.],"geometry_msgs.msg.Vector3(x=-19.75, y=-2.875, z=-4.5)",[0. 0. 0. 0. 0. 0. 0. 0. 0.],"geometry_msgs.msg.Vector3(x=-0.0009765625, y=0.76953125, z=0.283203125)",[0. 0. 0. 0. 0. 0. 0. 0. 0.],False,18.786437727,"[0.6322455533631298, 0.4276416631455964, 0.37282832978779656, 0.527624113078866]","[-19.75, -2.875, -4.5]","[-0.0009765625, 0.76953125, 0.283203125]"
18825301670,"std_msgs.msg.Header(stamp=builtin_interfaces.msg.Time(sec=1730346435, nanosec=167976349), frame_id='RU_myo')","geometry_msgs.msg.Quaternion(x=0.6307735151927295, y=0.42946801363422143, z=0.3728851755672909, w=0.5278623339836196)",[0. 0. 0. 0. 0. 0. 0. 0. 0.],"geometry_msgs.msg.Vector3(x=12.9375, y=0.875, z=2.5625)",[0. 0. 0. 0. 0. 0. 0. 0. 0.],"geometry_msgs.msg.Vector3(x=0.08544921875, y=0.87353515625, z=0.37353515625)",[0. 0. 0. 0. 0. 0. 0. 0. 0.],False,18.82530167,"[0.6307735151927295, 0.42946801363422143, 0.3728851755672909, 0.5278623339836196]","[12.9375, 0.875, 2.5625]","[0.08544921875, 0.87353515625, 0.37353515625]"
18829731340,"std_msgs.msg.Header(stamp=builtin_interfaces.msg.Time(sec=1730346435, nanosec=172659861), frame_id='RU_myo')","geometry_msgs.msg.Quaternion(x=0.6283302727433125, y=0.43013827783389585, z=0.3735555924994242, w=0.529753102500409)",[0. 0. 0. 0. 0. 0. 0. 0. 0.],"geometry_msgs.msg.Vector3(x=10.6875, y=11.9375, z=9.6875)",[0. 0. 0. 0. 0. 0. 0. 0. 0.],"geometry_msgs.msg.Vector3(x=0.0498046875, y=0.900390625, z=0.40478515625)",[0. 0. 0. 0. 0. 0. 0. 0. 0.],False,18.82973134,"[0.6283302727433125, 0.43013827783389585, 0.3735555924994242, 0.529753102500409]","[10.6875, 11.9375, 9.6875]","[0.0498046875, 0.900390625, 0.40478515625]"
18846848727,"std_msgs.msg.Header(stamp=builtin_interfaces.msg.Time(sec=1730346435, nanosec=189669573), frame_id='RU_myo')","geometry_msgs.msg.Quaternion(x=0.6269760464947833, y=0.42884868600782206, z=0.37446437356361917, w=0.5317577216766504)",[0. 0. 0. 0. 0. 0. 0. 0. 0.],"geometry_msgs.msg.Vector3(x=0.6875, y=13.75, z=9.75)",[0. 0. 0. 0. 0. 0. 0. 0. 0.],"geometry_msgs.msg.Vector3(x=-0.0673828125, y=0.904296875, z=0.392578125)",[0. 0. 0. 0. 0. 0. 0. 0. 0.],False,18.846848727,"[0.6269760464947833, 0.42884868600782206, 0.37446437356361917, 0.5317577216766504]","[0.6875, 13.75, 9.75]","[-0.0673828125, 0.904296875, 0.392578125]"
18867591145,"std_msgs.msg.Header(stamp=builtin_interfaces.msg.Time(sec=1730346435, nanosec=210285100), frame_id='RU_myo')","geometry_msgs.msg.Quaternion(x=0.6258518271827528, y=0.4277742714226794, z=0.3757064270271963, w=0.5330697363490666)",[0. 0. 0. 0. 0. 0. 0. 0. 0.],"geometry_msgs.msg.Vector3(x=-0.0625, y=12.0625, z=6.25)",[0. 0. 0. 0. 0. 0. 0. 0. 0.],"geometry_msgs.msg.Vector3(x=-0.064453125, y=0.89599609375, z=0.33837890625)",[0. 0. 0. 0. 0. 0. 0. 0. 0.],False,18.867591145,"[0.6258518271827528, 0.4277742714226794, 0.3757064270271963, 0.5330697363490666]","[-0.0625, 12.0625, 6.25]","[-0.064453125, 0.89599609375, 0.33837890625]"
18891593334,"std_msgs.msg.Header(stamp=builtin_interfaces.msg.Time(sec=1730346435, nanosec=234357740), frame_id='RU_myo')","geometry_msgs.msg.Quaternion(x=0.6248606316926731, y=0.4266656066749815, z=0.3765522357050015, w=0.5345222772035497)",[0. 0. 0. 0. 0. 0. 0. 0. 0.],"geometry_msgs.msg.Vector3(x=-5.8125, y=12.625, z=2.0625)",[0. 0. 0. 0. 0. 0. 0. 0. 0.],"geometry_msgs.msg.Vector3(x=0.0078125, y=0.95556640625, z=0.3017578125)",[0. 0. 0. 0. 0. 0. 0. 0. 0.],False,18.891593334,"[0.6248606316926731, 0.4266656066749815, 0.3765522357050015, 0.5345222772035497]","[-5.8125, 12.625, 2.0625]","[0.0078125, 0.95556640625, 0.3017578125]"
18906231961,"std_msgs.msg.Header(stamp=builtin_interfaces.msg.Time(sec=1730346435, nanosec=249095144), frame_id='RU_myo')","geometry_msgs.msg.Quaternion(x=0.6250805014439572, y=0.42408547251563466, z=0.3757441233169613, w=0.5368819539792059)",[0. 0. 0. 0. 0. 0. 0. 0. 0.],"geometry_msgs.msg.Vector3(x=-21.6875, y=12.4375, z=-1.375)",[0. 0. 0. 0. 0. 0. 0. 0. 0.],"geometry_msgs.msg.Vector3(x=0.0703125, y=0.99462890625, z=0.31640625)",[0. 0. 0. 0. 0. 0. 0. 0. 0.],False,18.906231961,"[0.6250805014439572, 0.42408547251563466, 0.3757441233169613, 0.5368819539792059]","[-21.6875, 12.4375, -1.375]","[0.0703125, 0.99462890625, 0.31640625]"
18927219825,"std_msgs.msg.Header(stamp=builtin_interfaces.msg.Time(sec=1730346435, nanosec=270169045), frame_id='RU_myo')","geometry_msgs.msg.Quaternion(x=0.6265482817512804, y=0.41975377823707305, z=0.3726329527609904, w=0.5407297835396583)",[0. 0. 0. 0. 0. 0. 0. 0. 0.],"geometry_msgs.msg.Vector3(x=-42.1875, y=10.5625, z=1.75)",[0. 0. 0. 0. 0. 0. 0. 0. 0.],"geometry_msgs.msg.Vector3(x=0.07275390625, y=0.9609375, z=0.2998046875)",[0. 0. 0. 0. 0. 0. 0. 0. 0.],False,18.927219825,"[0.6265482817512804, 0.41975377823707305, 0.3726329527609904, 0.5407297835396583]","[-42.1875, 10.5625, 1.75]","[0.07275390625, 0.9609375, 0.2998046875]"
18943876524,"std_msgs.msg.Header(stamp=builtin_interfaces.msg.Time(sec=1730346435, nanosec=286642963), frame_id='RU_myo')","geometry_msgs.msg.Quaternion(x=0.6292514240133315, y=0.41378362628638804, z=0.36794331011275216, w=0.5453837882975183)",[0. 0. 0. 0. 0. 0. 0. 0. 0.],"geometry_msgs.msg.Vector3(x=-62.625, y=7.875, z=4.3125)",[0. 0. 0. 0. 0. 0. 0. 0. 0.],"geometry_msgs.msg.Vector3(x=0.02734375, y=1.0322265625, z=0.279296875)",[0. 0. 0. 0. 0. 0. 0. 0. 0.],False,18.943876524,"[0.6292514240133315, 0.41378362628638804, 0.36794331011275216, 0.5453837882975183]","[-62.625, 7.875, 4.3125]","[0.02734375, 1.0322265625, 0.279296875]"
18966327861,"std_msgs.msg.Header(stamp=builtin_interfaces.msg.Time(sec=1730346435, nanosec=309149429), frame_id='RU_myo')","geometry_msgs.msg.Quaternion(x=0.6337020015099046, y=0.4070049071535392, z=0.362568858502103, w=0.5489194856076451)",[0. 0. 0. 0. 0. 0. 0. 0. 0.],"geometry_msgs.msg.Vector3(x=-72.0, y=1.0625, z=-3.625)",[0. 0. 0. 0. 0. 0. 0. 0. 0.],"geometry_msgs.msg.Vector3(x=-0.00439453125, y=1.1337890625, z=0.30517578125)",[0. 0. 0. 0. 0. 0. 0. 0. 0.],False,18.966327861,"[0.6337020015099046, 0.4070049071535392, 0.362568858502103, 0.5489194856076451]","[-72.0, 1.0625, -3.625]","[-0.00439453125, 1.1337890625, 0.30517578125]"
18987423949,"std_msgs.msg.Header(stamp=builtin_interfaces.msg.Time(sec=1730346435, nanosec=330162059), frame_id='RU_myo')","geometry_msgs.msg.Quaternion(x=0.6396233512046442, y=0.3996196278592238, z=0.35719781002477125, w=0.5509953231533852)",[0. 0. 0. 0. 0. 0. 0. 0. 0.],"geometry_msgs.msg.Vector3(x=-72.1875, y=-1.8125, z=-19.0)",[0. 0. 0. 0. 0. 0. 0. 0. 0.],"geometry_msgs.msg.Vector3(x=0.0556640625, y=1.1494140625, z=0.37939453125)",[0. 0. 0. 0. 0. 0. 0. 0. 0.],False,18.987423949,"[0.6396233512046442, 0.3996196278592238, 0.35719781002477125, 0.5509953231533852]","[-72.1875, -1.8125, -19.0]","[0.0556640625, 1.1494140625, 0.37939453125]"
19003935980,"std_msgs.msg.Header(stamp=builtin_interfaces.msg.Time(sec=1730346435, nanosec=346667469), frame_id='RU_myo')","geometry_msgs.msg.Quaternion(x=0.6466467904112216, y=0.39119872378190673, z=0.35280521508182566, w=0.5516701615760451)",[0. 0. 0. 0. 0. 0. 0. 0. 0.],"geometry_msgs.msg.Vector3(x=-70.75, y=1.3125, z=-34.625)",[0. 0. 0. 0. 0. 0. 0. 0. 0.],"geometry_msgs.msg.Vector3(x=0.09326171875, y=1.12939453125, z=0.42626953125)",[0. 0. 0. 0. 0. 0. 0. 0. 0.],False,19.00393598,"[0.6466467904112216, 0.39119872378190673, 0.35280521508182566, 0.5516701615760451]","[-70.75, 1.3125, -34.625]","[0.09326171875, 1.12939453125, 0.42626953125]"
19026290963,"std_msgs.msg.Header(stamp=builtin_interfaces.msg.Time(sec=1730346435, nanosec=369141944), frame_id='RU_myo')","geometry_msgs.msg.Quaternion(x=0.6546964818992516, y=0.38179437761325924, z=0.34968824769726015, w=0.5507483084259693)",[0. 0. 0. 0. 0. 0. 0. 0. 0.],"geometry_msgs.msg.Vector3(x=-72.125, y=2.75, z=-47.875)",[0. 0. 0. 0. 0. 0. 0. 0. 0.],"geometry_msgs.msg.Vector3(x=0.06201171875, y=1.15673828125, z=0.4248046875)",[0. 0. 0. 0. 0. 0. 0. 0. 0.],False,19.026290963,"[0.6546964818992516, 0.38179437761325924, 0.34968824769726015, 0.5507483084259693]","[-72.125, 2.75, -47.875]","[0.06201171875, 1.15673828125, 0.4248046875]"
19047445943,"std_msgs.msg.Header(stamp=builtin_interfaces.msg.Time(sec=1730346435, nanosec=390257037), frame_id='RU_myo')","geometry_msgs.msg.Quaternion(x=0.664032224938082, y=0.3719044348329565, z=0.34724508940828647, w=0.5478769419104903)",[0. 0. 0. 0. 0. 0. 0. 0. 0.],"geometry_msgs.msg.Vector3(x=-75.3125, y=-0.5625, z=-60.5)",[0. 0. 0. 0. 0. 0. 0. 0. 0.],"geometry_msgs.msg.Vector3(x=0.025390625, y=1.13232421875, z=0.369140625)",[0. 0. 0. 0. 0. 0. 0. 0. 0.],False,19.047445943,"[0.664032224938082, 0.3719044348329565, 0.34724508940828647, 0.5478769419104903]","[-75.3125, -0.5625, -60.5]","[0.025390625, 1.13232421875, 0.369140625]"
19063810278,"std_msgs.msg.Header(stamp=builtin_interfaces.msg.Time(sec=1730346435, nanosec=406663017), frame_id='RU_myo')","geometry_msgs.msg.Quaternion(x=0.6747923287568219, y=0.3613541914283479, z=0.3449955895190916, w=0.5431910387704169)",[0. 0. 0. 0. 0. 0. 0. 0. 0.],"geometry_msgs.msg.Vector3(x=-80.1875, y=-4.75, z=-74.125)",[0. 0. 0. 0. 0. 0. 0. 0. 0.],"geometry_msgs.msg.Vector3(x=0.00537109375, y=1.07568359375, z=0.3076171875)",[0. 0. 0. 0. 0. 0. 0. 0. 0.],False,19.063810278,"[0.6747923287568219, 0.3613541914283479, 0.3449955895190916, 0.5431910387704169]","[-80.1875, -4.75, -74.125]","[0.00537109375, 1.07568359375, 0.3076171875]"
19087860959,"std_msgs.msg.Header(stamp=builtin_interfaces.msg.Time(sec=1730346435, nanosec=430625755), frame_id='RU_myo')","geometry_msgs.msg.Quaternion(x=0.6872417103006235, y=0.35018258211161535, z=0.3429189029637537, w=0.5361693918892155)",[0. 0. 0. 0. 0. 0. 0. 0. 0.],"geometry_msgs.msg.Vector3(x=-78.5, y=-10.3125, z=-89.8125)",[0. 0. 0. 0. 0. 0. 0. 0. 0.],"geometry_msgs.msg.Vector3(x=-0.00927734375, y=1.00048828125, z=0.3291015625)",[0. 0. 0. 0. 0. 0. 0. 0. 0.],False,19.087860959,"[0.6872417103006235, 0.35018258211161535, 0.3429189029637537, 0.5361693918892155]","[-78.5, -10.3125, -89.8125]","[-0.00927734375, 1.00048828125, 0.3291015625]"
19107533318,"std_msgs.msg.Header(stamp=builtin_interfaces.msg.Time(sec=1730346435, nanosec=450304004), frame_id='RU_myo')","geometry_msgs.msg.Quaternion(x=0.7017503000824709, y=0.33790464132004516, z=0.34052926190833305, w=0.5266942106124765)",[0. 0. 0. 0. 0. 0. 0. 0. 0.],"geometry_msgs.msg.Vector3(x=-69.4375, y=-18.8125, z=-103.0)",[0. 0. 0. 0. 0. 0. 0. 0. 0.],"geometry_msgs.msg.Vector3(x=-0.01806640625, y=0.943359375, z=0.365234375)",[0. 0. 0. 0. 0. 0. 0. 0. 0.],False,19.107533318,"[0.7017503000824709, 0.33790464132004516, 0.34052926190833305, 0.5266942106124765]","[-69.4375, -18.8125, -103.0]","[-0.01806640625, 0.943359375, 0.365234375]"
19124037860,"std_msgs.msg.Header(stamp=builtin_interfaces.msg.Time(sec=1730346435, nanosec=466706102), frame_id='RU_myo')","geometry_msgs.msg.Quaternion(x=0.7168351671621387, y=0.32667760683342695, z=0.33796971394556896, w=0.5149811227304977)",[0. 0. 0. 0. 0. 0. 0. 0. 0.],"geometry_msgs.msg.Vector3(x=-61.6875, y=-27.5625, z=-111.4375)",[0. 0. 0. 0. 0. 0. 0. 0. 0.],"geometry_msgs.msg.Vector3(x=-0.01611328125, y=0.83203125, z=0.4033203125)",[0. 0. 0. 0. 0. 0. 0. 0. 0.],False,19.12403786,"[0.7168351671621387, 0.32667760683342695, 0.33796971394556896, 0.5149811227304977]","[-61.6875, -27.5625, -111.4375]","[-0.01611328125, 0.83203125, 0.4033203125]"
19146238118,"std_msgs.msg.Header(stamp=builtin_interfaces.msg.Time(sec=1730346435, nanosec=489108926), frame_id='RU_myo')","geometry_msgs.msg.Quaternion(x=0.7314228964239073, y=0.3173995711761928, z=0.33601627679325796, w=0.5013692457002399)",[0. 0. 0. 0. 0. 0. 0. 0. 0.],"geometry_msgs.msg.Vector3(x=-46.3125, y=-33.5, z=-115.125)",[0. 0. 0. 0. 0. 0. 0. 0. 0.],"geometry_msgs.msg.Vector3(x=-0.02783203125, y=0.7216796875, z=0.3994140625)",[0. 0. 0. 0. 0. 0. 0. 0. 0.],False,19.146238118,"[0.7314228964239073, 0.3173995711761928, 0.33601627679325796, 0.5013692457002399]","[-46.3125, -33.5, -115.125]","[-0.02783203125, 0.7216796875, 0.3994140625]"
19167490603,"std_msgs.msg.Header(stamp=builtin_interfaces.msg.Time(sec=1730346435, nanosec=510207651), frame_id='RU_myo')","geometry_msgs.msg.Quaternion(x=0.7447959635930707, y=0.31251887670845124, z=0.3350422098149783, w=0.48513672501538485)",[0. 0. 0. 0. 0. 0. 0. 0. 0.],"geometry_msgs.msg.Vector3(x=-18.1875, y=-44.6875, z=-115.6875)",[0. 0. 0. 0. 0. 0. 0. 0. 0.],"geometry_msgs.msg.Vector3(x=-0.06201171875, y=0.67578125, z=0.3544921875)",[0. 0. 0. 0. 0. 0. 0. 0. 0.],False,19.167490603,"[0.7447959635930707, 0.31251887670845124, 0.3350422098149783, 0.48513672501538485]","[-18.1875, -44.6875, -115.6875]","[-0.06201171875, 0.67578125, 0.3544921875]"
19184093912,"std_msgs.msg.Header(stamp=builtin_interfaces.msg.Time(sec=1730346435, nanosec=526868822), frame_id='RU_myo')","geometry_msgs.msg.Quaternion(x=0.7571469502674197, y=0.31252760281918646, z=0.3333424294913237, w=0.4668381067111598)",[0. 0. 0. 0. 0. 0. 0. 0. 0.],"geometry_msgs.msg.Vector3(x=6.1875, y=-63.625, z=-110.5)",[0. 0. 0. 0. 0. 0. 0. 0. 0.],"geometry_msgs.msg.Vector3(x=-0.0888671875, y=0.61328125, z=0.3037109375)",[0. 0. 0. 0. 0. 0. 0. 0. 0.],False,19.184093912,"[0.7571469502674197, 0.31252760281918646, 0.3333424294913237, 0.4668381067111598]","[6.1875, -63.625, -110.5]","[-0.0888671875, 0.61328125, 0.3037109375]"
19206156315,"std_msgs.msg.Header(stamp=builtin_interfaces.msg.Time(sec=1730346435, nanosec=549017518), frame_id='RU_myo')","geometry_msgs.msg.Quaternion(x=0.7686581161353593, y=0.3173392794241033, z=0.3299742536192926, w=0.4467409475101004)",[0. 0. 0. 0. 0. 0. 0. 0. 0.],"geometry_msgs.msg.Vector3(x=27.4375, y=-85.3125, z=-103.875)",[0. 0. 0. 0. 0. 0. 0. 0. 0.],"geometry_msgs.msg.Vector3(x=-0.09521484375, y=0.615234375, z=0.2900390625)",[0. 0. 0. 0. 0. 0. 0. 0. 0.],False,19.206156315,"[0.7686581161353593, 0.3173392794241033, 0.3299742536192926, 0.4467409475101004]","[27.4375, -85.3125, -103.875]","[-0.09521484375, 0.615234375, 0.2900390625]"
19235077077,"std_msgs.msg.Header(stamp=builtin_interfaces.msg.Time(sec=1730346435, nanosec=577770375), frame_id='RU_myo')","geometry_msgs.msg.Quaternion(x=0.7799405911914101, y=0.3271013952257604, z=0.3233170536500939, w=0.42445663414815044)",[0. 0. 0. 0. 0. 0. 0. 0. 0.],"geometry_msgs.msg.Vector3(x=45.375, y=-116.0625, z=-97.625)",[0. 0. 0. 0. 0. 0. 0. 0. 0.],"geometry_msgs.msg.Vector3(x=-0.10107421875, y=0.58447265625, z=0.271484375)",[0. 0. 0. 0. 0. 0. 0. 0. 0.],False,19.235077077,"[0.7799405911914101, 0.3271013952257604, 0.3233170536500939, 0.42445663414815044]","[45.375, -116.0625, -97.625]","[-0.10107421875, 0.58447265625, 0.271484375]"
19243230641,"std_msgs.msg.Header(stamp=builtin_interfaces.msg.Time(sec=1730346435, nanosec=585993717), frame_id='RU_myo')","geometry_msgs.msg.Quaternion(x=0.7911296376265111, y=0.3396223519600269, z=0.31178845683174283, w=0.401943419780154)",[0. 0. 0. 0. 0. 0. 0. 0. 0.],"geometry_msgs.msg.Vector3(x=46.8125, y=-144.5, z=-84.25)",[0. 0. 0. 0. 0. 0. 0. 0. 0.],"geometry_msgs.msg.Vector3(x=-0.046875, y=0.52734375, z=0.26220703125)",[0. 0. 0. 0. 0. 0. 0. 0. 0.],False,19.243230641,"[0.7911296376265111, 0.3396223519600269, 0.31178845683174283, 0.401943419780154]","[46.8125, -144.5, -84.25]","[-0.046875, 0.52734375, 0.26220703125]"
19266183407,"std_msgs.msg.Header(stamp=builtin_interfaces.msg.Time(sec=1730346435, nanosec=609137548), frame_id='RU_myo')","geometry_msgs.msg.Quaternion(x=0.8025516130481278, y=0.35390890268124775, z=0.2934184365623936, w=0.38021706705786346)",[0. 0. 0. 0. 0. 0. 0. 0. 0.],"geometry_msgs.msg.Vector3(x=37.4375, y=-177.875, z=-65.8125)",[0. 0. 0. 0. 0. 0. 0. 0. 0.],"geometry_msgs.msg.Vector3(x=0.0263671875, y=0.50732421875, z=0.2333984375)",[0. 0. 0. 0. 0. 0. 0. 0. 0.],False,19.266183407,"[0.8025516130481278, 0.35390890268124775, 0.2934184365623936, 0.38021706705786346]","[37.4375, -177.875, -65.8125]","[0.0263671875, 0.50732421875, 0.2333984375]"
19288976293,"std_msgs.msg.Header(stamp=builtin_interfaces.msg.Time(sec=1730346435, nanosec=631742909), frame_id='RU_myo')","geometry_msgs.msg.Quaternion(x=0.8139978655038597, y=0.36915560067241626, z=0.26679549116057066, w=0.3604882568735599)",[0. 0. 0. 0. 0. 0. 0. 0. 0.],"geometry_msgs.msg.Vector3(x=20.0625, y=-213.1875, z=-39.0625)",[0. 0. 0. 0. 0. 0. 0. 0. 0.],"geometry_msgs.msg.Vector3(x=0.09765625, y=0.49755859375, z=0.21630859375)",[0. 0. 0. 0. 0. 0. 0. 0. 0.],False,19.288976293,"[0.8139978655038597, 0.36915560067241626, 0.26679549116057066, 0.3604882568735599]","[20.0625, -213.1875, -39.0625]","[0.09765625, 0.49755859375, 0.21630859375]"
19303211300,"std_msgs.msg.Header(stamp=builtin_interfaces.msg.Time(sec=1730346435, nanosec=645958406), frame_id='RU_myo')","geometry_msgs.msg.Quaternion(x=0.8255935454141338, y=0.38124037295997926, z=0.2321867401120335, w=0.3451671964599236)",[0. 0. 0. 0. 0. 0. 0. 0. 0.],"geometry_msgs.msg.Vector3(x=-17.875, y=-234.25, z=-7.5625)",[0. 0. 0. 0. 0. 0. 0. 0. 0.],"geometry_msgs.msg.Vector3(x=0.20556640625, y=0.41455078125, z=0.19287109375)",[0. 0. 0. 0. 0. 0. 0. 0. 0.],False,19.3032113,"[0.8255935454141338, 0.38124037295997926, 0.2321867401120335, 0.3451671964599236]","[-17.875, -234.25, -7.5625]","[0.20556640625, 0.41455078125, 0.19287109375]"
19326078231,"std_msgs.msg.Header(stamp=builtin_interfaces.msg.Time(sec=1730346435, nanosec=669026891), frame_id='RU_myo')","geometry_msgs.msg.Quaternion(x=0.8376514658893635, y=0.3886414693082837, z=0.19117717635833903, w=0.3327898995867383)",[0. 0. 0. 0. 0. 0. 0. 0. 0.],"geometry_msgs.msg.Vector3(x=-57.75, y=-248.3125, z=12.0625)",[0. 0. 0. 0. 0. 0. 0. 0. 0.],"geometry_msgs.msg.Vector3(x=0.3447265625, y=0.4033203125, z=0.17822265625)",[0. 0. 0. 0. 0. 0. 0. 0. 0.],False,19.326078231,"[0.8376514658893635, 0.3886414693082837, 0.19117717635833903, 0.3327898995867383]","[-57.75, -248.3125, 12.0625]","[0.3447265625, 0.4033203125, 0.17822265625]"
19347425123,"std_msgs.msg.Header(stamp=builtin_interfaces.msg.Time(sec=1730346435, nanosec=690280096), frame_id='RU_myo')","geometry_msgs.msg.Quaternion(x=0.8495624362769879, y=0.39227945814729515, z=0.14630369708714275, w=0.32086714042015413)",[0. 0. 0. 0. 0. 0. 0. 0. 0.],"geometry_msgs.msg.Vector3(x=-83.0, y=-257.8125, z=18.5)",[0. 0. 0. 0. 0. 0. 0. 0. 0.],"geometry_msgs.msg.Vector3(x=0.39990234375, y=0.36083984375, z=0.1943359375)",[0. 0. 0. 0. 0. 0. 0. 0. 0.],False,19.347425123,"[0.8495624362769879, 0.39227945814729515, 0.14630369708714275, 0.32086714042015413]","[-83.0, -257.8125, 18.5]","[0.39990234375, 0.36083984375, 0.1943359375]"
19363291981,"std_msgs.msg.Header(stamp=builtin_interfaces.msg.Time(sec=1730346435, nanosec=706005237), frame_id='RU_myo')","geometry_msgs.msg.Quaternion(x=0.8601639903122139, y=0.3949844721338587, z=0.09900553450797693, w=0.30708806665205424)",[0. 0. 0. 0. 0. 0. 0. 0. 0.],"geometry_msgs.msg.Vector3(x=-85.8125, y=-270.875, z=17.0)",[0. 0. 0. 0. 0. 0. 0. 0. 0.],"geometry_msgs.msg.Vector3(x=0.427734375, y=0.32958984375, z=0.30810546875)",[0. 0. 0. 0. 0. 0. 0. 0. 0.],False,19.363291981,"[0.8601639903122139, 0.3949844721338587, 0.09900553450797693, 0.30708806665205424]","[-85.8125, -270.875, 17.0]","[0.427734375, 0.32958984375, 0.30810546875]"
19386261545,"std_msgs.msg.Header(stamp=builtin_interfaces.msg.Time(sec=1730346435, nanosec=729149444), frame_id='RU_myo')","geometry_msgs.msg.Quaternion(x=0.8679168364361683, y=0.39901345803384436, z=0.04730540461621988, w=0.2920116847535431)",[0. 0. 0. 0. 0. 0. 0. 0. 0.],"geometry_msgs.msg.Vector3(x=-79.1875, y=-296.8125, z=26.5625)",[0. 0. 0. 0. 0. 0. 0. 0. 0.],"geometry_msgs.msg.Vector3(x=0.42431640625, y=0.2236328125, z=0.27587890625)",[0. 0. 0. 0. 0. 0. 0. 0. 0.],False,19.386261545,"[0.8679168364361683, 0.39901345803384436, 0.04730540461621988, 0.2920116847535431]","[-79.1875, -296.8125, 26.5625]","[0.42431640625, 0.2236328125, 0.27587890625]"
19415024817,"std_msgs.msg.Header(stamp=builtin_interfaces.msg.Time(sec=1730346435, nanosec=757764342), frame_id='RU_myo')","geometry_msgs.msg.Quaternion(x=0.8698828598616827, y=0.4079311734233124, z=-0.01153658413541913, w=0.277061139633161)",[0. 0. 0. 0. 0. 0. 0. 0. 0.],"geometry_msgs.msg.Vector3(x=-53.0, y=-337.4375, z=53.25)",[0. 0. 0. 0. 0. 0. 0. 0. 0.],"geometry_msgs.msg.Vector3(x=0.5791015625, y=0.2255859375, z=0.32666015625)",[0. 0. 0. 0. 0. 0. 0. 0. 0.],False,19.415024817,"[0.8698828598616827, 0.4079311734233124, -0.01153658413541913, 0.277061139633161]","[-53.0, -337.4375, 53.25]","[0.5791015625, 0.2255859375, 0.32666015625]"
19430162704,"std_msgs.msg.Header(stamp=builtin_interfaces.msg.Time(sec=1730346435, nanosec=772899865), frame_id='RU_myo')","geometry_msgs.msg.Quaternion(x=0.8649554300175815, y=0.42158260921116614, z=-0.073671667774414, w=0.2620929092156866)",[0. 0. 0. 0. 0. 0. 0. 0. 0.],"geometry_msgs.msg.Vector3(x=-15.4375, y=-363.25, z=70.75)",[0. 0. 0. 0. 0. 0. 0. 0. 0.],"geometry_msgs.msg.Vector3(x=0.71826171875, y=0.22900390625, z=0.564453125)",[0. 0. 0. 0. 0. 0. 0. 0. 0.],False,19.430162704,"[0.8649554300175815, 0.42158260921116614, -0.073671667774414, 0.2620929092156866]","[-15.4375, -363.25, 70.75]","[0.71826171875, 0.22900390625, 0.564453125]"
19446049384,"std_msgs.msg.Header(stamp=builtin_interfaces.msg.Time(sec=1730346435, nanosec=789010004), frame_id='RU_myo')","geometry_msgs.msg.Quaternion(x=0.8527474058867204, y=0.4375739855988761, z=-0.14056812509892758, w=0.24817629033966107)",[0. 0. 0. 0. 0. 0. 0. 0. 0.],"geometry_msgs.msg.Vector3(x=4.875, y=-389.9375, z=96.8125)",[0. 0. 0. 0. 0. 0. 0. 0. 0.],"geometry_msgs.msg.Vector3(x=0.86474609375, y=0.29931640625, z=0.4521484375)",[0. 0. 0. 0. 0. 0. 0. 0. 0.],False,19.446049384,"[0.8527474058867204, 0.4375739855988761, -0.14056812509892758, 0.24817629033966107]","[4.875, -389.9375, 96.8125]","[0.86474609375, 0.29931640625, 0.4521484375]"
19467549824,"std_msgs.msg.Header(stamp=builtin_interfaces.msg.Time(sec=1730346435, nanosec=810358983), frame_id='RU_myo')","geometry_msgs.msg.Quaternion(x=0.8339216583977647, y=0.45437804312055047, z=-0.20881613185322448, w=0.23347609013112647)",[0. 0. 0. 0. 0. 0. 0. 0. 0.],"geometry_msgs.msg.Vector3(x=23.0625, y=-407.0625, z=106.5625)",[0. 0. 0. 0. 0. 0. 0. 0. 0.],"geometry_msgs.msg.Vector3(x=0.95166015625, y=0.46142578125, z=0.52099609375)",[0. 0. 0. 0. 0. 0. 0. 0. 0.],False,19.467549824,"[0.8339216583977647, 0.45437804312055047, -0.20881613185322448, 0.23347609013112647]","[23.0625, -407.0625, 106.5625]","[0.95166015625, 0.46142578125, 0.52099609375]"
19483543223,"std_msgs.msg.Header(stamp=builtin_interfaces.msg.Time(sec=1730346435, nanosec=826276039), frame_id='RU_myo')","geometry_msgs.msg.Quaternion(x=0.8086305712033425, y=0.47273881144096375, z=-0.27467071032722234, w=0.21723401290101874)",[0. 0. 0. 0. 0. 0. 0. 0. 0.],"geometry_msgs.msg.Vector3(x=49.375, y=-411.5, z=99.375)",[0. 0. 0. 0. 0. 0. 0. 0. 0.],"geometry_msgs.msg.Vector3(x=1.1337890625, y=0.50244140625, z=0.56494140625)",[0. 0. 0. 0. 0. 0. 0. 0. 0.],False,19.483543223,"[0.8086305712033425, 0.47273881144096375, -0.27467071032722234, 0.21723401290101874]","[49.375, -411.5, 99.375]","[1.1337890625, 0.50244140625, 0.56494140625]"
19514031527,"std_msgs.msg.Header(stamp=builtin_interfaces.msg.Time(sec=1730346435, nanosec=856802578), frame_id='RU_myo')","geometry_msgs.msg.Quaternion(x=0.7769976896776142, y=0.48994190534502824, z=-0.3386318289341244, w=0.20386270883921692)",[0. 0. 0. 0. 0. 0. 0. 0. 0.],"geometry_msgs.msg.Vector3(x=68.5, y=-404.0625, z=114.75)",[0. 0. 0. 0. 0. 0. 0. 0. 0.],"geometry_msgs.msg.Vector3(x=1.29248046875, y=0.3857421875, z=0.478515625)",[0. 0. 0. 0. 0. 0. 0. 0. 0.],False,19.514031527,"[0.7769976896776142, 0.48994190534502824, -0.3386318289341244, 0.20386270883921692]","[68.5, -404.0625, 114.75]","[1.29248046875, 0.3857421875, 0.478515625]"
19536853273,"std_msgs.msg.Header(stamp=builtin_interfaces.msg.Time(sec=1730346435, nanosec=879726937), frame_id='RU_myo')","geometry_msgs.msg.Quaternion(x=0.7442233216070884, y=0.5009911444067072, z=-0.398327023440323, w=0.19098456272521772)",[0. 0. 0. 0. 0. 0. 0. 0. 0.],"geometry_msgs.msg.Vector3(x=49.875, y=-381.25, z=122.375)",[0. 0. 0. 0. 0. 0. 0. 0. 0.],"geometry_msgs.msg.Vector3(x=1.34765625, y=0.62255859375, z=0.4638671875)",[0. 0. 0. 0. 0. 0. 0. 0. 0.],False,19.536853273,"[0.7442233216070884, 0.5009911444067072, -0.398327023440323, 0.19098456272521772]","[49.875, -381.25, 122.375]","[1.34765625, 0.62255859375, 0.4638671875]"
19557559164,"std_msgs.msg.Header(stamp=builtin_interfaces.msg.Time(sec=1730346435, nanosec=900372857), frame_id='RU_myo')","geometry_msgs.msg.Quaternion(x=0.7126291092523662, y=0.5062566023245504, z=-0.4522982183777331, w=0.17689072022384217)",[0. 0. 0. 0. 0. 0. 0. 0. 0.],"geometry_msgs.msg.Vector3(x=25.375, y=-352.875, z=113.0)",[0. 0. 0. 0. 0. 0. 0. 0. 0.],"geometry_msgs.msg.Vector3(x=1.52880859375, y=0.7265625, z=0.40380859375)",[0. 0. 0. 0. 0. 0. 0. 0. 0.],False,19.557559164,"[0.7126291092523662, 0.5062566023245504, -0.4522982183777331, 0.17689072022384217]","[25.375, -352.875, 113.0]","[1.52880859375, 0.7265625, 0.40380859375]"
19566550330,"std_msgs.msg.Header(stamp=builtin_interfaces.msg.Time(sec=1730346435, nanosec=909362577), frame_id='RU_myo')","geometry_msgs.msg.Quaternion(x=0.6845894642043572, y=0.5054462689975286, z=-0.5000139881207288, w=0.16077109920776364)",[0. 0. 0. 0. 0. 0. 0. 0. 0.],"geometry_msgs.msg.Vector3(x=-7.4375, y=-320.9375, z=99.25)",[0. 0. 0. 0. 0. 0. 0. 0. 0.],"geometry_msgs.msg.Vector3(x=1.697265625, y=0.763671875, z=0.458984375)",[0. 0. 0. 0. 0. 0. 0. 0. 0.],False,19.56655033,"[0.6845894642043572, 0.5054462689975286, -0.5000139881207288, 0.16077109920776364]","[-7.4375, -320.9375, 99.25]","[1.697265625, 0.763671875, 0.458984375]"
19591040698,"std_msgs.msg.Header(stamp=builtin_interfaces.msg.Time(sec=1730346435, nanosec=933800763), frame_id='RU_myo')","geometry_msgs.msg.Quaternion(x=0.6612675276349209, y=0.5003147428487582, z=-0.540781825258021, w=0.14129908865376056)",[0. 0. 0. 0. 0. 0. 0. 0. 0.],"geometry_msgs.msg.Vector3(x=-39.625, y=-289.3125, z=77.625)",[0. 0. 0. 0. 0. 0. 0. 0. 0.],"geometry_msgs.msg.Vector3(x=1.53515625, y=0.8603515625, z=0.55029296875)",[0. 0. 0. 0. 0. 0. 0. 0. 0.],False,19.591040698,"[0.6612675276349209, 0.5003147428487582, -0.540781825258021, 0.14129908865376056]","[-39.625, -289.3125, 77.625]","[1.53515625, 0.8603515625, 0.55029296875]"
19617526418,"std_msgs.msg.Header(stamp=builtin_interfaces.msg.Time(sec=1730346435, nanosec=960339551), frame_id='RU_myo')","geometry_msgs.msg.Quaternion(x=0.6426498066163161, y=0.49512538999634875, z=-0.5718478524255167, w=0.12182819014209963)",[0. 0. 0. 0. 0. 0. 0. 0. 0.],"geometry_msgs.msg.Vector3(x=-45.25, y=-238.3125, z=46.4375)",[0. 0. 0. 0. 0. 0. 0. 0. 0.],"geometry_msgs.msg.Vector3(x=1.384765625, y=0.79052734375, z=0.515625)",[0. 0. 0. 0. 0. 0. 0. 0. 0.],False,19.617526418,"[0.6426498066163161, 0.49512538999634875, -0.5718478524255167, 0.12182819014209963]","[-45.25, -238.3125, 46.4375]","[1.384765625, 0.79052734375, 0.515625]"
19626506901,"std_msgs.msg.Header(stamp=builtin_interfaces.msg.Time(sec=1730346435, nanosec=969307736), frame_id='RU_myo')","geometry_msgs.msg.Quaternion(x=0.6325942329843344, y=0.48946093731198154, z=-0.5902951396363852, w=0.10864702187496286)",[0. 0. 0. 0. 0. 0. 0. 0. 0.],"geometry_msgs.msg.Vector3(x=-41.5625, y=-146.5, z=29.4375)",[0. 0. 0. 0. 0. 0. 0. 0. 0.],"geometry_msgs.msg.Vector3(x=1.41259765625, y=0.78955078125, z=0.53369140625)",[0. 0. 0. 0. 0. 0. 0. 0. 0.],False,19.626506901,"[0.6325942329843344, 0.48946093731198154, -0.5902951396363852, 0.10864702187496286]","[-41.5625, -146.5, 29.4375]","[1.41259765625, 0.78955078125, 0.53369140625]"
19657173208,"std_msgs.msg.Header(stamp=builtin_interfaces.msg.Time(sec=1730346436, nanosec=124206), frame_id='RU_myo')","geometry_msgs.msg.Quaternion(x=0.6469931676951597, y=0.4775542022685783, z=-0.5831483702037317, w=0.11523802835928883)",[0. 0. 0. 0. 0. 0. 0. 0. 0.],"geometry_msgs.msg.Vector3(x=13.125, y=46.0, z=3.125)",[0. 0. 0. 0. 0. 0. 0. 0. 0.],"geometry_msgs.msg.Vector3(x=1.25, y=0.5078125, z=0.52734375)",[0. 0. 0. 0. 0. 0. 0. 0. 0.],False,19.657173208,"[0.6469931676951597, 0.4775542022685783, -0.5831483702037317, 0.11523802835928883]","[13.125, 46.0, 3.125]","[1.25, 0.5078125, 0.52734375]"
19674027748,"std_msgs.msg.Header(stamp=builtin_interfaces.msg.Time(sec=1730346436, nanosec=16991416), frame_id='RU_myo')","geometry_msgs.msg.Quaternion(x=0.6524378386397679, y=0.47982167176978346, z=-0.5731491537868295, w=0.12488425651201844)",[0. 0. 0. 0. 0. 0. 0. 0. 0.],"geometry_msgs.msg.Vector3(x=44.4375, y=58.4375, z=-2.625)",[0. 0. 0. 0. 0. 0. 0. 0. 0.],"geometry_msgs.msg.Vector3(x=0.85498046875, y=0.47900390625, z=0.2392578125)",[0. 0. 0. 0. 0. 0. 0. 0. 0.],False,19.674027748,"[0.6524378386397679, 0.47982167176978346, -0.5731491537868295, 0.12488425651201844]","[44.4375, 58.4375, -2.625]","[0.85498046875, 0.47900390625, 0.2392578125]"
19700711605,"std_msgs.msg.Header(stamp=builtin_interfaces.msg.Time(sec=1730346436, nanosec=43683249), frame_id='RU_myo')","geometry_msgs.msg.Quaternion(x=0.6532797568862261, y=0.48933418770035264, z=-0.5620293377004923, w=0.13379325675928314)",[0. 0. 0. 0. 0. 0. 0. 0. 0.],"geometry_msgs.msg.Vector3(x=78.1875, y=49.0, z=-25.625)",[0. 0. 0. 0. 0. 0. 0. 0. 0.],"geometry_msgs.msg.Vector3(x=0.771484375, y=0.50341796875, z=0.11572265625)",[0. 0. 0. 0. 0. 0. 0. 0. 0.],False,19.700711605,"[0.6532797568862261, 0.48933418770035264, -0.5620293377004923, 0.13379325675928314]","[78.1875, 49.0, -25.625]","[0.771484375, 0.50341796875, 0.11572265625]"
19738975692,"std_msgs.msg.Header(stamp=builtin_interfaces.msg.Time(sec=1730346436, nanosec=81753263), frame_id='RU_myo')","geometry_msgs.msg.Quaternion(x=0.65196577303228, y=0.5010285555908993, z=-0.5510154464459299, w=0.1424534838286221)",[0. 0. 0. 0. 0. 0. 0. 0. 0.],"geometry_msgs.msg.Vector3(x=88.875, y=43.125, z=-36.9375)",[0. 0. 0. 0. 0. 0. 0. 0. 0.],"geometry_msgs.msg.Vector3(x=0.8125, y=0.43701171875, z=0.04833984375)",[0. 0. 0. 0. 0. 0. 0. 0. 0.],False,19.738975692,"[0.65196577303228, 0.5010285555908993, -0.5510154464459299, 0.1424534838286221]","[88.875, 43.125, -36.9375]","[0.8125, 0.43701171875, 0.04833984375]"
19741094922,"std_msgs.msg.Header(stamp=builtin_interfaces.msg.Time(sec=1730346436, nanosec=84045726), frame_id='RU_myo')","geometry_msgs.msg.Quaternion(x=0.648266346379084, y=0.5134372004275355, z=-0.5421242527576522, w=0.1491116358350534)",[0. 0. 0. 0. 0. 0. 0. 0. 0.],"geometry_msgs.msg.Vector3(x=87.25, y=26.375, z=-40.9375)",[0. 0. 0. 0. 0. 0. 0. 0. 0.],"geometry_msgs.msg.Vector3(x=0.8056640625, y=0.4091796875, z=-0.0400390625)",[0. 0. 0. 0. 0. 0. 0. 0. 0.],False,19.741094922,"[0.648266346379084, 0.5134372004275355, -0.5421242527576522, 0.1491116358350534]","[87.25, 26.375, -40.9375]","[0.8056640625, 0.4091796875, -0.0400390625]"
